{
"type": "FeatureCollection",
"name": "austin_jurisdictions",
"xy_coordinate_resolution": 1e-05,
"features": [
{"type":"Feature","properties":{"jurisdiction_type":"FULL","jurisdiction_label":"AUSTIN FULL PURPOSE"},"geometry":{"type":"Polygon","coordinates":[[[-97.61329,30.14654],[-97.6219,30.15076],[-97.62441,30.14681],[-97.62399,30.14652],[-97.62636,30.1428],[-97.62717,30.1432],[-97.62769,30.1424],[-97.64257,30.14943],[-97.64682,30.14286],[-97.64763,30.14319],[-97.65014,30.13919],[-97.64615,30.13741],[-97.6489,30.13302],[-97.63976,30.12861],[-97.64076,30.12696],[-97.63986,30.1265],[-97.63976,30.12672],[-97.63935,30.12651],[-97.63957,30.12614],[-97.63763,30.12453],[-97.63805,30.12412],[-97.63718,30.12344],[-97.63773,30.12295],[-97.6376,30.12283],[-97.63664,30.1237],[-97.63618,30.12332],[-97.63715,30.12244],[-97.63622,30.12169],[-97.63405,30.12365],[-97.63308,30.12281],[-97.63297,30.12291],[-97.63394,30.12375],[-97.63263,30.12492],[-97.63674,30.12847],[-97.6349,30.13133],[-97.62604,30.12696],[-97.62508,30.12842],[-97.62646,30.12909],[-97.62732,30.12776],[-97.63142,30.12976],[-97.6305,30.13118],[-97.63177,30.13189],[-97.63139,30.13236],[-97.63015,30.13172],[-97.62938,30.13292],[-97.62388,30.13028],[-97.6238,30.1304],[-97.62914,30.13296],[-97.62763,30.13528],[-97.62692,30.13412],[-97.62374,30.13889],[-97.62149,30.13776],[-97.62272,30.13582],[-97.62086,30.13492],[-97.61923,30.13744],[-97.61957,30.13759],[-97.61943,30.13781],[-97.61902,30.13845],[-97.61869,30.13829],[-97.61829,30.13891],[-97.62434,30.1418],[-97.62208,30.14542],[-97.62118,30.145],[-97.62109,30.14514],[-97.61579,30.14261],[-97.61329,30.14654]]]}},
{"type":"Feature","properties":{"jurisdiction_type":"FULL","jurisdiction_label":"AUSTIN FULL PURPOSE"},"geometry":{"type":"MultiPolygon","coordinates":[[[[-97.78314,30.39954],[-97.78306,30.39972],[-97.78379,30.40188],[-97.7851,30.40379],[-97.78596,30.40451],[-97.78677,30.40494],[-97.78819,30.40495],[-97.78651,30.40439],[-97.78552,30.40367],[-97.78445,30.4021],[-97.78362,30.40017],[-97.78314,30.39954]]],[[[-97.86099,30.37552],[-97.86069,30.37563],[-97.86041,30.37595],[-97.86102,30.37634],[-97.86128,30.37603],[-97.86121,30.37565],[-97.86099,30.37552]]],[[[-97.86273,30.3748],[-97.86233,30.37488],[-97.86216,30.37507],[-97.86239,30.37566],[-97.86225,30.37631],[-97.86248,30.37705],[-97.86224,30.37773],[-97.86259,30.37792],[-97.8631,30.37768],[-97.86336,30.37698],[-97.86323,30.37632],[-97.86337,30.37564],[-97.86329,30.37518],[-97.8631,30.37495],[-97.86273,30.3748]]],[[[-97.86461,30.36167],[-97.86364,30.36189],[-97.86397,30.36292],[-97.86435,30.36282],[-97.86486,30.36243],[-97.86461,30.36167]]],[[[-97.86353,30.3597],[-97.86336,30.36025],[-97.86372,30.36039],[-97.86405,30.35979],[-97.86353,30.3597]]],[[[-97.86437,30.35854],[-97.86426,30.35867],[-97.8644,30.35886],[-97.86456,30.35866],[-97.86437,30.35854]]],[[[-97.83339,30.28331],[-97.8333,30.2835],[-97.83371,30.28365],[-97.8338,30.28347],[-97.83339,30.28331]]],[[[-97.84115,30.27473],[-97.84004,30.27562],[-97.83964,30.27611],[-97.83979,30.27679],[-97.8394,30.27693],[-97.83849,30.27833],[-97.83753,30.27838],[-97.83767,30.27848],[-97.83849,30.27839],[-97.83887,30.27866],[-97.83937,30.27778],[-97.84021,30.2772],[-97.84056,30.27665],[-97.84161,30.27616],[-97.84115,30.27473]]],[[[-97.85183,30.27165],[-97.85062,30.27171],[-97.84975,30.27192],[-97.849,30.27237],[-97.84783,30.27403],[-97.84687,30.27428],[-97.846,30.27404],[-97.8459,30.27368],[-97.84551,30.27349],[-97.84523,30.27353],[-97.84454,30.27398],[-97.84609,30.27652],[-97.84641,30.27865],[-97.84753,30.28037],[-97.84869,30.28163],[-97.84906,30.28138],[-97.84988,30.28222],[-97.85024,30.28237],[-97.85008,30.28426],[-97.84719,30.28627],[-97.84792,30.28729],[-97.85069,30.28561],[-97.85185,30.28441],[-97.85242,30.28334],[-97.85239,30.28199],[-97.85185,30.28171],[-97.85124,30.28081],[-97.85069,30.28031],[-97.84865,30.2793],[-97.84831,30.2779],[-97.8488,30.27718],[-97.85112,30.27752],[-97.85347,30.27754],[-97.85364,30.27779],[-97.85412,30.27759],[-97.85482,30.27833],[-97.85522,30.2785],[-97.85607,30.27858],[-97.85614,30.27819],[-97.85497,30.27728],[-97.85476,30.27679],[-97.85482,30.27534],[-97.85374,30.27362],[-97.85354,30.27246],[-97.85258,30.27216],[-97.85183,30.27165]],[[-97.84959,30.27254],[-97.85079,30.27301],[-97.85195,30.27325],[-97.8513,30.27427],[-97.8507,30.2746],[-97.84938,30.2758],[-97.84904,30.27565],[-97.84883,30.27585],[-97.84837,30.27555],[-97.84871,30.275],[-97.84915,30.27527],[-97.84944,30.27524],[-97.84991,30.27492],[-97.85038,30.27421],[-97.84937,30.27384],[-97.84892,30.27428],[-97.84836,30.27376],[-97.84959,30.27254]]],[[[-97.81278,30.09838],[-97.8103,30.10303],[-97.80601,30.11243],[-97.78538,30.11269],[-97.78537,30.11289],[-97.80592,30.11261],[-97.80409,30.11718],[-97.80108,30.12557],[-97.79614,30.12326],[-97.79631,30.12441],[-97.79602,30.12492],[-97.79569,30.12519],[-97.79569,30.12581],[-97.79477,30.12802],[-97.79486,30.12814],[-97.79432,30.12877],[-97.79425,30.12962],[-97.79393,30.12967],[-97.79175,30.12908],[-97.79489,30.12403],[-97.78925,30.12149],[-97.78612,30.12642],[-97.78954,30.12731],[-97.78749,30.13057],[-97.78479,30.12931],[-97.78406,30.12917],[-97.78358,30.12927],[-97.7798,30.12787],[-97.7791,30.12894],[-97.77739,30.1281],[-97.76617,30.13116],[-97.76603,30.13078],[-97.76701,30.12998],[-97.76787,30.12986],[-97.76805,30.13009],[-97.76782,30.13021],[-97.76798,30.13035],[-97.76887,30.12984],[-97.76823,30.12834],[-97.76798,30.12816],[-97.76555,30.12742],[-97.7594,30.13712],[-97.75672,30.1344],[-97.75019,30.14496],[-97.74864,30.14423],[-97.74753,30.1462],[-97.751,30.14778],[-97.74975,30.14986],[-97.74429,30.14744],[-97.73778,30.14419],[-97.74061,30.13967],[-97.73699,30.1379],[-97.73302,30.14411],[-97.73219,30.1437],[-97.73168,30.14426],[-97.73188,30.14493],[-97.73535,30.14567],[-97.73677,30.1458],[-97.73541,30.14794],[-97.73661,30.14851],[-97.73683,30.15148],[-97.73515,30.15415],[-97.73574,30.1554],[-97.73538,30.15482],[-97.73349,30.1528],[-97.7326,30.15237],[-97.73202,30.15234],[-97.73183,30.1536],[-97.7314,30.15463],[-97.73576,30.15668],[-97.73591,30.15803],[-97.72817,30.15438],[-97.73014,30.15134],[-97.72684,30.14973],[-97.72299,30.15608],[-97.72873,30.15882],[-97.72322,30.16753],[-97.72286,30.16941],[-97.72179,30.17211],[-97.72183,30.1765],[-97.72146,30.17949],[-97.721,30.18086],[-97.72028,30.18203],[-97.71953,30.18291],[-97.71781,30.18449],[-97.71564,30.182],[-97.71483,30.18165],[-97.71407,30.1822],[-97.71216,30.18228],[-97.70855,30.18131],[-97.70659,30.18147],[-97.70633,30.18153],[-97.70489,30.1831],[-97.70469,30.18314],[-97.703,30.1846],[-97.70492,30.18616],[-97.70649,30.18473],[-97.70901,30.18681],[-97.71298,30.1886],[-97.71341,30.1882],[-97.71429,30.18891],[-97.7146,30.18937],[-97.71472,30.18987],[-97.71208,30.19397],[-97.71038,30.19253],[-97.71043,30.19152],[-97.7102,30.19019],[-97.70798,30.19017],[-97.70794,30.19074],[-97.70703,30.19158],[-97.70525,30.19009],[-97.70093,30.19403],[-97.69833,30.19178],[-97.69841,30.19172],[-97.69701,30.19004],[-97.69316,30.18691],[-97.69736,30.18029],[-97.69283,30.17926],[-97.69164,30.1786],[-97.68977,30.17794],[-97.68926,30.17789],[-97.68796,30.18253],[-97.68803,30.18283],[-97.6874,30.18244],[-97.6845,30.17985],[-97.68272,30.17848],[-97.68265,30.17515],[-97.68155,30.17503],[-97.68145,30.17165],[-97.67837,30.17171],[-97.67835,30.17144],[-97.6782,30.17144],[-97.67821,30.17172],[-97.67513,30.17178],[-97.67517,30.17374],[-97.67503,30.17369],[-97.67502,30.17454],[-97.66896,30.17242],[-97.66455,30.17041],[-97.66379,30.17026],[-97.66169,30.16932],[-97.66271,30.16853],[-97.66329,30.16765],[-97.66447,30.16807],[-97.66648,30.16913],[-97.66942,30.16887],[-97.67012,30.16915],[-97.67066,30.16902],[-97.67066,30.16848],[-97.67094,30.1686],[-97.67273,30.16862],[-97.67323,30.16916],[-97.67482,30.16647],[-97.67605,30.16678],[-97.6761,30.16364],[-97.6727,30.16243],[-97.67566,30.1561],[-97.6716,30.15421],[-97.67106,30.15381],[-97.67068,30.15334],[-97.67043,30.15272],[-97.6705,30.15148],[-97.66962,30.15299],[-97.66885,30.15334],[-97.66199,30.1641],[-97.66059,30.16609],[-97.66005,30.16663],[-97.65179,30.17271],[-97.64854,30.17667],[-97.64745,30.17835],[-97.64619,30.18121],[-97.64569,30.18204],[-97.64543,30.18342],[-97.64557,30.18537],[-97.64034,30.18292],[-97.63831,30.18227],[-97.63785,30.18223],[-97.63841,30.18184],[-97.63726,30.18128],[-97.63962,30.17737],[-97.62926,30.17245],[-97.63044,30.1706],[-97.63057,30.17063],[-97.63122,30.17],[-97.63451,30.16756],[-97.63721,30.16327],[-97.63584,30.16259],[-97.63324,30.1667],[-97.63161,30.16793],[-97.62357,30.164],[-97.62391,30.16365],[-97.62424,30.16361],[-97.62498,30.16416],[-97.62663,30.1641],[-97.61401,30.15796],[-97.61699,30.1536],[-97.6106,30.15054],[-97.60418,30.1605],[-97.60899,30.16258],[-97.6162,30.16594],[-97.615,30.1676],[-97.61303,30.16666],[-97.61143,30.16905],[-97.61065,30.16869],[-97.60787,30.17302],[-97.61713,30.17744],[-97.61573,30.17808],[-97.61497,30.17874],[-97.62003,30.18119],[-97.61884,30.18344],[-97.62104,30.18449],[-97.63091,30.17832],[-97.63397,30.17625],[-97.6375,30.17792],[-97.63516,30.18182],[-97.64197,30.18521],[-97.64053,30.18524],[-97.63953,30.18572],[-97.63894,30.18621],[-97.63667,30.18755],[-97.63639,30.18755],[-97.63586,30.18782],[-97.63288,30.18532],[-97.6323,30.18685],[-97.63258,30.18722],[-97.63285,30.18894],[-97.6324,30.18937],[-97.63161,30.18942],[-97.63244,30.18977],[-97.63255,30.18993],[-97.63244,30.19033],[-97.63172,30.1912],[-97.63055,30.19081],[-97.62892,30.19083],[-97.62714,30.19056],[-97.62461,30.19507],[-97.61826,30.18944],[-97.61687,30.18988],[-97.61634,30.19014],[-97.61555,30.19079],[-97.61539,30.19121],[-97.61548,30.19173],[-97.61458,30.19165],[-97.61253,30.19441],[-97.61273,30.1979],[-97.6097,30.20004],[-97.60902,30.19951],[-97.60664,30.19837],[-97.60579,30.1986],[-97.6054,30.19968],[-97.60384,30.19997],[-97.60242,30.20042],[-97.60056,30.19959],[-97.60455,30.19337],[-97.60098,30.19231],[-97.6036,30.18815],[-97.60347,30.18725],[-97.59808,30.18792],[-97.59674,30.19047],[-97.59329,30.19631],[-97.59306,30.19621],[-97.59278,30.19661],[-97.58702,30.20583],[-97.58866,30.20544],[-97.58915,30.20549],[-97.59143,30.20474],[-97.59221,30.20471],[-97.59343,30.20472],[-97.59413,30.20488],[-97.59779,30.20658],[-97.59906,30.20665],[-97.59948,30.20638],[-97.59995,30.20578],[-97.60105,30.20661],[-97.60033,30.20729],[-97.60426,30.21034],[-97.60998,30.21009],[-97.61197,30.21195],[-97.61225,30.21175],[-97.61372,30.2131],[-97.61437,30.21317],[-97.61596,30.21253],[-97.61668,30.21201],[-97.61964,30.21054],[-97.6208,30.21023],[-97.62542,30.20955],[-97.62835,30.20869],[-97.62616,30.2109],[-97.62851,30.21026],[-97.63157,30.20901],[-97.63318,30.20853],[-97.63935,30.20932],[-97.64065,30.20984],[-97.64138,30.21038],[-97.64243,30.21087],[-97.64593,30.21186],[-97.64751,30.2129],[-97.6491,30.21463],[-97.65036,30.21573],[-97.65382,30.21997],[-97.65581,30.22204],[-97.6567,30.22367],[-97.6575,30.22578],[-97.65747,30.22685],[-97.65727,30.22733],[-97.65397,30.23061],[-97.65197,30.23313],[-97.64946,30.23451],[-97.6469,30.2353],[-97.64363,30.23583],[-97.63766,30.23711],[-97.63375,30.23824],[-97.63192,30.23902],[-97.63064,30.23999],[-97.62983,30.24122],[-97.62862,30.24243],[-97.62822,30.24296],[-97.62815,30.24342],[-97.62703,30.24541],[-97.62578,30.24679],[-97.62503,30.24829],[-97.62429,30.25068],[-97.62474,30.25475],[-97.62519,30.25582],[-97.62665,30.25678],[-97.6282,30.25716],[-97.62899,30.25711],[-97.6299,30.25677],[-97.63218,30.25655],[-97.63442,30.25667],[-97.63078,30.26193],[-97.63057,30.26261],[-97.6268,30.26855],[-97.62747,30.26915],[-97.62928,30.27025],[-97.63208,30.27127],[-97.6278,30.27806],[-97.62397,30.27624],[-97.62248,30.27858],[-97.62762,30.28092],[-97.62591,30.28363],[-97.62846,30.28483],[-97.63307,30.27746],[-97.63612,30.27897],[-97.63453,30.28146],[-97.64021,30.28416],[-97.63444,30.29127],[-97.63276,30.29043],[-97.63245,30.29084],[-97.62909,30.28922],[-97.62876,30.28971],[-97.62611,30.28853],[-97.6234,30.29274],[-97.61973,30.29098],[-97.6222,30.28712],[-97.61822,30.28522],[-97.61839,30.28499],[-97.61359,30.28279],[-97.60899,30.28172],[-97.61003,30.28009],[-97.60391,30.27714],[-97.60551,30.27446],[-97.60433,30.27388],[-97.6029,30.27616],[-97.60171,30.27557],[-97.60133,30.27619],[-97.60021,30.27575],[-97.59671,30.28123],[-97.59478,30.27997],[-97.59149,30.27711],[-97.59084,30.27812],[-97.59414,30.28097],[-97.5961,30.28218],[-97.59556,30.2831],[-97.59443,30.28471],[-97.59332,30.28594],[-97.59042,30.28806],[-97.58954,30.28847],[-97.58839,30.28874],[-97.58706,30.2888],[-97.57885,30.2887],[-97.57228,30.2996],[-97.57573,30.30127],[-97.57151,30.30778],[-97.57133,30.30705],[-97.56924,30.31049],[-97.56573,30.31564],[-97.56352,30.31448],[-97.56244,30.3199],[-97.56136,30.3237],[-97.56052,30.33027],[-97.56283,30.33067],[-97.56491,30.33141],[-97.56612,30.33215],[-97.56704,30.33296],[-97.56781,30.33389],[-97.56849,30.3351],[-97.57687,30.33912],[-97.57544,30.34134],[-97.57533,30.3417],[-97.5765,30.34154],[-97.57657,30.34198],[-97.57897,30.34192],[-97.57998,30.34397],[-97.57973,30.34402],[-97.58133,30.34597],[-97.58655,30.35019],[-97.58846,30.35106],[-97.59308,30.34386],[-97.5954,30.345],[-97.59481,30.34595],[-97.59502,30.3462],[-97.59502,30.34781],[-97.59477,30.34959],[-97.59436,30.3508],[-97.5934,30.35252],[-97.59345,30.35265],[-97.59354,30.35268],[-97.59778,30.34616],[-97.60227,30.34837],[-97.59803,30.35496],[-97.60032,30.35609],[-97.60009,30.35631],[-97.60037,30.35658],[-97.60064,30.35646],[-97.60579,30.35903],[-97.60612,30.35948],[-97.6063,30.35948],[-97.60634,30.35868],[-97.60733,30.35704],[-97.6098,30.35823],[-97.60734,30.36201],[-97.60933,30.36288],[-97.60801,30.36495],[-97.60578,30.36443],[-97.60318,30.36855],[-97.59784,30.36596],[-97.59235,30.3743],[-97.60577,30.38092],[-97.60553,30.3812],[-97.60698,30.3819],[-97.61095,30.37579],[-97.61358,30.37702],[-97.61444,30.3757],[-97.61417,30.37471],[-97.61444,30.37429],[-97.61774,30.37586],[-97.62413,30.36754],[-97.62636,30.36506],[-97.62867,30.36279],[-97.62795,30.36272],[-97.62713,30.36285],[-97.6242,30.36436],[-97.6211,30.36491],[-97.61883,30.3627],[-97.61844,30.36298],[-97.61797,30.36252],[-97.61836,30.3619],[-97.61867,30.36204],[-97.62025,30.35955],[-97.62197,30.35966],[-97.62266,30.35883],[-97.62442,30.35986],[-97.62341,30.36145],[-97.62785,30.36269],[-97.62348,30.36142],[-97.6253,30.35857],[-97.6307,30.3601],[-97.63546,30.35575],[-97.6338,30.35436],[-97.63477,30.35347],[-97.63644,30.35485],[-97.63871,30.35278],[-97.6306,30.3504],[-97.62803,30.35433],[-97.62723,30.35396],[-97.62991,30.34986],[-97.62356,30.34687],[-97.62362,30.34674],[-97.62335,30.34659],[-97.61665,30.34348],[-97.62419,30.33177],[-97.62636,30.33163],[-97.62551,30.33293],[-97.62745,30.33383],[-97.62897,30.33148],[-97.65465,30.32972],[-97.65448,30.33015],[-97.65574,30.3321],[-97.6569,30.33251],[-97.65676,30.33273],[-97.6569,30.33279],[-97.65637,30.33335],[-97.65596,30.33321],[-97.65583,30.3342],[-97.65386,30.33741],[-97.66133,30.34088],[-97.66991,30.34509],[-97.6703,30.34525],[-97.6709,30.34522],[-97.67136,30.34592],[-97.67009,30.34799],[-97.66874,30.34738],[-97.66829,30.34809],[-97.67116,30.34941],[-97.67017,30.34986],[-97.66947,30.35095],[-97.66962,30.35102],[-97.66924,30.35158],[-97.67108,30.35241],[-97.67007,30.3539],[-97.66972,30.35374],[-97.66874,30.35524],[-97.6613,30.35176],[-97.66094,30.35229],[-97.66105,30.35239],[-97.66094,30.35268],[-97.66024,30.35244],[-97.65999,30.35257],[-97.65981,30.35237],[-97.65748,30.35125],[-97.65725,30.35101],[-97.65655,30.3521],[-97.65488,30.35129],[-97.65429,30.35233],[-97.65326,30.35313],[-97.65394,30.35426],[-97.65374,30.35486],[-97.65345,30.35507],[-97.65345,30.35523],[-97.65094,30.35389],[-97.65029,30.35372],[-97.6476,30.35242],[-97.64741,30.3527],[-97.64789,30.35293],[-97.64758,30.3534],[-97.64799,30.35359],[-97.64776,30.35395],[-97.64833,30.35627],[-97.64676,30.35501],[-97.64667,30.35511],[-97.64654,30.35481],[-97.64158,30.35346],[-97.64027,30.356],[-97.63834,30.35552],[-97.63767,30.35613],[-97.63592,30.35564],[-97.6342,30.35722],[-97.63903,30.35853],[-97.63733,30.36198],[-97.63497,30.36131],[-97.63114,30.37111],[-97.63075,30.37092],[-97.62786,30.37549],[-97.62607,30.37459],[-97.62191,30.3806],[-97.61963,30.37908],[-97.61557,30.38456],[-97.61586,30.3847],[-97.6152,30.38569],[-97.61625,30.38619],[-97.61194,30.39295],[-97.61415,30.39397],[-97.61154,30.3978],[-97.61241,30.39891],[-97.61314,30.40281],[-97.61711,30.40469],[-97.61939,30.4012],[-97.61884,30.40093],[-97.61852,30.39882],[-97.61906,30.39798],[-97.6209,30.39885],[-97.62364,30.39467],[-97.62201,30.39387],[-97.62445,30.3901],[-97.62303,30.38941],[-97.6253,30.38584],[-97.62603,30.38624],[-97.62562,30.38671],[-97.6278,30.38808],[-97.63323,30.37937],[-97.64159,30.38366],[-97.6403,30.38566],[-97.64006,30.38691],[-97.6414,30.38753],[-97.64259,30.38558],[-97.64201,30.38531],[-97.64264,30.3843],[-97.64558,30.38561],[-97.64684,30.38641],[-97.6459,30.38792],[-97.64292,30.38651],[-97.64203,30.38782],[-97.64668,30.38997],[-97.64603,30.39149],[-97.63967,30.40143],[-97.63698,30.40015],[-97.63649,30.40255],[-97.63505,30.40183],[-97.63585,30.40066],[-97.63493,30.40021],[-97.63465,30.39984],[-97.63476,30.39897],[-97.63412,30.39867],[-97.6332,30.39872],[-97.63298,30.39742],[-97.63252,30.39664],[-97.63182,30.39775],[-97.6311,30.3974],[-97.62646,30.40464],[-97.6305,30.40655],[-97.63139,30.40683],[-97.63182,30.40672],[-97.63212,30.40646],[-97.63429,30.40307],[-97.63616,30.40397],[-97.63622,30.40366],[-97.6381,30.40455],[-97.63591,30.40748],[-97.63471,30.41157],[-97.63357,30.4135],[-97.64295,30.41804],[-97.64841,30.40966],[-97.64865,30.4098],[-97.64924,30.41038],[-97.6498,30.41191],[-97.65003,30.41216],[-97.65431,30.41429],[-97.6567,30.4171],[-97.65664,30.41728],[-97.65826,30.41811],[-97.65919,30.41877],[-97.66343,30.42084],[-97.66333,30.42098],[-97.66193,30.42077],[-97.65937,30.42735],[-97.66483,30.4282],[-97.66502,30.42161],[-97.66868,30.42343],[-97.66242,30.43328],[-97.651,30.4277],[-97.64981,30.42957],[-97.65074,30.43008],[-97.65155,30.43078],[-97.65288,30.43311],[-97.65056,30.43678],[-97.66353,30.44299],[-97.66339,30.44321],[-97.66458,30.44379],[-97.66211,30.44775],[-97.66153,30.44843],[-97.66506,30.45],[-97.66501,30.44953],[-97.66527,30.44944],[-97.66556,30.44874],[-97.66638,30.4489],[-97.66724,30.44436],[-97.6685,30.44453],[-97.66885,30.44253],[-97.66987,30.43944],[-97.66985,30.43698],[-97.67002,30.43659],[-97.67222,30.4246],[-97.68781,30.4322],[-97.68771,30.43234],[-97.69673,30.43679],[-97.69606,30.43774],[-97.69546,30.4392],[-97.69766,30.4402],[-97.69561,30.44539],[-97.69535,30.44907],[-97.69823,30.45051],[-97.69852,30.45046],[-97.69953,30.44909],[-97.70163,30.45021],[-97.70228,30.45035],[-97.70259,30.45021],[-97.70313,30.44929],[-97.70406,30.44951],[-97.70463,30.44866],[-97.70822,30.45037],[-97.71078,30.44638],[-97.70998,30.446],[-97.71069,30.44491],[-97.70783,30.4438],[-97.708,30.44351],[-97.70237,30.44132],[-97.70075,30.43854],[-97.70202,30.43507],[-97.70812,30.43816],[-97.71086,30.4337],[-97.71163,30.43406],[-97.711,30.43512],[-97.71559,30.4373],[-97.72111,30.42882],[-97.72918,30.43302],[-97.72912,30.43333],[-97.72898,30.43331],[-97.7283,30.43672],[-97.72976,30.43781],[-97.72959,30.43799],[-97.72853,30.43725],[-97.72823,30.43906],[-97.72835,30.43921],[-97.72936,30.43944],[-97.73145,30.43945],[-97.73243,30.43997],[-97.73303,30.44066],[-97.7339,30.44123],[-97.73554,30.44118],[-97.7373,30.44047],[-97.7376,30.4405],[-97.73879,30.43965],[-97.74012,30.44088],[-97.74103,30.44202],[-97.74166,30.44307],[-97.7409,30.44336],[-97.74128,30.44412],[-97.74176,30.44395],[-97.74337,30.44694],[-97.74269,30.44718],[-97.74196,30.44765],[-97.74051,30.44924],[-97.73965,30.4499],[-97.7369,30.45134],[-97.73767,30.4522],[-97.73782,30.45281],[-97.73836,30.45374],[-97.73838,30.45411],[-97.73913,30.45475],[-97.73914,30.4552],[-97.73946,30.45556],[-97.73992,30.45521],[-97.74046,30.45516],[-97.74102,30.45566],[-97.7414,30.45576],[-97.74203,30.45551],[-97.74207,30.45532],[-97.74249,30.45498],[-97.74311,30.45468],[-97.74565,30.45514],[-97.74602,30.45526],[-97.74656,30.45577],[-97.74632,30.45638],[-97.74661,30.45675],[-97.74694,30.45691],[-97.74499,30.45906],[-97.74532,30.46182],[-97.74633,30.46179],[-97.74906,30.4621],[-97.75017,30.46206],[-97.75141,30.46183],[-97.75426,30.46091],[-97.7522,30.45544],[-97.75141,30.45395],[-97.75036,30.45275],[-97.74753,30.45071],[-97.7448,30.4483],[-97.74353,30.44663],[-97.74216,30.44405],[-97.74817,30.44185],[-97.74982,30.44559],[-97.75454,30.44375],[-97.75874,30.44249],[-97.75824,30.44134],[-97.75988,30.44081],[-97.76028,30.4418],[-97.76207,30.44123],[-97.76418,30.44643],[-97.76131,30.44859],[-97.7649,30.45695],[-97.7625,30.45777],[-97.7621,30.46002],[-97.76247,30.46007],[-97.76247,30.46028],[-97.76267,30.46027],[-97.76267,30.46009],[-97.76308,30.46015],[-97.76313,30.46047],[-97.76409,30.46072],[-97.76668,30.46726],[-97.77389,30.46513],[-97.77313,30.46343],[-97.77656,30.46196],[-97.77479,30.4538],[-97.78321,30.45128],[-97.78473,30.45241],[-97.78501,30.45211],[-97.78589,30.45277],[-97.78649,30.45216],[-97.78773,30.45307],[-97.78726,30.45323],[-97.78774,30.45392],[-97.78758,30.45398],[-97.78778,30.45455],[-97.7885,30.45552],[-97.78947,30.45523],[-97.78954,30.45664],[-97.78972,30.45708],[-97.78949,30.45718],[-97.7897,30.45754],[-97.78953,30.45749],[-97.78843,30.45793],[-97.78835,30.45803],[-97.78859,30.45862],[-97.7821,30.46061],[-97.78238,30.46158],[-97.78422,30.46583],[-97.78369,30.46592],[-97.78328,30.46617],[-97.78277,30.46681],[-97.78248,30.46892],[-97.78105,30.46985],[-97.78075,30.46986],[-97.78068,30.47038],[-97.78081,30.47053],[-97.7807,30.4715],[-97.78056,30.47169],[-97.78069,30.47201],[-97.78038,30.4721],[-97.78053,30.47246],[-97.77674,30.47357],[-97.76967,30.4743],[-97.76971,30.47441],[-97.76814,30.47476],[-97.76503,30.47574],[-97.76479,30.47564],[-97.76419,30.47584],[-97.76407,30.47604],[-97.75995,30.47745],[-97.76021,30.47799],[-97.76376,30.47915],[-97.7637,30.48189],[-97.75731,30.48389],[-97.75852,30.48738],[-97.7564,30.48803],[-97.75538,30.48502],[-97.75242,30.48519],[-97.7526,30.48615],[-97.74952,30.48616],[-97.75339,30.49592],[-97.75386,30.49578],[-97.75393,30.496],[-97.75287,30.49623],[-97.75194,30.49591],[-97.75067,30.49736],[-97.75032,30.49801],[-97.75016,30.49872],[-97.7503,30.49979],[-97.74478,30.50118],[-97.74643,30.50519],[-97.74415,30.50594],[-97.74856,30.51663],[-97.75003,30.51545],[-97.75186,30.51454],[-97.75293,30.51427],[-97.75474,30.51313],[-97.75552,30.51228],[-97.75638,30.51092],[-97.75672,30.51008],[-97.75773,30.50901],[-97.75885,30.50833],[-97.7598,30.50831],[-97.7616,30.50802],[-97.76202,30.50629],[-97.7635,30.50686],[-97.76301,30.50731],[-97.76293,30.50759],[-97.76518,30.50741],[-97.76605,30.50711],[-97.76621,30.50727],[-97.76765,30.5062],[-97.77094,30.50474],[-97.7722,30.50475],[-97.77531,30.5034],[-97.77559,30.50401],[-97.77608,30.50352],[-97.77652,30.50346],[-97.77653,30.50327],[-97.77667,30.50343],[-97.77882,30.5034],[-97.7792,30.50364],[-97.78072,30.50389],[-97.78161,30.50364],[-97.78265,30.50358],[-97.78376,30.50413],[-97.78609,30.50488],[-97.7875,30.50523],[-97.78807,30.5052],[-97.78892,30.50569],[-97.78991,30.50578],[-97.79196,30.50512],[-97.79367,30.50397],[-97.79401,30.50393],[-97.79499,30.50342],[-97.79592,30.50276],[-97.79751,30.4998],[-97.79794,30.49932],[-97.80039,30.49743],[-97.80346,30.49601],[-97.80483,30.49593],[-97.80599,30.49524],[-97.80626,30.49477],[-97.80563,30.49469],[-97.80573,30.4922],[-97.8053,30.49143],[-97.80524,30.49042],[-97.80634,30.48823],[-97.80681,30.48783],[-97.80752,30.48754],[-97.80563,30.48328],[-97.80549,30.48334],[-97.80569,30.48314],[-97.8054,30.48254],[-97.80338,30.47986],[-97.80305,30.47986],[-97.80496,30.4787],[-97.81529,30.47531],[-97.81073,30.46401],[-97.82011,30.46092],[-97.82097,30.46033],[-97.82571,30.45578],[-97.82632,30.45566],[-97.82869,30.45624],[-97.82985,30.45438],[-97.82862,30.4531],[-97.82823,30.45286],[-97.82932,30.4508],[-97.82463,30.44839],[-97.82308,30.45082],[-97.82531,30.45192],[-97.82344,30.45364],[-97.82086,30.45117],[-97.82668,30.4422],[-97.83057,30.44396],[-97.83065,30.44384],[-97.83273,30.44478],[-97.83371,30.44284],[-97.8281,30.43996],[-97.82968,30.43766],[-97.83529,30.44013],[-97.8354,30.44002],[-97.83304,30.43898],[-97.83355,30.4381],[-97.83677,30.43925],[-97.83752,30.4385],[-97.84074,30.43981],[-97.84093,30.4395],[-97.8413,30.43999],[-97.84468,30.43246],[-97.84562,30.43324],[-97.84605,30.4343],[-97.84776,30.43643],[-97.84814,30.43671],[-97.84898,30.43666],[-97.84933,30.436],[-97.8514,30.43519],[-97.85396,30.43596],[-97.85425,30.43661],[-97.85636,30.43736],[-97.86329,30.43419],[-97.85968,30.42825],[-97.86039,30.42775],[-97.86143,30.42824],[-97.8687,30.41712],[-97.86841,30.41638],[-97.86717,30.41475],[-97.86651,30.41354],[-97.86593,30.41309],[-97.86468,30.41244],[-97.86422,30.41191],[-97.86354,30.41081],[-97.86274,30.40907],[-97.86146,30.40806],[-97.85968,30.40731],[-97.85842,30.40667],[-97.85774,30.40606],[-97.85655,30.40556],[-97.85532,30.4048],[-97.85543,30.40461],[-97.85478,30.40419],[-97.85543,30.40326],[-97.85607,30.40194],[-97.85556,30.40146],[-97.85587,30.40086],[-97.85644,30.40109],[-97.8567,30.40052],[-97.85562,30.4],[-97.85694,30.39771],[-97.8574,30.39721],[-97.85802,30.39689],[-97.86163,30.39577],[-97.86263,30.39419],[-97.86305,30.39442],[-97.87483,30.37592],[-97.87504,30.37602],[-97.87514,30.37589],[-97.88406,30.36235],[-97.87945,30.36008],[-97.88208,30.35592],[-97.88274,30.35617],[-97.88303,30.35586],[-97.89118,30.34341],[-97.89284,30.34311],[-97.89612,30.34227],[-97.89785,30.34165],[-97.89824,30.34191],[-97.89843,30.34261],[-97.89942,30.34283],[-97.89945,30.34303],[-97.8991,30.34339],[-97.89924,30.3437],[-97.89934,30.34329],[-97.89971,30.34319],[-97.89987,30.34297],[-97.90001,30.34307],[-97.9,30.34297],[-97.89949,30.34255],[-97.89872,30.34246],[-97.89857,30.34194],[-97.89874,30.34176],[-97.89851,30.34179],[-97.89826,30.34157],[-97.89835,30.34145],[-97.89932,30.34105],[-97.90126,30.33978],[-97.90262,30.3387],[-97.90313,30.33893],[-97.9029,30.33856],[-97.90297,30.33842],[-97.90361,30.33795],[-97.90424,30.33721],[-97.90454,30.33719],[-97.90445,30.33704],[-97.90513,30.33647],[-97.90562,30.3364],[-97.90535,30.33609],[-97.9056,30.33588],[-97.9057,30.33598],[-97.90566,30.33585],[-97.90626,30.33536],[-97.90659,30.33482],[-97.90762,30.33376],[-97.90887,30.33437],[-97.90943,30.33449],[-97.9099,30.33428],[-97.91013,30.33465],[-97.91003,30.3342],[-97.90981,30.33414],[-97.90937,30.3343],[-97.90819,30.33386],[-97.90797,30.33357],[-97.91078,30.33138],[-97.91431,30.32943],[-97.91462,30.32937],[-97.91511,30.3296],[-97.91473,30.32929],[-97.91663,30.32823],[-97.91704,30.32852],[-97.91747,30.32927],[-97.91808,30.32934],[-97.9175,30.32905],[-97.91695,30.32812],[-97.91847,30.32744],[-97.92201,30.3269],[-97.92234,30.32687],[-97.9224,30.32699],[-97.92255,30.3268],[-97.92478,30.32705],[-97.92485,30.32727],[-97.92498,30.32717],[-97.92716,30.32769],[-97.92772,30.32812],[-97.92833,30.32819],[-97.92883,30.3284],[-97.93136,30.33034],[-97.93274,30.33193],[-97.93273,30.33222],[-97.93326,30.33327],[-97.93343,30.33439],[-97.93324,30.33544],[-97.93189,30.3379],[-97.93171,30.33816],[-97.93138,30.33818],[-97.93151,30.33846],[-97.9282,30.34161],[-97.92684,30.34311],[-97.92663,30.34309],[-97.92647,30.34285],[-97.92661,30.34336],[-97.92263,30.34718],[-97.92191,30.34772],[-97.91782,30.35175],[-97.91572,30.35411],[-97.91549,30.35412],[-97.91565,30.35432],[-97.9144,30.35628],[-97.91302,30.35903],[-97.91252,30.36079],[-97.91228,30.36078],[-97.91252,30.36097],[-97.91234,30.36235],[-97.91244,30.36421],[-97.91262,30.36464],[-97.91299,30.36721],[-97.91281,30.36747],[-97.9125,30.36743],[-97.9123,30.36756],[-97.913,30.36756],[-97.91342,30.37149],[-97.91341,30.37447],[-97.91303,30.37461],[-97.91241,30.37431],[-97.91227,30.3741],[-97.91215,30.37417],[-97.91315,30.37484],[-97.9135,30.37479],[-97.91361,30.37774],[-97.91357,30.37913],[-97.91344,30.37923],[-97.91356,30.37927],[-97.91382,30.38317],[-97.91371,30.3848],[-97.91288,30.38472],[-97.91194,30.38421],[-97.91144,30.38415],[-97.91328,30.38494],[-97.91372,30.38496],[-97.91364,30.38528],[-97.91306,30.3852],[-97.91261,30.38563],[-97.91238,30.38566],[-97.9119,30.38667],[-97.91192,30.3871],[-97.91244,30.38763],[-97.91297,30.38679],[-97.91331,30.38562],[-97.91363,30.38548],[-97.91337,30.38637],[-97.91266,30.3877],[-97.91229,30.38785],[-97.91213,30.38816],[-97.91199,30.38817],[-97.91197,30.38796],[-97.91217,30.38772],[-97.91156,30.38753],[-97.91108,30.38808],[-97.91153,30.38844],[-97.91196,30.38849],[-97.91104,30.38923],[-97.90923,30.39015],[-97.90721,30.39076],[-97.90384,30.3926],[-97.89816,30.39362],[-97.89182,30.39434],[-97.88841,30.39515],[-97.88517,30.39636],[-97.8805,30.3996],[-97.87852,30.40221],[-97.87739,30.4045],[-97.87776,30.40782],[-97.87855,30.40988],[-97.88021,30.41124],[-97.88147,30.41162],[-97.88181,30.41165],[-97.88202,30.41113],[-97.88204,30.4104],[-97.88108,30.41033],[-97.87975,30.40942],[-97.87885,30.40715],[-97.87872,30.40534],[-97.87999,30.40213],[-97.88115,30.40089],[-97.88374,30.39888],[-97.88837,30.39701],[-97.89489,30.39571],[-97.89914,30.3953],[-97.90407,30.39432],[-97.90778,30.39328],[-97.90945,30.39261],[-97.9103,30.39191],[-97.91199,30.39096],[-97.91366,30.38875],[-97.91384,30.38876],[-97.91415,30.38842],[-97.91489,30.38695],[-97.91517,30.38574],[-97.91536,30.38274],[-97.91522,30.37741],[-97.91531,30.37721],[-97.91582,30.37697],[-97.9164,30.37641],[-97.91656,30.37645],[-97.91666,30.37674],[-97.9168,30.37666],[-97.91651,30.37622],[-97.91609,30.37639],[-97.91537,30.377],[-97.91523,30.37692],[-97.91519,30.37137],[-97.91492,30.37081],[-97.91476,30.36831],[-97.91486,30.36823],[-97.91466,30.36726],[-97.91483,30.36714],[-97.91462,30.36699],[-97.9141,30.36288],[-97.9142,30.36267],[-97.91529,30.36259],[-97.91574,30.36265],[-97.91582,30.36297],[-97.91592,30.36259],[-97.91572,30.36243],[-97.91543,30.36251],[-97.91535,30.3623],[-97.91516,30.36245],[-97.91441,30.3625],[-97.91412,30.36211],[-97.91404,30.36177],[-97.91425,30.36029],[-97.91492,30.35848],[-97.9152,30.35854],[-97.91544,30.35833],[-97.91556,30.3586],[-97.91598,30.35841],[-97.91557,30.35832],[-97.91545,30.35818],[-97.91521,30.35841],[-97.9152,30.3581],[-97.91568,30.35715],[-97.91589,30.35711],[-97.91581,30.35692],[-97.91612,30.35642],[-97.91637,30.35634],[-97.91629,30.35608],[-97.91654,30.35567],[-97.91697,30.35507],[-97.91732,30.35486],[-97.91753,30.35436],[-97.91816,30.35476],[-97.92138,30.35563],[-97.92151,30.35576],[-97.92149,30.35643],[-97.92165,30.35656],[-97.92164,30.35589],[-97.92135,30.35543],[-97.91862,30.35467],[-97.91813,30.35441],[-97.91785,30.35408],[-97.91794,30.35377],[-97.91892,30.35265],[-97.92149,30.35042],[-97.92348,30.34881],[-97.92374,30.34875],[-97.92386,30.34886],[-97.92383,30.3485],[-97.92419,30.34837],[-97.92416,30.34817],[-97.92708,30.34521],[-97.92767,30.34474],[-97.92792,30.3448],[-97.92795,30.34501],[-97.92806,30.34493],[-97.9278,30.34456],[-97.92961,30.34264],[-97.93102,30.34134],[-97.93129,30.34123],[-97.93212,30.34029],[-97.93248,30.34052],[-97.93235,30.34028],[-97.93245,30.33993],[-97.93406,30.33828],[-97.93498,30.3368],[-97.93566,30.33696],[-97.9361,30.33674],[-97.93629,30.33678],[-97.93588,30.33752],[-97.93592,30.338],[-97.93629,30.33709],[-97.93678,30.33671],[-97.93655,30.33642],[-97.93571,30.33674],[-97.9354,30.33668],[-97.93526,30.33651],[-97.93559,30.33536],[-97.93568,30.33433],[-97.93537,30.33249],[-97.93453,30.33092],[-97.93498,30.3299],[-97.93468,30.33055],[-97.93438,30.3306],[-97.93236,30.3287],[-97.92966,30.32683],[-97.92965,30.32661],[-97.92935,30.32675],[-97.92865,30.32627],[-97.9277,30.32591],[-97.92422,30.32502],[-97.92226,30.32486],[-97.92092,30.32493],[-97.92111,30.3238],[-97.92097,30.32379],[-97.92064,30.32438],[-97.92065,30.32492],[-97.92019,30.32505],[-97.91994,30.32489],[-97.91956,30.32519],[-97.91481,30.32672],[-97.91131,30.32858],[-97.9111,30.32855],[-97.91121,30.32762],[-97.91074,30.32736],[-97.91052,30.32762],[-97.91076,30.32861],[-97.91056,30.32907],[-97.90836,30.33016],[-97.90827,30.33047],[-97.90661,30.33223],[-97.90434,30.33443],[-97.90262,30.33586],[-97.90216,30.33497],[-97.90187,30.33478],[-97.90227,30.33535],[-97.90236,30.33604],[-97.90198,30.33658],[-97.90054,30.33774],[-97.89885,30.33885],[-97.89843,30.33887],[-97.89836,30.33911],[-97.89665,30.33986],[-97.89641,30.3397],[-97.89508,30.33488],[-97.89322,30.3352],[-97.89282,30.33469],[-97.89287,30.33417],[-97.89254,30.33383],[-97.89285,30.33358],[-97.89419,30.33363],[-97.8946,30.33338],[-97.89445,30.33287],[-97.89393,30.33263],[-97.89357,30.33211],[-97.89327,30.33196],[-97.89279,30.33211],[-97.89222,30.33155],[-97.89196,30.33103],[-97.89179,30.33011],[-97.89186,30.3298],[-97.8927,30.3291],[-97.89137,30.32854],[-97.89112,30.32869],[-97.88862,30.33293],[-97.88901,30.33313],[-97.88926,30.33393],[-97.88913,30.33633],[-97.88856,30.33693],[-97.88799,30.33718],[-97.88742,30.33763],[-97.88691,30.3377],[-97.88612,30.33849],[-97.8852,30.33898],[-97.88484,30.33901],[-97.88592,30.34168],[-97.88503,30.34179],[-97.88497,30.34192],[-97.88468,30.34183],[-97.88464,30.34197],[-97.88418,30.34198],[-97.88388,30.34225],[-97.88302,30.34257],[-97.88231,30.34259],[-97.88224,30.34275],[-97.88174,30.34275],[-97.88095,30.34307],[-97.88083,30.34296],[-97.88119,30.34245],[-97.88095,30.34245],[-97.88071,30.3418],[-97.88096,30.34055],[-97.88058,30.34157],[-97.88063,30.34277],[-97.88011,30.34339],[-97.87942,30.34358],[-97.87936,30.34322],[-97.87885,30.34292],[-97.87917,30.34343],[-97.87887,30.34381],[-97.87772,30.34402],[-97.8766,30.34456],[-97.87635,30.34417],[-97.87624,30.34466],[-97.87308,30.34601],[-97.87182,30.34676],[-97.86932,30.34879],[-97.86733,30.3501],[-97.86724,30.34995],[-97.86744,30.34925],[-97.86733,30.34866],[-97.86701,30.35026],[-97.86651,30.35046],[-97.86583,30.35105],[-97.86497,30.35154],[-97.86446,30.35161],[-97.86432,30.35138],[-97.8641,30.35191],[-97.86369,30.35204],[-97.86356,30.35235],[-97.86269,30.35278],[-97.86212,30.35289],[-97.86186,30.35279],[-97.8617,30.35227],[-97.86184,30.35171],[-97.86148,30.35241],[-97.86156,30.35285],[-97.8613,30.35307],[-97.8598,30.3534],[-97.85903,30.35348],[-97.85843,30.35334],[-97.85807,30.35345],[-97.85664,30.35313],[-97.8563,30.35286],[-97.8558,30.35282],[-97.85543,30.35248],[-97.85551,30.35225],[-97.8553,30.35204],[-97.85556,30.3517],[-97.85629,30.35153],[-97.85661,30.3507],[-97.85624,30.35123],[-97.85512,30.35153],[-97.85443,30.35217],[-97.85307,30.35148],[-97.85306,30.35136],[-97.85265,30.35122],[-97.85201,30.35075],[-97.85221,30.35044],[-97.85272,30.35012],[-97.85274,30.34996],[-97.85157,30.35043],[-97.85068,30.34956],[-97.85062,30.34933],[-97.85081,30.34894],[-97.8512,30.34891],[-97.85138,30.34865],[-97.85059,30.34874],[-97.8503,30.34905],[-97.84899,30.34728],[-97.84884,30.34686],[-97.84959,30.3467],[-97.84987,30.34635],[-97.84889,30.34651],[-97.8484,30.34585],[-97.84815,30.34461],[-97.84837,30.34452],[-97.84809,30.34446],[-97.84795,30.3441],[-97.84812,30.344],[-97.84794,30.34391],[-97.848,30.34377],[-97.84778,30.34375],[-97.84793,30.34337],[-97.84776,30.3432],[-97.84766,30.34257],[-97.84731,30.34227],[-97.84727,30.34198],[-97.84747,30.3418],[-97.84714,30.34084],[-97.84764,30.34069],[-97.84807,30.34073],[-97.84883,30.34038],[-97.84957,30.34073],[-97.85008,30.34057],[-97.84967,30.34044],[-97.84943,30.34008],[-97.84894,30.33983],[-97.84863,30.33909],[-97.84793,30.3384],[-97.84834,30.33832],[-97.84882,30.33841],[-97.84951,30.33918],[-97.85005,30.33947],[-97.85165,30.33953],[-97.85061,30.3393],[-97.84907,30.33804],[-97.84842,30.33777],[-97.84851,30.33796],[-97.84799,30.33765],[-97.84787,30.3378],[-97.84737,30.33793],[-97.84712,30.33836],[-97.84723,30.33871],[-97.84782,30.33915],[-97.84783,30.33937],[-97.8482,30.33971],[-97.84819,30.34008],[-97.84797,30.3402],[-97.84758,30.34007],[-97.8474,30.34015],[-97.84702,30.33976],[-97.8468,30.33863],[-97.8468,30.33785],[-97.84698,30.3376],[-97.84677,30.33734],[-97.84735,30.33714],[-97.84684,30.3371],[-97.84663,30.33693],[-97.8467,30.33678],[-97.84649,30.33627],[-97.8466,30.33598],[-97.84643,30.33557],[-97.84651,30.33531],[-97.84672,30.33519],[-97.84653,30.335],[-97.84726,30.33508],[-97.84645,30.33466],[-97.84626,30.33444],[-97.84608,30.33345],[-97.84693,30.33339],[-97.84613,30.33318],[-97.84596,30.33292],[-97.84587,30.33263],[-97.84606,30.33184],[-97.84583,30.33131],[-97.84593,30.33116],[-97.84575,30.33093],[-97.84515,30.3288],[-97.84529,30.32867],[-97.84574,30.32887],[-97.84657,30.32842],[-97.84575,30.32842],[-97.84573,30.32826],[-97.84542,30.32811],[-97.84489,30.32841],[-97.84461,30.32764],[-97.84409,30.32707],[-97.84385,30.32639],[-97.84318,30.32535],[-97.84411,30.32465],[-97.84462,30.32386],[-97.84428,30.32311],[-97.84414,30.32339],[-97.84425,30.32389],[-97.84412,30.32405],[-97.84395,30.32406],[-97.84361,30.32372],[-97.843,30.3236],[-97.84366,30.32429],[-97.84268,30.32504],[-97.84136,30.32403],[-97.83959,30.3235],[-97.83766,30.32318],[-97.83511,30.32312],[-97.83241,30.3236],[-97.83072,30.32428],[-97.82804,30.32583],[-97.82595,30.32751],[-97.82489,30.32857],[-97.82447,30.32883],[-97.82395,30.32851],[-97.82406,30.32913],[-97.82314,30.33013],[-97.82253,30.33049],[-97.82162,30.33133],[-97.82008,30.33306],[-97.81769,30.33494],[-97.81738,30.33548],[-97.81671,30.33591],[-97.81629,30.33653],[-97.8158,30.33685],[-97.81554,30.33733],[-97.81475,30.33789],[-97.81481,30.338],[-97.81446,30.33863],[-97.81333,30.34024],[-97.81269,30.34168],[-97.81102,30.34434],[-97.81072,30.34449],[-97.81072,30.34489],[-97.81041,30.34544],[-97.80835,30.34866],[-97.80729,30.34951],[-97.80682,30.34965],[-97.80598,30.35026],[-97.80529,30.3504],[-97.80447,30.35029],[-97.80358,30.35039],[-97.80294,30.35027],[-97.80285,30.3498],[-97.80262,30.3496],[-97.80217,30.34986],[-97.80152,30.34986],[-97.80303,30.34753],[-97.80357,30.34727],[-97.80427,30.34616],[-97.80398,30.34569],[-97.80481,30.34442],[-97.80552,30.34476],[-97.80561,30.34462],[-97.80729,30.34545],[-97.80805,30.3443],[-97.80852,30.34453],[-97.80882,30.34406],[-97.80893,30.34412],[-97.81031,30.34196],[-97.81153,30.34256],[-97.81204,30.34155],[-97.81229,30.34035],[-97.81253,30.33992],[-97.81274,30.34],[-97.81406,30.33744],[-97.8135,30.33716],[-97.81434,30.336],[-97.81525,30.33542],[-97.81437,30.33482],[-97.81121,30.33333],[-97.81164,30.33273],[-97.81159,30.33187],[-97.81115,30.33134],[-97.80993,30.33073],[-97.81091,30.32977],[-97.81112,30.32862],[-97.81373,30.32452],[-97.8153,30.32294],[-97.81605,30.32238],[-97.81643,30.32229],[-97.81708,30.32182],[-97.81927,30.32069],[-97.82014,30.31983],[-97.8236,30.3181],[-97.8253,30.3171],[-97.82667,30.3156],[-97.82735,30.31393],[-97.82506,30.31349],[-97.82407,30.31353],[-97.82375,30.31382],[-97.82305,30.31331],[-97.82262,30.31335],[-97.82224,30.31406],[-97.82187,30.3141],[-97.82085,30.31317],[-97.82015,30.31296],[-97.82002,30.31233],[-97.81977,30.31216],[-97.81938,30.3122],[-97.81914,30.31207],[-97.81889,30.31163],[-97.8182,30.31145],[-97.81796,30.31096],[-97.81734,30.31048],[-97.81721,30.31019],[-97.81838,30.30964],[-97.81727,30.30777],[-97.81492,30.30671],[-97.79344,30.34051],[-97.7927,30.34017],[-97.79257,30.34],[-97.79266,30.33974],[-97.79252,30.33981],[-97.79251,30.34028],[-97.79315,30.34067],[-97.7931,30.34083],[-97.79276,30.34097],[-97.79171,30.34114],[-97.79133,30.34099],[-97.79087,30.34113],[-97.79038,30.34091],[-97.79018,30.34063],[-97.79026,30.34005],[-97.78995,30.33998],[-97.7901,30.33985],[-97.78972,30.33941],[-97.78904,30.339],[-97.78868,30.33846],[-97.78832,30.33825],[-97.78809,30.33777],[-97.78846,30.33719],[-97.78781,30.33737],[-97.78736,30.33716],[-97.78372,30.33331],[-97.78296,30.33201],[-97.7837,30.33091],[-97.78267,30.3316],[-97.78155,30.33033],[-97.7808,30.32913],[-97.78134,30.32873],[-97.78145,30.32822],[-97.78203,30.32784],[-97.78146,30.32789],[-97.78112,30.32818],[-97.78101,30.32848],[-97.78053,30.32857],[-97.77914,30.32628],[-97.77885,30.32556],[-97.77853,30.32387],[-97.7793,30.32375],[-97.77844,30.3233],[-97.77831,30.32276],[-97.77855,30.32185],[-97.77849,30.3212],[-97.7786,30.32126],[-97.77872,30.3211],[-97.77926,30.32097],[-97.78049,30.3215],[-97.78188,30.32135],[-97.78225,30.32064],[-97.78237,30.31989],[-97.78292,30.31949],[-97.78263,30.31946],[-97.78228,30.31965],[-97.78186,30.32077],[-97.78052,30.32114],[-97.77977,30.32071],[-97.77884,30.32044],[-97.77856,30.3192],[-97.77894,30.31814],[-97.77913,30.31697],[-97.77907,30.31625],[-97.77926,30.31593],[-97.7796,30.31578],[-97.77923,30.31563],[-97.77918,30.31544],[-97.77925,30.3145],[-97.77967,30.31372],[-97.77949,30.31333],[-97.77968,30.31178],[-97.78016,30.31146],[-97.78097,30.31167],[-97.78036,30.31114],[-97.78078,30.31014],[-97.78064,30.30985],[-97.78258,30.31005],[-97.78456,30.30753],[-97.78332,30.30672],[-97.78257,30.30759],[-97.78198,30.30722],[-97.78203,30.30699],[-97.78284,30.3057],[-97.78362,30.30479],[-97.78381,30.30468],[-97.784,30.3048],[-97.7842,30.30531],[-97.78435,30.30531],[-97.78434,30.30448],[-97.78563,30.30429],[-97.7855,30.30415],[-97.78436,30.30414],[-97.78421,30.30392],[-97.7849,30.30315],[-97.78597,30.30154],[-97.78722,30.30145],[-97.78732,30.30133],[-97.78686,30.30134],[-97.78702,30.301],[-97.78655,30.30073],[-97.78716,30.29933],[-97.78843,30.29988],[-97.78888,30.29947],[-97.78905,30.29906],[-97.78873,30.29848],[-97.78886,30.29831],[-97.78968,30.29825],[-97.7898,30.29936],[-97.79009,30.29967],[-97.79069,30.29967],[-97.79108,30.29928],[-97.79131,30.29927],[-97.79162,30.30037],[-97.79255,30.30062],[-97.79369,30.3018],[-97.79416,30.30295],[-97.79473,30.30328],[-97.79508,30.30331],[-97.79424,30.3024],[-97.79435,30.3019],[-97.79414,30.30135],[-97.79341,30.30061],[-97.79231,30.30002],[-97.792,30.29922],[-97.79203,30.29881],[-97.79218,30.29865],[-97.79188,30.29807],[-97.79046,30.29855],[-97.7902,30.2977],[-97.79174,30.29654],[-97.79195,30.29614],[-97.7916,30.29588],[-97.79095,30.29616],[-97.79076,30.29602],[-97.79088,30.29564],[-97.79023,30.29456],[-97.79031,30.29425],[-97.7909,30.29398],[-97.79195,30.29455],[-97.79229,30.2949],[-97.79314,30.29522],[-97.79345,30.29511],[-97.7936,30.29436],[-97.79503,30.29354],[-97.79602,30.29229],[-97.7989,30.29147],[-97.79993,30.28988],[-97.7935,30.28684],[-97.79485,30.28471],[-97.79307,30.28384],[-97.79242,30.28486],[-97.79049,30.28398],[-97.7896,30.2854],[-97.7875,30.28344],[-97.78782,30.28318],[-97.78792,30.28325],[-97.78851,30.2827],[-97.7889,30.28179],[-97.78943,30.28203],[-97.78978,30.28146],[-97.78958,30.28131],[-97.78978,30.28098],[-97.79033,30.28123],[-97.79101,30.28012],[-97.7892,30.27928],[-97.78733,30.2826],[-97.78694,30.28293],[-97.77715,30.27372],[-97.78116,30.26865],[-97.78105,30.26864],[-97.78142,30.26837],[-97.78089,30.26765],[-97.78031,30.26785],[-97.78021,30.26774],[-97.78171,30.26697],[-97.78247,30.26682],[-97.78366,30.26686],[-97.7848,30.26709],[-97.78534,30.26732],[-97.78551,30.26716],[-97.78611,30.26782],[-97.78628,30.26871],[-97.78757,30.2685],[-97.7876,30.26954],[-97.78825,30.27014],[-97.78883,30.26984],[-97.79028,30.26946],[-97.79033,30.2696],[-97.79233,30.26941],[-97.79348,30.26963],[-97.7942,30.26917],[-97.79459,30.26869],[-97.79515,30.26861],[-97.79586,30.26993],[-97.7961,30.26968],[-97.79643,30.27039],[-97.79752,30.27082],[-97.79906,30.27198],[-97.79847,30.27293],[-97.80165,30.27512],[-97.80263,30.27357],[-97.80609,30.27521],[-97.80843,30.27171],[-97.80907,30.2718],[-97.80905,30.2713],[-97.80925,30.27131],[-97.80926,30.27178],[-97.81047,30.27183],[-97.8105,30.27216],[-97.811,30.27214],[-97.81137,30.27358],[-97.81239,30.27407],[-97.81238,30.27426],[-97.81428,30.27498],[-97.8184,30.27688],[-97.81826,30.27713],[-97.81879,30.27751],[-97.81939,30.27824],[-97.82697,30.28838],[-97.8275,30.28941],[-97.82787,30.29117],[-97.82777,30.29343],[-97.8272,30.29462],[-97.82914,30.29531],[-97.83032,30.29169],[-97.83278,30.28787],[-97.83273,30.28596],[-97.833,30.28461],[-97.83166,30.28425],[-97.83046,30.28504],[-97.82961,30.28517],[-97.82855,30.28499],[-97.82762,30.28446],[-97.82644,30.28327],[-97.8253,30.27938],[-97.82685,30.27708],[-97.82703,30.27727],[-97.82694,30.27774],[-97.82717,30.27804],[-97.82715,30.27922],[-97.82785,30.28156],[-97.82772,30.28197],[-97.8271,30.28225],[-97.82732,30.283],[-97.82787,30.28357],[-97.82738,30.28386],[-97.82762,30.28416],[-97.82803,30.28374],[-97.82898,30.28441],[-97.82953,30.2845],[-97.82951,30.28494],[-97.83023,30.28489],[-97.8301,30.2846],[-97.83041,30.28439],[-97.82905,30.28355],[-97.82861,30.28279],[-97.82934,30.28297],[-97.8295,30.28239],[-97.83045,30.28233],[-97.83124,30.28374],[-97.83176,30.28339],[-97.83167,30.28298],[-97.83233,30.28259],[-97.82937,30.27884],[-97.83024,30.27769],[-97.83123,30.27469],[-97.83131,30.27345],[-97.83156,30.2728],[-97.83244,30.27297],[-97.83397,30.27455],[-97.83566,30.27545],[-97.83564,30.27573],[-97.83346,30.27853],[-97.83341,30.27921],[-97.83392,30.27946],[-97.83718,30.27465],[-97.84563,30.26159],[-97.84607,30.25993],[-97.84903,30.2554],[-97.84578,30.25384],[-97.84955,30.24819],[-97.85294,30.24985],[-97.85825,30.25187],[-97.85713,30.25361],[-97.86551,30.25778],[-97.86677,30.25586],[-97.86806,30.25666],[-97.86894,30.25703],[-97.86998,30.25724],[-97.87505,30.25976],[-97.87597,30.26008],[-97.88187,30.2629],[-97.88219,30.26317],[-97.88277,30.26217],[-97.88371,30.2626],[-97.88455,30.26211],[-97.88523,30.26149],[-97.88539,30.26161],[-97.88756,30.25926],[-97.88826,30.2593],[-97.88847,30.26065],[-97.89053,30.26042],[-97.89111,30.25957],[-97.89321,30.26055],[-97.89344,30.26019],[-97.89863,30.26273],[-97.90045,30.26009],[-97.903,30.26061],[-97.9069,30.26025],[-97.90682,30.2601],[-97.90932,30.25978],[-97.90922,30.25899],[-97.90988,30.25892],[-97.90967,30.25858],[-97.91055,30.25818],[-97.91027,30.25769],[-97.91147,30.25805],[-97.912,30.25883],[-97.91293,30.25843],[-97.91505,30.25617],[-97.91101,30.25421],[-97.91139,30.25364],[-97.91122,30.25343],[-97.91047,30.25366],[-97.90852,30.25493],[-97.90723,30.2548],[-97.90697,30.25506],[-97.90563,30.25452],[-97.90472,30.25487],[-97.90416,30.25426],[-97.90899,30.24662],[-97.90394,30.24414],[-97.90703,30.23928],[-97.9038,30.23756],[-97.89119,30.23146],[-97.89157,30.22875],[-97.89376,30.22906],[-97.89513,30.22584],[-97.8956,30.22509],[-97.8917,30.22321],[-97.89313,30.22079],[-97.8951,30.2164],[-97.89674,30.21372],[-97.89434,30.21252],[-97.89374,30.21197],[-97.89616,30.2086],[-97.89643,30.20778],[-97.89752,30.2059],[-97.90048,30.20694],[-97.90111,30.20699],[-97.90078,30.20777],[-97.90266,30.20856],[-97.90292,30.20895],[-97.90287,30.20925],[-97.90418,30.20932],[-97.90654,30.20984],[-97.90761,30.20983],[-97.90825,30.20962],[-97.90902,30.20905],[-97.91126,30.20558],[-97.91202,30.2048],[-97.91305,30.20433],[-97.91669,30.20342],[-97.91761,30.20294],[-97.9189,30.20151],[-97.92382,30.19374],[-97.92617,30.19091],[-97.92837,30.18755],[-97.92873,30.18647],[-97.9286,30.17879],[-97.92872,30.17665],[-97.9289,30.17552],[-97.92945,30.17454],[-97.9284,30.1731],[-97.92649,30.1727],[-97.92432,30.17281],[-97.91787,30.16526],[-97.91863,30.16312],[-97.9186,30.15919],[-97.91773,30.15848],[-97.91763,30.15811],[-97.91774,30.15807],[-97.91764,30.15794],[-97.91869,30.15781],[-97.91897,30.15792],[-97.91969,30.15791],[-97.92,30.15799],[-97.92002,30.15815],[-97.92191,30.15825],[-97.92184,30.15637],[-97.92224,30.15636],[-97.92242,30.15651],[-97.92909,30.15667],[-97.9291,30.1527],[-97.9289,30.14864],[-97.92901,30.14863],[-97.92894,30.12461],[-97.92848,30.12478],[-97.91265,30.12422],[-97.90636,30.12444],[-97.88837,30.12461],[-97.88865,30.12506],[-97.88843,30.12532],[-97.88778,30.12555],[-97.88745,30.12658],[-97.88721,30.12682],[-97.88668,30.1268],[-97.88625,30.1274],[-97.8863,30.13077],[-97.8872,30.13075],[-97.88728,30.13268],[-97.89486,30.13267],[-97.89438,30.13305],[-97.89403,30.13416],[-97.90204,30.13411],[-97.90235,30.13397],[-97.90391,30.13395],[-97.904,30.13253],[-97.91274,30.13259],[-97.91285,30.13902],[-97.90081,30.13898],[-97.90097,30.14214],[-97.89418,30.14238],[-97.89301,30.1418],[-97.89325,30.15464],[-97.8985,30.1546],[-97.89854,30.16021],[-97.90503,30.1598],[-97.90507,30.16129],[-97.90591,30.16341],[-97.90688,30.16364],[-97.90795,30.16357],[-97.90792,30.16371],[-97.90629,30.16437],[-97.90651,30.16495],[-97.90666,30.16954],[-97.90705,30.16953],[-97.90716,30.17653],[-97.90534,30.17655],[-97.90451,30.17793],[-97.8965,30.17896],[-97.89463,30.17747],[-97.88955,30.17277],[-97.89373,30.17268],[-97.89344,30.16261],[-97.89055,30.16251],[-97.8904,30.14818],[-97.88354,30.14821],[-97.88353,30.15147],[-97.88155,30.15395],[-97.87988,30.15228],[-97.87937,30.15208],[-97.87717,30.1521],[-97.87397,30.15234],[-97.87078,30.14926],[-97.87028,30.14935],[-97.87035,30.14879],[-97.86843,30.14635],[-97.86742,30.14467],[-97.86537,30.13951],[-97.86457,30.13804],[-97.86341,30.13728],[-97.86286,30.13708],[-97.86266,30.13708],[-97.86284,30.14231],[-97.8621,30.14415],[-97.86125,30.14318],[-97.86095,30.14307],[-97.85987,30.14212],[-97.85955,30.14208],[-97.85815,30.14105],[-97.85671,30.14054],[-97.85525,30.14055],[-97.85466,30.14119],[-97.85338,30.14037],[-97.85325,30.14055],[-97.85256,30.14034],[-97.85279,30.14006],[-97.85023,30.13954],[-97.8497,30.13979],[-97.84969,30.14032],[-97.84932,30.14068],[-97.8476,30.14063],[-97.8471,30.1412],[-97.8469,30.14097],[-97.84649,30.14122],[-97.84677,30.14164],[-97.84759,30.14225],[-97.84846,30.14322],[-97.84953,30.14378],[-97.84926,30.14454],[-97.84705,30.14459],[-97.8471,30.14616],[-97.85007,30.14608],[-97.84848,30.14822],[-97.84852,30.14956],[-97.84247,30.14969],[-97.84249,30.14776],[-97.84476,30.14771],[-97.84471,30.14586],[-97.84522,30.14585],[-97.84514,30.14421],[-97.84365,30.14395],[-97.84365,30.14409],[-97.84256,30.14409],[-97.84257,30.14367],[-97.8422,30.14355],[-97.83791,30.14389],[-97.83805,30.14949],[-97.8334,30.14967],[-97.83333,30.14949],[-97.833,30.14952],[-97.83301,30.14973],[-97.8325,30.14974],[-97.83267,30.15091],[-97.83228,30.15092],[-97.83228,30.15113],[-97.83267,30.15112],[-97.83269,30.15277],[-97.83231,30.15278],[-97.83233,30.15335],[-97.82937,30.15342],[-97.82928,30.15044],[-97.83023,30.15042],[-97.83022,30.15004],[-97.83212,30.15001],[-97.8321,30.14954],[-97.833,30.14952],[-97.83294,30.14746],[-97.82845,30.14756],[-97.82761,30.15087],[-97.82146,30.17015],[-97.82115,30.17007],[-97.82052,30.17202],[-97.81975,30.17186],[-97.8196,30.17168],[-97.82086,30.1672],[-97.82155,30.16548],[-97.82088,30.16532],[-97.82139,30.16453],[-97.82083,30.16445],[-97.82098,30.16355],[-97.82143,30.16362],[-97.82172,30.16228],[-97.82068,30.16217],[-97.82043,30.16161],[-97.81753,30.16166],[-97.81726,30.1515],[-97.81775,30.15146],[-97.81778,30.14991],[-97.81651,30.14998],[-97.81467,30.14925],[-97.81324,30.14795],[-97.81332,30.14483],[-97.81118,30.14487],[-97.81081,30.14478],[-97.80977,30.14496],[-97.80822,30.14457],[-97.80941,30.14081],[-97.81022,30.1396],[-97.80892,30.13966],[-97.80789,30.13919],[-97.80499,30.14354],[-97.8016,30.14262],[-97.8034,30.13975],[-97.8038,30.1387],[-97.80689,30.13433],[-97.80709,30.13285],[-97.80675,30.13297],[-97.80525,30.1341],[-97.80346,30.13482],[-97.79889,30.13573],[-97.79845,30.13563],[-97.80235,30.12578],[-97.80243,30.12522],[-97.80396,30.12129],[-97.80626,30.11562],[-97.80695,30.11448],[-97.80724,30.11471],[-97.8079,30.11486],[-97.81136,30.1149],[-97.81131,30.1125],[-97.80833,30.11257],[-97.80786,30.1128],[-97.80897,30.11039],[-97.80939,30.10876],[-97.81002,30.1072],[-97.81097,30.10516],[-97.81138,30.10465],[-97.81375,30.0995],[-97.81384,30.09915],[-97.81278,30.09838]],[[-97.62034,30.38846],[-97.62192,30.38919],[-97.6204,30.39158],[-97.61922,30.39101],[-97.62044,30.3891],[-97.6201,30.38887],[-97.62034,30.38846]],[[-97.61835,30.38653],[-97.61893,30.38679],[-97.61862,30.38728],[-97.61804,30.38702],[-97.61835,30.38653]],[[-97.86848,30.37201],[-97.87056,30.37244],[-97.86815,30.37407],[-97.86771,30.37595],[-97.86653,30.37838],[-97.8658,30.37897],[-97.86353,30.38158],[-97.86281,30.38308],[-97.85985,30.38134],[-97.85952,30.38071],[-97.86024,30.37953],[-97.86001,30.37898],[-97.86084,30.3768],[-97.86055,30.37624],[-97.85976,30.37597],[-97.861,30.3755],[-97.86168,30.37471],[-97.86267,30.37468],[-97.86342,30.37371],[-97.86498,30.37307],[-97.8666,30.37213],[-97.86848,30.37201]],[[-97.85302,30.3823],[-97.85368,30.38249],[-97.85229,30.38468],[-97.85195,30.38247],[-97.85302,30.3823]],[[-97.84105,30.38418],[-97.84547,30.38634],[-97.84527,30.38584],[-97.8455,30.38492],[-97.84713,30.3854],[-97.84682,30.38628],[-97.84554,30.38666],[-97.84615,30.38844],[-97.8454,30.38811],[-97.84485,30.38906],[-97.83958,30.38644],[-97.84105,30.38418]],[[-97.77699,30.38833],[-97.77742,30.38965],[-97.77799,30.38953],[-97.77835,30.3896],[-97.77923,30.39027],[-97.77932,30.3907],[-97.77863,30.39137],[-97.7787,30.39165],[-97.77887,30.39143],[-97.78102,30.39219],[-97.78204,30.39083],[-97.78639,30.39289],[-97.78548,30.39433],[-97.78346,30.39337],[-97.78281,30.39355],[-97.78209,30.39329],[-97.78065,30.39409],[-97.78054,30.39446],[-97.78037,30.39452],[-97.77974,30.39454],[-97.7792,30.39414],[-97.77903,30.39419],[-97.77898,30.39499],[-97.7788,30.39535],[-97.77891,30.39549],[-97.77926,30.39525],[-97.78012,30.39569],[-97.7802,30.39662],[-97.78252,30.39729],[-97.78324,30.39838],[-97.78344,30.3983],[-97.78501,30.39949],[-97.78458,30.39992],[-97.78381,30.40015],[-97.78458,30.40197],[-97.7856,30.40342],[-97.78641,30.40406],[-97.7883,30.40481],[-97.78951,30.40584],[-97.78996,30.40659],[-97.79246,30.40866],[-97.79259,30.40922],[-97.7923,30.41083],[-97.79258,30.4127],[-97.79338,30.41374],[-97.79526,30.4154],[-97.79538,30.41576],[-97.79533,30.41662],[-97.79564,30.41562],[-97.79554,30.41518],[-97.79345,30.41343],[-97.79278,30.41227],[-97.79292,30.41078],[-97.79354,30.40961],[-97.79351,30.40717],[-97.79886,30.39881],[-97.80073,30.39973],[-97.80133,30.39885],[-97.80499,30.40087],[-97.81237,30.40414],[-97.81083,30.40652],[-97.81746,30.40972],[-97.8151,30.41337],[-97.8142,30.41306],[-97.81251,30.41582],[-97.80744,30.41623],[-97.80597,30.41846],[-97.80647,30.41863],[-97.80644,30.41875],[-97.80786,30.41892],[-97.80855,30.41877],[-97.80952,30.41898],[-97.80958,30.42014],[-97.80873,30.42138],[-97.80774,30.42174],[-97.80852,30.42249],[-97.80843,30.42264],[-97.80785,30.42217],[-97.80737,30.42146],[-97.80673,30.42108],[-97.80614,30.42047],[-97.80287,30.41954],[-97.80027,30.4199],[-97.79915,30.42035],[-97.79843,30.42099],[-97.79785,30.42114],[-97.79748,30.42063],[-97.79674,30.42078],[-97.79622,30.42007],[-97.79515,30.42055],[-97.79373,30.42087],[-97.7937,30.42002],[-97.79401,30.41878],[-97.79497,30.41729],[-97.79499,30.41562],[-97.7948,30.41525],[-97.79286,30.41356],[-97.79234,30.41288],[-97.79194,30.41052],[-97.79225,30.40899],[-97.79166,30.40989],[-97.79027,30.40924],[-97.7897,30.41008],[-97.79077,30.41171],[-97.79055,30.41358],[-97.78988,30.41381],[-97.78945,30.41418],[-97.78902,30.4142],[-97.78848,30.41474],[-97.78848,30.41496],[-97.78768,30.41546],[-97.78733,30.4159],[-97.78783,30.41617],[-97.78488,30.42066],[-97.78384,30.42016],[-97.78349,30.42059],[-97.78477,30.42081],[-97.78295,30.42367],[-97.78454,30.42443],[-97.7845,30.4252],[-97.78483,30.4264],[-97.78471,30.42681],[-97.78305,30.42796],[-97.78137,30.42768],[-97.78119,30.42807],[-97.78133,30.42836],[-97.77774,30.42662],[-97.77718,30.42534],[-97.77845,30.42429],[-97.77918,30.42311],[-97.77956,30.42328],[-97.77964,30.42312],[-97.77983,30.42227],[-97.78049,30.42067],[-97.78089,30.41847],[-97.78142,30.41666],[-97.78086,30.41661],[-97.78088,30.41637],[-97.77976,30.41627],[-97.7799,30.41526],[-97.78161,30.41541],[-97.78238,30.4123],[-97.78162,30.41193],[-97.78104,30.4128],[-97.77779,30.41126],[-97.78301,30.40307],[-97.78158,30.40174],[-97.78187,30.39991],[-97.78277,30.3992],[-97.78153,30.3981],[-97.78128,30.39805],[-97.77945,30.40087],[-97.77625,30.39952],[-97.77633,30.399],[-97.77607,30.39811],[-97.77558,30.39732],[-97.77655,30.39583],[-97.77688,30.3967],[-97.77715,30.39689],[-97.77859,30.39711],[-97.77725,30.39621],[-97.77694,30.39547],[-97.77746,30.39363],[-97.77851,30.39182],[-97.77842,30.39162],[-97.77729,30.3932],[-97.77844,30.39155],[-97.77829,30.39127],[-97.77799,30.39109],[-97.77621,30.39102],[-97.7754,30.39082],[-97.77429,30.39],[-97.77407,30.38957],[-97.77398,30.38891],[-97.77418,30.38885],[-97.77425,30.38914],[-97.77699,30.38833]],[[-97.86578,30.35763],[-97.86667,30.35858],[-97.86689,30.35948],[-97.86638,30.36279],[-97.86677,30.36469],[-97.86832,30.36735],[-97.86642,30.36722],[-97.86647,30.36681],[-97.86719,30.36643],[-97.86666,30.36634],[-97.86662,30.36606],[-97.86513,30.36386],[-97.86395,30.36334],[-97.8635,30.36192],[-97.86278,30.36071],[-97.86294,30.36012],[-97.86446,30.3582],[-97.86578,30.35763]],[[-97.87434,30.3475],[-97.87452,30.34783],[-97.87458,30.34881],[-97.87401,30.34928],[-97.87395,30.34767],[-97.87434,30.3475]],[[-97.7922,30.34152],[-97.79298,30.34124],[-97.79241,30.34213],[-97.7922,30.34152]],[[-97.60484,30.33841],[-97.6113,30.34159],[-97.60585,30.35004],[-97.60232,30.34827],[-97.60683,30.34133],[-97.60388,30.33989],[-97.60484,30.33841]],[[-97.83606,30.32557],[-97.83783,30.326],[-97.8354,30.32975],[-97.83491,30.32833],[-97.83505,30.32768],[-97.83488,30.32721],[-97.83445,30.32666],[-97.83354,30.32607],[-97.83374,30.32589],[-97.83425,30.32577],[-97.83606,30.32557]],[[-97.83226,30.32624],[-97.83282,30.32647],[-97.83355,30.32712],[-97.83282,30.3278],[-97.83315,30.32797],[-97.83361,30.32882],[-97.83415,30.32925],[-97.83496,30.33042],[-97.8249,30.3465],[-97.82015,30.34422],[-97.81987,30.34432],[-97.81762,30.34829],[-97.83291,30.35555],[-97.83354,30.3537],[-97.83507,30.35448],[-97.83616,30.35487],[-97.83646,30.35498],[-97.83706,30.35493],[-97.84117,30.34841],[-97.85542,30.35532],[-97.85567,30.35482],[-97.85852,30.35551],[-97.85941,30.35559],[-97.86101,30.35536],[-97.8611,30.35593],[-97.86228,30.35615],[-97.86254,30.35641],[-97.86247,30.35792],[-97.86111,30.35861],[-97.8595,30.35838],[-97.85843,30.35872],[-97.85806,30.35868],[-97.8563,30.35896],[-97.85532,30.35956],[-97.85432,30.35948],[-97.85394,30.35987],[-97.85387,30.36134],[-97.85102,30.36219],[-97.84903,30.36523],[-97.84058,30.37546],[-97.83739,30.37911],[-97.83409,30.38456],[-97.83439,30.3847],[-97.83341,30.38619],[-97.81851,30.37914],[-97.81848,30.38007],[-97.81761,30.38001],[-97.81644,30.38077],[-97.81496,30.38027],[-97.8125,30.37997],[-97.81215,30.38203],[-97.81176,30.3819],[-97.81167,30.38166],[-97.81127,30.3815],[-97.8113,30.38175],[-97.80923,30.38082],[-97.8076,30.37947],[-97.80632,30.378],[-97.80574,30.3766],[-97.80663,30.37502],[-97.80824,30.37266],[-97.81003,30.3727],[-97.81063,30.37141],[-97.81143,30.3709],[-97.81191,30.37039],[-97.81228,30.37033],[-97.81246,30.37096],[-97.8128,30.37127],[-97.81509,30.37044],[-97.81679,30.37043],[-97.81804,30.3702],[-97.81952,30.36933],[-97.81996,30.36928],[-97.82084,30.36964],[-97.82093,30.36876],[-97.82118,30.36856],[-97.82229,30.36846],[-97.82347,30.36808],[-97.82433,30.36854],[-97.82511,30.36938],[-97.82563,30.3704],[-97.82663,30.37118],[-97.82677,30.37236],[-97.82691,30.3725],[-97.82724,30.37238],[-97.8282,30.37457],[-97.82897,30.37526],[-97.82906,30.37555],[-97.82968,30.37569],[-97.82998,30.37604],[-97.82817,30.37745],[-97.82978,30.37895],[-97.83026,30.37831],[-97.83195,30.3793],[-97.83306,30.38127],[-97.83275,30.38179],[-97.8336,30.38232],[-97.83478,30.38271],[-97.83608,30.38056],[-97.84058,30.37546],[-97.83401,30.37063],[-97.83294,30.37179],[-97.83084,30.37074],[-97.83141,30.3654],[-97.82949,30.36522],[-97.83021,30.36316],[-97.82953,30.36422],[-97.82911,30.36455],[-97.82858,30.36468],[-97.828,30.36439],[-97.8288,30.36451],[-97.82969,30.36364],[-97.83052,30.3623],[-97.83108,30.36072],[-97.82515,30.35768],[-97.81746,30.35439],[-97.81723,30.35558],[-97.81517,30.35764],[-97.81512,30.35787],[-97.81463,30.35837],[-97.81472,30.35916],[-97.81438,30.35931],[-97.8142,30.35994],[-97.81115,30.35929],[-97.81084,30.35864],[-97.81109,30.35859],[-97.8121,30.35687],[-97.80974,30.35576],[-97.80969,30.35465],[-97.80815,30.35356],[-97.80857,30.35292],[-97.80973,30.35245],[-97.80954,30.3521],[-97.8089,30.35218],[-97.80925,30.35197],[-97.81002,30.35108],[-97.81067,30.35128],[-97.81078,30.351],[-97.8112,30.35153],[-97.81159,30.35166],[-97.81233,30.35132],[-97.8129,30.35123],[-97.81305,30.35137],[-97.81291,30.35102],[-97.81306,30.35073],[-97.81345,30.35056],[-97.81382,30.35058],[-97.81504,30.35113],[-97.81426,30.35055],[-97.81333,30.35029],[-97.81297,30.35039],[-97.81199,30.35103],[-97.81146,30.35046],[-97.81166,30.34989],[-97.81147,30.34954],[-97.81214,30.34837],[-97.81273,30.3482],[-97.81252,30.348],[-97.81255,30.3478],[-97.81325,30.34753],[-97.81317,30.3471],[-97.81389,30.34682],[-97.81372,30.34673],[-97.81374,30.34646],[-97.81355,30.34618],[-97.81393,30.34553],[-97.8143,30.34566],[-97.81463,30.34513],[-97.81438,30.34481],[-97.8145,30.34477],[-97.81454,30.34433],[-97.81513,30.34374],[-97.81506,30.34348],[-97.81522,30.34303],[-97.81546,30.34274],[-97.81623,30.34297],[-97.81618,30.34267],[-97.81666,30.34256],[-97.81698,30.34217],[-97.81745,30.34192],[-97.81693,30.34188],[-97.81646,30.34227],[-97.81596,30.34231],[-97.81582,30.34212],[-97.81711,30.34005],[-97.81878,30.33817],[-97.81977,30.33832],[-97.81905,30.33812],[-97.81901,30.33786],[-97.82058,30.33619],[-97.821,30.33604],[-97.8231,30.33414],[-97.8238,30.33377],[-97.82414,30.33381],[-97.82437,30.33477],[-97.82552,30.33591],[-97.82574,30.33676],[-97.82579,30.33591],[-97.82512,30.33508],[-97.82532,30.33472],[-97.82497,30.33471],[-97.82475,30.33455],[-97.82469,30.33262],[-97.82507,30.33214],[-97.82551,30.33197],[-97.82656,30.33078],[-97.82664,30.33042],[-97.82689,30.33016],[-97.82714,30.33014],[-97.82747,30.33056],[-97.82805,30.3305],[-97.82809,30.33036],[-97.82743,30.32938],[-97.82918,30.32793],[-97.82943,30.32791],[-97.82999,30.32818],[-97.83033,30.32859],[-97.83022,30.32874],[-97.83059,30.32901],[-97.83039,30.32844],[-97.83058,30.32822],[-97.82987,30.32777],[-97.82973,30.32744],[-97.8313,30.3265],[-97.83226,30.32624]],[[-97.80706,30.37246],[-97.80761,30.37262],[-97.80752,30.37293],[-97.80696,30.37276],[-97.80692,30.37289],[-97.80718,30.37301],[-97.80578,30.37497],[-97.8052,30.37272],[-97.80539,30.37255],[-97.80696,30.37276],[-97.80706,30.37246]],[[-97.8044,30.37148],[-97.80474,30.37154],[-97.80487,30.3717],[-97.8052,30.37259],[-97.80477,30.37303],[-97.80479,30.37367],[-97.80449,30.37375],[-97.80425,30.37309],[-97.80439,30.37292],[-97.80381,30.37169],[-97.8044,30.37148]],[[-97.82752,30.36418],[-97.82776,30.36428],[-97.828,30.36439],[-97.82775,30.36429],[-97.82752,30.36418]],[[-97.81688,30.36229],[-97.81737,30.36243],[-97.81763,30.36277],[-97.81807,30.36291],[-97.81933,30.3625],[-97.82108,30.36258],[-97.82144,30.36281],[-97.82182,30.36364],[-97.82246,30.36389],[-97.82611,30.36376],[-97.82687,30.36385],[-97.82752,30.36418],[-97.82624,30.36391],[-97.8225,30.3641],[-97.82183,30.36394],[-97.82165,30.3643],[-97.81466,30.36792],[-97.81404,30.36255],[-97.81479,30.36247],[-97.81586,30.36256],[-97.81688,30.36229]],[[-97.80278,30.36397],[-97.80359,30.36459],[-97.80135,30.3682],[-97.80026,30.36729],[-97.80081,30.36645],[-97.8011,30.3666],[-97.80278,30.36397]],[[-97.66602,30.36224],[-97.66828,30.36332],[-97.66863,30.36697],[-97.66852,30.36778],[-97.66756,30.36743],[-97.66782,30.36702],[-97.66619,30.36622],[-97.66651,30.36582],[-97.66393,30.36454],[-97.66519,30.3644],[-97.66503,30.36401],[-97.66514,30.36377],[-97.66557,30.36369],[-97.66602,30.36224]],[[-97.80676,30.35299],[-97.80784,30.35274],[-97.80741,30.35305],[-97.80655,30.35332],[-97.80676,30.35299]],[[-97.808,30.3526],[-97.80824,30.35256],[-97.80793,30.35267],[-97.808,30.3526]],[[-97.66229,30.31679],[-97.66341,30.31732],[-97.66486,30.31926],[-97.66628,30.32057],[-97.66613,30.32081],[-97.66797,30.32221],[-97.66826,30.3227],[-97.67036,30.32397],[-97.67054,30.32445],[-97.67053,30.32502],[-97.67016,30.32573],[-97.66717,30.32674],[-97.66441,30.32731],[-97.66055,30.32763],[-97.66095,30.32781],[-97.65996,30.32788],[-97.66001,30.32745],[-97.6607,30.32636],[-97.65705,30.3251],[-97.66025,30.31999],[-97.66206,30.31751],[-97.66229,30.31679]],[[-97.65244,30.3222],[-97.65257,30.32392],[-97.65054,30.32355],[-97.64998,30.32323],[-97.64962,30.32373],[-97.64978,30.32468],[-97.64949,30.32587],[-97.64909,30.32619],[-97.64928,30.32719],[-97.64993,30.32767],[-97.64999,30.32785],[-97.64879,30.32817],[-97.64885,30.32752],[-97.64833,30.3273],[-97.64802,30.3275],[-97.6482,30.32837],[-97.64801,30.32869],[-97.64375,30.32898],[-97.64383,30.32729],[-97.64428,30.32434],[-97.64419,30.32414],[-97.64906,30.32253],[-97.65244,30.3222]],[[-97.61914,30.30458],[-97.62741,30.30866],[-97.62723,30.30896],[-97.62946,30.31],[-97.6297,30.30917],[-97.62954,30.30912],[-97.62989,30.30812],[-97.62976,30.30918],[-97.63026,30.30778],[-97.63091,30.30709],[-97.63225,30.30643],[-97.6336,30.3063],[-97.63278,30.30616],[-97.63436,30.30609],[-97.63888,30.30679],[-97.64003,30.30669],[-97.64007,30.30682],[-97.6411,30.30647],[-97.64337,30.30746],[-97.6426,30.30884],[-97.64095,30.31055],[-97.64018,30.31092],[-97.63773,30.31157],[-97.63806,30.31134],[-97.63702,30.31187],[-97.63118,30.30818],[-97.63054,30.30825],[-97.63017,30.30886],[-97.62822,30.31596],[-97.63315,30.31835],[-97.63013,30.32306],[-97.63414,30.3267],[-97.63445,30.32644],[-97.63523,30.32714],[-97.637,30.32655],[-97.6366,30.32616],[-97.63688,30.32593],[-97.63742,30.32641],[-97.64082,30.32527],[-97.64091,30.32545],[-97.64291,30.32642],[-97.64115,30.32917],[-97.62308,30.3305],[-97.62284,30.33085],[-97.61865,30.33145],[-97.60457,30.33517],[-97.60409,30.33454],[-97.60185,30.33539],[-97.60175,30.3352],[-97.60058,30.33467],[-97.60375,30.32953],[-97.6044,30.32781],[-97.60547,30.32578],[-97.61914,30.30458]],[[-97.5832,30.30487],[-97.59182,30.30911],[-97.58641,30.31758],[-97.58512,30.31699],[-97.58201,30.31371],[-97.58212,30.31222],[-97.58156,30.30741],[-97.5832,30.30487]],[[-97.81143,30.2579],[-97.81203,30.25828],[-97.81645,30.26377],[-97.81753,30.26557],[-97.81777,30.26739],[-97.81743,30.2707],[-97.81703,30.27051],[-97.81635,30.27148],[-97.81287,30.26979],[-97.81342,30.26894],[-97.80808,30.2664],[-97.80904,30.26487],[-97.80954,30.26512],[-97.8101,30.26421],[-97.81164,30.26494],[-97.81247,30.26372],[-97.81371,30.26431],[-97.81442,30.26316],[-97.81404,30.2627],[-97.81184,30.26153],[-97.81264,30.26032],[-97.81213,30.26011],[-97.81236,30.25976],[-97.81125,30.25847],[-97.81137,30.25828],[-97.8112,30.25816],[-97.81143,30.2579]],[[-97.80401,30.26942],[-97.80429,30.2695],[-97.8047,30.27022],[-97.80515,30.27066],[-97.80563,30.27173],[-97.80404,30.27252],[-97.80245,30.27288],[-97.8023,30.27337],[-97.8024,30.27344],[-97.80225,30.27337],[-97.8024,30.27289],[-97.80193,30.27281],[-97.80175,30.27257],[-97.80361,30.26972],[-97.80401,30.26942]],[[-97.80615,30.24315],[-97.80718,30.24413],[-97.80577,30.24533],[-97.80484,30.24635],[-97.80441,30.24631],[-97.80368,30.24595],[-97.80329,30.24548],[-97.80369,30.24532],[-97.80335,30.2447],[-97.80414,30.24448],[-97.80446,30.24452],[-97.80478,30.24488],[-97.80514,30.24464],[-97.80467,30.24428],[-97.80427,30.24418],[-97.80615,30.24315]],[[-97.81331,30.23748],[-97.8139,30.23774],[-97.81477,30.2376],[-97.81515,30.23919],[-97.81617,30.23944],[-97.81328,30.24057],[-97.81261,30.23859],[-97.81331,30.23748]],[[-97.81887,30.21413],[-97.81908,30.21443],[-97.81903,30.21484],[-97.81997,30.21512],[-97.82028,30.21467],[-97.82124,30.21603],[-97.82111,30.21616],[-97.82158,30.21704],[-97.82545,30.21673],[-97.82775,30.21781],[-97.82612,30.22037],[-97.82997,30.22225],[-97.82861,30.22446],[-97.82814,30.22439],[-97.82478,30.22987],[-97.82353,30.22927],[-97.82034,30.23416],[-97.81865,30.2337],[-97.81669,30.2337],[-97.81677,30.23446],[-97.81593,30.23473],[-97.8164,30.2355],[-97.81585,30.23562],[-97.81538,30.23632],[-97.81493,30.2359],[-97.81445,30.23586],[-97.81409,30.23693],[-97.8138,30.23716],[-97.81249,30.23649],[-97.81184,30.23751],[-97.81192,30.23787],[-97.81179,30.23812],[-97.8113,30.23835],[-97.81021,30.23991],[-97.80993,30.23978],[-97.8091,30.2398],[-97.80823,30.2405],[-97.8074,30.24013],[-97.80733,30.23994],[-97.81112,30.2341],[-97.80988,30.23388],[-97.80683,30.2327],[-97.8058,30.23244],[-97.8045,30.23233],[-97.80292,30.23252],[-97.80628,30.22683],[-97.80397,30.22574],[-97.8065,30.22184],[-97.80706,30.222],[-97.80788,30.22185],[-97.80851,30.2219],[-97.80919,30.22084],[-97.81059,30.21986],[-97.81084,30.21986],[-97.81209,30.21784],[-97.81257,30.21789],[-97.8131,30.21832],[-97.81372,30.2179],[-97.81356,30.2174],[-97.81378,30.21765],[-97.81413,30.21742],[-97.8165,30.21533],[-97.81662,30.21471],[-97.81778,30.2145],[-97.81769,30.21418],[-97.8178,30.2145],[-97.81887,30.21413]],[[-97.6617,30.22526],[-97.66356,30.22679],[-97.66358,30.22778],[-97.66421,30.22838],[-97.66544,30.22777],[-97.66602,30.22801],[-97.66684,30.22733],[-97.66744,30.22707],[-97.67096,30.23008],[-97.66935,30.23153],[-97.67247,30.23411],[-97.6734,30.23328],[-97.67633,30.2357],[-97.67803,30.23405],[-97.67843,30.23439],[-97.6778,30.23496],[-97.67812,30.23522],[-97.67638,30.23679],[-97.68141,30.24099],[-97.68031,30.24206],[-97.68022,30.24743],[-97.67831,30.24803],[-97.67578,30.24931],[-97.67489,30.24986],[-97.67456,30.25028],[-97.67311,30.25129],[-97.67264,30.25224],[-97.67211,30.2525],[-97.6722,30.25275],[-97.672,30.2533],[-97.67193,30.25436],[-97.67148,30.25484],[-97.67017,30.25584],[-97.66741,30.25746],[-97.66624,30.2583],[-97.6649,30.25954],[-97.66259,30.26126],[-97.66169,30.26177],[-97.66084,30.26196],[-97.66086,30.26212],[-97.66118,30.26228],[-97.66087,30.26231],[-97.65987,30.26195],[-97.66029,30.26191],[-97.66007,30.26135],[-97.65923,30.26151],[-97.65886,30.26172],[-97.65923,30.26204],[-97.65904,30.26228],[-97.65949,30.26235],[-97.65961,30.26221],[-97.6598,30.26225],[-97.65946,30.26238],[-97.65969,30.26243],[-97.65958,30.26247],[-97.65911,30.26232],[-97.65894,30.26266],[-97.65875,30.26254],[-97.65762,30.26275],[-97.65549,30.26277],[-97.65316,30.2626],[-97.65239,30.26287],[-97.65016,30.26287],[-97.64959,30.26307],[-97.64786,30.26314],[-97.64761,30.26338],[-97.64604,30.26359],[-97.64454,30.26341],[-97.64368,30.26323],[-97.64318,30.26296],[-97.64242,30.26288],[-97.64286,30.26218],[-97.64187,30.26105],[-97.64228,30.26017],[-97.64206,30.25934],[-97.64212,30.25716],[-97.64178,30.25648],[-97.64111,30.25598],[-97.64045,30.25582],[-97.63265,30.25523],[-97.63161,30.25499],[-97.62881,30.25565],[-97.62633,30.25487],[-97.62611,30.25384],[-97.62608,30.25124],[-97.62671,30.24934],[-97.63058,30.24344],[-97.63282,30.24092],[-97.63473,30.23972],[-97.64257,30.23758],[-97.64608,30.23706],[-97.64813,30.23658],[-97.64929,30.23621],[-97.65281,30.23456],[-97.65865,30.22809],[-97.6617,30.22526]],[[-97.64678,30.1944],[-97.65163,30.19843],[-97.64566,30.20369],[-97.6409,30.19973],[-97.64678,30.1944]],[[-97.78427,30.16233],[-97.78431,30.16322],[-97.78317,30.16417],[-97.78196,30.16301],[-97.78427,30.16233]],[[-97.78235,30.16355],[-97.78464,30.16577],[-97.78455,30.166],[-97.7822,30.16666],[-97.7816,30.16439],[-97.78198,30.16428],[-97.78175,30.1637],[-97.78235,30.16355]],[[-97.86226,30.14549],[-97.86345,30.14655],[-97.86614,30.14846],[-97.8675,30.14913],[-97.86723,30.15003],[-97.86679,30.15027],[-97.86549,30.14924],[-97.86168,30.14928],[-97.86169,30.14948],[-97.86537,30.14945],[-97.86681,30.15056],[-97.86707,30.15229],[-97.87161,30.1535],[-97.87429,30.15356],[-97.87456,30.17291],[-97.87033,30.17297],[-97.86848,30.17584],[-97.87007,30.17586],[-97.87025,30.1761],[-97.87008,30.1762],[-97.8698,30.17603],[-97.86887,30.17602],[-97.86811,30.17776],[-97.86751,30.17739],[-97.86175,30.17739],[-97.86175,30.17601],[-97.86156,30.17601],[-97.86156,30.17739],[-97.85837,30.17738],[-97.85931,30.17848],[-97.8568,30.17817],[-97.85647,30.17867],[-97.85334,30.17825],[-97.85343,30.17812],[-97.85314,30.17814],[-97.85616,30.17344],[-97.85567,30.17328],[-97.8504,30.17336],[-97.85018,30.15898],[-97.86014,30.15884],[-97.85999,30.15692],[-97.85926,30.15567],[-97.86213,30.15468],[-97.86241,30.15306],[-97.86266,30.15283],[-97.86188,30.15164],[-97.86185,30.15116],[-97.86207,30.15035],[-97.86193,30.1499],[-97.86117,30.14945],[-97.85951,30.14945],[-97.85927,30.14889],[-97.85916,30.14751],[-97.85936,30.14747],[-97.86001,30.1457],[-97.86115,30.14593],[-97.86198,30.14632],[-97.86226,30.14549]],[[-97.77796,30.17721],[-97.77692,30.17878],[-97.77677,30.17863],[-97.7764,30.17863],[-97.77626,30.1785],[-97.77659,30.17744],[-97.77796,30.17721]],[[-97.83236,30.16215],[-97.83321,30.1627],[-97.83428,30.16254],[-97.83404,30.16572],[-97.83451,30.16584],[-97.83449,30.16746],[-97.83556,30.16746],[-97.83562,30.17005],[-97.83058,30.17013],[-97.83058,30.16995],[-97.82996,30.16994],[-97.82996,30.17007],[-97.82932,30.16987],[-97.82876,30.17034],[-97.82825,30.17049],[-97.82755,30.17053],[-97.8273,30.17043],[-97.82723,30.17221],[-97.82443,30.17226],[-97.82507,30.17047],[-97.82715,30.16679],[-97.82814,30.16586],[-97.83018,30.16476],[-97.83079,30.1642],[-97.83236,30.16215]],[[-97.77657,30.14106],[-97.77711,30.14139],[-97.77733,30.14209],[-97.77728,30.14356],[-97.77759,30.14377],[-97.77834,30.14386],[-97.77839,30.14411],[-97.77797,30.14481],[-97.77592,30.14458],[-97.77598,30.14119],[-97.77657,30.14106]],[[-97.76635,30.14273],[-97.76754,30.14436],[-97.76956,30.14335],[-97.76959,30.14349],[-97.77252,30.14327],[-97.77345,30.14456],[-97.77349,30.14544],[-97.77449,30.14656],[-97.77523,30.1483],[-97.77676,30.15055],[-97.77751,30.15117],[-97.77839,30.15105],[-97.77933,30.15112],[-97.77994,30.15163],[-97.78021,30.15202],[-97.78059,30.15373],[-97.78063,30.1543],[-97.78046,30.1548],[-97.78115,30.15493],[-97.78246,30.1573],[-97.77794,30.15787],[-97.77571,30.15874],[-97.7758,30.15886],[-97.77395,30.15906],[-97.77563,30.16313],[-97.77675,30.16353],[-97.77663,30.16372],[-97.77694,30.16403],[-97.77628,30.16454],[-97.77558,30.16452],[-97.77535,30.16516],[-97.77714,30.16641],[-97.77837,30.16543],[-97.78022,30.16723],[-97.78004,30.16749],[-97.77977,30.17138],[-97.78189,30.17147],[-97.77956,30.17489],[-97.77777,30.17133],[-97.7683,30.17111],[-97.76823,30.17047],[-97.76836,30.17028],[-97.76811,30.1704],[-97.76483,30.1686],[-97.76389,30.1682],[-97.76442,30.16652],[-97.76366,30.1652],[-97.76379,30.16399],[-97.76287,30.16342],[-97.76203,30.16472],[-97.7607,30.16413],[-97.76448,30.15757],[-97.76245,30.15674],[-97.7621,30.15676],[-97.76187,30.15693],[-97.76228,30.15651],[-97.76194,30.15657],[-97.76498,30.15162],[-97.76557,30.15068],[-97.76572,30.15075],[-97.76726,30.14828],[-97.76725,30.14779],[-97.76638,30.14614],[-97.7636,30.15029],[-97.76135,30.1492],[-97.76381,30.14545],[-97.76341,30.14524],[-97.76461,30.14333],[-97.76479,30.14355],[-97.76635,30.14273]],[[-97.76975,30.17423],[-97.77001,30.17491],[-97.77327,30.17443],[-97.77371,30.17444],[-97.77443,30.17483],[-97.77452,30.17537],[-97.77319,30.17558],[-97.77325,30.17822],[-97.76995,30.17869],[-97.76972,30.17538],[-97.76931,30.1743],[-97.76975,30.17423]],[[-97.74978,30.15956],[-97.75087,30.16011],[-97.75069,30.16035],[-97.75026,30.16044],[-97.74947,30.16003],[-97.74978,30.15956]],[[-97.74923,30.15621],[-97.75229,30.15778],[-97.75161,30.15881],[-97.74861,30.15729],[-97.74923,30.15621]],[[-97.79746,30.12873],[-97.79957,30.12956],[-97.79903,30.13089],[-97.79682,30.13029],[-97.79746,30.12873]]]]}},
{"type":"Feature","properties":{"jurisdiction_type":"LTD","jurisdiction_label":"AUSTIN LTD"},"geometry":{"type":"Polygon","coordinates":[[[-97.59883,30.26552],[-97.59197,30.27635],[-97.59299,30.27681],[-97.59249,30.27759],[-97.59538,30.27903],[-97.59478,30.27997],[-97.59644,30.28106],[-97.60456,30.26828],[-97.59883,30.26552]]]}},
{"type":"Feature","properties":{"jurisdiction_type":"LTD","jurisdiction_label":"AUSTIN LTD"},"geometry":{"type":"Polygon","coordinates":[[[-97.52891,30.27274],[-97.52799,30.27417],[-97.53099,30.27561],[-97.5276,30.28132],[-97.53688,30.28582],[-97.54143,30.27861],[-97.52891,30.27274]]]}},
{"type":"Feature","properties":{"jurisdiction_type":"LTD","jurisdiction_label":"AUSTIN LTD"},"geometry":{"type":"Polygon","coordinates":[[[-97.90932,30.25978],[-97.90885,30.25985],[-97.90896,30.26008],[-97.9101,30.25986],[-97.91327,30.2584],[-97.92036,30.2508],[-97.92372,30.24759],[-97.92456,30.24715],[-97.92747,30.24645],[-97.92568,30.24545],[-97.9203,30.24065],[-97.91873,30.24308],[-97.91827,30.24279],[-97.91984,30.24035],[-97.91894,30.2395],[-97.91306,30.24862],[-97.91317,30.24906],[-97.91271,30.24977],[-97.91844,30.25259],[-97.91681,30.25431],[-97.9123,30.25213],[-97.91101,30.25421],[-97.91505,30.25617],[-97.91319,30.25823],[-97.91279,30.25849],[-97.91115,30.2592],[-97.91055,30.25818],[-97.90967,30.25858],[-97.90988,30.25892],[-97.90922,30.25899],[-97.90932,30.25978]],[[-97.92105,30.24988],[-97.92036,30.25059],[-97.91692,30.2488],[-97.91801,30.2472],[-97.92105,30.24988]],[[-97.91994,30.24647],[-97.91909,30.24555],[-97.9201,30.24423],[-97.92041,30.24444],[-97.92115,30.24542],[-97.91994,30.24647]]]}},
{"type":"Feature","properties":{"jurisdiction_type":"LTD","jurisdiction_label":"AUSTIN LTD"},"geometry":{"type":"Polygon","coordinates":[[[-97.90071,30.28926],[-97.90215,30.29184],[-97.90202,30.29229],[-97.90178,30.29273],[-97.90036,30.29408],[-97.89981,30.29449],[-97.89892,30.29485],[-97.89816,30.29542],[-97.89699,30.29693],[-97.8973,30.29791],[-97.89789,30.29866],[-97.90303,30.30285],[-97.90403,30.30341],[-97.90616,30.3041],[-97.90715,30.30459],[-97.90679,30.30919],[-97.90781,30.30949],[-97.90878,30.30951],[-97.90858,30.30887],[-97.90839,30.30635],[-97.90865,30.30432],[-97.90901,30.30275],[-97.90935,30.30195],[-97.9092,30.3019],[-97.90914,30.30119],[-97.9093,30.30027],[-97.91039,30.29748],[-97.91159,30.29508],[-97.91278,30.2934],[-97.91421,30.29187],[-97.91643,30.29009],[-97.9157,30.28876],[-97.91497,30.28648],[-97.91523,30.28356],[-97.9152,30.28032],[-97.91281,30.27614],[-97.91126,30.27306],[-97.90907,30.27013],[-97.90758,30.26747],[-97.90619,30.26128],[-97.90553,30.26039],[-97.90289,30.26061],[-97.90136,30.2602],[-97.90045,30.26009],[-97.89863,30.26273],[-97.89344,30.26019],[-97.89321,30.26055],[-97.89111,30.25957],[-97.89053,30.26042],[-97.88847,30.26065],[-97.88826,30.2593],[-97.88756,30.25926],[-97.88539,30.26161],[-97.88523,30.26149],[-97.88455,30.26211],[-97.88371,30.2626],[-97.88277,30.26217],[-97.88219,30.26317],[-97.88743,30.26571],[-97.88341,30.27203],[-97.88881,30.27473],[-97.88811,30.27577],[-97.88676,30.27507],[-97.88685,30.27573],[-97.88669,30.27806],[-97.88573,30.27953],[-97.88622,30.27977],[-97.88517,30.28136],[-97.88967,30.28353],[-97.88958,30.28424],[-97.8893,30.28481],[-97.88851,30.28572],[-97.88807,30.28673],[-97.88716,30.28722],[-97.88567,30.28646],[-97.88519,30.28535],[-97.88421,30.28511],[-97.88294,30.28386],[-97.88303,30.28501],[-97.88242,30.28663],[-97.88305,30.28648],[-97.8837,30.28663],[-97.88423,30.28697],[-97.88501,30.2878],[-97.88614,30.28919],[-97.88622,30.28991],[-97.88742,30.293],[-97.88832,30.29433],[-97.88921,30.29525],[-97.89062,30.29568],[-97.89165,30.29542],[-97.89599,30.29096],[-97.89655,30.29048],[-97.89798,30.28962],[-97.89898,30.28939],[-97.90071,30.28926]]]}},
{"type":"Feature","properties":{"jurisdiction_type":"LTD","jurisdiction_label":"AUSTIN LTD"},"geometry":{"type":"Polygon","coordinates":[[[-97.72007,30.16314],[-97.72379,30.16618],[-97.72838,30.15888],[-97.72341,30.15651],[-97.72321,30.15682],[-97.72288,30.15667],[-97.72307,30.15635],[-97.71823,30.1541],[-97.71835,30.15394],[-97.71973,30.15457],[-97.72035,30.15362],[-97.72117,30.15402],[-97.72234,30.15214],[-97.72473,30.15323],[-97.72684,30.14973],[-97.73014,30.15134],[-97.72883,30.15337],[-97.73108,30.15448],[-97.73125,30.15414],[-97.73161,30.1529],[-97.73158,30.15144],[-97.72925,30.1426],[-97.72896,30.14226],[-97.72689,30.1412],[-97.727,30.14104],[-97.72923,30.14214],[-97.73094,30.13958],[-97.73192,30.13804],[-97.73084,30.13746],[-97.73184,30.13591],[-97.73295,30.13646],[-97.73365,30.1354],[-97.73218,30.13461],[-97.7328,30.13362],[-97.73078,30.13263],[-97.73154,30.13148],[-97.73504,30.13322],[-97.7352,30.13298],[-97.73301,30.13189],[-97.7351,30.12859],[-97.71622,30.11952],[-97.70901,30.13103],[-97.71,30.13152],[-97.70945,30.13238],[-97.70846,30.1319],[-97.70604,30.13574],[-97.69621,30.13108],[-97.69694,30.14398],[-97.69723,30.14437],[-97.69975,30.14557],[-97.69755,30.14912],[-97.69728,30.1495],[-97.69714,30.1495],[-97.69695,30.15119],[-97.70168,30.15516],[-97.70397,30.15141],[-97.7052,30.15277],[-97.71056,30.157],[-97.71038,30.15729],[-97.7105,30.1574],[-97.71084,30.15655],[-97.71117,30.15664],[-97.71063,30.15751],[-97.71919,30.1645],[-97.72007,30.16314]],[[-97.73012,30.15243],[-97.73044,30.15243],[-97.73043,30.15271],[-97.73011,30.1527],[-97.73012,30.15243]],[[-97.6998,30.14835],[-97.69939,30.14894],[-97.69881,30.14854],[-97.69919,30.14793],[-97.6998,30.14835]],[[-97.72133,30.13932],[-97.7203,30.1388],[-97.72011,30.13909],[-97.71953,30.13881],[-97.71943,30.13895],[-97.71829,30.13837],[-97.71845,30.13812],[-97.71814,30.13796],[-97.71867,30.13708],[-97.72022,30.13785],[-97.72033,30.13768],[-97.72197,30.13849],[-97.72133,30.13932]],[[-97.71684,30.13716],[-97.71581,30.1367],[-97.71625,30.13596],[-97.71727,30.13643],[-97.71684,30.13716]],[[-97.71404,30.13651],[-97.71483,30.13527],[-97.71598,30.13584],[-97.71484,30.13692],[-97.71404,30.13651]],[[-97.70562,30.13688],[-97.70541,30.13678],[-97.70553,30.1366],[-97.70574,30.1367],[-97.70562,30.13688]],[[-97.71439,30.1288],[-97.71487,30.12904],[-97.71385,30.13066],[-97.71337,30.13043],[-97.71439,30.1288]]]}},
{"type":"Feature","properties":{"jurisdiction_type":"LTD","jurisdiction_label":"AUSTIN LTD"},"geometry":{"type":"Polygon","coordinates":[[[-97.66911,30.47081],[-97.67032,30.47033],[-97.67166,30.47007],[-97.67324,30.47012],[-97.67468,30.47037],[-97.67709,30.46659],[-97.67308,30.46454],[-97.67301,30.46465],[-97.67127,30.46379],[-97.67206,30.46632],[-97.67092,30.46814],[-97.67003,30.46636],[-97.66886,30.46261],[-97.67088,30.4636],[-97.66927,30.45847],[-97.66841,30.45805],[-97.67,30.45543],[-97.66677,30.45386],[-97.66667,30.45331],[-97.66669,30.45291],[-97.66699,30.45245],[-97.66674,30.45228],[-97.66691,30.45117],[-97.66716,30.45048],[-97.66708,30.45029],[-97.66821,30.44449],[-97.66724,30.44436],[-97.66608,30.45048],[-97.66153,30.44843],[-97.66135,30.44868],[-97.66157,30.44896],[-97.66145,30.4497],[-97.66171,30.45071],[-97.66537,30.45798],[-97.66351,30.45865],[-97.6631,30.45928],[-97.66406,30.45986],[-97.66466,30.46094],[-97.66473,30.46132],[-97.66532,30.46134],[-97.66569,30.46205],[-97.66591,30.4617],[-97.66807,30.46856],[-97.66775,30.46906],[-97.66873,30.46959],[-97.66911,30.47081]],[[-97.67268,30.46863],[-97.67174,30.46899],[-97.67149,30.46933],[-97.67129,30.46888],[-97.67237,30.46845],[-97.67264,30.46786],[-97.67302,30.46763],[-97.67305,30.4675],[-97.67279,30.46723],[-97.67282,30.46705],[-97.67301,30.46696],[-97.67299,30.46646],[-97.67329,30.4662],[-97.67384,30.46617],[-97.67435,30.46541],[-97.67631,30.46646],[-97.67642,30.46707],[-97.67563,30.46841],[-97.67362,30.46757],[-97.67268,30.46863]],[[-97.66506,30.45571],[-97.6645,30.45545],[-97.66288,30.45217],[-97.66551,30.45344],[-97.66506,30.45571]]]}},
{"type":"Feature","properties":{"jurisdiction_type":"LTD","jurisdiction_label":"AUSTIN LTD"},"geometry":{"type":"Polygon","coordinates":[[[-97.81164,30.12547],[-97.81136,30.1149],[-97.80773,30.11484],[-97.80724,30.11471],[-97.80695,30.11448],[-97.80626,30.11562],[-97.80237,30.12542],[-97.80234,30.12581],[-97.80309,30.12617],[-97.80359,30.12538],[-97.80484,30.12597],[-97.80415,30.12705],[-97.80386,30.12692],[-97.80137,30.13165],[-97.80126,30.13226],[-97.80176,30.13255],[-97.80131,30.13492],[-97.80258,30.13483],[-97.80394,30.13451],[-97.80503,30.13409],[-97.80658,30.1329],[-97.80791,30.13232],[-97.80902,30.13224],[-97.80955,30.13234],[-97.81013,30.13303],[-97.81039,30.13307],[-97.81094,30.13176],[-97.81178,30.13066],[-97.81219,30.12823],[-97.81218,30.12714],[-97.81164,30.12547]]]}},
{"type":"Feature","properties":{"jurisdiction_type":"LTD","jurisdiction_label":"AUSTIN LTD"},"geometry":{"type":"Polygon","coordinates":[[[-97.81389,30.34558],[-97.81809,30.34754],[-97.81987,30.34432],[-97.82015,30.34422],[-97.8249,30.3465],[-97.83353,30.33267],[-97.83327,30.33182],[-97.83343,30.3309],[-97.83311,30.33039],[-97.8328,30.33025],[-97.83235,30.3303],[-97.83141,30.33108],[-97.8305,30.33106],[-97.82947,30.3315],[-97.82874,30.33154],[-97.8282,30.33138],[-97.82857,30.33081],[-97.8304,30.32894],[-97.83022,30.32874],[-97.83033,30.32859],[-97.82999,30.32818],[-97.82932,30.32789],[-97.82881,30.32816],[-97.8282,30.32885],[-97.82749,30.32932],[-97.82746,30.32946],[-97.82809,30.33036],[-97.82805,30.3305],[-97.82747,30.33056],[-97.82714,30.33014],[-97.82689,30.33016],[-97.82664,30.33042],[-97.82654,30.33081],[-97.82551,30.33197],[-97.82507,30.33214],[-97.82462,30.33279],[-97.82478,30.3333],[-97.82475,30.33455],[-97.82497,30.33471],[-97.82532,30.33472],[-97.82512,30.33508],[-97.82579,30.33591],[-97.82574,30.33676],[-97.82552,30.33591],[-97.82446,30.33489],[-97.82414,30.33381],[-97.82389,30.33374],[-97.8231,30.33414],[-97.82074,30.33616],[-97.8214,30.33646],[-97.8214,30.3368],[-97.82112,30.33695],[-97.82022,30.33659],[-97.81897,30.33794],[-97.81905,30.33812],[-97.81977,30.33832],[-97.81878,30.33817],[-97.81852,30.3384],[-97.81711,30.34005],[-97.81582,30.34212],[-97.81596,30.34231],[-97.81646,30.34227],[-97.81693,30.34188],[-97.81745,30.34192],[-97.81698,30.34217],[-97.81666,30.34256],[-97.81618,30.34267],[-97.81623,30.34297],[-97.81545,30.34275],[-97.81513,30.34318],[-97.81513,30.34374],[-97.81453,30.34434],[-97.8145,30.34477],[-97.81438,30.34481],[-97.81463,30.34513],[-97.8143,30.34566],[-97.81397,30.3455],[-97.81389,30.34558]],[[-97.82246,30.33753],[-97.82386,30.33779],[-97.82482,30.33927],[-97.82516,30.34067],[-97.82442,30.34165],[-97.82432,30.34209],[-97.82269,30.34047],[-97.82199,30.34029],[-97.82258,30.339],[-97.82184,30.33871],[-97.82078,30.33884],[-97.82159,30.33765],[-97.82246,30.33753]],[[-97.8205,30.34142],[-97.82007,30.34161],[-97.81997,30.34062],[-97.82102,30.34029],[-97.82119,30.34144],[-97.8205,30.34142]]]}},
{"type":"Feature","properties":{"jurisdiction_type":"LTD","jurisdiction_label":"AUSTIN LTD"},"geometry":{"type":"Polygon","coordinates":[[[-97.91366,30.38875],[-97.91199,30.39096],[-97.9103,30.39191],[-97.90945,30.39261],[-97.90778,30.39328],[-97.90858,30.39459],[-97.91019,30.39385],[-97.91143,30.39291],[-97.91297,30.39218],[-97.91476,30.38977],[-97.91575,30.38868],[-97.91658,30.38672],[-97.91691,30.38411],[-97.91685,30.37846],[-97.91691,30.37812],[-97.91755,30.37795],[-97.91798,30.37765],[-97.91827,30.37724],[-97.91838,30.37669],[-97.9183,30.37622],[-97.91784,30.37543],[-97.91689,30.37489],[-97.91676,30.37116],[-97.91654,30.37065],[-97.91633,30.36756],[-97.91639,30.36693],[-97.91582,30.36435],[-97.91658,30.36419],[-97.91701,30.36389],[-97.9173,30.36348],[-97.91751,30.36263],[-97.91742,30.36215],[-97.91712,30.36165],[-97.91663,30.36128],[-97.91575,30.36098],[-97.91604,30.35991],[-97.91697,30.35948],[-97.91746,30.35891],[-97.91755,30.3582],[-97.91732,30.35768],[-97.91785,30.35684],[-97.91806,30.35615],[-97.91993,30.35666],[-97.9203,30.35736],[-97.92108,30.35784],[-97.92189,30.35792],[-97.92241,30.35777],[-97.92284,30.35747],[-97.92321,30.35683],[-97.92324,30.35604],[-97.92313,30.35542],[-97.92282,30.35484],[-97.9219,30.35412],[-97.92011,30.35357],[-97.92409,30.35022],[-97.92462,30.35006],[-97.92505,30.34976],[-97.92572,30.34872],[-97.92746,30.34685],[-97.92802,30.34638],[-97.92871,30.34622],[-97.92925,30.34583],[-97.92954,30.34542],[-97.92964,30.34482],[-97.9302,30.34418],[-97.93194,30.34248],[-97.93271,30.34188],[-97.93324,30.34172],[-97.93367,30.34142],[-97.93395,30.34101],[-97.93406,30.34051],[-97.93522,30.33923],[-97.93616,30.33936],[-97.93668,30.3392],[-97.93711,30.3389],[-97.9375,30.33804],[-97.93809,30.33751],[-97.93834,30.33698],[-97.93835,30.3364],[-97.93812,30.33586],[-97.93773,30.33545],[-97.93722,30.33517],[-97.93724,30.3339],[-97.93695,30.33232],[-97.93631,30.33092],[-97.93662,30.32998],[-97.93654,30.32951],[-97.93627,30.32909],[-97.93556,30.32862],[-97.93502,30.32853],[-97.93447,30.32861],[-97.93044,30.32541],[-97.92763,30.3246],[-97.92645,30.32467],[-97.92355,30.3244],[-97.92173,30.32393],[-97.92113,30.3249],[-97.92301,30.3249],[-97.92482,30.32512],[-97.9277,30.32591],[-97.92865,30.32627],[-97.92935,30.32675],[-97.92965,30.32661],[-97.92966,30.32683],[-97.93236,30.3287],[-97.93438,30.3306],[-97.93468,30.33055],[-97.93498,30.3299],[-97.93453,30.33092],[-97.93537,30.33249],[-97.93568,30.33433],[-97.93559,30.33536],[-97.93526,30.33651],[-97.9354,30.33668],[-97.93571,30.33674],[-97.93655,30.33642],[-97.93678,30.33671],[-97.93629,30.33709],[-97.93592,30.338],[-97.93588,30.33752],[-97.93629,30.33678],[-97.9361,30.33674],[-97.93566,30.33696],[-97.93498,30.3368],[-97.93406,30.33828],[-97.93245,30.33993],[-97.93235,30.34028],[-97.93248,30.34052],[-97.93212,30.34029],[-97.93129,30.34123],[-97.93102,30.34134],[-97.92961,30.34264],[-97.9278,30.34456],[-97.92806,30.34493],[-97.92795,30.34501],[-97.92792,30.3448],[-97.92767,30.34474],[-97.92708,30.34521],[-97.92416,30.34817],[-97.92419,30.34837],[-97.92383,30.3485],[-97.92386,30.34886],[-97.92374,30.34875],[-97.92348,30.34881],[-97.92149,30.35042],[-97.91892,30.35265],[-97.91794,30.35377],[-97.91785,30.35408],[-97.91813,30.35441],[-97.91862,30.35467],[-97.92135,30.35543],[-97.92164,30.35589],[-97.92165,30.35656],[-97.92149,30.35643],[-97.92151,30.35576],[-97.92138,30.35563],[-97.91816,30.35476],[-97.91753,30.35436],[-97.91732,30.35486],[-97.91697,30.35507],[-97.91654,30.35567],[-97.91629,30.35608],[-97.91637,30.35634],[-97.91612,30.35642],[-97.91581,30.35692],[-97.91589,30.35711],[-97.91568,30.35715],[-97.9152,30.3581],[-97.91521,30.35841],[-97.91545,30.35818],[-97.91557,30.35832],[-97.91598,30.35841],[-97.91556,30.3586],[-97.91544,30.35833],[-97.9152,30.35854],[-97.91492,30.35848],[-97.91425,30.36029],[-97.91404,30.36177],[-97.91412,30.36211],[-97.91441,30.3625],[-97.91516,30.36245],[-97.91535,30.3623],[-97.91543,30.36251],[-97.91572,30.36243],[-97.91592,30.36259],[-97.91582,30.36297],[-97.91574,30.36265],[-97.91529,30.36259],[-97.9142,30.36267],[-97.9141,30.36288],[-97.91462,30.36699],[-97.91483,30.36714],[-97.91466,30.36726],[-97.91487,30.36893],[-97.91557,30.36871],[-97.91554,30.36913],[-97.91488,30.36933],[-97.91492,30.37081],[-97.91519,30.37137],[-97.91523,30.37692],[-97.91537,30.377],[-97.91609,30.37639],[-97.91651,30.37622],[-97.9168,30.37666],[-97.91666,30.37674],[-97.91656,30.37645],[-97.9164,30.37641],[-97.91582,30.37697],[-97.91531,30.37721],[-97.91522,30.37741],[-97.91536,30.38274],[-97.91517,30.38574],[-97.91489,30.38695],[-97.91415,30.38842],[-97.91384,30.38876],[-97.91366,30.38875]]]}},
{"type":"Feature","properties":{"jurisdiction_type":"LTD","jurisdiction_label":"AUSTIN LTD"},"geometry":{"type":"Polygon","coordinates":[[[-97.90591,30.16341],[-97.90629,30.16437],[-97.90792,30.16371],[-97.90795,30.16357],[-97.90688,30.16364],[-97.90591,30.16341]]]}},
{"type":"Feature","properties":{"jurisdiction_type":"LTD","jurisdiction_label":"AUSTIN LTD"},"geometry":{"type":"Polygon","coordinates":[[[-97.66856,30.44421],[-97.66932,30.44459],[-97.66991,30.44365],[-97.66875,30.4431],[-97.66856,30.44421]]]}},
{"type":"Feature","properties":{"jurisdiction_type":"LTD","jurisdiction_label":"AUSTIN LTD"},"geometry":{"type":"Polygon","coordinates":[[[-97.66619,30.36622],[-97.66782,30.36702],[-97.66756,30.36743],[-97.66852,30.36778],[-97.66863,30.36697],[-97.66828,30.36332],[-97.66602,30.36224],[-97.66557,30.36369],[-97.66514,30.36377],[-97.66503,30.36401],[-97.66519,30.3644],[-97.66393,30.36454],[-97.66651,30.36582],[-97.66619,30.36622]]]}},
{"type":"Feature","properties":{"jurisdiction_type":"LTD","jurisdiction_label":"AUSTIN LTD"},"geometry":{"type":"Polygon","coordinates":[[[-97.65593,30.16026],[-97.66241,30.16344],[-97.66376,30.16131],[-97.66297,30.16095],[-97.6625,30.16174],[-97.65677,30.15895],[-97.65593,30.16026]]]}},
{"type":"Feature","properties":{"jurisdiction_type":"LTD","jurisdiction_label":"AUSTIN LTD"},"geometry":{"type":"Polygon","coordinates":[[[-97.82308,30.45082],[-97.82465,30.44839],[-97.82318,30.44756],[-97.82086,30.45117],[-97.82344,30.45364],[-97.82531,30.45192],[-97.82308,30.45082]]]}},
{"type":"Feature","properties":{"jurisdiction_type":"LTD","jurisdiction_label":"AUSTIN LTD"},"geometry":{"type":"Polygon","coordinates":[[[-97.87959,30.39661],[-97.88007,30.39801],[-97.8809,30.39762],[-97.88103,30.39709],[-97.88093,30.39685],[-97.87959,30.39661]]]}},
{"type":"Feature","properties":{"jurisdiction_type":"LTD","jurisdiction_label":"AUSTIN LTD"},"geometry":{"type":"Polygon","coordinates":[[[-97.74278,30.44383],[-97.74216,30.44405],[-97.74345,30.4465],[-97.74461,30.44808],[-97.74753,30.45071],[-97.75036,30.45275],[-97.75128,30.45378],[-97.7522,30.45544],[-97.75403,30.46052],[-97.75483,30.46029],[-97.75275,30.45501],[-97.75182,30.45345],[-97.75061,30.4522],[-97.74809,30.45041],[-97.74551,30.44818],[-97.74413,30.44644],[-97.74278,30.44383]]]}},
{"type":"Feature","properties":{"jurisdiction_type":"LTD","jurisdiction_label":"AUSTIN LTD"},"geometry":{"type":"Polygon","coordinates":[[[-97.87904,30.3981],[-97.87863,30.39858],[-97.87953,30.39893],[-97.88048,30.39963],[-97.88089,30.3991],[-97.87999,30.39841],[-97.87923,30.39825],[-97.87904,30.3981]]]}},
{"type":"Feature","properties":{"jurisdiction_type":"LTD","jurisdiction_label":"AUSTIN LTD"},"geometry":{"type":"Polygon","coordinates":[[[-97.83088,30.44134],[-97.83371,30.44284],[-97.83463,30.44144],[-97.83677,30.43925],[-97.83355,30.4381],[-97.83304,30.43898],[-97.8354,30.44002],[-97.83529,30.44013],[-97.83138,30.43841],[-97.83062,30.43968],[-97.8316,30.44014],[-97.83088,30.44134]]]}},
{"type":"Feature","properties":{"jurisdiction_type":"LTD","jurisdiction_label":"AUSTIN LTD"},"geometry":{"type":"Polygon","coordinates":[[[-97.83501,30.29807],[-97.83566,30.29898],[-97.83714,30.29871],[-97.836,30.29722],[-97.83543,30.29692],[-97.83462,30.29681],[-97.83445,30.29591],[-97.83398,30.29589],[-97.8306,30.29442],[-97.83105,30.29307],[-97.83045,30.29281],[-97.83069,30.29192],[-97.83112,30.29127],[-97.83074,30.29105],[-97.83032,30.29169],[-97.82914,30.29531],[-97.82936,30.29637],[-97.83234,30.29688],[-97.83339,30.29683],[-97.83366,30.29805],[-97.83501,30.29807]]]}},
{"type":"Feature","properties":{"jurisdiction_type":"LTD","jurisdiction_label":"AUSTIN LTD"},"geometry":{"type":"Polygon","coordinates":[[[-97.84955,30.24819],[-97.84864,30.24955],[-97.85713,30.25361],[-97.85825,30.25187],[-97.85294,30.24985],[-97.84955,30.24819]]]}},
{"type":"Feature","properties":{"jurisdiction_type":"LTD","jurisdiction_label":"AUSTIN LTD"},"geometry":{"type":"Polygon","coordinates":[[[-97.84903,30.344],[-97.8498,30.3439],[-97.84943,30.34338],[-97.8491,30.34212],[-97.85028,30.342],[-97.85136,30.34152],[-97.85187,30.3409],[-97.85258,30.34091],[-97.85322,30.34065],[-97.85377,30.33995],[-97.85371,30.33904],[-97.85233,30.33896],[-97.85123,30.33868],[-97.85121,30.3393],[-97.85055,30.33926],[-97.85165,30.33953],[-97.85005,30.33947],[-97.84951,30.33918],[-97.84882,30.33841],[-97.84834,30.33832],[-97.84793,30.3384],[-97.84863,30.33909],[-97.84894,30.33983],[-97.84943,30.34008],[-97.84967,30.34044],[-97.85008,30.34057],[-97.84957,30.34073],[-97.84883,30.34038],[-97.84807,30.34073],[-97.84764,30.34069],[-97.84714,30.34084],[-97.84747,30.3418],[-97.84727,30.34198],[-97.84731,30.34227],[-97.84756,30.34239],[-97.84776,30.3432],[-97.84793,30.34337],[-97.84778,30.34375],[-97.848,30.34377],[-97.84796,30.34385],[-97.84896,30.34374],[-97.84903,30.344]],[[-97.85,30.34131],[-97.8494,30.34203],[-97.84893,30.34105],[-97.84937,30.34077],[-97.85,30.34131]]]}},
{"type":"Feature","properties":{"jurisdiction_type":"LTD","jurisdiction_label":"AUSTIN LTD"},"geometry":{"type":"Polygon","coordinates":[[[-97.8307,30.3268],[-97.82973,30.32744],[-97.82987,30.32777],[-97.83058,30.32822],[-97.8304,30.32831],[-97.83048,30.32886],[-97.83101,30.32832],[-97.83029,30.3275],[-97.83259,30.32639],[-97.8324,30.32634],[-97.83208,30.32654],[-97.83185,30.3263],[-97.83175,30.32644],[-97.83096,30.32666],[-97.83088,30.32682],[-97.8307,30.3268]]]}},
{"type":"Feature","properties":{"jurisdiction_type":"LTD","jurisdiction_label":"AUSTIN LTD"},"geometry":{"type":"Polygon","coordinates":[[[-97.78061,30.39274],[-97.77869,30.39206],[-97.77879,30.39189],[-97.77863,30.39137],[-97.77827,30.39096],[-97.77587,30.39078],[-97.77506,30.39034],[-97.77742,30.38965],[-97.77699,30.38833],[-97.77425,30.38914],[-97.77418,30.38885],[-97.77398,30.38891],[-97.77407,30.38957],[-97.77429,30.39],[-97.7754,30.39082],[-97.77621,30.39102],[-97.77803,30.3911],[-97.77841,30.39153],[-97.77851,30.39182],[-97.77746,30.39363],[-97.77694,30.39545],[-97.77727,30.39622],[-97.77859,30.39711],[-97.7776,30.39697],[-97.77727,30.39739],[-97.77823,30.39783],[-97.77842,30.39759],[-97.77909,30.39736],[-97.78153,30.3981],[-97.78277,30.3992],[-97.78187,30.39991],[-97.78158,30.40174],[-97.78301,30.403],[-97.78333,30.40432],[-97.78326,30.40489],[-97.78218,30.40438],[-97.77779,30.41126],[-97.78104,30.4128],[-97.78162,30.41193],[-97.78238,30.4123],[-97.78161,30.41541],[-97.7799,30.41526],[-97.77976,30.41627],[-97.78088,30.41637],[-97.78086,30.41661],[-97.78142,30.41666],[-97.78089,30.41846],[-97.78181,30.41865],[-97.78165,30.41962],[-97.78069,30.41952],[-97.78049,30.42067],[-97.7796,30.42321],[-97.77918,30.42311],[-97.77845,30.42429],[-97.77718,30.42534],[-97.77774,30.42662],[-97.78133,30.42836],[-97.78119,30.42807],[-97.77929,30.42618],[-97.77962,30.42565],[-97.78063,30.42666],[-97.78158,30.42721],[-97.78263,30.42729],[-97.7829,30.42706],[-97.78206,30.42659],[-97.782,30.42644],[-97.78218,30.42615],[-97.78347,30.42629],[-97.78371,30.42579],[-97.78352,30.42566],[-97.78434,30.42517],[-97.78453,30.42541],[-97.78454,30.42443],[-97.78295,30.42367],[-97.78477,30.42081],[-97.78349,30.42059],[-97.78384,30.42016],[-97.78488,30.42066],[-97.78783,30.41617],[-97.78733,30.4159],[-97.78768,30.41546],[-97.78848,30.41496],[-97.78848,30.41474],[-97.78902,30.4142],[-97.78945,30.41418],[-97.78988,30.41381],[-97.79055,30.41358],[-97.79077,30.41171],[-97.7897,30.41008],[-97.79094,30.40845],[-97.78346,30.40504],[-97.78347,30.40382],[-97.78556,30.40415],[-97.7847,30.40334],[-97.78379,30.40188],[-97.78306,30.39972],[-97.78314,30.39954],[-97.78362,30.40017],[-97.78454,30.40225],[-97.78559,30.40374],[-97.78651,30.40439],[-97.78819,30.40495],[-97.78939,30.40594],[-97.78982,30.4067],[-97.79218,30.4087],[-97.79224,30.40921],[-97.79194,30.41052],[-97.79234,30.41288],[-97.79286,30.41356],[-97.7948,30.41525],[-97.79502,30.41575],[-97.79497,30.4173],[-97.79401,30.41878],[-97.7937,30.42002],[-97.79373,30.42087],[-97.79386,30.42084],[-97.79393,30.41997],[-97.79462,30.41997],[-97.79519,30.41972],[-97.79522,30.41948],[-97.79409,30.41923],[-97.79427,30.4186],[-97.79522,30.41712],[-97.79538,30.41576],[-97.79516,30.41528],[-97.79338,30.41374],[-97.79258,30.4127],[-97.7923,30.41083],[-97.79259,30.40922],[-97.79246,30.40866],[-97.78996,30.40659],[-97.78951,30.40584],[-97.7883,30.40481],[-97.78646,30.40409],[-97.7856,30.40342],[-97.78463,30.40205],[-97.7838,30.40015],[-97.78321,30.39943],[-97.7831,30.39846],[-97.78324,30.39838],[-97.78252,30.39729],[-97.7802,30.39662],[-97.78012,30.39569],[-97.77926,30.39525],[-97.77892,30.39549],[-97.7788,30.39535],[-97.77898,30.39499],[-97.77903,30.39419],[-97.7792,30.39414],[-97.77974,30.39454],[-97.78037,30.39452],[-97.78054,30.39446],[-97.78065,30.39409],[-97.78209,30.39329],[-97.78281,30.39355],[-97.78346,30.39337],[-97.78548,30.39433],[-97.78639,30.39289],[-97.78357,30.39155],[-97.78281,30.39276],[-97.78126,30.39188],[-97.78061,30.39274],[-97.78164,30.39333],[-97.78051,30.394],[-97.78039,30.39435],[-97.77978,30.39438],[-97.77904,30.39381],[-97.77917,30.39296],[-97.78013,30.39336],[-97.78061,30.39274]],[[-97.77751,30.3962],[-97.77721,30.39581],[-97.77717,30.39536],[-97.77757,30.39397],[-97.77824,30.39273],[-97.77897,30.39311],[-97.77874,30.39511],[-97.77851,30.39544],[-97.77751,30.3962]]]}},
{"type":"Feature","properties":{"jurisdiction_type":"LTD","jurisdiction_label":"AUSTIN LTD"},"geometry":{"type":"Polygon","coordinates":[[[-97.79138,30.09308],[-97.79165,30.09327],[-97.79249,30.09457],[-97.79308,30.09482],[-97.80306,30.09469],[-97.8027,30.09276],[-97.80265,30.08791],[-97.80198,30.08759],[-97.80157,30.0876],[-97.79832,30.08658],[-97.79468,30.08594],[-97.79439,30.08606],[-97.79137,30.08624],[-97.78889,30.08674],[-97.78937,30.07949],[-97.78773,30.07667],[-97.78759,30.07558],[-97.7864,30.07583],[-97.78175,30.08089],[-97.78203,30.09283],[-97.78287,30.09321],[-97.79138,30.09308]]]}},
{"type":"Feature","properties":{"jurisdiction_type":"LTD","jurisdiction_label":"AUSTIN LTD"},"geometry":{"type":"Polygon","coordinates":[[[-97.70622,30.47915],[-97.71549,30.50249],[-97.71593,30.50518],[-97.71592,30.50719],[-97.72143,30.49924],[-97.72305,30.49714],[-97.719,30.48718],[-97.72198,30.48629],[-97.71906,30.47895],[-97.72201,30.47804],[-97.72076,30.47495],[-97.72463,30.47376],[-97.72522,30.47559],[-97.72549,30.47596],[-97.72774,30.48141],[-97.73162,30.48033],[-97.7331,30.4839],[-97.73517,30.48271],[-97.73634,30.4823],[-97.75027,30.47955],[-97.75174,30.4794],[-97.754,30.47845],[-97.76398,30.47533],[-97.76019,30.46664],[-97.75892,30.46524],[-97.75681,30.46384],[-97.75579,30.46298],[-97.75493,30.462],[-97.75426,30.46091],[-97.75141,30.46183],[-97.75017,30.46206],[-97.74906,30.4621],[-97.74633,30.46179],[-97.74532,30.46182],[-97.74499,30.45906],[-97.74694,30.45691],[-97.74661,30.45675],[-97.74632,30.45638],[-97.74659,30.45588],[-97.74629,30.45546],[-97.74565,30.45514],[-97.74311,30.45468],[-97.74249,30.45498],[-97.74207,30.45532],[-97.74203,30.45551],[-97.7414,30.45576],[-97.74102,30.45566],[-97.74046,30.45516],[-97.73992,30.45521],[-97.73953,30.45559],[-97.73927,30.4554],[-97.73913,30.45475],[-97.73838,30.45411],[-97.73836,30.45374],[-97.73782,30.45281],[-97.73767,30.4522],[-97.7369,30.45134],[-97.7401,30.44959],[-97.74158,30.44806],[-97.73982,30.44483],[-97.73941,30.44495],[-97.73875,30.44368],[-97.73738,30.44199],[-97.73597,30.44098],[-97.73554,30.44118],[-97.7339,30.44123],[-97.73303,30.44066],[-97.73243,30.43997],[-97.73145,30.43945],[-97.72936,30.43944],[-97.72835,30.43921],[-97.72823,30.43906],[-97.72853,30.43725],[-97.72959,30.43799],[-97.72976,30.43781],[-97.7283,30.43672],[-97.72849,30.43575],[-97.71959,30.43116],[-97.71559,30.4373],[-97.711,30.43512],[-97.71163,30.43406],[-97.71086,30.4337],[-97.70812,30.43816],[-97.70202,30.43507],[-97.70075,30.43854],[-97.70211,30.44087],[-97.70419,30.44172],[-97.70553,30.43964],[-97.70665,30.44017],[-97.70776,30.44105],[-97.70672,30.44271],[-97.71233,30.44499],[-97.70868,30.45061],[-97.70463,30.44866],[-97.70413,30.44948],[-97.70388,30.44953],[-97.70316,30.44927],[-97.70252,30.45027],[-97.70219,30.45035],[-97.70173,30.45025],[-97.70031,30.45252],[-97.69911,30.45196],[-97.69558,30.45214],[-97.69526,30.45831],[-97.69464,30.46291],[-97.69866,30.46486],[-97.6938,30.4694],[-97.69358,30.4693],[-97.6928,30.47054],[-97.69112,30.47215],[-97.69113,30.4726],[-97.69204,30.47328],[-97.69333,30.47499],[-97.69371,30.47591],[-97.69427,30.47864],[-97.70395,30.47918],[-97.70438,30.47932],[-97.70466,30.47886],[-97.70622,30.47915]],[[-97.74091,30.45689],[-97.74166,30.45872],[-97.73942,30.45946],[-97.73861,30.45763],[-97.74091,30.45689]],[[-97.73934,30.4495],[-97.73025,30.45214],[-97.72869,30.44825],[-97.72773,30.44824],[-97.72706,30.44635],[-97.73497,30.44401],[-97.73469,30.44618],[-97.7345,30.44653],[-97.73479,30.44726],[-97.73832,30.44627],[-97.73934,30.4495]]]}},
{"type":"Feature","properties":{"jurisdiction_type":"LTD","jurisdiction_label":"AUSTIN LTD"},"geometry":{"type":"Polygon","coordinates":[[[-97.89508,30.33488],[-97.89641,30.3397],[-97.89665,30.33986],[-97.89836,30.33911],[-97.89843,30.33887],[-97.89885,30.33885],[-97.90043,30.33782],[-97.90234,30.3362],[-97.90227,30.33535],[-97.90187,30.33478],[-97.90216,30.33497],[-97.90262,30.33586],[-97.90434,30.33443],[-97.90833,30.33039],[-97.90837,30.32991],[-97.9082,30.3294],[-97.90739,30.32778],[-97.9117,30.32108],[-97.91137,30.32072],[-97.9108,30.31947],[-97.91044,30.31721],[-97.91068,30.31545],[-97.91002,30.31374],[-97.90956,30.31301],[-97.90882,30.31011],[-97.90856,30.31012],[-97.9069,30.31254],[-97.89923,30.32378],[-97.89506,30.33023],[-97.8927,30.3291],[-97.89186,30.3298],[-97.89185,30.33062],[-97.89222,30.33155],[-97.89279,30.33211],[-97.89327,30.33196],[-97.89357,30.33211],[-97.89393,30.33263],[-97.89445,30.33287],[-97.8946,30.33338],[-97.89419,30.33363],[-97.89285,30.33358],[-97.89254,30.33383],[-97.89287,30.33417],[-97.89282,30.33469],[-97.89322,30.3352],[-97.89508,30.33488]]]}},
{"type":"Feature","properties":{"jurisdiction_type":"LTD","jurisdiction_label":"AUSTIN LTD"},"geometry":{"type":"Polygon","coordinates":[[[-97.67176,30.427],[-97.67152,30.42829],[-97.67276,30.42892],[-97.67296,30.42758],[-97.67176,30.427]]]}},
{"type":"Feature","properties":{"jurisdiction_type":"LTD","jurisdiction_label":"AUSTIN LTD"},"geometry":{"type":"Polygon","coordinates":[[[-97.66927,30.45847],[-97.67088,30.4636],[-97.67301,30.46465],[-97.67517,30.46135],[-97.66927,30.45847]]]}},
{"type":"Feature","properties":{"jurisdiction_type":"LTD","jurisdiction_label":"AUSTIN LTD"},"geometry":{"type":"Polygon","coordinates":[[[-97.84105,30.38418],[-97.83958,30.38644],[-97.84485,30.38906],[-97.8454,30.38811],[-97.84615,30.38844],[-97.84554,30.38666],[-97.84682,30.38628],[-97.84713,30.3854],[-97.8455,30.38492],[-97.84527,30.38584],[-97.84547,30.38634],[-97.84105,30.38418]]]}},
{"type":"Feature","properties":{"jurisdiction_type":"LTD","jurisdiction_label":"AUSTIN LTD"},"geometry":{"type":"Polygon","coordinates":[[[-97.80696,30.37276],[-97.80752,30.37293],[-97.80761,30.37262],[-97.80706,30.37246],[-97.80696,30.37276]]]}},
{"type":"Feature","properties":{"jurisdiction_type":"LTD","jurisdiction_label":"AUSTIN LTD"},"geometry":{"type":"Polygon","coordinates":[[[-97.83352,30.33072],[-97.83343,30.33187],[-97.83362,30.33252],[-97.83496,30.33042],[-97.83444,30.32975],[-97.83352,30.33072]]]}},
{"type":"Feature","properties":{"jurisdiction_type":"LTD","jurisdiction_label":"AUSTIN LTD"},"geometry":{"type":"Polygon","coordinates":[[[-97.86674,30.25592],[-97.86551,30.25778],[-97.8737,30.26174],[-97.87505,30.25976],[-97.86998,30.25724],[-97.86865,30.25694],[-97.86674,30.25592]]]}},
{"type":"Feature","properties":{"jurisdiction_type":"LTD","jurisdiction_label":"AUSTIN LTD"},"geometry":{"type":"Polygon","coordinates":[[[-97.74337,30.44694],[-97.74176,30.44395],[-97.74128,30.44412],[-97.7409,30.44336],[-97.74166,30.44307],[-97.74128,30.44241],[-97.74012,30.44088],[-97.73901,30.43983],[-97.73879,30.43965],[-97.7376,30.4405],[-97.7373,30.44047],[-97.73597,30.44098],[-97.73738,30.44199],[-97.73875,30.44368],[-97.73941,30.44495],[-97.73982,30.44483],[-97.74158,30.44806],[-97.74229,30.4474],[-97.74337,30.44694]]]}},
{"type":"Feature","properties":{"jurisdiction_type":"LTD","jurisdiction_label":"AUSTIN LTD"},"geometry":{"type":"Polygon","coordinates":[[[-97.89001,30.34526],[-97.88922,30.34651],[-97.8899,30.34667],[-97.8908,30.34644],[-97.89144,30.34581],[-97.8916,30.34524],[-97.89001,30.34526]]]}},
{"type":"Feature","properties":{"jurisdiction_type":"LTD","jurisdiction_label":"AUSTIN LTD"},"geometry":{"type":"Polygon","coordinates":[[[-97.80346,30.35037],[-97.80447,30.35029],[-97.80529,30.3504],[-97.8059,30.35029],[-97.80682,30.34965],[-97.80729,30.34951],[-97.80835,30.34866],[-97.81041,30.34544],[-97.81072,30.34489],[-97.81072,30.34449],[-97.81102,30.34434],[-97.81269,30.34168],[-97.81333,30.34024],[-97.81446,30.33863],[-97.81481,30.338],[-97.81475,30.33789],[-97.81554,30.33733],[-97.8158,30.33685],[-97.81629,30.33653],[-97.81671,30.33591],[-97.81738,30.33548],[-97.81769,30.33494],[-97.82008,30.33306],[-97.82162,30.33133],[-97.82253,30.33049],[-97.82314,30.33013],[-97.82406,30.32913],[-97.82395,30.32851],[-97.82447,30.32883],[-97.82844,30.32555],[-97.83056,30.32436],[-97.83241,30.3236],[-97.83511,30.32312],[-97.83737,30.32315],[-97.83959,30.3235],[-97.84115,30.32395],[-97.8419,30.32436],[-97.84229,30.3238],[-97.84291,30.3242],[-97.84333,30.32418],[-97.8436,30.32437],[-97.84366,30.32429],[-97.843,30.3236],[-97.84361,30.32372],[-97.84395,30.32406],[-97.84412,30.32405],[-97.84425,30.32389],[-97.84414,30.32339],[-97.84428,30.32311],[-97.84462,30.32386],[-97.84399,30.32475],[-97.84417,30.32578],[-97.84362,30.32615],[-97.84409,30.32707],[-97.84461,30.32764],[-97.84489,30.32841],[-97.84542,30.32811],[-97.84573,30.32826],[-97.84575,30.32842],[-97.84657,30.32842],[-97.84574,30.32887],[-97.84529,30.32867],[-97.84515,30.3288],[-97.84575,30.33093],[-97.84593,30.33116],[-97.84583,30.33131],[-97.84606,30.33184],[-97.84587,30.33263],[-97.84596,30.33292],[-97.84613,30.33318],[-97.84693,30.33339],[-97.84608,30.33345],[-97.84626,30.33444],[-97.84645,30.33466],[-97.84726,30.33508],[-97.84653,30.335],[-97.84672,30.33519],[-97.84651,30.33531],[-97.84643,30.33557],[-97.8466,30.33598],[-97.84649,30.33627],[-97.8467,30.33678],[-97.84663,30.33693],[-97.84684,30.3371],[-97.84735,30.33714],[-97.84677,30.33734],[-97.84698,30.3376],[-97.8468,30.33785],[-97.8468,30.33863],[-97.8471,30.33991],[-97.8474,30.34015],[-97.84758,30.34007],[-97.84792,30.3402],[-97.84823,30.34],[-97.8482,30.33971],[-97.84783,30.33937],[-97.84782,30.33915],[-97.84716,30.33854],[-97.84716,30.33819],[-97.84747,30.33786],[-97.84808,30.33765],[-97.84842,30.33793],[-97.84853,30.33789],[-97.84842,30.33777],[-97.84939,30.33827],[-97.85065,30.33782],[-97.85038,30.33727],[-97.84998,30.33693],[-97.84867,30.33643],[-97.84838,30.33612],[-97.84879,30.33558],[-97.84887,30.3349],[-97.8487,30.33446],[-97.84831,30.33406],[-97.84848,30.33348],[-97.84844,30.33303],[-97.84821,30.33256],[-97.84767,30.33201],[-97.84754,30.33077],[-97.84708,30.32976],[-97.84798,30.32916],[-97.8482,30.32866],[-97.84819,30.3282],[-97.84797,30.3277],[-97.84761,30.32736],[-97.84647,30.32705],[-97.84545,30.32645],[-97.84515,30.32571],[-97.84605,30.32444],[-97.84621,30.32378],[-97.84569,30.32238],[-97.8451,30.32181],[-97.84451,30.32162],[-97.8438,30.32166],[-97.84299,30.32215],[-97.84214,30.32233],[-97.84157,30.32274],[-97.84091,30.32243],[-97.83961,30.32207],[-97.83739,30.3217],[-97.83502,30.32174],[-97.83213,30.32223],[-97.82972,30.32321],[-97.82796,30.3242],[-97.8264,30.32528],[-97.82488,30.3239],[-97.82503,30.32345],[-97.82479,30.32217],[-97.82555,30.32187],[-97.82602,30.32149],[-97.82669,30.32051],[-97.8272,30.31924],[-97.82774,30.31847],[-97.83004,30.3168],[-97.83024,30.31628],[-97.83028,30.31455],[-97.83,30.31402],[-97.83056,30.31365],[-97.83122,30.31363],[-97.83163,30.31273],[-97.83148,30.31224],[-97.83056,30.31127],[-97.83049,30.31051],[-97.82994,30.30975],[-97.82942,30.30758],[-97.82959,30.30714],[-97.83001,30.30676],[-97.83167,30.30652],[-97.83163,30.30625],[-97.82998,30.30469],[-97.83036,30.30374],[-97.82913,30.30335],[-97.82921,30.30318],[-97.82905,30.30283],[-97.82814,30.30242],[-97.82774,30.30304],[-97.82731,30.303],[-97.82687,30.30319],[-97.82635,30.30408],[-97.82524,30.30415],[-97.82496,30.30472],[-97.82463,30.30488],[-97.82398,30.30479],[-97.82338,30.30553],[-97.82296,30.30556],[-97.82213,30.3051],[-97.82086,30.30564],[-97.82164,30.30575],[-97.82145,30.3061],[-97.82163,30.30636],[-97.82173,30.30711],[-97.82157,30.3076],[-97.82184,30.30754],[-97.82188,30.30767],[-97.82157,30.30937],[-97.82383,30.3104],[-97.82368,30.3106],[-97.82416,30.311],[-97.82419,30.31131],[-97.82439,30.31138],[-97.82454,30.31195],[-97.82467,30.31199],[-97.82465,30.3135],[-97.82735,30.31393],[-97.82667,30.3156],[-97.82604,30.3164],[-97.82459,30.31756],[-97.82014,30.31983],[-97.81927,30.32069],[-97.81708,30.32182],[-97.81643,30.32229],[-97.81605,30.32238],[-97.8153,30.32294],[-97.81373,30.32452],[-97.81112,30.32862],[-97.81091,30.32977],[-97.80993,30.33073],[-97.81115,30.33134],[-97.81595,30.32399],[-97.81978,30.32581],[-97.82064,30.3253],[-97.82189,30.32633],[-97.82169,30.32672],[-97.82242,30.32736],[-97.82203,30.32812],[-97.82219,30.32893],[-97.82076,30.33034],[-97.8164,30.33404],[-97.8153,30.33522],[-97.81532,30.33544],[-97.81434,30.336],[-97.8135,30.33716],[-97.81406,30.33744],[-97.81274,30.34],[-97.81253,30.33992],[-97.81229,30.34035],[-97.81204,30.34155],[-97.81153,30.34256],[-97.81058,30.34209],[-97.8105,30.34215],[-97.80965,30.34367],[-97.8092,30.34403],[-97.80864,30.34546],[-97.80698,30.34791],[-97.80523,30.34903],[-97.80412,30.34898],[-97.80348,30.34846],[-97.80252,30.34833],[-97.80152,30.34986],[-97.80217,30.34986],[-97.80262,30.3496],[-97.80285,30.3498],[-97.80294,30.35027],[-97.80346,30.35037]]]}},
{"type":"Feature","properties":{"jurisdiction_type":"LTD","jurisdiction_label":"AUSTIN LTD"},"geometry":{"type":"Polygon","coordinates":[[[-97.65243,30.16194],[-97.65204,30.16258],[-97.66005,30.16663],[-97.66084,30.16577],[-97.66241,30.16344],[-97.65593,30.16026],[-97.65807,30.15693],[-97.6537,30.15484],[-97.65334,30.1554],[-97.64963,30.15364],[-97.65039,30.15246],[-97.64306,30.14901],[-97.63742,30.15781],[-97.6305,30.15451],[-97.63319,30.15088],[-97.62459,30.1468],[-97.62161,30.15149],[-97.62597,30.15352],[-97.62384,30.15686],[-97.63704,30.16319],[-97.63808,30.16162],[-97.64171,30.16343],[-97.64299,30.16272],[-97.64481,30.1634],[-97.64229,30.16087],[-97.64374,30.1586],[-97.65133,30.16225],[-97.65172,30.1616],[-97.65243,30.16194]]]}},
{"type":"Feature","properties":{"jurisdiction_type":"LTD","jurisdiction_label":"AUSTIN LTD"},"geometry":{"type":"Polygon","coordinates":[[[-97.71959,30.43116],[-97.72849,30.43575],[-97.72898,30.43331],[-97.72912,30.43333],[-97.72918,30.43302],[-97.72111,30.42882],[-97.71959,30.43116]]]}},
{"type":"Feature","properties":{"jurisdiction_type":"LTD","jurisdiction_label":"AUSTIN LTD"},"geometry":{"type":"Polygon","coordinates":[[[-97.9182,30.32758],[-97.91803,30.32765],[-97.91855,30.32868],[-97.91889,30.3288],[-97.91948,30.32864],[-97.91867,30.32856],[-97.9182,30.32758]]]}},
{"type":"Feature","properties":{"jurisdiction_type":"LTD","jurisdiction_label":"AUSTIN LTD"},"geometry":{"type":"Polygon","coordinates":[[[-97.78212,30.30684],[-97.78198,30.30722],[-97.78257,30.30759],[-97.78332,30.30672],[-97.78385,30.30707],[-97.784,30.30684],[-97.78459,30.3068],[-97.78514,30.30658],[-97.78562,30.30618],[-97.78589,30.30565],[-97.78658,30.30519],[-97.78691,30.30467],[-97.78701,30.30417],[-97.78666,30.30321],[-97.78676,30.30299],[-97.78773,30.30217],[-97.78846,30.30021],[-97.78888,30.30072],[-97.78935,30.30103],[-97.79062,30.30116],[-97.791,30.30173],[-97.79239,30.3027],[-97.79283,30.30372],[-97.79373,30.30445],[-97.79459,30.30469],[-97.79548,30.30466],[-97.79596,30.30441],[-97.796,30.30374],[-97.7957,30.30327],[-97.79488,30.30332],[-97.79421,30.303],[-97.79384,30.30204],[-97.79339,30.3014],[-97.79246,30.30055],[-97.79162,30.30037],[-97.79142,30.29951],[-97.79122,30.29984],[-97.79062,30.3002],[-97.79021,30.30064],[-97.78861,30.29985],[-97.78903,30.29934],[-97.78982,30.29922],[-97.78976,30.29865],[-97.78899,30.29873],[-97.7888,30.29843],[-97.78905,30.29904],[-97.78888,30.29947],[-97.78843,30.29988],[-97.78716,30.29933],[-97.78655,30.30073],[-97.78702,30.301],[-97.78686,30.30134],[-97.78732,30.30133],[-97.78722,30.30145],[-97.78597,30.30154],[-97.7849,30.30315],[-97.78421,30.30392],[-97.78436,30.30414],[-97.7855,30.30415],[-97.78563,30.30429],[-97.78434,30.30448],[-97.78435,30.30531],[-97.7842,30.30531],[-97.784,30.3048],[-97.78381,30.30468],[-97.78362,30.30479],[-97.78212,30.30684]]]}},
{"type":"Feature","properties":{"jurisdiction_type":"LTD","jurisdiction_label":"AUSTIN LTD"},"geometry":{"type":"Polygon","coordinates":[[[-97.79299,30.34119],[-97.7922,30.34152],[-97.79241,30.34213],[-97.79299,30.34119]]]}},
{"type":"Feature","properties":{"jurisdiction_type":"LTD","jurisdiction_label":"AUSTIN LTD"},"geometry":{"type":"Polygon","coordinates":[[[-97.82966,30.43769],[-97.8281,30.43996],[-97.82971,30.44079],[-97.83045,30.4396],[-97.82941,30.43912],[-97.83015,30.43787],[-97.82966,30.43769]]]}},
{"type":"Feature","properties":{"jurisdiction_type":"LTD","jurisdiction_label":"AUSTIN LTD"},"geometry":{"type":"Polygon","coordinates":[[[-97.8031,30.41959],[-97.8062,30.42051],[-97.80673,30.42108],[-97.80737,30.42146],[-97.80785,30.42217],[-97.80843,30.42264],[-97.80852,30.42249],[-97.80797,30.42208],[-97.80748,30.42137],[-97.80691,30.42101],[-97.80659,30.42053],[-97.80612,30.42028],[-97.80647,30.41863],[-97.80597,30.41846],[-97.8049,30.42005],[-97.80286,30.41943],[-97.80067,30.41965],[-97.79924,30.42009],[-97.79831,30.42082],[-97.79773,30.42097],[-97.79785,30.42114],[-97.79836,30.42102],[-97.79915,30.42035],[-97.80027,30.4199],[-97.80178,30.41977],[-97.80251,30.41955],[-97.8031,30.41959]]]}},
{"type":"Feature","properties":{"jurisdiction_type":"LTD","jurisdiction_label":"AUSTIN LTD"},"geometry":{"type":"Polygon","coordinates":[[[-97.87959,30.39661],[-97.87891,30.39461],[-97.87856,30.39453],[-97.87824,30.39493],[-97.87784,30.39502],[-97.87756,30.39492],[-97.87701,30.39437],[-97.87716,30.39517],[-97.87702,30.39559],[-97.87753,30.3966],[-97.87779,30.39656],[-97.87822,30.39672],[-97.8788,30.39646],[-97.87959,30.39661]]]}},
{"type":"Feature","properties":{"jurisdiction_type":"LTD","jurisdiction_label":"AUSTIN LTD"},"geometry":{"type":"MultiPolygon","coordinates":[[[[-97.81143,30.2579],[-97.8112,30.25816],[-97.81137,30.25828],[-97.81125,30.25847],[-97.81236,30.25976],[-97.81213,30.26011],[-97.81264,30.26032],[-97.81184,30.26153],[-97.81404,30.2627],[-97.81463,30.26343],[-97.81567,30.26281],[-97.81203,30.25828],[-97.81143,30.2579]]],[[[-97.81287,30.26979],[-97.81635,30.27148],[-97.81703,30.27051],[-97.81743,30.2707],[-97.8177,30.26846],[-97.81473,30.267],[-97.8151,30.2663],[-97.81713,30.26725],[-97.81754,30.26658],[-97.81774,30.26667],[-97.81761,30.26579],[-97.81723,30.26496],[-97.81653,30.26612],[-97.81548,30.26565],[-97.81645,30.26421],[-97.81661,30.26415],[-97.81646,30.2638],[-97.81589,30.26473],[-97.81476,30.2642],[-97.8143,30.26493],[-97.81543,30.26547],[-97.81471,30.26676],[-97.81253,30.26575],[-97.81349,30.26421],[-97.81247,30.26372],[-97.81164,30.26494],[-97.8101,30.26421],[-97.80954,30.26512],[-97.80904,30.26487],[-97.80808,30.2664],[-97.81342,30.26894],[-97.81287,30.26979]]]]}},
{"type":"Feature","properties":{"jurisdiction_type":"LTD","jurisdiction_label":"AUSTIN LTD"},"geometry":{"type":"Polygon","coordinates":[[[-97.68662,30.43504],[-97.69546,30.4392],[-97.69606,30.43774],[-97.69673,30.43679],[-97.68785,30.43241],[-97.68771,30.43234],[-97.68781,30.4322],[-97.6844,30.43056],[-97.68246,30.43359],[-97.68634,30.43547],[-97.68662,30.43504]]]}},
{"type":"Feature","properties":{"jurisdiction_type":"LTD","jurisdiction_label":"AUSTIN LTD"},"geometry":{"type":"Polygon","coordinates":[[[-97.58243,30.16643],[-97.58246,30.16656],[-97.583,30.16677],[-97.58402,30.16703],[-97.58445,30.16697],[-97.58517,30.16656],[-97.58578,30.16552],[-97.58565,30.16489],[-97.58594,30.16465],[-97.58605,30.16439],[-97.58595,30.16412],[-97.58628,30.16388],[-97.58614,30.16344],[-97.58646,30.16286],[-97.58726,30.16254],[-97.58861,30.16275],[-97.58879,30.16267],[-97.58902,30.16223],[-97.5894,30.16238],[-97.58991,30.1623],[-97.59011,30.16211],[-97.59122,30.16224],[-97.59234,30.162],[-97.59321,30.16212],[-97.59363,30.16229],[-97.593,30.16331],[-97.59594,30.16468],[-97.59741,30.16229],[-97.59949,30.15806],[-97.58781,30.15268],[-97.57936,30.14852],[-97.57643,30.14627],[-97.57245,30.14463],[-97.57029,30.14341],[-97.56862,30.1422],[-97.56749,30.14114],[-97.55757,30.15692],[-97.57175,30.16348],[-97.57009,30.16587],[-97.5708,30.16614],[-97.57145,30.16597],[-97.57129,30.16544],[-97.57335,30.16522],[-97.57569,30.16384],[-97.57665,30.16348],[-97.57777,30.1633],[-97.57724,30.1642],[-97.57892,30.16538],[-97.58021,30.16603],[-97.58224,30.16673],[-97.58243,30.16643]]]}},
{"type":"Feature","properties":{"jurisdiction_type":"LTD","jurisdiction_label":"AUSTIN LTD"},"geometry":{"type":"Polygon","coordinates":[[[-97.86263,30.39419],[-97.86163,30.39577],[-97.85799,30.3969],[-97.85735,30.39725],[-97.85694,30.39771],[-97.85562,30.4],[-97.8562,30.40028],[-97.85701,30.39846],[-97.8576,30.39772],[-97.85912,30.39693],[-97.86344,30.39562],[-97.86939,30.39456],[-97.87649,30.39278],[-97.87679,30.39362],[-97.87967,30.39294],[-97.88216,30.3932],[-97.88254,30.39401],[-97.88256,30.39485],[-97.8819,30.39592],[-97.88249,30.39647],[-97.88287,30.39654],[-97.88489,30.39556],[-97.88778,30.39448],[-97.89161,30.39372],[-97.8925,30.39316],[-97.89291,30.39245],[-97.89323,30.39223],[-97.89505,30.39295],[-97.89606,30.39304],[-97.89718,30.39293],[-97.9006,30.39175],[-97.90145,30.39102],[-97.90193,30.39016],[-97.90258,30.38979],[-97.90319,30.38973],[-97.90447,30.38999],[-97.90531,30.38971],[-97.90713,30.3908],[-97.90923,30.39015],[-97.91104,30.38923],[-97.91177,30.38867],[-97.91194,30.38843],[-97.91168,30.38849],[-97.9114,30.38837],[-97.9111,30.38799],[-97.91156,30.38753],[-97.91217,30.38772],[-97.91197,30.38796],[-97.91199,30.38817],[-97.91213,30.38816],[-97.91229,30.38785],[-97.91266,30.3877],[-97.91337,30.38637],[-97.91363,30.38548],[-97.91331,30.38562],[-97.91297,30.38679],[-97.91244,30.38763],[-97.91192,30.3871],[-97.9119,30.38667],[-97.91238,30.38566],[-97.91261,30.38563],[-97.91306,30.3852],[-97.91364,30.38528],[-97.91372,30.38496],[-97.91328,30.38494],[-97.91144,30.38415],[-97.91194,30.38421],[-97.91288,30.38472],[-97.91371,30.3848],[-97.91382,30.38317],[-97.91372,30.38172],[-97.91297,30.38175],[-97.91269,30.38209],[-97.9129,30.38174],[-97.91248,30.38146],[-97.91361,30.38068],[-97.91356,30.37927],[-97.91344,30.37923],[-97.91357,30.37913],[-97.91361,30.37714],[-97.9135,30.37479],[-97.91315,30.37484],[-97.91215,30.37417],[-97.91227,30.3741],[-97.91241,30.37431],[-97.91303,30.37461],[-97.91341,30.37447],[-97.91342,30.37149],[-97.913,30.36756],[-97.9123,30.36756],[-97.9125,30.36743],[-97.91281,30.36747],[-97.91299,30.36721],[-97.91262,30.36464],[-97.91244,30.36421],[-97.91234,30.36235],[-97.91252,30.36097],[-97.91228,30.36078],[-97.91252,30.36079],[-97.91302,30.35903],[-97.9144,30.35628],[-97.91565,30.35432],[-97.91549,30.35412],[-97.91572,30.35411],[-97.91782,30.35175],[-97.92191,30.34772],[-97.92263,30.34718],[-97.92661,30.34336],[-97.92647,30.34285],[-97.92663,30.34309],[-97.92684,30.34311],[-97.92841,30.3414],[-97.93049,30.33953],[-97.93151,30.33846],[-97.93138,30.33818],[-97.93171,30.33816],[-97.93237,30.33715],[-97.9333,30.33525],[-97.93343,30.33439],[-97.93334,30.33353],[-97.93273,30.33222],[-97.9327,30.33187],[-97.93222,30.33141],[-97.93196,30.3309],[-97.93064,30.32973],[-97.92868,30.32831],[-97.92772,30.32812],[-97.92709,30.32766],[-97.92498,30.32717],[-97.92485,30.32727],[-97.92478,30.32705],[-97.92255,30.3268],[-97.9224,30.32699],[-97.92234,30.32687],[-97.92012,30.32713],[-97.92005,30.32867],[-97.91948,30.32864],[-97.91889,30.3288],[-97.91921,30.32976],[-97.9187,30.32952],[-97.91765,30.32861],[-97.91777,30.32854],[-97.91739,30.32793],[-97.91695,30.32812],[-97.91697,30.32828],[-97.9175,30.32905],[-97.91808,30.32934],[-97.91747,30.32927],[-97.91704,30.32852],[-97.91663,30.32823],[-97.91473,30.32929],[-97.91511,30.3296],[-97.91462,30.32937],[-97.91431,30.32943],[-97.91078,30.33138],[-97.90797,30.33357],[-97.90819,30.33386],[-97.90937,30.3343],[-97.90981,30.33414],[-97.91003,30.3342],[-97.91013,30.33465],[-97.9099,30.33428],[-97.90943,30.33449],[-97.90887,30.33437],[-97.90762,30.33376],[-97.90659,30.33482],[-97.90626,30.33536],[-97.90566,30.33585],[-97.9057,30.33598],[-97.9056,30.33588],[-97.90535,30.33609],[-97.90562,30.3364],[-97.90513,30.33647],[-97.90445,30.33704],[-97.90454,30.33719],[-97.90424,30.33721],[-97.90361,30.33795],[-97.90297,30.33842],[-97.9029,30.33856],[-97.90313,30.33893],[-97.90262,30.3387],[-97.90126,30.33978],[-97.89932,30.34105],[-97.89835,30.34145],[-97.89826,30.34157],[-97.89851,30.34179],[-97.89874,30.34176],[-97.89857,30.34194],[-97.89872,30.34246],[-97.89949,30.34255],[-97.9,30.34297],[-97.90001,30.34307],[-97.89987,30.34297],[-97.89971,30.34319],[-97.89934,30.34329],[-97.89924,30.3437],[-97.8991,30.34339],[-97.89945,30.34303],[-97.89942,30.34283],[-97.89852,30.34267],[-97.89828,30.34236],[-97.89819,30.34183],[-97.89764,30.34166],[-97.89612,30.34227],[-97.89284,30.34311],[-97.89118,30.34341],[-97.89001,30.34526],[-97.8916,30.34524],[-97.89164,30.34484],[-97.89708,30.34341],[-97.89743,30.34373],[-97.89755,30.34451],[-97.89829,30.34516],[-97.89925,30.34528],[-97.90004,30.34502],[-97.90049,30.34461],[-97.90127,30.34432],[-97.90166,30.3439],[-97.90189,30.3433],[-97.90172,30.34261],[-97.90094,30.34171],[-97.90321,30.34028],[-97.9052,30.33842],[-97.90699,30.33734],[-97.90721,30.33675],[-97.90853,30.33592],[-97.91055,30.33617],[-97.91078,30.33721],[-97.91175,30.33716],[-97.9131,30.33663],[-97.91368,30.33658],[-97.91584,30.33781],[-97.91936,30.33798],[-97.91998,30.33813],[-97.91993,30.33794],[-97.92463,30.33889],[-97.92733,30.34041],[-97.92626,30.34149],[-97.9257,30.34164],[-97.92527,30.34194],[-97.92498,30.34235],[-97.92489,30.34299],[-97.92071,30.34681],[-97.91414,30.3534],[-97.91389,30.35419],[-97.91258,30.35644],[-97.91077,30.36036],[-97.91087,30.36442],[-97.91128,30.36642],[-97.91083,30.36705],[-97.91073,30.36778],[-97.91106,30.36843],[-97.91154,30.36877],[-97.91181,30.37276],[-97.91097,30.37319],[-97.91068,30.3736],[-97.91056,30.37414],[-97.91064,30.37461],[-97.91091,30.37503],[-97.91198,30.37581],[-97.91201,30.37849],[-97.91185,30.3792],[-97.91205,30.38146],[-97.91099,30.38155],[-97.91019,30.38199],[-97.90786,30.38186],[-97.90669,30.38114],[-97.90362,30.37974],[-97.9004,30.38526],[-97.89938,30.38371],[-97.89054,30.38803],[-97.89084,30.38901],[-97.88908,30.39052],[-97.8879,30.39264],[-97.88704,30.39312],[-97.88626,30.39315],[-97.88549,30.39282],[-97.88507,30.39233],[-97.88464,30.39084],[-97.88432,30.39034],[-97.88339,30.38983],[-97.88246,30.38978],[-97.88252,30.38831],[-97.88235,30.38801],[-97.88202,30.38851],[-97.88071,30.38869],[-97.87954,30.38912],[-97.8764,30.39114],[-97.86954,30.39294],[-97.86314,30.39428],[-97.86305,30.39442],[-97.86263,30.39419]],[[-97.89522,30.39224],[-97.89481,30.39204],[-97.89406,30.39097],[-97.89371,30.39118],[-97.89352,30.39052],[-97.89164,30.38934],[-97.89131,30.38961],[-97.89101,30.38933],[-97.89331,30.38819],[-97.89465,30.38851],[-97.89495,30.39026],[-97.89663,30.39108],[-97.89602,30.39212],[-97.89522,30.39224]],[[-97.92823,30.32996],[-97.92927,30.33043],[-97.92944,30.33084],[-97.92989,30.33106],[-97.92771,30.33432],[-97.92557,30.334],[-97.92809,30.33008],[-97.92823,30.32996]]]}},
{"type":"Feature","properties":{"jurisdiction_type":"LTD","jurisdiction_label":"AUSTIN LTD"},"geometry":{"type":"Polygon","coordinates":[[[-97.68928,30.46133],[-97.68961,30.46149],[-97.68942,30.46178],[-97.69398,30.46394],[-97.69409,30.46322],[-97.69173,30.46211],[-97.69219,30.46137],[-97.69029,30.46041],[-97.6898,30.4612],[-97.68946,30.46104],[-97.68928,30.46133]]]}},
{"type":"Feature","properties":{"jurisdiction_type":"LTD","jurisdiction_label":"AUSTIN LTD"},"geometry":{"type":"Polygon","coordinates":[[[-97.80335,30.2447],[-97.80369,30.24532],[-97.80329,30.24548],[-97.8034,30.2457],[-97.80441,30.24631],[-97.80484,30.24635],[-97.80577,30.24533],[-97.80718,30.24413],[-97.80615,30.24315],[-97.80427,30.24418],[-97.80467,30.24428],[-97.80514,30.24464],[-97.80478,30.24488],[-97.80446,30.24452],[-97.80395,30.24452],[-97.80335,30.2447]]]}},
{"type":"Feature","properties":{"jurisdiction_type":"LTD","jurisdiction_label":"AUSTIN LTD"},"geometry":{"type":"Polygon","coordinates":[[[-97.56067,30.30257],[-97.56454,30.30442],[-97.56482,30.30291],[-97.56526,30.3017],[-97.56758,30.29796],[-97.56554,30.29417],[-97.56842,30.28973],[-97.56439,30.28779],[-97.56959,30.27984],[-97.55875,30.27478],[-97.56006,30.27262],[-97.55981,30.27231],[-97.55964,30.27234],[-97.55939,30.2727],[-97.55883,30.27247],[-97.55872,30.27203],[-97.55908,30.27136],[-97.55936,30.27115],[-97.55831,30.27105],[-97.55824,30.27029],[-97.55787,30.27015],[-97.55772,30.26977],[-97.55784,30.26953],[-97.55754,30.26931],[-97.55732,30.26881],[-97.55671,30.26863],[-97.55635,30.26893],[-97.55623,30.26888],[-97.55613,30.26803],[-97.55563,30.26773],[-97.55475,30.26757],[-97.55453,30.26693],[-97.55371,30.26638],[-97.55239,30.26579],[-97.55238,30.26555],[-97.55265,30.2653],[-97.5526,30.265],[-97.55299,30.26482],[-97.55306,30.26426],[-97.5537,30.26359],[-97.55361,30.2632],[-97.55323,30.26304],[-97.55291,30.26266],[-97.55277,30.26218],[-97.55196,30.26213],[-97.54812,30.26812],[-97.54464,30.27396],[-97.5395,30.28214],[-97.53977,30.28229],[-97.53961,30.28253],[-97.53935,30.28239],[-97.53762,30.28515],[-97.54204,30.2874],[-97.54318,30.28578],[-97.54895,30.28863],[-97.5442,30.2958],[-97.54973,30.29846],[-97.54994,30.29837],[-97.56022,30.30329],[-97.56067,30.30257]]]}},
{"type":"Feature","properties":{"jurisdiction_type":"LTD","jurisdiction_label":"AUSTIN LTD"},"geometry":{"type":"Polygon","coordinates":[[[-97.89119,30.23146],[-97.90703,30.23928],[-97.91002,30.23468],[-97.90828,30.2344],[-97.90106,30.23231],[-97.90078,30.23299],[-97.90044,30.23286],[-97.90071,30.2322],[-97.90027,30.23207],[-97.90003,30.23268],[-97.89959,30.23248],[-97.89981,30.23193],[-97.8947,30.23029],[-97.89456,30.23111],[-97.89363,30.231],[-97.89372,30.23011],[-97.89142,30.22976],[-97.89119,30.23146]],[[-97.90102,30.23453],[-97.90068,30.23523],[-97.90044,30.23512],[-97.90036,30.23493],[-97.90056,30.23431],[-97.90102,30.23453]]]}},
{"type":"Feature","properties":{"jurisdiction_type":"LTD","jurisdiction_label":"AUSTIN LTD"},"geometry":{"type":"Polygon","coordinates":[[[-97.81162,30.11603],[-97.82476,30.11575],[-97.82499,30.1153],[-97.82514,30.11408],[-97.82383,30.11208],[-97.82029,30.11029],[-97.81151,30.11043],[-97.81162,30.11603]],[[-97.82395,30.11329],[-97.82404,30.11303],[-97.8242,30.11306],[-97.8242,30.11337],[-97.82395,30.11329]]]}},
{"type":"Feature","properties":{"jurisdiction_type":"LTD","jurisdiction_label":"AUSTIN LTD"},"geometry":{"type":"Polygon","coordinates":[[[-97.83457,30.4579],[-97.83833,30.46056],[-97.8388,30.46067],[-97.83935,30.4606],[-97.84119,30.45982],[-97.84131,30.45992],[-97.84434,30.45874],[-97.84594,30.45743],[-97.84626,30.45691],[-97.84695,30.45459],[-97.84779,30.4536],[-97.84868,30.45284],[-97.84957,30.4525],[-97.84996,30.45273],[-97.85021,30.45272],[-97.85048,30.45212],[-97.85252,30.45128],[-97.85399,30.45044],[-97.85656,30.44942],[-97.85781,30.44859],[-97.85893,30.44698],[-97.86038,30.4464],[-97.86197,30.44544],[-97.86318,30.44435],[-97.86542,30.44278],[-97.86699,30.44221],[-97.86887,30.44124],[-97.86947,30.44121],[-97.87067,30.44145],[-97.87151,30.44133],[-97.87401,30.43983],[-97.87552,30.43859],[-97.87589,30.43792],[-97.87675,30.43504],[-97.87732,30.43446],[-97.87777,30.43421],[-97.87826,30.43412],[-97.87876,30.43434],[-97.87879,30.43396],[-97.87803,30.43384],[-97.87802,30.43353],[-97.87905,30.43357],[-97.8794,30.43216],[-97.8801,30.43217],[-97.88025,30.43109],[-97.87917,30.43112],[-97.87913,30.43129],[-97.87807,30.43092],[-97.87782,30.43112],[-97.87693,30.43022],[-97.87609,30.43027],[-97.87545,30.43151],[-97.87497,30.43152],[-97.875,30.43036],[-97.87453,30.43017],[-97.87503,30.42797],[-97.87448,30.42792],[-97.87411,30.42712],[-97.87363,30.42681],[-97.87393,30.42616],[-97.87527,30.42683],[-97.87515,30.42745],[-97.87864,30.42801],[-97.88377,30.42216],[-97.88853,30.42513],[-97.89028,30.42372],[-97.89155,30.42322],[-97.8921,30.42336],[-97.89276,30.42424],[-97.89316,30.42455],[-97.89385,30.42476],[-97.89448,30.42472],[-97.89511,30.42442],[-97.89596,30.4236],[-97.89714,30.42179],[-97.89758,30.42134],[-97.89981,30.42027],[-97.90099,30.4195],[-97.90202,30.41839],[-97.90274,30.41693],[-97.90284,30.4161],[-97.90269,30.40852],[-97.90313,30.40744],[-97.9034,30.40591],[-97.9033,30.40548],[-97.90277,30.40476],[-97.90214,30.40442],[-97.90078,30.40427],[-97.89976,30.40356],[-97.89924,30.40369],[-97.89901,30.40409],[-97.89868,30.4039],[-97.89838,30.40393],[-97.89807,30.40426],[-97.898,30.40524],[-97.89815,30.40689],[-97.89838,30.40761],[-97.89731,30.40668],[-97.89614,30.40613],[-97.89505,30.40602],[-97.8947,30.40618],[-97.89444,30.40651],[-97.89412,30.40753],[-97.89422,30.40823],[-97.89476,30.40885],[-97.89609,30.40948],[-97.89585,30.40968],[-97.89531,30.4099],[-97.89396,30.41008],[-97.8929,30.4105],[-97.89237,30.41044],[-97.89198,30.41023],[-97.89147,30.4103],[-97.89135,30.41011],[-97.89062,30.41031],[-97.89035,30.41018],[-97.89017,30.40959],[-97.88974,30.40915],[-97.88921,30.40896],[-97.88833,30.40898],[-97.88793,30.4092],[-97.8877,30.40956],[-97.88784,30.41118],[-97.88773,30.41137],[-97.88522,30.41218],[-97.88443,30.41217],[-97.88147,30.41162],[-97.88021,30.41124],[-97.87989,30.41098],[-97.87866,30.41278],[-97.8778,30.41228],[-97.87777,30.41195],[-97.87747,30.4116],[-97.87664,30.41151],[-97.87605,30.4111],[-97.8759,30.41007],[-97.87531,30.40949],[-97.87491,30.40846],[-97.87478,30.40852],[-97.87473,30.40921],[-97.87502,30.41014],[-97.8747,30.41049],[-97.87447,30.41144],[-97.87406,30.41157],[-97.87403,30.41248],[-97.87675,30.41222],[-97.87674,30.41266],[-97.87699,30.41295],[-97.87777,30.41336],[-97.8786,30.41337],[-97.87597,30.41739],[-97.87756,30.41811],[-97.87281,30.42552],[-97.87267,30.42545],[-97.87248,30.4245],[-97.87143,30.42283],[-97.87024,30.42147],[-97.86962,30.4205],[-97.8691,30.41904],[-97.86906,30.41725],[-97.8689,30.41659],[-97.86744,30.4146],[-97.86679,30.41342],[-97.86629,30.41291],[-97.86524,30.41248],[-97.86451,30.41185],[-97.86381,30.41081],[-97.86308,30.40905],[-97.86259,30.40864],[-97.86158,30.40789],[-97.85854,30.4065],[-97.85773,30.40578],[-97.85632,30.40518],[-97.85543,30.40461],[-97.85532,30.4048],[-97.85655,30.40556],[-97.85774,30.40606],[-97.85842,30.40667],[-97.85968,30.40731],[-97.86146,30.40806],[-97.86274,30.40907],[-97.86355,30.41084],[-97.86428,30.41199],[-97.8647,30.41245],[-97.86645,30.41348],[-97.86717,30.41475],[-97.86853,30.4166],[-97.86876,30.4175],[-97.86886,30.41912],[-97.86933,30.42048],[-97.87004,30.4216],[-97.87122,30.42294],[-97.8724,30.42495],[-97.87241,30.42556],[-97.87084,30.42805],[-97.87338,30.42928],[-97.86935,30.4354],[-97.87133,30.43703],[-97.86973,30.43849],[-97.86788,30.43678],[-97.86368,30.44072],[-97.86548,30.44244],[-97.86296,30.44415],[-97.86172,30.44527],[-97.86021,30.44617],[-97.8601,30.44609],[-97.85889,30.44671],[-97.85787,30.44829],[-97.8574,30.44875],[-97.85601,30.44956],[-97.85428,30.45019],[-97.85384,30.44987],[-97.85344,30.44916],[-97.85259,30.4488],[-97.85177,30.44745],[-97.85146,30.44737],[-97.85033,30.4476],[-97.84926,30.44799],[-97.84469,30.44099],[-97.84034,30.44341],[-97.83891,30.44274],[-97.83918,30.44232],[-97.83848,30.44204],[-97.83775,30.44321],[-97.83757,30.44315],[-97.83717,30.44374],[-97.83428,30.44295],[-97.83412,30.44323],[-97.83361,30.44304],[-97.83273,30.44478],[-97.83235,30.44461],[-97.82823,30.45286],[-97.82862,30.4531],[-97.82974,30.451],[-97.83245,30.45234],[-97.83116,30.45426],[-97.83353,30.45538],[-97.83457,30.45357],[-97.83474,30.45365],[-97.83523,30.45291],[-97.83503,30.45277],[-97.83608,30.45097],[-97.8376,30.45194],[-97.83712,30.45284],[-97.83814,30.45351],[-97.83628,30.45649],[-97.83447,30.45606],[-97.83395,30.45741],[-97.8318,30.45713],[-97.8291,30.45608],[-97.82882,30.45602],[-97.82869,30.45624],[-97.83138,30.45722],[-97.83293,30.45741],[-97.83414,30.45771],[-97.83457,30.4579]],[[-97.84292,30.45162],[-97.84365,30.4505],[-97.8422,30.45006],[-97.84139,30.44998],[-97.83992,30.44932],[-97.83888,30.44852],[-97.8377,30.4481],[-97.83678,30.44706],[-97.83618,30.44684],[-97.83669,30.44608],[-97.84427,30.44953],[-97.84437,30.44941],[-97.84633,30.45049],[-97.84827,30.44889],[-97.84955,30.44855],[-97.85051,30.45002],[-97.85128,30.45036],[-97.8522,30.45115],[-97.85041,30.45183],[-97.84922,30.45073],[-97.84847,30.45085],[-97.84686,30.45313],[-97.84577,30.4537],[-97.84292,30.45162]],[[-97.83764,30.45999],[-97.83604,30.45867],[-97.83694,30.45687],[-97.83822,30.45515],[-97.84035,30.45319],[-97.84109,30.45375],[-97.83755,30.45734],[-97.839,30.45851],[-97.83764,30.45999]],[[-97.83187,30.44649],[-97.83529,30.44778],[-97.83452,30.44883],[-97.83604,30.44911],[-97.83627,30.44968],[-97.83447,30.45125],[-97.83352,30.45068],[-97.83296,30.45161],[-97.83021,30.45003],[-97.83093,30.44851],[-97.83154,30.44875],[-97.83171,30.44841],[-97.83109,30.44817],[-97.83187,30.44649]],[[-97.86976,30.43997],[-97.87102,30.44058],[-97.87173,30.44091],[-97.87084,30.44117],[-97.86948,30.44094],[-97.86869,30.441],[-97.86976,30.43997]],[[-97.88919,30.41948],[-97.88749,30.42206],[-97.88435,30.4209],[-97.88509,30.42063],[-97.88605,30.42005],[-97.88666,30.41914],[-97.88778,30.41899],[-97.88919,30.41948]]]}},
{"type":"Feature","properties":{"jurisdiction_type":"LTD","jurisdiction_label":"AUSTIN LTD"},"geometry":{"type":"MultiPolygon","coordinates":[[[[-97.83108,30.36072],[-97.82949,30.36522],[-97.83141,30.3654],[-97.83117,30.36732],[-97.83109,30.36801],[-97.83478,30.36981],[-97.83402,30.37064],[-97.84058,30.37546],[-97.84903,30.36523],[-97.85102,30.36219],[-97.85387,30.36134],[-97.85394,30.35987],[-97.85432,30.35948],[-97.85532,30.35956],[-97.8563,30.35896],[-97.85806,30.35868],[-97.85843,30.35872],[-97.8595,30.35838],[-97.86111,30.35861],[-97.86247,30.35792],[-97.86254,30.35641],[-97.86228,30.35615],[-97.8611,30.35593],[-97.86101,30.35536],[-97.85941,30.35559],[-97.85852,30.35551],[-97.85567,30.35482],[-97.85542,30.35532],[-97.84117,30.34841],[-97.83706,30.35493],[-97.83646,30.35498],[-97.83616,30.35487],[-97.83507,30.35448],[-97.83354,30.3537],[-97.83291,30.35555],[-97.828,30.35324],[-97.82656,30.35552],[-97.83201,30.35807],[-97.83212,30.35774],[-97.83265,30.35799],[-97.83253,30.35822],[-97.83182,30.3586],[-97.831,30.35848],[-97.83034,30.36034],[-97.83108,30.36072]],[[-97.83443,30.35879],[-97.83271,30.3583],[-97.83284,30.358],[-97.83378,30.35767],[-97.83508,30.35693],[-97.83618,30.35746],[-97.83544,30.35862],[-97.83914,30.36042],[-97.84099,30.35754],[-97.8415,30.35804],[-97.84282,30.35878],[-97.84328,30.3589],[-97.84372,30.35872],[-97.84398,30.35877],[-97.84784,30.36063],[-97.84741,30.36201],[-97.84591,30.36434],[-97.83443,30.35879]]],[[[-97.82047,30.36284],[-97.81938,30.36274],[-97.81824,30.36311],[-97.81722,30.36267],[-97.81677,30.36261],[-97.81587,30.36278],[-97.81411,30.3628],[-97.81466,30.36792],[-97.82165,30.3643],[-97.82183,30.36394],[-97.8211,30.36313],[-97.82047,30.36284]]],[[[-97.83105,30.36836],[-97.83084,30.37074],[-97.83109,30.36803],[-97.83105,30.36836]]],[[[-97.81851,30.37914],[-97.83341,30.38619],[-97.83439,30.3847],[-97.83409,30.38456],[-97.83739,30.37911],[-97.84058,30.37546],[-97.83608,30.38056],[-97.83478,30.38271],[-97.8336,30.38232],[-97.83275,30.38179],[-97.83306,30.38127],[-97.83195,30.3793],[-97.83026,30.37831],[-97.82978,30.37895],[-97.82817,30.37745],[-97.82998,30.37604],[-97.82968,30.37569],[-97.82906,30.37555],[-97.82897,30.37526],[-97.8282,30.37457],[-97.82724,30.37238],[-97.82691,30.3725],[-97.82677,30.37236],[-97.82663,30.37118],[-97.82563,30.3704],[-97.82511,30.36938],[-97.82433,30.36854],[-97.82347,30.36808],[-97.82229,30.36846],[-97.82118,30.36856],[-97.82093,30.36876],[-97.82084,30.36964],[-97.81996,30.36928],[-97.81952,30.36933],[-97.81804,30.3702],[-97.81679,30.37043],[-97.81509,30.37044],[-97.8128,30.37127],[-97.81246,30.37096],[-97.81228,30.37033],[-97.81191,30.37039],[-97.81143,30.3709],[-97.81063,30.37141],[-97.81003,30.3727],[-97.80824,30.37266],[-97.80663,30.37502],[-97.80574,30.3766],[-97.80602,30.37747],[-97.80655,30.37834],[-97.8076,30.37947],[-97.80923,30.38082],[-97.8113,30.38175],[-97.81127,30.3815],[-97.81167,30.38166],[-97.81176,30.3819],[-97.81215,30.38203],[-97.8125,30.37997],[-97.81496,30.38027],[-97.81644,30.38077],[-97.81761,30.38001],[-97.81848,30.38007],[-97.81851,30.37914]]]]}},
{"type":"Feature","properties":{"jurisdiction_type":"LTD","jurisdiction_label":"AUSTIN LTD"},"geometry":{"type":"Polygon","coordinates":[[[-97.59335,30.14235],[-97.5871,30.15211],[-97.5928,30.15465],[-97.59896,30.14505],[-97.59335,30.14235]]]}},
{"type":"Feature","properties":{"jurisdiction_type":"LTD","jurisdiction_label":"AUSTIN LTD"},"geometry":{"type":"Polygon","coordinates":[[[-97.9052,30.33842],[-97.90394,30.33948],[-97.90321,30.34028],[-97.90368,30.34021],[-97.90421,30.33993],[-97.90457,30.3395],[-97.90471,30.33889],[-97.9052,30.33842]]]}},
{"type":"Feature","properties":{"jurisdiction_type":"LTD","jurisdiction_label":"AUSTIN LTD"},"geometry":{"type":"Polygon","coordinates":[[[-97.73563,30.48263],[-97.7391,30.48321],[-97.7379,30.48343],[-97.73823,30.48417],[-97.73867,30.48466],[-97.7503,30.48232],[-97.75279,30.48199],[-97.75467,30.48118],[-97.76239,30.47871],[-97.76021,30.47799],[-97.75995,30.47745],[-97.76407,30.47604],[-97.76419,30.47584],[-97.76479,30.47564],[-97.76503,30.47574],[-97.76814,30.47476],[-97.76971,30.47441],[-97.76942,30.4736],[-97.754,30.47845],[-97.75174,30.4794],[-97.75027,30.47955],[-97.73771,30.48202],[-97.73634,30.4823],[-97.73517,30.48271],[-97.73563,30.48263]]]}},
{"type":"Feature","properties":{"jurisdiction_type":"LTD","jurisdiction_label":"AUSTIN LTD"},"geometry":{"type":"Polygon","coordinates":[[[-97.83469,30.32692],[-97.83505,30.32768],[-97.83491,30.32833],[-97.8354,30.32975],[-97.83685,30.32752],[-97.83656,30.32737],[-97.83687,30.32687],[-97.83718,30.32702],[-97.83783,30.326],[-97.83606,30.32557],[-97.83374,30.32589],[-97.83354,30.32607],[-97.83469,30.32692]]]}},
{"type":"Feature","properties":{"jurisdiction_type":"LTD","jurisdiction_label":"AUSTIN LTD"},"geometry":{"type":"Polygon","coordinates":[[[-97.91285,30.13902],[-97.91274,30.13259],[-97.904,30.13253],[-97.90391,30.13395],[-97.90235,30.13402],[-97.90238,30.13613],[-97.89994,30.13625],[-97.89957,30.13682],[-97.89886,30.13677],[-97.89838,30.13652],[-97.8958,30.13667],[-97.89582,30.13742],[-97.89601,30.13743],[-97.89808,30.1389],[-97.9008,30.13881],[-97.90081,30.13898],[-97.91285,30.13902]]]}},
{"type":"Feature","properties":{"jurisdiction_type":"LTD","jurisdiction_label":"AUSTIN LTD"},"geometry":{"type":"Polygon","coordinates":[[[-97.85863,30.35338],[-97.85903,30.35348],[-97.8598,30.3534],[-97.86141,30.35302],[-97.86158,30.35274],[-97.8615,30.35231],[-97.86184,30.35171],[-97.8617,30.35227],[-97.86186,30.35279],[-97.86212,30.35289],[-97.86269,30.35278],[-97.86356,30.35235],[-97.86369,30.35204],[-97.8641,30.35191],[-97.86432,30.35138],[-97.86446,30.35161],[-97.86497,30.35154],[-97.86583,30.35105],[-97.86651,30.35046],[-97.86701,30.35026],[-97.86733,30.34866],[-97.86744,30.34925],[-97.86724,30.34995],[-97.86733,30.3501],[-97.86932,30.34879],[-97.87182,30.34676],[-97.87308,30.34601],[-97.87624,30.34466],[-97.87635,30.34417],[-97.8766,30.34456],[-97.87772,30.34402],[-97.87887,30.34381],[-97.87917,30.34343],[-97.87885,30.34292],[-97.87936,30.34322],[-97.87942,30.34358],[-97.88011,30.34339],[-97.88063,30.34277],[-97.88058,30.34157],[-97.88096,30.34055],[-97.88071,30.3418],[-97.88095,30.34245],[-97.88119,30.34245],[-97.88083,30.34296],[-97.88095,30.34307],[-97.88174,30.34275],[-97.88224,30.34275],[-97.88231,30.34259],[-97.88302,30.34257],[-97.88388,30.34225],[-97.88418,30.34198],[-97.88464,30.34197],[-97.88468,30.34183],[-97.88497,30.34192],[-97.88503,30.34179],[-97.88592,30.34168],[-97.88543,30.34039],[-97.88469,30.34042],[-97.88442,30.34065],[-97.88389,30.34061],[-97.88353,30.34088],[-97.8823,30.34131],[-97.88254,30.34039],[-97.88216,30.33961],[-97.88125,30.33915],[-97.8802,30.33929],[-97.87949,30.33996],[-97.8791,30.34146],[-97.87843,30.3415],[-97.87782,30.34179],[-97.87743,30.34229],[-97.87733,30.34282],[-97.87695,30.34291],[-97.8761,30.34283],[-97.87557,30.34301],[-97.87466,30.34372],[-97.87086,30.34566],[-97.86855,30.34753],[-97.86759,30.34715],[-97.86664,30.34734],[-97.86618,30.3477],[-97.86574,30.34842],[-97.86569,30.34929],[-97.86479,30.34997],[-97.86365,30.35004],[-97.86287,30.35069],[-97.862,30.35033],[-97.86112,30.35043],[-97.86043,30.35093],[-97.85995,30.35191],[-97.85955,30.35201],[-97.85776,30.35198],[-97.85812,30.35098],[-97.85813,30.35043],[-97.8578,30.3498],[-97.85721,30.34939],[-97.85625,30.3493],[-97.85569,30.34952],[-97.85531,30.34983],[-97.85433,30.34996],[-97.85396,30.34917],[-97.85304,30.34869],[-97.85287,30.34808],[-97.85252,30.34764],[-97.85184,30.34731],[-97.85106,30.34727],[-97.8514,30.34682],[-97.8515,30.34621],[-97.85129,30.34562],[-97.8508,30.34517],[-97.85044,30.34502],[-97.8483,30.34531],[-97.8484,30.34585],[-97.84889,30.34651],[-97.84987,30.34635],[-97.84959,30.3467],[-97.84884,30.34686],[-97.84922,30.34766],[-97.85014,30.3489],[-97.8503,30.34905],[-97.85059,30.34874],[-97.85138,30.34865],[-97.8512,30.34891],[-97.85081,30.34894],[-97.85062,30.34933],[-97.85068,30.34956],[-97.85157,30.35043],[-97.85265,30.34994],[-97.85276,30.35],[-97.85315,30.34958],[-97.85634,30.3511],[-97.85649,30.35097],[-97.8565,30.35071],[-97.85661,30.3507],[-97.85629,30.35153],[-97.85556,30.3517],[-97.8553,30.35204],[-97.85551,30.35225],[-97.85547,30.35256],[-97.8558,30.35282],[-97.8563,30.35286],[-97.85709,30.35328],[-97.85807,30.35345],[-97.85863,30.35338]]]}},
{"type":"Feature","properties":{"jurisdiction_type":"LTD","jurisdiction_label":"AUSTIN LTD"},"geometry":{"type":"Polygon","coordinates":[[[-97.91523,30.28356],[-97.91497,30.28648],[-97.9157,30.28876],[-97.91643,30.29009],[-97.91787,30.28921],[-97.91701,30.28692],[-97.91684,30.28605],[-97.91715,30.2821],[-97.91704,30.28056],[-97.91665,30.27944],[-97.91503,30.27627],[-97.91627,30.27607],[-97.91474,30.27314],[-97.91159,30.2683],[-97.91076,30.26667],[-97.91022,30.26509],[-97.90943,30.2616],[-97.90885,30.25985],[-97.90682,30.2601],[-97.9069,30.26025],[-97.90553,30.26039],[-97.90619,30.26128],[-97.90758,30.26747],[-97.90907,30.27013],[-97.91126,30.27306],[-97.91281,30.27614],[-97.9152,30.28032],[-97.91523,30.28356]]]}},
{"type":"Feature","properties":{"jurisdiction_type":"LTD","jurisdiction_label":"AUSTIN LTD"},"geometry":{"type":"Polygon","coordinates":[[[-97.6582,30.16568],[-97.65926,30.16707],[-97.65942,30.16709],[-97.66005,30.16663],[-97.6582,30.16568]]]}},
{"type":"Feature","properties":{"jurisdiction_type":"LTD","jurisdiction_label":"AUSTIN LTD"},"geometry":{"type":"Polygon","coordinates":[[[-97.7905,30.34103],[-97.79096,30.34113],[-97.79133,30.34099],[-97.79177,30.34114],[-97.79298,30.3409],[-97.79315,30.34067],[-97.79251,30.34028],[-97.79252,30.33981],[-97.79266,30.33974],[-97.79257,30.34],[-97.7927,30.34017],[-97.79344,30.34051],[-97.7942,30.33934],[-97.79405,30.33899],[-97.79359,30.33853],[-97.79295,30.33829],[-97.7919,30.33843],[-97.79125,30.33892],[-97.7907,30.33845],[-97.79016,30.33784],[-97.79043,30.33699],[-97.79005,30.33608],[-97.78912,30.33556],[-97.78802,30.33563],[-97.78492,30.33223],[-97.78491,30.33173],[-97.78531,30.33091],[-97.78524,30.33039],[-97.78499,30.33001],[-97.78446,30.32964],[-97.78393,30.32949],[-97.78328,30.3295],[-97.78277,30.32967],[-97.7829,30.32905],[-97.78341,30.32863],[-97.78366,30.32817],[-97.78367,30.32763],[-97.78348,30.3272],[-97.78301,30.32677],[-97.78237,30.32649],[-97.78177,30.32641],[-97.78106,30.32652],[-97.78045,30.32523],[-97.78034,30.32477],[-97.78071,30.32435],[-97.78087,30.32383],[-97.78061,30.32285],[-97.78253,30.32238],[-97.78316,30.32202],[-97.78349,30.32162],[-97.7839,30.32062],[-97.78439,30.32012],[-97.78457,30.31953],[-97.78446,30.319],[-97.78412,30.31854],[-97.78369,30.31827],[-97.78302,30.31811],[-97.78238,30.31815],[-97.78164,30.31841],[-97.78064,30.31951],[-97.78028,30.31911],[-97.78025,30.31871],[-97.78051,30.31831],[-97.78073,30.31731],[-97.78067,30.3168],[-97.78104,30.31644],[-97.78123,30.31594],[-97.78118,30.31542],[-97.78089,30.31496],[-97.7813,30.31396],[-97.78119,30.31321],[-97.78223,30.31243],[-97.78245,30.31185],[-97.78238,30.31131],[-97.78299,30.31086],[-97.78323,30.31023],[-97.7807,30.30979],[-97.78078,30.31014],[-97.78036,30.31114],[-97.78097,30.31167],[-97.78008,30.31147],[-97.77965,30.31187],[-97.7797,30.31235],[-97.77949,30.31333],[-97.77967,30.31372],[-97.77925,30.3145],[-97.77918,30.31544],[-97.77923,30.31563],[-97.7796,30.31578],[-97.77926,30.31593],[-97.77904,30.31636],[-97.77913,30.31697],[-97.77894,30.31814],[-97.77857,30.31905],[-97.77876,30.31974],[-97.7787,30.3202],[-97.77895,30.32051],[-97.77977,30.32071],[-97.78052,30.32114],[-97.78086,30.3211],[-97.78186,30.32077],[-97.78228,30.31965],[-97.78263,30.31946],[-97.78292,30.31949],[-97.78237,30.31989],[-97.78225,30.32064],[-97.78188,30.32135],[-97.78049,30.3215],[-97.77926,30.32097],[-97.77914,30.32102],[-97.77918,30.32157],[-97.77891,30.32147],[-97.77889,30.32107],[-97.7786,30.32126],[-97.77864,30.32142],[-97.77845,30.32138],[-97.77855,30.32185],[-97.77831,30.32276],[-97.77844,30.3233],[-97.7793,30.32375],[-97.77853,30.32387],[-97.77885,30.32556],[-97.78001,30.32786],[-97.78053,30.32857],[-97.78101,30.32848],[-97.78112,30.32818],[-97.78146,30.32789],[-97.78203,30.32784],[-97.78145,30.32822],[-97.78134,30.32873],[-97.7808,30.32913],[-97.78155,30.33033],[-97.78267,30.3316],[-97.7837,30.33091],[-97.78296,30.33201],[-97.78372,30.33331],[-97.78736,30.33716],[-97.78781,30.33737],[-97.78846,30.33719],[-97.78809,30.33777],[-97.78832,30.33825],[-97.78868,30.33846],[-97.78904,30.339],[-97.78972,30.33941],[-97.7901,30.33985],[-97.78995,30.33998],[-97.79026,30.34005],[-97.79018,30.34063],[-97.7905,30.34103]]]}}
]
}
