{
"type": "FeatureCollection",
"name": "SELECT",
"xy_coordinate_resolution": 0.0001,
"features": [
{"type":"Feature","properties":{"name":"Blanco-Pedernales Groundwater Conservation District","website":"blancogroundwatertx.gov"},"geometry":{"type":"Polygon","coordinates":[[[-98.1731,30.3564],[-98.1255,30.4262],[-98.4116,30.5025],[-98.5916,30.5],[-98.5879,30.1388],[-98.5436,30.0863],[-98.4655,29.9977],[-98.4142,29.9376],[-98.2976,30.038],[-98.1731,30.3564]]]}},
{"type":"Feature","properties":{"name":"Clearwater Underground Water Conservation District","website":"http://www.cuwcd.org"},"geometry":{"type":"Polygon","coordinates":[[[-97.6246,30.8702],[-97.3155,30.7524],[-97.259,30.8894],[-97.1789,30.9314],[-97.0701,30.9862],[-97.2779,31.2797],[-97.3434,31.2442],[-97.4186,31.3202],[-97.9136,31.0659],[-97.9118,31.0348],[-97.8864,31.0005],[-97.8285,30.9108],[-97.642,30.8752],[-97.6246,30.8702]]]}},
{"type":"Feature","properties":{"name":"Headwaters Groundwater Conservation District","website":"http://www.hgcd.org"},"geometry":{"type":"Polygon","coordinates":[[[-99.0,30.1375],[-99.0,29.8182],[-98.9176,29.7814],[-98.9201,29.8866],[-98.9207,30.0314],[-98.9202,30.1383],[-99.0,30.1375]]]}},
{"type":"Feature","properties":{"name":"Hill Country Underground Water Conservation District","website":"http://www.hcuwcd.org"},"geometry":{"type":"Polygon","coordinates":[[[-99.0,30.4986],[-99.0,30.1375],[-98.9202,30.1383],[-98.7815,30.1379],[-98.5879,30.1388],[-98.5916,30.5],[-98.9641,30.4987],[-99.0,30.4986]]]}},
{"type":"Feature","properties":{"name":"Lost Pines Groundwater Conservation District","website":"http://www.lostpineswater.org"},"geometry":{"type":"Polygon","coordinates":[[[-96.96,30.5517],[-96.9622,30.5528],[-96.9634,30.5566],[-97.1552,30.4573],[-97.3346,30.4029],[-97.3696,30.42],[-97.492,30.21],[-97.6486,30.0671],[-97.316,29.7862],[-97.1252,29.9591],[-97.0246,30.0512],[-97.0194,30.0323],[-96.8458,30.1162],[-96.7944,30.1607],[-96.7418,30.1972],[-96.7419,30.1999],[-96.74,30.2033],[-96.7408,30.2059],[-96.7401,30.2068],[-96.7411,30.2077],[-96.7407,30.2088],[-96.7418,30.2107],[-96.7407,30.212],[-96.7412,30.2124],[-96.7418,30.212],[-96.742,30.2134],[-96.7432,30.2134],[-96.7426,30.2144],[-96.7433,30.2146],[-96.7441,30.2176],[-96.7397,30.2212],[-96.7392,30.2225],[-96.74,30.224],[-96.7413,30.2235],[-96.7415,30.2263],[-96.7423,30.2274],[-96.7387,30.2305],[-96.7387,30.2324],[-96.737,30.232],[-96.7372,30.2333],[-96.7362,30.2353],[-96.737,30.2366],[-96.7351,30.2368],[-96.735,30.2382],[-96.7341,30.2391],[-96.7353,30.2397],[-96.732,30.2436],[-96.7312,30.244],[-96.7297,30.2432],[-96.729,30.2442],[-96.7263,30.244],[-96.7255,30.2467],[-96.7235,30.246],[-96.7225,30.2463],[-96.722,30.2484],[-96.7208,30.2486],[-96.718,30.2507],[-96.7156,30.2497],[-96.7147,30.251],[-96.714,30.2494],[-96.7143,30.2474],[-96.7124,30.2478],[-96.7111,30.2453],[-96.7077,30.2455],[-96.7067,30.2447],[-96.7062,30.2458],[-96.7017,30.2473],[-96.7007,30.2496],[-96.6996,30.249],[-96.6971,30.249],[-96.6965,30.2501],[-96.6954,30.2495],[-96.6944,30.2505],[-96.6925,30.2487],[-96.6908,30.2483],[-96.6893,30.2488],[-96.6875,30.2482],[-96.6842,30.25],[-96.685,30.2512],[-96.6845,30.2519],[-96.6854,30.2524],[-96.6845,30.2533],[-96.6845,30.2569],[-96.6828,30.2587],[-96.6801,30.2591],[-96.6787,30.2629],[-96.6774,30.2638],[-96.6764,30.2665],[-96.6737,30.2662],[-96.6719,30.2676],[-96.6714,30.2685],[-96.672,30.2688],[-96.671,30.2691],[-96.6707,30.2705],[-96.6697,30.2711],[-96.6696,30.274],[-96.6684,30.2756],[-96.6616,30.279],[-96.6605,30.2808],[-96.6613,30.2812],[-96.6598,30.2817],[-96.6603,30.2825],[-96.6594,30.2831],[-96.6603,30.2852],[-96.6576,30.2878],[-96.6545,30.2873],[-96.6534,30.2895],[-96.6506,30.2909],[-96.65,30.292],[-96.6485,30.2923],[-96.6476,30.2914],[-96.6454,30.2918],[-96.6444,30.2931],[-96.6422,30.2936],[-96.6421,30.2953],[-96.6406,30.2963],[-96.6415,30.2974],[-96.6425,30.2972],[-96.6427,30.2983],[-96.6442,30.2968],[-96.6482,30.2984],[-96.6483,30.3002],[-96.6499,30.2991],[-96.6516,30.3006],[-96.6521,30.2994],[-96.6539,30.2995],[-96.6548,30.3003],[-96.6591,30.2993],[-96.6597,30.2989],[-96.6588,30.2979],[-96.6608,30.298],[-96.6638,30.2956],[-96.666,30.2973],[-96.668,30.2973],[-96.6681,30.2985],[-96.6692,30.2991],[-96.6688,30.2998],[-96.6706,30.3005],[-96.6695,30.3031],[-96.6709,30.3026],[-96.6715,30.3039],[-96.673,30.3045],[-96.674,30.3041],[-96.675,30.3053],[-96.6733,30.3065],[-96.6736,30.3073],[-96.6756,30.3075],[-96.6778,30.3097],[-96.6821,30.3092],[-96.6833,30.3113],[-96.6838,30.3104],[-96.6851,30.3112],[-96.6849,30.3127],[-96.6868,30.317],[-96.695,30.32],[-96.6988,30.3207],[-96.7011,30.3197],[-96.7027,30.3203],[-96.7071,30.3177],[-96.7156,30.3199],[-96.7174,30.3197],[-96.7185,30.3187],[-96.7217,30.3187],[-96.7215,30.3195],[-96.7249,30.3218],[-96.7257,30.3232],[-96.7306,30.3243],[-96.7313,30.3232],[-96.7327,30.3239],[-96.7323,30.3231],[-96.7333,30.3227],[-96.7343,30.3237],[-96.7344,30.322],[-96.7376,30.3208],[-96.7366,30.32],[-96.737,30.3193],[-96.7379,30.3193],[-96.7382,30.3205],[-96.7388,30.3193],[-96.7404,30.3188],[-96.744,30.32],[-96.7446,30.3208],[-96.7435,30.3222],[-96.7453,30.322],[-96.7441,30.3239],[-96.7461,30.3242],[-96.746,30.326],[-96.7467,30.3264],[-96.7472,30.3257],[-96.7477,30.3275],[-96.7489,30.3273],[-96.7495,30.3286],[-96.7507,30.3278],[-96.751,30.3288],[-96.7503,30.3293],[-96.7513,30.3292],[-96.7518,30.3302],[-96.7528,30.3294],[-96.7534,30.3304],[-96.7537,30.3294],[-96.7543,30.3294],[-96.7541,30.3301],[-96.7549,30.3306],[-96.7539,30.3311],[-96.7536,30.3347],[-96.7527,30.3348],[-96.7529,30.338],[-96.7546,30.3408],[-96.759,30.3401],[-96.7608,30.3409],[-96.7604,30.3437],[-96.7625,30.3464],[-96.7644,30.3474],[-96.7645,30.3496],[-96.7668,30.3531],[-96.7666,30.3541],[-96.7654,30.3541],[-96.7687,30.3581],[-96.7697,30.3644],[-96.7705,30.3657],[-96.7747,30.3692],[-96.7755,30.3686],[-96.7764,30.3689],[-96.7754,30.37],[-96.7764,30.3697],[-96.7771,30.3716],[-96.7788,30.3708],[-96.7802,30.3718],[-96.7812,30.3736],[-96.7801,30.3759],[-96.7831,30.3769],[-96.7844,30.379],[-96.7858,30.3786],[-96.7876,30.3805],[-96.788,30.3823],[-96.7895,30.3833],[-96.7881,30.3863],[-96.7879,30.3892],[-96.7902,30.3906],[-96.7934,30.3912],[-96.7985,30.3909],[-96.8018,30.3929],[-96.8038,30.3958],[-96.8084,30.3966],[-96.8106,30.4006],[-96.8104,30.4017],[-96.8092,30.4026],[-96.8099,30.4043],[-96.8134,30.4054],[-96.8152,30.4053],[-96.819,30.4072],[-96.8209,30.4097],[-96.8224,30.41],[-96.8224,30.4117],[-96.8213,30.4128],[-96.8257,30.4144],[-96.8257,30.4151],[-96.8244,30.4152],[-96.825,30.4162],[-96.8272,30.4164],[-96.8296,30.4182],[-96.8315,30.4183],[-96.8321,30.4202],[-96.8343,30.4193],[-96.8347,30.4226],[-96.8362,30.4223],[-96.8365,30.4211],[-96.8375,30.4216],[-96.8402,30.4214],[-96.8408,30.4222],[-96.8404,30.4241],[-96.8423,30.4247],[-96.8421,30.4264],[-96.8437,30.4258],[-96.8453,30.4274],[-96.8455,30.4279],[-96.8437,30.429],[-96.8442,30.4295],[-96.8455,30.4291],[-96.8466,30.4316],[-96.85,30.4301],[-96.8517,30.4318],[-96.8529,30.4312],[-96.8532,30.4323],[-96.8581,30.4341],[-96.8588,30.4335],[-96.865,30.4328],[-96.8648,30.4339],[-96.8656,30.4348],[-96.8679,30.4336],[-96.8718,30.4377],[-96.8721,30.4388],[-96.8708,30.4415],[-96.8724,30.4446],[-96.875,30.4458],[-96.8772,30.4478],[-96.8774,30.4495],[-96.876,30.4489],[-96.8744,30.4493],[-96.8749,30.4502],[-96.8771,30.4509],[-96.8757,30.4528],[-96.8756,30.4552],[-96.8747,30.4558],[-96.8753,30.4576],[-96.8787,30.4572],[-96.8793,30.4583],[-96.8786,30.4593],[-96.8805,30.4594],[-96.8807,30.4604],[-96.8835,30.4618],[-96.8844,30.4603],[-96.8861,30.4598],[-96.8873,30.4619],[-96.8986,30.4594],[-96.8993,30.4605],[-96.8981,30.4611],[-96.9012,30.4636],[-96.9022,30.4667],[-96.9045,30.4666],[-96.9039,30.4682],[-96.9021,30.4681],[-96.9019,30.4686],[-96.9027,30.4699],[-96.9052,30.4697],[-96.9057,30.472],[-96.9047,30.4722],[-96.9039,30.4737],[-96.9017,30.4816],[-96.8969,30.4842],[-96.896,30.4892],[-96.8979,30.4901],[-96.8997,30.4953],[-96.8995,30.4973],[-96.9004,30.4985],[-96.9033,30.5006],[-96.9082,30.5022],[-96.9059,30.5033],[-96.9043,30.5081],[-96.9057,30.5127],[-96.9033,30.5125],[-96.9023,30.5146],[-96.9065,30.5147],[-96.9046,30.5161],[-96.9041,30.5186],[-96.9055,30.5186],[-96.9065,30.5171],[-96.9081,30.5177],[-96.9089,30.5202],[-96.9083,30.5213],[-96.9092,30.5227],[-96.9122,30.5233],[-96.9118,30.5265],[-96.9134,30.5287],[-96.913,30.5299],[-96.9144,30.5305],[-96.9159,30.5354],[-96.9179,30.5367],[-96.9188,30.5389],[-96.9228,30.54],[-96.9257,30.5433],[-96.927,30.5425],[-96.9291,30.5444],[-96.9298,30.5432],[-96.933,30.5431],[-96.9367,30.5448],[-96.9397,30.5448],[-96.94,30.5462],[-96.9427,30.5471],[-96.9439,30.5444],[-96.9456,30.5435],[-96.949,30.5453],[-96.9482,30.5468],[-96.9488,30.5476],[-96.9507,30.5478],[-96.9546,30.5496],[-96.9567,30.5521],[-96.96,30.5517]]]}},
{"type":"Feature","properties":{"name":"Saratoga Underground Water Conservation District","website":"saratogauwcd.org"},"geometry":{"type":"Polygon","coordinates":[[[-98.1797,31.4641],[-98.271,31.4165],[-98.2668,31.4105],[-98.5627,31.2305],[-98.5636,31.2209],[-98.5678,31.211],[-98.5694,31.205],[-98.5688,31.1982],[-98.5589,31.1928],[-98.5562,31.1921],[-98.5507,31.1926],[-98.5436,31.1948],[-98.5392,31.1927],[-98.5379,31.1893],[-98.5358,31.1877],[-98.5352,31.1864],[-98.5361,31.1851],[-98.5445,31.1794],[-98.5443,31.1767],[-98.5429,31.1749],[-98.5302,31.1737],[-98.5279,31.1724],[-98.5212,31.166],[-98.5191,31.1649],[-98.515,31.1648],[-98.5064,31.1673],[-98.5048,31.1671],[-98.5038,31.1654],[-98.5045,31.1619],[-98.5089,31.1567],[-98.5114,31.155],[-98.5141,31.1544],[-98.5198,31.1548],[-98.5257,31.1561],[-98.5282,31.155],[-98.5294,31.1525],[-98.5289,31.1472],[-98.5273,31.1423],[-98.5273,31.138],[-98.5338,31.1337],[-98.5466,31.1295],[-98.5482,31.1262],[-98.5479,31.1235],[-98.5438,31.1187],[-98.5379,31.1138],[-98.5359,31.1096],[-98.5307,31.103],[-98.5288,31.0938],[-98.5264,31.0903],[-98.524,31.0889],[-98.5208,31.0901],[-98.5169,31.0942],[-98.5121,31.1062],[-98.5048,31.109],[-98.5008,31.1172],[-98.4986,31.1187],[-98.4936,31.1185],[-98.4901,31.1146],[-98.4876,31.114],[-98.4864,31.1145],[-98.4825,31.1189],[-98.4806,31.1191],[-98.4732,31.1088],[-98.4694,31.1066],[-98.4665,31.1071],[-98.4598,31.1118],[-98.4577,31.1122],[-98.4563,31.1116],[-98.4553,31.1095],[-98.456,31.1072],[-98.4602,31.1025],[-98.4693,31.0965],[-98.4705,31.0944],[-98.4688,31.0924],[-98.4576,31.0889],[-98.456,31.0823],[-98.4564,31.079],[-98.4587,31.0771],[-98.4625,31.0761],[-98.4721,31.0765],[-98.4759,31.0709],[-98.4833,31.068],[-98.4842,31.0661],[-98.4838,31.0625],[-98.4829,31.0599],[-98.4731,31.052],[-98.4645,31.0477],[-98.4528,31.0444],[-98.4479,31.0419],[-98.4452,31.0394],[-98.4398,31.0297],[-98.1685,31.032],[-97.9118,31.0348],[-97.9136,31.0659],[-97.9071,31.0693],[-98.1797,31.4641]]]}},
{"type":"Feature","properties":{"name":"Fayette County Groundwater Conservation District","website":"http://www.fayettecountygroundwater.com"},"geometry":{"type":"Polygon","coordinates":[[[-97.1433,29.628],[-96.8743,29.6327],[-96.7163,29.7936],[-96.5693,29.9623],[-96.6221,30.0442],[-96.6239,30.0667],[-96.6307,30.0704],[-96.6341,30.0757],[-96.6324,30.0835],[-96.6337,30.1062],[-96.6405,30.1203],[-96.6531,30.1301],[-96.647,30.1451],[-96.662,30.1491],[-96.6834,30.1512],[-96.6872,30.1645],[-96.702,30.1578],[-96.715,30.1451],[-96.7355,30.1474],[-96.7667,30.1388],[-96.7728,30.1495],[-96.7805,30.1522],[-96.7944,30.1606],[-96.8458,30.1162],[-97.0194,30.0323],[-97.0246,30.0512],[-97.1252,29.9591],[-97.3178,29.7846],[-97.1305,29.6432],[-97.1433,29.628]]]}},
{"type":"Feature","properties":{"name":"Texana Groundwater Conservation District","website":"http://www.texanagcd.org/"},"geometry":{"type":"Polygon","coordinates":[[[-96.7473,29.2],[-96.5837,29.2],[-96.6381,29.2471],[-96.6573,29.2643],[-96.7473,29.2]]]}},
{"type":"Feature","properties":{"name":"Evergreen Underground Water Conservation District","website":"http://www.evergreenuwcd.org"},"geometry":{"type":"MultiPolygon","coordinates":[[[[-98.3355,29.2],[-97.7069,29.2],[-97.7154,29.2081],[-97.8588,29.3528],[-97.8406,29.3769],[-98.0848,29.38],[-98.1131,29.3655],[-98.1131,29.3668],[-98.1154,29.3689],[-98.1153,29.3713],[-98.1201,29.3752],[-98.1196,29.3766],[-98.1216,29.3774],[-98.1225,29.3787],[-98.1201,29.3816],[-98.1194,29.3831],[-98.1198,29.3842],[-98.1213,29.3857],[-98.1219,29.3877],[-98.1261,29.3908],[-98.1266,29.3951],[-98.1303,29.3978],[-98.1296,29.3986],[-98.1281,29.3978],[-98.1269,29.4006],[-98.1278,29.4043],[-98.1303,29.4057],[-98.1282,29.4116],[-98.1295,29.4124],[-98.1319,29.4122],[-98.1333,29.4146],[-98.133,29.4155],[-98.1315,29.4157],[-98.1302,29.4185],[-98.1313,29.4219],[-98.1327,29.4233],[-98.1335,29.4274],[-98.1355,29.4281],[-98.1365,29.4293],[-98.1354,29.4321],[-98.1314,29.4333],[-98.1316,29.4349],[-98.1353,29.4387],[-98.3355,29.2]]],[[[-98.8047,29.2],[-98.657,29.2],[-98.8046,29.2506],[-98.8047,29.2]]]]}},
{"type":"Feature","properties":{"name":"Brazos Valley Groundwater Conservation District","website":"https://brazosvalleygcd.org/"},"geometry":{"type":"Polygon","coordinates":[[[-96.2,30.9305],[-96.2,30.9326],[-96.2001,30.9327],[-96.2014,30.9376],[-96.2058,30.9405],[-96.2057,30.942],[-96.2073,30.9439],[-96.2064,30.9452],[-96.2077,30.9476],[-96.2089,30.9467],[-96.2108,30.9472],[-96.2121,30.9493],[-96.2154,30.9494],[-96.2164,30.9504],[-96.2184,30.95],[-96.2191,30.952],[-96.2228,30.9509],[-96.2273,30.9515],[-96.2285,30.9532],[-96.2328,30.9558],[-96.2339,30.9591],[-96.2365,30.9594],[-96.2378,30.9605],[-96.2372,30.9629],[-96.2395,30.964],[-96.2397,30.9654],[-96.238,30.9665],[-96.237,30.9689],[-96.2399,30.9717],[-96.2423,30.977],[-96.2418,30.9776],[-96.2409,30.977],[-96.2398,30.9775],[-96.24,30.9787],[-96.2412,30.9788],[-96.24,30.9816],[-96.2405,30.9828],[-96.2393,30.9831],[-96.2397,30.9846],[-96.2374,30.9854],[-96.2395,30.9881],[-96.2393,30.9895],[-96.2378,30.9894],[-96.238,30.994],[-96.2374,30.9944],[-96.2359,30.9936],[-96.2349,30.9954],[-96.238,30.9976],[-96.242,30.9979],[-96.2437,30.9995],[-96.2454,30.998],[-96.2462,30.9981],[-96.2464,31.0034],[-96.2456,31.0052],[-96.2468,31.0059],[-96.2477,31.0048],[-96.25,31.0054],[-96.2515,31.0051],[-96.2536,31.0062],[-96.257,31.0063],[-96.2581,31.0072],[-96.2588,31.0072],[-96.259,31.006],[-96.2604,31.006],[-96.26,31.0149],[-96.2581,31.0156],[-96.2581,31.0196],[-96.2568,31.021],[-96.2582,31.0228],[-96.2558,31.0238],[-96.2553,31.0281],[-96.2538,31.0276],[-96.2525,31.0295],[-96.2526,31.0311],[-96.2508,31.0327],[-96.2496,31.0322],[-96.2489,31.0327],[-96.2484,31.0352],[-96.247,31.0365],[-96.2475,31.0373],[-96.2493,31.0376],[-96.2481,31.0385],[-96.2487,31.0396],[-96.2482,31.0411],[-96.2471,31.0408],[-96.2468,31.0431],[-96.2436,31.045],[-96.243,31.044],[-96.2418,31.0442],[-96.2414,31.0472],[-96.2399,31.0474],[-96.2401,31.0485],[-96.246,31.0511],[-96.245,31.0524],[-96.245,31.0537],[-96.243,31.0544],[-96.2439,31.0564],[-96.2411,31.0567],[-96.2438,31.0591],[-96.2429,31.061],[-96.2434,31.0617],[-96.246,31.0622],[-96.2465,31.0617],[-96.2458,31.0608],[-96.2474,31.0605],[-96.2494,31.0633],[-96.2509,31.0632],[-96.2515,31.0651],[-96.2525,31.0639],[-96.2532,31.0641],[-96.253,31.0662],[-96.255,31.0653],[-96.2553,31.0674],[-96.2567,31.0682],[-96.2568,31.0691],[-96.2548,31.0719],[-96.2529,31.0716],[-96.2528,31.0726],[-96.2545,31.0739],[-96.2566,31.0741],[-96.2578,31.0756],[-96.2608,31.0769],[-96.26,31.0748],[-96.2604,31.0743],[-96.2616,31.0757],[-96.2617,31.0774],[-96.2626,31.0763],[-96.2662,31.0786],[-96.2667,31.0778],[-96.2689,31.0776],[-96.2707,31.0807],[-96.2718,31.0809],[-96.2713,31.0825],[-96.2724,31.0848],[-96.2738,31.0851],[-96.2744,31.0862],[-96.2759,31.0862],[-96.2771,31.0875],[-96.2775,31.0921],[-96.2801,31.0944],[-96.2805,31.0958],[-96.2791,31.0972],[-96.2794,31.1003],[-96.278,31.1029],[-96.2792,31.1033],[-96.2779,31.1052],[-96.2785,31.1057],[-96.2781,31.1078],[-96.2788,31.1082],[-96.2779,31.1097],[-96.2768,31.1099],[-96.2766,31.1118],[-96.2781,31.1134],[-96.2768,31.1144],[-96.2769,31.1159],[-96.2826,31.1193],[-96.2826,31.1224],[-96.2838,31.1254],[-96.2855,31.1254],[-96.2855,31.1273],[-96.2878,31.1289],[-96.2892,31.1316],[-96.2909,31.1314],[-96.291,31.1327],[-96.2925,31.1331],[-96.2928,31.1352],[-96.2918,31.1351],[-96.2916,31.136],[-96.294,31.1386],[-96.2933,31.1407],[-96.2945,31.1411],[-96.2954,31.1399],[-96.2959,31.1401],[-96.296,31.1423],[-96.2976,31.1449],[-96.2977,31.1467],[-96.2989,31.148],[-96.298,31.1494],[-96.2987,31.1501],[-96.2983,31.1525],[-96.2989,31.1531],[-96.2973,31.1556],[-96.2989,31.156],[-96.3003,31.1583],[-96.2995,31.1595],[-96.3004,31.1605],[-96.3002,31.1627],[-96.3015,31.1637],[-96.3009,31.1644],[-96.2998,31.1638],[-96.2991,31.1642],[-96.2989,31.1661],[-96.2997,31.1669],[-96.2986,31.1677],[-96.2987,31.172],[-96.2967,31.1748],[-96.2978,31.1754],[-96.2993,31.1752],[-96.2986,31.1758],[-96.299,31.1771],[-96.3008,31.1782],[-96.301,31.1791],[-96.3001,31.1796],[-96.2987,31.1792],[-96.2988,31.1807],[-96.2971,31.181],[-96.2992,31.1841],[-96.3019,31.1853],[-96.3025,31.1896],[-96.3048,31.1919],[-96.3044,31.1931],[-96.3053,31.1953],[-96.3075,31.1961],[-96.3078,31.1975],[-96.3099,31.1969],[-96.3116,31.1979],[-96.3114,31.1994],[-96.3105,31.1998],[-96.3109,31.2005],[-96.3097,31.2008],[-96.3099,31.2026],[-96.309,31.2039],[-96.3093,31.2048],[-96.311,31.2047],[-96.3105,31.2079],[-96.3115,31.2084],[-96.3103,31.2105],[-96.3107,31.213],[-96.3097,31.2137],[-96.3106,31.2144],[-96.3105,31.2173],[-96.3137,31.2193],[-96.3143,31.2193],[-96.3144,31.2178],[-96.3159,31.2185],[-96.3169,31.2198],[-96.3183,31.2196],[-96.3176,31.2215],[-96.3192,31.2221],[-96.3169,31.2233],[-96.3176,31.2242],[-96.3167,31.2262],[-96.3142,31.228],[-96.314,31.2289],[-96.315,31.2307],[-96.3168,31.2319],[-96.3158,31.2329],[-96.3176,31.2355],[-96.3194,31.2362],[-96.3192,31.2382],[-96.3205,31.2425],[-96.3224,31.2426],[-96.3283,31.2459],[-96.3285,31.2477],[-96.3279,31.2483],[-96.3299,31.2489],[-96.3288,31.2508],[-96.3298,31.2522],[-96.331,31.2523],[-96.329,31.2575],[-96.3259,31.2598],[-96.3248,31.2614],[-96.3243,31.2616],[-96.3237,31.2604],[-96.3251,31.2593],[-96.3235,31.2576],[-96.3216,31.2568],[-96.3205,31.2576],[-96.3198,31.2601],[-96.3183,31.2602],[-96.3165,31.2633],[-96.3172,31.2646],[-96.3147,31.2656],[-96.3153,31.2667],[-96.3141,31.2677],[-96.3138,31.2698],[-96.3145,31.2703],[-96.3137,31.2712],[-96.3174,31.2727],[-96.316,31.2775],[-96.3206,31.2809],[-96.3205,31.2817],[-96.3217,31.2827],[-96.3227,31.282],[-96.3249,31.2825],[-96.3261,31.2848],[-96.3273,31.285],[-96.3276,31.2865],[-96.327,31.2898],[-96.3277,31.2913],[-96.3267,31.2917],[-96.3262,31.293],[-96.3267,31.2956],[-96.3282,31.2957],[-96.3279,31.2987],[-96.3254,31.3006],[-96.3235,31.2993],[-96.3215,31.299],[-96.3207,31.2978],[-96.3203,31.2997],[-96.3194,31.2997],[-96.3183,31.3012],[-96.3169,31.3015],[-96.3191,31.3041],[-96.3209,31.3045],[-96.3234,31.3087],[-96.3255,31.3108],[-96.3249,31.3128],[-96.3242,31.3122],[-96.3228,31.3127],[-96.3222,31.3137],[-96.3206,31.3135],[-96.322,31.3146],[-96.3202,31.3167],[-96.3216,31.317],[-96.3216,31.3178],[-96.3186,31.3203],[-96.3167,31.3235],[-96.3167,31.3252],[-96.3199,31.3258],[-96.3198,31.3267],[-96.3181,31.3272],[-96.3179,31.328],[-96.3186,31.3297],[-96.32,31.3308],[-96.3183,31.3333],[-96.3191,31.336],[-96.3187,31.3368],[-96.3156,31.3384],[-96.316,31.3395],[-96.3144,31.3423],[-96.3159,31.3426],[-96.3159,31.3438],[-96.3167,31.3442],[-96.3157,31.3454],[-96.316,31.3467],[-96.3182,31.3466],[-96.318,31.3477],[-96.3196,31.3503],[-96.3196,31.3533],[-96.3187,31.3531],[-96.3189,31.3568],[-96.5398,31.2479],[-96.5625,31.2376],[-96.6206,31.2089],[-96.75,31.1433],[-96.8289,31.1057],[-96.8307,31.1015],[-96.8304,31.1002],[-96.8269,31.0973],[-96.8164,31.0902],[-96.8091,31.0807],[-96.8093,31.0794],[-96.8164,31.0734],[-96.819,31.0698],[-96.8209,31.064],[-96.8205,31.0615],[-96.8191,31.0599],[-96.8139,31.0584],[-96.8094,31.0584],[-96.8053,31.0594],[-96.7965,31.0649],[-96.7916,31.065],[-96.7876,31.0633],[-96.7858,31.0613],[-96.7861,31.0519],[-96.7837,31.0482],[-96.7822,31.0477],[-96.7783,31.0479],[-96.7738,31.0493],[-96.7694,31.0497],[-96.7677,31.0493],[-96.7655,31.0465],[-96.7669,31.0424],[-96.7717,31.0386],[-96.7783,31.0354],[-96.7795,31.0332],[-96.7793,31.0311],[-96.7779,31.0287],[-96.771,31.0273],[-96.7697,31.0262],[-96.7699,31.0226],[-96.7742,31.0182],[-96.7716,31.0039],[-96.7697,31.0],[-96.7667,30.9993],[-96.7616,31.0025],[-96.755,31.0051],[-96.7473,31.0012],[-96.7464,31.0],[-96.7457,30.9957],[-96.7465,30.992],[-96.7482,30.9898],[-96.75,30.9891],[-96.7546,30.9892],[-96.7568,30.988],[-96.7593,30.9781],[-96.7659,30.974],[-96.7708,30.972],[-96.7724,30.9675],[-96.772,30.9634],[-96.7709,30.9603],[-96.7693,30.9586],[-96.7642,30.9584],[-96.7608,30.9559],[-96.759,30.9507],[-96.7556,30.9453],[-96.7552,30.9402],[-96.7574,30.9297],[-96.7567,30.9278],[-96.7476,30.9206],[-96.7435,30.9155],[-96.7409,30.9147],[-96.7356,30.9153],[-96.7321,30.9167],[-96.7307,30.9163],[-96.7292,30.9129],[-96.7303,30.9109],[-96.7341,30.9071],[-96.7342,30.9043],[-96.7328,30.902],[-96.7261,30.8985],[-96.7199,30.8972],[-96.716,30.8973],[-96.7134,30.8991],[-96.71,30.9032],[-96.6982,30.9086],[-96.6906,30.9089],[-96.6847,30.906],[-96.683,30.9018],[-96.6839,30.8985],[-96.6856,30.8968],[-96.6897,30.8965],[-96.6942,30.8986],[-96.697,30.8982],[-96.6949,30.8916],[-96.6922,30.8895],[-96.6867,30.8874],[-96.6843,30.8852],[-96.6832,30.8828],[-96.6838,30.8798],[-96.6932,30.8791],[-96.6948,30.8779],[-96.6956,30.8728],[-96.6946,30.8643],[-96.691,30.8596],[-96.6835,30.8538],[-96.6784,30.8434],[-96.6768,30.8426],[-96.6711,30.8427],[-96.67,30.8421],[-96.6688,30.8402],[-96.6702,30.8358],[-96.67,30.8338],[-96.6619,30.8306],[-96.6602,30.8292],[-96.6514,30.8269],[-96.6478,30.825],[-96.6452,30.823],[-96.641,30.8179],[-96.6377,30.811],[-96.6357,30.8041],[-96.636,30.7972],[-96.6382,30.7948],[-96.6447,30.7915],[-96.6473,30.7892],[-96.649,30.7856],[-96.6476,30.7814],[-96.6451,30.7791],[-96.6421,30.7783],[-96.6378,30.7793],[-96.6342,30.7825],[-96.6332,30.7826],[-96.6273,30.7817],[-96.625,30.7806],[-96.6235,30.7783],[-96.6218,30.7721],[-96.6179,30.7665],[-96.6174,30.7643],[-96.612,30.7586],[-96.612,30.7542],[-96.6134,30.7519],[-96.6166,30.7495],[-96.625,30.7503],[-96.6317,30.743],[-96.6326,30.7408],[-96.6289,30.7369],[-96.6235,30.7332],[-96.6208,30.7296],[-96.6195,30.729],[-96.6161,30.7283],[-96.6038,30.7291],[-96.598,30.7278],[-96.596,30.7243],[-96.5967,30.7173],[-96.5962,30.7154],[-96.5851,30.7098],[-96.5729,30.7047],[-96.5693,30.7011],[-96.5677,30.698],[-96.5672,30.6953],[-96.5683,30.6918],[-96.5718,30.6894],[-96.5808,30.6891],[-96.5829,30.6855],[-96.5837,30.6793],[-96.5823,30.6647],[-96.5842,30.6592],[-96.5874,30.6558],[-96.5935,30.653],[-96.5954,30.6474],[-96.6003,30.6434],[-96.6014,30.6411],[-96.6008,30.64],[-96.5986,30.6393],[-96.5899,30.6398],[-96.5811,30.6369],[-96.573,30.637],[-96.5691,30.635],[-96.5691,30.6312],[-96.5681,30.6295],[-96.5652,30.6296],[-96.5598,30.6317],[-96.5543,30.6321],[-96.5487,30.6278],[-96.5288,30.6279],[-96.5181,30.626],[-96.5138,30.6271],[-96.5124,30.629],[-96.5111,30.6294],[-96.5083,30.6237],[-96.5076,30.6195],[-96.5047,30.6148],[-96.5023,30.6132],[-96.5013,30.613],[-96.4921,30.6199],[-96.49,30.6207],[-96.4888,30.6202],[-96.4869,30.6187],[-96.4862,30.6168],[-96.489,30.6092],[-96.489,30.6068],[-96.4877,30.605],[-96.4848,30.6038],[-96.4787,30.6045],[-96.4714,30.607],[-96.4695,30.607],[-96.4679,30.6061],[-96.4631,30.6001],[-96.4611,30.5988],[-96.4547,30.5973],[-96.4508,30.5958],[-96.4502,30.5948],[-96.4501,30.5908],[-96.4419,30.5824],[-96.4382,30.5758],[-96.4359,30.5745],[-96.4316,30.5751],[-96.4291,30.5789],[-96.4293,30.5832],[-96.4316,30.5883],[-96.4313,30.5897],[-96.428,30.5901],[-96.4248,30.5888],[-96.4201,30.5849],[-96.4199,30.584],[-96.4202,30.5822],[-96.4229,30.5793],[-96.4234,30.5771],[-96.4219,30.5708],[-96.4235,30.5613],[-96.4223,30.5543],[-96.4196,30.5467],[-96.4179,30.5441],[-96.4146,30.5413],[-96.4061,30.5401],[-96.4022,30.5365],[-96.3894,30.5322],[-96.3868,30.5326],[-96.3848,30.534],[-96.3861,30.541],[-96.386,30.5422],[-96.3848,30.5432],[-96.3835,30.5436],[-96.3814,30.5427],[-96.3791,30.5383],[-96.3772,30.5371],[-96.3757,30.5372],[-96.3746,30.5389],[-96.3769,30.5441],[-96.3758,30.5463],[-96.3683,30.5439],[-96.3619,30.5435],[-96.3572,30.5357],[-96.3548,30.528],[-96.3546,30.5238],[-96.3558,30.5211],[-96.3578,30.5195],[-96.3607,30.5188],[-96.3651,30.5188],[-96.3676,30.5176],[-96.3693,30.5157],[-96.369,30.5132],[-96.3674,30.5116],[-96.3648,30.5109],[-96.3594,30.5128],[-96.3563,30.5131],[-96.3551,30.5118],[-96.3555,30.5076],[-96.3548,30.5044],[-96.3531,30.5019],[-96.35,30.5006],[-96.3432,30.4995],[-96.3398,30.4968],[-96.3316,30.4823],[-96.3304,30.4782],[-96.331,30.4769],[-96.3323,30.4767],[-96.3351,30.4784],[-96.3375,30.4783],[-96.3392,30.4772],[-96.3397,30.4749],[-96.3368,30.4696],[-96.3221,30.4604],[-96.322,30.4589],[-96.3242,30.4549],[-96.3244,30.4517],[-96.3215,30.4504],[-96.3196,30.4505],[-96.3174,30.452],[-96.3147,30.4557],[-96.3126,30.4567],[-96.304,30.4525],[-96.3001,30.4485],[-96.2968,30.4476],[-96.2945,30.446],[-96.2928,30.4459],[-96.2897,30.4469],[-96.2858,30.4505],[-96.2846,30.4505],[-96.2833,30.4495],[-96.283,30.4468],[-96.2845,30.4422],[-96.2847,30.4364],[-96.2807,30.4283],[-96.2836,30.4252],[-96.2864,30.4239],[-96.2879,30.4214],[-96.2871,30.4196],[-96.2846,30.4179],[-96.2755,30.4187],[-96.274,30.4183],[-96.2721,30.41],[-96.2741,30.4079],[-96.2779,30.4068],[-96.2877,30.4119],[-96.2924,30.4115],[-96.295,30.4122],[-96.2973,30.4116],[-96.2985,30.4103],[-96.2992,30.4081],[-96.2966,30.4004],[-96.3022,30.3992],[-96.3048,30.3966],[-96.3031,30.3923],[-96.2948,30.3857],[-96.2946,30.3822],[-96.2991,30.3798],[-96.299,30.3784],[-96.2942,30.3759],[-96.2882,30.3674],[-96.2807,30.3644],[-96.2771,30.3603],[-96.2695,30.3582],[-96.2681,30.3586],[-96.2625,30.363],[-96.2621,30.3644],[-96.2633,30.368],[-96.2626,30.3692],[-96.2607,30.3687],[-96.2577,30.3667],[-96.2522,30.3653],[-96.2449,30.3688],[-96.2382,30.3689],[-96.2224,30.376],[-96.2194,30.3761],[-96.2136,30.3738],[-96.2115,30.3741],[-96.2079,30.3781],[-96.2032,30.3798],[-96.2,30.3824],[-96.2,30.8854],[-96.2007,30.8869],[-96.2001,30.8883],[-96.2,30.8883],[-96.2,30.8891],[-96.2002,30.8892],[-96.2,30.8895],[-96.2,30.8908],[-96.2012,30.8907],[-96.2006,30.8924],[-96.2021,30.8919],[-96.2036,30.8953],[-96.204,30.8965],[-96.2026,30.897],[-96.2039,30.8971],[-96.2041,30.8977],[-96.203,30.8992],[-96.2032,30.901],[-96.2063,30.9005],[-96.2064,30.9021],[-96.2088,30.9024],[-96.2096,30.9029],[-96.21,30.9044],[-96.2118,30.9042],[-96.2123,30.9049],[-96.2115,30.9072],[-96.2122,30.9083],[-96.2115,30.9106],[-96.2129,30.9113],[-96.2117,30.9134],[-96.2099,30.9146],[-96.2096,30.9169],[-96.2076,30.9169],[-96.2062,30.918],[-96.2063,30.9191],[-96.2082,30.9206],[-96.2059,30.9206],[-96.2066,30.9218],[-96.2062,30.9237],[-96.2045,30.9236],[-96.2041,30.9249],[-96.2033,30.9244],[-96.2026,30.9253],[-96.2009,30.9256],[-96.204,30.9279],[-96.2031,30.9284],[-96.2029,30.9329],[-96.2022,30.9329],[-96.2,30.9304],[-96.2,30.9305]]]}},
{"type":"Feature","properties":{"name":"Pecan Valley Groundwater Conservation District","website":"http://www.pvgcd.org"},"geometry":{"type":"Polygon","coordinates":[[[-97.4916,29.2],[-97.0648,29.2],[-97.1059,29.244],[-97.2401,29.3846],[-97.4916,29.2]]]}},
{"type":"Feature","properties":{"name":"Post Oak Savannah Groundwater Conservation District","website":"http://www.posgcd.org"},"geometry":{"type":"Polygon","coordinates":[[[-96.4201,30.5825],[-96.4205,30.5841],[-96.4254,30.5893],[-96.4276,30.5908],[-96.4298,30.5908],[-96.4314,30.5886],[-96.4286,30.5802],[-96.4288,30.5763],[-96.4319,30.5741],[-96.4372,30.575],[-96.4425,30.5826],[-96.4497,30.5898],[-96.4519,30.5961],[-96.4623,30.5992],[-96.4676,30.6053],[-96.4701,30.6067],[-96.4734,30.6065],[-96.4783,30.6046],[-96.4852,30.6041],[-96.4871,30.6046],[-96.4886,30.6063],[-96.4891,30.6084],[-96.4866,30.6177],[-96.4876,30.6194],[-96.4894,30.6204],[-96.4922,30.6206],[-96.5007,30.6137],[-96.5035,30.6136],[-96.5081,30.6193],[-96.5103,30.6284],[-96.5114,30.6296],[-96.5152,30.6268],[-96.5173,30.6263],[-96.5314,30.6283],[-96.5479,30.6278],[-96.5559,30.6326],[-96.5595,30.632],[-96.5673,30.6294],[-96.5692,30.6307],[-96.5696,30.6352],[-96.5721,30.6368],[-96.5823,30.6371],[-96.5908,30.6396],[-96.5995,30.6393],[-96.6015,30.6403],[-96.6014,30.643],[-96.5955,30.6478],[-96.5938,30.6529],[-96.587,30.6565],[-96.5842,30.6597],[-96.583,30.6636],[-96.5844,30.6816],[-96.5832,30.6861],[-96.5805,30.6891],[-96.5732,30.6898],[-96.5694,30.6917],[-96.5677,30.6953],[-96.569,30.7002],[-96.5712,30.7034],[-96.5744,30.7059],[-96.5965,30.7156],[-96.5972,30.717],[-96.5965,30.7243],[-96.5972,30.7265],[-96.5986,30.728],[-96.6008,30.729],[-96.6044,30.7293],[-96.6154,30.7284],[-96.6198,30.7288],[-96.623,30.7327],[-96.6283,30.7367],[-96.6329,30.7414],[-96.6321,30.7433],[-96.6254,30.7503],[-96.6183,30.7495],[-96.615,30.7507],[-96.6123,30.7543],[-96.6125,30.7584],[-96.6142,30.762],[-96.6159,30.763],[-96.6204,30.7692],[-96.6241,30.7793],[-96.6258,30.7811],[-96.6336,30.7826],[-96.6385,30.7789],[-96.6425,30.7784],[-96.6461,30.7797],[-96.6485,30.7833],[-96.6486,30.7869],[-96.6461,30.7907],[-96.638,30.7953],[-96.6359,30.7984],[-96.6362,30.807],[-96.6418,30.8194],[-96.645,30.8232],[-96.6505,30.8266],[-96.6605,30.8295],[-96.662,30.8308],[-96.665,30.8314],[-96.6697,30.8337],[-96.6704,30.8353],[-96.669,30.8398],[-96.6702,30.8421],[-96.6716,30.8428],[-96.6764,30.8427],[-96.6787,30.8438],[-96.6816,30.8508],[-96.6838,30.8538],[-96.6917,30.8603],[-96.6951,30.8651],[-96.696,30.8752],[-96.6948,30.8784],[-96.6934,30.8795],[-96.6903,30.8801],[-96.6844,30.8798],[-96.6834,30.8813],[-96.6839,30.884],[-96.6854,30.8861],[-96.6921,30.8893],[-96.6954,30.892],[-96.6973,30.8982],[-96.6957,30.8991],[-96.6901,30.8965],[-96.6859,30.897],[-96.6839,30.8993],[-96.6834,30.902],[-96.6851,30.9063],[-96.6896,30.9087],[-96.6964,30.9089],[-96.7024,30.9073],[-96.7079,30.9046],[-96.7163,30.8975],[-96.7196,30.8972],[-96.727,30.8988],[-96.732,30.9013],[-96.7345,30.9044],[-96.7344,30.9072],[-96.7298,30.9119],[-96.7302,30.9152],[-96.7316,30.9172],[-96.7334,30.9182],[-96.7359,30.9185],[-96.7404,30.916],[-96.7438,30.9158],[-96.7471,30.9197],[-96.7567,30.9281],[-96.7576,30.9305],[-96.7559,30.9355],[-96.755,30.9413],[-96.7554,30.9443],[-96.7614,30.9562],[-96.7645,30.9582],[-96.7689,30.9582],[-96.7707,30.96],[-96.772,30.9632],[-96.7721,30.9691],[-96.7709,30.9722],[-96.764,30.975],[-96.7592,30.9783],[-96.7566,30.9884],[-96.7503,30.9906],[-96.7473,30.9928],[-96.7456,30.9959],[-96.7459,30.9988],[-96.7484,31.0023],[-96.7558,31.0054],[-96.7674,31.0],[-96.7696,31.0003],[-96.7715,31.0024],[-96.774,31.0108],[-96.7742,31.014],[-96.7727,31.0192],[-96.7701,31.0229],[-96.7697,31.0258],[-96.7713,31.0273],[-96.7774,31.0292],[-96.7789,31.0311],[-96.7793,31.0335],[-96.7781,31.036],[-96.772,31.0391],[-96.7668,31.0429],[-96.7658,31.046],[-96.7675,31.0489],[-96.7706,31.0502],[-96.7803,31.0481],[-96.784,31.0488],[-96.7862,31.0514],[-96.7867,31.0606],[-96.7894,31.0637],[-96.7915,31.0651],[-96.7971,31.0646],[-96.8057,31.0595],[-96.809,31.0586],[-96.8165,31.0591],[-96.8203,31.0614],[-96.8212,31.0647],[-96.8192,31.0706],[-96.8172,31.0731],[-96.8102,31.079],[-96.8093,31.0805],[-96.8135,31.0869],[-96.817,31.0907],[-96.8233,31.0947],[-96.8307,31.1006],[-96.8312,31.1023],[-96.8296,31.1055],[-96.8304,31.1051],[-96.829,31.1107],[-97.0701,30.9862],[-97.1789,30.9314],[-97.259,30.8894],[-97.3155,30.7524],[-97.2716,30.7359],[-97.1552,30.4573],[-96.9634,30.5566],[-96.9618,30.5522],[-96.9599,30.5517],[-96.9567,30.5521],[-96.9546,30.5496],[-96.9507,30.5478],[-96.9488,30.5476],[-96.9482,30.5468],[-96.949,30.5453],[-96.9458,30.5436],[-96.944,30.5443],[-96.9427,30.5471],[-96.94,30.5462],[-96.9397,30.5448],[-96.9367,30.5448],[-96.933,30.5431],[-96.9298,30.5432],[-96.9291,30.5444],[-96.927,30.5425],[-96.9257,30.5433],[-96.9228,30.54],[-96.92,30.5396],[-96.9187,30.5387],[-96.9179,30.5367],[-96.9159,30.5354],[-96.9144,30.5305],[-96.913,30.5299],[-96.9134,30.5287],[-96.9118,30.5265],[-96.9122,30.5233],[-96.9092,30.5227],[-96.9083,30.5213],[-96.9089,30.5202],[-96.9081,30.5177],[-96.9065,30.5171],[-96.9055,30.5186],[-96.9041,30.5186],[-96.9046,30.5161],[-96.9065,30.5147],[-96.9023,30.5146],[-96.9033,30.5125],[-96.9057,30.5127],[-96.9043,30.5081],[-96.9059,30.5033],[-96.9082,30.5022],[-96.9033,30.5006],[-96.9004,30.4985],[-96.8995,30.4973],[-96.8997,30.4953],[-96.8979,30.4901],[-96.896,30.4892],[-96.8969,30.4842],[-96.9017,30.4816],[-96.9039,30.4737],[-96.9047,30.4722],[-96.9057,30.472],[-96.9052,30.4697],[-96.9027,30.4699],[-96.9019,30.4686],[-96.9021,30.4681],[-96.9039,30.4682],[-96.9045,30.4666],[-96.9022,30.4667],[-96.9012,30.4636],[-96.8981,30.4611],[-96.8993,30.4605],[-96.8986,30.4594],[-96.8873,30.4619],[-96.8861,30.4598],[-96.8844,30.4603],[-96.8835,30.4618],[-96.8807,30.4604],[-96.8805,30.4594],[-96.8786,30.4593],[-96.8793,30.4583],[-96.8787,30.4572],[-96.8753,30.4576],[-96.8747,30.4558],[-96.8756,30.4552],[-96.8757,30.4528],[-96.8771,30.4509],[-96.8749,30.4502],[-96.8744,30.4493],[-96.876,30.4489],[-96.8774,30.4495],[-96.8772,30.4478],[-96.875,30.4458],[-96.8724,30.4446],[-96.8708,30.4415],[-96.8721,30.4388],[-96.8718,30.4377],[-96.8679,30.4336],[-96.8656,30.4348],[-96.8648,30.4339],[-96.865,30.4328],[-96.8588,30.4335],[-96.8581,30.4341],[-96.8532,30.4323],[-96.8529,30.4312],[-96.8517,30.4318],[-96.85,30.4301],[-96.8466,30.4316],[-96.8455,30.4291],[-96.8442,30.4295],[-96.8437,30.429],[-96.8455,30.4279],[-96.8453,30.4274],[-96.8437,30.4258],[-96.8421,30.4264],[-96.8423,30.4247],[-96.8404,30.4241],[-96.8408,30.4222],[-96.8402,30.4214],[-96.8375,30.4216],[-96.8365,30.4211],[-96.8362,30.4223],[-96.8347,30.4226],[-96.8343,30.4193],[-96.8321,30.4202],[-96.8315,30.4183],[-96.8296,30.4182],[-96.8272,30.4164],[-96.825,30.4162],[-96.8244,30.4152],[-96.8257,30.4151],[-96.8257,30.4144],[-96.8213,30.4128],[-96.8224,30.4117],[-96.8224,30.41],[-96.8209,30.4097],[-96.819,30.4072],[-96.8152,30.4053],[-96.8134,30.4054],[-96.8099,30.4043],[-96.8092,30.4026],[-96.8104,30.4017],[-96.8106,30.4006],[-96.8084,30.3966],[-96.8038,30.3958],[-96.8018,30.3929],[-96.7985,30.3909],[-96.7934,30.3912],[-96.7902,30.3906],[-96.7879,30.3892],[-96.7881,30.3863],[-96.7895,30.3833],[-96.788,30.3823],[-96.7876,30.3805],[-96.7858,30.3786],[-96.7844,30.379],[-96.7831,30.3769],[-96.7801,30.3759],[-96.7812,30.3736],[-96.7802,30.3718],[-96.7788,30.3708],[-96.7771,30.3716],[-96.7764,30.3697],[-96.7754,30.37],[-96.7764,30.3689],[-96.7755,30.3686],[-96.7747,30.3692],[-96.7705,30.3657],[-96.7697,30.3644],[-96.7687,30.3581],[-96.7654,30.3541],[-96.7666,30.3541],[-96.7668,30.3531],[-96.7645,30.3496],[-96.7644,30.3474],[-96.7625,30.3464],[-96.7604,30.3437],[-96.7608,30.3409],[-96.759,30.3401],[-96.7546,30.3408],[-96.7529,30.338],[-96.7527,30.3348],[-96.7536,30.3347],[-96.7539,30.3311],[-96.7549,30.3306],[-96.7541,30.3301],[-96.7543,30.3294],[-96.7537,30.3294],[-96.7534,30.3304],[-96.7528,30.3294],[-96.7518,30.3302],[-96.7513,30.3292],[-96.7503,30.3293],[-96.751,30.3288],[-96.7507,30.3278],[-96.7495,30.3286],[-96.7489,30.3273],[-96.7477,30.3275],[-96.7472,30.3257],[-96.7467,30.3264],[-96.746,30.326],[-96.7461,30.3242],[-96.7441,30.3239],[-96.7453,30.322],[-96.7435,30.3222],[-96.7446,30.3208],[-96.7441,30.3201],[-96.7404,30.3188],[-96.7388,30.3193],[-96.7382,30.3205],[-96.7379,30.3193],[-96.737,30.3193],[-96.7366,30.32],[-96.7376,30.3208],[-96.7344,30.322],[-96.7343,30.3237],[-96.7333,30.3227],[-96.7323,30.3231],[-96.7327,30.3239],[-96.7313,30.3232],[-96.7306,30.3243],[-96.7257,30.3232],[-96.7249,30.3218],[-96.7215,30.3195],[-96.7217,30.3187],[-96.7185,30.3187],[-96.7174,30.3197],[-96.7156,30.3199],[-96.7071,30.3177],[-96.7027,30.3203],[-96.7011,30.3197],[-96.6988,30.3207],[-96.695,30.32],[-96.6868,30.317],[-96.6849,30.3127],[-96.6851,30.3112],[-96.6838,30.3104],[-96.6833,30.3113],[-96.6821,30.3092],[-96.6779,30.3097],[-96.6756,30.3075],[-96.6737,30.3074],[-96.6733,30.3065],[-96.6751,30.3055],[-96.6743,30.3043],[-96.6715,30.3039],[-96.6709,30.3026],[-96.6695,30.3031],[-96.6705,30.3003],[-96.6688,30.2998],[-96.6692,30.2991],[-96.6681,30.2985],[-96.6681,30.2974],[-96.666,30.2973],[-96.6638,30.2956],[-96.6608,30.298],[-96.6588,30.2979],[-96.6597,30.2989],[-96.6591,30.2993],[-96.6548,30.3003],[-96.6539,30.2995],[-96.6521,30.2994],[-96.6516,30.3006],[-96.6499,30.2991],[-96.6483,30.3002],[-96.6482,30.2984],[-96.6441,30.2968],[-96.6428,30.2984],[-96.6425,30.2972],[-96.6415,30.2974],[-96.6409,30.2968],[-96.6395,30.2973],[-96.6382,30.2969],[-96.6376,30.2975],[-96.6369,30.2971],[-96.6355,30.2988],[-96.6346,30.2982],[-96.6328,30.3004],[-96.6319,30.2995],[-96.6301,30.2996],[-96.6303,30.3007],[-96.6295,30.3011],[-96.6285,30.2998],[-96.6261,30.2992],[-96.6259,30.2984],[-96.623,30.2984],[-96.6168,30.301],[-96.6108,30.3014],[-96.6086,30.3023],[-96.6062,30.3021],[-96.6042,30.3063],[-96.6017,30.3085],[-96.5999,30.3088],[-96.5997,30.3082],[-96.5979,30.3084],[-96.5953,30.3075],[-96.5934,30.3078],[-96.5924,30.3065],[-96.5908,30.3078],[-96.5901,30.3073],[-96.5896,30.3083],[-96.5886,30.3082],[-96.5882,30.309],[-96.5865,30.309],[-96.5851,30.3081],[-96.5846,30.3089],[-96.5828,30.3086],[-96.5828,30.3097],[-96.5785,30.3121],[-96.5769,30.3121],[-96.5769,30.3111],[-96.5753,30.3117],[-96.5736,30.3107],[-96.5679,30.3133],[-96.5695,30.3143],[-96.568,30.3146],[-96.5693,30.3158],[-96.5684,30.3161],[-96.5682,30.317],[-96.5643,30.3188],[-96.5608,30.3196],[-96.5623,30.3226],[-96.5593,30.3237],[-96.557,30.3235],[-96.5561,30.3218],[-96.553,30.3224],[-96.5533,30.3212],[-96.5522,30.3217],[-96.5519,30.3208],[-96.5501,30.3202],[-96.5487,30.3214],[-96.5478,30.3205],[-96.5467,30.3206],[-96.5459,30.319],[-96.5413,30.3177],[-96.5419,30.3198],[-96.5405,30.3198],[-96.5391,30.3212],[-96.5373,30.3209],[-96.5358,30.3199],[-96.532,30.3209],[-96.5297,30.3203],[-96.5273,30.3216],[-96.5256,30.3212],[-96.5247,30.3237],[-96.523,30.3234],[-96.5226,30.3224],[-96.5201,30.3233],[-96.5191,30.3245],[-96.5134,30.3261],[-96.5119,30.3248],[-96.5108,30.3217],[-96.5061,30.3218],[-96.4996,30.3239],[-96.4984,30.323],[-96.4954,30.3249],[-96.4953,30.3262],[-96.4918,30.3314],[-96.491,30.3342],[-96.489,30.3367],[-96.4867,30.3379],[-96.4845,30.3378],[-96.4847,30.3361],[-96.4833,30.3333],[-96.4758,30.3335],[-96.4742,30.3355],[-96.4694,30.3379],[-96.4671,30.3376],[-96.4649,30.3359],[-96.4635,30.3366],[-96.4622,30.3364],[-96.4609,30.3383],[-96.4568,30.3386],[-96.4571,30.3411],[-96.4585,30.3428],[-96.4548,30.3443],[-96.4517,30.3432],[-96.4494,30.3411],[-96.446,30.3412],[-96.4456,30.3423],[-96.441,30.3416],[-96.4384,30.3427],[-96.4343,30.3427],[-96.4268,30.344],[-96.4226,30.3431],[-96.4193,30.3463],[-96.4192,30.3488],[-96.4199,30.3505],[-96.4194,30.3519],[-96.4169,30.3537],[-96.4132,30.3543],[-96.413,30.3568],[-96.4109,30.3584],[-96.4098,30.3579],[-96.4065,30.3514],[-96.4051,30.3524],[-96.4036,30.3521],[-96.401,30.3533],[-96.3988,30.3533],[-96.3957,30.3548],[-96.3839,30.3578],[-96.3821,30.3573],[-96.3813,30.3561],[-96.3798,30.3565],[-96.3781,30.3555],[-96.3775,30.3581],[-96.3752,30.3579],[-96.3747,30.3584],[-96.3745,30.361],[-96.3755,30.3631],[-96.3695,30.3627],[-96.369,30.3632],[-96.3696,30.3649],[-96.3613,30.3677],[-96.3584,30.3715],[-96.3561,30.373],[-96.3546,30.3729],[-96.347,30.3688],[-96.341,30.3674],[-96.339,30.3687],[-96.3364,30.3728],[-96.3343,30.3735],[-96.3308,30.3727],[-96.329,30.3731],[-96.3279,30.3741],[-96.3275,30.3766],[-96.3249,30.379],[-96.3178,30.3793],[-96.3145,30.3814],[-96.3129,30.3843],[-96.3113,30.3841],[-96.3092,30.3823],[-96.3073,30.3816],[-96.3058,30.3818],[-96.3053,30.3833],[-96.3041,30.3833],[-96.2992,30.3795],[-96.2952,30.3817],[-96.294,30.3835],[-96.2949,30.3855],[-96.3057,30.3915],[-96.3066,30.3934],[-96.3056,30.3957],[-96.3021,30.399],[-96.2969,30.4002],[-96.2991,30.4084],[-96.2966,30.411],[-96.2926,30.4117],[-96.2854,30.4101],[-96.2801,30.4054],[-96.2777,30.4042],[-96.2763,30.4042],[-96.2745,30.4056],[-96.2717,30.4119],[-96.2757,30.418],[-96.2774,30.4188],[-96.2846,30.4179],[-96.2864,30.4186],[-96.2872,30.4197],[-96.2871,30.4207],[-96.2834,30.4246],[-96.2827,30.4263],[-96.2858,30.4326],[-96.2868,30.4363],[-96.2862,30.4418],[-96.2843,30.4468],[-96.2846,30.4479],[-96.2864,30.4488],[-96.288,30.4486],[-96.2908,30.4442],[-96.2922,30.4435],[-96.2979,30.4468],[-96.303,30.4484],[-96.3114,30.4543],[-96.315,30.4539],[-96.3206,30.4504],[-96.3237,30.4509],[-96.3246,30.4525],[-96.3237,30.4584],[-96.3241,30.4602],[-96.3326,30.4646],[-96.3398,30.4722],[-96.341,30.475],[-96.3402,30.4768],[-96.3384,30.4785],[-96.3346,30.479],[-96.3324,30.4784],[-96.33,30.4762],[-96.3291,30.4697],[-96.3278,30.4684],[-96.326,30.468],[-96.3234,30.4685],[-96.3221,30.4698],[-96.3215,30.4738],[-96.3221,30.4761],[-96.3245,30.4779],[-96.33,30.4795],[-96.3322,30.4812],[-96.3431,30.4987],[-96.3537,30.5019],[-96.3554,30.5055],[-96.3557,30.5089],[-96.3549,30.5131],[-96.3557,30.5146],[-96.3572,30.5149],[-96.3621,30.5121],[-96.3648,30.5114],[-96.367,30.5119],[-96.3686,30.5134],[-96.3695,30.5161],[-96.3685,30.5176],[-96.3582,30.5193],[-96.3561,30.5207],[-96.3546,30.5234],[-96.3544,30.5282],[-96.357,30.5373],[-96.3593,30.542],[-96.3675,30.5433],[-96.3766,30.5466],[-96.3776,30.545],[-96.3745,30.5396],[-96.3745,30.5374],[-96.3764,30.5361],[-96.3777,30.5363],[-96.3815,30.5424],[-96.3835,30.5435],[-96.3851,30.5434],[-96.3869,30.5421],[-96.3872,30.5407],[-96.3839,30.5358],[-96.3838,30.5344],[-96.3856,30.533],[-96.389,30.5327],[-96.4002,30.5354],[-96.4062,30.5404],[-96.4132,30.5406],[-96.4172,30.5433],[-96.421,30.5497],[-96.4235,30.5591],[-96.4221,30.5709],[-96.4237,30.5776],[-96.4201,30.5825]]]}},
{"type":"Feature","properties":{"name":"Mid-East Texas Groundwater Conservation District","website":"http://mideasttexasgcd.com"},"geometry":{"type":"MultiPolygon","coordinates":[[[[-96.2,31.7],[-96.4314,31.7],[-96.2366,31.4136],[-96.3227,31.374],[-96.3227,31.3714],[-96.319,31.3675],[-96.3188,31.3645],[-96.3179,31.3648],[-96.3172,31.362],[-96.3195,31.3558],[-96.3187,31.3544],[-96.3189,31.3533],[-96.32,31.3531],[-96.3199,31.3503],[-96.3183,31.3478],[-96.3185,31.3469],[-96.3161,31.3467],[-96.316,31.3457],[-96.3171,31.3444],[-96.3161,31.3439],[-96.316,31.3428],[-96.3149,31.3428],[-96.3147,31.3423],[-96.3162,31.3396],[-96.3158,31.3389],[-96.3195,31.3361],[-96.3187,31.3334],[-96.3203,31.3309],[-96.3188,31.33],[-96.3182,31.328],[-96.3186,31.3271],[-96.3202,31.3264],[-96.3192,31.3257],[-96.3195,31.323],[-96.3185,31.3208],[-96.322,31.3176],[-96.3203,31.3167],[-96.3222,31.3149],[-96.3207,31.3137],[-96.3225,31.3138],[-96.3243,31.3124],[-96.325,31.313],[-96.3258,31.3116],[-96.3225,31.3064],[-96.3172,31.3016],[-96.3187,31.3014],[-96.3205,31.2997],[-96.3211,31.298],[-96.3214,31.299],[-96.3257,31.3007],[-96.3281,31.2989],[-96.3284,31.2962],[-96.3271,31.2955],[-96.3264,31.2931],[-96.3281,31.2912],[-96.327,31.2897],[-96.3279,31.2866],[-96.3276,31.2854],[-96.3266,31.285],[-96.3254,31.2831],[-96.3232,31.2824],[-96.3221,31.2828],[-96.3161,31.2774],[-96.3175,31.2731],[-96.3138,31.2709],[-96.3144,31.2678],[-96.3155,31.2669],[-96.3148,31.2658],[-96.3176,31.2644],[-96.3169,31.2634],[-96.3186,31.2605],[-96.3202,31.2602],[-96.3203,31.2583],[-96.322,31.2572],[-96.3235,31.2578],[-96.3253,31.2596],[-96.324,31.2605],[-96.3248,31.2617],[-96.329,31.2576],[-96.331,31.2529],[-96.3291,31.2508],[-96.3297,31.249],[-96.3289,31.2493],[-96.3279,31.2485],[-96.3287,31.248],[-96.3285,31.2464],[-96.3219,31.2426],[-96.3208,31.2429],[-96.3207,31.2419],[-96.3197,31.2413],[-96.3202,31.2402],[-96.3192,31.2382],[-96.3195,31.2367],[-96.3181,31.2361],[-96.3158,31.2331],[-96.3169,31.2322],[-96.3141,31.2291],[-96.317,31.226],[-96.3177,31.2244],[-96.3169,31.2238],[-96.3193,31.2225],[-96.3176,31.2219],[-96.3184,31.2199],[-96.3172,31.2203],[-96.3162,31.2188],[-96.3145,31.2182],[-96.3141,31.2197],[-96.3105,31.2175],[-96.3101,31.2159],[-96.3107,31.2149],[-96.3099,31.2138],[-96.3107,31.2135],[-96.3105,31.2108],[-96.3117,31.2087],[-96.3105,31.2079],[-96.3111,31.2049],[-96.3095,31.205],[-96.309,31.2041],[-96.31,31.2029],[-96.3097,31.201],[-96.311,31.2009],[-96.3104,31.2001],[-96.3116,31.1982],[-96.3098,31.1973],[-96.3078,31.1975],[-96.3076,31.1964],[-96.3056,31.1955],[-96.3044,31.1932],[-96.305,31.1925],[-96.3025,31.1894],[-96.3018,31.1854],[-96.2995,31.1844],[-96.2972,31.1812],[-96.2988,31.1807],[-96.2988,31.1793],[-96.3,31.1797],[-96.3012,31.179],[-96.299,31.1772],[-96.2986,31.1759],[-96.2995,31.1754],[-96.2967,31.1752],[-96.2988,31.1727],[-96.2987,31.1676],[-96.2998,31.1671],[-96.2989,31.1661],[-96.2995,31.1655],[-96.2993,31.1643],[-96.3009,31.1646],[-96.3017,31.1638],[-96.3005,31.1629],[-96.3006,31.1607],[-96.2994,31.1592],[-96.3006,31.1587],[-96.2991,31.1564],[-96.2975,31.1558],[-96.299,31.1534],[-96.2983,31.1523],[-96.2989,31.1504],[-96.2981,31.1495],[-96.299,31.1483],[-96.2978,31.1466],[-96.2959,31.1403],[-96.2945,31.1412],[-96.2933,31.1406],[-96.2941,31.1389],[-96.2917,31.1358],[-96.292,31.1351],[-96.2929,31.1351],[-96.2924,31.1344],[-96.2929,31.1333],[-96.2912,31.1331],[-96.2912,31.1318],[-96.2894,31.1319],[-96.2875,31.1289],[-96.2856,31.1275],[-96.2854,31.1255],[-96.2838,31.1255],[-96.2838,31.1242],[-96.2825,31.1225],[-96.2826,31.1196],[-96.2769,31.1161],[-96.2768,31.1148],[-96.2784,31.1139],[-96.2769,31.1121],[-96.277,31.1101],[-96.279,31.1086],[-96.2783,31.1081],[-96.2787,31.1061],[-96.2781,31.1057],[-96.2793,31.1036],[-96.2781,31.1034],[-96.2797,31.1012],[-96.2792,31.0981],[-96.2805,31.0958],[-96.2799,31.0944],[-96.2775,31.0925],[-96.2778,31.0897],[-96.2771,31.0879],[-96.2727,31.0851],[-96.2712,31.0823],[-96.272,31.0813],[-96.2708,31.0807],[-96.2693,31.0781],[-96.2671,31.078],[-96.267,31.0788],[-96.266,31.0789],[-96.2629,31.0767],[-96.262,31.0778],[-96.2609,31.0749],[-96.2608,31.077],[-96.2529,31.073],[-96.2527,31.072],[-96.2549,31.0722],[-96.257,31.0696],[-96.2555,31.0676],[-96.2553,31.0657],[-96.253,31.0663],[-96.253,31.0643],[-96.2523,31.0653],[-96.2515,31.0653],[-96.2507,31.0636],[-96.2492,31.0635],[-96.2477,31.0607],[-96.2461,31.0611],[-96.2466,31.0626],[-96.2433,31.0617],[-96.243,31.0611],[-96.244,31.0594],[-96.2415,31.057],[-96.2441,31.0565],[-96.2432,31.0545],[-96.245,31.054],[-96.2451,31.0527],[-96.2462,31.0517],[-96.2402,31.0488],[-96.24,31.0476],[-96.2413,31.0475],[-96.2415,31.0447],[-96.243,31.0442],[-96.2435,31.0451],[-96.247,31.0433],[-96.2472,31.0411],[-96.2482,31.0413],[-96.2489,31.0396],[-96.248,31.0388],[-96.2495,31.0379],[-96.2473,31.0369],[-96.2486,31.0354],[-96.249,31.0328],[-96.2497,31.0324],[-96.2512,31.0328],[-96.2528,31.0312],[-96.2527,31.0298],[-96.2541,31.0278],[-96.2553,31.0283],[-96.2559,31.0242],[-96.2584,31.0231],[-96.257,31.0211],[-96.258,31.0198],[-96.2583,31.0157],[-96.2601,31.0151],[-96.2606,31.0095],[-96.2606,31.0072],[-96.2597,31.0063],[-96.2591,31.0076],[-96.2569,31.0065],[-96.2546,31.0067],[-96.2517,31.0055],[-96.2498,31.0059],[-96.2482,31.0049],[-96.2476,31.0061],[-96.2464,31.006],[-96.2458,31.0051],[-96.2467,31.0024],[-96.2457,31.0006],[-96.2464,30.9986],[-96.2439,30.9995],[-96.2428,30.9986],[-96.2374,30.9972],[-96.2356,30.9959],[-96.2361,30.994],[-96.2377,30.9944],[-96.2385,30.9939],[-96.238,30.9899],[-96.2392,30.9897],[-96.2396,30.9886],[-96.2381,30.9858],[-96.2397,30.9851],[-96.2397,30.9837],[-96.2408,30.9832],[-96.2405,30.9812],[-96.2417,30.9795],[-96.2401,30.978],[-96.2411,30.9771],[-96.2424,30.9778],[-96.2421,30.9758],[-96.2396,30.9713],[-96.2377,30.9697],[-96.2382,30.9675],[-96.2403,30.9651],[-96.2376,30.963],[-96.2379,30.9608],[-96.2343,30.9591],[-96.2319,30.955],[-96.2271,30.9516],[-96.2195,30.952],[-96.2186,30.9507],[-96.2122,30.9492],[-96.2096,30.9471],[-96.2078,30.9474],[-96.2066,30.9455],[-96.2073,30.9444],[-96.2055,30.9403],[-96.2021,30.9384],[-96.2006,30.9337],[-96.2,30.9333],[-96.2,31.7]]],[[[-96.2,30.8767],[-96.2,30.9308],[-96.2001,30.9307],[-96.2029,30.9331],[-96.2035,30.9287],[-96.2045,30.9283],[-96.2014,30.9257],[-96.2038,30.9244],[-96.2047,30.9251],[-96.2048,30.9237],[-96.2068,30.9238],[-96.2061,30.9212],[-96.2086,30.9206],[-96.2067,30.9194],[-96.2065,30.9185],[-96.208,30.9171],[-96.2101,30.917],[-96.2104,30.9146],[-96.2132,30.9116],[-96.2119,30.9104],[-96.2124,30.9093],[-96.2117,30.9074],[-96.2127,30.9051],[-96.2099,30.9036],[-96.2114,30.8971],[-96.2079,30.8943],[-96.2068,30.8923],[-96.2071,30.8897],[-96.2062,30.887],[-96.2079,30.8866],[-96.2076,30.8854],[-96.2094,30.8836],[-96.2078,30.8833],[-96.2088,30.8817],[-96.2075,30.8815],[-96.2053,30.8783],[-96.2023,30.8769],[-96.2,30.8767]]]]}},
{"type":"Feature","properties":{"name":"Medina County Groundwater Conservation District","website":"http://www.medinagwcd.org"},"geometry":{"type":"Polygon","coordinates":[[[-99.0,29.6236],[-99.0,29.2],[-98.8047,29.2],[-98.8046,29.2506],[-98.8065,29.6907],[-98.9272,29.5622],[-98.93,29.5634],[-98.9324,29.5635],[-98.9353,29.5625],[-98.9398,29.5591],[-98.9436,29.558],[-98.9495,29.5582],[-98.959,29.5603],[-98.9626,29.5599],[-98.9666,29.5574],[-98.9696,29.5527],[-98.9724,29.5517],[-98.9765,29.5528],[-98.9791,29.555],[-98.9846,29.5629],[-98.9858,29.5663],[-98.9854,29.5706],[-98.9803,29.5741],[-98.9789,29.577],[-98.9802,29.5795],[-98.9837,29.5807],[-98.9861,29.5822],[-98.987,29.5843],[-98.9868,29.5868],[-98.9852,29.5905],[-98.981,29.5951],[-98.9786,29.5989],[-98.977,29.6032],[-98.9758,29.6099],[-98.9761,29.6133],[-98.9772,29.6152],[-98.9809,29.621],[-98.9838,29.6235],[-99.0,29.6236]]]}},
{"type":"Feature","properties":{"name":"Hickory Underground Water Conservation District # 1","website":"http://www.hickoryuwcd.org"},"geometry":{"type":"Polygon","coordinates":[[[-99.0,31.3029],[-99.0,30.4986],[-98.9641,30.4987],[-98.9645,30.9014],[-98.9599,30.9014],[-98.9599,30.924],[-98.8298,30.9233],[-98.7523,30.9237],[-98.7517,30.9295],[-98.7361,30.9289],[-98.7355,30.9367],[-98.7102,30.9367],[-98.7096,30.9516],[-98.685,30.9509],[-98.685,31.039],[-98.6681,31.0396],[-98.6675,31.0675],[-98.6422,31.0675],[-98.6425,31.0817],[-98.651,31.0817],[-98.6516,31.0843],[-98.6341,31.085],[-98.6328,31.1426],[-98.6163,31.1439],[-98.6241,31.1504],[-98.6144,31.1575],[-98.6416,31.1808],[-98.65,31.1737],[-98.6876,31.2061],[-98.6824,31.2087],[-98.6999,31.2249],[-98.6953,31.2288],[-98.6921,31.2268],[-98.6869,31.2326],[-98.7005,31.2449],[-98.6921,31.2534],[-98.7174,31.2728],[-98.7167,31.2773],[-98.7436,31.278],[-98.7429,31.3078],[-98.7766,31.3078],[-98.8116,31.3091],[-98.8116,31.3006],[-98.8284,31.3019],[-98.8291,31.2942],[-98.8637,31.2942],[-98.8631,31.2799],[-98.9123,31.2799],[-98.9123,31.287],[-98.9291,31.2877],[-98.9291,31.2948],[-98.946,31.2955],[-98.946,31.3026],[-98.9635,31.3026],[-98.9635,31.3104],[-98.9803,31.3097],[-98.9809,31.3032],[-99.0,31.3029]]]}},
{"type":"Feature","properties":{"name":"Bandera County River Authority and Groundwater District","website":"http://www.bcragd.org"},"geometry":{"type":"Polygon","coordinates":[[[-99.0,29.8182],[-99.0,29.6236],[-98.9838,29.6235],[-98.9809,29.621],[-98.9761,29.6133],[-98.9757,29.611],[-98.978,29.6003],[-98.981,29.5951],[-98.9852,29.5905],[-98.987,29.5855],[-98.9861,29.5822],[-98.9837,29.5807],[-98.9802,29.5795],[-98.9791,29.578],[-98.9794,29.5752],[-98.9854,29.5706],[-98.9859,29.5681],[-98.9855,29.5647],[-98.9791,29.555],[-98.9771,29.5532],[-98.9742,29.5519],[-98.9716,29.5518],[-98.9696,29.5527],[-98.9658,29.5581],[-98.9613,29.5602],[-98.9579,29.5602],[-98.948,29.558],[-98.9436,29.558],[-98.9398,29.5591],[-98.9353,29.5625],[-98.9324,29.5635],[-98.93,29.5634],[-98.9272,29.5622],[-98.7789,29.7201],[-98.9176,29.7814],[-99.0,29.8182]]]}},
{"type":"Feature","properties":{"name":"Bluebonnet Groundwater Conservation District","website":"http://www.bluebonnetgroundwater.org"},"geometry":{"type":"Polygon","coordinates":[[[-96.2,29.6567],[-96.2,30.0664],[-96.2008,30.0667],[-96.2067,30.0669],[-96.2083,30.0654],[-96.2085,30.063],[-96.2096,30.0624],[-96.2124,30.0657],[-96.2138,30.0664],[-96.2137,30.0686],[-96.2144,30.0695],[-96.2183,30.0706],[-96.2186,30.072],[-96.2197,30.0726],[-96.2249,30.0723],[-96.2258,30.074],[-96.2291,30.0758],[-96.2388,30.0766],[-96.2427,30.0743],[-96.2444,30.0747],[-96.2452,30.0742],[-96.2473,30.0751],[-96.2511,30.0741],[-96.253,30.0757],[-96.2542,30.0755],[-96.2542,30.0745],[-96.2552,30.0757],[-96.2595,30.0758],[-96.2608,30.0779],[-96.2641,30.0785],[-96.2646,30.0815],[-96.2679,30.0833],[-96.2677,30.0851],[-96.2685,30.0855],[-96.2701,30.0898],[-96.2694,30.0913],[-96.2714,30.0942],[-96.2738,30.0939],[-96.2763,30.0926],[-96.2796,30.0942],[-96.2825,30.0936],[-96.2855,30.0963],[-96.2889,30.0968],[-96.5188,30.0652],[-96.5861,30.0647],[-96.5901,30.069],[-96.594,30.0711],[-96.6221,30.0442],[-96.5693,29.9623],[-96.5359,29.9076],[-96.4851,29.8673],[-96.4789,29.869],[-96.4735,29.8671],[-96.4723,29.8648],[-96.4684,29.8612],[-96.4645,29.8606],[-96.4639,29.8591],[-96.46,29.8548],[-96.4555,29.8546],[-96.4541,29.8558],[-96.4498,29.856],[-96.4468,29.8553],[-96.4455,29.8541],[-96.444,29.8551],[-96.4432,29.8537],[-96.4409,29.8537],[-96.4395,29.8504],[-96.4381,29.8494],[-96.4361,29.8491],[-96.4347,29.8477],[-96.4344,29.8417],[-96.4276,29.8406],[-96.426,29.8396],[-96.4251,29.8386],[-96.425,29.8365],[-96.4234,29.8363],[-96.4238,29.8348],[-96.4226,29.8347],[-96.4216,29.8336],[-96.4219,29.8314],[-96.4207,29.83],[-96.4211,29.8295],[-96.4159,29.8281],[-96.4122,29.8247],[-96.4098,29.8253],[-96.408,29.8239],[-96.4052,29.8253],[-96.4019,29.8251],[-96.3962,29.8225],[-96.394,29.8241],[-96.3934,29.8237],[-96.3935,29.822],[-96.3893,29.8216],[-96.3836,29.8235],[-96.3818,29.8252],[-96.3797,29.8252],[-96.378,29.8233],[-96.3756,29.8242],[-96.3702,29.8234],[-96.3686,29.8219],[-96.3671,29.8216],[-96.368,29.8202],[-96.3665,29.8203],[-96.3649,29.8188],[-96.3628,29.8199],[-96.3609,29.8189],[-96.3591,29.8188],[-96.3556,29.8236],[-96.3537,29.8247],[-96.3527,29.8274],[-96.3456,29.83],[-96.3439,29.8298],[-96.3434,29.8249],[-96.3388,29.8219],[-96.3355,29.8173],[-96.3315,29.8145],[-96.3329,29.8068],[-96.3326,29.8037],[-96.3337,29.8029],[-96.3376,29.8031],[-96.3381,29.8015],[-96.3351,29.8007],[-96.3326,29.7978],[-96.3288,29.7986],[-96.3279,29.7973],[-96.3256,29.7959],[-96.3231,29.7925],[-96.3192,29.7916],[-96.3181,29.7886],[-96.3157,29.7865],[-96.3165,29.7835],[-96.3159,29.781],[-96.3165,29.7788],[-96.3204,29.7754],[-96.3198,29.7742],[-96.3165,29.7727],[-96.3147,29.7704],[-96.3153,29.7658],[-96.3144,29.7623],[-96.3125,29.7589],[-96.3125,29.7561],[-96.3059,29.7536],[-96.3043,29.7523],[-96.2999,29.7515],[-96.2975,29.7497],[-96.2967,29.7486],[-96.2964,29.7429],[-96.2983,29.7398],[-96.2985,29.7381],[-96.2963,29.7366],[-96.2922,29.7356],[-96.2912,29.7346],[-96.2904,29.733],[-96.2917,29.7304],[-96.2912,29.7289],[-96.2884,29.7278],[-96.2821,29.7271],[-96.278,29.7238],[-96.2759,29.7204],[-96.2715,29.7174],[-96.2703,29.7068],[-96.2749,29.7027],[-96.2756,29.7012],[-96.2729,29.6941],[-96.2707,29.6909],[-96.2672,29.6876],[-96.2653,29.6836],[-96.2623,29.68],[-96.2617,29.6735],[-96.258,29.6675],[-96.2562,29.6664],[-96.2478,29.6646],[-96.2421,29.6595],[-96.2386,29.659],[-96.233,29.661],[-96.226,29.6647],[-96.2148,29.6612],[-96.2082,29.6564],[-96.2029,29.6572],[-96.2001,29.6568],[-96.2,29.6567]]]}},
{"type":"Feature","properties":{"name":"Trinity Glen Rose Groundwater Conservation District","website":"http://www.trinityglenrose.com"},"geometry":{"type":"Polygon","coordinates":[[[-98.6435,29.7823],[-98.6431,29.7743],[-98.6264,29.7738],[-98.6262,29.7706],[-98.6409,29.7709],[-98.6439,29.7722],[-98.6578,29.7722],[-98.658,29.7598],[-98.6618,29.7598],[-98.662,29.7559],[-98.6588,29.7488],[-98.662,29.7487],[-98.664,29.7456],[-98.6602,29.7431],[-98.6602,29.7414],[-98.6631,29.7407],[-98.6678,29.7432],[-98.6702,29.7433],[-98.6738,29.742],[-98.6748,29.7383],[-98.6762,29.7371],[-98.6805,29.7377],[-98.683,29.7394],[-98.686,29.7398],[-98.6924,29.7351],[-98.7004,29.7372],[-98.7012,29.736],[-98.7005,29.7328],[-98.7028,29.7332],[-98.7081,29.7322],[-98.7105,29.7309],[-98.7148,29.7262],[-98.7172,29.7252],[-98.7231,29.7294],[-98.7259,29.7275],[-98.7338,29.7294],[-98.7342,29.7282],[-98.7308,29.7258],[-98.729,29.7224],[-98.7327,29.7211],[-98.7335,29.7191],[-98.7376,29.7158],[-98.7401,29.7173],[-98.7439,29.7162],[-98.7448,29.7185],[-98.7467,29.7195],[-98.7507,29.7209],[-98.7518,29.7202],[-98.7533,29.7211],[-98.757,29.7219],[-98.7588,29.7213],[-98.7596,29.7221],[-98.7623,29.7219],[-98.7667,29.7195],[-98.7681,29.7209],[-98.7703,29.7214],[-98.7721,29.7201],[-98.7755,29.7197],[-98.7789,29.7201],[-98.8065,29.6907],[-98.8058,29.5227],[-98.7985,29.5222],[-98.7885,29.5168],[-98.7702,29.5095],[-98.7673,29.5106],[-98.764,29.5155],[-98.7606,29.5159],[-98.7046,29.4941],[-98.6908,29.5228],[-98.6851,29.5296],[-98.6804,29.5394],[-98.6663,29.5544],[-98.6569,29.5628],[-98.6498,29.572],[-98.6389,29.5836],[-98.6346,29.5866],[-98.5785,29.5934],[-98.5608,29.6006],[-98.5369,29.6023],[-98.5334,29.6033],[-98.5265,29.6071],[-98.523,29.6082],[-98.4958,29.6082],[-98.4752,29.6102],[-98.4308,29.5999],[-98.3989,29.602],[-98.3611,29.6024],[-98.358,29.6002],[-98.3449,29.5804],[-98.3433,29.5845],[-98.3312,29.5935],[-98.3132,29.6023],[-98.315,29.6027],[-98.3203,29.602],[-98.3255,29.6037],[-98.3277,29.6057],[-98.3286,29.6105],[-98.3376,29.6122],[-98.3422,29.617],[-98.3453,29.6189],[-98.3451,29.6207],[-98.3427,29.6222],[-98.3423,29.6251],[-98.3404,29.6293],[-98.3415,29.6324],[-98.3458,29.6387],[-98.3478,29.6446],[-98.3437,29.6508],[-98.3427,29.6536],[-98.3459,29.6554],[-98.3563,29.6585],[-98.3607,29.6648],[-98.3639,29.6667],[-98.3765,29.6628],[-98.379,29.6628],[-98.3813,29.6732],[-98.3842,29.6761],[-98.3841,29.6786],[-98.3778,29.6825],[-98.3766,29.6852],[-98.3765,29.6883],[-98.3809,29.6966],[-98.3808,29.7026],[-98.3798,29.704],[-98.375,29.7064],[-98.3707,29.705],[-98.3675,29.7058],[-98.3622,29.7059],[-98.3571,29.7038],[-98.3547,29.7039],[-98.3473,29.7069],[-98.3444,29.7074],[-98.3414,29.7097],[-98.3403,29.7122],[-98.3403,29.7156],[-98.3382,29.7189],[-98.3385,29.7216],[-98.3453,29.7264],[-98.3492,29.7276],[-98.3523,29.7319],[-98.3523,29.7343],[-98.3561,29.7338],[-98.3591,29.7294],[-98.3646,29.7242],[-98.3691,29.721],[-98.3754,29.7201],[-98.3758,29.7233],[-98.3735,29.7261],[-98.3732,29.728],[-98.3745,29.7314],[-98.3827,29.735],[-98.3848,29.7351],[-98.3882,29.7339],[-98.391,29.7364],[-98.399,29.7378],[-98.3998,29.7391],[-98.3985,29.7427],[-98.4022,29.7468],[-98.4025,29.7482],[-98.4038,29.749],[-98.4078,29.7487],[-98.4093,29.7477],[-98.415,29.7469],[-98.4211,29.743],[-98.4218,29.7394],[-98.4213,29.7348],[-98.4205,29.7338],[-98.4176,29.7326],[-98.4169,29.7308],[-98.4185,29.7296],[-98.4263,29.7268],[-98.4297,29.724],[-98.4298,29.7227],[-98.427,29.7186],[-98.4272,29.7173],[-98.4306,29.7157],[-98.4386,29.7158],[-98.4418,29.7172],[-98.4439,29.7197],[-98.4447,29.7264],[-98.4427,29.7326],[-98.444,29.7347],[-98.4458,29.7358],[-98.4493,29.7354],[-98.4534,29.7327],[-98.4592,29.7317],[-98.4625,29.7338],[-98.4651,29.7381],[-98.4667,29.7384],[-98.4709,29.7369],[-98.4747,29.7343],[-98.4776,29.7337],[-98.4802,29.735],[-98.4838,29.7356],[-98.4877,29.7359],[-98.4911,29.7354],[-98.493,29.737],[-98.4968,29.7383],[-98.5044,29.7381],[-98.5099,29.741],[-98.5163,29.7428],[-98.5198,29.7447],[-98.5235,29.745],[-98.5262,29.7435],[-98.5251,29.7407],[-98.5267,29.74],[-98.5283,29.7413],[-98.5289,29.7439],[-98.5343,29.7465],[-98.5338,29.7496],[-98.5342,29.7522],[-98.536,29.7529],[-98.5414,29.7513],[-98.5458,29.7525],[-98.548,29.7541],[-98.5469,29.757],[-98.5474,29.7591],[-98.5486,29.7602],[-98.5514,29.7605],[-98.5548,29.759],[-98.5555,29.7573],[-98.5553,29.7549],[-98.5593,29.7514],[-98.5625,29.7512],[-98.5634,29.7522],[-98.5663,29.7524],[-98.5689,29.7479],[-98.575,29.7501],[-98.5763,29.7472],[-98.5794,29.7454],[-98.5791,29.7432],[-98.5817,29.7425],[-98.5827,29.741],[-98.5844,29.741],[-98.5869,29.7423],[-98.5876,29.7462],[-98.589,29.7475],[-98.5919,29.747],[-98.5934,29.7454],[-98.6014,29.7498],[-98.6036,29.7491],[-98.6049,29.7469],[-98.6004,29.7435],[-98.6004,29.7411],[-98.6037,29.7396],[-98.6115,29.7398],[-98.6116,29.7565],[-98.6137,29.7565],[-98.6144,29.7592],[-98.6133,29.7603],[-98.6189,29.7636],[-98.6234,29.7638],[-98.6234,29.7705],[-98.6261,29.7706],[-98.6266,29.7819],[-98.6435,29.7823]],[[-98.6446,29.7481],[-98.6449,29.7514],[-98.644,29.7552],[-98.6413,29.7549],[-98.6415,29.7464],[-98.6422,29.745],[-98.6445,29.7439],[-98.6449,29.7411],[-98.646,29.7428],[-98.6464,29.7457],[-98.6456,29.7472],[-98.646,29.7482],[-98.6446,29.7481]],[[-98.6357,29.748],[-98.6312,29.7473],[-98.6306,29.7467],[-98.6257,29.7463],[-98.6255,29.7442],[-98.6289,29.744],[-98.6344,29.7414],[-98.6353,29.7427],[-98.6357,29.748]]]}},
{"type":"Feature","properties":{"name":"Coastal Bend Groundwater Conservation District","website":"www.cbgcd.com"},"geometry":{"type":"Polygon","coordinates":[[[-96.2,29.2],[-96.2,29.6115],[-96.2065,29.6057],[-96.2077,29.607],[-96.2093,29.6067],[-96.2095,29.6075],[-96.2128,29.607],[-96.2115,29.6073],[-96.2121,29.6087],[-96.2307,29.6047],[-96.238,29.5981],[-96.2276,29.5891],[-96.2258,29.5907],[-96.2245,29.5895],[-96.3077,29.5146],[-96.3486,29.4083],[-96.6381,29.2471],[-96.5837,29.2],[-96.2,29.2]]]}},
{"type":"Feature","properties":{"name":"Central Texas Groundwater Conservation District","website":"http://www.centraltexasgcd.org"},"geometry":{"type":"Polygon","coordinates":[[[-97.9118,31.0348],[-98.1685,31.032],[-98.4398,31.0297],[-98.4392,31.0279],[-98.4399,31.0247],[-98.4429,31.0204],[-98.4462,31.0182],[-98.4571,31.0137],[-98.4585,31.0123],[-98.4596,31.0097],[-98.4584,31.0061],[-98.4541,31.0005],[-98.4466,30.9933],[-98.4421,30.9847],[-98.4426,30.9802],[-98.4516,30.9708],[-98.4531,30.9677],[-98.4526,30.9628],[-98.4473,30.952],[-98.4454,30.9504],[-98.4431,30.9498],[-98.4238,30.9481],[-98.4158,30.9447],[-98.4147,30.941],[-98.4173,30.9287],[-98.42,30.925],[-98.4226,30.9243],[-98.4311,30.9268],[-98.4385,30.9268],[-98.4419,30.9258],[-98.4453,30.9222],[-98.4474,30.9167],[-98.4493,30.9066],[-98.4495,30.8991],[-98.4485,30.8911],[-98.4563,30.8836],[-98.4572,30.8808],[-98.457,30.8779],[-98.4533,30.873],[-98.4504,30.8712],[-98.4464,30.8704],[-98.4379,30.8706],[-98.4327,30.8698],[-98.4256,30.8666],[-98.4217,30.8634],[-98.4203,30.8613],[-98.4194,30.8575],[-98.4198,30.8514],[-98.4224,30.8386],[-98.4218,30.8351],[-98.4153,30.8348],[-98.4101,30.8361],[-98.407,30.8392],[-98.4056,30.8435],[-98.4023,30.844],[-98.3935,30.8429],[-98.3819,30.8384],[-98.3778,30.8358],[-98.3767,30.8337],[-98.3774,30.8301],[-98.3796,30.8266],[-98.3839,30.8221],[-98.3871,30.8198],[-98.392,30.8183],[-98.4015,30.8189],[-98.4039,30.8175],[-98.4084,30.8085],[-98.4094,30.8002],[-98.4126,30.795],[-98.4149,30.7943],[-98.4253,30.7956],[-98.428,30.7944],[-98.4318,30.7908],[-98.4327,30.7882],[-98.4317,30.7855],[-98.4238,30.7779],[-98.4226,30.7748],[-98.4237,30.7716],[-98.4278,30.7669],[-98.4297,30.763],[-98.4304,30.7597],[-98.4301,30.7565],[-98.4271,30.752],[-98.4246,30.7508],[-98.4229,30.7506],[-98.4153,30.752],[-98.4058,30.7514],[-98.4,30.7503],[-98.3958,30.7471],[-98.3906,30.746],[-98.3771,30.7472],[-98.3732,30.745],[-98.3714,30.7418],[-98.3742,30.7382],[-98.3855,30.7306],[-98.3888,30.7253],[-98.3924,30.7215],[-98.4021,30.7219],[-98.4043,30.721],[-98.4082,30.716],[-98.4088,30.7116],[-98.4101,30.7086],[-98.4143,30.704],[-98.4138,30.7015],[-98.4085,30.6955],[-98.4058,30.6909],[-98.4023,30.6812],[-98.4023,30.6789],[-98.4034,30.6769],[-98.4074,30.6751],[-98.4145,30.676],[-98.4208,30.6742],[-98.4299,30.6752],[-98.4375,30.6739],[-98.4405,30.6718],[-98.4419,30.667],[-98.441,30.6646],[-98.439,30.6625],[-98.4329,30.6629],[-98.4285,30.6609],[-98.4289,30.6548],[-98.4196,30.6468],[-98.417,30.6416],[-98.4184,30.6336],[-98.4175,30.627],[-98.4101,30.6128],[-98.4024,30.6025],[-98.4004,30.599],[-98.4001,30.5966],[-98.4009,30.5946],[-98.4116,30.5885],[-98.4133,30.587],[-98.4139,30.5854],[-98.4112,30.5747],[-98.4052,30.5659],[-98.4033,30.5642],[-98.3992,30.5637],[-98.3915,30.5673],[-98.3831,30.5703],[-98.3756,30.5741],[-98.3701,30.5744],[-98.3648,30.5721],[-98.35,30.5584],[-98.3499,30.486],[-98.1255,30.4262],[-98.0977,30.4678],[-98.0978,30.4982],[-98.1038,30.4966],[-98.1069,30.4948],[-98.1103,30.4914],[-98.1139,30.4856],[-98.1187,30.485],[-98.1232,30.4852],[-98.1235,30.4867],[-97.9631,30.7853],[-97.8285,30.9108],[-97.8864,31.0005],[-97.9118,31.0348]]]}},
{"type":"Feature","properties":{"name":"Plum Creek Conservation District","website":"http://www.pccd.org/"},"geometry":{"type":"MultiPolygon","coordinates":[[[[-97.4784,29.8383],[-97.4725,29.8354],[-97.4669,29.8439],[-97.4702,29.8455],[-97.4737,29.84],[-97.4796,29.8427],[-97.4718,29.8553],[-97.4727,29.8554],[-97.4702,29.8593],[-97.5098,29.8788],[-97.5007,29.8929],[-97.5191,29.9017],[-97.5183,29.9031],[-97.5252,29.9064],[-97.5286,29.9012],[-97.5449,29.9152],[-97.5485,29.9095],[-97.567,29.9255],[-97.5765,29.9111],[-97.6421,29.9667],[-97.6366,29.9713],[-97.674,30.003],[-97.6778,29.997],[-97.6942,30.0109],[-97.6889,30.0156],[-97.7003,30.0252],[-97.7089,30.0234],[-97.7815,30.0757],[-97.781,30.0616],[-97.8051,30.061],[-97.805,30.0587],[-97.8061,30.0587],[-97.8061,30.0567],[-97.8287,30.0564],[-97.8287,30.0573],[-97.8341,30.0572],[-97.8341,30.0582],[-97.8567,30.0577],[-97.8564,30.0283],[-97.8881,30.0278],[-97.8843,30.0244],[-97.9054,30.024],[-97.8756,29.9984],[-97.89,29.9857],[-97.8669,29.9665],[-97.869,29.9645],[-97.8598,29.9568],[-97.8688,29.9488],[-97.8435,29.9272],[-97.8401,29.9302],[-97.8335,29.9245],[-97.8323,29.9254],[-97.8233,29.9165],[-97.8223,29.9172],[-97.8126,29.9075],[-97.8029,29.9149],[-97.7737,29.8858],[-97.7816,29.8793],[-97.752,29.8497],[-97.7678,29.8377],[-97.751,29.8209],[-97.7495,29.822],[-97.7311,29.8036],[-97.7288,29.8052],[-97.7188,29.7951],[-97.7198,29.7943],[-97.7032,29.7777],[-97.6944,29.7843],[-97.6549,29.7448],[-97.6554,29.7349],[-97.6568,29.7281],[-97.6563,29.7206],[-97.6494,29.7049],[-97.6635,29.6821],[-97.6423,29.6802],[-97.6384,29.6792],[-97.6308,29.6745],[-97.6197,29.6649],[-97.6023,29.6565],[-97.6071,29.6488],[-97.6063,29.6459],[-97.6026,29.6429],[-97.5975,29.6369],[-97.5953,29.6356],[-97.5935,29.6348],[-97.5623,29.6833],[-97.5651,29.6846],[-97.5653,29.7041],[-97.5268,29.7043],[-97.527,29.7428],[-97.5251,29.7428],[-97.525,29.7452],[-97.518,29.7451],[-97.518,29.7624],[-97.5164,29.7625],[-97.5166,29.7698],[-97.5148,29.7698],[-97.5148,29.7753],[-97.5064,29.7746],[-97.5056,29.7727],[-97.4964,29.7708],[-97.4958,29.775],[-97.4908,29.7749],[-97.4908,29.7818],[-97.5157,29.7822],[-97.5158,29.7881],[-97.5036,29.7882],[-97.5035,29.8279],[-97.4841,29.8278],[-97.4932,29.8355],[-97.4905,29.838],[-97.4828,29.8314],[-97.4784,29.8383]]],[[[-97.3581,29.8219],[-97.3659,29.8284],[-97.3694,29.8213],[-97.3778,29.8225],[-97.3781,29.8207],[-97.3721,29.8186],[-97.3742,29.8077],[-97.3795,29.8097],[-97.3811,29.8066],[-97.3906,29.8075],[-97.3903,29.8041],[-97.3836,29.8015],[-97.3852,29.7984],[-97.4004,29.8043],[-97.3981,29.8141],[-97.4044,29.8161],[-97.4041,29.8173],[-97.4053,29.8176],[-97.4055,29.8164],[-97.409,29.8174],[-97.4084,29.8186],[-97.4314,29.8295],[-97.4386,29.8155],[-97.416,29.8045],[-97.4155,29.8051],[-97.4051,29.8011],[-97.406,29.7995],[-97.4034,29.7983],[-97.3883,29.7926],[-97.3854,29.7981],[-97.3699,29.7921],[-97.3638,29.8036],[-97.3583,29.8014],[-97.3671,29.7844],[-97.3566,29.7804],[-97.3541,29.7854],[-97.3444,29.7849],[-97.3433,29.7881],[-97.3499,29.7911],[-97.347,29.7972],[-97.3541,29.7997],[-97.357,29.8054],[-97.356,29.8079],[-97.361,29.8078],[-97.3587,29.8179],[-97.3601,29.8181],[-97.3581,29.8219]]]]}},
{"type":"Feature","properties":{"name":"Barton Springs/Edwards Aquifer Conservation District","website":"http://www.bseacd.org"},"geometry":{"type":"Polygon","coordinates":[[[-97.7905,30.2901],[-97.7989,30.2921],[-97.8009,30.2914],[-97.8022,30.2892],[-97.8052,30.2879],[-97.8085,30.2816],[-97.8102,30.2827],[-97.8122,30.2797],[-97.8143,30.2786],[-97.8159,30.276],[-97.819,30.2777],[-97.8175,30.2741],[-97.8182,30.2676],[-97.8218,30.2665],[-97.8235,30.2652],[-97.8265,30.2652],[-97.8277,30.2639],[-97.8321,30.2629],[-97.8332,30.2617],[-97.835,30.2616],[-97.8414,30.251],[-97.846,30.2532],[-97.8496,30.2479],[-97.8533,30.2495],[-97.8591,30.2399],[-97.8604,30.2353],[-97.8648,30.2341],[-97.8646,30.2324],[-97.8688,30.226],[-97.872,30.2276],[-97.8881,30.2038],[-97.8979,30.2083],[-97.9195,30.1772],[-97.9195,30.1606],[-97.9219,30.1604],[-97.9218,30.158],[-97.9291,30.1581],[-97.929,30.1507],[-97.9328,30.1508],[-97.9333,30.1596],[-97.9432,30.1597],[-97.9434,30.1606],[-97.9449,30.1608],[-97.945,30.1509],[-97.9553,30.1508],[-97.9551,30.1286],[-97.9648,30.1285],[-97.9646,30.1173],[-97.9835,30.117],[-97.9823,30.0714],[-98.0361,30.0713],[-98.036,30.0436],[-98.0403,30.0436],[-98.0404,30.0402],[-98.0442,30.0401],[-98.0447,30.0132],[-98.0241,30.0133],[-98.024,30.0066],[-98.0004,30.0067],[-98.0002,29.9947],[-98.0218,29.971],[-98.035,29.9708],[-98.035,29.9643],[-98.0689,29.9288],[-98.0875,29.9289],[-98.0875,29.9214],[-98.1081,29.9037],[-98.0306,29.8486],[-97.9992,29.7525],[-97.944,29.8065],[-97.8751,29.8582],[-97.8745,29.8597],[-97.8751,29.8605],[-97.8807,29.8611],[-97.8838,29.8625],[-97.887,29.8629],[-97.8878,29.8615],[-97.8875,29.8583],[-97.8889,29.8568],[-97.8916,29.8565],[-97.8959,29.8578],[-97.8991,29.8573],[-97.897,29.8648],[-97.8941,29.883],[-97.8797,29.8944],[-97.8517,29.9145],[-97.8335,29.9245],[-97.8401,29.9302],[-97.8435,29.9272],[-97.8688,29.9488],[-97.8598,29.9568],[-97.869,29.9645],[-97.8669,29.9665],[-97.89,29.9857],[-97.8756,29.9984],[-97.9054,30.024],[-97.8843,30.0244],[-97.8881,30.0278],[-97.8546,30.0283],[-97.8526,30.036],[-97.8451,30.0356],[-97.8462,30.0333],[-97.8419,30.0332],[-97.8419,30.032],[-97.845,30.0322],[-97.8473,30.0279],[-97.8462,30.0254],[-97.8454,30.0251],[-97.8461,30.0236],[-97.8444,30.0231],[-97.8434,30.025],[-97.8324,30.0214],[-97.8323,30.0199],[-97.8366,30.0195],[-97.8389,30.0165],[-97.834,30.0059],[-97.8484,29.997],[-97.8517,29.999],[-97.8568,29.9947],[-97.8545,29.9928],[-97.8503,29.9963],[-97.8482,29.9954],[-97.8416,29.9897],[-97.8287,30.0004],[-97.7954,29.9712],[-97.7774,29.987],[-97.7686,29.9796],[-97.7599,29.9909],[-97.7491,29.9977],[-97.7431,29.9636],[-97.7419,29.9606],[-97.7387,29.9562],[-97.7368,29.9483],[-97.7348,29.9443],[-97.7332,29.9367],[-97.7312,29.9369],[-97.7145,29.9394],[-97.7155,29.9446],[-97.7055,29.9465],[-97.7061,29.9512],[-97.695,29.9529],[-97.6954,29.9552],[-97.6892,29.9562],[-97.6893,29.9571],[-97.6767,29.9592],[-97.6854,30.0001],[-97.682,30.0009],[-97.6797,30.0036],[-97.6702,30.0187],[-97.6659,30.0299],[-97.6473,30.0437],[-97.6283,30.0502],[-97.6486,30.0671],[-97.6447,30.0708],[-97.6605,30.0835],[-97.6526,30.0906],[-97.657,30.0943],[-97.6647,30.0872],[-97.6827,30.1019],[-97.6765,30.1076],[-97.6766,30.1098],[-97.6773,30.1163],[-97.681,30.1183],[-97.6795,30.1208],[-97.6851,30.1235],[-97.6817,30.1526],[-97.6883,30.1588],[-97.6991,30.1592],[-97.711,30.1402],[-97.7313,30.1497],[-97.7376,30.1398],[-97.762,30.1511],[-97.7657,30.1452],[-97.7674,30.1479],[-97.766,30.1511],[-97.7691,30.1571],[-97.7697,30.1606],[-97.7718,30.1594],[-97.783,30.1572],[-97.786,30.156],[-97.7903,30.1576],[-97.7871,30.1654],[-97.7705,30.1904],[-97.7713,30.1908],[-97.7718,30.1942],[-97.7736,30.1969],[-97.7767,30.1982],[-97.7737,30.2074],[-97.764,30.2228],[-97.7696,30.2264],[-97.7558,30.2476],[-97.755,30.25],[-97.7499,30.2489],[-97.7456,30.2606],[-97.7521,30.2638],[-97.7551,30.2643],[-97.7693,30.2705],[-97.7848,30.2838],[-97.7871,30.2873],[-97.7882,30.291],[-97.7891,30.2915],[-97.7905,30.2901]],[[-97.8314,30.0227],[-97.8307,30.0246],[-97.829,30.0247],[-97.8289,30.0303],[-97.8121,30.0305],[-97.8141,30.0286],[-97.8051,30.021],[-97.8098,30.0165],[-97.803,30.011],[-97.7993,30.0143],[-97.7939,30.0096],[-97.8129,29.993],[-97.8243,30.0034],[-97.816,30.011],[-97.825,30.0186],[-97.828,30.016],[-97.8312,30.0163],[-97.8314,30.0227]],[[-97.7612,30.1037],[-97.7829,30.1138],[-97.7809,30.1155],[-97.7741,30.1272],[-97.7776,30.1293],[-97.7731,30.1374],[-97.7735,30.138],[-97.7705,30.1428],[-97.7681,30.1441],[-97.7586,30.132],[-97.761,30.1284],[-97.7557,30.1194],[-97.7576,30.1163],[-97.7535,30.1124],[-97.7579,30.1053],[-97.7613,30.1068],[-97.7612,30.1037]],[[-97.8364,30.032],[-97.8299,30.0319],[-97.8298,30.0254],[-97.8314,30.0253],[-97.8322,30.0245],[-97.8324,30.0217],[-97.8338,30.0222],[-97.8326,30.0251],[-97.8333,30.0263],[-97.8348,30.0262],[-97.8364,30.032]]]}},
{"type":"Feature","properties":{"name":"Guadalupe County Groundwater Conservation District","website":"http://gcgcd.org/"},"geometry":{"type":"Polygon","coordinates":[[[-98.19,29.4939],[-98.189,29.491],[-98.186,29.4867],[-98.183,29.4853],[-98.1781,29.4845],[-98.1771,29.485],[-98.1769,29.4863],[-98.179,29.4886],[-98.1795,29.4922],[-98.1809,29.4929],[-98.1846,29.4929],[-98.1844,29.4944],[-98.1823,29.497],[-98.1785,29.4974],[-98.1737,29.4965],[-98.1724,29.4946],[-98.1708,29.4973],[-98.1695,29.4974],[-98.1687,29.4962],[-98.1681,29.4912],[-98.1671,29.4898],[-98.1684,29.4867],[-98.1667,29.4797],[-98.1644,29.4781],[-98.1584,29.4785],[-98.1541,29.4779],[-98.1507,29.4805],[-98.1502,29.479],[-98.1508,29.4763],[-98.1492,29.4759],[-98.1447,29.4779],[-98.143,29.4793],[-98.1428,29.482],[-98.1448,29.4839],[-98.1428,29.4845],[-98.1434,29.4859],[-98.1423,29.4866],[-98.1397,29.4858],[-98.1399,29.4828],[-98.1362,29.4843],[-98.1356,29.484],[-98.1353,29.4833],[-98.1369,29.481],[-98.136,29.4794],[-98.1336,29.4792],[-98.1297,29.4819],[-98.1279,29.4823],[-98.1265,29.4817],[-98.1228,29.4778],[-98.1228,29.4768],[-98.1243,29.4766],[-98.1247,29.4754],[-98.1234,29.4733],[-98.1215,29.4735],[-98.1211,29.4713],[-98.1188,29.4689],[-98.1178,29.4616],[-98.1207,29.4576],[-98.126,29.458],[-98.1272,29.4559],[-98.1219,29.4501],[-98.1211,29.45],[-98.1218,29.4483],[-98.1212,29.4467],[-98.1229,29.4459],[-98.1252,29.4464],[-98.1274,29.446],[-98.1308,29.4432],[-98.1338,29.4421],[-98.1325,29.4403],[-98.1353,29.4387],[-98.1316,29.4349],[-98.1315,29.4332],[-98.1353,29.4322],[-98.1365,29.4295],[-98.1357,29.4282],[-98.1335,29.4274],[-98.1327,29.4233],[-98.1313,29.4219],[-98.1303,29.4188],[-98.1315,29.4157],[-98.1333,29.4151],[-98.1327,29.4129],[-98.1318,29.4121],[-98.1296,29.4124],[-98.1282,29.4117],[-98.1303,29.4057],[-98.1278,29.4043],[-98.1269,29.4006],[-98.1281,29.3978],[-98.1296,29.3986],[-98.1303,29.3978],[-98.1266,29.3951],[-98.1261,29.3908],[-98.1219,29.3877],[-98.1213,29.3857],[-98.1198,29.3842],[-98.1194,29.3831],[-98.1201,29.3816],[-98.1225,29.3787],[-98.1216,29.3774],[-98.1196,29.3766],[-98.1201,29.3752],[-98.1153,29.3713],[-98.1154,29.3689],[-98.1131,29.3668],[-98.1131,29.3655],[-98.0848,29.38],[-97.8406,29.3769],[-97.7073,29.5519],[-97.6332,29.6499],[-97.6333,29.6508],[-97.6312,29.6509],[-97.6312,29.6535],[-97.6354,29.6538],[-97.6356,29.6551],[-97.6363,29.6553],[-97.6405,29.652],[-97.6419,29.6526],[-97.6431,29.6546],[-97.6483,29.6542],[-97.6504,29.6555],[-97.6519,29.654],[-97.6521,29.6553],[-97.6535,29.6558],[-97.6542,29.6574],[-97.6542,29.6583],[-97.6533,29.6586],[-97.6535,29.6603],[-97.652,29.6617],[-97.6507,29.6617],[-97.6494,29.66],[-97.6496,29.6575],[-97.6485,29.6572],[-97.6477,29.6584],[-97.6477,29.6617],[-97.6494,29.6624],[-97.6505,29.6659],[-97.6524,29.6668],[-97.6528,29.6679],[-97.6568,29.6648],[-97.6568,29.6627],[-97.6588,29.6632],[-97.6594,29.6666],[-97.6613,29.6687],[-97.6633,29.6669],[-97.6649,29.6688],[-97.6656,29.6671],[-97.6701,29.6674],[-97.6712,29.6666],[-97.6713,29.6641],[-97.6734,29.6632],[-97.6752,29.6658],[-97.674,29.6685],[-97.6777,29.6688],[-97.678,29.6684],[-97.6765,29.6671],[-97.6784,29.6668],[-97.6786,29.6644],[-97.681,29.6637],[-97.6837,29.6642],[-97.6839,29.665],[-97.6823,29.6657],[-97.6824,29.6666],[-97.6833,29.6671],[-97.6858,29.6657],[-97.6872,29.6663],[-97.6864,29.6673],[-97.6851,29.6665],[-97.6852,29.6678],[-97.6879,29.6724],[-97.689,29.6728],[-97.6904,29.6717],[-97.6914,29.672],[-97.6897,29.6733],[-97.6903,29.6737],[-97.6926,29.6731],[-97.6989,29.6677],[-97.7009,29.6688],[-97.7024,29.6689],[-97.7026,29.6708],[-97.7037,29.6713],[-97.7036,29.6739],[-97.7059,29.6772],[-97.705,29.6779],[-97.7045,29.681],[-97.7036,29.6816],[-97.7049,29.6829],[-97.7081,29.6834],[-97.7122,29.6813],[-97.7174,29.6819],[-97.7181,29.6824],[-97.7177,29.6832],[-97.7188,29.6836],[-97.7226,29.682],[-97.7224,29.6854],[-97.7264,29.6858],[-97.7278,29.6867],[-97.7281,29.6881],[-97.7355,29.6913],[-97.7353,29.6936],[-97.7377,29.6961],[-97.7433,29.6972],[-97.7414,29.6997],[-97.737,29.702],[-97.7361,29.7045],[-97.7362,29.7104],[-97.7386,29.7129],[-97.7439,29.7119],[-97.7455,29.7129],[-97.7457,29.712],[-97.7473,29.7116],[-97.7475,29.7143],[-97.7494,29.7145],[-97.7564,29.7178],[-97.7589,29.7145],[-97.7633,29.7132],[-97.7653,29.7158],[-97.7654,29.7172],[-97.7679,29.7183],[-97.7684,29.7199],[-97.7667,29.7209],[-97.7664,29.7219],[-97.7632,29.7218],[-97.7589,29.724],[-97.7589,29.7254],[-97.7609,29.7261],[-97.761,29.728],[-97.7651,29.7283],[-97.7719,29.7332],[-97.7721,29.7338],[-97.7709,29.7337],[-97.7704,29.7347],[-97.7708,29.7382],[-97.7684,29.7413],[-97.7697,29.7418],[-97.7737,29.7415],[-97.7745,29.7424],[-97.7742,29.744],[-97.7759,29.7448],[-97.7755,29.7457],[-97.7779,29.7471],[-97.7814,29.7475],[-97.7815,29.7486],[-97.7798,29.7483],[-97.7812,29.7525],[-97.7831,29.7511],[-97.7855,29.7478],[-97.8021,29.7358],[-97.8048,29.7355],[-97.8074,29.7363],[-97.8135,29.742],[-97.826,29.732],[-97.8532,29.7122],[-97.8651,29.7009],[-97.8684,29.696],[-97.9004,29.6725],[-97.902,29.6698],[-97.9024,29.6635],[-97.9043,29.6555],[-97.9164,29.6422],[-97.9195,29.6379],[-97.9224,29.6294],[-97.9232,29.6242],[-97.9297,29.6191],[-97.9674,29.6192],[-97.9675,29.6173],[-97.9663,29.6149],[-97.9535,29.6028],[-97.9511,29.5992],[-97.9671,29.5991],[-97.9737,29.5972],[-98.0011,29.5789],[-98.0299,29.5626],[-98.0396,29.5531],[-98.0445,29.5496],[-98.0871,29.5356],[-98.1125,29.5289],[-98.1859,29.5012],[-98.1893,29.4972],[-98.19,29.4939]]]}},
{"type":"Feature","properties":{"name":"Gonzales County Underground Water Conservation District","website":"http://www.gcuwcd.org/"},"geometry":{"type":"Polygon","coordinates":[[[-97.7069,29.2],[-97.4954,29.2],[-97.5066,29.2016],[-97.5095,29.2026],[-97.5174,29.212],[-97.5221,29.2144],[-97.5214,29.2155],[-97.5243,29.2171],[-97.5221,29.2236],[-97.513,29.2382],[-97.5096,29.256],[-97.5069,29.2584],[-97.5091,29.2675],[-97.5102,29.2767],[-97.5223,29.2868],[-97.5227,29.2897],[-97.522,29.2947],[-97.5152,29.3069],[-97.5128,29.3094],[-97.5101,29.3139],[-97.5058,29.318],[-97.5039,29.3228],[-97.4916,29.334],[-97.485,29.3496],[-97.4665,29.344],[-97.4667,29.3425],[-97.4548,29.3388],[-97.4559,29.3352],[-97.4459,29.3323],[-97.4466,29.3298],[-97.4377,29.327],[-97.4366,29.3229],[-97.4262,29.3199],[-97.4149,29.3482],[-97.4062,29.3456],[-97.3934,29.3574],[-97.3944,29.3589],[-97.3694,29.3811],[-97.369,29.3845],[-97.3622,29.3871],[-97.3753,29.4111],[-97.3736,29.4145],[-97.3733,29.416],[-97.3739,29.4168],[-97.3639,29.427],[-97.3609,29.428],[-97.3578,29.4308],[-97.3622,29.4369],[-97.362,29.438],[-97.3603,29.4392],[-97.3636,29.4432],[-97.357,29.4536],[-97.3527,29.4514],[-97.3455,29.4626],[-97.3514,29.4687],[-97.3579,29.4806],[-97.3604,29.4879],[-97.3618,29.4889],[-97.3613,29.4902],[-97.3442,29.4841],[-97.3545,29.5075],[-97.3465,29.5064],[-97.3392,29.5081],[-97.3174,29.5089],[-97.3136,29.508],[-97.291,29.5088],[-97.2904,29.5076],[-97.284,29.5082],[-97.2781,29.5055],[-97.2722,29.5058],[-97.2655,29.504],[-97.264,29.5049],[-97.2613,29.5045],[-97.2589,29.5022],[-97.2572,29.5045],[-97.2513,29.507],[-97.2457,29.5141],[-97.2437,29.5187],[-97.2386,29.5211],[-97.2363,29.5276],[-97.2306,29.528],[-97.2292,29.5302],[-97.2295,29.5367],[-97.2261,29.5373],[-97.2256,29.5432],[-97.2197,29.5479],[-97.2189,29.5559],[-97.2141,29.5591],[-97.2046,29.5593],[-97.205,29.5799],[-97.1433,29.628],[-97.1305,29.6432],[-97.3178,29.7846],[-97.316,29.7862],[-97.3581,29.8219],[-97.3601,29.8181],[-97.3587,29.8179],[-97.361,29.8078],[-97.356,29.8079],[-97.357,29.8054],[-97.3541,29.7997],[-97.347,29.7972],[-97.3499,29.7911],[-97.3433,29.7881],[-97.3444,29.7849],[-97.3541,29.7854],[-97.3566,29.7804],[-97.3671,29.7844],[-97.3583,29.8014],[-97.3638,29.8036],[-97.3699,29.7921],[-97.3854,29.7981],[-97.3883,29.7926],[-97.4034,29.7983],[-97.406,29.7995],[-97.4051,29.8011],[-97.4155,29.8051],[-97.416,29.8045],[-97.4386,29.8155],[-97.4314,29.8295],[-97.4084,29.8186],[-97.409,29.8174],[-97.4055,29.8164],[-97.4053,29.8176],[-97.4041,29.8173],[-97.4044,29.8161],[-97.3981,29.8141],[-97.4004,29.8043],[-97.3852,29.7984],[-97.3836,29.8015],[-97.3903,29.8041],[-97.3906,29.8075],[-97.3811,29.8066],[-97.3795,29.8097],[-97.3742,29.8077],[-97.3721,29.8186],[-97.3781,29.8207],[-97.3778,29.8225],[-97.3694,29.8213],[-97.3659,29.8284],[-97.5009,29.9423],[-97.5072,29.9403],[-97.5319,29.9238],[-97.5439,29.9144],[-97.5286,29.9012],[-97.5252,29.9064],[-97.5183,29.9031],[-97.5191,29.9017],[-97.5007,29.8929],[-97.5098,29.8788],[-97.4702,29.8593],[-97.4727,29.8554],[-97.4718,29.8553],[-97.4796,29.8427],[-97.4737,29.84],[-97.4702,29.8455],[-97.4669,29.8439],[-97.4725,29.8354],[-97.4784,29.8383],[-97.4828,29.8314],[-97.4905,29.838],[-97.4932,29.8355],[-97.4841,29.8278],[-97.5035,29.8279],[-97.5036,29.7882],[-97.5158,29.7881],[-97.5157,29.7803],[-97.5148,29.7803],[-97.5148,29.7698],[-97.5166,29.7698],[-97.5164,29.7625],[-97.518,29.7624],[-97.518,29.7451],[-97.525,29.7452],[-97.5251,29.7428],[-97.527,29.7428],[-97.5268,29.7043],[-97.5653,29.7041],[-97.5651,29.6846],[-97.5623,29.6833],[-97.5874,29.6444],[-97.5836,29.6385],[-97.5977,29.6308],[-97.5999,29.6316],[-97.5985,29.6349],[-97.6007,29.6361],[-97.5998,29.637],[-97.6039,29.6417],[-97.6067,29.6402],[-97.6047,29.6365],[-97.6052,29.6357],[-97.6066,29.6352],[-97.6094,29.6372],[-97.611,29.6374],[-97.6181,29.6336],[-97.6189,29.6356],[-97.6177,29.6367],[-97.6181,29.6379],[-97.6163,29.6414],[-97.6171,29.6448],[-97.619,29.6451],[-97.6233,29.6427],[-97.6278,29.6426],[-97.6284,29.6415],[-97.6274,29.6406],[-97.6294,29.6398],[-97.6298,29.6449],[-97.6314,29.6458],[-97.6302,29.6468],[-97.6308,29.6474],[-97.6317,29.6467],[-97.6344,29.6478],[-97.6329,29.6489],[-97.6332,29.6499],[-97.8588,29.3528],[-97.7154,29.2081],[-97.7069,29.2]]]}},
{"type":"Feature","properties":{"name":"Edwards Aquifer Authority","website":"http://www.edwardsaquifer.org"},"geometry":{"type":"Polygon","coordinates":[[[-99.0,29.6236],[-99.0,29.2],[-98.8047,29.2],[-98.8047,29.2143],[-98.7842,29.2142],[-98.7842,29.2121],[-98.7699,29.212],[-98.7699,29.208],[-98.7606,29.2081],[-98.7582,29.2064],[-98.7526,29.2064],[-98.7525,29.2132],[-98.7468,29.2133],[-98.7469,29.2219],[-98.7349,29.2217],[-98.7349,29.2268],[-98.6568,29.2],[-98.3355,29.2],[-98.1353,29.4387],[-98.1316,29.4349],[-98.1314,29.4333],[-98.1354,29.4321],[-98.1365,29.4293],[-98.1355,29.4281],[-98.1335,29.4274],[-98.1327,29.4233],[-98.1313,29.4219],[-98.1302,29.4185],[-98.1315,29.4157],[-98.133,29.4155],[-98.1333,29.4146],[-98.1319,29.4122],[-98.1295,29.4124],[-98.1282,29.4116],[-98.1303,29.4057],[-98.1278,29.4043],[-98.1269,29.4006],[-98.1281,29.3978],[-98.1295,29.3986],[-98.1303,29.3982],[-98.1296,29.3971],[-98.1284,29.3966],[-98.0928,29.4144],[-98.0901,29.411],[-98.0879,29.4107],[-98.0868,29.4132],[-98.0871,29.4187],[-98.0847,29.4261],[-98.0812,29.4293],[-98.0792,29.4349],[-98.0736,29.4375],[-98.0735,29.4418],[-98.0733,29.4654],[-98.0746,29.4655],[-98.0772,29.4641],[-98.0841,29.4748],[-98.0833,29.4761],[-98.0867,29.4814],[-98.0865,29.4826],[-98.0721,29.4948],[-98.0519,29.5025],[-98.0514,29.5041],[-98.0558,29.5129],[-98.0395,29.519],[-98.0359,29.5216],[-98.0188,29.5268],[-98.0146,29.5292],[-98.0161,29.5293],[-98.0181,29.5309],[-98.0215,29.541],[-98.0218,29.5476],[-98.023,29.5493],[-98.0257,29.5506],[-98.0323,29.5607],[-98.0274,29.5641],[-98.0011,29.5789],[-97.9746,29.5967],[-97.9709,29.5984],[-97.9675,29.5991],[-97.9246,29.5992],[-97.9203,29.6025],[-97.9118,29.6051],[-97.9095,29.6063],[-97.901,29.6131],[-97.881,29.6166],[-97.8537,29.6364],[-97.8441,29.6446],[-97.8407,29.6463],[-97.8183,29.6494],[-97.8,29.6544],[-97.7961,29.6542],[-97.7849,29.6509],[-97.7791,29.6503],[-97.7201,29.6592],[-97.7079,29.6625],[-97.7004,29.6684],[-97.6987,29.6678],[-97.6926,29.6731],[-97.6906,29.6737],[-97.6897,29.6733],[-97.6914,29.672],[-97.6904,29.6717],[-97.689,29.6728],[-97.6879,29.6724],[-97.6852,29.6678],[-97.6851,29.6665],[-97.6864,29.6673],[-97.6872,29.6664],[-97.6858,29.6657],[-97.683,29.667],[-97.6822,29.6659],[-97.6837,29.6653],[-97.6839,29.6644],[-97.681,29.6637],[-97.6785,29.6645],[-97.6783,29.6668],[-97.6765,29.667],[-97.678,29.6684],[-97.6777,29.6688],[-97.674,29.6685],[-97.6752,29.6658],[-97.6734,29.6632],[-97.6712,29.6642],[-97.6709,29.667],[-97.6694,29.6676],[-97.6656,29.6671],[-97.6649,29.6688],[-97.6634,29.6669],[-97.661,29.6686],[-97.6594,29.6666],[-97.6588,29.6632],[-97.6567,29.6627],[-97.6568,29.6648],[-97.6527,29.6679],[-97.6524,29.6668],[-97.6502,29.6654],[-97.6494,29.6624],[-97.6477,29.6617],[-97.6477,29.6584],[-97.6485,29.6572],[-97.6496,29.6575],[-97.6494,29.66],[-97.6507,29.6617],[-97.652,29.6617],[-97.6535,29.6603],[-97.6533,29.6586],[-97.6542,29.6583],[-97.6542,29.6574],[-97.6535,29.6558],[-97.6521,29.6553],[-97.6519,29.654],[-97.6504,29.6555],[-97.6483,29.6542],[-97.6431,29.6546],[-97.6419,29.6526],[-97.6405,29.652],[-97.6363,29.6553],[-97.6356,29.6551],[-97.6354,29.6538],[-97.6314,29.6537],[-97.6312,29.6509],[-97.6333,29.6508],[-97.6329,29.6489],[-97.6344,29.6479],[-97.6318,29.6467],[-97.6308,29.6474],[-97.6302,29.6468],[-97.6314,29.6458],[-97.6298,29.6449],[-97.6294,29.6399],[-97.6274,29.6406],[-97.6284,29.6415],[-97.6278,29.6426],[-97.6232,29.6427],[-97.6188,29.6451],[-97.617,29.6447],[-97.6164,29.6411],[-97.6181,29.6379],[-97.6177,29.6367],[-97.6189,29.6356],[-97.6181,29.6336],[-97.611,29.6374],[-97.6094,29.6372],[-97.6066,29.6352],[-97.6052,29.6357],[-97.6047,29.6365],[-97.6067,29.6402],[-97.604,29.6417],[-97.5998,29.637],[-97.6007,29.6361],[-97.5985,29.6349],[-97.5999,29.6316],[-97.5977,29.6308],[-97.5836,29.6385],[-97.5859,29.6414],[-97.5904,29.6505],[-97.5925,29.6525],[-97.6053,29.6575],[-97.6198,29.665],[-97.6282,29.6723],[-97.6371,29.6784],[-97.6414,29.6798],[-97.6473,29.6804],[-97.6455,29.695],[-97.6497,29.7075],[-97.6544,29.7165],[-97.656,29.7212],[-97.6563,29.7294],[-97.655,29.7354],[-97.6544,29.7494],[-97.6567,29.7721],[-97.6593,29.7785],[-97.6715,29.802],[-97.674,29.8141],[-97.6678,29.8484],[-97.6687,29.8777],[-97.6709,29.8904],[-97.6717,29.8921],[-97.6757,29.8959],[-97.6776,29.8988],[-97.68,29.9073],[-97.6801,29.9102],[-97.6762,29.9289],[-97.6723,29.9408],[-97.6859,30.0025],[-97.6888,30.0276],[-97.7013,30.025],[-97.7103,30.022],[-97.7461,29.9962],[-97.756,29.9899],[-97.7587,29.9875],[-97.7743,29.9681],[-97.7742,29.9666],[-97.7774,29.9626],[-97.7878,29.955],[-97.7903,29.948],[-97.7923,29.9452],[-97.8034,29.9413],[-97.818,29.9344],[-97.8331,29.9476],[-97.8415,29.9574],[-97.8694,29.9812],[-97.8523,29.9964],[-97.858,30.0015],[-97.8408,30.0166],[-97.846,30.0211],[-97.8417,30.0249],[-97.842,30.0354],[-97.8526,30.036],[-97.8546,30.0283],[-97.8895,30.0278],[-97.8893,30.0288],[-97.9257,30.0283],[-97.9458,30.0389],[-97.9508,30.0393],[-97.9633,30.0437],[-97.9821,30.0467],[-97.9823,30.0714],[-98.0361,30.0713],[-98.036,30.0436],[-98.0403,30.0436],[-98.0404,30.0402],[-98.0442,30.0401],[-98.0447,30.0132],[-98.0241,30.0133],[-98.024,30.0066],[-98.0004,30.0067],[-98.0002,29.9947],[-98.0218,29.971],[-98.035,29.9708],[-98.035,29.9643],[-98.0689,29.9288],[-98.0875,29.9289],[-98.0875,29.9214],[-98.1082,29.9036],[-98.1069,29.9027],[-98.1178,29.8925],[-98.1147,29.8899],[-98.1211,29.8841],[-98.1151,29.8792],[-98.1305,29.8649],[-98.1261,29.8612],[-98.1279,29.8418],[-98.1486,29.8219],[-98.1723,29.8012],[-98.1738,29.8051],[-98.1735,29.8085],[-98.1762,29.8088],[-98.2001,29.793],[-98.2029,29.796],[-98.2166,29.7907],[-98.2266,29.8022],[-98.2397,29.794],[-98.2501,29.8061],[-98.2555,29.8026],[-98.258,29.8055],[-98.2963,29.7805],[-98.2989,29.7836],[-98.333,29.762],[-98.3347,29.7561],[-98.3347,29.709],[-98.3368,29.709],[-98.3636,29.6793],[-98.3731,29.6736],[-98.3801,29.6751],[-98.3833,29.675],[-98.3842,29.6762],[-98.3841,29.6786],[-98.3777,29.6826],[-98.3766,29.6853],[-98.3765,29.6883],[-98.3808,29.6963],[-98.3804,29.7035],[-98.375,29.7064],[-98.3707,29.705],[-98.3675,29.7058],[-98.3622,29.7059],[-98.3571,29.7038],[-98.3543,29.704],[-98.3473,29.7069],[-98.3444,29.7074],[-98.3416,29.7094],[-98.3405,29.7115],[-98.3404,29.7155],[-98.3382,29.719],[-98.3385,29.7218],[-98.3453,29.7264],[-98.3492,29.7276],[-98.3523,29.7317],[-98.3524,29.7344],[-98.3561,29.7338],[-98.3591,29.7294],[-98.3646,29.7242],[-98.3691,29.721],[-98.3754,29.7201],[-98.3758,29.7233],[-98.3735,29.7261],[-98.3732,29.728],[-98.3745,29.7314],[-98.3827,29.735],[-98.3848,29.7351],[-98.3882,29.7339],[-98.391,29.7364],[-98.399,29.7378],[-98.3998,29.7391],[-98.3985,29.7427],[-98.4022,29.7468],[-98.4025,29.7482],[-98.4038,29.749],[-98.4078,29.7487],[-98.4093,29.7477],[-98.415,29.7469],[-98.4211,29.743],[-98.4218,29.7394],[-98.4213,29.7348],[-98.4205,29.7338],[-98.4176,29.7326],[-98.4169,29.7308],[-98.4185,29.7296],[-98.4263,29.7268],[-98.4297,29.724],[-98.4298,29.7227],[-98.427,29.7186],[-98.4272,29.7173],[-98.4306,29.7157],[-98.4384,29.7158],[-98.4418,29.7172],[-98.4439,29.7197],[-98.4447,29.7264],[-98.4427,29.7326],[-98.4439,29.7346],[-98.4457,29.7357],[-98.4486,29.7357],[-98.4533,29.7327],[-98.4592,29.7317],[-98.4625,29.7338],[-98.4651,29.7381],[-98.4667,29.7384],[-98.4709,29.7369],[-98.4747,29.7343],[-98.4776,29.7337],[-98.4802,29.735],[-98.4838,29.7356],[-98.4877,29.7359],[-98.4911,29.7354],[-98.493,29.737],[-98.4968,29.7383],[-98.5044,29.7381],[-98.5099,29.741],[-98.5163,29.7428],[-98.5198,29.7447],[-98.5235,29.745],[-98.5262,29.7435],[-98.5251,29.7407],[-98.5267,29.74],[-98.5283,29.7413],[-98.5289,29.7439],[-98.5343,29.7465],[-98.5338,29.75],[-98.5345,29.7525],[-98.536,29.7529],[-98.5417,29.7514],[-98.5478,29.7537],[-98.547,29.7584],[-98.5488,29.7602],[-98.5519,29.7604],[-98.5547,29.7591],[-98.5555,29.7573],[-98.5553,29.7549],[-98.5593,29.7514],[-98.5625,29.7512],[-98.5634,29.7522],[-98.5663,29.7524],[-98.5689,29.7479],[-98.5749,29.7501],[-98.5763,29.7471],[-98.5794,29.7454],[-98.5791,29.7432],[-98.5817,29.7425],[-98.5822,29.7412],[-98.583,29.7409],[-98.5869,29.7423],[-98.5876,29.7462],[-98.5891,29.7476],[-98.592,29.7469],[-98.5934,29.7454],[-98.5971,29.7471],[-98.6002,29.7496],[-98.6029,29.7495],[-98.6049,29.7469],[-98.6004,29.7435],[-98.6004,29.7411],[-98.6037,29.7396],[-98.6075,29.7401],[-98.6122,29.7398],[-98.6126,29.738],[-98.6147,29.737],[-98.6175,29.7394],[-98.6171,29.7428],[-98.6191,29.7438],[-98.6215,29.7433],[-98.6285,29.7441],[-98.6359,29.741],[-98.6415,29.7399],[-98.6436,29.7402],[-98.6454,29.7415],[-98.6461,29.743],[-98.6459,29.7479],[-98.6483,29.75],[-98.6496,29.7531],[-98.6523,29.7536],[-98.6534,29.7522],[-98.6526,29.7497],[-98.6531,29.7486],[-98.6567,29.7475],[-98.6583,29.7488],[-98.6613,29.749],[-98.6632,29.7473],[-98.6639,29.7454],[-98.6602,29.7431],[-98.6598,29.742],[-98.6606,29.7413],[-98.6632,29.7407],[-98.6678,29.7432],[-98.6699,29.7433],[-98.6737,29.7421],[-98.6748,29.7382],[-98.6762,29.7371],[-98.6805,29.7377],[-98.683,29.7394],[-98.6858,29.7398],[-98.6923,29.7351],[-98.7004,29.7372],[-98.7012,29.736],[-98.7005,29.7328],[-98.7028,29.7332],[-98.7081,29.7322],[-98.7105,29.7309],[-98.7148,29.7262],[-98.7172,29.7252],[-98.7231,29.7294],[-98.7259,29.7275],[-98.7339,29.7294],[-98.7342,29.7282],[-98.7308,29.7258],[-98.729,29.7224],[-98.7327,29.7211],[-98.7335,29.7191],[-98.7375,29.7159],[-98.7401,29.7173],[-98.7439,29.7162],[-98.7448,29.7185],[-98.7467,29.7195],[-98.7507,29.7209],[-98.7518,29.7202],[-98.7533,29.7211],[-98.757,29.7219],[-98.7588,29.7213],[-98.7596,29.7221],[-98.7623,29.7219],[-98.7667,29.7195],[-98.7681,29.7209],[-98.7703,29.7214],[-98.7721,29.7201],[-98.7755,29.7197],[-98.7789,29.7201],[-98.9272,29.5622],[-98.93,29.5634],[-98.9324,29.5635],[-98.9353,29.5625],[-98.9398,29.5591],[-98.9436,29.558],[-98.9495,29.5582],[-98.959,29.5603],[-98.9626,29.5599],[-98.9658,29.5581],[-98.9691,29.5532],[-98.9716,29.5518],[-98.9742,29.5519],[-98.9783,29.5542],[-98.9846,29.5629],[-98.9858,29.5663],[-98.9854,29.5706],[-98.9803,29.5741],[-98.9789,29.577],[-98.9802,29.5795],[-98.9837,29.5807],[-98.9861,29.5822],[-98.987,29.5843],[-98.9868,29.5868],[-98.9852,29.5905],[-98.981,29.5951],[-98.9786,29.5989],[-98.977,29.6032],[-98.9758,29.6099],[-98.9761,29.6133],[-98.9772,29.6152],[-98.9809,29.621],[-98.9838,29.6235],[-99.0,29.6236]],[[-98.7695,29.2285],[-98.7564,29.2285],[-98.7572,29.2242],[-98.7607,29.2242],[-98.7607,29.2183],[-98.7695,29.2183],[-98.7695,29.2285]],[[-98.7485,29.227],[-98.7485,29.2285],[-98.7468,29.2286],[-98.7468,29.2309],[-98.735,29.2268],[-98.742,29.2269],[-98.7467,29.2285],[-98.7468,29.227],[-98.7485,29.227]]]}},
{"type":"Feature","properties":{"name":"Hays Trinity Groundwater Conservation District","website":"http://www.haysgroundwater.com"},"geometry":{"type":"Polygon","coordinates":[[[-97.9823,30.0714],[-97.9835,30.117],[-97.9646,30.1173],[-97.9648,30.1285],[-97.9551,30.1286],[-97.9553,30.1508],[-97.945,30.1509],[-97.9449,30.1608],[-97.9434,30.1606],[-97.9432,30.1597],[-97.9333,30.1596],[-97.9328,30.1508],[-97.929,30.1507],[-97.9291,30.1581],[-97.9218,30.158],[-97.9219,30.1604],[-97.9195,30.1606],[-97.9195,30.175],[-98.1731,30.3564],[-98.2976,30.038],[-98.1081,29.9037],[-98.0875,29.9214],[-98.0875,29.9289],[-98.0689,29.9288],[-98.035,29.9643],[-98.035,29.9708],[-98.0218,29.971],[-98.0002,29.9947],[-98.0004,30.0067],[-98.024,30.0066],[-98.0241,30.0133],[-98.0447,30.0132],[-98.0442,30.0401],[-98.0404,30.0402],[-98.0403,30.0436],[-98.036,30.0436],[-98.0361,30.0713],[-97.9823,30.0714]]]}},
{"type":"Feature","properties":{"name":"Colorado County Groundwater Conservation District","website":"http://www.ccgcd.net"},"geometry":{"type":"Polygon","coordinates":[[[-96.2,29.6115],[-96.2,29.6567],[-96.2029,29.6572],[-96.2082,29.6564],[-96.2148,29.6612],[-96.226,29.6647],[-96.233,29.661],[-96.2388,29.6589],[-96.2403,29.659],[-96.2434,29.6602],[-96.2479,29.6647],[-96.2562,29.6664],[-96.258,29.6675],[-96.2617,29.6735],[-96.2623,29.68],[-96.2653,29.6836],[-96.2672,29.6876],[-96.2717,29.6921],[-96.2755,29.7003],[-96.275,29.7025],[-96.2703,29.7068],[-96.2713,29.7171],[-96.2759,29.7204],[-96.278,29.7238],[-96.2821,29.7271],[-96.2884,29.7278],[-96.2912,29.7289],[-96.2917,29.7304],[-96.2904,29.733],[-96.2912,29.7346],[-96.2922,29.7356],[-96.2963,29.7366],[-96.2985,29.7381],[-96.2983,29.7398],[-96.2964,29.7429],[-96.2967,29.7486],[-96.2975,29.7497],[-96.2999,29.7515],[-96.3043,29.7523],[-96.3059,29.7536],[-96.3125,29.7561],[-96.3125,29.7589],[-96.3144,29.7623],[-96.3153,29.7658],[-96.3147,29.7704],[-96.3165,29.7727],[-96.3198,29.7742],[-96.3204,29.7754],[-96.3165,29.7788],[-96.3159,29.781],[-96.3165,29.7835],[-96.3157,29.7865],[-96.3181,29.7886],[-96.3192,29.7916],[-96.3231,29.7925],[-96.3256,29.7959],[-96.3279,29.7973],[-96.3288,29.7986],[-96.3326,29.7978],[-96.3351,29.8007],[-96.3381,29.8015],[-96.3376,29.8031],[-96.3337,29.8029],[-96.3326,29.8037],[-96.3329,29.8068],[-96.3315,29.8145],[-96.3355,29.8173],[-96.3388,29.8219],[-96.3434,29.8249],[-96.3439,29.8299],[-96.3456,29.83],[-96.3527,29.8274],[-96.3537,29.8247],[-96.3557,29.8235],[-96.3587,29.8189],[-96.3609,29.8189],[-96.3628,29.8199],[-96.3647,29.8188],[-96.3665,29.8203],[-96.368,29.8201],[-96.3671,29.8217],[-96.3686,29.8219],[-96.3702,29.8234],[-96.3756,29.8242],[-96.378,29.8233],[-96.3797,29.8252],[-96.3818,29.8252],[-96.3836,29.8235],[-96.3893,29.8216],[-96.3935,29.822],[-96.3934,29.8237],[-96.394,29.8241],[-96.3962,29.8225],[-96.4019,29.8251],[-96.4052,29.8253],[-96.408,29.8239],[-96.4098,29.8253],[-96.412,29.8247],[-96.4159,29.8281],[-96.4209,29.8293],[-96.4207,29.83],[-96.4219,29.8313],[-96.4216,29.8336],[-96.4226,29.8347],[-96.4238,29.8348],[-96.4233,29.8363],[-96.425,29.8365],[-96.4258,29.8395],[-96.4274,29.8405],[-96.4333,29.8411],[-96.4345,29.8418],[-96.4347,29.8477],[-96.4361,29.8491],[-96.4381,29.8494],[-96.4395,29.8504],[-96.4409,29.8537],[-96.4432,29.8537],[-96.444,29.8551],[-96.4455,29.8541],[-96.4468,29.8553],[-96.4498,29.856],[-96.4541,29.8558],[-96.4555,29.8546],[-96.46,29.8548],[-96.4639,29.8591],[-96.4645,29.8606],[-96.4684,29.8612],[-96.4723,29.8648],[-96.4735,29.8671],[-96.4789,29.869],[-96.4851,29.8673],[-96.5359,29.9076],[-96.5693,29.9623],[-96.7152,29.7948],[-96.8743,29.6327],[-96.8649,29.6329],[-96.8658,29.6306],[-96.8631,29.6297],[-96.8625,29.6281],[-96.8591,29.6267],[-96.8588,29.624],[-96.8478,29.621],[-96.8489,29.6187],[-96.8483,29.6176],[-96.8431,29.6164],[-96.8423,29.6134],[-96.8442,29.6091],[-96.8414,29.6077],[-96.8407,29.6058],[-96.8381,29.6038],[-96.837,29.5992],[-96.8334,29.5958],[-96.8356,29.5929],[-96.8364,29.5887],[-96.839,29.5854],[-96.8378,29.5826],[-96.8348,29.58],[-96.8328,29.5769],[-96.793,29.5773],[-96.6736,29.4522],[-96.5605,29.3355],[-96.6573,29.2643],[-96.6381,29.2471],[-96.3486,29.4083],[-96.3077,29.5146],[-96.2,29.6115]]]}},
{"type":"Feature","properties":{"name":"Southern Trinity Groundwater Conservation District","website":"http://southerntrinitygcd.org"},"geometry":{"type":"Polygon","coordinates":[[[-96.9247,31.7],[-97.3716,31.7],[-97.6051,31.5877],[-97.4186,31.3202],[-97.3434,31.2442],[-97.2779,31.2797],[-96.9878,31.4257],[-96.8011,31.5222],[-96.8565,31.601],[-96.9247,31.7]]]}},
{"type":"Feature","properties":{"name":"Cow Creek Groundwater Conservation District","website":"http://www.ccgcd.org"},"geometry":{"type":"MultiPolygon","coordinates":[[[[-98.5879,30.1388],[-98.7815,30.1379],[-98.9202,30.1383],[-98.9207,30.0314],[-98.9201,29.8866],[-98.9176,29.7814],[-98.7789,29.7201],[-98.7755,29.7197],[-98.7721,29.7201],[-98.7703,29.7214],[-98.7681,29.7209],[-98.7667,29.7195],[-98.7623,29.7219],[-98.7596,29.7221],[-98.7588,29.7213],[-98.757,29.7219],[-98.7533,29.7211],[-98.7518,29.7202],[-98.7507,29.7209],[-98.7467,29.7195],[-98.7448,29.7185],[-98.7439,29.7162],[-98.7401,29.7173],[-98.7375,29.7159],[-98.7335,29.7191],[-98.7327,29.7211],[-98.729,29.7224],[-98.7308,29.7258],[-98.7342,29.7282],[-98.7338,29.7294],[-98.7259,29.7275],[-98.7231,29.7294],[-98.7172,29.7252],[-98.7148,29.7262],[-98.7105,29.7309],[-98.7081,29.7322],[-98.7028,29.7332],[-98.7005,29.7328],[-98.7012,29.736],[-98.7004,29.7372],[-98.6924,29.7351],[-98.686,29.7398],[-98.683,29.7394],[-98.6805,29.7377],[-98.6762,29.7371],[-98.6748,29.7383],[-98.6738,29.742],[-98.6702,29.7433],[-98.6678,29.7432],[-98.6631,29.7407],[-98.6601,29.7415],[-98.6602,29.7431],[-98.664,29.7456],[-98.662,29.7487],[-98.6588,29.7488],[-98.662,29.7559],[-98.6618,29.7598],[-98.658,29.7598],[-98.6578,29.7722],[-98.6439,29.7722],[-98.6409,29.7709],[-98.6262,29.7706],[-98.6264,29.7738],[-98.6431,29.7743],[-98.6435,29.7823],[-98.6266,29.7819],[-98.6261,29.7706],[-98.6234,29.7705],[-98.6234,29.7637],[-98.4743,29.8856],[-98.4142,29.9376],[-98.4655,29.9977],[-98.5436,30.0863],[-98.5879,30.1388]]],[[[-98.6433,29.7476],[-98.6412,29.7493],[-98.6413,29.7549],[-98.644,29.7552],[-98.6449,29.7514],[-98.6446,29.7483],[-98.6433,29.7476]]],[[[-98.6462,29.7451],[-98.6434,29.7475],[-98.6452,29.7485],[-98.646,29.7482],[-98.6462,29.7451]]]]}},
{"type":"Feature","properties":{"name":"Middle Trinity Groundwater Conservation District","website":"http://www.middletrinitygcd.org"},"geometry":{"type":"MultiPolygon","coordinates":[[[[-98.4325,31.7],[-98.4753,31.7],[-98.4636,31.6841],[-98.4325,31.7]]],[[[-97.3716,31.7],[-97.7855,31.7],[-97.7664,31.6726],[-98.0002,31.5542],[-98.1284,31.4909],[-98.1797,31.4641],[-97.9071,31.0693],[-97.4186,31.3202],[-97.6051,31.5877],[-97.3716,31.7]]]]}},
{"type":"Feature","properties":{"name":"Comal Trinity Groundwater Conservation District","website":"http://www.comaltrinitygcd.com/"},"geometry":{"type":"MultiPolygon","coordinates":[[[[-97.9992,29.7525],[-98.0306,29.8486],[-98.2976,30.038],[-98.4743,29.8856],[-98.6234,29.7638],[-98.6189,29.7636],[-98.6133,29.7603],[-98.6144,29.7592],[-98.6137,29.7565],[-98.6116,29.7565],[-98.6115,29.7398],[-98.6037,29.7396],[-98.6004,29.7411],[-98.6004,29.7435],[-98.6049,29.7469],[-98.6036,29.7491],[-98.6014,29.7498],[-98.5934,29.7454],[-98.5919,29.747],[-98.589,29.7475],[-98.5876,29.7462],[-98.5869,29.7423],[-98.5844,29.741],[-98.5827,29.741],[-98.5817,29.7425],[-98.5791,29.7432],[-98.5794,29.7454],[-98.5763,29.7471],[-98.5749,29.7501],[-98.5689,29.7479],[-98.5663,29.7524],[-98.5634,29.7522],[-98.5625,29.7512],[-98.5593,29.7514],[-98.5553,29.7549],[-98.5555,29.7573],[-98.5547,29.7591],[-98.5519,29.7604],[-98.5488,29.7602],[-98.547,29.7584],[-98.5478,29.7537],[-98.5417,29.7514],[-98.536,29.7529],[-98.5345,29.7525],[-98.5338,29.75],[-98.5343,29.7465],[-98.5289,29.7439],[-98.5283,29.7413],[-98.5267,29.74],[-98.5251,29.7407],[-98.5262,29.7435],[-98.5235,29.745],[-98.5198,29.7447],[-98.5163,29.7428],[-98.5099,29.741],[-98.5044,29.7381],[-98.4968,29.7383],[-98.493,29.737],[-98.4911,29.7354],[-98.4877,29.7359],[-98.4838,29.7356],[-98.4802,29.735],[-98.4776,29.7337],[-98.4747,29.7343],[-98.4709,29.7369],[-98.4667,29.7384],[-98.4651,29.7381],[-98.4625,29.7338],[-98.4592,29.7317],[-98.4533,29.7327],[-98.4486,29.7357],[-98.4457,29.7357],[-98.4439,29.7346],[-98.4427,29.7326],[-98.4447,29.7264],[-98.4439,29.7197],[-98.4418,29.7172],[-98.4386,29.7158],[-98.4306,29.7157],[-98.4272,29.7173],[-98.427,29.7186],[-98.4298,29.7227],[-98.4297,29.724],[-98.4263,29.7268],[-98.4185,29.7296],[-98.4169,29.7308],[-98.4176,29.7326],[-98.4205,29.7338],[-98.4213,29.7348],[-98.4218,29.7394],[-98.4211,29.743],[-98.415,29.7469],[-98.4093,29.7477],[-98.4078,29.7487],[-98.4038,29.749],[-98.4025,29.7482],[-98.4022,29.7468],[-98.3985,29.7427],[-98.3998,29.7391],[-98.399,29.7378],[-98.391,29.7364],[-98.3882,29.7339],[-98.3848,29.7351],[-98.3827,29.735],[-98.3745,29.7314],[-98.3732,29.728],[-98.3735,29.7261],[-98.3758,29.7233],[-98.3754,29.7201],[-98.3691,29.721],[-98.3646,29.7242],[-98.3591,29.7294],[-98.3561,29.7338],[-98.3523,29.7343],[-98.3523,29.7319],[-98.3492,29.7276],[-98.3453,29.7264],[-98.3385,29.7216],[-98.3382,29.7189],[-98.3403,29.7156],[-98.3403,29.7122],[-98.3414,29.7097],[-98.3444,29.7074],[-98.3473,29.7069],[-98.3547,29.7039],[-98.3571,29.7038],[-98.3622,29.7059],[-98.3675,29.7058],[-98.3707,29.705],[-98.375,29.7064],[-98.3798,29.704],[-98.3808,29.7026],[-98.3809,29.6966],[-98.3765,29.6883],[-98.3766,29.6852],[-98.3778,29.6825],[-98.3841,29.6786],[-98.3842,29.6761],[-98.3813,29.6732],[-98.379,29.6628],[-98.3765,29.6628],[-98.3639,29.6667],[-98.3607,29.6648],[-98.3563,29.6585],[-98.3459,29.6554],[-98.3427,29.6536],[-98.3437,29.6508],[-98.3478,29.6446],[-98.3458,29.6387],[-98.3415,29.6324],[-98.3404,29.6293],[-98.3423,29.6251],[-98.3427,29.6222],[-98.3451,29.6207],[-98.3453,29.6189],[-98.3422,29.617],[-98.3376,29.6122],[-98.3286,29.6105],[-98.3277,29.6057],[-98.3255,29.6037],[-98.3203,29.602],[-98.3149,29.6027],[-98.3124,29.6019],[-98.3109,29.5975],[-98.311,29.5944],[-98.2641,29.6131],[-98.2021,29.6362],[-98.0903,29.6832],[-97.9992,29.7525]]],[[[-98.6257,29.7463],[-98.6357,29.748],[-98.6353,29.7427],[-98.6344,29.7414],[-98.6289,29.744],[-98.6255,29.7442],[-98.6257,29.7463]]],[[[-98.6421,29.7451],[-98.6412,29.7492],[-98.6462,29.7451],[-98.646,29.7428],[-98.6449,29.7411],[-98.6446,29.7438],[-98.6421,29.7451]]]]}},
{"type":"Feature","properties":{"name":"Southwestern Travis County Groundwater Conservation District","website":"https://swtcgcd.com/"},"geometry":{"type":"Polygon","coordinates":[[[-98.0133,30.4791],[-98.0184,30.4797],[-98.0185,30.4791],[-98.0196,30.4793],[-98.0201,30.4781],[-98.0207,30.4786],[-98.0212,30.4781],[-98.0201,30.4761],[-98.0217,30.4775],[-98.0233,30.4756],[-98.0246,30.4723],[-98.0233,30.4709],[-98.0236,30.47],[-98.025,30.4708],[-98.0264,30.4669],[-98.026,30.4658],[-98.0268,30.4659],[-98.0276,30.4646],[-98.0271,30.4624],[-98.028,30.4627],[-98.0286,30.4612],[-98.0282,30.4607],[-98.029,30.4604],[-98.0299,30.4582],[-98.0294,30.4578],[-98.0301,30.4576],[-98.029,30.4568],[-98.0306,30.457],[-98.032,30.4542],[-98.0316,30.4527],[-98.0307,30.4522],[-98.0315,30.452],[-98.0324,30.453],[-98.0347,30.4499],[-98.0343,30.4488],[-98.0354,30.449],[-98.0374,30.4459],[-98.0373,30.445],[-98.0379,30.4453],[-98.0397,30.4431],[-98.0395,30.4419],[-98.0402,30.4425],[-98.0424,30.4404],[-98.042,30.4394],[-98.0431,30.4397],[-98.0453,30.438],[-98.0453,30.4369],[-98.0462,30.4374],[-98.052,30.4331],[-98.0573,30.4316],[-98.0614,30.4319],[-98.0622,30.4328],[-98.0644,30.4333],[-98.0628,30.4336],[-98.063,30.4342],[-98.0662,30.4397],[-98.0679,30.4401],[-98.0662,30.4406],[-98.0663,30.4425],[-98.0639,30.4456],[-98.0669,30.4471],[-98.0661,30.4473],[-98.0661,30.4486],[-98.0656,30.4468],[-98.0632,30.4466],[-98.0627,30.447],[-98.0633,30.4475],[-98.063,30.4493],[-98.0628,30.4478],[-98.0616,30.4476],[-98.0607,30.4481],[-98.0611,30.4486],[-98.0599,30.4487],[-98.0603,30.4493],[-98.0589,30.4494],[-98.0592,30.4509],[-98.058,30.4504],[-98.0574,30.4511],[-98.0573,30.452],[-98.0584,30.4527],[-98.0572,30.4527],[-98.0572,30.4539],[-98.0589,30.4573],[-98.0629,30.4593],[-98.0629,30.4558],[-98.0642,30.4584],[-98.0661,30.4582],[-98.0642,30.4591],[-98.065,30.4601],[-98.0707,30.4612],[-98.0711,30.4586],[-98.0721,30.4584],[-98.0714,30.4594],[-98.0725,30.4605],[-98.0722,30.4612],[-98.0755,30.4613],[-98.076,30.4594],[-98.0766,30.4613],[-98.0792,30.462],[-98.0807,30.4616],[-98.08,30.4599],[-98.081,30.4603],[-98.0818,30.4583],[-98.0818,30.4606],[-98.0851,30.4593],[-98.0847,30.4606],[-98.0821,30.4615],[-98.0819,30.4625],[-98.0869,30.4633],[-98.0881,30.4624],[-98.0887,30.4641],[-98.0902,30.4637],[-98.0917,30.4617],[-98.0914,30.464],[-98.0928,30.464],[-98.0937,30.4628],[-98.0938,30.4636],[-98.0948,30.4636],[-98.0929,30.4648],[-98.09,30.4651],[-98.0933,30.4679],[-98.094,30.4679],[-98.0945,30.4703],[-98.0968,30.4716],[-98.0962,30.4708],[-98.0977,30.4694],[-98.0985,30.4665],[-98.1731,30.3562],[-98.0898,30.2973],[-97.9195,30.175],[-97.9195,30.1757],[-97.9168,30.1758],[-97.896,30.2078],[-97.8874,30.2039],[-97.8721,30.2274],[-97.8687,30.2258],[-97.8646,30.2325],[-97.8649,30.2341],[-97.86,30.2354],[-97.8589,30.2399],[-97.853,30.2496],[-97.8498,30.2481],[-97.8462,30.2533],[-97.8412,30.2509],[-97.8351,30.2604],[-97.8339,30.2608],[-97.8321,30.2628],[-97.8278,30.2639],[-97.8263,30.2653],[-97.8245,30.2649],[-97.8233,30.2653],[-97.8215,30.2668],[-97.8182,30.2679],[-97.8176,30.2739],[-97.8196,30.2775],[-97.8159,30.2759],[-97.8103,30.2828],[-97.8088,30.2816],[-97.8063,30.2849],[-97.8055,30.2877],[-97.8026,30.289],[-97.8013,30.2912],[-97.7984,30.2923],[-97.7973,30.2915],[-97.7951,30.2915],[-97.7903,30.2901],[-97.7891,30.2919],[-97.7882,30.2917],[-97.7873,30.293],[-97.7856,30.2931],[-97.7876,30.2939],[-97.788,30.2935],[-97.7883,30.2946],[-97.7874,30.296],[-97.788,30.2967],[-97.7871,30.2969],[-97.7846,30.3013],[-97.7794,30.3077],[-97.7771,30.3157],[-97.7778,30.3238],[-97.7809,30.3302],[-97.789,30.3428],[-97.7979,30.3498],[-97.8031,30.3517],[-97.8059,30.3508],[-97.8082,30.3491],[-97.8129,30.3421],[-97.8244,30.329],[-97.8281,30.3259],[-97.8345,30.3233],[-97.8402,30.3237],[-97.843,30.3255],[-97.8445,30.3282],[-97.8464,30.3415],[-97.8484,30.3476],[-97.8514,30.3512],[-97.8551,30.3534],[-97.8582,30.3543],[-97.8636,30.3527],[-97.8722,30.3468],[-97.8774,30.3443],[-97.8825,30.343],[-97.8917,30.342],[-97.8972,30.3406],[-97.9017,30.3374],[-97.9083,30.3306],[-97.9179,30.3258],[-97.9215,30.325],[-97.9243,30.3252],[-97.9281,30.3263],[-97.9312,30.328],[-97.935,30.3319],[-97.9356,30.3345],[-97.9349,30.3368],[-97.9246,30.3475],[-97.9174,30.3534],[-97.9138,30.36],[-97.9134,30.3624],[-97.9151,30.3751],[-97.9152,30.3836],[-97.9144,30.3876],[-97.9117,30.3909],[-97.9086,30.3929],[-97.9085,30.3939],[-97.9029,30.3964],[-97.9067,30.3971],[-97.904,30.3976],[-97.9082,30.4014],[-97.9102,30.4015],[-97.9117,30.4],[-97.9136,30.4011],[-97.917,30.4006],[-97.9152,30.4016],[-97.916,30.4035],[-97.9143,30.4018],[-97.9119,30.4014],[-97.9111,30.4025],[-97.9093,30.403],[-97.9121,30.4067],[-97.9132,30.4066],[-97.9128,30.4077],[-97.9139,30.4101],[-97.9152,30.411],[-97.9146,30.4115],[-97.9155,30.4136],[-97.9181,30.4138],[-97.9162,30.4156],[-97.9171,30.4179],[-97.9166,30.4201],[-97.9176,30.4202],[-97.9182,30.4213],[-97.9213,30.4203],[-97.9201,30.4219],[-97.9176,30.423],[-97.9201,30.4226],[-97.9224,30.4238],[-97.9254,30.4238],[-97.9261,30.4236],[-97.9264,30.4221],[-97.9275,30.4217],[-97.9264,30.423],[-97.9288,30.4242],[-97.9268,30.4243],[-97.923,30.4256],[-97.9209,30.4255],[-97.921,30.4249],[-97.9195,30.425],[-97.9194,30.4256],[-97.919,30.4251],[-97.9179,30.4261],[-97.919,30.4285],[-97.9232,30.4289],[-97.9212,30.4306],[-97.9238,30.4303],[-97.9242,30.4316],[-97.925,30.432],[-97.9283,30.4298],[-97.9276,30.433],[-97.932,30.4337],[-97.9325,30.4331],[-97.9337,30.4333],[-97.9345,30.4322],[-97.9344,30.434],[-97.9354,30.4344],[-97.9368,30.4341],[-97.938,30.4327],[-97.9382,30.4335],[-97.9397,30.4341],[-97.9411,30.4331],[-97.9426,30.4334],[-97.9443,30.4325],[-97.9424,30.4313],[-97.9407,30.4277],[-97.9444,30.4302],[-97.9464,30.4301],[-97.9475,30.4275],[-97.9472,30.4266],[-97.9456,30.4269],[-97.946,30.4251],[-97.945,30.4234],[-97.9469,30.4238],[-97.9475,30.4233],[-97.947,30.4209],[-97.9452,30.4199],[-97.9463,30.4191],[-97.9461,30.4181],[-97.9434,30.4179],[-97.9426,30.4164],[-97.941,30.4173],[-97.9417,30.4153],[-97.9396,30.4148],[-97.9412,30.4141],[-97.9412,30.4128],[-97.9397,30.4114],[-97.9362,30.4116],[-97.9369,30.4105],[-97.9387,30.4104],[-97.935,30.4066],[-97.9328,30.4031],[-97.9333,30.4024],[-97.9328,30.4005],[-97.935,30.396],[-97.9382,30.3931],[-97.9436,30.3916],[-97.9439,30.3906],[-97.9456,30.3915],[-97.9488,30.3915],[-97.9491,30.3907],[-97.9468,30.3896],[-97.9484,30.3896],[-97.9487,30.389],[-97.9492,30.3898],[-97.95,30.3893],[-97.95,30.39],[-97.9518,30.3912],[-97.9597,30.3901],[-97.9618,30.3911],[-97.9642,30.3899],[-97.9647,30.3907],[-97.9664,30.3908],[-97.9673,30.3897],[-97.9685,30.39],[-97.9692,30.3891],[-97.9698,30.3872],[-97.9684,30.3856],[-97.9703,30.3863],[-97.9707,30.3835],[-97.97,30.3822],[-97.9713,30.3836],[-97.9721,30.3832],[-97.9713,30.3879],[-97.972,30.3891],[-97.978,30.3819],[-97.9777,30.3812],[-97.9786,30.3812],[-97.9814,30.3786],[-97.9798,30.3773],[-97.9799,30.376],[-97.9818,30.3773],[-97.9841,30.3738],[-97.9837,30.3715],[-97.985,30.3727],[-97.9873,30.3714],[-97.9883,30.3693],[-97.9886,30.3701],[-97.9876,30.3719],[-97.9859,30.3729],[-97.9846,30.3766],[-97.9913,30.3732],[-97.9917,30.3721],[-97.9926,30.3727],[-97.9957,30.3719],[-97.9966,30.3702],[-97.9969,30.3716],[-97.9995,30.3712],[-98.0009,30.3717],[-98.0017,30.3708],[-98.0022,30.3716],[-98.0102,30.3688],[-98.0137,30.3682],[-98.0133,30.3673],[-98.0114,30.3668],[-98.0091,30.3674],[-98.0109,30.3661],[-98.0101,30.3643],[-98.0093,30.3644],[-98.01,30.3636],[-98.0084,30.3628],[-98.0079,30.3606],[-98.0084,30.3591],[-98.0072,30.3577],[-98.0085,30.359],[-98.0085,30.3604],[-98.0098,30.3611],[-98.0095,30.3619],[-98.0127,30.3641],[-98.012,30.3652],[-98.0137,30.365],[-98.0157,30.3679],[-98.0172,30.368],[-98.0186,30.3663],[-98.0182,30.3651],[-98.0191,30.3632],[-98.0187,30.3621],[-98.0196,30.3614],[-98.0192,30.3599],[-98.0203,30.3613],[-98.0194,30.3622],[-98.0203,30.3636],[-98.0199,30.3645],[-98.021,30.3645],[-98.0194,30.3651],[-98.0201,30.3667],[-98.0194,30.3676],[-98.0226,30.369],[-98.0188,30.3688],[-98.0201,30.3697],[-98.0199,30.3721],[-98.0209,30.3738],[-98.0217,30.3746],[-98.0235,30.375],[-98.0243,30.3734],[-98.0257,30.3742],[-98.0262,30.3735],[-98.0282,30.3732],[-98.0282,30.3744],[-98.0295,30.375],[-98.0307,30.3732],[-98.0289,30.3727],[-98.0287,30.3719],[-98.0308,30.3706],[-98.0315,30.3685],[-98.0332,30.3664],[-98.0322,30.3637],[-98.0332,30.3644],[-98.0353,30.3637],[-98.0339,30.3618],[-98.0346,30.36],[-98.0352,30.3604],[-98.0376,30.36],[-98.0387,30.3589],[-98.0383,30.3579],[-98.0388,30.3581],[-98.039,30.359],[-98.0381,30.36],[-98.0355,30.3619],[-98.0364,30.3629],[-98.036,30.3639],[-98.0343,30.3647],[-98.0349,30.3671],[-98.0369,30.367],[-98.0343,30.368],[-98.0333,30.3705],[-98.0369,30.3718],[-98.0365,30.3722],[-98.0374,30.3726],[-98.0326,30.3714],[-98.0322,30.3739],[-98.0328,30.3752],[-98.0319,30.375],[-98.0283,30.3771],[-98.0268,30.3767],[-98.0254,30.3786],[-98.0242,30.3782],[-98.0214,30.3788],[-98.0212,30.3793],[-98.0229,30.3802],[-98.0236,30.3804],[-98.025,30.3801],[-98.0255,30.3802],[-98.0232,30.3816],[-98.0207,30.3817],[-98.0226,30.3822],[-98.0213,30.3831],[-98.0209,30.3842],[-98.0194,30.3841],[-98.0197,30.3851],[-98.0188,30.3858],[-98.018,30.3853],[-98.0174,30.386],[-98.019,30.387],[-98.02,30.3868],[-98.02,30.3878],[-98.022,30.3874],[-98.0228,30.3879],[-98.0194,30.3886],[-98.018,30.3899],[-98.018,30.389],[-98.0169,30.3885],[-98.0165,30.3903],[-98.0161,30.389],[-98.0137,30.3889],[-98.0143,30.3906],[-98.0127,30.39],[-98.0125,30.3917],[-98.0114,30.3912],[-98.0083,30.3945],[-98.0106,30.3973],[-98.0132,30.3947],[-98.0149,30.395],[-98.0156,30.3942],[-98.0165,30.3944],[-98.0152,30.3955],[-98.0133,30.3958],[-98.0131,30.3968],[-98.0141,30.3972],[-98.0134,30.3981],[-98.0142,30.3983],[-98.0147,30.3997],[-98.0127,30.3986],[-98.0114,30.399],[-98.0129,30.4002],[-98.0126,30.4012],[-98.0138,30.4025],[-98.0134,30.4034],[-98.0147,30.4039],[-98.015,30.4047],[-98.0142,30.4039],[-98.0123,30.4036],[-98.0128,30.4026],[-98.012,30.402],[-98.0098,30.4036],[-98.0113,30.4016],[-98.0111,30.4006],[-98.0073,30.3974],[-98.0059,30.397],[-98.0063,30.3994],[-98.0047,30.397],[-98.0038,30.3968],[-98.0019,30.3977],[-98.0021,30.3985],[-98.0006,30.3983],[-98.0009,30.3994],[-97.9997,30.3989],[-97.999,30.3993],[-98.0021,30.4022],[-97.9977,30.4002],[-97.9975,30.403],[-97.9965,30.4032],[-97.9964,30.4049],[-97.9957,30.4039],[-97.9959,30.4017],[-97.9952,30.4013],[-97.9928,30.4034],[-97.9943,30.4059],[-97.9929,30.4052],[-97.9911,30.4068],[-97.9919,30.4051],[-97.9909,30.4045],[-97.9902,30.4064],[-97.9891,30.4068],[-97.9896,30.4077],[-97.9875,30.4091],[-97.9887,30.4105],[-97.9908,30.408],[-97.9906,30.4107],[-97.9919,30.4101],[-97.9922,30.4109],[-98.0082,30.4114],[-98.0114,30.41],[-98.0114,30.4113],[-98.0153,30.4123],[-98.0186,30.4118],[-98.0267,30.4135],[-98.028,30.4126],[-98.0282,30.4136],[-98.0356,30.4156],[-98.0386,30.4182],[-98.0398,30.4169],[-98.0403,30.4176],[-98.0433,30.4173],[-98.045,30.414],[-98.0447,30.412],[-98.0452,30.4126],[-98.0456,30.4123],[-98.0458,30.4141],[-98.0465,30.4142],[-98.0446,30.4164],[-98.0446,30.4174],[-98.0462,30.4179],[-98.0395,30.4197],[-98.0407,30.4214],[-98.0394,30.4211],[-98.0388,30.4239],[-98.0394,30.4242],[-98.0384,30.4247],[-98.0374,30.4274],[-98.0376,30.4285],[-98.0398,30.4282],[-98.042,30.4271],[-98.0405,30.4288],[-98.0418,30.4304],[-98.0435,30.431],[-98.0415,30.4308],[-98.0395,30.4294],[-98.0367,30.4298],[-98.0353,30.4321],[-98.0359,30.4329],[-98.0348,30.4329],[-98.0322,30.4359],[-98.0325,30.4373],[-98.0328,30.4373],[-98.0332,30.4369],[-98.0334,30.4368],[-98.0331,30.4377],[-98.0314,30.437],[-98.0295,30.4385],[-98.0312,30.4414],[-98.0298,30.4397],[-98.0283,30.4394],[-98.0246,30.4427],[-98.0238,30.4425],[-98.0224,30.4434],[-98.0226,30.4451],[-98.0214,30.4442],[-98.0157,30.4522],[-98.0173,30.4535],[-98.0158,30.4532],[-98.0133,30.4545],[-98.0128,30.4531],[-98.0122,30.4533],[-98.0124,30.4559],[-98.0114,30.4559],[-98.0094,30.4581],[-98.0101,30.4559],[-98.0094,30.4546],[-98.0084,30.4544],[-98.0066,30.4546],[-98.0063,30.4556],[-98.0053,30.4555],[-98.0045,30.4569],[-98.0043,30.456],[-98.0022,30.4574],[-98.0032,30.4582],[-98.002,30.4582],[-98.0017,30.4588],[-98.0036,30.4593],[-98.0016,30.4596],[-98.0016,30.4606],[-98.0031,30.4607],[-98.0037,30.46],[-98.0054,30.4603],[-98.0039,30.4608],[-98.0044,30.4617],[-98.0036,30.4613],[-98.003,30.4621],[-98.0017,30.4617],[-98.002,30.4628],[-98.0029,30.4629],[-98.0029,30.4644],[-98.005,30.4634],[-98.0036,30.4656],[-98.0047,30.4667],[-98.0035,30.4668],[-98.0043,30.4683],[-98.0059,30.4676],[-98.0046,30.4694],[-98.0075,30.469],[-98.0076,30.47],[-98.0086,30.4704],[-98.0068,30.47],[-98.0054,30.4707],[-98.0067,30.4715],[-98.006,30.4721],[-98.0071,30.4735],[-98.0086,30.4733],[-98.0073,30.4745],[-98.0076,30.4754],[-98.0088,30.4754],[-98.0085,30.4765],[-98.0114,30.4783],[-98.0136,30.477],[-98.0123,30.4753],[-98.014,30.476],[-98.0147,30.4753],[-98.0145,30.4763],[-98.0155,30.4772],[-98.014,30.4776],[-98.0133,30.4791]]]}}
]
}
