{
"type": "FeatureCollection",
"name": "SELECT",
"xy_coordinate_resolution": 0.0001,
"features": [
{"type":"Feature","properties":{"name":"Gulf Coast"},"geometry":{"type":"Polygon","coordinates":[[[-96.2,29.2],[-96.2,30.429],[-96.2096,30.4317],[-96.2185,30.4298],[-96.2225,30.4204],[-96.2438,30.3994],[-96.2543,30.3922],[-96.2838,30.3774],[-96.2953,30.3732],[-96.311,30.3767],[-96.3141,30.3757],[-96.3155,30.3722],[-96.3101,30.3702],[-96.3091,30.3679],[-96.3153,30.3698],[-96.3281,30.3629],[-96.3296,30.3592],[-96.3322,30.361],[-96.3359,30.3602],[-96.3315,30.3633],[-96.33,30.3668],[-96.3449,30.3605],[-96.3499,30.3636],[-96.354,30.3626],[-96.3549,30.3607],[-96.3517,30.3575],[-96.3523,30.3552],[-96.3562,30.3539],[-96.3568,30.3374],[-96.3611,30.3487],[-96.3654,30.3502],[-96.3739,30.3487],[-96.3766,30.3428],[-96.3822,30.3411],[-96.3858,30.3424],[-96.3892,30.3392],[-96.3866,30.3296],[-96.3938,30.3203],[-96.4162,30.3273],[-96.4221,30.3223],[-96.4222,30.3187],[-96.4176,30.319],[-96.4199,30.3157],[-96.4235,30.3155],[-96.4266,30.3182],[-96.4297,30.3145],[-96.4335,30.3142],[-96.4383,30.3195],[-96.4433,30.3171],[-96.4447,30.3193],[-96.4479,30.3194],[-96.4508,30.3155],[-96.4539,30.3178],[-96.4603,30.3114],[-96.465,30.3113],[-96.4726,30.3075],[-96.4772,30.2987],[-96.4816,30.2978],[-96.4849,30.3011],[-96.4878,30.3001],[-96.4902,30.3023],[-96.4917,30.2963],[-96.498,30.2896],[-96.5051,30.2946],[-96.5094,30.2943],[-96.5135,30.2913],[-96.5135,30.2835],[-96.5208,30.2863],[-96.5242,30.2832],[-96.5343,30.29],[-96.5323,30.2754],[-96.5366,30.275],[-96.5403,30.2775],[-96.5425,30.2744],[-96.5471,30.2792],[-96.559,30.2776],[-96.5555,30.2746],[-96.5588,30.272],[-96.5594,30.2686],[-96.5814,30.2614],[-96.5871,30.2541],[-96.593,30.2523],[-96.5932,30.2466],[-96.5989,30.2421],[-96.6066,30.2397],[-96.6074,30.2357],[-96.6121,30.2358],[-96.6182,30.2425],[-96.6242,30.2389],[-96.6251,30.2341],[-96.637,30.2391],[-96.6422,30.2336],[-96.6426,30.2291],[-96.6496,30.2231],[-96.6497,30.2173],[-96.6551,30.2201],[-96.6582,30.2178],[-96.661,30.2198],[-96.6637,30.2177],[-96.6719,30.2188],[-96.673,30.2158],[-96.6805,30.2128],[-96.6829,30.196],[-96.6884,30.1925],[-96.6903,30.1877],[-96.6957,30.1898],[-96.6992,30.184],[-96.7031,30.1859],[-96.7084,30.1827],[-96.7132,30.1835],[-96.7144,30.1806],[-96.7172,30.1799],[-96.716,30.1748],[-96.718,30.1706],[-96.7216,30.1684],[-96.7291,30.1694],[-96.7356,30.1673],[-96.7403,30.1499],[-96.7504,30.138],[-96.7852,30.1141],[-96.8007,30.0922],[-96.8195,30.0764],[-96.8192,30.0718],[-96.8162,30.0677],[-96.8186,30.0626],[-96.8173,30.0598],[-96.8228,30.0596],[-96.8234,30.0583],[-96.8195,30.0524],[-96.8277,30.0522],[-96.8295,30.0496],[-96.8342,30.0513],[-96.8367,30.0393],[-96.8408,30.0375],[-96.84,30.0332],[-96.8455,30.0319],[-96.8451,30.0284],[-96.8481,30.025],[-96.8476,30.0226],[-96.8437,30.0217],[-96.8446,30.0146],[-96.8485,30.012],[-96.8537,30.0125],[-96.8571,30.0104],[-96.8529,30.0027],[-96.8606,30.0012],[-96.8583,29.997],[-96.8614,29.9902],[-96.8589,29.9852],[-96.8608,29.9821],[-96.8586,29.9775],[-96.8637,29.9671],[-96.8623,29.9646],[-96.8592,29.9643],[-96.8608,29.9592],[-96.8652,29.9506],[-96.872,29.95],[-96.8778,29.9477],[-96.8813,29.9437],[-96.8843,29.9441],[-96.8921,29.9055],[-96.8956,29.8984],[-96.9097,29.8885],[-96.916,29.8766],[-96.9224,29.8694],[-96.9353,29.8639],[-96.9363,29.8603],[-96.9422,29.8624],[-96.9403,29.8535],[-96.9439,29.8523],[-96.946,29.8492],[-96.9498,29.8519],[-96.95,29.8567],[-96.9544,29.8552],[-96.9568,29.8593],[-96.9731,29.8563],[-96.9742,29.8524],[-96.978,29.8516],[-96.9752,29.8466],[-96.9757,29.8437],[-96.9817,29.8444],[-96.9851,29.8427],[-96.986,29.8396],[-96.9843,29.8366],[-96.991,29.835],[-96.9928,29.832],[-96.9978,29.8303],[-97.0003,29.8215],[-97.0046,29.8197],[-97.0051,29.8153],[-97.0086,29.8155],[-97.0137,29.8123],[-97.015,29.8086],[-97.0215,29.8087],[-97.0232,29.8032],[-97.0291,29.8004],[-97.0303,29.7987],[-97.0282,29.7972],[-97.0328,29.7943],[-97.0337,29.7903],[-97.0422,29.7847],[-97.0495,29.7619],[-97.0536,29.7548],[-97.0528,29.7516],[-97.0577,29.7481],[-97.0589,29.7409],[-97.0696,29.7355],[-97.0686,29.731],[-97.0708,29.7272],[-97.0712,29.7205],[-97.0791,29.7193],[-97.0823,29.7162],[-97.0891,29.7142],[-97.0902,29.711],[-97.0945,29.7098],[-97.0991,29.7026],[-97.1032,29.7043],[-97.1051,29.7014],[-97.1113,29.6999],[-97.1116,29.6955],[-97.1193,29.6924],[-97.1336,29.6668],[-97.1495,29.6455],[-97.1482,29.6418],[-97.1496,29.6376],[-97.153,29.6366],[-97.1567,29.6384],[-97.1587,29.6326],[-97.1569,29.627],[-97.1614,29.6274],[-97.1623,29.6249],[-97.1685,29.6209],[-97.1654,29.6191],[-97.167,29.6123],[-97.176,29.6122],[-97.1675,29.6072],[-97.1694,29.6051],[-97.1668,29.6021],[-97.1711,29.6012],[-97.1704,29.5961],[-97.1761,29.5962],[-97.1724,29.5909],[-97.1767,29.587],[-97.1796,29.5873],[-97.1926,29.5804],[-97.1956,29.5805],[-97.1987,29.5762],[-97.2102,29.5686],[-97.2166,29.5669],[-97.2202,29.5628],[-97.2239,29.5621],[-97.2304,29.5507],[-97.2286,29.5489],[-97.2239,29.5495],[-97.2212,29.5415],[-97.2276,29.539],[-97.2297,29.534],[-97.2342,29.5329],[-97.2353,29.5343],[-97.2396,29.5317],[-97.2396,29.5254],[-97.2456,29.5241],[-97.2454,29.5141],[-97.2494,29.512],[-97.2508,29.5074],[-97.2578,29.5046],[-97.2584,29.4994],[-97.2648,29.4939],[-97.2647,29.4899],[-97.2694,29.4868],[-97.2703,29.4833],[-97.2755,29.4818],[-97.2729,29.4774],[-97.2734,29.4723],[-97.2794,29.4711],[-97.2881,29.4654],[-97.2856,29.4572],[-97.2912,29.4512],[-97.2927,29.4408],[-97.3024,29.4386],[-97.3294,29.3986],[-97.3399,29.3936],[-97.343,29.3844],[-97.3499,29.382],[-97.353,29.3775],[-97.3587,29.3755],[-97.3626,29.3692],[-97.3711,29.3623],[-97.3758,29.3438],[-97.3854,29.341],[-97.3885,29.3376],[-97.3944,29.3366],[-97.3973,29.334],[-97.4063,29.3334],[-97.4164,29.3217],[-97.4232,29.3195],[-97.4275,29.3117],[-97.4364,29.3099],[-97.4409,29.3042],[-97.4469,29.3017],[-97.4624,29.2777],[-97.4644,29.2718],[-97.4642,29.2602],[-97.4721,29.2421],[-97.4811,29.2405],[-97.493,29.2294],[-97.4967,29.2356],[-97.5013,29.236],[-97.4999,29.2407],[-97.5043,29.2404],[-97.5071,29.2473],[-97.5133,29.2423],[-97.5242,29.2247],[-97.5277,29.232],[-97.5364,29.2318],[-97.5392,29.2244],[-97.5491,29.2162],[-97.551,29.2066],[-97.5581,29.2],[-96.2,29.2]]]}},
{"type":"Feature","properties":{"name":"Carrizo-Wilcox"},"geometry":{"type":"Polygon","coordinates":[[[-99.0,29.2633],[-99.0,29.2],[-98.2354,29.2],[-98.2349,29.2002],[-98.2274,29.2104],[-98.2231,29.2127],[-98.2195,29.2114],[-98.2163,29.2144],[-98.2137,29.2213],[-98.2026,29.2278],[-98.1997,29.2362],[-98.1935,29.2404],[-98.1863,29.2426],[-98.1839,29.2487],[-98.1775,29.2501],[-98.1718,29.2606],[-98.1644,29.261],[-98.1592,29.264],[-98.1547,29.2607],[-98.1547,29.2691],[-98.153,29.2704],[-98.1492,29.2671],[-98.1446,29.2704],[-98.1434,29.266],[-98.1362,29.272],[-98.1329,29.2788],[-98.1259,29.2737],[-98.1117,29.2758],[-98.1127,29.2801],[-98.1101,29.2844],[-98.1032,29.283],[-98.0909,29.2891],[-98.0856,29.2896],[-98.0817,29.2847],[-98.0799,29.2926],[-98.0645,29.2995],[-98.0556,29.308],[-98.0385,29.2959],[-98.0342,29.3004],[-98.0256,29.2989],[-98.0165,29.3021],[-98.0025,29.3143],[-98.0001,29.3188],[-98.0,29.3263],[-97.9974,29.3278],[-97.998,29.3324],[-97.9942,29.3381],[-97.9947,29.3481],[-97.993,29.3502],[-97.9904,29.3501],[-97.992,29.3465],[-97.9894,29.3391],[-97.9852,29.345],[-97.9829,29.3385],[-97.9788,29.3542],[-97.975,29.3549],[-97.9724,29.36],[-97.9694,29.3609],[-97.966,29.3581],[-97.9646,29.3609],[-97.9608,29.3613],[-97.958,29.3643],[-97.9587,29.367],[-97.9559,29.3687],[-97.9549,29.365],[-97.9523,29.3641],[-97.9501,29.3696],[-97.947,29.3691],[-97.9463,29.3653],[-97.9393,29.3643],[-97.9333,29.3665],[-97.938,29.3744],[-97.9359,29.3751],[-97.9324,29.3714],[-97.9303,29.372],[-97.9236,29.3878],[-97.92,29.3885],[-97.9177,29.3914],[-97.9145,29.3903],[-97.915,29.3958],[-97.8998,29.4117],[-97.8967,29.4176],[-97.8913,29.4159],[-97.8884,29.4207],[-97.8863,29.4158],[-97.8822,29.4173],[-97.8794,29.4148],[-97.8764,29.4198],[-97.8692,29.4194],[-97.8655,29.422],[-97.8632,29.4269],[-97.8607,29.4247],[-97.857,29.4264],[-97.8551,29.4237],[-97.8518,29.4278],[-97.8495,29.4256],[-97.8462,29.426],[-97.8425,29.4308],[-97.8422,29.4344],[-97.837,29.4361],[-97.8357,29.4439],[-97.8322,29.4448],[-97.8298,29.4592],[-97.828,29.4596],[-97.8258,29.4571],[-97.8209,29.4582],[-97.8258,29.4637],[-97.8242,29.4702],[-97.819,29.4706],[-97.8148,29.4684],[-97.811,29.4707],[-97.8035,29.4681],[-97.7988,29.4631],[-97.7954,29.4667],[-97.7894,29.4634],[-97.787,29.4674],[-97.7799,29.4708],[-97.7821,29.477],[-97.7767,29.4834],[-97.7733,29.4849],[-97.7706,29.4833],[-97.7648,29.4885],[-97.762,29.4863],[-97.7638,29.4836],[-97.7639,29.4816],[-97.7624,29.4817],[-97.7577,29.4851],[-97.7579,29.4878],[-97.7485,29.4928],[-97.746,29.4955],[-97.7478,29.5],[-97.7503,29.5348],[-97.7488,29.5394],[-97.7337,29.5489],[-97.7338,29.5504],[-97.7379,29.5518],[-97.7359,29.5556],[-97.7328,29.5568],[-97.7286,29.5554],[-97.7262,29.5514],[-97.7267,29.5458],[-97.7247,29.5449],[-97.717,29.5506],[-97.7134,29.5486],[-97.7135,29.552],[-97.7099,29.5531],[-97.7071,29.5519],[-97.7051,29.5534],[-97.7045,29.5505],[-97.701,29.5553],[-97.6958,29.5538],[-97.694,29.5554],[-97.6919,29.5547],[-97.692,29.5602],[-97.69,29.5617],[-97.6847,29.5578],[-97.6844,29.5513],[-97.682,29.549],[-97.6807,29.5545],[-97.6723,29.5596],[-97.6716,29.5697],[-97.6685,29.5697],[-97.6695,29.5741],[-97.6668,29.5745],[-97.6656,29.5777],[-97.6571,29.5791],[-97.6494,29.5771],[-97.6466,29.5746],[-97.6448,29.5816],[-97.6404,29.5805],[-97.6398,29.5838],[-97.636,29.5808],[-97.6335,29.5922],[-97.6317,29.593],[-97.6287,29.5898],[-97.6263,29.5914],[-97.6269,29.5978],[-97.6238,29.5991],[-97.624,29.6059],[-97.6178,29.6065],[-97.6152,29.6034],[-97.6127,29.6071],[-97.6082,29.6054],[-97.6072,29.6075],[-97.6045,29.604],[-97.6032,29.5969],[-97.5977,29.5957],[-97.5911,29.5989],[-97.5746,29.6193],[-97.5712,29.6202],[-97.5717,29.6296],[-97.5681,29.6301],[-97.5662,29.6328],[-97.5614,29.6334],[-97.5549,29.6379],[-97.5541,29.643],[-97.5585,29.6499],[-97.5543,29.6522],[-97.5566,29.6541],[-97.5516,29.6574],[-97.5523,29.654],[-97.5483,29.6534],[-97.5471,29.6547],[-97.5442,29.6534],[-97.5427,29.6591],[-97.5442,29.664],[-97.5427,29.6653],[-97.5341,29.6597],[-97.5306,29.6602],[-97.5357,29.6659],[-97.5356,29.6691],[-97.541,29.6703],[-97.5397,29.6735],[-97.5334,29.6742],[-97.53,29.6804],[-97.5267,29.6811],[-97.5267,29.6854],[-97.5195,29.6941],[-97.5151,29.6922],[-97.5084,29.6934],[-97.5061,29.6994],[-97.5059,29.7083],[-97.5133,29.7098],[-97.5191,29.7177],[-97.5138,29.7209],[-97.5084,29.7187],[-97.5066,29.7197],[-97.506,29.7226],[-97.5091,29.7298],[-97.5059,29.732],[-97.5008,29.732],[-97.5054,29.7396],[-97.5013,29.7413],[-97.4941,29.7386],[-97.4896,29.7396],[-97.4862,29.7375],[-97.4856,29.7408],[-97.4795,29.7456],[-97.4796,29.7492],[-97.4864,29.7564],[-97.4916,29.7669],[-97.4836,29.7623],[-97.4828,29.7597],[-97.4847,29.7584],[-97.4792,29.7523],[-97.473,29.7517],[-97.4675,29.7544],[-97.4648,29.7582],[-97.4767,29.7686],[-97.4769,29.7748],[-97.472,29.7705],[-97.4661,29.7719],[-97.4674,29.7803],[-97.4602,29.783],[-97.4549,29.7796],[-97.4528,29.774],[-97.4492,29.7763],[-97.4487,29.7856],[-97.4513,29.7925],[-97.4567,29.7991],[-97.4554,29.8051],[-97.4608,29.8055],[-97.4669,29.8172],[-97.4649,29.8188],[-97.4613,29.8159],[-97.4564,29.818],[-97.4505,29.8151],[-97.4482,29.8161],[-97.4467,29.8196],[-97.4524,29.8318],[-97.4444,29.8308],[-97.4435,29.8326],[-97.4472,29.8357],[-97.4438,29.8382],[-97.4411,29.8368],[-97.4347,29.8414],[-97.4288,29.8415],[-97.4337,29.8464],[-97.4295,29.8475],[-97.4319,29.8556],[-97.4284,29.8554],[-97.4247,29.8507],[-97.4195,29.8493],[-97.4192,29.853],[-97.416,29.8559],[-97.4169,29.8574],[-97.4202,29.8566],[-97.4214,29.8597],[-97.4189,29.8627],[-97.4201,29.8656],[-97.417,29.8663],[-97.4198,29.873],[-97.4177,29.8742],[-97.4193,29.8749],[-97.419,29.8805],[-97.4223,29.8811],[-97.4231,29.8845],[-97.4214,29.8852],[-97.4197,29.8833],[-97.4178,29.8877],[-97.4146,29.8878],[-97.4163,29.8832],[-97.4151,29.8815],[-97.4127,29.8818],[-97.4083,29.893],[-97.4065,29.888],[-97.4033,29.8869],[-97.4,29.8994],[-97.3973,29.8977],[-97.3989,29.895],[-97.3966,29.8951],[-97.395,29.8966],[-97.3956,29.8997],[-97.3932,29.9013],[-97.3969,29.909],[-97.3923,29.9089],[-97.3932,29.9065],[-97.3905,29.9016],[-97.3887,29.9026],[-97.389,29.9077],[-97.3828,29.9104],[-97.3835,29.9139],[-97.3806,29.9161],[-97.381,29.9273],[-97.3789,29.9252],[-97.3779,29.9139],[-97.3753,29.9153],[-97.3756,29.919],[-97.373,29.9229],[-97.377,29.9281],[-97.3734,29.9282],[-97.3674,29.9336],[-97.3632,29.9323],[-97.3614,29.9348],[-97.3598,29.934],[-97.3593,29.9258],[-97.3572,29.9252],[-97.3567,29.9202],[-97.3529,29.9291],[-97.3476,29.9334],[-97.3411,29.9357],[-97.3392,29.9318],[-97.3363,29.9325],[-97.3378,29.9368],[-97.3354,29.9368],[-97.3361,29.9417],[-97.3436,29.946],[-97.3413,29.9465],[-97.3419,29.9487],[-97.3398,29.95],[-97.3387,29.9468],[-97.3372,29.9474],[-97.335,29.9515],[-97.3368,29.9562],[-97.3324,29.9598],[-97.3344,29.9624],[-97.3285,29.9648],[-97.329,29.9711],[-97.3263,29.9698],[-97.3205,29.9709],[-97.317,29.9686],[-97.3197,29.9685],[-97.3194,29.9662],[-97.322,29.9647],[-97.3257,29.9644],[-97.3195,29.9635],[-97.3197,29.9608],[-97.3184,29.9609],[-97.3196,29.9573],[-97.3217,29.9575],[-97.3222,29.9537],[-97.3249,29.9531],[-97.3246,29.951],[-97.3207,29.9514],[-97.3105,29.9579],[-97.314,29.9592],[-97.3152,29.9634],[-97.3094,29.9657],[-97.3115,29.9681],[-97.309,29.9695],[-97.3094,29.9713],[-97.3119,29.9729],[-97.3077,29.9775],[-97.3112,29.9772],[-97.3109,29.9795],[-97.3079,29.9797],[-97.3085,29.9815],[-97.3066,29.9829],[-97.3004,29.9814],[-97.2975,29.9861],[-97.2998,29.9882],[-97.2985,29.9962],[-97.3026,30.0003],[-97.3002,30.0066],[-97.2961,30.0057],[-97.293,30.0023],[-97.2903,30.0035],[-97.2876,30.0014],[-97.2834,30.0023],[-97.2827,30.0058],[-97.2793,30.0056],[-97.2775,30.0093],[-97.2668,30.0109],[-97.2643,30.0134],[-97.2634,30.0203],[-97.2694,30.0341],[-97.2704,30.0431],[-97.2684,30.055],[-97.2655,30.0572],[-97.2641,30.0623],[-97.2675,30.0673],[-97.2658,30.0683],[-97.2659,30.0723],[-97.2632,30.0726],[-97.2627,30.0754],[-97.2664,30.0776],[-97.2641,30.0784],[-97.2663,30.0805],[-97.2655,30.0831],[-97.2717,30.0813],[-97.2737,30.0838],[-97.2724,30.0859],[-97.2661,30.0874],[-97.2723,30.0908],[-97.2704,30.0924],[-97.2666,30.0914],[-97.2661,30.0969],[-97.2691,30.0997],[-97.2624,30.1045],[-97.2609,30.1087],[-97.2634,30.1117],[-97.2673,30.1095],[-97.2686,30.1118],[-97.2632,30.1204],[-97.2608,30.1208],[-97.2605,30.1259],[-97.2572,30.1274],[-97.2486,30.127],[-97.2427,30.1319],[-97.2431,30.1366],[-97.24,30.1397],[-97.2401,30.1428],[-97.2368,30.1434],[-97.2296,30.1398],[-97.2247,30.1413],[-97.2243,30.1437],[-97.2279,30.1467],[-97.2277,30.1514],[-97.2303,30.1534],[-97.2286,30.1599],[-97.2303,30.1605],[-97.2301,30.1651],[-97.2277,30.1706],[-97.2293,30.178],[-97.2282,30.182],[-97.2242,30.1831],[-97.2249,30.1862],[-97.2155,30.1825],[-97.2102,30.1846],[-97.2188,30.1935],[-97.2209,30.1996],[-97.2168,30.2033],[-97.2077,30.2014],[-97.2117,30.2104],[-97.211,30.2215],[-97.2087,30.2227],[-97.2116,30.2344],[-97.2068,30.2394],[-97.1932,30.2407],[-97.1898,30.2435],[-97.186,30.2433],[-97.1813,30.2486],[-97.1859,30.2629],[-97.1727,30.2767],[-97.1751,30.2851],[-97.1679,30.2875],[-97.1722,30.2956],[-97.1674,30.2987],[-97.1643,30.306],[-97.1612,30.3075],[-97.1623,30.325],[-97.155,30.3298],[-97.1542,30.3376],[-97.149,30.3409],[-97.1445,30.3406],[-97.1434,30.3446],[-97.1377,30.3432],[-97.1239,30.348],[-97.1173,30.3645],[-97.1141,30.3629],[-97.1104,30.3662],[-97.1089,30.3634],[-97.104,30.363],[-97.0972,30.37],[-97.0869,30.3711],[-97.0824,30.3782],[-97.0795,30.393],[-97.0849,30.3982],[-97.0854,30.4017],[-97.0599,30.4395],[-97.0417,30.4757],[-97.0005,30.5141],[-96.9773,30.5412],[-96.961,30.5524],[-96.9483,30.5642],[-96.9412,30.5755],[-96.9264,30.612],[-96.9008,30.6532],[-96.8516,30.6771],[-96.8492,30.6878],[-96.8487,30.7093],[-96.8459,30.7119],[-96.8396,30.7118],[-96.8401,30.721],[-96.8378,30.7248],[-96.8303,30.7247],[-96.8276,30.7276],[-96.8229,30.7283],[-96.8236,30.7331],[-96.8217,30.737],[-96.8138,30.7416],[-96.8165,30.7473],[-96.7988,30.7618],[-96.7956,30.7615],[-96.7937,30.7576],[-96.7904,30.7604],[-96.785,30.7595],[-96.7838,30.7669],[-96.7822,30.7673],[-96.7827,30.7712],[-96.7804,30.7716],[-96.7824,30.7744],[-96.7773,30.7744],[-96.7775,30.7701],[-96.7728,30.7676],[-96.7716,30.7627],[-96.7688,30.7629],[-96.7683,30.7606],[-96.7646,30.7608],[-96.7639,30.7623],[-96.7691,30.7677],[-96.7677,30.7697],[-96.7619,30.768],[-96.7612,30.7699],[-96.757,30.7688],[-96.7585,30.7728],[-96.7566,30.7774],[-96.7586,30.7778],[-96.757,30.7807],[-96.7614,30.7796],[-96.7628,30.7816],[-96.7576,30.7843],[-96.7603,30.786],[-96.7632,30.7847],[-96.7622,30.7905],[-96.757,30.7871],[-96.7509,30.7884],[-96.7548,30.7945],[-96.7543,30.7969],[-96.7566,30.7974],[-96.756,30.7991],[-96.7527,30.7986],[-96.7518,30.7954],[-96.7492,30.7952],[-96.7497,30.7934],[-96.7415,30.7925],[-96.7399,30.7961],[-96.7373,30.7952],[-96.7398,30.8001],[-96.7366,30.8009],[-96.7364,30.8025],[-96.7399,30.8032],[-96.734,30.807],[-96.7298,30.8057],[-96.7288,30.8086],[-96.7289,30.813],[-96.7334,30.8165],[-96.7332,30.8195],[-96.7203,30.8206],[-96.7149,30.825],[-96.7004,30.8601],[-96.6947,30.8682],[-96.6942,30.8759],[-96.6914,30.8812],[-96.682,30.8892],[-96.6389,30.9152],[-96.6347,30.923],[-96.6346,30.9273],[-96.6315,30.9279],[-96.6307,30.9309],[-96.6189,30.9311],[-96.6182,30.9342],[-96.6201,30.9372],[-96.6176,30.939],[-96.6198,30.9412],[-96.6132,30.9453],[-96.6049,30.946],[-96.6092,30.9508],[-96.6096,30.9562],[-96.6034,30.9581],[-96.6016,30.9561],[-96.5966,30.9563],[-96.5954,30.9489],[-96.5908,30.9498],[-96.5891,30.9542],[-96.5857,30.9559],[-96.5863,30.9605],[-96.5831,30.9673],[-96.5778,30.9707],[-96.5748,30.9699],[-96.5675,30.9718],[-96.5651,30.9699],[-96.5568,30.9815],[-96.5516,30.9824],[-96.5441,30.9907],[-96.5403,30.9911],[-96.5405,30.9945],[-96.5376,30.9979],[-96.5326,30.9978],[-96.5301,31.0007],[-96.5272,31.0007],[-96.5229,31.0083],[-96.5171,31.0109],[-96.5191,31.0126],[-96.5178,31.0182],[-96.513,31.0205],[-96.5096,31.0193],[-96.5041,31.0295],[-96.4986,31.0338],[-96.4968,31.0479],[-96.4883,31.0502],[-96.4782,31.0448],[-96.4734,31.0484],[-96.471,31.0471],[-96.463,31.0483],[-96.4551,31.046],[-96.4485,31.0488],[-96.4461,31.0478],[-96.4418,31.054],[-96.4372,31.0544],[-96.4385,31.0584],[-96.4282,31.0622],[-96.4318,31.0713],[-96.4284,31.0723],[-96.4262,31.0697],[-96.4208,31.0699],[-96.4234,31.0844],[-96.4208,31.0904],[-96.4179,31.0911],[-96.4145,31.0969],[-96.4108,31.0948],[-96.4091,31.0984],[-96.4049,31.0958],[-96.4049,31.1021],[-96.4019,31.107],[-96.3952,31.1046],[-96.3974,31.1123],[-96.3921,31.115],[-96.3837,31.1159],[-96.3788,31.1281],[-96.3746,31.1287],[-96.3684,31.1325],[-96.3657,31.13],[-96.3692,31.1291],[-96.3723,31.1251],[-96.3668,31.1265],[-96.3641,31.125],[-96.3618,31.1282],[-96.3563,31.1307],[-96.356,31.1376],[-96.3621,31.1475],[-96.3547,31.1535],[-96.3548,31.155],[-96.3576,31.1544],[-96.358,31.1561],[-96.3527,31.1622],[-96.3537,31.1653],[-96.3511,31.1715],[-96.349,31.1724],[-96.3473,31.1709],[-96.3445,31.1757],[-96.3369,31.1773],[-96.3318,31.1832],[-96.3291,31.1824],[-96.3309,31.1898],[-96.327,31.1864],[-96.3271,31.1915],[-96.3185,31.1986],[-96.3164,31.1944],[-96.3107,31.1942],[-96.3074,31.1978],[-96.3052,31.2084],[-96.2984,31.2143],[-96.2924,31.2166],[-96.2934,31.2209],[-96.2904,31.2243],[-96.2904,31.2258],[-96.2935,31.2227],[-96.2977,31.2221],[-96.3009,31.2252],[-96.3,31.2279],[-96.2951,31.231],[-96.2965,31.2365],[-96.2928,31.2389],[-96.2929,31.2456],[-96.2888,31.2461],[-96.2875,31.2396],[-96.2773,31.2576],[-96.2798,31.2599],[-96.2778,31.2634],[-96.2676,31.2658],[-96.2687,31.2689],[-96.2632,31.2776],[-96.2689,31.2801],[-96.2708,31.2859],[-96.2682,31.2868],[-96.2655,31.2849],[-96.2641,31.2917],[-96.2606,31.292],[-96.2599,31.2945],[-96.2551,31.2941],[-96.2577,31.3017],[-96.2521,31.3059],[-96.2511,31.3117],[-96.2434,31.3124],[-96.239,31.3218],[-96.2308,31.3315],[-96.2324,31.3348],[-96.2314,31.3411],[-96.2279,31.3428],[-96.2301,31.3459],[-96.2285,31.3505],[-96.2311,31.3511],[-96.231,31.3554],[-96.2291,31.3567],[-96.2292,31.3614],[-96.2263,31.3615],[-96.2261,31.3668],[-96.2238,31.3681],[-96.2244,31.3715],[-96.2229,31.3721],[-96.2276,31.3723],[-96.2307,31.3756],[-96.2311,31.3775],[-96.2281,31.3776],[-96.2309,31.38],[-96.2314,31.3834],[-96.226,31.3904],[-96.2239,31.3826],[-96.223,31.3863],[-96.2203,31.3874],[-96.2179,31.3826],[-96.2143,31.3877],[-96.2114,31.3847],[-96.2095,31.3855],[-96.2094,31.3894],[-96.2053,31.3855],[-96.2028,31.3905],[-96.2026,31.3871],[-96.2006,31.3857],[-96.2,31.3882],[-96.2,31.7],[-96.4048,31.7],[-96.4044,31.6979],[-96.4103,31.6982],[-96.412,31.692],[-96.4153,31.6936],[-96.4129,31.7],[-96.4189,31.7],[-96.4202,31.6948],[-96.4244,31.6911],[-96.4234,31.6846],[-96.4291,31.6705],[-96.4252,31.6636],[-96.4306,31.6605],[-96.427,31.6533],[-96.4281,31.6493],[-96.4265,31.6442],[-96.4315,31.6431],[-96.4319,31.6387],[-96.4346,31.6421],[-96.4411,31.6432],[-96.4526,31.6343],[-96.4524,31.632],[-96.4467,31.6319],[-96.4422,31.629],[-96.454,31.6244],[-96.4484,31.6212],[-96.4567,31.6197],[-96.4587,31.6167],[-96.4489,31.6112],[-96.4574,31.6077],[-96.4612,31.6021],[-96.4612,31.5956],[-96.4643,31.5881],[-96.4699,31.5871],[-96.4726,31.5829],[-96.4703,31.5828],[-96.4671,31.5793],[-96.4747,31.5705],[-96.475,31.5682],[-96.4717,31.5683],[-96.4711,31.5669],[-96.4732,31.5604],[-96.4713,31.5569],[-96.4674,31.5592],[-96.4696,31.5534],[-96.4671,31.553],[-96.4678,31.5494],[-96.4608,31.5401],[-96.4655,31.5369],[-96.4655,31.5238],[-96.476,31.5159],[-96.4723,31.5062],[-96.4767,31.5039],[-96.4906,31.5023],[-96.4945,31.5006],[-96.4958,31.4975],[-96.4977,31.4999],[-96.5014,31.4988],[-96.5185,31.4847],[-96.5232,31.4759],[-96.5341,31.4731],[-96.5373,31.4678],[-96.5404,31.4686],[-96.5434,31.4668],[-96.5439,31.4629],[-96.5489,31.4613],[-96.5529,31.4564],[-96.5607,31.4593],[-96.5611,31.4565],[-96.556,31.4528],[-96.5587,31.4499],[-96.5615,31.4508],[-96.5613,31.4451],[-96.5675,31.4487],[-96.5677,31.4444],[-96.5724,31.439],[-96.5722,31.4255],[-96.5824,31.4127],[-96.5825,31.4078],[-96.5858,31.4033],[-96.5876,31.3855],[-96.5934,31.3838],[-96.5957,31.3802],[-96.6053,31.3803],[-96.604,31.3739],[-96.6082,31.3733],[-96.6091,31.3689],[-96.6052,31.36],[-96.6104,31.3571],[-96.6132,31.3589],[-96.6197,31.3581],[-96.6246,31.3492],[-96.6296,31.3464],[-96.6333,31.3474],[-96.6349,31.3369],[-96.6366,31.3336],[-96.6397,31.3324],[-96.6394,31.3287],[-96.6374,31.3274],[-96.6519,31.3184],[-96.6513,31.3109],[-96.648,31.3063],[-96.645,31.3085],[-96.6443,31.315],[-96.641,31.3121],[-96.6421,31.3092],[-96.6386,31.3039],[-96.6449,31.2986],[-96.6438,31.2955],[-96.6528,31.2894],[-96.6552,31.2905],[-96.66,31.2882],[-96.6668,31.2882],[-96.6679,31.279],[-96.662,31.2753],[-96.6665,31.2693],[-96.6722,31.2735],[-96.6707,31.2904],[-96.6725,31.2925],[-96.6753,31.2891],[-96.6763,31.2831],[-96.68,31.2829],[-96.6979,31.2711],[-96.7015,31.2564],[-96.7076,31.2533],[-96.7332,31.1919],[-96.7485,31.1732],[-96.785,31.1423],[-96.7856,31.1401],[-96.7836,31.1387],[-96.7753,31.1434],[-96.7717,31.1424],[-96.7631,31.1458],[-96.7625,31.1523],[-96.7554,31.1618],[-96.7381,31.1519],[-96.7317,31.1529],[-96.726,31.1602],[-96.7197,31.1632],[-96.7185,31.1664],[-96.7135,31.1698],[-96.7369,31.1251],[-96.756,31.0939],[-96.7762,31.079],[-96.7852,31.065],[-96.797,31.0608],[-96.8079,31.0532],[-96.8096,31.0545],[-96.8154,31.0533],[-96.8176,31.0561],[-96.8203,31.0557],[-96.8222,31.052],[-96.8192,31.0511],[-96.8206,31.0474],[-96.8166,31.0466],[-96.8149,31.0399],[-96.8085,31.0386],[-96.8062,31.0359],[-96.8151,31.0304],[-96.8198,31.0218],[-96.8265,31.0179],[-96.8314,31.0098],[-96.8348,31.0126],[-96.838,31.0056],[-96.836,31.0019],[-96.8391,31.003],[-96.8399,31.0005],[-96.8428,31.0041],[-96.8476,31.0003],[-96.851,31.0009],[-96.8487,30.9979],[-96.8498,30.9945],[-96.8465,30.992],[-96.8539,30.9896],[-96.8525,30.9934],[-96.8564,30.9934],[-96.8638,30.9866],[-96.8642,30.9834],[-96.8668,30.984],[-96.87,30.9819],[-96.8683,30.9801],[-96.8748,30.9762],[-96.8761,30.9798],[-96.8822,30.9764],[-96.8813,30.9718],[-96.8834,30.9657],[-96.8849,30.9655],[-96.8853,30.9694],[-96.8885,30.9718],[-96.8907,30.9639],[-96.8937,30.9657],[-96.8978,30.9619],[-96.8977,30.9543],[-96.9018,30.9565],[-96.9037,30.9511],[-96.9055,30.9542],[-96.9086,30.9531],[-96.9127,30.9448],[-96.9274,30.9422],[-96.9324,30.9326],[-96.9333,30.9221],[-96.9413,30.9285],[-96.9455,30.9284],[-96.9428,30.9325],[-96.946,30.9329],[-96.9502,30.9303],[-96.9502,30.9159],[-96.9303,30.9019],[-96.9265,30.8953],[-96.9345,30.8767],[-96.9352,30.8427],[-96.945,30.8377],[-96.9462,30.8322],[-96.9593,30.8239],[-96.9619,30.8101],[-96.966,30.8043],[-96.9734,30.7998],[-96.9814,30.7986],[-96.9914,30.7737],[-97.0042,30.7685],[-97.0076,30.7607],[-97.012,30.7595],[-97.0146,30.7543],[-97.0258,30.7444],[-97.0368,30.7246],[-97.0409,30.7225],[-97.0437,30.7245],[-97.0482,30.7198],[-97.048,30.7129],[-97.0515,30.7064],[-97.0589,30.7013],[-97.0613,30.6962],[-97.0779,30.6802],[-97.0852,30.6758],[-97.0891,30.6675],[-97.1019,30.6553],[-97.1024,30.6507],[-97.1084,30.6522],[-97.1078,30.6446],[-97.1006,30.6387],[-97.1115,30.6414],[-97.1137,30.6401],[-97.1148,30.636],[-97.1113,30.6298],[-97.1046,30.6271],[-97.1072,30.6246],[-97.1165,30.6252],[-97.1182,30.6214],[-97.1195,30.6242],[-97.1255,30.6244],[-97.1242,30.6274],[-97.1257,30.6299],[-97.1345,30.6246],[-97.138,30.6174],[-97.1352,30.6167],[-97.1363,30.6124],[-97.1338,30.6113],[-97.1358,30.6087],[-97.1354,30.6047],[-97.1332,30.604],[-97.1357,30.6033],[-97.1387,30.5985],[-97.1406,30.6008],[-97.1397,30.6042],[-97.1433,30.6066],[-97.1476,30.6059],[-97.1492,30.5998],[-97.1563,30.6007],[-97.1591,30.5932],[-97.1584,30.5888],[-97.1627,30.5892],[-97.1614,30.586],[-97.1689,30.5841],[-97.1683,30.5811],[-97.1641,30.5819],[-97.1645,30.5768],[-97.1607,30.57],[-97.165,30.5705],[-97.1681,30.573],[-97.1725,30.572],[-97.1738,30.574],[-97.1755,30.5712],[-97.1732,30.5704],[-97.1739,30.5676],[-97.1717,30.5639],[-97.175,30.5596],[-97.1871,30.5622],[-97.1872,30.5599],[-97.1898,30.5587],[-97.1875,30.5558],[-97.1904,30.5543],[-97.1871,30.546],[-97.2042,30.5206],[-97.2073,30.5184],[-97.2071,30.5227],[-97.2104,30.5228],[-97.2124,30.5274],[-97.2172,30.5222],[-97.2209,30.5234],[-97.2236,30.5201],[-97.2287,30.5229],[-97.2314,30.5174],[-97.2201,30.5159],[-97.2277,30.5122],[-97.2233,30.5091],[-97.2304,30.5103],[-97.2286,30.5065],[-97.2323,30.507],[-97.233,30.5039],[-97.2367,30.5064],[-97.2388,30.5046],[-97.2402,30.5057],[-97.2413,30.5045],[-97.239,30.5029],[-97.2428,30.5019],[-97.2382,30.4973],[-97.2411,30.4987],[-97.242,30.4972],[-97.2471,30.4981],[-97.2415,30.4865],[-97.2451,30.4879],[-97.2459,30.4833],[-97.2494,30.4849],[-97.2511,30.4885],[-97.253,30.4879],[-97.2542,30.484],[-97.259,30.4853],[-97.2599,30.4807],[-97.2567,30.4799],[-97.2556,30.4769],[-97.26,30.4759],[-97.2622,30.4717],[-97.2635,30.4739],[-97.2678,30.4746],[-97.2722,30.47],[-97.2745,30.4718],[-97.2764,30.4651],[-97.2782,30.4671],[-97.28,30.4652],[-97.2813,30.4663],[-97.282,30.4606],[-97.29,30.4584],[-97.2906,30.4555],[-97.295,30.4538],[-97.2943,30.4496],[-97.3014,30.4472],[-97.3026,30.4485],[-97.3023,30.4442],[-97.3042,30.4422],[-97.3078,30.4438],[-97.3083,30.4408],[-97.3122,30.4392],[-97.3129,30.4319],[-97.3211,30.4218],[-97.3229,30.4214],[-97.3255,30.4253],[-97.3266,30.4224],[-97.3374,30.4153],[-97.3377,30.4088],[-97.3347,30.4045],[-97.3399,30.4045],[-97.3376,30.3883],[-97.3459,30.3912],[-97.3548,30.3913],[-97.3583,30.3884],[-97.3589,30.3838],[-97.3715,30.3776],[-97.3717,30.3734],[-97.374,30.372],[-97.3753,30.367],[-97.3801,30.3659],[-97.3852,30.3619],[-97.3853,30.3598],[-97.3821,30.3614],[-97.3779,30.359],[-97.3751,30.3603],[-97.3743,30.355],[-97.3922,30.3519],[-97.3923,30.3457],[-97.3875,30.3479],[-97.3872,30.3458],[-97.3825,30.3436],[-97.3867,30.3422],[-97.3897,30.3377],[-97.3937,30.3382],[-97.3969,30.3352],[-97.3992,30.3365],[-97.4017,30.3343],[-97.4007,30.332],[-97.3983,30.3322],[-97.3994,30.3251],[-97.4024,30.3261],[-97.4035,30.3238],[-97.4078,30.3246],[-97.4076,30.3215],[-97.4006,30.3201],[-97.4041,30.3185],[-97.4046,30.3141],[-97.408,30.3159],[-97.4132,30.312],[-97.4135,30.3069],[-97.4104,30.3068],[-97.4077,30.31],[-97.4099,30.3028],[-97.4053,30.3024],[-97.4103,30.3002],[-97.4112,30.2975],[-97.4134,30.2976],[-97.4208,30.2896],[-97.4175,30.2878],[-97.4113,30.2878],[-97.4222,30.2825],[-97.4252,30.2759],[-97.4263,30.2704],[-97.4232,30.2707],[-97.4256,30.2644],[-97.4241,30.2624],[-97.427,30.2569],[-97.4253,30.2481],[-97.4278,30.2392],[-97.4349,30.2334],[-97.4416,30.2332],[-97.447,30.2252],[-97.4473,30.2217],[-97.4455,30.2204],[-97.4472,30.2168],[-97.4461,30.2151],[-97.4483,30.2141],[-97.4422,30.2009],[-97.4448,30.1892],[-97.4516,30.1844],[-97.4705,30.1802],[-97.4794,30.1748],[-97.4832,30.1744],[-97.4869,30.1713],[-97.4883,30.1667],[-97.4935,30.1648],[-97.4945,30.1484],[-97.4971,30.1564],[-97.5004,30.1563],[-97.5036,30.149],[-97.5091,30.1464],[-97.5105,30.1504],[-97.5151,30.1487],[-97.5204,30.1411],[-97.5249,30.1385],[-97.5274,30.1312],[-97.5256,30.13],[-97.5288,30.1268],[-97.5257,30.127],[-97.5275,30.1243],[-97.5245,30.1228],[-97.5234,30.1157],[-97.5192,30.1146],[-97.5187,30.1113],[-97.5114,30.1015],[-97.5111,30.0889],[-97.5151,30.0855],[-97.5386,30.0805],[-97.5429,30.0758],[-97.553,30.0716],[-97.5628,30.0641],[-97.5676,30.0568],[-97.5812,30.0477],[-97.5861,30.0495],[-97.5843,30.0431],[-97.5873,30.0451],[-97.5936,30.0413],[-97.5941,30.037],[-97.5962,30.0381],[-97.5991,30.0362],[-97.6043,30.0292],[-97.6066,30.0324],[-97.606,30.0284],[-97.615,30.022],[-97.614,30.0184],[-97.618,30.0186],[-97.6181,30.0149],[-97.6255,30.0123],[-97.6277,30.0071],[-97.6313,30.0049],[-97.6312,30.0023],[-97.6359,30.0014],[-97.6369,29.9978],[-97.6324,29.9977],[-97.6372,29.9946],[-97.6382,29.9907],[-97.6423,29.9878],[-97.6397,29.9876],[-97.6425,29.9822],[-97.6413,29.9806],[-97.6466,29.9736],[-97.6501,29.9724],[-97.6537,29.9657],[-97.6546,29.9585],[-97.6529,29.9518],[-97.6639,29.9403],[-97.672,29.9352],[-97.6747,29.9282],[-97.6722,29.9269],[-97.6736,29.9246],[-97.6907,29.9059],[-97.6896,29.9047],[-97.6866,29.9059],[-97.6837,29.9039],[-97.6815,29.907],[-97.677,29.9033],[-97.6732,29.9031],[-97.6619,29.9138],[-97.6604,29.9174],[-97.6616,29.9234],[-97.6526,29.9201],[-97.6543,29.926],[-97.6528,29.934],[-97.6492,29.9351],[-97.6492,29.9388],[-97.6446,29.9423],[-97.6479,29.951],[-97.6432,29.9558],[-97.6339,29.9573],[-97.6004,29.999],[-97.5892,30.0165],[-97.5592,30.0305],[-97.5519,30.0211],[-97.5596,30.0202],[-97.5595,30.0154],[-97.5624,30.0133],[-97.5695,29.9952],[-97.5816,29.9491],[-97.5923,29.9496],[-97.5964,29.9446],[-97.6006,29.9445],[-97.6011,29.9347],[-97.597,29.9349],[-97.5988,29.9309],[-97.5953,29.9286],[-97.6012,29.9248],[-97.602,29.9215],[-97.6092,29.9249],[-97.6146,29.9206],[-97.6184,29.9236],[-97.6161,29.9246],[-97.6168,29.9295],[-97.6183,29.9295],[-97.6249,29.9197],[-97.6225,29.9125],[-97.6276,29.915],[-97.6291,29.9142],[-97.6295,29.911],[-97.634,29.9087],[-97.6366,29.9013],[-97.6409,29.8991],[-97.6579,29.9017],[-97.6629,29.9002],[-97.6641,29.8978],[-97.6573,29.8896],[-97.6579,29.8869],[-97.6686,29.8881],[-97.6735,29.8844],[-97.6721,29.8775],[-97.665,29.8739],[-97.6687,29.8652],[-97.6878,29.8518],[-97.6937,29.8538],[-97.6961,29.8573],[-97.7,29.858],[-97.7,29.8606],[-97.7083,29.8573],[-97.7131,29.8506],[-97.7142,29.8386],[-97.7169,29.8361],[-97.7171,29.8329],[-97.72,29.8313],[-97.7196,29.8231],[-97.7166,29.8216],[-97.7166,29.8173],[-97.7238,29.8162],[-97.7267,29.8138],[-97.7292,29.8152],[-97.7394,29.8077],[-97.7386,29.8036],[-97.7424,29.7993],[-97.7418,29.7976],[-97.7482,29.7948],[-97.7485,29.7935],[-97.746,29.7929],[-97.7507,29.7907],[-97.747,29.7888],[-97.7471,29.7873],[-97.7517,29.7847],[-97.7542,29.7852],[-97.7619,29.776],[-97.7597,29.774],[-97.7611,29.77],[-97.7589,29.7639],[-97.6825,29.8308],[-97.6825,29.8288],[-97.6779,29.8252],[-97.679,29.8223],[-97.676,29.8193],[-97.6807,29.8203],[-97.6775,29.8123],[-97.6835,29.8135],[-97.6831,29.8186],[-97.6878,29.8165],[-97.6895,29.8174],[-97.6909,29.8099],[-97.6936,29.8078],[-97.6925,29.8052],[-97.6969,29.802],[-97.7018,29.8027],[-97.7054,29.8004],[-97.7071,29.7923],[-97.7149,29.7926],[-97.7151,29.7894],[-97.7185,29.7897],[-97.717,29.7856],[-97.7227,29.7875],[-97.7248,29.7842],[-97.7277,29.7854],[-97.7293,29.7785],[-97.7357,29.7772],[-97.7377,29.7725],[-97.7409,29.7718],[-97.7431,29.7679],[-97.7447,29.7696],[-97.7463,29.7676],[-97.7503,29.7676],[-97.7544,29.7599],[-97.7576,29.758],[-97.7582,29.7482],[-97.7642,29.7423],[-97.7791,29.7355],[-97.7959,29.7389],[-97.8,29.7382],[-97.7999,29.7312],[-97.8049,29.7254],[-97.8027,29.7189],[-97.8062,29.7137],[-97.8146,29.7093],[-97.8224,29.7078],[-97.8243,29.7052],[-97.8243,29.7072],[-97.826,29.7046],[-97.8304,29.7063],[-97.8317,29.7034],[-97.8336,29.7065],[-97.8353,29.7032],[-97.8415,29.7059],[-97.8445,29.7024],[-97.847,29.7076],[-97.8485,29.704],[-97.8513,29.7058],[-97.8521,29.7026],[-97.8549,29.7027],[-97.8614,29.6986],[-97.8699,29.6849],[-97.8683,29.6801],[-97.8714,29.6821],[-97.875,29.6789],[-97.8699,29.6709],[-97.8756,29.6684],[-97.8797,29.6699],[-97.8853,29.6685],[-97.8874,29.6623],[-97.8852,29.6616],[-97.8884,29.6588],[-97.8865,29.6566],[-97.8892,29.6522],[-97.8916,29.656],[-97.8955,29.6576],[-97.8957,29.6557],[-97.8992,29.6553],[-97.9028,29.6494],[-97.9066,29.6496],[-97.9106,29.6434],[-97.9154,29.6421],[-97.9147,29.6385],[-97.918,29.6353],[-97.9123,29.6334],[-97.9192,29.6325],[-97.9177,29.6281],[-97.9248,29.6262],[-97.9236,29.6253],[-97.9263,29.6219],[-97.9234,29.616],[-97.9275,29.6084],[-97.9349,29.6018],[-97.9376,29.5969],[-97.9324,29.5869],[-97.9337,29.5772],[-97.9379,29.5723],[-97.9452,29.5726],[-97.9516,29.5707],[-97.9504,29.5632],[-97.9521,29.5588],[-97.9583,29.5522],[-97.9687,29.5475],[-97.9729,29.5414],[-97.9786,29.5407],[-97.9785,29.5359],[-97.9821,29.5356],[-97.9887,29.5305],[-97.99,29.5323],[-97.9952,29.5311],[-97.994,29.5331],[-97.9965,29.534],[-97.9896,29.5359],[-97.988,29.5385],[-97.9898,29.5412],[-97.9936,29.54],[-97.994,29.5424],[-97.9957,29.5411],[-97.9961,29.5433],[-97.9981,29.5426],[-98.0001,29.5474],[-98.0193,29.5436],[-98.029,29.5447],[-98.0338,29.5403],[-98.0419,29.539],[-98.0499,29.532],[-98.0655,29.523],[-98.0698,29.5228],[-98.0889,29.5137],[-98.0978,29.5123],[-98.0994,29.5103],[-98.104,29.5104],[-98.1109,29.5006],[-98.1083,29.4985],[-98.1151,29.4915],[-98.153,29.4618],[-98.1674,29.4592],[-98.1709,29.4601],[-98.175,29.4572],[-98.1901,29.4533],[-98.2051,29.4451],[-98.225,29.4425],[-98.2372,29.4375],[-98.2417,29.4327],[-98.2526,29.4314],[-98.2568,29.4288],[-98.2633,29.4301],[-98.2779,29.4243],[-98.2804,29.4257],[-98.2887,29.4236],[-98.2965,29.4253],[-98.3109,29.4232],[-98.3139,29.4249],[-98.323,29.4248],[-98.329,29.4216],[-98.3305,29.4236],[-98.3355,29.4221],[-98.3446,29.4241],[-98.3488,29.4235],[-98.3517,29.4198],[-98.3595,29.4215],[-98.3613,29.4194],[-98.3607,29.4146],[-98.3664,29.4123],[-98.3652,29.4093],[-98.369,29.4049],[-98.3691,29.401],[-98.375,29.3986],[-98.3985,29.3822],[-98.4329,29.3666],[-98.4517,29.3613],[-98.4597,29.3555],[-98.4634,29.3493],[-98.4707,29.3434],[-98.481,29.339],[-98.496,29.3358],[-98.5112,29.3248],[-98.5522,29.3203],[-98.5602,29.3145],[-98.5748,29.2985],[-98.6135,29.283],[-98.63,29.2788],[-98.6439,29.2791],[-98.6499,29.2839],[-98.6561,29.2927],[-98.6701,29.3029],[-98.6797,29.3061],[-98.683,29.3129],[-98.6899,29.3152],[-98.696,29.3248],[-98.7124,29.3288],[-98.7226,29.3289],[-98.7317,29.3265],[-98.7482,29.3151],[-98.7578,29.3147],[-98.775,29.3104],[-98.8401,29.2824],[-98.8983,29.262],[-98.9579,29.2378],[-98.9638,29.238],[-98.9774,29.254],[-98.9947,29.2642],[-99.0,29.2633]],[[-98.5485,29.2884],[-98.5173,29.3003],[-98.4386,29.3383],[-98.387,29.3569],[-98.3146,29.3552],[-98.3199,29.3485],[-98.3236,29.3538],[-98.3257,29.3535],[-98.3328,29.3412],[-98.3417,29.3393],[-98.3454,29.3356],[-98.351,29.3364],[-98.3582,29.3334],[-98.3739,29.3315],[-98.3914,29.3225],[-98.4191,29.3036],[-98.4967,29.2744],[-98.5025,29.2734],[-98.5294,29.2757],[-98.5431,29.2826],[-98.5477,29.2871],[-98.5485,29.2884]]]}},
{"type":"Feature","properties":{"name":"Carrizo-Wilcox"},"geometry":{"type":"Polygon","coordinates":[[[-96.2,30.8062],[-96.2,31.3882],[-96.2006,31.3857],[-96.2026,31.3871],[-96.2028,31.3905],[-96.2053,31.3855],[-96.2094,31.3894],[-96.2095,31.3855],[-96.2114,31.3847],[-96.2143,31.3877],[-96.2179,31.3826],[-96.2203,31.3874],[-96.223,31.3863],[-96.2239,31.3826],[-96.226,31.3904],[-96.2314,31.3834],[-96.2309,31.38],[-96.2281,31.3776],[-96.2311,31.3775],[-96.2307,31.3756],[-96.2276,31.3723],[-96.2229,31.3721],[-96.2244,31.3715],[-96.2238,31.3681],[-96.2261,31.3668],[-96.2263,31.3615],[-96.2292,31.3614],[-96.2291,31.3567],[-96.231,31.3554],[-96.2311,31.3511],[-96.2285,31.3505],[-96.2301,31.3459],[-96.2279,31.3428],[-96.2314,31.3411],[-96.2324,31.3348],[-96.2308,31.3315],[-96.239,31.3218],[-96.2434,31.3124],[-96.2511,31.3117],[-96.2521,31.3059],[-96.2577,31.3017],[-96.2551,31.2941],[-96.2599,31.2945],[-96.2606,31.292],[-96.2641,31.2917],[-96.2655,31.2849],[-96.2682,31.2868],[-96.2708,31.2859],[-96.2689,31.2801],[-96.2632,31.2776],[-96.2687,31.2689],[-96.2676,31.2658],[-96.2778,31.2634],[-96.2798,31.2599],[-96.2773,31.2576],[-96.2875,31.2396],[-96.2888,31.2461],[-96.2929,31.2456],[-96.2928,31.2389],[-96.2965,31.2365],[-96.2951,31.231],[-96.3,31.2279],[-96.3009,31.2252],[-96.2977,31.2221],[-96.2935,31.2227],[-96.2904,31.2258],[-96.2934,31.2209],[-96.2924,31.2166],[-96.2984,31.2143],[-96.3052,31.2084],[-96.3074,31.1978],[-96.3107,31.1942],[-96.3164,31.1944],[-96.3185,31.1986],[-96.3271,31.1915],[-96.327,31.1864],[-96.3309,31.1898],[-96.3291,31.1824],[-96.3318,31.1832],[-96.3369,31.1773],[-96.3445,31.1757],[-96.3473,31.1709],[-96.349,31.1724],[-96.3511,31.1715],[-96.3537,31.1653],[-96.3527,31.1622],[-96.358,31.1561],[-96.3576,31.1544],[-96.3548,31.155],[-96.3547,31.1535],[-96.3621,31.1475],[-96.356,31.1376],[-96.3563,31.1307],[-96.3618,31.1282],[-96.3641,31.125],[-96.3668,31.1265],[-96.3723,31.1251],[-96.3692,31.1291],[-96.3657,31.13],[-96.3684,31.1325],[-96.3746,31.1287],[-96.3788,31.1281],[-96.3837,31.1159],[-96.3921,31.115],[-96.3974,31.1123],[-96.3952,31.1046],[-96.4019,31.107],[-96.4049,31.1021],[-96.4049,31.0958],[-96.4091,31.0984],[-96.4108,31.0948],[-96.4145,31.0969],[-96.4179,31.0911],[-96.4208,31.0904],[-96.4234,31.0844],[-96.4208,31.0699],[-96.4262,31.0697],[-96.4284,31.0723],[-96.4318,31.0713],[-96.4282,31.0622],[-96.4385,31.0584],[-96.4372,31.0544],[-96.4418,31.054],[-96.4461,31.0478],[-96.4485,31.0488],[-96.4551,31.046],[-96.463,31.0483],[-96.471,31.0471],[-96.4734,31.0484],[-96.4782,31.0448],[-96.4883,31.0502],[-96.4968,31.0479],[-96.4986,31.0338],[-96.5041,31.0295],[-96.5096,31.0193],[-96.513,31.0205],[-96.5178,31.0182],[-96.5191,31.0126],[-96.5171,31.0109],[-96.5229,31.0083],[-96.5272,31.0007],[-96.5301,31.0007],[-96.5326,30.9978],[-96.5376,30.9979],[-96.5405,30.9945],[-96.5403,30.9911],[-96.5441,30.9907],[-96.5516,30.9824],[-96.5568,30.9815],[-96.5651,30.9699],[-96.5675,30.9718],[-96.5748,30.9699],[-96.5778,30.9707],[-96.5831,30.9673],[-96.5863,30.9605],[-96.5857,30.9559],[-96.5891,30.9542],[-96.5908,30.9498],[-96.5954,30.9489],[-96.5966,30.9563],[-96.6016,30.9561],[-96.6034,30.9581],[-96.6096,30.9562],[-96.6092,30.9508],[-96.6049,30.946],[-96.6132,30.9453],[-96.6198,30.9412],[-96.6176,30.939],[-96.6201,30.9372],[-96.6182,30.9342],[-96.6189,30.9311],[-96.6307,30.9309],[-96.6315,30.9279],[-96.6346,30.9273],[-96.6347,30.923],[-96.6389,30.9152],[-96.682,30.8892],[-96.6914,30.8812],[-96.6942,30.8759],[-96.6947,30.8682],[-96.7004,30.8601],[-96.7149,30.825],[-96.7203,30.8206],[-96.7332,30.8195],[-96.7334,30.8165],[-96.7289,30.813],[-96.7288,30.8086],[-96.7298,30.8057],[-96.734,30.807],[-96.7399,30.8032],[-96.7364,30.8025],[-96.7366,30.8009],[-96.7398,30.8001],[-96.7373,30.7952],[-96.7399,30.7961],[-96.7415,30.7925],[-96.7497,30.7934],[-96.7492,30.7952],[-96.7518,30.7954],[-96.7527,30.7986],[-96.756,30.7991],[-96.7566,30.7974],[-96.7543,30.7969],[-96.7548,30.7945],[-96.7509,30.7884],[-96.757,30.7871],[-96.7622,30.7905],[-96.7632,30.7847],[-96.7603,30.786],[-96.7576,30.7843],[-96.7628,30.7816],[-96.7614,30.7796],[-96.757,30.7807],[-96.7586,30.7778],[-96.7566,30.7774],[-96.7585,30.7728],[-96.757,30.7688],[-96.7612,30.7699],[-96.7619,30.768],[-96.7677,30.7697],[-96.7691,30.7677],[-96.7639,30.7623],[-96.7646,30.7608],[-96.7683,30.7606],[-96.7688,30.7629],[-96.7716,30.7627],[-96.7728,30.7676],[-96.7775,30.7701],[-96.7773,30.7744],[-96.7824,30.7744],[-96.7804,30.7716],[-96.7827,30.7712],[-96.7822,30.7673],[-96.7838,30.7669],[-96.785,30.7595],[-96.7904,30.7604],[-96.7937,30.7576],[-96.7956,30.7615],[-96.7988,30.7618],[-96.8165,30.7473],[-96.8138,30.7416],[-96.8217,30.737],[-96.8236,30.7331],[-96.8229,30.7283],[-96.8276,30.7276],[-96.8303,30.7247],[-96.8378,30.7248],[-96.8401,30.721],[-96.8396,30.7118],[-96.8459,30.7119],[-96.8487,30.7093],[-96.8492,30.6878],[-96.8516,30.6771],[-96.9008,30.6532],[-96.9264,30.612],[-96.9412,30.5755],[-96.9483,30.5642],[-96.961,30.5524],[-96.9773,30.5412],[-97.0005,30.5141],[-97.0417,30.4757],[-97.0599,30.4395],[-97.0854,30.4017],[-97.0849,30.3982],[-97.0795,30.393],[-97.0824,30.3782],[-97.0869,30.3711],[-97.0972,30.37],[-97.104,30.363],[-97.1089,30.3634],[-97.1104,30.3662],[-97.1141,30.3629],[-97.1173,30.3645],[-97.1239,30.348],[-97.1377,30.3432],[-97.1434,30.3446],[-97.1445,30.3406],[-97.149,30.3409],[-97.1542,30.3376],[-97.155,30.3298],[-97.1623,30.325],[-97.1612,30.3075],[-97.1643,30.306],[-97.1674,30.2987],[-97.1722,30.2956],[-97.1679,30.2875],[-97.1751,30.2851],[-97.1727,30.2767],[-97.1859,30.2629],[-97.1813,30.2486],[-97.186,30.2433],[-97.1898,30.2435],[-97.1932,30.2407],[-97.2068,30.2394],[-97.2116,30.2344],[-97.2087,30.2227],[-97.211,30.2215],[-97.2117,30.2104],[-97.2077,30.2014],[-97.2168,30.2033],[-97.2209,30.1996],[-97.2188,30.1935],[-97.2102,30.1846],[-97.2155,30.1825],[-97.2249,30.1862],[-97.2242,30.1831],[-97.2282,30.182],[-97.2293,30.178],[-97.2277,30.1706],[-97.2301,30.1651],[-97.2303,30.1605],[-97.2286,30.1599],[-97.2303,30.1534],[-97.2277,30.1514],[-97.2279,30.1467],[-97.2243,30.1437],[-97.2247,30.1413],[-97.2296,30.1398],[-97.2368,30.1434],[-97.2401,30.1428],[-97.24,30.1397],[-97.2431,30.1366],[-97.2427,30.1319],[-97.2486,30.127],[-97.2572,30.1274],[-97.2605,30.1259],[-97.2608,30.1208],[-97.2632,30.1204],[-97.2686,30.1118],[-97.2673,30.1095],[-97.2634,30.1117],[-97.2609,30.1087],[-97.2624,30.1045],[-97.2691,30.0997],[-97.2661,30.0969],[-97.2666,30.0914],[-97.2704,30.0924],[-97.2723,30.0908],[-97.2661,30.0874],[-97.2724,30.0859],[-97.2737,30.0838],[-97.2717,30.0813],[-97.2655,30.0831],[-97.2663,30.0805],[-97.2641,30.0784],[-97.2664,30.0776],[-97.2627,30.0754],[-97.2632,30.0726],[-97.2659,30.0723],[-97.2658,30.0683],[-97.2675,30.0673],[-97.2641,30.0623],[-97.2655,30.0572],[-97.2684,30.055],[-97.2704,30.0431],[-97.2694,30.0341],[-97.2634,30.0203],[-97.2643,30.0134],[-97.2668,30.0109],[-97.2775,30.0093],[-97.2793,30.0056],[-97.2827,30.0058],[-97.2834,30.0023],[-97.2876,30.0014],[-97.2903,30.0035],[-97.293,30.0023],[-97.2961,30.0057],[-97.3002,30.0066],[-97.3026,30.0003],[-97.2985,29.9962],[-97.2998,29.9882],[-97.2975,29.9861],[-97.3004,29.9814],[-97.3066,29.9829],[-97.3085,29.9815],[-97.3079,29.9797],[-97.3109,29.9795],[-97.3112,29.9772],[-97.3077,29.9775],[-97.3119,29.9729],[-97.3094,29.9713],[-97.309,29.9695],[-97.3115,29.9681],[-97.3094,29.9657],[-97.3152,29.9634],[-97.314,29.9592],[-97.3105,29.9579],[-97.3207,29.9514],[-97.3246,29.951],[-97.3249,29.9531],[-97.3222,29.9537],[-97.3217,29.9575],[-97.3196,29.9573],[-97.3184,29.9609],[-97.3197,29.9608],[-97.3195,29.9635],[-97.3257,29.9644],[-97.322,29.9647],[-97.3194,29.9662],[-97.3197,29.9685],[-97.317,29.9686],[-97.3205,29.9709],[-97.3263,29.9698],[-97.329,29.9711],[-97.3285,29.9648],[-97.3344,29.9624],[-97.3324,29.9598],[-97.3368,29.9562],[-97.335,29.9515],[-97.3372,29.9474],[-97.3387,29.9468],[-97.3398,29.95],[-97.3419,29.9487],[-97.3413,29.9465],[-97.3436,29.946],[-97.3361,29.9417],[-97.3354,29.9368],[-97.3378,29.9368],[-97.3363,29.9325],[-97.3392,29.9318],[-97.3411,29.9357],[-97.3476,29.9334],[-97.3529,29.9291],[-97.3567,29.9202],[-97.3572,29.9252],[-97.3593,29.9258],[-97.3598,29.934],[-97.3614,29.9348],[-97.3632,29.9323],[-97.3674,29.9336],[-97.3734,29.9282],[-97.377,29.9281],[-97.373,29.9229],[-97.3756,29.919],[-97.3753,29.9153],[-97.3779,29.9139],[-97.3789,29.9252],[-97.381,29.9273],[-97.3806,29.9161],[-97.3835,29.9139],[-97.3828,29.9104],[-97.389,29.9077],[-97.3887,29.9026],[-97.3905,29.9016],[-97.3932,29.9065],[-97.3923,29.9089],[-97.3969,29.909],[-97.3932,29.9013],[-97.3956,29.8997],[-97.395,29.8966],[-97.3966,29.8951],[-97.3989,29.895],[-97.3973,29.8977],[-97.4,29.8994],[-97.4033,29.8869],[-97.4065,29.888],[-97.4083,29.893],[-97.4127,29.8818],[-97.4151,29.8815],[-97.4163,29.8832],[-97.4146,29.8878],[-97.4178,29.8877],[-97.4197,29.8833],[-97.4214,29.8852],[-97.4231,29.8845],[-97.4223,29.8811],[-97.419,29.8805],[-97.4193,29.8749],[-97.4177,29.8742],[-97.4198,29.873],[-97.417,29.8663],[-97.4201,29.8656],[-97.4189,29.8627],[-97.4214,29.8597],[-97.4202,29.8566],[-97.4169,29.8574],[-97.416,29.8559],[-97.4192,29.853],[-97.4195,29.8493],[-97.4247,29.8507],[-97.4284,29.8554],[-97.4319,29.8556],[-97.4295,29.8475],[-97.4337,29.8464],[-97.4288,29.8415],[-97.4347,29.8414],[-97.4411,29.8368],[-97.4438,29.8382],[-97.4472,29.8357],[-97.4435,29.8326],[-97.4444,29.8308],[-97.4524,29.8318],[-97.4467,29.8196],[-97.4482,29.8161],[-97.4505,29.8151],[-97.4564,29.818],[-97.4613,29.8159],[-97.4649,29.8188],[-97.4669,29.8172],[-97.4608,29.8055],[-97.4554,29.8051],[-97.4567,29.7991],[-97.4513,29.7925],[-97.4487,29.7856],[-97.4492,29.7763],[-97.4528,29.774],[-97.4549,29.7796],[-97.4602,29.783],[-97.4674,29.7803],[-97.4661,29.7719],[-97.472,29.7705],[-97.4769,29.7748],[-97.4767,29.7686],[-97.4648,29.7582],[-97.4675,29.7544],[-97.473,29.7517],[-97.4792,29.7523],[-97.4847,29.7584],[-97.4828,29.7597],[-97.4836,29.7623],[-97.4916,29.7669],[-97.4864,29.7564],[-97.4796,29.7492],[-97.4795,29.7456],[-97.4856,29.7408],[-97.4862,29.7375],[-97.4896,29.7396],[-97.4941,29.7386],[-97.5013,29.7413],[-97.5054,29.7396],[-97.5008,29.732],[-97.5059,29.732],[-97.5091,29.7298],[-97.506,29.7226],[-97.5066,29.7197],[-97.5084,29.7187],[-97.5138,29.7209],[-97.5191,29.7177],[-97.5133,29.7098],[-97.5059,29.7083],[-97.5061,29.6994],[-97.5084,29.6934],[-97.5151,29.6922],[-97.5195,29.6941],[-97.5267,29.6854],[-97.5267,29.6811],[-97.53,29.6804],[-97.5334,29.6742],[-97.5397,29.6735],[-97.541,29.6703],[-97.5356,29.6691],[-97.5357,29.6659],[-97.5306,29.6602],[-97.5341,29.6597],[-97.5427,29.6653],[-97.5442,29.664],[-97.5427,29.6591],[-97.5442,29.6534],[-97.5471,29.6547],[-97.5483,29.6534],[-97.5523,29.654],[-97.5516,29.6574],[-97.5566,29.6541],[-97.5543,29.6522],[-97.5585,29.6499],[-97.5541,29.643],[-97.5549,29.6379],[-97.5614,29.6334],[-97.5662,29.6328],[-97.5681,29.6301],[-97.5717,29.6296],[-97.5712,29.6202],[-97.5746,29.6193],[-97.5923,29.5979],[-97.5977,29.5957],[-97.6032,29.5969],[-97.6045,29.604],[-97.6072,29.6075],[-97.6082,29.6054],[-97.6127,29.6071],[-97.6152,29.6034],[-97.6178,29.6065],[-97.624,29.6059],[-97.6238,29.5991],[-97.6269,29.5978],[-97.6263,29.5914],[-97.6287,29.5898],[-97.6317,29.593],[-97.6335,29.5922],[-97.636,29.5808],[-97.6398,29.5838],[-97.6404,29.5805],[-97.6448,29.5816],[-97.6466,29.5746],[-97.6494,29.5771],[-97.6571,29.5791],[-97.6656,29.5777],[-97.6668,29.5745],[-97.6695,29.5741],[-97.6685,29.5697],[-97.6716,29.5697],[-97.6723,29.5596],[-97.6807,29.5545],[-97.682,29.549],[-97.6844,29.5513],[-97.6847,29.5578],[-97.69,29.5617],[-97.692,29.5602],[-97.6919,29.5547],[-97.694,29.5554],[-97.6958,29.5538],[-97.701,29.5553],[-97.7045,29.5505],[-97.7051,29.5534],[-97.7071,29.5519],[-97.7099,29.5531],[-97.7135,29.552],[-97.7134,29.5486],[-97.717,29.5506],[-97.7247,29.5449],[-97.7267,29.5458],[-97.7262,29.5514],[-97.7286,29.5554],[-97.7328,29.5568],[-97.7359,29.5556],[-97.7379,29.5518],[-97.7338,29.5504],[-97.7337,29.5489],[-97.7488,29.5394],[-97.7503,29.5348],[-97.7478,29.5],[-97.746,29.4955],[-97.7485,29.4928],[-97.7579,29.4878],[-97.7577,29.4851],[-97.7624,29.4817],[-97.7639,29.4816],[-97.7638,29.4836],[-97.762,29.4863],[-97.7648,29.4885],[-97.7706,29.4833],[-97.7733,29.4849],[-97.7767,29.4834],[-97.7821,29.477],[-97.7799,29.4708],[-97.787,29.4674],[-97.7894,29.4634],[-97.7954,29.4667],[-97.7988,29.4631],[-97.8035,29.4681],[-97.811,29.4707],[-97.8148,29.4684],[-97.819,29.4706],[-97.8242,29.4702],[-97.8258,29.4637],[-97.8209,29.4582],[-97.8258,29.4571],[-97.828,29.4596],[-97.8298,29.4592],[-97.8322,29.4448],[-97.8357,29.4439],[-97.837,29.4361],[-97.8422,29.4344],[-97.8425,29.4308],[-97.8462,29.426],[-97.8495,29.4256],[-97.8518,29.4278],[-97.8551,29.4237],[-97.857,29.4264],[-97.8607,29.4247],[-97.8632,29.4269],[-97.8655,29.422],[-97.8692,29.4194],[-97.8764,29.4198],[-97.8794,29.4148],[-97.8822,29.4173],[-97.8863,29.4158],[-97.8884,29.4207],[-97.8913,29.4159],[-97.8967,29.4176],[-97.8998,29.4117],[-97.915,29.3958],[-97.9145,29.3903],[-97.9177,29.3914],[-97.92,29.3885],[-97.9236,29.3878],[-97.9303,29.372],[-97.9324,29.3714],[-97.9359,29.3751],[-97.938,29.3744],[-97.9333,29.3665],[-97.9393,29.3643],[-97.9463,29.3653],[-97.947,29.3691],[-97.9501,29.3696],[-97.9523,29.3641],[-97.9549,29.365],[-97.9559,29.3687],[-97.9587,29.367],[-97.958,29.3643],[-97.9608,29.3613],[-97.9646,29.3609],[-97.966,29.3581],[-97.9694,29.3609],[-97.9724,29.36],[-97.975,29.3549],[-97.9788,29.3542],[-97.9829,29.3385],[-97.9852,29.345],[-97.9894,29.3391],[-97.992,29.3465],[-97.9904,29.3501],[-97.993,29.3502],[-97.9947,29.3481],[-97.9942,29.3381],[-97.998,29.3324],[-97.9974,29.3278],[-98.0,29.3263],[-98.0001,29.3188],[-98.0025,29.3143],[-98.0165,29.3021],[-98.0256,29.2989],[-98.0342,29.3004],[-98.0385,29.2959],[-98.0556,29.308],[-98.0645,29.2995],[-98.0799,29.2926],[-98.0817,29.2847],[-98.0856,29.2896],[-98.0909,29.2891],[-98.1032,29.283],[-98.1101,29.2844],[-98.1127,29.2801],[-98.1117,29.2758],[-98.1259,29.2737],[-98.1329,29.2788],[-98.1362,29.272],[-98.1434,29.266],[-98.1446,29.2704],[-98.1492,29.2671],[-98.153,29.2704],[-98.1547,29.2691],[-98.1547,29.2607],[-98.1592,29.264],[-98.1644,29.261],[-98.1718,29.2606],[-98.1775,29.2501],[-98.1839,29.2487],[-98.1863,29.2426],[-98.1935,29.2404],[-98.1997,29.2362],[-98.2026,29.2278],[-98.2137,29.2213],[-98.2163,29.2144],[-98.2195,29.2114],[-98.2231,29.2127],[-98.2274,29.2104],[-98.2349,29.2002],[-98.2354,29.2],[-97.4695,29.2],[-97.4647,29.2088],[-97.4588,29.2402],[-97.4586,29.2608],[-97.4604,29.2703],[-97.4638,29.2819],[-97.4738,29.2983],[-97.4735,29.3055],[-97.4671,29.3102],[-97.4486,29.3156],[-97.4398,29.3207],[-97.4358,29.3286],[-97.4349,29.3402],[-97.4234,29.3596],[-97.4115,29.3714],[-97.3858,29.3829],[-97.3731,29.3917],[-97.3654,29.4002],[-97.3603,29.4097],[-97.3576,29.4217],[-97.364,29.4621],[-97.3621,29.4747],[-97.3573,29.4813],[-97.3193,29.5107],[-97.3059,29.5179],[-97.2877,29.5228],[-97.2557,29.5259],[-97.2252,29.5317],[-97.197,29.5435],[-97.1853,29.5513],[-97.1759,29.5539],[-97.1566,29.5525],[-97.128,29.5474],[-97.1162,29.548],[-97.0997,29.5541],[-97.0894,29.5609],[-97.0711,29.5788],[-97.0675,29.5845],[-97.0651,29.5988],[-97.0655,29.6163],[-97.0705,29.6458],[-97.0699,29.6579],[-97.0643,29.6703],[-97.0582,29.6769],[-97.0171,29.7012],[-97.0092,29.7078],[-97.0043,29.715],[-96.9997,29.7282],[-96.9976,29.7608],[-96.9926,29.7798],[-96.9936,29.7993],[-96.9916,29.8093],[-96.9869,29.8156],[-96.9784,29.8203],[-96.9465,29.8292],[-96.9338,29.835],[-96.9248,29.8441],[-96.922,29.8501],[-96.9199,29.8687],[-96.9212,29.8885],[-96.9244,29.9019],[-96.9394,29.9349],[-96.9395,29.943],[-96.9371,29.9493],[-96.9293,29.9574],[-96.8873,29.9827],[-96.871,29.9979],[-96.8658,29.999],[-96.8436,30.029],[-96.833,30.0466],[-96.828,30.0659],[-96.8262,30.082],[-96.8264,30.1027],[-96.8304,30.1284],[-96.8277,30.1421],[-96.8227,30.1522],[-96.8064,30.1649],[-96.782,30.1765],[-96.7694,30.1875],[-96.7498,30.2144],[-96.7397,30.2468],[-96.7345,30.2539],[-96.7284,30.2584],[-96.7167,30.2658],[-96.7015,30.2721],[-96.6284,30.2943],[-96.6114,30.3019],[-96.5964,30.312],[-96.5538,30.352],[-96.4893,30.3877],[-96.4764,30.3989],[-96.4678,30.4117],[-96.4673,30.4255],[-96.4722,30.4319],[-96.4893,30.438],[-96.4914,30.4417],[-96.4897,30.4469],[-96.475,30.4555],[-96.4622,30.4597],[-96.4519,30.4669],[-96.4303,30.4999],[-96.4212,30.5071],[-96.3934,30.5171],[-96.3811,30.5247],[-96.3725,30.533],[-96.3594,30.558],[-96.3571,30.5988],[-96.3537,30.6209],[-96.3407,30.6557],[-96.3244,30.6735],[-96.2831,30.7081],[-96.2494,30.7247],[-96.2357,30.7387],[-96.226,30.7541],[-96.223,30.7886],[-96.2181,30.8034],[-96.2139,30.8076],[-96.2048,30.8081],[-96.2,30.8062]]]}},
{"type":"Feature","properties":{"name":"Trinity"},"geometry":{"type":"Polygon","coordinates":[[[-98.3663,31.7],[-98.3698,31.7],[-98.3672,31.6956],[-98.3771,31.6964],[-98.3798,31.6994],[-98.3827,31.6961],[-98.3899,31.6952],[-98.3921,31.697],[-98.3908,31.6917],[-98.3977,31.6917],[-98.4068,31.6857],[-98.4119,31.6862],[-98.413,31.6842],[-98.4232,31.6852],[-98.4253,31.6839],[-98.421,31.6809],[-98.4248,31.6807],[-98.434,31.6846],[-98.4416,31.6835],[-98.4447,31.6849],[-98.4424,31.6808],[-98.444,31.6759],[-98.4637,31.6785],[-98.4639,31.6765],[-98.4717,31.6775],[-98.4758,31.6726],[-98.4674,31.6736],[-98.4595,31.6686],[-98.4556,31.6736],[-98.4483,31.6728],[-98.4429,31.6703],[-98.4433,31.6666],[-98.4404,31.6697],[-98.4413,31.6727],[-98.4373,31.6748],[-98.4349,31.6793],[-98.4276,31.6771],[-98.4272,31.675],[-98.4298,31.6731],[-98.4233,31.6753],[-98.4207,31.6738],[-98.4137,31.6783],[-98.4118,31.6785],[-98.4113,31.6768],[-98.3992,31.6792],[-98.397,31.684],[-98.3911,31.6843],[-98.3815,31.6888],[-98.3707,31.6869],[-98.3639,31.6895],[-98.3575,31.6861],[-98.3565,31.6828],[-98.3522,31.6828],[-98.3506,31.6811],[-98.3565,31.6771],[-98.3539,31.6756],[-98.3599,31.6659],[-98.3469,31.6747],[-98.3457,31.6714],[-98.3415,31.6715],[-98.3392,31.6691],[-98.3303,31.6688],[-98.3361,31.656],[-98.3321,31.6581],[-98.3325,31.6544],[-98.3265,31.6581],[-98.3251,31.6636],[-98.3216,31.6634],[-98.3208,31.6672],[-98.3159,31.668],[-98.3125,31.6664],[-98.3123,31.6642],[-98.3088,31.6637],[-98.3081,31.6581],[-98.3029,31.6643],[-98.2993,31.6635],[-98.299,31.6573],[-98.3033,31.6535],[-98.2992,31.6539],[-98.2983,31.6497],[-98.2959,31.6509],[-98.2937,31.6596],[-98.2904,31.6603],[-98.2904,31.6524],[-98.2875,31.654],[-98.287,31.6585],[-98.2848,31.6592],[-98.2838,31.656],[-98.2804,31.659],[-98.2799,31.6535],[-98.2777,31.6536],[-98.279,31.6495],[-98.2745,31.6509],[-98.2733,31.6543],[-98.27,31.6518],[-98.2673,31.6529],[-98.2683,31.6483],[-98.2704,31.6488],[-98.2728,31.6469],[-98.2699,31.646],[-98.2696,31.643],[-98.2657,31.6469],[-98.2623,31.6442],[-98.2629,31.6493],[-98.2601,31.6503],[-98.2583,31.6457],[-98.2537,31.6464],[-98.2521,31.6422],[-98.2488,31.6472],[-98.2478,31.643],[-98.2428,31.6442],[-98.2415,31.6394],[-98.2367,31.6414],[-98.2292,31.6383],[-98.2301,31.6367],[-98.2357,31.6365],[-98.2387,31.6333],[-98.2435,31.6358],[-98.2478,31.6343],[-98.249,31.636],[-98.2532,31.6335],[-98.2564,31.6351],[-98.2579,31.6335],[-98.2611,31.6376],[-98.2625,31.6353],[-98.2651,31.6356],[-98.2664,31.638],[-98.2686,31.6357],[-98.272,31.6368],[-98.272,31.6332],[-98.2763,31.6347],[-98.279,31.6325],[-98.2782,31.6295],[-98.2912,31.6273],[-98.2871,31.6249],[-98.2975,31.618],[-98.3018,31.6182],[-98.2936,31.6138],[-98.294,31.6175],[-98.2806,31.6235],[-98.2776,31.6268],[-98.27,31.6277],[-98.2682,31.6261],[-98.2671,31.6283],[-98.2634,31.6292],[-98.2604,31.6273],[-98.2599,31.6245],[-98.255,31.625],[-98.2563,31.6199],[-98.2545,31.6138],[-98.2516,31.6188],[-98.2481,31.6187],[-98.2467,31.6253],[-98.2445,31.6234],[-98.2424,31.624],[-98.2388,31.6172],[-98.2349,31.6247],[-98.2338,31.6195],[-98.2304,31.6177],[-98.2282,31.6188],[-98.2282,31.6224],[-98.2256,31.6234],[-98.222,31.6092],[-98.2203,31.6149],[-98.218,31.6157],[-98.2194,31.618],[-98.2178,31.6232],[-98.2156,31.6235],[-98.2166,31.6257],[-98.2123,31.6284],[-98.2127,31.6255],[-98.2104,31.6246],[-98.2118,31.6214],[-98.2044,31.6222],[-98.21,31.6183],[-98.2095,31.6157],[-98.2052,31.6176],[-98.2033,31.6156],[-98.1984,31.617],[-98.1974,31.6126],[-98.1923,31.6185],[-98.1903,31.6182],[-98.1928,31.6148],[-98.192,31.6097],[-98.1896,31.6128],[-98.1855,31.6138],[-98.1828,31.6122],[-98.1831,31.6072],[-98.1795,31.6085],[-98.1793,31.6056],[-98.1735,31.6082],[-98.1734,31.6029],[-98.1677,31.604],[-98.1678,31.5992],[-98.1629,31.6001],[-98.1624,31.5975],[-98.1588,31.5955],[-98.1642,31.5938],[-98.1642,31.5903],[-98.1698,31.5895],[-98.1717,31.5929],[-98.1742,31.5901],[-98.177,31.5913],[-98.1778,31.5885],[-98.1827,31.5926],[-98.1829,31.588],[-98.1905,31.5908],[-98.1938,31.597],[-98.1993,31.5936],[-98.2018,31.5984],[-98.2068,31.5983],[-98.2044,31.5929],[-98.2089,31.5928],[-98.2077,31.5906],[-98.2097,31.59],[-98.217,31.5907],[-98.22,31.5869],[-98.2113,31.5859],[-98.2003,31.5896],[-98.1935,31.5882],[-98.1903,31.5837],[-98.1932,31.5821],[-98.1945,31.5774],[-98.192,31.5804],[-98.1885,31.5811],[-98.1851,31.5786],[-98.1867,31.5745],[-98.1824,31.5756],[-98.1794,31.5802],[-98.1766,31.5799],[-98.1789,31.5726],[-98.1777,31.5698],[-98.1817,31.5662],[-98.1804,31.5657],[-98.1742,31.5682],[-98.1712,31.5727],[-98.1687,31.5707],[-98.164,31.5774],[-98.1604,31.5727],[-98.1575,31.5787],[-98.1562,31.575],[-98.1515,31.5759],[-98.154,31.5731],[-98.1538,31.5664],[-98.1491,31.5693],[-98.1459,31.5683],[-98.1432,31.5729],[-98.1382,31.571],[-98.1435,31.565],[-98.1462,31.5665],[-98.1488,31.5609],[-98.165,31.5582],[-98.166,31.5551],[-98.1722,31.5545],[-98.1763,31.55],[-98.169,31.5528],[-98.1658,31.5518],[-98.161,31.5547],[-98.159,31.5542],[-98.1583,31.551],[-98.154,31.5548],[-98.1504,31.5547],[-98.1507,31.5512],[-98.1545,31.5493],[-98.1535,31.5479],[-98.1565,31.5435],[-98.1529,31.5442],[-98.1516,31.5374],[-98.1492,31.5365],[-98.1493,31.5468],[-98.1461,31.545],[-98.1453,31.5481],[-98.14,31.5469],[-98.1414,31.5485],[-98.1396,31.5506],[-98.1427,31.553],[-98.14,31.553],[-98.1402,31.5562],[-98.1375,31.5545],[-98.1333,31.5579],[-98.1358,31.5549],[-98.1308,31.553],[-98.1335,31.55],[-98.1324,31.547],[-98.1279,31.5495],[-98.1267,31.5546],[-98.1222,31.559],[-98.1231,31.5538],[-98.1169,31.5562],[-98.1238,31.5493],[-98.1237,31.5474],[-98.121,31.5475],[-98.1247,31.5416],[-98.1226,31.5406],[-98.1144,31.5463],[-98.1117,31.5462],[-98.1162,31.5394],[-98.1108,31.5402],[-98.1091,31.5384],[-98.114,31.5341],[-98.1067,31.532],[-98.107,31.5277],[-98.1085,31.5271],[-98.1088,31.5296],[-98.1132,31.532],[-98.1176,31.5309],[-98.1214,31.5348],[-98.1282,31.5353],[-98.1291,31.5382],[-98.1348,31.5386],[-98.1353,31.5369],[-98.1317,31.5352],[-98.1347,31.5305],[-98.13,31.5313],[-98.1267,31.5293],[-98.1281,31.5269],[-98.1256,31.5255],[-98.1262,31.522],[-98.1214,31.5223],[-98.1185,31.5207],[-98.119,31.5187],[-98.1241,31.5181],[-98.1318,31.5223],[-98.1342,31.5215],[-98.138,31.5232],[-98.1375,31.5199],[-98.134,31.5178],[-98.1348,31.515],[-98.1454,31.5169],[-98.1465,31.5156],[-98.1429,31.5136],[-98.1436,31.5105],[-98.1387,31.5093],[-98.1438,31.5055],[-98.1468,31.5072],[-98.1529,31.5071],[-98.1445,31.5036],[-98.1438,31.4997],[-98.1371,31.5065],[-98.138,31.502],[-98.1328,31.504],[-98.1305,31.5097],[-98.1291,31.5063],[-98.1256,31.5097],[-98.1216,31.5092],[-98.1259,31.5035],[-98.1223,31.5047],[-98.1231,31.5019],[-98.1211,31.5005],[-98.1195,31.5053],[-98.1174,31.5069],[-98.1172,31.505],[-98.1121,31.5056],[-98.1112,31.5089],[-98.1091,31.5067],[-98.1072,31.5089],[-98.1031,31.5077],[-98.1009,31.5048],[-98.1061,31.5061],[-98.1089,31.5022],[-98.1061,31.4991],[-98.1115,31.4984],[-98.1132,31.4961],[-98.1156,31.4982],[-98.1167,31.4931],[-98.1212,31.4935],[-98.1203,31.4904],[-98.1281,31.4923],[-98.1321,31.4951],[-98.1336,31.4903],[-98.1365,31.4905],[-98.1344,31.4873],[-98.1317,31.4884],[-98.128,31.4863],[-98.1275,31.4839],[-98.133,31.4806],[-98.1434,31.4835],[-98.1444,31.4792],[-98.137,31.4791],[-98.1365,31.4751],[-98.1417,31.4734],[-98.1414,31.4718],[-98.1506,31.4703],[-98.1489,31.4683],[-98.1438,31.4697],[-98.145,31.4639],[-98.1376,31.4704],[-98.135,31.4671],[-98.1338,31.4688],[-98.131,31.4684],[-98.1319,31.4713],[-98.1273,31.4714],[-98.1282,31.473],[-98.1241,31.4748],[-98.1239,31.4768],[-98.1193,31.4764],[-98.1197,31.4796],[-98.1173,31.4819],[-98.1153,31.481],[-98.1137,31.4739],[-98.1092,31.4839],[-98.1057,31.477],[-98.1031,31.4795],[-98.1028,31.4859],[-98.1007,31.485],[-98.0991,31.4863],[-98.0987,31.4824],[-98.0967,31.4834],[-98.0923,31.4803],[-98.0935,31.4889],[-98.0896,31.4893],[-98.088,31.4912],[-98.0895,31.4852],[-98.0868,31.482],[-98.0835,31.487],[-98.0831,31.4848],[-98.0794,31.4843],[-98.0788,31.4902],[-98.0753,31.4853],[-98.0713,31.4849],[-98.0778,31.4803],[-98.0769,31.4777],[-98.0731,31.4784],[-98.0717,31.4765],[-98.0738,31.4738],[-98.0794,31.4717],[-98.083,31.4734],[-98.0828,31.4711],[-98.0867,31.4691],[-98.0847,31.4667],[-98.0823,31.4695],[-98.0731,31.4685],[-98.0783,31.4621],[-98.0771,31.4604],[-98.0752,31.4633],[-98.0734,31.4601],[-98.0719,31.4618],[-98.0707,31.4607],[-98.0711,31.4639],[-98.0668,31.4722],[-98.0609,31.4779],[-98.0608,31.4754],[-98.0469,31.4795],[-98.0509,31.4751],[-98.0569,31.4747],[-98.0567,31.4717],[-98.0623,31.4666],[-98.057,31.4657],[-98.0529,31.4681],[-98.0504,31.4649],[-98.048,31.4675],[-98.0458,31.4616],[-98.0435,31.4728],[-98.0404,31.4714],[-98.0391,31.4671],[-98.0377,31.4711],[-98.0341,31.4717],[-98.0396,31.4621],[-98.035,31.4607],[-98.0332,31.4576],[-98.0327,31.4626],[-98.0272,31.458],[-98.0282,31.4632],[-98.0245,31.4641],[-98.0239,31.4666],[-98.0211,31.4661],[-98.0228,31.4631],[-98.0211,31.4602],[-98.0186,31.4603],[-98.0192,31.4568],[-98.0225,31.4566],[-98.0207,31.4544],[-98.0217,31.4527],[-98.0259,31.4533],[-98.0228,31.4494],[-98.017,31.4523],[-98.0175,31.448],[-98.0251,31.4466],[-98.0278,31.444],[-98.0225,31.4454],[-98.0194,31.4432],[-98.0167,31.4446],[-98.0152,31.441],[-98.0101,31.4572],[-98.0053,31.4585],[-98.0066,31.4531],[-98.0001,31.453],[-98.0072,31.4498],[-98.007,31.4474],[-98.0103,31.4441],[-98.0105,31.4365],[-98.0089,31.435],[-98.0062,31.4419],[-98.0046,31.4403],[-98.001,31.4448],[-97.9992,31.4412],[-98.0015,31.4392],[-97.9976,31.436],[-98.0,31.4311],[-97.9958,31.4326],[-97.9939,31.4309],[-97.991,31.441],[-97.9902,31.4359],[-97.9873,31.4356],[-97.9835,31.4393],[-97.9843,31.4333],[-97.9816,31.4317],[-97.9812,31.4284],[-97.9756,31.4328],[-97.9707,31.4314],[-97.9683,31.4329],[-97.9668,31.4296],[-97.9639,31.4283],[-97.9651,31.4248],[-97.9689,31.429],[-97.9694,31.426],[-97.9715,31.4281],[-97.975,31.427],[-97.9748,31.4242],[-97.9803,31.4273],[-97.9822,31.4266],[-97.9821,31.4241],[-97.9857,31.424],[-97.9872,31.4261],[-97.9886,31.4244],[-97.9921,31.4259],[-97.9883,31.4211],[-97.9973,31.42],[-97.9939,31.4188],[-97.9942,31.4169],[-98.0,31.4176],[-97.9947,31.4121],[-97.9962,31.4108],[-98.0001,31.4127],[-98.0038,31.4113],[-98.0053,31.408],[-98.0121,31.4079],[-98.0075,31.4047],[-97.9997,31.4101],[-97.9973,31.4083],[-97.9978,31.4053],[-97.9948,31.4077],[-97.9917,31.4063],[-97.9925,31.4096],[-97.991,31.412],[-97.9892,31.4106],[-97.9874,31.4151],[-97.9869,31.4102],[-97.9848,31.4092],[-97.9836,31.415],[-97.9813,31.4137],[-97.9794,31.418],[-97.9774,31.4172],[-97.9792,31.413],[-97.9783,31.4087],[-97.9765,31.4115],[-97.9744,31.411],[-97.9739,31.4156],[-97.9706,31.4153],[-97.9747,31.4075],[-97.9711,31.406],[-97.9684,31.4114],[-97.9658,31.4104],[-97.9645,31.4125],[-97.9534,31.4097],[-97.9476,31.4122],[-97.9512,31.4086],[-97.9485,31.4079],[-97.9509,31.4049],[-97.9548,31.4052],[-97.9557,31.4084],[-97.9609,31.4098],[-97.9644,31.4089],[-97.9648,31.4041],[-97.9683,31.403],[-97.9653,31.4008],[-97.9677,31.3993],[-97.9617,31.3931],[-97.9586,31.3925],[-97.96,31.3903],[-97.9663,31.3942],[-97.9672,31.3979],[-97.9708,31.3961],[-97.9754,31.4003],[-97.975,31.3975],[-97.9783,31.3984],[-97.9797,31.3962],[-97.9855,31.3998],[-97.9896,31.3976],[-97.9862,31.3976],[-97.9842,31.3954],[-97.9873,31.3927],[-97.9833,31.3917],[-97.984,31.39],[-97.9791,31.3887],[-97.9756,31.3904],[-97.9738,31.3889],[-97.9828,31.385],[-97.9969,31.3888],[-97.9956,31.3859],[-97.9853,31.383],[-97.9933,31.3809],[-97.9928,31.3795],[-97.9857,31.3799],[-97.9847,31.378],[-97.9838,31.3802],[-97.9818,31.3791],[-97.9795,31.381],[-97.9789,31.3757],[-97.9735,31.3815],[-97.9657,31.3806],[-97.9721,31.3786],[-97.969,31.3767],[-97.9745,31.373],[-97.9679,31.3731],[-97.9723,31.3678],[-97.9756,31.3668],[-97.9713,31.3648],[-97.9694,31.3679],[-97.9664,31.3673],[-97.9652,31.3693],[-97.9637,31.3678],[-97.9621,31.3718],[-97.9602,31.3722],[-97.9633,31.3655],[-97.962,31.3626],[-97.9649,31.3602],[-97.9629,31.3583],[-97.9609,31.3589],[-97.96,31.3648],[-97.9556,31.368],[-97.9539,31.3756],[-97.9528,31.3723],[-97.9506,31.3719],[-97.9531,31.3684],[-97.952,31.3605],[-97.9498,31.3606],[-97.9472,31.3699],[-97.9443,31.3673],[-97.9442,31.3696],[-97.9424,31.3698],[-97.9445,31.3756],[-97.9403,31.3723],[-97.9395,31.3775],[-97.9366,31.3795],[-97.9365,31.3707],[-97.9334,31.3679],[-97.9404,31.3677],[-97.9402,31.3655],[-97.9338,31.3634],[-97.9413,31.3622],[-97.9403,31.3601],[-97.9428,31.3586],[-97.9402,31.357],[-97.9381,31.3588],[-97.937,31.3563],[-97.9322,31.3578],[-97.9343,31.3497],[-97.9284,31.3435],[-97.93,31.342],[-97.9324,31.345],[-97.9348,31.3461],[-97.936,31.3448],[-97.9368,31.349],[-97.9396,31.35],[-97.9411,31.3484],[-97.944,31.3489],[-97.948,31.3534],[-97.9525,31.3501],[-97.9548,31.3517],[-97.9554,31.3489],[-97.9481,31.3467],[-97.9497,31.3436],[-97.948,31.339],[-97.9411,31.3349],[-97.9432,31.3331],[-97.9425,31.3305],[-97.9377,31.3287],[-97.939,31.3243],[-97.9431,31.3261],[-97.9452,31.3328],[-97.9476,31.3332],[-97.9496,31.3371],[-97.9525,31.3367],[-97.9568,31.3425],[-97.9576,31.3343],[-97.9628,31.3406],[-97.9653,31.3357],[-97.9665,31.3389],[-97.9711,31.3361],[-97.9658,31.3442],[-97.967,31.3501],[-97.9723,31.3495],[-97.9741,31.3474],[-97.9757,31.3522],[-97.9742,31.3552],[-97.9781,31.3538],[-97.9796,31.3561],[-97.9836,31.3533],[-97.9819,31.3477],[-97.9841,31.3467],[-97.9855,31.3584],[-97.989,31.3582],[-97.9884,31.3642],[-97.99,31.3655],[-97.9932,31.366],[-97.9927,31.362],[-97.9965,31.3632],[-97.9925,31.3592],[-97.9949,31.3585],[-97.9946,31.3567],[-97.9906,31.3549],[-97.994,31.353],[-97.9917,31.3505],[-97.994,31.3496],[-97.994,31.3468],[-97.9981,31.3501],[-97.9982,31.3532],[-98.0027,31.3532],[-98.0009,31.3569],[-98.0054,31.3564],[-98.0055,31.3588],[-98.0108,31.3591],[-98.0097,31.3623],[-98.0112,31.3647],[-98.0068,31.3681],[-98.0083,31.3713],[-98.013,31.3706],[-98.0176,31.3635],[-98.0197,31.3631],[-98.0199,31.3684],[-98.0252,31.367],[-98.0255,31.372],[-98.0275,31.3718],[-98.0278,31.3756],[-98.0298,31.3757],[-98.0286,31.3784],[-98.0268,31.3779],[-98.0237,31.3807],[-98.0264,31.3838],[-98.0245,31.3857],[-98.0256,31.3894],[-98.0277,31.3871],[-98.0301,31.3885],[-98.0295,31.3848],[-98.0327,31.3818],[-98.0337,31.3848],[-98.0367,31.3783],[-98.0411,31.3842],[-98.0405,31.3885],[-98.0429,31.3888],[-98.0446,31.3867],[-98.0466,31.3897],[-98.0435,31.3939],[-98.0454,31.3956],[-98.0443,31.3985],[-98.0474,31.3991],[-98.0504,31.3939],[-98.0561,31.3961],[-98.0582,31.4021],[-98.0606,31.4027],[-98.0609,31.4046],[-98.0633,31.4042],[-98.0654,31.4101],[-98.0682,31.4107],[-98.0692,31.4173],[-98.0683,31.4047],[-98.0618,31.3946],[-98.0531,31.3879],[-98.0519,31.3848],[-98.0591,31.3877],[-98.069,31.3966],[-98.072,31.3974],[-98.0694,31.3913],[-98.0732,31.3889],[-98.065,31.3881],[-98.0653,31.3852],[-98.0625,31.3846],[-98.0652,31.3827],[-98.0556,31.3813],[-98.0567,31.3782],[-98.0618,31.376],[-98.0648,31.3781],[-98.0691,31.378],[-98.0711,31.3813],[-98.0724,31.3788],[-98.0761,31.3788],[-98.0852,31.383],[-98.0859,31.3803],[-98.0754,31.3744],[-98.0713,31.374],[-98.0716,31.3724],[-98.0787,31.3701],[-98.0835,31.3711],[-98.0807,31.3696],[-98.0797,31.3657],[-98.0717,31.3681],[-98.0711,31.3631],[-98.0652,31.3702],[-98.0652,31.3668],[-98.0626,31.3645],[-98.061,31.3658],[-98.0601,31.3639],[-98.055,31.3689],[-98.0531,31.3655],[-98.0478,31.3701],[-98.0482,31.3668],[-98.0449,31.3621],[-98.0495,31.3624],[-98.05,31.3605],[-98.0535,31.3615],[-98.0558,31.3573],[-98.0479,31.3548],[-98.0463,31.3498],[-98.0544,31.3489],[-98.0641,31.3507],[-98.0622,31.3482],[-98.0554,31.3453],[-98.0457,31.3451],[-98.0383,31.3476],[-98.035,31.3456],[-98.0331,31.3498],[-98.0322,31.3471],[-98.0296,31.3465],[-98.0315,31.3411],[-98.0334,31.3438],[-98.0365,31.3433],[-98.0393,31.3458],[-98.0471,31.342],[-98.0504,31.3441],[-98.0548,31.3439],[-98.0557,31.3399],[-98.0588,31.3426],[-98.0643,31.3427],[-98.0637,31.3442],[-98.067,31.346],[-98.0668,31.3437],[-98.0693,31.3423],[-98.0742,31.3437],[-98.0725,31.3405],[-98.0668,31.3395],[-98.0729,31.338],[-98.0809,31.3402],[-98.0812,31.3381],[-98.0832,31.3387],[-98.0876,31.3441],[-98.089,31.3408],[-98.0879,31.3373],[-98.0838,31.3362],[-98.0899,31.3296],[-98.089,31.3265],[-98.0802,31.3341],[-98.0772,31.3347],[-98.0715,31.3302],[-98.0644,31.333],[-98.0684,31.3296],[-98.0735,31.3288],[-98.0659,31.3253],[-98.0627,31.3262],[-98.0611,31.3294],[-98.0597,31.3283],[-98.0571,31.3297],[-98.0557,31.3267],[-98.0529,31.3308],[-98.0551,31.3237],[-98.0536,31.3228],[-98.0503,31.327],[-98.0483,31.3263],[-98.0426,31.3299],[-98.0421,31.3279],[-98.0453,31.3254],[-98.0395,31.3219],[-98.0489,31.3211],[-98.0471,31.3179],[-98.0502,31.3167],[-98.0503,31.3141],[-98.0539,31.3147],[-98.0547,31.3172],[-98.0564,31.3148],[-98.0606,31.3141],[-98.0578,31.312],[-98.0655,31.3092],[-98.0648,31.306],[-98.0524,31.3088],[-98.0559,31.303],[-98.0551,31.3013],[-98.0605,31.2986],[-98.0552,31.2989],[-98.0535,31.2962],[-98.0502,31.3001],[-98.0492,31.3049],[-98.0459,31.3048],[-98.0448,31.3107],[-98.0414,31.3088],[-98.0384,31.3135],[-98.0388,31.3097],[-98.0357,31.3082],[-98.0395,31.3033],[-98.0341,31.3035],[-98.0374,31.2961],[-98.0313,31.3005],[-98.0296,31.2983],[-98.0291,31.3071],[-98.0319,31.313],[-98.0256,31.3219],[-98.0238,31.3176],[-98.0279,31.3128],[-98.0246,31.311],[-98.0212,31.3133],[-98.0218,31.3108],[-98.0194,31.3097],[-98.0242,31.3059],[-98.0224,31.3043],[-98.0225,31.2998],[-98.0198,31.3053],[-98.0181,31.306],[-98.0175,31.3035],[-98.0145,31.3064],[-98.0151,31.3138],[-98.013,31.3172],[-98.0135,31.3147],[-98.0104,31.3095],[-98.0079,31.3107],[-98.0041,31.3086],[-98.0051,31.3065],[-98.0136,31.303],[-98.0159,31.3002],[-98.0078,31.3022],[-98.0071,31.2997],[-98.0094,31.2963],[-98.006,31.295],[-98.0027,31.3005],[-98.001,31.2946],[-97.9998,31.305],[-97.9969,31.3065],[-97.9968,31.3125],[-97.994,31.3141],[-97.9921,31.3115],[-97.9886,31.3123],[-97.9926,31.3097],[-97.9936,31.3067],[-97.9912,31.3048],[-97.9966,31.302],[-97.997,31.2965],[-97.994,31.3003],[-97.9928,31.2957],[-97.9896,31.3002],[-97.9855,31.3017],[-97.9877,31.2945],[-97.9861,31.2922],[-97.9837,31.293],[-97.9812,31.2995],[-97.9794,31.2998],[-97.9781,31.297],[-97.9752,31.3002],[-97.9729,31.3001],[-97.9797,31.2911],[-97.9798,31.2889],[-97.9741,31.2912],[-97.9699,31.2897],[-97.9699,31.2881],[-97.9754,31.2843],[-97.9684,31.284],[-97.9654,31.282],[-97.9636,31.2848],[-97.9631,31.2812],[-97.9587,31.2807],[-97.9572,31.2822],[-97.954,31.2794],[-97.9506,31.2809],[-97.9475,31.2792],[-97.9506,31.2779],[-97.9588,31.2793],[-97.9644,31.2778],[-97.9667,31.2803],[-97.9774,31.2799],[-97.9857,31.283],[-97.9969,31.2835],[-97.9983,31.2833],[-97.9893,31.2794],[-97.9849,31.2743],[-97.9791,31.2718],[-97.9815,31.2659],[-97.9847,31.2677],[-97.9855,31.2653],[-97.9868,31.2683],[-97.9895,31.2643],[-97.9933,31.2697],[-97.995,31.2695],[-97.9942,31.2666],[-97.996,31.2669],[-97.9985,31.2721],[-98.0013,31.2708],[-97.9986,31.2646],[-98.0001,31.2643],[-98.0059,31.2679],[-98.0068,31.2708],[-98.0099,31.2698],[-98.0124,31.2729],[-98.0185,31.2719],[-98.0134,31.2686],[-98.0148,31.267],[-98.0206,31.2689],[-98.0232,31.2669],[-98.0268,31.2701],[-98.026,31.2648],[-98.0298,31.2635],[-98.0325,31.2656],[-98.035,31.2646],[-98.0295,31.2615],[-98.0256,31.2625],[-98.0271,31.2591],[-98.0243,31.2591],[-98.0236,31.2624],[-98.02,31.264],[-98.0197,31.2592],[-98.0176,31.2613],[-98.0124,31.2622],[-98.0123,31.2598],[-98.0101,31.2585],[-98.0081,31.261],[-98.0056,31.2563],[-98.0088,31.2544],[-98.0146,31.2555],[-98.0137,31.2523],[-98.0195,31.2471],[-98.0182,31.2445],[-98.0116,31.2509],[-98.0091,31.2472],[-98.0064,31.2471],[-98.0058,31.2502],[-98.0011,31.2528],[-98.0013,31.2483],[-97.9985,31.2512],[-97.997,31.25],[-97.992,31.2528],[-97.9901,31.2513],[-97.9909,31.2489],[-97.9947,31.2471],[-97.9947,31.2442],[-98.0048,31.2408],[-98.005,31.2378],[-98.0083,31.2368],[-98.0058,31.2354],[-98.0008,31.2377],[-97.9995,31.2355],[-97.9971,31.2372],[-97.9956,31.2347],[-97.9908,31.2406],[-97.9883,31.2411],[-97.9864,31.2384],[-97.9839,31.2414],[-97.9827,31.2362],[-97.9769,31.2431],[-97.9751,31.2374],[-97.9729,31.2365],[-97.969,31.2451],[-97.9653,31.2474],[-97.9667,31.2403],[-97.9637,31.2406],[-97.9616,31.2387],[-97.959,31.2393],[-97.9586,31.2417],[-97.9562,31.2401],[-97.9522,31.2419],[-97.9495,31.2388],[-97.9529,31.2378],[-97.953,31.2361],[-97.9502,31.2335],[-97.9447,31.2372],[-97.9437,31.234],[-97.9405,31.2342],[-97.9427,31.2301],[-97.9464,31.2319],[-97.9475,31.2303],[-97.9513,31.2303],[-97.9541,31.2267],[-97.9549,31.2291],[-97.958,31.2288],[-97.9592,31.2314],[-97.9627,31.2312],[-97.9657,31.2338],[-97.9664,31.2278],[-97.9698,31.2275],[-97.9704,31.2226],[-97.9733,31.2262],[-97.9782,31.2269],[-97.9792,31.2219],[-97.9843,31.2253],[-97.9867,31.2239],[-97.9897,31.2248],[-97.9901,31.2223],[-97.9963,31.2234],[-97.9963,31.2201],[-98.0076,31.2191],[-98.0039,31.2179],[-98.0005,31.2132],[-97.9942,31.2148],[-97.9926,31.2124],[-97.9996,31.2072],[-97.9965,31.2074],[-97.9942,31.2041],[-97.9929,31.2071],[-97.9888,31.2086],[-97.9879,31.2019],[-97.9806,31.2106],[-97.9795,31.208],[-97.9754,31.2085],[-97.9742,31.2055],[-97.9658,31.2068],[-97.964,31.2055],[-97.9659,31.2033],[-97.9788,31.2027],[-97.9789,31.1959],[-97.9745,31.1968],[-97.9736,31.1945],[-97.981,31.1934],[-97.9823,31.1917],[-97.9868,31.1931],[-97.994,31.1909],[-97.9866,31.1892],[-97.9917,31.1851],[-97.9845,31.1848],[-97.9796,31.189],[-97.9809,31.1837],[-97.9738,31.1874],[-97.9729,31.1825],[-97.969,31.1851],[-97.9703,31.1891],[-97.9657,31.1929],[-97.9655,31.1831],[-97.9633,31.1777],[-97.9614,31.1887],[-97.9597,31.1895],[-97.9587,31.1875],[-97.9561,31.19],[-97.9569,31.1963],[-97.9505,31.1937],[-97.9519,31.2025],[-97.9481,31.2023],[-97.9433,31.1947],[-97.9376,31.2065],[-97.9369,31.1972],[-97.9358,31.1955],[-97.9329,31.1965],[-97.9317,31.1943],[-97.9379,31.1921],[-97.9382,31.1901],[-97.9323,31.1907],[-97.9313,31.1894],[-97.9382,31.1842],[-97.9337,31.1837],[-97.9349,31.1806],[-97.9297,31.1871],[-97.9261,31.1871],[-97.9249,31.185],[-97.9212,31.1876],[-97.9249,31.19],[-97.9233,31.1922],[-97.9255,31.1975],[-97.9245,31.1992],[-97.9296,31.2113],[-97.9267,31.2142],[-97.923,31.2015],[-97.9211,31.1996],[-97.9181,31.2002],[-97.9196,31.2031],[-97.9183,31.2062],[-97.9151,31.2041],[-97.9146,31.2011],[-97.9124,31.2024],[-97.9155,31.1962],[-97.9099,31.199],[-97.9086,31.1963],[-97.9116,31.194],[-97.9104,31.1922],[-97.9088,31.1933],[-97.9071,31.1903],[-97.9059,31.1957],[-97.9031,31.1981],[-97.9073,31.2012],[-97.9079,31.2091],[-97.9052,31.2079],[-97.9034,31.2038],[-97.9008,31.2046],[-97.9022,31.212],[-97.901,31.2144],[-97.8988,31.2126],[-97.8956,31.2127],[-97.8964,31.2099],[-97.8934,31.2084],[-97.8948,31.2051],[-97.8916,31.2042],[-97.8904,31.2107],[-97.8869,31.2038],[-97.8839,31.2067],[-97.8859,31.209],[-97.8828,31.21],[-97.8878,31.2136],[-97.8891,31.2232],[-97.8876,31.2252],[-97.8841,31.2243],[-97.8821,31.2174],[-97.8798,31.2297],[-97.8771,31.23],[-97.8769,31.2328],[-97.8723,31.2313],[-97.8728,31.2282],[-97.8704,31.2271],[-97.8719,31.2227],[-97.8679,31.224],[-97.8664,31.2223],[-97.8623,31.2225],[-97.8708,31.2158],[-97.8687,31.2141],[-97.8634,31.2157],[-97.8602,31.2145],[-97.8689,31.2095],[-97.8683,31.2072],[-97.8639,31.2082],[-97.8616,31.2071],[-97.8612,31.2021],[-97.8577,31.202],[-97.8546,31.2078],[-97.8517,31.2065],[-97.8449,31.2104],[-97.8447,31.2214],[-97.8392,31.2222],[-97.8379,31.2179],[-97.8344,31.2176],[-97.8357,31.2114],[-97.8285,31.213],[-97.8288,31.2093],[-97.8244,31.2069],[-97.8189,31.2076],[-97.8179,31.2056],[-97.8227,31.2049],[-97.8247,31.2023],[-97.8315,31.2063],[-97.8372,31.2023],[-97.8352,31.2],[-97.8389,31.1976],[-97.8343,31.1956],[-97.8305,31.1978],[-97.8301,31.1959],[-97.8224,31.1941],[-97.8224,31.191],[-97.8255,31.1931],[-97.8294,31.1925],[-97.8326,31.1912],[-97.8315,31.1885],[-97.8358,31.1857],[-97.839,31.1896],[-97.8466,31.1929],[-97.849,31.1911],[-97.8433,31.184],[-97.8465,31.182],[-97.85,31.1852],[-97.8515,31.1822],[-97.8538,31.1825],[-97.8544,31.1879],[-97.8597,31.193],[-97.8627,31.1918],[-97.8622,31.1855],[-97.8661,31.1895],[-97.8672,31.1945],[-97.8697,31.1919],[-97.8685,31.1874],[-97.8741,31.1891],[-97.8769,31.1933],[-97.8788,31.1896],[-97.8739,31.1828],[-97.8733,31.1788],[-97.8781,31.1827],[-97.8833,31.1918],[-97.8865,31.1921],[-97.8872,31.1966],[-97.8902,31.1934],[-97.893,31.1946],[-97.8969,31.1927],[-97.8969,31.1894],[-97.8943,31.1894],[-97.8929,31.1874],[-97.8967,31.1846],[-97.8922,31.1843],[-97.8883,31.1873],[-97.8859,31.1856],[-97.8878,31.1819],[-97.8847,31.181],[-97.8857,31.1787],[-97.8929,31.1782],[-97.8928,31.1754],[-97.8872,31.1724],[-97.8783,31.1736],[-97.8826,31.1719],[-97.8819,31.1695],[-97.8849,31.1691],[-97.8982,31.1722],[-97.9025,31.1762],[-97.9079,31.1775],[-97.8984,31.1669],[-97.9064,31.1664],[-97.9083,31.1685],[-97.9166,31.1647],[-97.9168,31.1628],[-97.9154,31.1607],[-97.9102,31.1639],[-97.9088,31.1623],[-97.9072,31.1634],[-97.9048,31.1621],[-97.9055,31.1587],[-97.9002,31.1603],[-97.8993,31.158],[-97.8896,31.162],[-97.8911,31.1584],[-97.8949,31.1569],[-97.8946,31.1536],[-97.8989,31.1534],[-97.9025,31.1495],[-97.904,31.1522],[-97.9086,31.1514],[-97.911,31.154],[-97.9124,31.1507],[-97.9178,31.15],[-97.9263,31.1555],[-97.9257,31.1525],[-97.9284,31.1507],[-97.9277,31.1479],[-97.9222,31.1499],[-97.9221,31.1474],[-97.9153,31.1447],[-97.918,31.141],[-97.9159,31.1355],[-97.912,31.1459],[-97.9096,31.1444],[-97.9085,31.1469],[-97.9076,31.1449],[-97.9051,31.1451],[-97.9047,31.1403],[-97.9032,31.1408],[-97.9022,31.1377],[-97.8989,31.1452],[-97.8943,31.1447],[-97.892,31.1467],[-97.8877,31.1427],[-97.8867,31.1497],[-97.8836,31.148],[-97.8826,31.1491],[-97.8835,31.1558],[-97.8808,31.1563],[-97.8774,31.1496],[-97.8752,31.1529],[-97.8767,31.1559],[-97.8738,31.1558],[-97.8753,31.1593],[-97.8736,31.1628],[-97.8721,31.1633],[-97.8701,31.161],[-97.8668,31.1686],[-97.8651,31.1628],[-97.8703,31.1573],[-97.8689,31.1552],[-97.8705,31.153],[-97.8686,31.1517],[-97.8708,31.1498],[-97.8698,31.1476],[-97.8769,31.1418],[-97.8771,31.1396],[-97.8747,31.1387],[-97.877,31.1323],[-97.8657,31.1476],[-97.8638,31.1425],[-97.8621,31.1439],[-97.8626,31.1469],[-97.8607,31.1471],[-97.8632,31.1504],[-97.8588,31.1543],[-97.8584,31.1587],[-97.8558,31.1598],[-97.8572,31.1615],[-97.8553,31.1632],[-97.8559,31.1668],[-97.8523,31.1647],[-97.8499,31.1657],[-97.8537,31.1606],[-97.8539,31.1475],[-97.848,31.1542],[-97.8444,31.1532],[-97.8446,31.1588],[-97.8398,31.1545],[-97.8387,31.1598],[-97.8369,31.1602],[-97.8368,31.1581],[-97.8333,31.1597],[-97.8347,31.1674],[-97.8306,31.1654],[-97.8275,31.1685],[-97.8306,31.1568],[-97.8259,31.1594],[-97.8277,31.1553],[-97.8243,31.1539],[-97.8282,31.1521],[-97.827,31.1503],[-97.8289,31.1481],[-97.8203,31.1518],[-97.8191,31.148],[-97.8234,31.1464],[-97.8232,31.1448],[-97.8198,31.1447],[-97.8202,31.1433],[-97.8233,31.1415],[-97.8272,31.1428],[-97.8281,31.1412],[-97.833,31.1407],[-97.8357,31.1443],[-97.8378,31.1429],[-97.8358,31.1408],[-97.839,31.14],[-97.8346,31.1395],[-97.8344,31.1375],[-97.8323,31.1386],[-97.8267,31.1374],[-97.8248,31.1352],[-97.8222,31.1367],[-97.8214,31.1315],[-97.8269,31.1313],[-97.8294,31.1293],[-97.8397,31.1295],[-97.8456,31.1315],[-97.8498,31.1292],[-97.8433,31.1286],[-97.8428,31.1257],[-97.8301,31.1262],[-97.8302,31.125],[-97.8266,31.1245],[-97.8231,31.1282],[-97.8226,31.1176],[-97.8249,31.1127],[-97.8294,31.1096],[-97.8252,31.1095],[-97.8246,31.1079],[-97.8281,31.1013],[-97.8237,31.1034],[-97.8213,31.1113],[-97.8179,31.1104],[-97.8201,31.1145],[-97.8173,31.1208],[-97.8143,31.1184],[-97.8148,31.1243],[-97.8093,31.1211],[-97.8096,31.123],[-97.8059,31.1235],[-97.8153,31.1297],[-97.8155,31.132],[-97.8115,31.132],[-97.8145,31.1351],[-97.8126,31.136],[-97.8141,31.1388],[-97.8121,31.1442],[-97.8092,31.1394],[-97.808,31.1428],[-97.8025,31.1411],[-97.8027,31.1443],[-97.8076,31.1456],[-97.8067,31.1485],[-97.8091,31.1502],[-97.8064,31.1519],[-97.8102,31.1577],[-97.813,31.1584],[-97.8138,31.1679],[-97.8095,31.1678],[-97.805,31.1567],[-97.8032,31.1582],[-97.8018,31.1555],[-97.7952,31.1565],[-97.8006,31.1591],[-97.8014,31.1643],[-97.8036,31.1662],[-97.8008,31.1674],[-97.8072,31.1745],[-97.8061,31.1792],[-97.8015,31.1726],[-97.799,31.1744],[-97.8032,31.1848],[-97.8006,31.1822],[-97.7975,31.1846],[-97.7969,31.1807],[-97.7937,31.1835],[-97.7929,31.1787],[-97.7906,31.1799],[-97.7902,31.169],[-97.7877,31.1745],[-97.7857,31.1728],[-97.7847,31.1737],[-97.7897,31.1852],[-97.7866,31.1834],[-97.7839,31.1846],[-97.7816,31.181],[-97.7797,31.1877],[-97.7768,31.1873],[-97.7752,31.1961],[-97.772,31.1916],[-97.7754,31.18],[-97.7716,31.177],[-97.7692,31.1832],[-97.7681,31.1787],[-97.7651,31.1801],[-97.7659,31.1863],[-97.7634,31.1831],[-97.761,31.1824],[-97.7598,31.1839],[-97.7643,31.1945],[-97.7592,31.1924],[-97.7591,31.19],[-97.7559,31.1877],[-97.7549,31.19],[-97.7516,31.1888],[-97.7507,31.1973],[-97.7477,31.1896],[-97.7472,31.1916],[-97.7453,31.1911],[-97.7423,31.2008],[-97.7396,31.2008],[-97.7372,31.1983],[-97.7411,31.1936],[-97.7404,31.1901],[-97.7382,31.1897],[-97.7439,31.184],[-97.7362,31.1838],[-97.7395,31.1808],[-97.7392,31.1782],[-97.7444,31.1749],[-97.7409,31.1739],[-97.7397,31.1663],[-97.7362,31.1773],[-97.7327,31.1793],[-97.7333,31.1755],[-97.7305,31.177],[-97.7313,31.1818],[-97.7274,31.1883],[-97.7303,31.1911],[-97.7274,31.1945],[-97.7273,31.1984],[-97.724,31.1987],[-97.723,31.1943],[-97.7186,31.1933],[-97.722,31.1887],[-97.7185,31.189],[-97.719,31.1873],[-97.7165,31.1866],[-97.715,31.1877],[-97.7161,31.1825],[-97.7086,31.1819],[-97.7135,31.1984],[-97.712,31.1978],[-97.7097,31.2],[-97.7086,31.1949],[-97.7051,31.1967],[-97.7051,31.1953],[-97.7004,31.1938],[-97.7036,31.2014],[-97.6996,31.2002],[-97.7007,31.2031],[-97.6987,31.2053],[-97.6967,31.2026],[-97.695,31.2039],[-97.697,31.2075],[-97.6961,31.2106],[-97.6933,31.2107],[-97.6913,31.2069],[-97.6887,31.2067],[-97.6894,31.2122],[-97.6887,31.2106],[-97.6859,31.2142],[-97.6814,31.2134],[-97.6738,31.2165],[-97.6701,31.2147],[-97.6696,31.2184],[-97.6671,31.2167],[-97.6663,31.2182],[-97.663,31.2172],[-97.6647,31.2134],[-97.6626,31.213],[-97.6598,31.2158],[-97.6567,31.212],[-97.667,31.2061],[-97.6673,31.2003],[-97.6624,31.2053],[-97.6592,31.2058],[-97.6586,31.2034],[-97.6521,31.2052],[-97.6498,31.204],[-97.6504,31.2026],[-97.6552,31.1991],[-97.6509,31.1984],[-97.6531,31.1964],[-97.653,31.1928],[-97.6451,31.1986],[-97.6411,31.1977],[-97.6417,31.1944],[-97.6369,31.1975],[-97.6317,31.1969],[-97.6322,31.204],[-97.6393,31.21],[-97.6365,31.2184],[-97.6393,31.2183],[-97.6414,31.216],[-97.6479,31.2216],[-97.6451,31.2257],[-97.6498,31.2245],[-97.6509,31.2271],[-97.6581,31.2306],[-97.6607,31.2287],[-97.6618,31.2309],[-97.6643,31.2294],[-97.6675,31.2322],[-97.6678,31.2385],[-97.6643,31.2392],[-97.6649,31.2408],[-97.6699,31.2417],[-97.6693,31.2377],[-97.6729,31.2385],[-97.6723,31.2312],[-97.679,31.2311],[-97.682,31.2362],[-97.6834,31.2308],[-97.6859,31.2286],[-97.6883,31.2295],[-97.6895,31.227],[-97.6933,31.2314],[-97.6964,31.2322],[-97.694,31.2401],[-97.6963,31.2399],[-97.7004,31.2471],[-97.7001,31.2345],[-97.7021,31.2348],[-97.7027,31.2383],[-97.7086,31.2396],[-97.7059,31.2344],[-97.7075,31.2333],[-97.7111,31.2357],[-97.7094,31.2308],[-97.7181,31.2319],[-97.7217,31.2288],[-97.7079,31.2263],[-97.7095,31.2225],[-97.7153,31.2218],[-97.713,31.221],[-97.7135,31.2196],[-97.7168,31.2178],[-97.7256,31.2202],[-97.727,31.2261],[-97.7291,31.2275],[-97.7273,31.2308],[-97.7284,31.2335],[-97.7341,31.2276],[-97.7382,31.2337],[-97.737,31.2376],[-97.7336,31.2385],[-97.737,31.2411],[-97.7363,31.2458],[-97.7393,31.2488],[-97.7387,31.2613],[-97.7411,31.2605],[-97.7407,31.2565],[-97.7436,31.2494],[-97.7418,31.2439],[-97.7475,31.2466],[-97.7467,31.2432],[-97.7491,31.2425],[-97.745,31.2415],[-97.7429,31.237],[-97.7454,31.2358],[-97.7451,31.2327],[-97.7496,31.2301],[-97.7454,31.2298],[-97.7445,31.2273],[-97.7418,31.228],[-97.7364,31.2201],[-97.7433,31.2246],[-97.7442,31.2199],[-97.7529,31.224],[-97.7556,31.2165],[-97.761,31.2222],[-97.7608,31.228],[-97.7687,31.2304],[-97.7647,31.2194],[-97.7696,31.2174],[-97.7715,31.2217],[-97.7754,31.2233],[-97.7767,31.2261],[-97.7798,31.2263],[-97.7809,31.2239],[-97.7818,31.2253],[-97.7823,31.2304],[-97.7794,31.2382],[-97.7818,31.2405],[-97.7839,31.239],[-97.7831,31.2363],[-97.7865,31.2372],[-97.7894,31.2283],[-97.7937,31.2309],[-97.7988,31.2293],[-97.7969,31.2347],[-97.8027,31.2361],[-97.7991,31.2389],[-97.7997,31.2407],[-97.7967,31.2413],[-97.7981,31.2428],[-97.7966,31.2452],[-97.8016,31.2442],[-97.7984,31.2495],[-97.801,31.2503],[-97.8064,31.2453],[-97.8115,31.2488],[-97.804,31.2551],[-97.8114,31.2567],[-97.8051,31.2615],[-97.8126,31.2617],[-97.8117,31.2657],[-97.808,31.2686],[-97.8117,31.2738],[-97.8111,31.2806],[-97.8138,31.2815],[-97.8143,31.2777],[-97.8173,31.278],[-97.8161,31.2755],[-97.8179,31.2737],[-97.8148,31.2717],[-97.819,31.2691],[-97.8182,31.2666],[-97.822,31.2658],[-97.8228,31.2639],[-97.8194,31.2599],[-97.8273,31.2551],[-97.8267,31.2636],[-97.8289,31.2618],[-97.8321,31.2661],[-97.8288,31.2686],[-97.8266,31.2753],[-97.8318,31.2712],[-97.8346,31.2767],[-97.837,31.2746],[-97.8389,31.2673],[-97.8402,31.273],[-97.8467,31.2717],[-97.8412,31.277],[-97.8408,31.2785],[-97.8451,31.2801],[-97.842,31.283],[-97.8461,31.285],[-97.845,31.2872],[-97.8403,31.2866],[-97.8427,31.2899],[-97.8403,31.2925],[-97.8491,31.2893],[-97.8462,31.2934],[-97.8478,31.2966],[-97.8455,31.2982],[-97.8478,31.3038],[-97.8491,31.3004],[-97.8531,31.3],[-97.8528,31.2946],[-97.8569,31.2981],[-97.8593,31.2913],[-97.8614,31.2966],[-97.8643,31.2971],[-97.8569,31.3067],[-97.8591,31.3058],[-97.8586,31.3077],[-97.8657,31.3093],[-97.8651,31.3052],[-97.8686,31.3038],[-97.87,31.3093],[-97.8686,31.3124],[-97.8726,31.3144],[-97.8762,31.3118],[-97.8768,31.3088],[-97.8792,31.3097],[-97.8765,31.3161],[-97.8793,31.317],[-97.8802,31.3194],[-97.8771,31.3194],[-97.8753,31.3215],[-97.8727,31.3191],[-97.87,31.3214],[-97.8686,31.3228],[-97.8744,31.3264],[-97.8746,31.3284],[-97.8695,31.3295],[-97.8744,31.3321],[-97.8726,31.3355],[-97.8818,31.3345],[-97.8833,31.3328],[-97.8863,31.3369],[-97.8807,31.3369],[-97.8818,31.34],[-97.8794,31.341],[-97.8808,31.3433],[-97.877,31.343],[-97.8745,31.3396],[-97.8705,31.3435],[-97.8662,31.342],[-97.8672,31.3445],[-97.8636,31.3447],[-97.8663,31.3472],[-97.8637,31.3544],[-97.8694,31.3493],[-97.8723,31.3495],[-97.8709,31.3519],[-97.8761,31.3486],[-97.88,31.3494],[-97.8798,31.3523],[-97.8764,31.3529],[-97.8752,31.3567],[-97.8727,31.3578],[-97.8739,31.36],[-97.8725,31.3633],[-97.8758,31.3631],[-97.8775,31.3605],[-97.8798,31.3613],[-97.8802,31.3579],[-97.8869,31.3506],[-97.8884,31.351],[-97.8907,31.3466],[-97.8923,31.3477],[-97.8941,31.3458],[-97.8956,31.3511],[-97.8864,31.3546],[-97.8874,31.3574],[-97.8836,31.3631],[-97.8885,31.3632],[-97.8855,31.3658],[-97.8819,31.3654],[-97.8798,31.3698],[-97.8845,31.37],[-97.8799,31.3744],[-97.888,31.3748],[-97.8916,31.3717],[-97.8937,31.3748],[-97.8895,31.3795],[-97.8915,31.3815],[-97.8864,31.3865],[-97.8958,31.3834],[-97.8973,31.3814],[-97.8974,31.3846],[-97.9003,31.3845],[-97.9024,31.3871],[-97.8987,31.3904],[-97.9006,31.3946],[-97.9035,31.3939],[-97.9036,31.3973],[-97.9064,31.3981],[-97.9094,31.3947],[-97.9109,31.3953],[-97.9086,31.3998],[-97.897,31.3974],[-97.8964,31.3999],[-97.8907,31.4018],[-97.8954,31.4034],[-97.8943,31.4059],[-97.8957,31.4071],[-97.8983,31.403],[-97.9004,31.4047],[-97.9071,31.405],[-97.9037,31.4058],[-97.9058,31.4085],[-97.904,31.4102],[-97.9029,31.4089],[-97.9017,31.4106],[-97.9,31.41],[-97.9008,31.4125],[-97.8982,31.4137],[-97.8986,31.4167],[-97.8953,31.4198],[-97.9,31.4179],[-97.9002,31.4221],[-97.9017,31.4216],[-97.903,31.4241],[-97.9016,31.4196],[-97.9031,31.417],[-97.9063,31.4186],[-97.907,31.4156],[-97.9089,31.4162],[-97.9109,31.4141],[-97.9095,31.4127],[-97.913,31.4125],[-97.9139,31.4105],[-97.9161,31.4112],[-97.9161,31.4054],[-97.921,31.4042],[-97.9218,31.4095],[-97.9197,31.4116],[-97.9247,31.4139],[-97.9138,31.4173],[-97.9207,31.4207],[-97.9161,31.4219],[-97.9189,31.4232],[-97.9166,31.4258],[-97.9202,31.4274],[-97.92,31.4304],[-97.914,31.4295],[-97.9169,31.4325],[-97.9132,31.4382],[-97.9189,31.4355],[-97.9235,31.4412],[-97.923,31.4341],[-97.9261,31.4321],[-97.9283,31.4267],[-97.9302,31.431],[-97.9276,31.4357],[-97.9336,31.4418],[-97.9302,31.4437],[-97.9311,31.4454],[-97.9286,31.4476],[-97.9316,31.4486],[-97.9309,31.4516],[-97.9251,31.4523],[-97.9287,31.4536],[-97.9291,31.4558],[-97.9308,31.4544],[-97.9307,31.4578],[-97.932,31.4571],[-97.9333,31.4592],[-97.9345,31.4526],[-97.9376,31.4523],[-97.9401,31.4473],[-97.9426,31.4511],[-97.9395,31.457],[-97.9407,31.4565],[-97.942,31.4603],[-97.9448,31.4551],[-97.9478,31.4608],[-97.9495,31.448],[-97.9504,31.4509],[-97.9523,31.4502],[-97.9552,31.4577],[-97.9578,31.4526],[-97.9622,31.4578],[-97.956,31.4635],[-97.9603,31.4636],[-97.9592,31.467],[-97.9556,31.469],[-97.9609,31.4678],[-97.9613,31.4713],[-97.9635,31.4697],[-97.9651,31.4723],[-97.9672,31.4719],[-97.9638,31.4659],[-97.9655,31.4643],[-97.967,31.4656],[-97.9701,31.4579],[-97.9715,31.4603],[-97.9739,31.459],[-97.9725,31.4658],[-97.9753,31.4672],[-97.9782,31.4643],[-97.9743,31.4738],[-97.9808,31.4692],[-97.9811,31.4741],[-97.9841,31.4747],[-97.9865,31.4708],[-97.9872,31.4759],[-97.992,31.4756],[-97.9891,31.4795],[-97.9865,31.4798],[-97.9876,31.4826],[-97.9831,31.4834],[-97.9832,31.4852],[-97.9863,31.4856],[-97.9857,31.4895],[-97.9919,31.4847],[-97.9922,31.4899],[-97.9945,31.4879],[-97.9984,31.4964],[-97.9982,31.4867],[-98.0,31.4871],[-98.0001,31.4818],[-98.0042,31.4822],[-98.0039,31.492],[-98.0065,31.4926],[-98.0069,31.4962],[-98.0102,31.4956],[-98.0101,31.4898],[-98.0126,31.4882],[-98.0147,31.4986],[-98.0175,31.4954],[-98.0193,31.4881],[-98.0215,31.4872],[-98.0206,31.5061],[-98.0227,31.5041],[-98.0252,31.5064],[-98.0277,31.4995],[-98.0332,31.4958],[-98.0341,31.498],[-98.031,31.5035],[-98.0342,31.5033],[-98.0357,31.5076],[-98.0378,31.5045],[-98.0399,31.5065],[-98.0375,31.5122],[-98.0406,31.5129],[-98.0419,31.5103],[-98.0449,31.5107],[-98.0478,31.5067],[-98.0476,31.5135],[-98.0434,31.5182],[-98.0514,31.5172],[-98.0478,31.5217],[-98.0502,31.5249],[-98.0531,31.5223],[-98.0585,31.523],[-98.0547,31.5284],[-98.0567,31.5294],[-98.0565,31.5318],[-98.0638,31.5265],[-98.07,31.5269],[-98.0662,31.5322],[-98.0696,31.5324],[-98.0706,31.5362],[-98.0636,31.5395],[-98.0673,31.5399],[-98.0657,31.5445],[-98.0664,31.5457],[-98.0774,31.5416],[-98.0761,31.5482],[-98.0817,31.5479],[-98.0811,31.5519],[-98.0722,31.5537],[-98.0755,31.5545],[-98.0754,31.5584],[-98.0785,31.5566],[-98.0762,31.562],[-98.0779,31.5627],[-98.0814,31.5598],[-98.0863,31.5621],[-98.0886,31.5575],[-98.0915,31.5578],[-98.0917,31.5616],[-98.0949,31.5627],[-98.0901,31.5707],[-98.0945,31.5691],[-98.0975,31.5721],[-98.0988,31.5685],[-98.1007,31.5683],[-98.1056,31.5735],[-98.102,31.5766],[-98.1017,31.5816],[-98.1063,31.5783],[-98.1132,31.5781],[-98.1076,31.583],[-98.1086,31.588],[-98.1141,31.5846],[-98.1134,31.5896],[-98.1183,31.5897],[-98.1166,31.5931],[-98.1129,31.5948],[-98.1156,31.5973],[-98.1129,31.5995],[-98.1145,31.6015],[-98.1247,31.5947],[-98.1253,31.5985],[-98.12,31.6093],[-98.1222,31.6109],[-98.1307,31.6051],[-98.1304,31.6147],[-98.135,31.6128],[-98.1375,31.6158],[-98.1339,31.621],[-98.1367,31.6213],[-98.1388,31.6254],[-98.1365,31.6281],[-98.1402,31.6289],[-98.1403,31.6312],[-98.1371,31.6328],[-98.1413,31.6344],[-98.145,31.6393],[-98.1437,31.6254],[-98.147,31.6248],[-98.1473,31.6183],[-98.1491,31.6175],[-98.1517,31.6213],[-98.1555,31.6201],[-98.1569,31.6227],[-98.1551,31.6255],[-98.1558,31.629],[-98.1626,31.6232],[-98.1648,31.6238],[-98.1637,31.6263],[-98.1652,31.6283],[-98.1614,31.6337],[-98.1621,31.6369],[-98.1657,31.6325],[-98.1679,31.6347],[-98.1717,31.6254],[-98.176,31.6269],[-98.1779,31.6299],[-98.1839,31.6302],[-98.1751,31.6367],[-98.1755,31.6379],[-98.1839,31.6363],[-98.185,31.6424],[-98.1874,31.6389],[-98.1897,31.6387],[-98.194,31.6534],[-98.1953,31.6523],[-98.193,31.649],[-98.1965,31.641],[-98.2017,31.6465],[-98.2038,31.6435],[-98.2072,31.6489],[-98.2039,31.6565],[-98.208,31.6553],[-98.2083,31.6579],[-98.2118,31.6584],[-98.2117,31.6645],[-98.214,31.6625],[-98.2171,31.6651],[-98.2162,31.657],[-98.2137,31.6548],[-98.2158,31.6513],[-98.2191,31.6501],[-98.2225,31.6524],[-98.2272,31.661],[-98.2285,31.6522],[-98.2334,31.6563],[-98.2354,31.667],[-98.2379,31.6642],[-98.2384,31.6592],[-98.2433,31.6601],[-98.2433,31.671],[-98.2456,31.669],[-98.2487,31.67],[-98.2478,31.6661],[-98.2513,31.662],[-98.2547,31.668],[-98.2598,31.6653],[-98.2665,31.6697],[-98.2648,31.6743],[-98.2659,31.6777],[-98.2675,31.6767],[-98.2709,31.6787],[-98.2687,31.6744],[-98.2731,31.6683],[-98.2818,31.6698],[-98.2821,31.6743],[-98.2877,31.6729],[-98.2892,31.6755],[-98.2878,31.6839],[-98.2929,31.6803],[-98.2966,31.6836],[-98.2972,31.6789],[-98.3018,31.6808],[-98.2997,31.6776],[-98.2949,31.6754],[-98.2941,31.673],[-98.2958,31.6725],[-98.3097,31.6774],[-98.31,31.6797],[-98.3135,31.6806],[-98.3153,31.684],[-98.3178,31.6791],[-98.3213,31.679],[-98.3222,31.6885],[-98.3259,31.6838],[-98.3246,31.6807],[-98.3272,31.6783],[-98.3372,31.6806],[-98.3419,31.6836],[-98.3415,31.6894],[-98.3459,31.6873],[-98.3482,31.6913],[-98.3518,31.6908],[-98.3558,31.693],[-98.3562,31.697],[-98.3577,31.6946],[-98.3603,31.6946],[-98.3663,31.7]],[[-97.911,31.2523],[-97.9149,31.2485],[-97.9181,31.2552],[-97.9236,31.2567],[-97.9273,31.2632],[-97.9317,31.262],[-97.932,31.2655],[-97.927,31.2681],[-97.9227,31.2627],[-97.9194,31.264],[-97.916,31.2631],[-97.9136,31.2692],[-97.9116,31.267],[-97.9069,31.2683],[-97.9054,31.2649],[-97.9027,31.2635],[-97.8983,31.2643],[-97.8983,31.2595],[-97.9061,31.263],[-97.9077,31.2601],[-97.9099,31.264],[-97.9194,31.2594],[-97.9184,31.2573],[-97.9152,31.2569],[-97.9145,31.2528],[-97.911,31.2523]],[[-97.9602,31.2668],[-97.9613,31.264],[-97.9623,31.2667],[-97.9734,31.2665],[-97.9765,31.2684],[-97.9766,31.2717],[-97.972,31.2712],[-97.9701,31.2688],[-97.9619,31.2698],[-97.9602,31.2668]],[[-97.9415,31.2757],[-97.9344,31.267],[-97.9376,31.2676],[-97.9383,31.2702],[-97.9409,31.27],[-97.9452,31.2752],[-97.9415,31.2757]],[[-97.9539,31.4263],[-97.9583,31.424],[-97.962,31.4248],[-97.9591,31.4273],[-97.9539,31.4263]],[[-97.9539,31.2645],[-97.9553,31.2636],[-97.958,31.2675],[-97.9556,31.2687],[-97.9539,31.2645]],[[-97.9496,31.2618],[-97.9508,31.2635],[-97.9481,31.2628],[-97.9484,31.261],[-97.9496,31.2618]]]}},
{"type":"Feature","properties":{"name":"Trinity"},"geometry":{"type":"Polygon","coordinates":[[[-97.9281,31.5392],[-97.9216,31.533],[-97.9186,31.5336],[-97.9237,31.5397],[-97.923,31.5426],[-97.9251,31.5405],[-97.9293,31.542],[-97.93,31.544],[-97.9324,31.5436],[-97.9334,31.5498],[-97.9362,31.5494],[-97.9386,31.5469],[-97.9368,31.5429],[-97.9386,31.5403],[-97.9346,31.5378],[-97.9335,31.5401],[-97.9301,31.5381],[-97.9281,31.5392]]]}},
{"type":"Feature","properties":{"name":"Trinity"},"geometry":{"type":"Polygon","coordinates":[[[-98.3424,31.5162],[-98.3364,31.5139],[-98.3338,31.5146],[-98.3289,31.5114],[-98.3204,31.5115],[-98.32,31.5069],[-98.3129,31.5025],[-98.3161,31.5005],[-98.3151,31.4981],[-98.3121,31.4989],[-98.313,31.494],[-98.3096,31.4978],[-98.3053,31.4991],[-98.2972,31.4956],[-98.2974,31.4916],[-98.2946,31.4907],[-98.2929,31.492],[-98.2894,31.4897],[-98.2922,31.4856],[-98.2877,31.4845],[-98.2918,31.4813],[-98.2937,31.4761],[-98.2826,31.4838],[-98.282,31.4798],[-98.2772,31.4801],[-98.28,31.4774],[-98.2854,31.4767],[-98.2869,31.4728],[-98.2909,31.4713],[-98.2913,31.4683],[-98.2807,31.4691],[-98.2775,31.4731],[-98.2756,31.4716],[-98.274,31.4733],[-98.2731,31.4695],[-98.2683,31.4722],[-98.2686,31.4702],[-98.2663,31.4692],[-98.2676,31.4672],[-98.2714,31.4681],[-98.2724,31.4658],[-98.2759,31.4672],[-98.2771,31.4646],[-98.2841,31.4646],[-98.2828,31.4616],[-98.2784,31.4604],[-98.2857,31.4564],[-98.2839,31.4538],[-98.2746,31.4558],[-98.2747,31.4575],[-98.2721,31.457],[-98.2727,31.459],[-98.2682,31.4606],[-98.2689,31.4574],[-98.2654,31.4595],[-98.2644,31.4567],[-98.262,31.461],[-98.2618,31.4568],[-98.2559,31.4544],[-98.2627,31.455],[-98.2633,31.4526],[-98.2676,31.4541],[-98.2673,31.4521],[-98.2699,31.4524],[-98.2693,31.4499],[-98.2732,31.452],[-98.2745,31.4471],[-98.271,31.4476],[-98.2702,31.4457],[-98.2745,31.4437],[-98.2797,31.4452],[-98.2765,31.4411],[-98.2819,31.4372],[-98.2689,31.4393],[-98.2627,31.4439],[-98.2631,31.4399],[-98.2613,31.4379],[-98.2574,31.4431],[-98.2558,31.4397],[-98.2529,31.4409],[-98.2569,31.4362],[-98.2524,31.4367],[-98.2544,31.4322],[-98.2503,31.4296],[-98.2476,31.437],[-98.2433,31.4379],[-98.2462,31.4327],[-98.2419,31.4324],[-98.2423,31.4303],[-98.2377,31.4286],[-98.2381,31.4265],[-98.2418,31.4263],[-98.2411,31.4233],[-98.2479,31.4285],[-98.2489,31.4247],[-98.2539,31.4282],[-98.2513,31.4215],[-98.2551,31.4204],[-98.2604,31.4305],[-98.2632,31.43],[-98.2639,31.4242],[-98.2678,31.4303],[-98.2704,31.4282],[-98.2724,31.4326],[-98.2754,31.4284],[-98.2774,31.4306],[-98.2819,31.4307],[-98.2832,31.4358],[-98.2868,31.4333],[-98.2896,31.4356],[-98.2917,31.4334],[-98.2922,31.4447],[-98.294,31.4433],[-98.2953,31.4457],[-98.296,31.4404],[-98.2986,31.4413],[-98.3004,31.438],[-98.3011,31.4397],[-98.3036,31.4396],[-98.3,31.4426],[-98.3015,31.4469],[-98.2989,31.4473],[-98.2999,31.4489],[-98.2966,31.4514],[-98.2972,31.4527],[-98.3022,31.4503],[-98.3016,31.4546],[-98.2993,31.4559],[-98.3004,31.4589],[-98.3029,31.4589],[-98.3043,31.4612],[-98.3035,31.4571],[-98.3082,31.4489],[-98.3102,31.4575],[-98.3131,31.4612],[-98.3157,31.4563],[-98.3147,31.4549],[-98.3164,31.4534],[-98.3185,31.4554],[-98.32,31.4581],[-98.3193,31.4655],[-98.3222,31.4651],[-98.3234,31.4602],[-98.3284,31.4662],[-98.3315,31.4637],[-98.3302,31.4605],[-98.3322,31.4592],[-98.33,31.4559],[-98.3244,31.4544],[-98.3259,31.4524],[-98.3239,31.4504],[-98.3215,31.4512],[-98.3156,31.4431],[-98.3202,31.4465],[-98.3243,31.4443],[-98.325,31.4493],[-98.3293,31.4503],[-98.3312,31.4483],[-98.3323,31.452],[-98.3365,31.4503],[-98.3384,31.4556],[-98.3396,31.454],[-98.3418,31.4555],[-98.3422,31.4504],[-98.3473,31.4525],[-98.3452,31.4585],[-98.3495,31.457],[-98.3498,31.4591],[-98.3458,31.4644],[-98.3495,31.4638],[-98.3467,31.468],[-98.3512,31.466],[-98.3527,31.4623],[-98.3546,31.468],[-98.3561,31.4643],[-98.3542,31.4576],[-98.3598,31.4615],[-98.3623,31.4611],[-98.3639,31.4635],[-98.3638,31.4657],[-98.3613,31.4667],[-98.3627,31.4716],[-98.3593,31.4762],[-98.3626,31.4751],[-98.363,31.4797],[-98.3608,31.4832],[-98.3629,31.4827],[-98.3642,31.4867],[-98.3679,31.4848],[-98.3656,31.4807],[-98.3673,31.4767],[-98.3696,31.4771],[-98.3691,31.4723],[-98.3722,31.4725],[-98.3712,31.4676],[-98.3733,31.4658],[-98.3757,31.4702],[-98.3777,31.4655],[-98.3824,31.4677],[-98.3798,31.4716],[-98.3814,31.4755],[-98.3803,31.4794],[-98.3833,31.4802],[-98.3847,31.484],[-98.3871,31.4811],[-98.3916,31.4831],[-98.3869,31.475],[-98.389,31.4725],[-98.3963,31.4726],[-98.4027,31.4774],[-98.4106,31.4773],[-98.4134,31.48],[-98.4101,31.4815],[-98.4156,31.4854],[-98.409,31.4885],[-98.4086,31.495],[-98.4108,31.4912],[-98.4193,31.4889],[-98.4229,31.4971],[-98.4211,31.4988],[-98.4221,31.5027],[-98.4194,31.5047],[-98.4207,31.5073],[-98.4261,31.501],[-98.427,31.4966],[-98.432,31.4996],[-98.4336,31.5017],[-98.4316,31.5045],[-98.4352,31.5078],[-98.434,31.5175],[-98.437,31.5178],[-98.4378,31.5298],[-98.4398,31.5272],[-98.4422,31.5315],[-98.4438,31.5305],[-98.4437,31.5282],[-98.4408,31.5269],[-98.4433,31.5207],[-98.452,31.5257],[-98.4521,31.5279],[-98.4564,31.5295],[-98.4592,31.5354],[-98.4632,31.5378],[-98.4602,31.532],[-98.4627,31.5312],[-98.4612,31.5265],[-98.4579,31.525],[-98.4577,31.5229],[-98.4548,31.5236],[-98.4531,31.5202],[-98.4451,31.5182],[-98.4464,31.5166],[-98.4425,31.5122],[-98.441,31.5032],[-98.4455,31.5022],[-98.4475,31.504],[-98.448,31.5026],[-98.4515,31.508],[-98.4533,31.507],[-98.4562,31.5089],[-98.4566,31.5063],[-98.4642,31.5131],[-98.4749,31.5151],[-98.4606,31.5083],[-98.4567,31.5026],[-98.4491,31.4989],[-98.4479,31.4947],[-98.4442,31.498],[-98.4411,31.497],[-98.4418,31.4934],[-98.4376,31.4943],[-98.4355,31.4909],[-98.4374,31.4896],[-98.4369,31.4871],[-98.43,31.4856],[-98.4273,31.4833],[-98.4277,31.4814],[-98.4304,31.4827],[-98.4329,31.4811],[-98.4348,31.4827],[-98.4367,31.4808],[-98.4376,31.4825],[-98.4406,31.4824],[-98.4389,31.4778],[-98.4444,31.4732],[-98.4391,31.4706],[-98.4339,31.4747],[-98.4324,31.473],[-98.4297,31.4746],[-98.4306,31.4707],[-98.4244,31.4707],[-98.4225,31.4673],[-98.4346,31.4657],[-98.4355,31.4622],[-98.4396,31.4637],[-98.4412,31.4617],[-98.4446,31.4625],[-98.4455,31.4571],[-98.449,31.4585],[-98.4498,31.462],[-98.4541,31.4607],[-98.4544,31.4634],[-98.4572,31.4613],[-98.4591,31.4632],[-98.4591,31.4584],[-98.4634,31.4616],[-98.4676,31.4609],[-98.4706,31.463],[-98.4686,31.4598],[-98.4713,31.459],[-98.4591,31.4538],[-98.4708,31.4526],[-98.4816,31.4475],[-98.4883,31.4497],[-98.488,31.4462],[-98.4906,31.4422],[-98.4894,31.4401],[-98.4928,31.4363],[-98.4875,31.4392],[-98.4875,31.4419],[-98.4829,31.4427],[-98.4814,31.4408],[-98.4741,31.4454],[-98.4718,31.442],[-98.4712,31.4451],[-98.4677,31.4444],[-98.4642,31.4472],[-98.4621,31.4462],[-98.4626,31.4434],[-98.4564,31.4463],[-98.4572,31.441],[-98.4603,31.4396],[-98.4574,31.438],[-98.458,31.4355],[-98.4556,31.4348],[-98.4608,31.4296],[-98.4605,31.4278],[-98.4591,31.4283],[-98.4618,31.4243],[-98.4609,31.4217],[-98.4576,31.4244],[-98.4559,31.4299],[-98.4531,31.4316],[-98.4514,31.4307],[-98.4521,31.4341],[-98.4487,31.4358],[-98.4509,31.4394],[-98.4483,31.4394],[-98.4491,31.4437],[-98.4462,31.447],[-98.4433,31.4399],[-98.4422,31.4438],[-98.4377,31.4416],[-98.4368,31.4433],[-98.4388,31.4456],[-98.4372,31.4468],[-98.4341,31.4449],[-98.4305,31.4468],[-98.4297,31.443],[-98.4267,31.446],[-98.4254,31.4445],[-98.4228,31.4477],[-98.4185,31.4483],[-98.4182,31.4465],[-98.4224,31.4442],[-98.4231,31.4417],[-98.4264,31.441],[-98.4277,31.4333],[-98.4204,31.4368],[-98.4179,31.4415],[-98.4097,31.4394],[-98.4077,31.4411],[-98.4101,31.4441],[-98.4083,31.4447],[-98.4073,31.4494],[-98.4062,31.4454],[-98.4028,31.4426],[-98.4017,31.4506],[-98.3987,31.4464],[-98.3964,31.4494],[-98.3969,31.4433],[-98.3926,31.4438],[-98.3917,31.4398],[-98.4022,31.4399],[-98.4056,31.4363],[-98.4017,31.4361],[-98.4012,31.4342],[-98.3988,31.4364],[-98.3951,31.4352],[-98.3963,31.4307],[-98.3931,31.4322],[-98.3946,31.4274],[-98.3908,31.4287],[-98.3892,31.4261],[-98.3896,31.4335],[-98.3856,31.4334],[-98.3859,31.4373],[-98.3833,31.4354],[-98.3812,31.4404],[-98.3783,31.4424],[-98.3806,31.4387],[-98.3777,31.4374],[-98.3799,31.4342],[-98.3788,31.4315],[-98.376,31.4335],[-98.3741,31.4317],[-98.3711,31.4361],[-98.3717,31.4317],[-98.3699,31.4295],[-98.3678,31.4314],[-98.3654,31.4281],[-98.3629,31.428],[-98.3721,31.4243],[-98.3761,31.4261],[-98.3737,31.4236],[-98.3785,31.4228],[-98.3767,31.4213],[-98.3779,31.4199],[-98.3763,31.4183],[-98.3783,31.4181],[-98.3767,31.4161],[-98.3739,31.4181],[-98.3712,31.4167],[-98.3705,31.4194],[-98.366,31.4207],[-98.365,31.4187],[-98.3675,31.4175],[-98.3692,31.4134],[-98.3668,31.4132],[-98.3635,31.4162],[-98.3604,31.4122],[-98.3597,31.4172],[-98.3582,31.4147],[-98.3555,31.4156],[-98.3574,31.4197],[-98.3543,31.4232],[-98.3542,31.4277],[-98.3533,31.4218],[-98.3506,31.4222],[-98.3524,31.4179],[-98.3473,31.4192],[-98.3452,31.4174],[-98.3434,31.4233],[-98.3405,31.4252],[-98.3409,31.4217],[-98.3356,31.4222],[-98.345,31.4136],[-98.3391,31.4141],[-98.3403,31.4099],[-98.3355,31.4122],[-98.3356,31.4087],[-98.3327,31.4108],[-98.3325,31.4139],[-98.3304,31.4137],[-98.3235,31.421],[-98.3211,31.4184],[-98.3248,31.4161],[-98.3252,31.4132],[-98.3221,31.4142],[-98.3222,31.4124],[-98.3176,31.4121],[-98.3247,31.4079],[-98.3269,31.41],[-98.3278,31.407],[-98.3328,31.4074],[-98.3349,31.4044],[-98.3386,31.4036],[-98.3376,31.4017],[-98.3302,31.4043],[-98.3307,31.403],[-98.3272,31.4026],[-98.3319,31.3963],[-98.3346,31.3961],[-98.3347,31.3923],[-98.3258,31.3977],[-98.3287,31.3909],[-98.3217,31.3933],[-98.3224,31.403],[-98.3207,31.3999],[-98.3195,31.4031],[-98.3173,31.4036],[-98.3181,31.4013],[-98.3156,31.399],[-98.3174,31.399],[-98.3173,31.3961],[-98.3129,31.3952],[-98.3105,31.398],[-98.3128,31.3997],[-98.3127,31.4045],[-98.3103,31.4035],[-98.3089,31.4095],[-98.3084,31.4073],[-98.3048,31.4061],[-98.3041,31.4119],[-98.3008,31.4109],[-98.2999,31.4083],[-98.2967,31.4101],[-98.2948,31.4092],[-98.3026,31.4018],[-98.2972,31.4019],[-98.2983,31.397],[-98.2859,31.4047],[-98.2859,31.4021],[-98.2828,31.4006],[-98.2862,31.4009],[-98.2872,31.3984],[-98.29,31.3987],[-98.2941,31.3956],[-98.2904,31.3909],[-98.3009,31.3905],[-98.3046,31.3884],[-98.2989,31.3872],[-98.3018,31.3845],[-98.2975,31.3824],[-98.2951,31.3837],[-98.2923,31.3826],[-98.2889,31.3774],[-98.2864,31.3777],[-98.2867,31.3829],[-98.2804,31.3848],[-98.2803,31.3865],[-98.2754,31.3817],[-98.2723,31.3877],[-98.2695,31.3857],[-98.2687,31.3953],[-98.2653,31.3912],[-98.263,31.3947],[-98.2612,31.394],[-98.2655,31.3864],[-98.2619,31.3881],[-98.2622,31.3843],[-98.2591,31.3843],[-98.2556,31.3936],[-98.2529,31.3913],[-98.2529,31.4],[-98.2505,31.4015],[-98.2519,31.3985],[-98.2505,31.3924],[-98.2473,31.3921],[-98.2497,31.3889],[-98.2487,31.3876],[-98.2521,31.3866],[-98.2544,31.3825],[-98.248,31.3852],[-98.2469,31.3792],[-98.2444,31.3843],[-98.2415,31.3828],[-98.2418,31.3883],[-98.238,31.3872],[-98.2404,31.3917],[-98.2394,31.395],[-98.2366,31.394],[-98.2359,31.3912],[-98.2331,31.3914],[-98.2344,31.3846],[-98.2325,31.3864],[-98.23,31.3857],[-98.231,31.3891],[-98.2294,31.3888],[-98.2301,31.3919],[-98.2277,31.3932],[-98.231,31.3958],[-98.2288,31.3964],[-98.2301,31.4006],[-98.2276,31.4023],[-98.2248,31.3951],[-98.2217,31.3991],[-98.2182,31.3985],[-98.2143,31.4042],[-98.2095,31.3999],[-98.2059,31.4009],[-98.204,31.3996],[-98.2121,31.3978],[-98.2138,31.3999],[-98.2193,31.3968],[-98.2214,31.3914],[-98.2213,31.3899],[-98.2157,31.3917],[-98.2215,31.3855],[-98.2158,31.3855],[-98.2081,31.3901],[-98.2133,31.3831],[-98.2062,31.3817],[-98.2064,31.3776],[-98.2009,31.3822],[-98.203,31.3779],[-98.2014,31.3755],[-98.2023,31.3703],[-98.2065,31.3757],[-98.2118,31.375],[-98.2145,31.3781],[-98.2112,31.3696],[-98.2142,31.3691],[-98.2214,31.3768],[-98.2222,31.373],[-98.2204,31.3711],[-98.2227,31.3679],[-98.2192,31.3654],[-98.2199,31.362],[-98.2163,31.3588],[-98.2175,31.357],[-98.2254,31.3662],[-98.2272,31.363],[-98.2317,31.3647],[-98.2319,31.3713],[-98.2357,31.3698],[-98.2362,31.3772],[-98.2409,31.3751],[-98.241,31.3676],[-98.2463,31.3703],[-98.2489,31.3746],[-98.2497,31.3712],[-98.2522,31.3712],[-98.2538,31.3686],[-98.2567,31.3705],[-98.2582,31.3762],[-98.26,31.3723],[-98.2632,31.3726],[-98.2657,31.3756],[-98.2703,31.3749],[-98.266,31.3715],[-98.271,31.3668],[-98.2617,31.3678],[-98.2653,31.361],[-98.2582,31.3618],[-98.2601,31.3594],[-98.2586,31.356],[-98.2606,31.355],[-98.2591,31.3509],[-98.255,31.3533],[-98.2519,31.3598],[-98.2518,31.3566],[-98.2468,31.3573],[-98.2466,31.3553],[-98.2493,31.3539],[-98.2481,31.3519],[-98.2446,31.3509],[-98.2413,31.3533],[-98.2403,31.351],[-98.2355,31.3525],[-98.2325,31.3505],[-98.2368,31.35],[-98.2394,31.3461],[-98.2458,31.3479],[-98.2451,31.3443],[-98.2528,31.348],[-98.2536,31.3448],[-98.2575,31.345],[-98.2585,31.3427],[-98.2692,31.3464],[-98.2594,31.3352],[-98.2582,31.3327],[-98.2598,31.3306],[-98.2616,31.3342],[-98.2664,31.3341],[-98.2663,31.3375],[-98.2717,31.3376],[-98.2718,31.3425],[-98.2745,31.3408],[-98.2752,31.3449],[-98.2777,31.3417],[-98.2798,31.3449],[-98.2812,31.3434],[-98.2843,31.3443],[-98.2802,31.3383],[-98.2797,31.3325],[-98.2814,31.3351],[-98.2841,31.3347],[-98.2859,31.3407],[-98.2918,31.3421],[-98.2926,31.3458],[-98.2955,31.3403],[-98.2921,31.3363],[-98.295,31.3364],[-98.2958,31.3344],[-98.2965,31.3377],[-98.3016,31.3383],[-98.2993,31.3403],[-98.3012,31.3451],[-98.2981,31.3468],[-98.3016,31.3522],[-98.3055,31.3504],[-98.3082,31.3456],[-98.3098,31.3463],[-98.3122,31.3445],[-98.3125,31.3464],[-98.302,31.355],[-98.3055,31.3557],[-98.3048,31.3593],[-98.3083,31.3592],[-98.3084,31.3548],[-98.3136,31.3548],[-98.3141,31.3526],[-98.3171,31.3554],[-98.3245,31.3557],[-98.3209,31.352],[-98.3205,31.3469],[-98.3177,31.3431],[-98.3184,31.3405],[-98.3202,31.3434],[-98.3243,31.3407],[-98.324,31.3502],[-98.3298,31.3526],[-98.3319,31.3514],[-98.3326,31.3561],[-98.3347,31.3553],[-98.3382,31.3575],[-98.3389,31.3525],[-98.3467,31.3558],[-98.3387,31.3607],[-98.3404,31.3681],[-98.3431,31.3639],[-98.3484,31.3625],[-98.3464,31.3671],[-98.3479,31.3716],[-98.3491,31.3686],[-98.3518,31.3695],[-98.3541,31.3594],[-98.356,31.3601],[-98.3555,31.365],[-98.3574,31.3653],[-98.358,31.3692],[-98.3608,31.3687],[-98.3549,31.3772],[-98.3609,31.3775],[-98.3633,31.374],[-98.3613,31.3796],[-98.3642,31.3805],[-98.3674,31.3759],[-98.3667,31.3779],[-98.3694,31.3809],[-98.3669,31.387],[-98.3699,31.3862],[-98.3726,31.3885],[-98.3729,31.3837],[-98.3758,31.3817],[-98.3789,31.3852],[-98.38,31.3926],[-98.3818,31.3895],[-98.3856,31.3911],[-98.3825,31.3842],[-98.3888,31.3836],[-98.3817,31.3807],[-98.3771,31.3716],[-98.373,31.3721],[-98.3723,31.3694],[-98.3692,31.3691],[-98.3665,31.3631],[-98.3677,31.3597],[-98.3716,31.364],[-98.3742,31.3625],[-98.3748,31.3659],[-98.3777,31.3639],[-98.3804,31.3708],[-98.382,31.3651],[-98.3845,31.3655],[-98.3866,31.3722],[-98.3894,31.3667],[-98.3904,31.371],[-98.3881,31.3739],[-98.3886,31.3765],[-98.3952,31.375],[-98.3958,31.3708],[-98.3988,31.3727],[-98.3984,31.3758],[-98.4028,31.3738],[-98.398,31.382],[-98.4012,31.3855],[-98.4046,31.3864],[-98.4045,31.3822],[-98.408,31.3769],[-98.4124,31.3769],[-98.409,31.3727],[-98.4145,31.3735],[-98.4162,31.3771],[-98.4146,31.3807],[-98.4179,31.3817],[-98.4195,31.3873],[-98.4234,31.3887],[-98.4236,31.3922],[-98.4284,31.3919],[-98.4226,31.3771],[-98.4252,31.3769],[-98.4285,31.3814],[-98.4327,31.3809],[-98.4342,31.3793],[-98.4298,31.3776],[-98.4309,31.3758],[-98.4281,31.374],[-98.4316,31.3715],[-98.4301,31.37],[-98.436,31.3683],[-98.4382,31.3708],[-98.4437,31.3718],[-98.4458,31.3686],[-98.4423,31.3681],[-98.4394,31.365],[-98.4473,31.3581],[-98.4351,31.3638],[-98.4233,31.3659],[-98.4204,31.3701],[-98.4174,31.365],[-98.4229,31.3584],[-98.4087,31.3632],[-98.4042,31.3625],[-98.4091,31.3582],[-98.4155,31.3562],[-98.4166,31.354],[-98.4142,31.3525],[-98.4069,31.3541],[-98.4077,31.348],[-98.4145,31.3443],[-98.4039,31.3452],[-98.4025,31.3507],[-98.3977,31.3559],[-98.3987,31.3495],[-98.3961,31.3485],[-98.3904,31.3519],[-98.3913,31.3485],[-98.3873,31.3475],[-98.3948,31.343],[-98.3953,31.3397],[-98.3873,31.3412],[-98.3866,31.3374],[-98.382,31.3395],[-98.3782,31.3459],[-98.3774,31.3441],[-98.3741,31.3458],[-98.3723,31.3446],[-98.3774,31.3429],[-98.3831,31.3332],[-98.3805,31.3318],[-98.3785,31.3332],[-98.3755,31.3313],[-98.3688,31.336],[-98.3678,31.3319],[-98.3646,31.3289],[-98.3609,31.329],[-98.3584,31.3317],[-98.3596,31.3281],[-98.3566,31.3281],[-98.3559,31.3248],[-98.3526,31.3289],[-98.352,31.3263],[-98.3459,31.3281],[-98.3458,31.3267],[-98.3491,31.3253],[-98.3437,31.3221],[-98.3475,31.3214],[-98.3517,31.3241],[-98.3559,31.3197],[-98.3575,31.323],[-98.361,31.3227],[-98.3637,31.3253],[-98.3654,31.3234],[-98.3694,31.3274],[-98.3737,31.3267],[-98.3728,31.324],[-98.3786,31.3273],[-98.3876,31.3276],[-98.3803,31.3232],[-98.387,31.3232],[-98.3864,31.3212],[-98.3809,31.3193],[-98.3783,31.3158],[-98.375,31.316],[-98.3753,31.3129],[-98.37,31.3147],[-98.3667,31.311],[-98.3682,31.3093],[-98.3713,31.3103],[-98.3732,31.309],[-98.3745,31.3113],[-98.3802,31.3126],[-98.3817,31.3121],[-98.381,31.3085],[-98.3862,31.3113],[-98.3849,31.3078],[-98.3875,31.3082],[-98.3885,31.3064],[-98.3833,31.3053],[-98.3804,31.3013],[-98.3809,31.2994],[-98.3838,31.3],[-98.3838,31.298],[-98.3877,31.2988],[-98.3887,31.2976],[-98.3948,31.3035],[-98.398,31.3027],[-98.3968,31.3085],[-98.4004,31.3077],[-98.4015,31.3106],[-98.4042,31.3052],[-98.409,31.3065],[-98.4096,31.3119],[-98.4132,31.3085],[-98.4174,31.3151],[-98.4212,31.3146],[-98.4185,31.308],[-98.4212,31.3041],[-98.415,31.3038],[-98.4152,31.301],[-98.4105,31.3003],[-98.4222,31.2961],[-98.413,31.2927],[-98.424,31.2882],[-98.4246,31.285],[-98.4095,31.2865],[-98.4078,31.2927],[-98.4047,31.2954],[-98.4049,31.2879],[-98.3988,31.2919],[-98.3961,31.291],[-98.4006,31.2841],[-98.392,31.2849],[-98.3884,31.2904],[-98.3838,31.2908],[-98.3854,31.2863],[-98.3903,31.2857],[-98.3894,31.2825],[-98.4083,31.276],[-98.4068,31.2712],[-98.4037,31.2746],[-98.4011,31.2725],[-98.396,31.2758],[-98.3945,31.2755],[-98.3958,31.2735],[-98.3915,31.2738],[-98.3876,31.2778],[-98.3931,31.2664],[-98.3889,31.2687],[-98.3865,31.2676],[-98.3832,31.2745],[-98.3808,31.2751],[-98.3825,31.2827],[-98.3791,31.284],[-98.3774,31.2795],[-98.3735,31.2775],[-98.3744,31.2831],[-98.3726,31.2815],[-98.3674,31.2908],[-98.3654,31.2893],[-98.3656,31.2856],[-98.364,31.2866],[-98.3588,31.2849],[-98.3594,31.2912],[-98.3564,31.2885],[-98.3547,31.2894],[-98.3538,31.2875],[-98.3517,31.2879],[-98.3546,31.2774],[-98.3463,31.2847],[-98.3478,31.2877],[-98.3436,31.2873],[-98.3448,31.2899],[-98.3435,31.2923],[-98.3407,31.2921],[-98.339,31.2863],[-98.3338,31.2894],[-98.3355,31.2933],[-98.3338,31.2954],[-98.3305,31.2915],[-98.3275,31.2915],[-98.3262,31.2946],[-98.3232,31.2917],[-98.3313,31.2877],[-98.3289,31.2825],[-98.3426,31.2784],[-98.3401,31.2769],[-98.3415,31.2727],[-98.3396,31.2722],[-98.3402,31.2681],[-98.3382,31.2684],[-98.3355,31.274],[-98.3345,31.2723],[-98.3311,31.2754],[-98.3287,31.275],[-98.3324,31.2687],[-98.3254,31.2685],[-98.3257,31.2716],[-98.322,31.2752],[-98.3223,31.2723],[-98.32,31.2696],[-98.3162,31.276],[-98.3145,31.2703],[-98.3115,31.2688],[-98.3099,31.2699],[-98.3097,31.2673],[-98.3081,31.2672],[-98.307,31.27],[-98.3102,31.2789],[-98.3062,31.2764],[-98.3044,31.2785],[-98.3039,31.276],[-98.3021,31.2764],[-98.3023,31.2729],[-98.3,31.2729],[-98.2933,31.2874],[-98.2895,31.2846],[-98.2856,31.2858],[-98.2839,31.2831],[-98.2947,31.2809],[-98.294,31.2764],[-98.2892,31.2764],[-98.2987,31.2709],[-98.2958,31.269],[-98.2965,31.2648],[-98.2897,31.269],[-98.288,31.2678],[-98.2852,31.2692],[-98.2836,31.2726],[-98.2805,31.2739],[-98.2761,31.2729],[-98.2776,31.2713],[-98.2763,31.269],[-98.2726,31.2697],[-98.2768,31.2635],[-98.274,31.2641],[-98.2692,31.2676],[-98.267,31.2715],[-98.2682,31.2734],[-98.2657,31.2739],[-98.2666,31.2754],[-98.2629,31.277],[-98.261,31.2807],[-98.2608,31.2772],[-98.259,31.2772],[-98.2602,31.274],[-98.2537,31.2728],[-98.2529,31.2755],[-98.2494,31.2726],[-98.2477,31.2747],[-98.2508,31.2807],[-98.2478,31.2813],[-98.2471,31.2841],[-98.246,31.2815],[-98.2418,31.2808],[-98.2456,31.2784],[-98.2425,31.2748],[-98.2454,31.2715],[-98.2449,31.2686],[-98.2477,31.2692],[-98.2508,31.2634],[-98.2444,31.264],[-98.244,31.2622],[-98.2412,31.2617],[-98.2404,31.2636],[-98.2378,31.2611],[-98.2352,31.2615],[-98.2346,31.2704],[-98.2325,31.2735],[-98.2334,31.2658],[-98.227,31.2682],[-98.2296,31.2625],[-98.2276,31.2621],[-98.2221,31.2682],[-98.2226,31.2595],[-98.2174,31.2587],[-98.2162,31.2609],[-98.2144,31.2595],[-98.2122,31.2637],[-98.2109,31.26],[-98.2073,31.2606],[-98.2058,31.2585],[-98.2066,31.2553],[-98.2205,31.2547],[-98.2176,31.2486],[-98.219,31.2463],[-98.2224,31.2468],[-98.2253,31.2555],[-98.2283,31.256],[-98.229,31.2585],[-98.2349,31.2573],[-98.2308,31.2481],[-98.2345,31.2483],[-98.2364,31.253],[-98.2383,31.2525],[-98.2439,31.2571],[-98.2518,31.2581],[-98.2484,31.2523],[-98.2492,31.2505],[-98.257,31.2572],[-98.2583,31.2565],[-98.2548,31.248],[-98.2616,31.2502],[-98.2623,31.2478],[-98.2654,31.2478],[-98.2634,31.2455],[-98.2588,31.2454],[-98.2606,31.2433],[-98.2638,31.243],[-98.2659,31.2391],[-98.2627,31.2409],[-98.2604,31.2397],[-98.2564,31.2425],[-98.2569,31.2406],[-98.2542,31.2384],[-98.2528,31.2404],[-98.2503,31.237],[-98.2449,31.2384],[-98.2429,31.2359],[-98.2448,31.234],[-98.2375,31.2289],[-98.2426,31.2258],[-98.2442,31.2306],[-98.2471,31.2305],[-98.2508,31.2331],[-98.2568,31.2332],[-98.2553,31.2284],[-98.2506,31.2253],[-98.2506,31.2219],[-98.2578,31.2227],[-98.255,31.2173],[-98.2569,31.2156],[-98.2616,31.2219],[-98.2646,31.2217],[-98.2632,31.223],[-98.2642,31.2299],[-98.2662,31.2321],[-98.2703,31.233],[-98.2715,31.2313],[-98.2757,31.235],[-98.2783,31.232],[-98.2733,31.2268],[-98.2778,31.2264],[-98.2731,31.2233],[-98.2731,31.2185],[-98.2763,31.2208],[-98.2779,31.2181],[-98.2855,31.2229],[-98.2904,31.2215],[-98.2876,31.226],[-98.2892,31.2286],[-98.287,31.2309],[-98.2905,31.2314],[-98.2915,31.2373],[-98.2972,31.2418],[-98.2981,31.2305],[-98.3029,31.2336],[-98.3057,31.2305],[-98.302,31.2261],[-98.3049,31.2232],[-98.3085,31.2266],[-98.3097,31.2313],[-98.314,31.2295],[-98.3137,31.2271],[-98.3219,31.2284],[-98.32,31.2251],[-98.321,31.2228],[-98.3247,31.2264],[-98.3282,31.2258],[-98.3285,31.2337],[-98.3331,31.2344],[-98.3338,31.2303],[-98.339,31.2373],[-98.3392,31.2326],[-98.3438,31.2366],[-98.3428,31.2293],[-98.3509,31.2332],[-98.3559,31.2385],[-98.3569,31.2349],[-98.3544,31.2314],[-98.3567,31.2288],[-98.3489,31.226],[-98.3622,31.2239],[-98.3596,31.2224],[-98.3601,31.2192],[-98.3506,31.2211],[-98.3539,31.2175],[-98.3519,31.2165],[-98.3501,31.2162],[-98.3449,31.2209],[-98.3424,31.2155],[-98.3475,31.2142],[-98.3476,31.2118],[-98.3447,31.212],[-98.3438,31.2098],[-98.338,31.21],[-98.3329,31.2074],[-98.3304,31.211],[-98.3282,31.2065],[-98.3255,31.2061],[-98.3183,31.2079],[-98.3191,31.2062],[-98.322,31.2061],[-98.3231,31.2026],[-98.3285,31.2043],[-98.329,31.198],[-98.3316,31.2035],[-98.3361,31.206],[-98.3422,31.2058],[-98.345,31.2028],[-98.3487,31.2042],[-98.3469,31.2009],[-98.3481,31.1987],[-98.339,31.2001],[-98.3415,31.1963],[-98.338,31.195],[-98.3392,31.1935],[-98.3356,31.1916],[-98.335,31.1886],[-98.3435,31.1901],[-98.3433,31.1866],[-98.3483,31.1861],[-98.345,31.1839],[-98.3411,31.184],[-98.3454,31.1815],[-98.348,31.1825],[-98.3565,31.1808],[-98.3542,31.1788],[-98.3576,31.1762],[-98.354,31.1763],[-98.352,31.1728],[-98.3488,31.1773],[-98.342,31.1746],[-98.3397,31.1772],[-98.3383,31.1747],[-98.3295,31.1833],[-98.3278,31.1815],[-98.3246,31.1831],[-98.3251,31.187],[-98.3172,31.1897],[-98.3136,31.1865],[-98.3099,31.1917],[-98.3043,31.1842],[-98.3008,31.1951],[-98.2986,31.1937],[-98.3013,31.1863],[-98.2992,31.1822],[-98.295,31.1882],[-98.2899,31.1864],[-98.2885,31.1817],[-98.286,31.1876],[-98.2822,31.1867],[-98.2838,31.1843],[-98.2826,31.1824],[-98.2772,31.1832],[-98.2722,31.1885],[-98.2698,31.1883],[-98.2697,31.1834],[-98.2674,31.1833],[-98.2635,31.1849],[-98.2618,31.1938],[-98.2606,31.1944],[-98.2577,31.1883],[-98.2551,31.1912],[-98.2556,31.197],[-98.2505,31.1975],[-98.252,31.1929],[-98.249,31.1927],[-98.2499,31.1901],[-98.2523,31.1897],[-98.2537,31.1849],[-98.2505,31.1829],[-98.2478,31.1859],[-98.2446,31.1834],[-98.2548,31.1812],[-98.2577,31.1767],[-98.2611,31.1784],[-98.2613,31.181],[-98.2644,31.1817],[-98.2651,31.1798],[-98.2687,31.179],[-98.268,31.1763],[-98.2715,31.1787],[-98.2732,31.1758],[-98.2677,31.1684],[-98.2718,31.169],[-98.276,31.1764],[-98.2788,31.1743],[-98.2818,31.1748],[-98.2789,31.1721],[-98.2795,31.1675],[-98.2863,31.1749],[-98.2872,31.1715],[-98.2911,31.1738],[-98.2935,31.1732],[-98.2905,31.1703],[-98.2914,31.168],[-98.2872,31.1669],[-98.2857,31.1639],[-98.2932,31.1639],[-98.2969,31.1663],[-98.2999,31.1637],[-98.3011,31.166],[-98.3026,31.1652],[-98.3063,31.1625],[-98.2968,31.159],[-98.306,31.1557],[-98.3114,31.157],[-98.3108,31.1548],[-98.3066,31.1529],[-98.3097,31.1499],[-98.2942,31.1523],[-98.2917,31.1494],[-98.2914,31.1538],[-98.2876,31.1559],[-98.2842,31.1515],[-98.2806,31.1542],[-98.2816,31.15],[-98.2844,31.1483],[-98.281,31.1457],[-98.2737,31.1542],[-98.2703,31.155],[-98.2728,31.1485],[-98.2784,31.1425],[-98.2716,31.1444],[-98.2702,31.1413],[-98.2676,31.142],[-98.2677,31.1445],[-98.2633,31.1451],[-98.2617,31.1496],[-98.26,31.1489],[-98.2605,31.1449],[-98.2567,31.1465],[-98.259,31.1444],[-98.2589,31.1402],[-98.2557,31.143],[-98.2544,31.1412],[-98.2525,31.1416],[-98.2525,31.1489],[-98.2478,31.1496],[-98.2415,31.1443],[-98.2388,31.148],[-98.2395,31.155],[-98.2377,31.1508],[-98.235,31.1505],[-98.2346,31.152],[-98.2306,31.1496],[-98.2345,31.1467],[-98.2278,31.1472],[-98.2242,31.1444],[-98.2196,31.1439],[-98.2232,31.1427],[-98.228,31.1453],[-98.2329,31.1455],[-98.2303,31.1417],[-98.2342,31.1407],[-98.2309,31.135],[-98.2317,31.1329],[-98.2385,31.1393],[-98.2402,31.1344],[-98.2483,31.1358],[-98.2518,31.1342],[-98.2567,31.1368],[-98.2589,31.136],[-98.2556,31.133],[-98.2558,31.13],[-98.2514,31.1303],[-98.2452,31.1277],[-98.2529,31.1271],[-98.2523,31.1208],[-98.2488,31.123],[-98.2512,31.1176],[-98.2468,31.117],[-98.2447,31.1206],[-98.2416,31.1198],[-98.2366,31.1221],[-98.2375,31.1174],[-98.2416,31.1165],[-98.2411,31.1129],[-98.2529,31.1141],[-98.2519,31.1099],[-98.2542,31.1078],[-98.2413,31.101],[-98.2456,31.1018],[-98.2465,31.0987],[-98.2495,31.0979],[-98.2494,31.1018],[-98.2511,31.1031],[-98.257,31.1008],[-98.2567,31.1053],[-98.26,31.1058],[-98.2601,31.1134],[-98.264,31.1124],[-98.2642,31.1175],[-98.2659,31.1158],[-98.267,31.1181],[-98.273,31.1166],[-98.274,31.1236],[-98.2715,31.1295],[-98.2741,31.1267],[-98.2774,31.1261],[-98.2783,31.1235],[-98.2827,31.1275],[-98.2842,31.1226],[-98.2857,31.1263],[-98.2883,31.124],[-98.2907,31.1255],[-98.2895,31.1322],[-98.2926,31.1309],[-98.295,31.1319],[-98.2954,31.1294],[-98.2986,31.1285],[-98.2996,31.1348],[-98.302,31.134],[-98.3042,31.1358],[-98.3062,31.135],[-98.3046,31.1312],[-98.3093,31.1328],[-98.3108,31.1301],[-98.3136,31.1294],[-98.3215,31.1327],[-98.3217,31.1268],[-98.3319,31.1275],[-98.3365,31.1304],[-98.3383,31.1279],[-98.3297,31.1234],[-98.3326,31.1201],[-98.3306,31.1189],[-98.325,31.1212],[-98.3233,31.1171],[-98.3218,31.1203],[-98.3199,31.1165],[-98.3188,31.121],[-98.3123,31.1179],[-98.3103,31.1198],[-98.306,31.1177],[-98.3109,31.1153],[-98.3109,31.1116],[-98.315,31.1135],[-98.3132,31.1084],[-98.3163,31.1058],[-98.3064,31.104],[-98.3019,31.1066],[-98.2994,31.1055],[-98.3041,31.0997],[-98.3053,31.1024],[-98.3189,31.1021],[-98.3124,31.0946],[-98.3171,31.0946],[-98.3236,31.1001],[-98.3257,31.0979],[-98.3305,31.1025],[-98.3288,31.0955],[-98.3349,31.0973],[-98.3343,31.0928],[-98.331,31.0933],[-98.3302,31.0897],[-98.3269,31.0924],[-98.3239,31.0893],[-98.3207,31.089],[-98.3267,31.0878],[-98.3275,31.0859],[-98.3259,31.0853],[-98.3294,31.0844],[-98.3285,31.0825],[-98.331,31.0794],[-98.3264,31.0803],[-98.3231,31.0841],[-98.3211,31.0806],[-98.3148,31.087],[-98.3143,31.0828],[-98.312,31.084],[-98.3116,31.0823],[-98.3136,31.0803],[-98.3175,31.0801],[-98.3162,31.0783],[-98.3176,31.0769],[-98.3128,31.0766],[-98.3145,31.0734],[-98.3161,31.0755],[-98.3207,31.0765],[-98.3206,31.0713],[-98.3226,31.0752],[-98.3264,31.0768],[-98.331,31.0734],[-98.3347,31.0741],[-98.3354,31.0713],[-98.3309,31.0678],[-98.3344,31.0663],[-98.3322,31.0631],[-98.3338,31.0617],[-98.3275,31.0583],[-98.3296,31.0562],[-98.3258,31.0542],[-98.3272,31.0521],[-98.3261,31.0478],[-98.321,31.0491],[-98.3191,31.0563],[-98.3164,31.0581],[-98.318,31.0528],[-98.3132,31.0548],[-98.3139,31.0505],[-98.3093,31.0497],[-98.309,31.0468],[-98.3126,31.0464],[-98.313,31.044],[-98.3166,31.0445],[-98.3111,31.042],[-98.3109,31.0397],[-98.3175,31.039],[-98.3158,31.0364],[-98.3105,31.0346],[-98.3178,31.0291],[-98.3151,31.0229],[-98.3126,31.0229],[-98.3122,31.0198],[-98.3141,31.0202],[-98.3161,31.0187],[-98.3151,31.0174],[-98.3185,31.0169],[-98.3181,31.0137],[-98.3219,31.0133],[-98.3187,31.0087],[-98.3122,31.011],[-98.3132,31.0024],[-98.3063,31.0073],[-98.3071,31.0041],[-98.3004,31.0047],[-98.3026,31.0005],[-98.3077,30.9985],[-98.3056,30.9932],[-98.3033,30.9921],[-98.3041,30.9899],[-98.2987,30.9894],[-98.3,30.9834],[-98.2974,30.9816],[-98.298,30.9754],[-98.2942,30.9746],[-98.2896,30.9698],[-98.2878,30.9563],[-98.2821,30.9563],[-98.2826,30.9535],[-98.2786,30.9543],[-98.278,30.9572],[-98.2751,30.9559],[-98.2741,30.9639],[-98.2708,30.959],[-98.2676,30.9627],[-98.2645,30.9627],[-98.2632,30.9574],[-98.2658,30.951],[-98.2703,30.9508],[-98.2725,30.9476],[-98.2779,30.9465],[-98.2747,30.9445],[-98.2786,30.9402],[-98.2694,30.9376],[-98.2664,30.9455],[-98.2619,30.9447],[-98.2628,30.9389],[-98.2599,30.9414],[-98.2591,30.9459],[-98.2519,30.942],[-98.2439,30.9461],[-98.2429,30.9431],[-98.2472,30.9393],[-98.2568,30.9388],[-98.2596,30.9313],[-98.2516,30.933],[-98.2473,30.9306],[-98.2421,30.9315],[-98.2368,30.9291],[-98.241,30.9255],[-98.2463,30.924],[-98.2499,30.9239],[-98.2513,30.9259],[-98.259,30.9239],[-98.2618,30.9261],[-98.2644,30.923],[-98.2606,30.9223],[-98.2606,30.9199],[-98.2626,30.9189],[-98.264,30.9128],[-98.2551,30.9191],[-98.2547,30.9148],[-98.2526,30.9145],[-98.2513,30.9112],[-98.2546,30.9075],[-98.2474,30.9068],[-98.2473,30.9133],[-98.2451,30.9157],[-98.2419,30.9149],[-98.2442,30.9129],[-98.2403,30.9111],[-98.2431,30.9093],[-98.2389,30.9091],[-98.2408,30.9066],[-98.2384,30.9036],[-98.2427,30.9014],[-98.2388,30.9012],[-98.2379,30.8984],[-98.2365,30.9077],[-98.2321,30.9107],[-98.2328,30.9158],[-98.2311,30.9139],[-98.2241,30.914],[-98.2237,30.9201],[-98.2205,30.9178],[-98.2185,30.9269],[-98.216,30.9266],[-98.2172,30.9216],[-98.2133,30.9247],[-98.2109,30.923],[-98.2105,30.9375],[-98.2088,30.9376],[-98.2075,30.9329],[-98.2044,30.9333],[-98.2039,30.9249],[-98.2012,30.9259],[-98.1988,30.9309],[-98.1989,30.9384],[-98.1965,30.9375],[-98.194,30.929],[-98.1921,30.9288],[-98.19,30.9315],[-98.1908,30.9386],[-98.1878,30.9366],[-98.187,30.9407],[-98.1842,30.9407],[-98.1845,30.9435],[-98.1808,30.9406],[-98.1794,30.944],[-98.1778,30.9432],[-98.1772,30.9459],[-98.1739,30.9471],[-98.1782,30.9515],[-98.1722,30.9517],[-98.1773,30.9579],[-98.1746,30.9586],[-98.1722,30.955],[-98.1688,30.9564],[-98.1663,30.9533],[-98.1662,30.9596],[-98.1623,30.9576],[-98.1621,30.961],[-98.1571,30.9614],[-98.1589,30.9552],[-98.1546,30.9542],[-98.1527,30.9562],[-98.15,30.9526],[-98.1489,30.9568],[-98.1459,30.9568],[-98.1486,30.9598],[-98.1459,30.9618],[-98.1482,30.9639],[-98.1451,30.9645],[-98.1471,30.9672],[-98.1419,30.9698],[-98.14,30.9677],[-98.1403,30.9608],[-98.1381,30.9589],[-98.1363,30.9631],[-98.1356,30.9617],[-98.1338,30.9642],[-98.1319,30.9639],[-98.1323,30.9682],[-98.1287,30.9683],[-98.1293,30.9726],[-98.1256,30.9745],[-98.1251,30.978],[-98.1219,30.9768],[-98.1214,30.9814],[-98.1175,30.9811],[-98.1154,30.9866],[-98.1103,30.9869],[-98.111,30.9906],[-98.1084,30.9889],[-98.1005,30.9902],[-98.0992,30.9941],[-98.1012,31.004],[-98.0853,31.007],[-98.0772,31.0065],[-98.069,30.9885],[-98.064,30.9863],[-98.059,30.9887],[-98.055,30.9873],[-98.0528,30.9809],[-98.0487,30.9809],[-98.0463,30.9784],[-98.0496,30.9726],[-98.0548,30.971],[-98.0529,30.9778],[-98.0564,30.982],[-98.0614,30.9849],[-98.0632,30.9834],[-98.0637,30.9849],[-98.0669,30.985],[-98.0769,30.9908],[-98.0781,30.9935],[-98.0762,30.9944],[-98.0765,30.9981],[-98.0799,30.9992],[-98.0827,31.0029],[-98.0955,31.002],[-98.093,30.9958],[-98.0932,30.989],[-98.0914,30.9898],[-98.0908,30.9871],[-98.0866,30.9912],[-98.0856,30.9857],[-98.0804,30.9857],[-98.0826,30.9805],[-98.0911,30.9802],[-98.0925,30.9762],[-98.0915,30.9859],[-98.0954,30.9861],[-98.1007,30.9819],[-98.1068,30.9857],[-98.11,30.9856],[-98.1138,30.9807],[-98.1119,30.9794],[-98.1124,30.9761],[-98.1166,30.9795],[-98.1178,30.9754],[-98.1224,30.9746],[-98.123,30.9698],[-98.1264,30.9709],[-98.13,30.9634],[-98.126,30.9632],[-98.1249,30.9609],[-98.1289,30.9591],[-98.1273,30.9566],[-98.1302,30.9585],[-98.1312,30.9568],[-98.1345,30.957],[-98.1344,30.9546],[-98.1322,30.9541],[-98.1356,30.9509],[-98.123,30.9498],[-98.1289,30.9491],[-98.1288,30.9474],[-98.1315,30.9469],[-98.1303,30.945],[-98.1274,30.9466],[-98.1249,30.9413],[-98.1218,30.9395],[-98.1193,30.9423],[-98.1172,30.94],[-98.1147,30.9434],[-98.1144,30.9408],[-98.1118,30.9415],[-98.1123,30.9381],[-98.1098,30.9385],[-98.1085,30.9366],[-98.1059,30.9376],[-98.1062,30.9428],[-98.0995,30.9463],[-98.0983,30.9454],[-98.1003,30.9449],[-98.1023,30.9399],[-98.0987,30.9392],[-98.0975,30.9332],[-98.0934,30.9308],[-98.0888,30.9362],[-98.083,30.9319],[-98.0872,30.9318],[-98.089,30.9277],[-98.0928,30.9286],[-98.0949,30.9238],[-98.0965,30.9293],[-98.1003,30.9297],[-98.1003,30.9277],[-98.1043,30.9288],[-98.1075,30.9328],[-98.1155,30.9347],[-98.1173,30.9377],[-98.1192,30.9349],[-98.122,30.9363],[-98.1229,30.9335],[-98.1265,30.9363],[-98.129,30.9346],[-98.1293,30.9408],[-98.1347,30.9415],[-98.1352,30.9444],[-98.1394,30.9449],[-98.1402,30.9479],[-98.1448,30.951],[-98.1445,30.9488],[-98.1476,30.9488],[-98.1469,30.9461],[-98.1502,30.9483],[-98.1531,30.9472],[-98.1484,30.9397],[-98.1533,30.9408],[-98.1529,30.9388],[-98.1554,30.938],[-98.1566,30.9395],[-98.1582,30.9365],[-98.1605,30.9407],[-98.1622,30.9387],[-98.165,30.9442],[-98.1679,30.9408],[-98.1672,30.9356],[-98.1746,30.9395],[-98.1748,30.9316],[-98.1795,30.9286],[-98.1722,30.93],[-98.1675,30.9284],[-98.166,30.9256],[-98.1689,30.9223],[-98.1719,30.9219],[-98.1742,30.9238],[-98.1745,30.9215],[-98.183,30.9187],[-98.1787,30.9173],[-98.1751,30.9185],[-98.1757,30.9163],[-98.1719,30.9182],[-98.1715,30.9156],[-98.1677,30.9176],[-98.1664,30.9138],[-98.1704,30.9079],[-98.1569,30.9132],[-98.1591,30.9074],[-98.1549,30.909],[-98.1559,30.9044],[-98.1505,30.9123],[-98.1489,30.9063],[-98.1427,30.9079],[-98.1462,30.9048],[-98.1444,30.9033],[-98.1471,30.9024],[-98.1443,30.8993],[-98.1489,30.8994],[-98.1462,30.8952],[-98.1441,30.8954],[-98.1459,30.8929],[-98.1409,30.8931],[-98.1417,30.8912],[-98.1389,30.889],[-98.1386,30.8921],[-98.1351,30.8934],[-98.136,30.8968],[-98.1342,30.8952],[-98.1307,30.8966],[-98.1325,30.8944],[-98.1309,30.8931],[-98.1339,30.8907],[-98.1319,30.8874],[-98.1298,30.8896],[-98.1281,30.8877],[-98.1238,30.8921],[-98.1213,30.8894],[-98.1267,30.886],[-98.1262,30.8835],[-98.1241,30.8838],[-98.1291,30.8818],[-98.1273,30.8797],[-98.1201,30.8809],[-98.1182,30.8843],[-98.1176,30.8777],[-98.1159,30.8775],[-98.1122,30.883],[-98.1123,30.8802],[-98.1056,30.8798],[-98.1056,30.8765],[-98.1027,30.8777],[-98.1017,30.8847],[-98.0977,30.8814],[-98.1,30.8784],[-98.0987,30.8773],[-98.0971,30.8785],[-98.095,30.8776],[-98.0922,30.8806],[-98.0936,30.8758],[-98.0887,30.8776],[-98.0885,30.875],[-98.0856,30.8767],[-98.0863,30.8713],[-98.083,30.874],[-98.0811,30.8684],[-98.0796,30.874],[-98.077,30.8744],[-98.0796,30.878],[-98.0776,30.8794],[-98.0791,30.8813],[-98.0769,30.8845],[-98.0742,30.8818],[-98.0722,30.8724],[-98.0698,30.878],[-98.0667,30.875],[-98.0675,30.8795],[-98.065,30.8799],[-98.0681,30.8841],[-98.0657,30.8934],[-98.0643,30.8935],[-98.0657,30.8901],[-98.0635,30.8862],[-98.0617,30.8884],[-98.0591,30.8882],[-98.0603,30.8861],[-98.0581,30.8797],[-98.0497,30.8955],[-98.0454,30.8927],[-98.0507,30.8829],[-98.0486,30.8814],[-98.0489,30.8781],[-98.0469,30.8808],[-98.0439,30.8805],[-98.0418,30.884],[-98.0401,30.8836],[-98.0394,30.8801],[-98.0318,30.8823],[-98.0316,30.8809],[-98.0365,30.8785],[-98.0388,30.8736],[-98.0361,30.8762],[-98.0323,30.8765],[-98.0315,30.8721],[-98.0344,30.8681],[-98.0329,30.8686],[-98.0321,30.8666],[-98.0278,30.8763],[-98.0232,30.8694],[-98.0252,30.8654],[-98.0216,30.8669],[-98.0206,30.8648],[-98.0191,30.8667],[-98.0203,30.8708],[-98.0184,30.8715],[-98.0217,30.878],[-98.0182,30.879],[-98.0207,30.885],[-98.017,30.8866],[-98.0172,30.89],[-98.0151,30.8902],[-98.0146,30.8936],[-98.0118,30.8933],[-98.0097,30.8993],[-98.0095,30.8964],[-98.0072,30.8955],[-98.008,30.8935],[-98.0029,30.8914],[-98.0064,30.8894],[-98.0106,30.8902],[-98.0092,30.8865],[-98.0126,30.8856],[-98.0087,30.8833],[-98.0127,30.8811],[-98.0105,30.8781],[-98.0122,30.8768],[-98.0106,30.8746],[-98.0115,30.8693],[-98.0102,30.8685],[-98.009,30.8724],[-98.0074,30.8727],[-98.0084,30.8782],[-98.0048,30.8792],[-98.0029,30.8827],[-98.0011,30.8822],[-98.0018,30.8719],[-98.0008,30.8749],[-97.9965,30.8773],[-97.9929,30.8729],[-97.9963,30.8859],[-97.9939,30.8853],[-97.992,30.8794],[-97.9887,30.8825],[-97.9862,30.8792],[-97.985,30.8865],[-97.9796,30.885],[-97.98,30.8798],[-97.9768,30.8817],[-97.9799,30.8727],[-97.974,30.8777],[-97.975,30.8737],[-97.9711,30.8726],[-97.9698,30.8662],[-97.9695,30.8695],[-97.9674,30.8703],[-97.9707,30.8744],[-97.9714,30.879],[-97.9688,30.879],[-97.9716,30.8832],[-97.9694,30.8845],[-97.9642,30.8823],[-97.9603,30.8835],[-97.9723,30.8899],[-97.9672,30.8913],[-97.971,30.8929],[-97.9724,30.8964],[-97.9676,30.8977],[-97.9758,30.9017],[-97.972,30.9035],[-97.9725,30.9076],[-97.9684,30.9041],[-97.9651,30.9051],[-97.9625,30.9012],[-97.9638,30.9079],[-97.9607,30.9086],[-97.9588,30.9045],[-97.9573,30.9067],[-97.9543,30.903],[-97.9522,30.9063],[-97.958,30.917],[-97.9572,30.9185],[-97.9534,30.9187],[-97.9537,30.9124],[-97.9509,30.9136],[-97.9479,30.9093],[-97.9463,30.9125],[-97.9414,30.9113],[-97.9396,30.9134],[-97.944,30.9162],[-97.9441,30.9198],[-97.9407,30.9173],[-97.9371,30.9174],[-97.9388,30.921],[-97.9353,30.9211],[-97.9365,30.9273],[-97.9401,30.9276],[-97.9388,30.9306],[-97.9336,30.9338],[-97.9311,30.9312],[-97.9248,30.9327],[-97.9293,30.939],[-97.9285,30.9422],[-97.9232,30.9362],[-97.9199,30.934],[-97.9182,30.935],[-97.9167,30.9328],[-97.9161,30.9348],[-97.9123,30.9355],[-97.9131,30.9413],[-97.908,30.9411],[-97.8998,30.9452],[-97.9036,30.94],[-97.9024,30.9371],[-97.9089,30.9322],[-97.9064,30.9274],[-97.9009,30.9274],[-97.8993,30.9235],[-97.8941,30.9212],[-97.8995,30.9215],[-97.9044,30.9241],[-97.905,30.9215],[-97.9077,30.9207],[-97.9108,30.9229],[-97.9115,30.9204],[-97.9164,30.9244],[-97.9188,30.921],[-97.9105,30.9163],[-97.9177,30.9144],[-97.928,30.9183],[-97.9288,30.9159],[-97.9223,30.9108],[-97.9277,30.9064],[-97.9324,30.9066],[-97.934,30.9033],[-97.9283,30.9045],[-97.9293,30.9003],[-97.9272,30.9002],[-97.9262,30.9034],[-97.9225,30.9049],[-97.9201,30.9039],[-97.9197,30.9061],[-97.9146,30.907],[-97.9134,30.9029],[-97.9152,30.8999],[-97.9113,30.8957],[-97.9078,30.907],[-97.9044,30.9063],[-97.9047,30.9002],[-97.9034,30.9033],[-97.8981,30.9069],[-97.8963,30.9056],[-97.8976,30.9018],[-97.9019,30.8967],[-97.8968,30.8979],[-97.8997,30.8932],[-97.8997,30.8888],[-97.8929,30.8977],[-97.8914,30.9029],[-97.8875,30.9024],[-97.8878,30.9058],[-97.886,30.9068],[-97.8802,30.9027],[-97.8844,30.8999],[-97.8825,30.8982],[-97.8924,30.8911],[-97.8952,30.8851],[-97.8939,30.8834],[-97.8928,30.8865],[-97.8882,30.8895],[-97.8861,30.8847],[-97.8834,30.8877],[-97.8833,30.8932],[-97.8791,30.894],[-97.8768,30.8969],[-97.8762,30.8908],[-97.8795,30.8881],[-97.8802,30.8839],[-97.8786,30.8791],[-97.8773,30.8859],[-97.8745,30.8845],[-97.8719,30.8908],[-97.868,30.8799],[-97.8664,30.8858],[-97.8692,30.8902],[-97.8661,30.8926],[-97.8686,30.8932],[-97.8681,30.8954],[-97.8699,30.8964],[-97.8713,30.906],[-97.8654,30.9067],[-97.8632,30.9161],[-97.8618,30.9119],[-97.8583,30.9098],[-97.8594,30.9069],[-97.8569,30.9055],[-97.8589,30.9035],[-97.8579,30.9022],[-97.8604,30.901],[-97.8583,30.9006],[-97.8574,30.8978],[-97.8597,30.895],[-97.8568,30.8942],[-97.857,30.8917],[-97.8542,30.896],[-97.852,30.892],[-97.8512,30.8822],[-97.8534,30.8786],[-97.8515,30.8761],[-97.8487,30.8879],[-97.841,30.881],[-97.8448,30.8881],[-97.84,30.8883],[-97.8443,30.89],[-97.8394,30.8924],[-97.8483,30.8924],[-97.8496,30.8964],[-97.8466,30.8951],[-97.8457,30.8961],[-97.8504,30.8989],[-97.8526,30.9032],[-97.8508,30.9064],[-97.8486,30.9042],[-97.8448,30.908],[-97.852,30.911],[-97.8528,30.9132],[-97.8439,30.9141],[-97.8453,30.9161],[-97.844,30.9178],[-97.8512,30.919],[-97.8457,30.9214],[-97.8522,30.9246],[-97.8486,30.9269],[-97.8515,30.9285],[-97.8512,30.9326],[-97.8472,30.9314],[-97.8441,30.9333],[-97.8514,30.9408],[-97.8477,30.9444],[-97.8525,30.9477],[-97.8491,30.9502],[-97.8517,30.9545],[-97.8464,30.9607],[-97.8492,30.9627],[-97.8436,30.965],[-97.8367,30.9609],[-97.8423,30.9571],[-97.8396,30.9559],[-97.841,30.9537],[-97.8379,30.9524],[-97.8396,30.9507],[-97.8381,30.9489],[-97.8331,30.9494],[-97.8365,30.9453],[-97.8317,30.9443],[-97.8325,30.9398],[-97.8283,30.9408],[-97.8295,30.9478],[-97.8272,30.9514],[-97.8254,30.9483],[-97.8233,30.9485],[-97.8246,30.9511],[-97.8225,30.9532],[-97.8245,30.9576],[-97.8141,30.9622],[-97.8179,30.9574],[-97.8152,30.9574],[-97.8164,30.9541],[-97.8107,30.9561],[-97.8053,30.9525],[-97.8101,30.948],[-97.8098,30.9458],[-97.8067,30.9462],[-97.8109,30.9427],[-97.8074,30.9428],[-97.7989,30.9503],[-97.7979,30.9447],[-97.7882,30.9445],[-97.7902,30.9403],[-97.7959,30.9387],[-97.7941,30.936],[-97.7899,30.9358],[-97.7836,30.9391],[-97.7846,30.9346],[-97.7791,30.9365],[-97.7744,30.9318],[-97.7803,30.9312],[-97.7838,30.9271],[-97.7854,30.9289],[-97.7888,30.9283],[-97.7905,30.9261],[-97.7946,30.9309],[-97.7971,30.9282],[-97.8021,30.9304],[-97.805,30.9298],[-97.8061,30.9323],[-97.8094,30.9315],[-97.8107,30.9336],[-97.8144,30.9329],[-97.81,30.9296],[-97.814,30.925],[-97.8076,30.9272],[-97.7995,30.9238],[-97.8076,30.9194],[-97.8008,30.9211],[-97.7944,30.9198],[-97.7934,30.9168],[-97.7997,30.9147],[-97.7987,30.9116],[-97.8041,30.9086],[-97.8037,30.9062],[-97.8023,30.9084],[-97.7973,30.9079],[-97.7943,30.9117],[-97.7959,30.9049],[-97.7929,30.9049],[-97.7917,30.9104],[-97.7883,30.909],[-97.7871,30.9113],[-97.785,30.9102],[-97.787,30.9062],[-97.7846,30.9051],[-97.7884,30.9034],[-97.7876,30.9018],[-97.7842,30.9024],[-97.7833,30.9001],[-97.7875,30.8972],[-97.792,30.897],[-97.7881,30.8939],[-97.7902,30.8926],[-97.7884,30.8912],[-97.7878,30.8834],[-97.786,30.893],[-97.7821,30.8984],[-97.78,30.8961],[-97.7796,30.8906],[-97.7779,30.8934],[-97.7751,30.8941],[-97.7805,30.9056],[-97.7791,30.9056],[-97.7795,30.9116],[-97.7738,30.907],[-97.7776,30.9135],[-97.7746,30.9133],[-97.7746,30.9146],[-97.7781,30.9162],[-97.7779,30.9179],[-97.775,30.9184],[-97.7718,30.9219],[-97.7654,30.9228],[-97.7652,30.9247],[-97.7597,30.922],[-97.7589,30.9175],[-97.7546,30.9244],[-97.7564,30.9253],[-97.7581,30.9313],[-97.7514,30.9287],[-97.7523,30.9355],[-97.7485,30.9383],[-97.747,30.9366],[-97.7443,30.9372],[-97.7454,30.9324],[-97.7407,30.9356],[-97.7433,30.9299],[-97.7403,30.93],[-97.7377,30.9326],[-97.7353,30.9326],[-97.7346,30.9307],[-97.7327,30.9362],[-97.7306,30.9316],[-97.7259,30.9324],[-97.7251,30.9297],[-97.7278,30.9262],[-97.7259,30.9234],[-97.7223,30.9341],[-97.7197,30.9327],[-97.7174,30.9342],[-97.7218,30.9388],[-97.722,30.9444],[-97.7186,30.9469],[-97.7154,30.9447],[-97.7152,30.9473],[-97.7118,30.949],[-97.7102,30.9465],[-97.7077,30.9491],[-97.7085,30.9513],[-97.7031,30.9505],[-97.7038,30.9526],[-97.7013,30.9535],[-97.6981,30.951],[-97.6977,30.953],[-97.6956,30.9531],[-97.6981,30.9588],[-97.6936,30.9636],[-97.6893,30.9643],[-97.6863,30.96],[-97.6837,30.9601],[-97.6862,30.9655],[-97.6843,30.9666],[-97.6804,30.9652],[-97.6825,30.9711],[-97.6787,30.9752],[-97.6757,30.9844],[-97.6713,30.9846],[-97.6694,30.9814],[-97.6652,30.9817],[-97.6635,30.9842],[-97.6594,30.9799],[-97.6573,30.9816],[-97.6615,30.9859],[-97.6605,30.9904],[-97.6568,30.9911],[-97.6563,30.9887],[-97.6548,30.9908],[-97.6505,30.9877],[-97.6501,30.9909],[-97.6447,30.9915],[-97.6443,30.9902],[-97.6424,30.9915],[-97.6416,31.0107],[-97.6391,31.0097],[-97.6397,31.007],[-97.6363,31.0068],[-97.6336,30.9995],[-97.6334,31.0032],[-97.6279,31.0051],[-97.6211,31.0161],[-97.6185,31.0154],[-97.6138,31.0088],[-97.6187,31.0063],[-97.615,31.0059],[-97.613,31.0024],[-97.6067,31.0025],[-97.6038,31.005],[-97.6006,31.0134],[-97.6017,31.02],[-97.6053,31.0173],[-97.6056,31.0219],[-97.6106,31.025],[-97.6154,31.0253],[-97.6188,31.0292],[-97.6185,31.0314],[-97.6213,31.0309],[-97.6233,31.0279],[-97.6288,31.0327],[-97.6312,31.0294],[-97.6292,31.0261],[-97.6349,31.0225],[-97.6339,31.0157],[-97.637,31.0161],[-97.6407,31.0228],[-97.6422,31.0219],[-97.6417,31.0182],[-97.6452,31.0173],[-97.647,31.0174],[-97.6499,31.0222],[-97.6505,31.0181],[-97.6535,31.0186],[-97.6522,31.0134],[-97.6535,31.0079],[-97.6578,31.016],[-97.6574,31.0267],[-97.6633,31.0339],[-97.6649,31.0336],[-97.6662,31.0306],[-97.6632,31.0269],[-97.6659,31.0241],[-97.6657,31.0207],[-97.6626,31.0188],[-97.6643,31.014],[-97.6605,31.011],[-97.6659,31.0121],[-97.6692,31.0157],[-97.6746,31.0158],[-97.6661,31.0101],[-97.6658,31.007],[-97.6615,31.007],[-97.6604,31.0055],[-97.662,31.0043],[-97.6546,31.003],[-97.6538,31.0009],[-97.6653,31.0017],[-97.6655,30.9993],[-97.6693,30.9994],[-97.6741,31.0022],[-97.6784,31.0021],[-97.6784,31.0055],[-97.6815,31.0064],[-97.6832,31.0004],[-97.6878,31.005],[-97.6865,31.0121],[-97.6922,31.0099],[-97.6939,31.0142],[-97.6967,31.0107],[-97.7023,31.0112],[-97.6942,31.0052],[-97.6935,31.0021],[-97.6954,31.0007],[-97.6981,31.0042],[-97.7032,31.0031],[-97.7057,31.0064],[-97.7078,31.0055],[-97.7108,31.0106],[-97.7122,31.0105],[-97.7114,31.0052],[-97.7176,31.0106],[-97.7167,31.0049],[-97.7247,31.0087],[-97.7265,31.0064],[-97.7284,31.0094],[-97.732,31.0103],[-97.7317,31.0134],[-97.734,31.0138],[-97.7348,31.01],[-97.7304,31.0079],[-97.7315,31.0056],[-97.7291,31.0039],[-97.7304,31.0024],[-97.7158,31.002],[-97.7087,30.9995],[-97.7077,31.0008],[-97.7049,30.9959],[-97.6963,30.992],[-97.6987,30.9878],[-97.6917,30.9879],[-97.6909,30.9827],[-97.7025,30.9851],[-97.6978,30.9814],[-97.7032,30.9808],[-97.7086,30.9881],[-97.7098,30.9862],[-97.7118,30.9869],[-97.7118,30.9834],[-97.7093,30.9833],[-97.7098,30.9816],[-97.7065,30.9795],[-97.7106,30.979],[-97.712,30.9769],[-97.7173,30.9801],[-97.7162,30.9764],[-97.7129,30.9752],[-97.7172,30.973],[-97.7138,30.9719],[-97.7173,30.9693],[-97.7121,30.9681],[-97.713,30.9657],[-97.7175,30.9645],[-97.7192,30.9664],[-97.721,30.9643],[-97.722,30.9708],[-97.7239,30.9707],[-97.7246,30.9751],[-97.7299,30.9795],[-97.7283,30.9721],[-97.7305,30.9753],[-97.7327,30.9733],[-97.7336,30.9754],[-97.7371,30.9732],[-97.7347,30.9688],[-97.738,30.9649],[-97.7395,30.9698],[-97.7417,30.9712],[-97.7405,30.9779],[-97.746,30.9761],[-97.7487,30.9722],[-97.7482,30.9796],[-97.7542,30.9842],[-97.7541,30.9869],[-97.7576,30.9861],[-97.7581,30.9834],[-97.7626,30.9869],[-97.7649,30.9848],[-97.762,30.9817],[-97.7639,30.9798],[-97.7658,30.9821],[-97.7689,30.9811],[-97.7714,30.9835],[-97.7689,30.9879],[-97.7747,30.988],[-97.7758,30.995],[-97.7723,30.9949],[-97.7707,30.9969],[-97.767,30.9931],[-97.7642,30.9967],[-97.77,31.0008],[-97.764,31.0026],[-97.7676,31.0063],[-97.7727,31.0063],[-97.7725,31.0093],[-97.7757,31.0103],[-97.7711,31.0121],[-97.7723,31.0147],[-97.77,31.0162],[-97.7718,31.0174],[-97.7681,31.0207],[-97.7735,31.0193],[-97.7776,31.0153],[-97.7801,31.0202],[-97.7744,31.026],[-97.7761,31.0277],[-97.7749,31.0289],[-97.7704,31.0299],[-97.7693,31.0323],[-97.7643,31.0321],[-97.7728,31.0334],[-97.773,31.0444],[-97.771,31.0477],[-97.7746,31.0463],[-97.7776,31.037],[-97.7766,31.0348],[-97.7785,31.0337],[-97.7821,31.0493],[-97.7823,31.0413],[-97.7863,31.0352],[-97.7827,31.0339],[-97.7837,31.0323],[-97.7817,31.0287],[-97.7833,31.0289],[-97.785,31.0261],[-97.7927,31.0343],[-97.7943,31.0327],[-97.7934,31.0294],[-97.7956,31.0299],[-97.7981,31.0375],[-97.7973,31.0437],[-97.7991,31.044],[-97.7987,31.0425],[-97.8021,31.0397],[-97.8012,31.0362],[-97.8103,31.0422],[-97.8076,31.0486],[-97.8122,31.0464],[-97.8139,31.0429],[-97.8126,31.0395],[-97.8186,31.047],[-97.8234,31.0492],[-97.8193,31.0434],[-97.8213,31.0423],[-97.8177,31.0415],[-97.817,31.0393],[-97.8213,31.0366],[-97.8162,31.0348],[-97.8123,31.036],[-97.8084,31.0317],[-97.8109,31.0275],[-97.8077,31.026],[-97.8054,31.0307],[-97.8023,31.0303],[-97.8014,31.029],[-97.8034,31.0275],[-97.7975,31.0248],[-97.8023,31.0245],[-97.8018,31.0218],[-97.7989,31.022],[-97.8016,31.0194],[-97.7935,31.0202],[-97.7907,31.0192],[-97.7895,31.0144],[-97.7873,31.0148],[-97.7888,31.0111],[-97.7958,31.0167],[-97.797,31.0126],[-97.7955,31.011],[-97.7996,31.0097],[-97.799,31.007],[-97.8011,31.0067],[-97.8049,31.0084],[-97.807,31.0075],[-97.8098,31.0127],[-97.8121,31.012],[-97.8118,31.0103],[-97.8176,31.0095],[-97.8185,31.0149],[-97.821,31.0159],[-97.8185,31.0174],[-97.8228,31.0219],[-97.8193,31.0246],[-97.8265,31.0235],[-97.8278,31.0195],[-97.8328,31.0245],[-97.8289,31.0286],[-97.8348,31.0293],[-97.8325,31.0343],[-97.8326,31.0373],[-97.8349,31.0382],[-97.8337,31.0409],[-97.8416,31.0398],[-97.8472,31.0421],[-97.85,31.0398],[-97.8397,31.0352],[-97.8403,31.0326],[-97.846,31.0316],[-97.8413,31.0279],[-97.8449,31.0267],[-97.8459,31.0171],[-97.8497,31.0285],[-97.8517,31.0289],[-97.8503,31.0259],[-97.8532,31.0229],[-97.8554,31.023],[-97.8562,31.0252],[-97.8604,31.0236],[-97.8623,31.0274],[-97.8598,31.0299],[-97.8652,31.0314],[-97.8661,31.0386],[-97.869,31.0373],[-97.8677,31.0363],[-97.8693,31.034],[-97.8731,31.036],[-97.875,31.0342],[-97.8773,31.0382],[-97.8711,31.0403],[-97.8725,31.0455],[-97.8681,31.0466],[-97.8677,31.0482],[-97.8698,31.0516],[-97.874,31.0499],[-97.8735,31.0531],[-97.8761,31.0531],[-97.8759,31.0564],[-97.8832,31.0506],[-97.8832,31.0549],[-97.8794,31.0597],[-97.8818,31.0601],[-97.8795,31.0629],[-97.8834,31.0638],[-97.8865,31.06],[-97.8875,31.0668],[-97.8851,31.0695],[-97.8892,31.0692],[-97.8891,31.0722],[-97.8866,31.0736],[-97.8915,31.0747],[-97.8923,31.0783],[-97.8959,31.0743],[-97.8988,31.0776],[-97.9,31.0758],[-97.8966,31.0717],[-97.8973,31.0671],[-97.8948,31.0627],[-97.896,31.0594],[-97.9012,31.0636],[-97.9067,31.0645],[-97.909,31.0625],[-97.9044,31.0609],[-97.9009,31.055],[-97.9073,31.0536],[-97.9066,31.0526],[-97.9114,31.0529],[-97.9071,31.0501],[-97.901,31.0503],[-97.8985,31.0471],[-97.9085,31.0485],[-97.9124,31.0464],[-97.9086,31.0453],[-97.907,31.042],[-97.9094,31.036],[-97.9136,31.0375],[-97.9115,31.0335],[-97.9126,31.0327],[-97.9184,31.034],[-97.9215,31.0305],[-97.9255,31.0394],[-97.9272,31.0358],[-97.9282,31.0389],[-97.9312,31.0399],[-97.9316,31.0354],[-97.934,31.0354],[-97.936,31.0505],[-97.9396,31.0493],[-97.9431,31.0445],[-97.9474,31.0474],[-97.9483,31.0462],[-97.9456,31.0393],[-97.9515,31.0387],[-97.9468,31.0349],[-97.9515,31.0369],[-97.9528,31.0347],[-97.954,31.0409],[-97.9579,31.0382],[-97.9621,31.0408],[-97.965,31.0403],[-97.9568,31.0425],[-97.9556,31.0443],[-97.9534,31.0428],[-97.9527,31.0439],[-97.9531,31.0478],[-97.956,31.0483],[-97.9524,31.0522],[-97.9555,31.0529],[-97.9537,31.0543],[-97.9527,31.062],[-97.9593,31.0589],[-97.9537,31.0676],[-97.9594,31.0697],[-97.9607,31.0675],[-97.9647,31.0671],[-97.966,31.0623],[-97.9684,31.0658],[-97.975,31.0645],[-97.9764,31.0657],[-97.9679,31.0675],[-97.9661,31.0702],[-97.9728,31.071],[-97.9719,31.0732],[-97.9769,31.0746],[-97.9686,31.0737],[-97.9667,31.0865],[-97.9621,31.0865],[-97.959,31.0842],[-97.9581,31.0815],[-97.9599,31.0788],[-97.9521,31.0792],[-97.9559,31.0825],[-97.9565,31.088],[-97.9593,31.0897],[-97.9552,31.0908],[-97.955,31.0958],[-97.9583,31.0953],[-97.96,31.0976],[-97.9554,31.0993],[-97.9584,31.1036],[-97.955,31.1084],[-97.9603,31.1091],[-97.9563,31.1104],[-97.9562,31.1128],[-97.9536,31.1141],[-97.951,31.1127],[-97.9517,31.1162],[-97.9456,31.1137],[-97.9451,31.1162],[-97.9477,31.1198],[-97.9464,31.1282],[-97.9492,31.1308],[-97.9507,31.1243],[-97.9528,31.1238],[-97.9547,31.1356],[-97.9569,31.1355],[-97.9603,31.1388],[-97.9581,31.1229],[-97.9638,31.126],[-97.9652,31.1243],[-97.9682,31.1279],[-97.966,31.1296],[-97.9681,31.1304],[-97.9664,31.1322],[-97.969,31.1338],[-97.9687,31.1363],[-97.9719,31.1372],[-97.9724,31.1341],[-97.9763,31.1388],[-97.9772,31.1374],[-97.9739,31.131],[-97.9764,31.1305],[-97.9754,31.1286],[-97.9777,31.1277],[-97.9752,31.1249],[-97.9771,31.124],[-97.9769,31.1205],[-97.9815,31.1268],[-97.986,31.1257],[-97.987,31.1308],[-97.9816,31.1307],[-97.9806,31.1334],[-97.9863,31.1358],[-97.984,31.1381],[-97.9836,31.1425],[-97.9891,31.1381],[-97.9909,31.1387],[-97.9889,31.1417],[-97.9913,31.1431],[-97.989,31.1439],[-97.9895,31.1484],[-97.9888,31.1502],[-97.985,31.1505],[-97.9873,31.1529],[-97.9847,31.1557],[-97.9881,31.1553],[-97.9891,31.1578],[-97.9932,31.1528],[-97.9915,31.1637],[-97.9893,31.1648],[-97.9917,31.1662],[-97.9913,31.1688],[-97.9937,31.1656],[-97.9974,31.1693],[-97.9997,31.1693],[-97.9964,31.1601],[-97.9997,31.1617],[-98.0001,31.1538],[-98.0045,31.1585],[-98.0044,31.1608],[-98.0066,31.1602],[-98.007,31.1574],[-98.0093,31.1562],[-98.0079,31.1528],[-98.0045,31.1509],[-98.0108,31.1475],[-98.0136,31.1489],[-98.0124,31.1447],[-98.014,31.1422],[-98.0149,31.147],[-98.0188,31.1486],[-98.017,31.1551],[-98.0204,31.1586],[-98.0184,31.1612],[-98.0272,31.1615],[-98.0275,31.1596],[-98.0307,31.1601],[-98.0329,31.1587],[-98.0326,31.1562],[-98.0346,31.1563],[-98.0357,31.1592],[-98.0305,31.1608],[-98.029,31.1645],[-98.0244,31.163],[-98.0214,31.17],[-98.025,31.1737],[-98.0218,31.1735],[-98.0212,31.1767],[-98.0245,31.1799],[-98.0192,31.179],[-98.0186,31.1907],[-98.0149,31.1891],[-98.0126,31.1905],[-98.0143,31.1941],[-98.0099,31.1967],[-98.0184,31.1972],[-98.013,31.199],[-98.016,31.2006],[-98.0132,31.2039],[-98.0155,31.2037],[-98.014,31.2089],[-98.0174,31.206],[-98.0197,31.2071],[-98.0188,31.204],[-98.0235,31.202],[-98.0255,31.2079],[-98.0238,31.2124],[-98.0267,31.2123],[-98.0271,31.2158],[-98.0295,31.2163],[-98.0274,31.221],[-98.0303,31.22],[-98.0291,31.2272],[-98.0314,31.2281],[-98.0325,31.2176],[-98.0343,31.221],[-98.0404,31.2232],[-98.0413,31.2256],[-98.0425,31.2235],[-98.0382,31.221],[-98.0389,31.2196],[-98.033,31.2143],[-98.0356,31.2082],[-98.0331,31.1983],[-98.0366,31.2015],[-98.0371,31.2069],[-98.0401,31.2067],[-98.0398,31.2132],[-98.0431,31.2133],[-98.0431,31.2098],[-98.0452,31.2086],[-98.0472,31.2104],[-98.0461,31.212],[-98.0486,31.2182],[-98.05,31.2166],[-98.0525,31.2195],[-98.0564,31.2191],[-98.0526,31.2148],[-98.0545,31.2134],[-98.0529,31.2112],[-98.0555,31.2076],[-98.0503,31.2022],[-98.0505,31.1975],[-98.0523,31.1974],[-98.0552,31.2027],[-98.0628,31.2053],[-98.0615,31.2087],[-98.0664,31.2078],[-98.0655,31.2123],[-98.0607,31.2137],[-98.0643,31.2158],[-98.0629,31.2202],[-98.0646,31.2218],[-98.07,31.2194],[-98.0696,31.2239],[-98.0665,31.224],[-98.0697,31.2287],[-98.0638,31.2299],[-98.0648,31.2333],[-98.0612,31.2381],[-98.0661,31.2389],[-98.0614,31.2408],[-98.063,31.242],[-98.061,31.2436],[-98.0628,31.2457],[-98.061,31.248],[-98.0623,31.2494],[-98.069,31.2437],[-98.0684,31.2472],[-98.0737,31.2481],[-98.0718,31.2506],[-98.073,31.2527],[-98.0745,31.2508],[-98.077,31.2511],[-98.0788,31.2445],[-98.0819,31.2432],[-98.0837,31.2462],[-98.0813,31.2483],[-98.0818,31.2529],[-98.0783,31.2555],[-98.0841,31.2577],[-98.0856,31.2635],[-98.081,31.2633],[-98.0794,31.2656],[-98.0806,31.2679],[-98.0773,31.2687],[-98.0821,31.2726],[-98.0811,31.2744],[-98.0779,31.2736],[-98.0765,31.2819],[-98.0819,31.2799],[-98.0826,31.2879],[-98.0858,31.2841],[-98.0875,31.2881],[-98.0864,31.2916],[-98.0907,31.2922],[-98.0905,31.295],[-98.0939,31.2961],[-98.0925,31.28],[-98.0961,31.2775],[-98.0972,31.285],[-98.0995,31.286],[-98.1024,31.2833],[-98.102,31.2876],[-98.1079,31.2879],[-98.1059,31.2931],[-98.1084,31.2919],[-98.1095,31.2935],[-98.1112,31.2919],[-98.1122,31.2955],[-98.1154,31.2934],[-98.1149,31.289],[-98.1187,31.2907],[-98.1186,31.2956],[-98.1207,31.2963],[-98.1211,31.2989],[-98.1265,31.2917],[-98.1281,31.2917],[-98.1274,31.2966],[-98.1322,31.2961],[-98.1301,31.2997],[-98.1318,31.3043],[-98.1307,31.3083],[-98.126,31.3019],[-98.1253,31.3045],[-98.1231,31.305],[-98.1216,31.3032],[-98.1147,31.3075],[-98.1186,31.3088],[-98.1179,31.3109],[-98.1216,31.3096],[-98.1255,31.3121],[-98.1215,31.3134],[-98.1256,31.3185],[-98.1217,31.3181],[-98.119,31.3207],[-98.1166,31.3199],[-98.1187,31.3231],[-98.1246,31.3225],[-98.1197,31.3296],[-98.1264,31.3284],[-98.1235,31.3369],[-98.1293,31.3319],[-98.1354,31.3361],[-98.1308,31.3288],[-98.131,31.3231],[-98.1357,31.3212],[-98.1407,31.3152],[-98.1436,31.3225],[-98.1415,31.3259],[-98.1442,31.3257],[-98.1449,31.3276],[-98.1478,31.3205],[-98.152,31.323],[-98.1534,31.3158],[-98.1557,31.316],[-98.1566,31.3284],[-98.153,31.329],[-98.1533,31.3338],[-98.1611,31.3337],[-98.1574,31.3355],[-98.1503,31.3352],[-98.1489,31.3391],[-98.145,31.3391],[-98.144,31.3407],[-98.1455,31.3418],[-98.1414,31.3437],[-98.142,31.3453],[-98.1453,31.3447],[-98.1437,31.3471],[-98.1473,31.3473],[-98.1477,31.3494],[-98.1486,31.3434],[-98.1524,31.3433],[-98.1516,31.3449],[-98.1551,31.347],[-98.1586,31.3445],[-98.1574,31.3488],[-98.155,31.3497],[-98.1575,31.3529],[-98.1559,31.3549],[-98.163,31.3592],[-98.1629,31.3636],[-98.1596,31.3598],[-98.1556,31.3639],[-98.1501,31.3582],[-98.1486,31.3618],[-98.1529,31.3677],[-98.1469,31.3652],[-98.1463,31.3681],[-98.1479,31.3692],[-98.1439,31.3693],[-98.1443,31.3713],[-98.1404,31.372],[-98.1413,31.3744],[-98.1396,31.3756],[-98.153,31.3737],[-98.1507,31.3793],[-98.1468,31.3809],[-98.1482,31.3821],[-98.1472,31.387],[-98.1495,31.3871],[-98.1518,31.3841],[-98.154,31.3864],[-98.153,31.3912],[-98.1553,31.391],[-98.1557,31.381],[-98.158,31.3805],[-98.1593,31.3748],[-98.161,31.3787],[-98.1645,31.378],[-98.165,31.3812],[-98.1688,31.3791],[-98.1674,31.3824],[-98.1723,31.3881],[-98.1698,31.3896],[-98.1624,31.3877],[-98.162,31.3913],[-98.1645,31.3918],[-98.165,31.3954],[-98.1677,31.3948],[-98.1655,31.3982],[-98.1613,31.3982],[-98.1603,31.4006],[-98.1614,31.4021],[-98.1638,31.4013],[-98.1637,31.4042],[-98.1674,31.4048],[-98.1664,31.402],[-98.1703,31.3991],[-98.1729,31.4008],[-98.1759,31.3961],[-98.1797,31.404],[-98.1797,31.4089],[-98.1718,31.4084],[-98.1722,31.412],[-98.1687,31.4136],[-98.1687,31.4155],[-98.1763,31.4167],[-98.1734,31.4201],[-98.17,31.4206],[-98.1734,31.4251],[-98.1675,31.4294],[-98.1683,31.4317],[-98.1694,31.4292],[-98.1747,31.4277],[-98.1721,31.4382],[-98.1736,31.44],[-98.1716,31.441],[-98.1739,31.4451],[-98.1778,31.4417],[-98.1776,31.4373],[-98.1803,31.4358],[-98.1788,31.4333],[-98.1846,31.4299],[-98.1851,31.4269],[-98.1819,31.4267],[-98.1804,31.4242],[-98.1835,31.4204],[-98.1853,31.422],[-98.1873,31.4201],[-98.1899,31.4228],[-98.1882,31.4329],[-98.1937,31.428],[-98.1932,31.434],[-98.1967,31.4314],[-98.2018,31.4385],[-98.1989,31.4396],[-98.1993,31.4413],[-98.1962,31.4405],[-98.1922,31.4435],[-98.1971,31.4439],[-98.1953,31.4489],[-98.1987,31.447],[-98.2014,31.4484],[-98.2,31.4524],[-98.196,31.4552],[-98.2028,31.4552],[-98.2012,31.4586],[-98.2022,31.4621],[-98.1997,31.4632],[-98.1971,31.4616],[-98.1989,31.4663],[-98.1924,31.471],[-98.1987,31.4732],[-98.1993,31.4694],[-98.2057,31.4659],[-98.2081,31.4584],[-98.2104,31.4632],[-98.2081,31.4734],[-98.21,31.4731],[-98.2125,31.4789],[-98.2126,31.4702],[-98.2185,31.4714],[-98.2135,31.468],[-98.2139,31.4664],[-98.2223,31.4648],[-98.2153,31.463],[-98.2173,31.4602],[-98.2119,31.4525],[-98.2163,31.4534],[-98.2121,31.4458],[-98.2134,31.4436],[-98.2156,31.4456],[-98.2167,31.4424],[-98.2191,31.4439],[-98.2214,31.4428],[-98.2236,31.4548],[-98.2287,31.4467],[-98.2284,31.4531],[-98.2339,31.4506],[-98.2332,31.4567],[-98.2295,31.4597],[-98.2313,31.4602],[-98.2374,31.4567],[-98.2347,31.4639],[-98.2419,31.4624],[-98.2418,31.4675],[-98.2433,31.4676],[-98.2403,31.4737],[-98.2365,31.4741],[-98.2378,31.477],[-98.2389,31.4754],[-98.2418,31.4765],[-98.2431,31.4816],[-98.2447,31.4821],[-98.2438,31.4756],[-98.2495,31.4708],[-98.2539,31.4756],[-98.2532,31.4798],[-98.2554,31.4791],[-98.2591,31.4826],[-98.2606,31.4865],[-98.2568,31.4859],[-98.2571,31.4892],[-98.2549,31.4918],[-98.2562,31.4933],[-98.2622,31.4915],[-98.2627,31.4975],[-98.2585,31.4991],[-98.2608,31.5013],[-98.2627,31.5007],[-98.2632,31.5072],[-98.2653,31.5083],[-98.2678,31.5016],[-98.2655,31.4892],[-98.2672,31.4845],[-98.2702,31.4863],[-98.2729,31.4925],[-98.2757,31.4907],[-98.277,31.4984],[-98.2783,31.4994],[-98.2807,31.4971],[-98.2803,31.5042],[-98.2772,31.5071],[-98.2792,31.5078],[-98.2827,31.5054],[-98.2862,31.5101],[-98.2874,31.5051],[-98.2855,31.4988],[-98.2884,31.5013],[-98.2907,31.501],[-98.2918,31.5039],[-98.2949,31.5029],[-98.2972,31.5068],[-98.2987,31.5036],[-98.3017,31.5089],[-98.302,31.5051],[-98.3056,31.5059],[-98.3094,31.5113],[-98.3093,31.5149],[-98.3126,31.5136],[-98.3154,31.5219],[-98.3183,31.5239],[-98.3174,31.532],[-98.3214,31.532],[-98.3223,31.537],[-98.324,31.5304],[-98.3259,31.5298],[-98.328,31.5318],[-98.3285,31.54],[-98.3326,31.5478],[-98.3406,31.5461],[-98.3356,31.5405],[-98.3309,31.5399],[-98.3338,31.5388],[-98.3308,31.5374],[-98.3332,31.5358],[-98.3309,31.5311],[-98.3363,31.5311],[-98.34,31.527],[-98.3302,31.5286],[-98.3278,31.5236],[-98.3298,31.5226],[-98.3267,31.5217],[-98.3253,31.5183],[-98.3293,31.515],[-98.3329,31.5176],[-98.3363,31.5158],[-98.3424,31.5162]],[[-98.2319,31.3358],[-98.2297,31.3354],[-98.2292,31.332],[-98.2259,31.3331],[-98.2227,31.3298],[-98.2155,31.3304],[-98.2152,31.3291],[-98.2186,31.3251],[-98.224,31.3285],[-98.2236,31.3235],[-98.2272,31.3273],[-98.2294,31.3277],[-98.2305,31.326],[-98.2325,31.3272],[-98.235,31.331],[-98.2396,31.3307],[-98.2421,31.3273],[-98.2462,31.3296],[-98.2405,31.3353],[-98.2356,31.3325],[-98.2319,31.3358]],[[-98.2535,31.3372],[-98.2523,31.3342],[-98.2487,31.336],[-98.2478,31.3341],[-98.2497,31.329],[-98.2532,31.3303],[-98.2543,31.3274],[-98.2572,31.3359],[-98.2535,31.3372]],[[-97.8944,30.95],[-97.8985,30.9495],[-97.8997,30.9588],[-97.8938,30.9621],[-97.8952,30.9577],[-97.8936,30.9559],[-97.8967,30.952],[-97.8944,30.95]]]}},
{"type":"Feature","properties":{"name":"Trinity"},"geometry":{"type":"Polygon","coordinates":[[[-98.3435,31.5157],[-98.3434,31.5163],[-98.3439,31.5161],[-98.3435,31.5157]]]}},
{"type":"Feature","properties":{"name":"Trinity"},"geometry":{"type":"Polygon","coordinates":[[[-98.2535,31.3372],[-98.2572,31.3359],[-98.2543,31.3274],[-98.2532,31.3303],[-98.2497,31.329],[-98.2478,31.3341],[-98.2487,31.336],[-98.2523,31.3342],[-98.2535,31.3372]]]}},
{"type":"Feature","properties":{"name":"Trinity"},"geometry":{"type":"Polygon","coordinates":[[[-98.2319,31.3358],[-98.2356,31.3325],[-98.2405,31.3353],[-98.2462,31.3296],[-98.2421,31.3273],[-98.2396,31.3307],[-98.235,31.331],[-98.2325,31.3272],[-98.2305,31.326],[-98.2294,31.3277],[-98.2272,31.3273],[-98.2236,31.3235],[-98.224,31.3285],[-98.2186,31.3251],[-98.2152,31.3291],[-98.2155,31.3304],[-98.2227,31.3298],[-98.2259,31.3331],[-98.2292,31.332],[-98.2297,31.3354],[-98.2319,31.3358]]]}},
{"type":"Feature","properties":{"name":"Trinity"},"geometry":{"type":"Polygon","coordinates":[[[-97.9344,31.267],[-97.9415,31.2757],[-97.9452,31.2752],[-97.9409,31.27],[-97.9383,31.2702],[-97.9376,31.2676],[-97.9344,31.267]]]}},
{"type":"Feature","properties":{"name":"Trinity"},"geometry":{"type":"Polygon","coordinates":[[[-97.9613,31.264],[-97.9602,31.2668],[-97.9619,31.2698],[-97.9701,31.2688],[-97.972,31.2712],[-97.9766,31.2717],[-97.9765,31.2684],[-97.9734,31.2665],[-97.9623,31.2667],[-97.9613,31.264]]]}},
{"type":"Feature","properties":{"name":"Trinity"},"geometry":{"type":"Polygon","coordinates":[[[-97.9149,31.2485],[-97.911,31.2523],[-97.9145,31.2528],[-97.9152,31.2569],[-97.9184,31.2573],[-97.9194,31.2594],[-97.9099,31.264],[-97.9077,31.2601],[-97.9061,31.263],[-97.8983,31.2595],[-97.8983,31.2643],[-97.9027,31.2635],[-97.9054,31.2649],[-97.9069,31.2683],[-97.9116,31.267],[-97.9136,31.2692],[-97.916,31.2631],[-97.9194,31.264],[-97.9227,31.2627],[-97.927,31.2681],[-97.932,31.2655],[-97.9317,31.262],[-97.9273,31.2632],[-97.9236,31.2567],[-97.9181,31.2552],[-97.9149,31.2485]]]}},
{"type":"Feature","properties":{"name":"Trinity"},"geometry":{"type":"Polygon","coordinates":[[[-97.9553,31.2636],[-97.9539,31.2645],[-97.9556,31.2687],[-97.958,31.2675],[-97.9553,31.2636]]]}},
{"type":"Feature","properties":{"name":"Trinity"},"geometry":{"type":"Polygon","coordinates":[[[-97.9508,31.2635],[-97.9496,31.2618],[-97.9484,31.261],[-97.9481,31.2628],[-97.9508,31.2635]]]}},
{"type":"Feature","properties":{"name":"Trinity"},"geometry":{"type":"Polygon","coordinates":[[[-98.2247,30.8796],[-98.222,30.8757],[-98.2211,30.8778],[-98.209,30.88],[-98.2067,30.8768],[-98.2116,30.8744],[-98.205,30.8749],[-98.2005,30.8782],[-98.197,30.8723],[-98.1957,30.875],[-98.1923,30.8733],[-98.1903,30.8751],[-98.1863,30.8744],[-98.1863,30.8728],[-98.1814,30.8707],[-98.1744,30.8742],[-98.1707,30.8706],[-98.174,30.8692],[-98.1753,30.8645],[-98.1687,30.8657],[-98.1627,30.8622],[-98.1528,30.8615],[-98.1525,30.8589],[-98.1629,30.8603],[-98.1722,30.8585],[-98.1626,30.8536],[-98.1638,30.8508],[-98.172,30.8507],[-98.1741,30.8556],[-98.18,30.8566],[-98.183,30.8609],[-98.1864,30.86],[-98.1897,30.8554],[-98.193,30.8589],[-98.1963,30.8565],[-98.1983,30.8603],[-98.2016,30.8585],[-98.2074,30.8612],[-98.2062,30.8577],[-98.1973,30.85],[-98.1984,30.8486],[-98.2169,30.8495],[-98.2195,30.8527],[-98.2205,30.8507],[-98.2187,30.8482],[-98.2134,30.8468],[-98.2127,30.844],[-98.205,30.8442],[-98.2023,30.8394],[-98.1997,30.8416],[-98.1907,30.8406],[-98.1881,30.8424],[-98.1868,30.839],[-98.19,30.8369],[-98.1862,30.8347],[-98.18,30.8344],[-98.1835,30.8288],[-98.1779,30.8303],[-98.1737,30.8267],[-98.1718,30.8341],[-98.1689,30.8306],[-98.1659,30.8351],[-98.1627,30.8354],[-98.1607,30.832],[-98.1572,30.8324],[-98.1557,30.8302],[-98.1605,30.8255],[-98.1536,30.8265],[-98.1521,30.8224],[-98.1506,30.8302],[-98.1489,30.8283],[-98.1479,30.8324],[-98.1441,30.8323],[-98.1437,30.8396],[-98.141,30.8378],[-98.1391,30.8324],[-98.1357,30.8345],[-98.135,30.8386],[-98.1337,30.8365],[-98.1302,30.8383],[-98.1296,30.836],[-98.1316,30.8356],[-98.1299,30.8332],[-98.1323,30.8317],[-98.1315,30.8269],[-98.1261,30.8318],[-98.1239,30.8286],[-98.1219,30.8334],[-98.1177,30.8331],[-98.1178,30.8396],[-98.116,30.8372],[-98.1137,30.8377],[-98.1122,30.8348],[-98.1058,30.8374],[-98.104,30.835],[-98.1065,30.8347],[-98.1065,30.8318],[-98.1137,30.8317],[-98.113,30.8262],[-98.1063,30.8251],[-98.1038,30.8264],[-98.1035,30.8247],[-98.1008,30.8269],[-98.0999,30.8235],[-98.0947,30.8282],[-98.0921,30.8275],[-98.0904,30.8294],[-98.0889,30.8258],[-98.0867,30.8264],[-98.0825,30.8235],[-98.0844,30.8199],[-98.0883,30.8231],[-98.0893,30.8219],[-98.092,30.8234],[-98.0923,30.8204],[-98.0955,30.8207],[-98.0952,30.8183],[-98.0986,30.8149],[-98.1019,30.8154],[-98.1042,30.8199],[-98.1074,30.8196],[-98.1081,30.815],[-98.1164,30.8174],[-98.1144,30.8137],[-98.1161,30.8124],[-98.1118,30.8076],[-98.1129,30.8052],[-98.1189,30.8091],[-98.122,30.8074],[-98.1255,30.8134],[-98.127,30.8045],[-98.1385,30.8113],[-98.139,30.8087],[-98.1357,30.8053],[-98.1372,30.8023],[-98.1412,30.805],[-98.1446,30.804],[-98.1501,30.8065],[-98.1477,30.8023],[-98.1523,30.8028],[-98.1541,30.7993],[-98.1591,30.8012],[-98.1582,30.804],[-98.1604,30.8049],[-98.1613,30.8091],[-98.1679,30.8039],[-98.1694,30.8089],[-98.174,30.806],[-98.1768,30.8079],[-98.1771,30.8113],[-98.1809,30.8091],[-98.1815,30.8109],[-98.1839,30.8099],[-98.1859,30.8121],[-98.1913,30.8112],[-98.1965,30.8145],[-98.1955,30.8175],[-98.2008,30.8178],[-98.2032,30.8213],[-98.2273,30.8262],[-98.21,30.8194],[-98.1987,30.808],[-98.2137,30.8081],[-98.2128,30.8059],[-98.219,30.804],[-98.2116,30.803],[-98.2073,30.8044],[-98.2044,30.8009],[-98.201,30.8033],[-98.1987,30.8028],[-98.1978,30.801],[-98.2026,30.7955],[-98.1902,30.7987],[-98.1895,30.7964],[-98.1931,30.7949],[-98.1939,30.7918],[-98.1839,30.7965],[-98.1816,30.7956],[-98.1843,30.7925],[-98.1808,30.7919],[-98.1812,30.7893],[-98.1762,30.7879],[-98.1796,30.7854],[-98.1878,30.7853],[-98.1863,30.7832],[-98.1874,30.7807],[-98.1918,30.7798],[-98.1914,30.7766],[-98.1979,30.7753],[-98.1976,30.7733],[-98.1923,30.7722],[-98.1841,30.7769],[-98.1818,30.7741],[-98.1831,30.7679],[-98.1774,30.7725],[-98.1758,30.7684],[-98.173,30.7732],[-98.1697,30.7721],[-98.1691,30.7742],[-98.1657,30.7754],[-98.1646,30.782],[-98.1608,30.7749],[-98.1635,30.7687],[-98.1574,30.7751],[-98.1547,30.7721],[-98.1555,30.7619],[-98.1514,30.7704],[-98.1492,30.7707],[-98.1505,30.7767],[-98.1483,30.7785],[-98.1459,30.7756],[-98.1394,30.7809],[-98.1385,30.776],[-98.1304,30.7751],[-98.1302,30.7712],[-98.1369,30.7687],[-98.1363,30.7667],[-98.1303,30.7671],[-98.1304,30.7612],[-98.1253,30.7657],[-98.1236,30.7739],[-98.1196,30.7727],[-98.1177,30.7762],[-98.1142,30.7699],[-98.1132,30.7755],[-98.1099,30.7769],[-98.1073,30.7717],[-98.1076,30.7674],[-98.1063,30.7695],[-98.1044,30.7688],[-98.1052,30.7801],[-98.1033,30.7808],[-98.1014,30.7789],[-98.0997,30.7839],[-98.0967,30.7829],[-98.0952,30.7867],[-98.0928,30.787],[-98.091,30.7923],[-98.0894,30.7892],[-98.0872,30.7898],[-98.0859,30.7934],[-98.0821,30.7923],[-98.081,30.7967],[-98.0778,30.796],[-98.0747,30.7998],[-98.0751,30.795],[-98.0784,30.7942],[-98.0897,30.7818],[-98.0881,30.7788],[-98.0832,30.7814],[-98.0812,30.78],[-98.0784,30.7808],[-98.0778,30.7862],[-98.0753,30.7863],[-98.0727,30.7814],[-98.071,30.7877],[-98.0664,30.7832],[-98.065,30.7873],[-98.0614,30.7825],[-98.0602,30.7857],[-98.0582,30.7838],[-98.0585,30.7915],[-98.0555,30.7905],[-98.0538,30.7929],[-98.053,30.7874],[-98.0506,30.7908],[-98.0487,30.7886],[-98.0456,30.7956],[-98.0431,30.7917],[-98.0406,30.7973],[-98.0375,30.7953],[-98.0374,30.7998],[-98.0346,30.7999],[-98.0328,30.8023],[-98.0331,30.7986],[-98.0308,30.7981],[-98.0317,30.7947],[-98.0283,30.7993],[-98.0263,30.798],[-98.027,30.795],[-98.0233,30.7975],[-98.022,30.7934],[-98.0201,30.796],[-98.0246,30.8045],[-98.0205,30.8023],[-98.0201,30.8064],[-98.0171,30.8087],[-98.0144,30.8003],[-98.0122,30.8024],[-98.01,30.8018],[-98.0088,30.8047],[-98.0111,30.8073],[-98.0077,30.8072],[-98.0095,30.8101],[-98.0067,30.8128],[-98.0034,30.8087],[-98.0017,30.8136],[-97.9987,30.811],[-97.9961,30.8111],[-97.9983,30.8071],[-97.9951,30.8074],[-97.9929,30.8047],[-97.9913,30.8091],[-97.9859,30.8051],[-97.9867,30.8103],[-97.984,30.809],[-97.9763,30.814],[-97.9732,30.8091],[-97.977,30.8083],[-97.9774,30.8067],[-97.9738,30.8067],[-97.9729,30.8039],[-97.971,30.8069],[-97.9713,30.8026],[-97.9695,30.8018],[-97.9646,30.8095],[-97.9589,30.8104],[-97.9599,30.8065],[-97.9564,30.8068],[-97.9539,30.8092],[-97.9479,30.8068],[-97.9483,30.8018],[-97.9454,30.8053],[-97.9412,30.8022],[-97.9416,30.7988],[-97.9444,30.7977],[-97.94,30.7939],[-97.9446,30.7927],[-97.9452,30.79],[-97.9486,30.7891],[-97.9445,30.7837],[-97.9484,30.7819],[-97.9474,30.7807],[-97.9498,30.7784],[-97.9459,30.7762],[-97.9462,30.7733],[-97.9404,30.773],[-97.9452,30.7654],[-97.947,30.7652],[-97.9488,30.7677],[-97.9514,30.7671],[-97.9521,30.7715],[-97.9553,30.7737],[-97.9547,30.7778],[-97.9658,30.7913],[-97.9706,30.792],[-97.97,30.787],[-97.992,30.7906],[-97.9851,30.7863],[-97.9781,30.7854],[-97.9729,30.7827],[-97.9724,30.7805],[-97.9808,30.7781],[-97.9815,30.7751],[-97.9914,30.777],[-97.9895,30.7742],[-97.984,30.7718],[-97.9705,30.7696],[-97.9669,30.7651],[-97.9688,30.7632],[-97.9652,30.76],[-97.9685,30.7558],[-97.9705,30.7591],[-97.9739,30.7593],[-97.9767,30.7627],[-97.9793,30.763],[-97.9799,30.7604],[-97.9867,30.7634],[-97.9876,30.7597],[-97.9937,30.7578],[-97.9991,30.7652],[-97.9994,30.7566],[-97.9939,30.7522],[-97.9775,30.7492],[-97.9808,30.7439],[-97.9876,30.7474],[-97.9887,30.7452],[-97.993,30.7449],[-97.996,30.7482],[-98.0001,30.7486],[-98.0013,30.7536],[-98.0061,30.7535],[-98.0108,30.7573],[-98.0099,30.7598],[-98.0122,30.7607],[-98.0135,30.7641],[-98.0126,30.7679],[-98.0172,30.7659],[-98.0181,30.7635],[-98.0202,30.7637],[-98.0206,30.7696],[-98.0254,30.7682],[-98.0281,30.776],[-98.0294,30.7751],[-98.0332,30.7789],[-98.0375,30.7777],[-98.035,30.7757],[-98.037,30.7722],[-98.0345,30.7703],[-98.0361,30.7659],[-98.0395,30.7686],[-98.0421,30.7673],[-98.0442,30.7699],[-98.0473,30.767],[-98.0489,30.7707],[-98.0502,30.7693],[-98.0533,30.7704],[-98.0552,30.7741],[-98.0579,30.7698],[-98.0619,30.7727],[-98.0634,30.7706],[-98.0671,30.7716],[-98.0678,30.7678],[-98.0742,30.7674],[-98.0655,30.7646],[-98.0651,30.7627],[-98.0814,30.7547],[-98.0775,30.7534],[-98.0711,30.7558],[-98.0698,30.7541],[-98.0673,30.7567],[-98.0654,30.7557],[-98.0646,30.7573],[-98.0612,30.7575],[-98.0609,30.7531],[-98.0584,30.7521],[-98.0548,30.7572],[-98.0519,30.7508],[-98.0474,30.7562],[-98.0464,30.753],[-98.04,30.7564],[-98.0335,30.7528],[-98.0366,30.7504],[-98.0325,30.7469],[-98.0348,30.7428],[-98.0273,30.7422],[-98.0301,30.7393],[-98.0296,30.7356],[-98.0207,30.7376],[-98.0204,30.7359],[-98.0251,30.7323],[-98.0221,30.729],[-98.0194,30.7306],[-98.019,30.7275],[-98.0155,30.7259],[-98.0116,30.7287],[-98.0113,30.7268],[-98.0076,30.7269],[-98.0072,30.7312],[-98.0044,30.7269],[-98.0007,30.7315],[-98.0008,30.7346],[-97.9971,30.7357],[-97.9953,30.7347],[-97.9934,30.727],[-97.9894,30.7342],[-97.9862,30.7321],[-97.9861,30.7286],[-97.9828,30.7284],[-97.9841,30.7249],[-97.9819,30.7227],[-97.9784,30.7245],[-97.9774,30.7215],[-97.9724,30.7291],[-97.9689,30.7253],[-97.9641,30.7287],[-97.9646,30.7264],[-97.962,30.7257],[-97.9594,30.7273],[-97.9557,30.7266],[-97.9533,30.7295],[-97.9495,30.7279],[-97.949,30.7255],[-97.9533,30.7257],[-97.9536,30.7228],[-97.9598,30.7213],[-97.9555,30.7165],[-97.9507,30.7157],[-97.9494,30.7128],[-97.945,30.7145],[-97.9433,30.7129],[-97.9442,30.7081],[-97.95,30.7045],[-97.9463,30.7045],[-97.9445,30.7013],[-97.9415,30.704],[-97.9384,30.702],[-97.933,30.7046],[-97.9324,30.707],[-97.925,30.7039],[-97.9263,30.7002],[-97.9326,30.701],[-97.9309,30.6979],[-97.9325,30.6969],[-97.9293,30.696],[-97.9288,30.6938],[-97.9339,30.6922],[-97.9219,30.6938],[-97.9221,30.6888],[-97.9172,30.69],[-97.9143,30.6867],[-97.9126,30.6908],[-97.9073,30.6916],[-97.906,30.6897],[-97.9084,30.6873],[-97.9083,30.6837],[-97.9039,30.6893],[-97.9008,30.6881],[-97.8994,30.6933],[-97.8967,30.6925],[-97.8927,30.6891],[-97.8935,30.6818],[-97.8982,30.6761],[-97.8963,30.6705],[-97.8945,30.6727],[-97.8904,30.6717],[-97.8891,30.6685],[-97.8858,30.67],[-97.8845,30.6735],[-97.8828,30.6731],[-97.8838,30.6786],[-97.8808,30.6784],[-97.8817,30.6816],[-97.8796,30.6824],[-97.8748,30.682],[-97.8734,30.6798],[-97.8754,30.6754],[-97.8704,30.6741],[-97.867,30.6857],[-97.8644,30.6824],[-97.8625,30.687],[-97.8541,30.691],[-97.8532,30.6895],[-97.8568,30.6886],[-97.8595,30.6841],[-97.8578,30.6773],[-97.8519,30.6786],[-97.852,30.6745],[-97.8588,30.6733],[-97.8598,30.6706],[-97.8647,30.6689],[-97.8625,30.6667],[-97.8538,30.6672],[-97.8533,30.663],[-97.8388,30.681],[-97.8172,30.7217],[-97.8188,30.722],[-97.8212,30.7187],[-97.8217,30.7306],[-97.8239,30.7271],[-97.8256,30.7273],[-97.8252,30.7239],[-97.8287,30.7255],[-97.8283,30.7214],[-97.8256,30.7203],[-97.8255,30.7161],[-97.8271,30.7174],[-97.8296,30.7165],[-97.8336,30.7251],[-97.835,30.7208],[-97.8379,30.7191],[-97.8369,30.7143],[-97.8386,30.7128],[-97.8417,30.7141],[-97.8437,30.7241],[-97.848,30.7274],[-97.8467,30.7338],[-97.8527,30.7399],[-97.8512,30.7335],[-97.8558,30.7344],[-97.8543,30.7308],[-97.8582,30.7288],[-97.8556,30.7279],[-97.854,30.7243],[-97.8584,30.7196],[-97.857,30.7169],[-97.8603,30.7135],[-97.8704,30.7282],[-97.8753,30.7291],[-97.8728,30.7245],[-97.8737,30.7224],[-97.8772,30.7217],[-97.8822,30.7237],[-97.8836,30.726],[-97.8824,30.7282],[-97.889,30.7334],[-97.8881,30.7365],[-97.8857,30.7373],[-97.8881,30.7382],[-97.8861,30.7407],[-97.8881,30.7416],[-97.8887,30.745],[-97.8927,30.7435],[-97.8928,30.7394],[-97.8974,30.7388],[-97.899,30.7419],[-97.898,30.7468],[-97.9002,30.7451],[-97.9008,30.747],[-97.9068,30.7491],[-97.9086,30.7526],[-97.9063,30.7565],[-97.9103,30.7571],[-97.9093,30.7612],[-97.9144,30.763],[-97.9097,30.7658],[-97.9121,30.7682],[-97.9068,30.7716],[-97.912,30.7739],[-97.9154,30.7719],[-97.9179,30.7761],[-97.9114,30.7809],[-97.9158,30.783],[-97.9176,30.7811],[-97.9191,30.7873],[-97.9157,30.7881],[-97.9183,30.7945],[-97.9114,30.8012],[-97.9193,30.8049],[-97.9136,30.8141],[-97.9167,30.8137],[-97.9208,30.8161],[-97.9243,30.8225],[-97.9232,30.8258],[-97.9337,30.8256],[-97.9356,30.827],[-97.9387,30.8394],[-97.944,30.833],[-97.9418,30.8306],[-97.945,30.8291],[-97.9394,30.826],[-97.939,30.8241],[-97.944,30.8203],[-97.951,30.8268],[-97.9556,30.8281],[-97.9561,30.8313],[-97.9588,30.8291],[-97.9619,30.8325],[-97.9637,30.8279],[-97.9691,30.8288],[-97.9709,30.8303],[-97.9711,30.8425],[-97.9731,30.8353],[-97.978,30.8341],[-97.9873,30.8344],[-97.9883,30.8381],[-97.994,30.8423],[-97.9927,30.8351],[-97.9958,30.8365],[-97.9985,30.8337],[-98.0,30.8348],[-98.0001,30.8449],[-98.0042,30.8403],[-98.0069,30.8421],[-98.008,30.8407],[-98.0121,30.8409],[-98.015,30.8435],[-98.0125,30.8364],[-98.015,30.8358],[-98.0175,30.8388],[-98.0184,30.8364],[-98.0208,30.8364],[-98.0254,30.8388],[-98.0252,30.8421],[-98.028,30.8422],[-98.0311,30.8449],[-98.0336,30.852],[-98.036,30.8468],[-98.0359,30.841],[-98.0401,30.8425],[-98.042,30.8463],[-98.045,30.8444],[-98.0508,30.8444],[-98.0502,30.8504],[-98.0552,30.8489],[-98.0585,30.8585],[-98.0618,30.8611],[-98.0625,30.8556],[-98.0664,30.8545],[-98.0643,30.8516],[-98.0653,30.8497],[-98.0718,30.8486],[-98.0737,30.8553],[-98.0768,30.8552],[-98.0784,30.8586],[-98.0809,30.8584],[-98.0825,30.8607],[-98.0824,30.8532],[-98.0865,30.851],[-98.0897,30.8539],[-98.0901,30.8603],[-98.0925,30.8636],[-98.094,30.8614],[-98.098,30.8615],[-98.0986,30.8588],[-98.1027,30.8584],[-98.1039,30.8615],[-98.1061,30.8617],[-98.1052,30.8661],[-98.1094,30.8664],[-98.1106,30.8696],[-98.1142,30.8713],[-98.1171,30.8625],[-98.1192,30.8681],[-98.123,30.8674],[-98.1245,30.8711],[-98.1265,30.8693],[-98.1334,30.8708],[-98.1339,30.8753],[-98.1385,30.8731],[-98.137,30.879],[-98.1389,30.8811],[-98.1414,30.8776],[-98.1449,30.877],[-98.1498,30.8826],[-98.1544,30.8831],[-98.1559,30.8878],[-98.1591,30.8872],[-98.1603,30.8897],[-98.1652,30.8875],[-98.167,30.8937],[-98.1707,30.892],[-98.173,30.8948],[-98.1753,30.8925],[-98.1838,30.8997],[-98.1927,30.9023],[-98.202,30.9025],[-98.2028,30.9013],[-98.1957,30.9003],[-98.1941,30.8982],[-98.1894,30.8985],[-98.1882,30.8945],[-98.183,30.8906],[-98.1857,30.8883],[-98.1792,30.8853],[-98.1876,30.8844],[-98.2004,30.8866],[-98.216,30.8831],[-98.2253,30.8853],[-98.2266,30.8846],[-98.2218,30.8844],[-98.2191,30.8814],[-98.2247,30.8796]]]}},
{"type":"Feature","properties":{"name":"Trinity"},"geometry":{"type":"Polygon","coordinates":[[[-98.0821,30.7389],[-98.074,30.7333],[-98.0725,30.7269],[-98.0748,30.7267],[-98.077,30.7295],[-98.0793,30.7271],[-98.0812,30.7315],[-98.0845,30.7314],[-98.0877,30.7338],[-98.089,30.7306],[-98.0955,30.7332],[-98.094,30.7296],[-98.096,30.726],[-98.1006,30.7264],[-98.1055,30.7324],[-98.1047,30.7349],[-98.1092,30.7353],[-98.1115,30.7406],[-98.115,30.7352],[-98.1116,30.7298],[-98.1186,30.7314],[-98.1224,30.7378],[-98.1255,30.7337],[-98.132,30.736],[-98.1358,30.7345],[-98.1301,30.7316],[-98.1315,30.7291],[-98.1386,30.7295],[-98.1516,30.7353],[-98.1561,30.7337],[-98.1512,30.7314],[-98.1484,30.7264],[-98.1452,30.7274],[-98.1419,30.7256],[-98.1431,30.7223],[-98.1352,30.7242],[-98.1295,30.7233],[-98.1313,30.7205],[-98.1292,30.718],[-98.1248,30.7227],[-98.1221,30.7229],[-98.1248,30.7191],[-98.1118,30.7162],[-98.1085,30.7176],[-98.1065,30.713],[-98.1032,30.716],[-98.1001,30.7137],[-98.0984,30.7146],[-98.0974,30.7099],[-98.0945,30.71],[-98.0937,30.7134],[-98.091,30.7138],[-98.0881,30.7116],[-98.0818,30.7133],[-98.0784,30.7108],[-98.0733,30.7116],[-98.0708,30.7089],[-98.0686,30.7099],[-98.0667,30.7083],[-98.0718,30.7054],[-98.0737,30.7079],[-98.0769,30.7083],[-98.0793,30.706],[-98.0825,30.7068],[-98.084,30.7042],[-98.0952,30.7059],[-98.0924,30.7018],[-98.0978,30.701],[-98.1111,30.7038],[-98.1111,30.7022],[-98.1142,30.7028],[-98.1142,30.7009],[-98.1053,30.6978],[-98.1198,30.6943],[-98.1296,30.697],[-98.138,30.6969],[-98.135,30.6946],[-98.1283,30.694],[-98.1272,30.6911],[-98.125,30.6912],[-98.126,30.687],[-98.1212,30.688],[-98.1204,30.6859],[-98.1176,30.6891],[-98.1119,30.6911],[-98.1039,30.6908],[-98.0905,30.6951],[-98.0764,30.6954],[-98.0799,30.6912],[-98.0914,30.6868],[-98.0866,30.6854],[-98.0867,30.6833],[-98.0737,30.6907],[-98.0708,30.6902],[-98.0646,30.6953],[-98.0596,30.6948],[-98.0579,30.6926],[-98.0611,30.692],[-98.0637,30.6888],[-98.0596,30.6873],[-98.0593,30.6843],[-98.0633,30.6817],[-98.0679,30.6818],[-98.0681,30.6788],[-98.0736,30.6783],[-98.0742,30.6766],[-98.0702,30.6747],[-98.0745,30.6663],[-98.064,30.6759],[-98.0621,30.6747],[-98.0567,30.676],[-98.052,30.6677],[-98.0511,30.6787],[-98.0482,30.6783],[-98.0448,30.682],[-98.0477,30.6836],[-98.0453,30.6857],[-98.0474,30.6875],[-98.0441,30.6912],[-98.0415,30.6908],[-98.0411,30.6942],[-98.0391,30.6948],[-98.0323,30.6935],[-98.0358,30.6887],[-98.0312,30.6871],[-98.0276,30.689],[-98.0251,30.6871],[-98.0182,30.6895],[-98.0147,30.6875],[-98.0122,30.6895],[-98.0086,30.6888],[-98.0144,30.6825],[-98.0199,30.6809],[-98.0197,30.6782],[-98.0271,30.6767],[-98.0297,30.6743],[-98.0277,30.6724],[-98.0286,30.6709],[-98.0221,30.6708],[-98.02,30.67],[-98.0207,30.6674],[-98.0161,30.6675],[-98.0162,30.6643],[-98.0134,30.6652],[-98.0124,30.6688],[-98.0058,30.6695],[-98.0046,30.6752],[-98.0017,30.6724],[-98.0007,30.6752],[-97.9981,30.6755],[-97.9981,30.6811],[-97.9929,30.6787],[-97.9925,30.6851],[-97.9903,30.6858],[-97.9877,30.6846],[-97.9879,30.6791],[-97.9822,30.681],[-97.9802,30.6796],[-97.983,30.6754],[-97.9824,30.6733],[-97.9855,30.674],[-97.9829,30.6696],[-97.9781,30.6726],[-97.9759,30.6721],[-97.9743,30.6752],[-97.9686,30.6726],[-97.9686,30.67],[-97.9754,30.6699],[-97.9756,30.6663],[-97.985,30.663],[-97.987,30.6644],[-97.9932,30.6629],[-97.9831,30.6578],[-97.973,30.6589],[-97.9716,30.6543],[-97.9794,30.654],[-97.9818,30.6513],[-97.9896,30.6531],[-97.995,30.6495],[-97.9975,30.6492],[-97.9984,30.6511],[-98.0038,30.6474],[-98.0077,30.6494],[-98.0106,30.6457],[-98.0132,30.6488],[-98.0191,30.6461],[-98.0211,30.6503],[-98.0244,30.652],[-98.0328,30.6497],[-98.0286,30.6487],[-98.0272,30.645],[-98.0348,30.643],[-98.0341,30.6398],[-98.0283,30.6426],[-98.0175,30.6366],[-98.0275,30.6276],[-98.0221,30.6293],[-98.02,30.626],[-98.0169,30.6264],[-98.0148,30.6328],[-98.0127,30.6342],[-98.0103,30.6329],[-98.0095,30.6352],[-98.0077,30.6328],[-97.9976,30.6349],[-97.9947,30.634],[-97.9906,30.6359],[-97.9878,30.634],[-97.9833,30.6354],[-97.9797,30.6305],[-97.9818,30.6266],[-97.9861,30.6246],[-97.9804,30.6237],[-97.9752,30.6271],[-97.9731,30.6341],[-97.9691,30.6349],[-97.9678,30.6318],[-97.9659,30.636],[-97.9625,30.6338],[-97.9616,30.6359],[-97.9586,30.636],[-97.96,30.6428],[-97.9562,30.6407],[-97.9539,30.6432],[-97.9521,30.6377],[-97.9485,30.6431],[-97.9505,30.6477],[-97.9488,30.6521],[-97.9438,30.6553],[-97.9428,30.6541],[-97.9456,30.651],[-97.9423,30.6508],[-97.9416,30.6488],[-97.9425,30.6431],[-97.9445,30.6423],[-97.9428,30.6372],[-97.9406,30.6406],[-97.9386,30.6403],[-97.9371,30.6439],[-97.936,30.6429],[-97.9335,30.6449],[-97.9293,30.6438],[-97.9315,30.6391],[-97.9249,30.6396],[-97.9242,30.6368],[-97.9227,30.6375],[-97.9213,30.6355],[-97.9208,30.6386],[-97.9172,30.6418],[-97.9152,30.6418],[-97.9149,30.6394],[-97.9115,30.6409],[-97.9116,30.6441],[-97.9076,30.6438],[-97.9063,30.6385],[-97.9103,30.637],[-97.9128,30.6331],[-97.9297,30.629],[-97.9318,30.6301],[-97.9354,30.6266],[-97.9198,30.625],[-97.9207,30.6212],[-97.9255,30.6196],[-97.9264,30.6135],[-97.9235,30.6158],[-97.9185,30.6158],[-97.9133,30.6226],[-97.9099,30.6211],[-97.9065,30.6256],[-97.9026,30.6251],[-97.9011,30.6194],[-97.8949,30.6247],[-97.8925,30.621],[-97.8885,30.6252],[-97.8855,30.6241],[-97.8828,30.626],[-97.8776,30.6229],[-97.8804,30.6209],[-97.8745,30.6202],[-97.8706,30.6173],[-97.8602,30.6501],[-97.8686,30.6562],[-97.873,30.6573],[-97.8738,30.6534],[-97.8809,30.6517],[-97.8916,30.6618],[-97.8948,30.6617],[-97.9025,30.6656],[-97.906,30.6647],[-97.9075,30.67],[-97.9089,30.6672],[-97.9132,30.6675],[-97.9163,30.6728],[-97.9196,30.6717],[-97.9237,30.6769],[-97.9294,30.6751],[-97.9343,30.6814],[-97.9375,30.6806],[-97.9396,30.6843],[-97.9485,30.6875],[-97.9507,30.6928],[-97.9576,30.6938],[-97.9618,30.6997],[-97.9651,30.6989],[-97.9698,30.7017],[-97.9723,30.7002],[-97.9748,30.7088],[-97.9788,30.7046],[-97.9805,30.7069],[-97.9837,30.707],[-97.9856,30.7115],[-97.9897,30.7116],[-97.9924,30.7155],[-97.9965,30.7125],[-98.0022,30.7176],[-98.0059,30.7116],[-98.0092,30.7159],[-98.013,30.7142],[-98.0133,30.7177],[-98.0155,30.7174],[-98.0184,30.7204],[-98.0285,30.7182],[-98.029,30.7235],[-98.033,30.7298],[-98.0345,30.7251],[-98.0393,30.7273],[-98.0404,30.7254],[-98.0455,30.7245],[-98.0469,30.7277],[-98.0494,30.7273],[-98.0512,30.7293],[-98.0531,30.7274],[-98.0565,30.728],[-98.0603,30.7359],[-98.0633,30.7313],[-98.0672,30.7378],[-98.07,30.7389],[-98.072,30.7375],[-98.0729,30.7395],[-98.0748,30.7377],[-98.0821,30.7389]]]}},
{"type":"Feature","properties":{"name":"Trinity"},"geometry":{"type":"Polygon","coordinates":[[[-98.8448,30.1235],[-98.8412,30.1259],[-98.846,30.1294],[-98.8529,30.1264],[-98.8468,30.1266],[-98.8448,30.1235]]]}},
{"type":"Feature","properties":{"name":"Trinity"},"geometry":{"type":"Polygon","coordinates":[[[-98.0564,30.0008],[-98.0535,29.9958],[-98.0512,29.995],[-98.0497,29.9972],[-98.0449,29.9943],[-98.036,29.9963],[-98.0366,29.9923],[-98.0325,29.9886],[-98.031,29.9939],[-98.0272,29.9867],[-98.0216,29.987],[-98.025,29.9909],[-98.0229,29.9917],[-98.0163,29.9869],[-98.012,29.988],[-98.0165,29.9892],[-98.0139,29.9904],[-98.0174,29.9945],[-98.0234,29.9944],[-98.0251,29.9965],[-98.028,29.9953],[-98.0259,29.9978],[-98.0273,30.0006],[-98.0391,30.0003],[-98.0436,29.9979],[-98.0491,30.0004],[-98.0564,30.0008]]]}},
{"type":"Feature","properties":{"name":"Trinity"},"geometry":{"type":"Polygon","coordinates":[[[-98.0694,30.0005],[-98.0729,30.0013],[-98.0748,29.9975],[-98.0681,29.9931],[-98.0674,29.9962],[-98.0712,29.9982],[-98.0694,30.0005]]]}},
{"type":"Feature","properties":{"name":"Trinity"},"geometry":{"type":"Polygon","coordinates":[[[-98.0608,30.0011],[-98.0676,30.0001],[-98.0604,29.9945],[-98.0588,29.9953],[-98.0629,29.9993],[-98.0608,30.0011]]]}},
{"type":"Feature","properties":{"name":"Trinity"},"geometry":{"type":"Polygon","coordinates":[[[-98.6502,29.5917],[-98.6526,29.5948],[-98.6517,29.599],[-98.6556,29.6018],[-98.6495,29.6057],[-98.652,29.6071],[-98.6501,29.6093],[-98.6509,29.6169],[-98.6531,29.6176],[-98.6545,29.616],[-98.653,29.6111],[-98.6558,29.6139],[-98.6567,29.6129],[-98.6543,29.6073],[-98.6569,29.606],[-98.6596,29.6061],[-98.6599,29.6091],[-98.6619,29.6086],[-98.6564,29.6185],[-98.6591,29.6181],[-98.6594,29.6196],[-98.6613,29.6146],[-98.6648,29.6121],[-98.6672,29.6167],[-98.6677,29.6124],[-98.6705,29.6116],[-98.6689,29.6094],[-98.6703,29.608],[-98.6647,29.6078],[-98.6651,29.605],[-98.6622,29.6053],[-98.6563,29.5979],[-98.6574,29.5945],[-98.6607,29.5976],[-98.6608,29.5955],[-98.6631,29.5966],[-98.6628,29.5942],[-98.6645,29.5938],[-98.6656,29.5976],[-98.6629,29.6002],[-98.6667,29.6019],[-98.6684,29.5995],[-98.6706,29.6014],[-98.6698,29.5965],[-98.667,29.5932],[-98.6699,29.5911],[-98.6635,29.5905],[-98.661,29.5871],[-98.6502,29.5917]]]}},
{"type":"Feature","properties":{"name":"Trinity"},"geometry":{"type":"Polygon","coordinates":[[[-98.6351,29.6007],[-98.6395,29.6051],[-98.6387,29.6101],[-98.6412,29.6091],[-98.6461,29.6145],[-98.6466,29.6116],[-98.6439,29.6096],[-98.6449,29.6078],[-98.6413,29.604],[-98.6424,29.5997],[-98.6382,29.5989],[-98.6351,29.6007]]]}},
{"type":"Feature","properties":{"name":"Trinity"},"geometry":{"type":"Polygon","coordinates":[[[-98.1001,29.9379],[-98.0966,29.9314],[-98.0987,29.9282],[-98.0971,29.9245],[-98.0856,29.9321],[-98.0922,29.9302],[-98.0958,29.9385],[-98.1001,29.9379]]]}},
{"type":"Feature","properties":{"name":"Trinity"},"geometry":{"type":"Polygon","coordinates":[[[-98.1173,29.9337],[-98.0822,29.9441],[-98.0605,29.9575],[-98.0671,29.959],[-98.0721,29.9523],[-98.0746,29.9524],[-98.0812,29.9461],[-98.0872,29.9445],[-98.0896,29.9459],[-98.0883,29.9482],[-98.0912,29.9477],[-98.0951,29.9447],[-98.1053,29.9429],[-98.1097,29.9392],[-98.1146,29.9394],[-98.1181,29.9353],[-98.1283,29.9369],[-98.1315,29.9347],[-98.1173,29.9337]]]}},
{"type":"Feature","properties":{"name":"Trinity"},"geometry":{"type":"Polygon","coordinates":[[[-98.1337,29.9351],[-98.1379,29.9375],[-98.1403,29.935],[-98.1337,29.9351]]]}},
{"type":"Feature","properties":{"name":"Trinity"},"geometry":{"type":"MultiPolygon","coordinates":[[[[-99.0,29.552],[-99.0,29.2],[-98.8451,29.2],[-98.8101,29.2186],[-98.7488,29.241],[-98.694,29.2523],[-98.6686,29.2614],[-98.55,29.3356],[-98.4805,29.3852],[-98.4629,29.4014],[-98.3818,29.4856],[-98.3435,29.5294],[-98.3283,29.5495],[-98.3043,29.5748],[-98.2919,29.585],[-98.2698,29.5994],[-98.1569,29.6636],[-98.0609,29.7263],[-98.0233,29.7485],[-97.9408,29.8187],[-97.9116,29.8484],[-97.8836,29.8833],[-97.8211,29.9927],[-97.7981,30.045],[-97.7849,30.0623],[-97.7744,30.0722],[-97.7606,30.0805],[-97.6904,30.1079],[-97.637,30.1403],[-97.5941,30.163],[-97.5168,30.1906],[-97.4987,30.1937],[-97.4696,30.2066],[-97.4148,30.2428],[-97.3807,30.2717],[-97.3552,30.3053],[-97.3004,30.3668],[-97.2802,30.4061],[-97.2665,30.4524],[-97.2532,30.5108],[-97.2422,30.5426],[-97.2389,30.5699],[-97.2316,30.5979],[-97.218,30.6343],[-97.1739,30.72],[-97.1406,30.8033],[-97.1271,30.8259],[-97.1055,30.8519],[-97.0777,30.9142],[-97.0469,31.0043],[-97.0256,31.1151],[-97.0105,31.1763],[-96.9884,31.2472],[-96.9642,31.2914],[-96.9527,31.3055],[-96.8341,31.404],[-96.8169,31.4315],[-96.7731,31.5199],[-96.7629,31.5462],[-96.7586,31.5812],[-96.7622,31.6282],[-96.7712,31.6657],[-96.7702,31.6954],[-96.7694,31.7],[-97.9201,31.7],[-97.9247,31.6944],[-97.9209,31.6917],[-97.9228,31.6865],[-97.9186,31.6879],[-97.9193,31.6839],[-97.9166,31.684],[-97.9156,31.6748],[-97.9118,31.6755],[-97.909,31.6846],[-97.9071,31.678],[-97.9044,31.677],[-97.9068,31.6709],[-97.9055,31.6691],[-97.9127,31.6659],[-97.9105,31.6633],[-97.9141,31.6613],[-97.9126,31.6537],[-97.9106,31.6581],[-97.9067,31.658],[-97.9043,31.6656],[-97.9004,31.6612],[-97.9001,31.6577],[-97.8974,31.6614],[-97.8981,31.6641],[-97.8961,31.6651],[-97.899,31.668],[-97.8954,31.6687],[-97.8952,31.6737],[-97.8915,31.6751],[-97.8909,31.6666],[-97.8886,31.6651],[-97.8864,31.6674],[-97.8854,31.6658],[-97.8798,31.6661],[-97.8877,31.6573],[-97.8868,31.6537],[-97.8851,31.6542],[-97.8854,31.6568],[-97.8826,31.658],[-97.8781,31.6576],[-97.8786,31.654],[-97.8728,31.6595],[-97.8705,31.6555],[-97.8724,31.6531],[-97.8686,31.653],[-97.8711,31.6498],[-97.875,31.6508],[-97.8738,31.648],[-97.8777,31.646],[-97.8748,31.6445],[-97.8722,31.6457],[-97.8701,31.6409],[-97.8629,31.6406],[-97.863,31.6368],[-97.866,31.6375],[-97.8674,31.6355],[-97.8721,31.6375],[-97.8731,31.6339],[-97.8782,31.6364],[-97.8815,31.6337],[-97.8784,31.632],[-97.8776,31.6288],[-97.8731,31.6282],[-97.8753,31.6235],[-97.8719,31.625],[-97.8709,31.6209],[-97.8662,31.6207],[-97.8755,31.6165],[-97.8776,31.6125],[-97.8745,31.6131],[-97.8712,31.6101],[-97.8629,31.6144],[-97.8632,31.6103],[-97.8595,31.6127],[-97.858,31.6101],[-97.8596,31.6048],[-97.8555,31.6045],[-97.8493,31.6096],[-97.8488,31.6069],[-97.8461,31.6079],[-97.8486,31.6037],[-97.8456,31.601],[-97.8505,31.6016],[-97.8498,31.5977],[-97.8531,31.596],[-97.8546,31.5975],[-97.8588,31.5961],[-97.8614,31.5916],[-97.8578,31.5915],[-97.8597,31.5866],[-97.8547,31.5906],[-97.8542,31.588],[-97.8475,31.5905],[-97.8452,31.5866],[-97.85,31.587],[-97.8522,31.5832],[-97.848,31.5792],[-97.8446,31.5787],[-97.8434,31.576],[-97.8511,31.5785],[-97.85,31.5743],[-97.853,31.5727],[-97.8543,31.5773],[-97.8597,31.5797],[-97.8612,31.5766],[-97.8565,31.5746],[-97.8571,31.571],[-97.8609,31.5725],[-97.8647,31.5672],[-97.8589,31.5657],[-97.8591,31.5619],[-97.8553,31.5617],[-97.8616,31.5598],[-97.8623,31.5549],[-97.8669,31.5566],[-97.8661,31.5506],[-97.8681,31.5474],[-97.8636,31.5508],[-97.8586,31.5486],[-97.8573,31.5515],[-97.8555,31.5502],[-97.8562,31.5412],[-97.8513,31.5434],[-97.8506,31.5483],[-97.8482,31.5511],[-97.8467,31.5503],[-97.8463,31.5466],[-97.8438,31.5457],[-97.8454,31.5405],[-97.843,31.5399],[-97.8468,31.5311],[-97.8414,31.534],[-97.8389,31.5377],[-97.8336,31.5353],[-97.8353,31.5402],[-97.838,31.54],[-97.8393,31.5425],[-97.8368,31.5454],[-97.839,31.553],[-97.8372,31.5561],[-97.8322,31.5429],[-97.8286,31.5451],[-97.829,31.5537],[-97.8274,31.5554],[-97.8259,31.5431],[-97.8276,31.5369],[-97.8107,31.543],[-97.8131,31.5386],[-97.8193,31.5351],[-97.8216,31.5322],[-97.8196,31.5302],[-97.823,31.5282],[-97.8222,31.5235],[-97.8148,31.5287],[-97.8111,31.5281],[-97.8112,31.5259],[-97.8072,31.527],[-97.8102,31.5232],[-97.8073,31.5226],[-97.8104,31.5175],[-97.8071,31.5147],[-97.8141,31.5143],[-97.8048,31.5113],[-97.808,31.5078],[-97.8039,31.5073],[-97.8016,31.5026],[-97.8054,31.5038],[-97.8043,31.5011],[-97.8075,31.4918],[-97.8031,31.4925],[-97.8033,31.4965],[-97.7995,31.4925],[-97.7937,31.4935],[-97.7935,31.4969],[-97.7917,31.4959],[-97.7933,31.5021],[-97.7958,31.5036],[-97.7933,31.5053],[-97.7975,31.5081],[-97.7934,31.5143],[-97.7913,31.5107],[-97.7938,31.5082],[-97.7891,31.5089],[-97.7894,31.5006],[-97.7882,31.5028],[-97.7865,31.5015],[-97.7829,31.5027],[-97.782,31.5052],[-97.7808,31.5025],[-97.7763,31.5044],[-97.7787,31.5004],[-97.7859,31.4974],[-97.7804,31.4933],[-97.7838,31.4908],[-97.7769,31.4916],[-97.7763,31.4895],[-97.7794,31.4882],[-97.7728,31.4866],[-97.7695,31.4877],[-97.7695,31.4931],[-97.7655,31.4916],[-97.7685,31.49],[-97.7657,31.4862],[-97.7695,31.4838],[-97.7662,31.4774],[-97.7632,31.481],[-97.7627,31.476],[-97.7582,31.4781],[-97.7567,31.4768],[-97.7501,31.4785],[-97.7533,31.4823],[-97.7496,31.4831],[-97.7508,31.4889],[-97.7487,31.485],[-97.7426,31.4856],[-97.7479,31.4806],[-97.7466,31.4777],[-97.7373,31.4812],[-97.7418,31.4758],[-97.7416,31.469],[-97.7456,31.4614],[-97.7399,31.447],[-97.7441,31.4455],[-97.7472,31.44],[-97.7507,31.4387],[-97.7524,31.4357],[-97.7491,31.4323],[-97.7457,31.4331],[-97.7459,31.4301],[-97.741,31.4285],[-97.7393,31.4283],[-97.7372,31.432],[-97.7362,31.4262],[-97.7337,31.4279],[-97.7314,31.4264],[-97.7342,31.4109],[-97.7369,31.4123],[-97.7413,31.4099],[-97.738,31.4084],[-97.7249,31.4095],[-97.7265,31.4072],[-97.7207,31.4062],[-97.7155,31.4074],[-97.713,31.4114],[-97.7136,31.4067],[-97.7237,31.4045],[-97.7239,31.4022],[-97.7216,31.3956],[-97.7178,31.3946],[-97.7171,31.3919],[-97.7123,31.3941],[-97.7141,31.391],[-97.7117,31.3896],[-97.711,31.3844],[-97.6992,31.3892],[-97.6984,31.3932],[-97.6961,31.3895],[-97.6847,31.3813],[-97.6687,31.3824],[-97.6608,31.3804],[-97.6596,31.3749],[-97.6555,31.3703],[-97.6534,31.3583],[-97.645,31.3546],[-97.6401,31.3586],[-97.6295,31.3569],[-97.628,31.3534],[-97.6288,31.3499],[-97.6319,31.3476],[-97.6303,31.3452],[-97.6086,31.3504],[-97.6045,31.3487],[-97.5848,31.3588],[-97.5761,31.3591],[-97.5742,31.3552],[-97.5784,31.3516],[-97.5785,31.3457],[-97.5879,31.3372],[-97.5854,31.3315],[-97.5919,31.3364],[-97.5942,31.3292],[-97.5964,31.3285],[-97.5968,31.3231],[-97.5985,31.3265],[-97.6006,31.3245],[-97.6073,31.3237],[-97.6067,31.3259],[-97.6006,31.3291],[-97.5972,31.3352],[-97.5982,31.3378],[-97.6051,31.3391],[-97.611,31.3314],[-97.6184,31.328],[-97.6492,31.3298],[-97.648,31.3217],[-97.6406,31.3167],[-97.644,31.3176],[-97.6457,31.3147],[-97.6473,31.3171],[-97.6511,31.3176],[-97.6523,31.3107],[-97.6547,31.3156],[-97.6592,31.3154],[-97.6531,31.3221],[-97.6529,31.3247],[-97.6556,31.3253],[-97.6553,31.3283],[-97.6584,31.3264],[-97.6664,31.3265],[-97.669,31.3194],[-97.6704,31.3245],[-97.6819,31.3238],[-97.6836,31.3158],[-97.6863,31.3156],[-97.6861,31.324],[-97.6894,31.3277],[-97.6987,31.3312],[-97.6959,31.3323],[-97.6783,31.3309],[-97.6765,31.3319],[-97.6771,31.3345],[-97.6698,31.3306],[-97.6662,31.3313],[-97.6663,31.3332],[-97.6595,31.3341],[-97.6592,31.3367],[-97.6518,31.3379],[-97.6644,31.3456],[-97.6648,31.3543],[-97.672,31.3591],[-97.6679,31.3638],[-97.6694,31.3689],[-97.68,31.372],[-97.6785,31.3733],[-97.68,31.3762],[-97.6903,31.3773],[-97.6985,31.3825],[-97.7131,31.3721],[-97.7211,31.3716],[-97.7222,31.3791],[-97.7247,31.3816],[-97.728,31.3806],[-97.727,31.3836],[-97.7313,31.3884],[-97.7379,31.3862],[-97.744,31.3872],[-97.7443,31.384],[-97.751,31.3812],[-97.7491,31.3857],[-97.7459,31.3868],[-97.746,31.3899],[-97.7404,31.389],[-97.7288,31.3926],[-97.7309,31.3962],[-97.7395,31.4012],[-97.7435,31.3978],[-97.7433,31.4016],[-97.7464,31.3998],[-97.7503,31.4003],[-97.7501,31.3978],[-97.7525,31.3965],[-97.7519,31.4011],[-97.7538,31.4023],[-97.7589,31.3987],[-97.7571,31.4022],[-97.7597,31.406],[-97.7661,31.3978],[-97.7661,31.4023],[-97.7709,31.4023],[-97.7716,31.4051],[-97.7749,31.4063],[-97.7779,31.4031],[-97.7835,31.4011],[-97.791,31.4014],[-97.7879,31.4032],[-97.7834,31.4027],[-97.7816,31.4052],[-97.7779,31.405],[-97.7808,31.4108],[-97.7772,31.4082],[-97.7745,31.4102],[-97.765,31.4047],[-97.764,31.408],[-97.7658,31.4086],[-97.767,31.4151],[-97.7648,31.4148],[-97.7622,31.4096],[-97.7611,31.4117],[-97.7564,31.407],[-97.7552,31.4103],[-97.7478,31.4159],[-97.7491,31.4196],[-97.7394,31.4195],[-97.7405,31.4217],[-97.7462,31.4218],[-97.7523,31.4262],[-97.7585,31.4264],[-97.7616,31.4304],[-97.7661,31.4284],[-97.7685,31.425],[-97.7706,31.4263],[-97.7654,31.4311],[-97.7716,31.433],[-97.7622,31.4338],[-97.7649,31.435],[-97.7636,31.4406],[-97.7668,31.4386],[-97.7678,31.4402],[-97.7673,31.4443],[-97.7715,31.4422],[-97.7735,31.443],[-97.7739,31.4384],[-97.7764,31.4413],[-97.7821,31.4388],[-97.7826,31.435],[-97.787,31.4392],[-97.7887,31.4377],[-97.7844,31.43],[-97.7878,31.4325],[-97.7902,31.4303],[-97.789,31.4267],[-97.7928,31.4294],[-97.7927,31.4256],[-97.795,31.4287],[-97.7977,31.4268],[-97.7991,31.4193],[-97.8094,31.4144],[-97.8073,31.4176],[-97.8033,31.4177],[-97.8013,31.4215],[-97.8011,31.4283],[-97.8056,31.4262],[-97.808,31.4219],[-97.8094,31.4228],[-97.8053,31.4321],[-97.802,31.4313],[-97.7999,31.433],[-97.8007,31.4362],[-97.7937,31.4352],[-97.7935,31.4394],[-97.7973,31.4395],[-97.7975,31.4417],[-97.8007,31.4405],[-97.8026,31.4426],[-97.8083,31.4422],[-97.8,31.4457],[-97.7914,31.4432],[-97.792,31.4447],[-97.7885,31.4443],[-97.7879,31.4475],[-97.7846,31.4466],[-97.785,31.4505],[-97.7893,31.4545],[-97.7849,31.4566],[-97.7843,31.4537],[-97.7801,31.4503],[-97.7775,31.4505],[-97.7778,31.4534],[-97.7717,31.45],[-97.7748,31.4543],[-97.7701,31.4536],[-97.7689,31.4556],[-97.7674,31.4521],[-97.7622,31.4527],[-97.7615,31.4545],[-97.7673,31.4568],[-97.7593,31.4583],[-97.7622,31.4643],[-97.7694,31.4672],[-97.7737,31.4635],[-97.7756,31.4653],[-97.7786,31.4627],[-97.7801,31.4676],[-97.7849,31.4655],[-97.7839,31.4704],[-97.786,31.4731],[-97.7888,31.4743],[-97.7911,31.4702],[-97.7937,31.4699],[-97.7925,31.4734],[-97.7947,31.474],[-97.7984,31.4702],[-97.7936,31.4657],[-97.7947,31.4639],[-97.7976,31.4663],[-97.8018,31.4663],[-97.8017,31.4594],[-97.7991,31.4571],[-97.802,31.4541],[-97.8038,31.4574],[-97.8061,31.4553],[-97.8069,31.4567],[-97.8101,31.4565],[-97.8058,31.4597],[-97.8077,31.4615],[-97.8058,31.4644],[-97.8104,31.465],[-97.8088,31.4685],[-97.8121,31.4671],[-97.8135,31.4628],[-97.8165,31.4682],[-97.8186,31.453],[-97.8164,31.4499],[-97.819,31.4505],[-97.8197,31.4476],[-97.8214,31.4478],[-97.8204,31.4522],[-97.8226,31.4542],[-97.821,31.4554],[-97.823,31.4569],[-97.8216,31.4618],[-97.8257,31.4642],[-97.8319,31.4458],[-97.8322,31.4496],[-97.834,31.4498],[-97.8322,31.4539],[-97.8353,31.4539],[-97.8332,31.4585],[-97.8345,31.4637],[-97.8378,31.4622],[-97.842,31.4551],[-97.841,31.444],[-97.8441,31.4484],[-97.8488,31.4453],[-97.8495,31.4424],[-97.852,31.4466],[-97.856,31.4422],[-97.8548,31.4466],[-97.8564,31.4498],[-97.8494,31.4483],[-97.8463,31.4515],[-97.8466,31.4553],[-97.8525,31.4545],[-97.8508,31.4583],[-97.8464,31.4598],[-97.8493,31.4636],[-97.842,31.468],[-97.8485,31.4664],[-97.852,31.4682],[-97.8539,31.4653],[-97.8552,31.4666],[-97.8595,31.4654],[-97.8606,31.459],[-97.863,31.4593],[-97.8661,31.4553],[-97.8637,31.4661],[-97.8683,31.4637],[-97.8709,31.4646],[-97.8728,31.4608],[-97.8754,31.4637],[-97.8757,31.4579],[-97.8821,31.4504],[-97.8826,31.454],[-97.8793,31.4596],[-97.8804,31.4624],[-97.8843,31.4624],[-97.8843,31.4645],[-97.8877,31.465],[-97.8878,31.4669],[-97.8821,31.4658],[-97.8824,31.4671],[-97.875,31.4685],[-97.8755,31.4726],[-97.8705,31.4696],[-97.8672,31.4725],[-97.8641,31.4714],[-97.8633,31.4733],[-97.86,31.4727],[-97.8616,31.4771],[-97.8584,31.478],[-97.857,31.4755],[-97.8539,31.4748],[-97.8556,31.4802],[-97.8534,31.4811],[-97.8506,31.4779],[-97.8449,31.4761],[-97.8421,31.476],[-97.8438,31.4792],[-97.8385,31.477],[-97.8386,31.4794],[-97.8367,31.4792],[-97.8341,31.4729],[-97.8319,31.4718],[-97.8322,31.4778],[-97.8252,31.4769],[-97.8254,31.4792],[-97.8317,31.481],[-97.8267,31.4823],[-97.8277,31.4854],[-97.8254,31.4874],[-97.8349,31.483],[-97.8383,31.4843],[-97.8345,31.4869],[-97.8367,31.4889],[-97.8298,31.4907],[-97.8354,31.4913],[-97.836,31.4937],[-97.8391,31.491],[-97.8437,31.4908],[-97.8437,31.493],[-97.8406,31.4945],[-97.8411,31.4973],[-97.8383,31.4993],[-97.8457,31.4962],[-97.8476,31.4887],[-97.8514,31.495],[-97.8515,31.4893],[-97.8541,31.4857],[-97.8572,31.4888],[-97.8573,31.4916],[-97.86,31.4922],[-97.8602,31.4832],[-97.8684,31.4903],[-97.8684,31.4846],[-97.8706,31.4869],[-97.8726,31.4835],[-97.8718,31.4795],[-97.8787,31.4799],[-97.8769,31.484],[-97.88,31.4871],[-97.8779,31.4896],[-97.8794,31.4925],[-97.8835,31.4842],[-97.8823,31.4798],[-97.8847,31.4805],[-97.8859,31.4789],[-97.8875,31.4856],[-97.8895,31.478],[-97.8921,31.4778],[-97.8927,31.4745],[-97.8943,31.4785],[-97.8967,31.4752],[-97.8986,31.4657],[-97.902,31.4665],[-97.9022,31.4595],[-97.9046,31.4621],[-97.9068,31.4588],[-97.908,31.4597],[-97.9054,31.4641],[-97.9096,31.4648],[-97.9092,31.4668],[-97.9054,31.4669],[-97.9021,31.4705],[-97.9024,31.4728],[-97.9048,31.4757],[-97.911,31.4732],[-97.9107,31.475],[-97.9079,31.4777],[-97.9011,31.4778],[-97.9005,31.482],[-97.8946,31.4864],[-97.9016,31.4841],[-97.9019,31.4873],[-97.9045,31.4875],[-97.8993,31.4889],[-97.9028,31.4942],[-97.8952,31.4948],[-97.8944,31.4982],[-97.8986,31.498],[-97.9003,31.4999],[-97.9029,31.4967],[-97.906,31.4965],[-97.9068,31.4918],[-97.9096,31.4905],[-97.9121,31.4916],[-97.9122,31.4844],[-97.9178,31.4854],[-97.919,31.4814],[-97.9173,31.4769],[-97.9201,31.4781],[-97.9235,31.4687],[-97.9248,31.4728],[-97.9288,31.4703],[-97.9236,31.4805],[-97.9301,31.4803],[-97.9268,31.4818],[-97.9262,31.4922],[-97.9294,31.489],[-97.9318,31.4907],[-97.9335,31.4873],[-97.9371,31.4899],[-97.9395,31.4802],[-97.9421,31.4779],[-97.9421,31.484],[-97.9469,31.4841],[-97.9424,31.4927],[-97.95,31.4916],[-97.9531,31.4869],[-97.959,31.4842],[-97.9605,31.4815],[-97.9606,31.4858],[-97.9646,31.4863],[-97.956,31.4897],[-97.9583,31.4921],[-97.9575,31.4953],[-97.9649,31.4943],[-97.9626,31.4983],[-97.9714,31.4965],[-97.9661,31.5018],[-97.9622,31.5026],[-97.958,31.5027],[-97.9523,31.4994],[-97.9508,31.5025],[-97.9452,31.5013],[-97.9481,31.5066],[-97.9435,31.5079],[-97.9409,31.5061],[-97.9396,31.5083],[-97.9374,31.5083],[-97.9358,31.5113],[-97.9383,31.5136],[-97.9401,31.5132],[-97.9405,31.51],[-97.9434,31.5126],[-97.9451,31.5097],[-97.947,31.5118],[-97.9497,31.5102],[-97.9509,31.5163],[-97.954,31.5148],[-97.955,31.5075],[-97.9629,31.5066],[-97.9635,31.5082],[-97.9664,31.5073],[-97.9675,31.5184],[-97.9723,31.5091],[-97.9751,31.5148],[-97.9778,31.5123],[-97.9778,31.5077],[-97.9819,31.5099],[-97.9832,31.5032],[-97.9851,31.5033],[-97.9865,31.4995],[-97.9873,31.5059],[-97.9978,31.5048],[-97.9982,31.5082],[-97.9937,31.5079],[-97.9915,31.512],[-97.9883,31.5127],[-97.9906,31.5158],[-97.9865,31.5172],[-97.9894,31.5197],[-97.9814,31.5208],[-97.9823,31.5228],[-97.9775,31.5258],[-97.9812,31.5265],[-97.9863,31.5229],[-97.9939,31.522],[-97.9973,31.5161],[-98.0,31.5164],[-98.0023,31.513],[-98.0053,31.5185],[-98.0092,31.5174],[-98.0112,31.5188],[-98.008,31.5232],[-98.0187,31.518],[-98.0191,31.5236],[-98.0119,31.5269],[-98.0131,31.5297],[-98.0187,31.5264],[-98.0238,31.5259],[-98.0259,31.5278],[-98.0251,31.5311],[-98.0367,31.531],[-98.0278,31.5352],[-98.0284,31.5374],[-98.033,31.5369],[-98.0324,31.5401],[-98.0287,31.5421],[-98.0249,31.5414],[-98.0217,31.5374],[-98.0164,31.5388],[-98.0164,31.542],[-98.0114,31.5401],[-98.009,31.5421],[-98.0032,31.5358],[-98.0,31.5424],[-98.0039,31.5405],[-98.0022,31.5482],[-98.0037,31.5494],[-98.0061,31.5459],[-98.017,31.5452],[-98.0175,31.5499],[-98.0213,31.5483],[-98.029,31.5495],[-98.0256,31.5521],[-98.0279,31.5569],[-98.0306,31.5542],[-98.0322,31.556],[-98.0351,31.5527],[-98.0375,31.5546],[-98.0385,31.5494],[-98.0418,31.5482],[-98.0422,31.5562],[-98.0465,31.555],[-98.0492,31.5518],[-98.0526,31.5523],[-98.0494,31.5558],[-98.0564,31.5549],[-98.0555,31.5575],[-98.0487,31.5614],[-98.0404,31.5628],[-98.0446,31.5661],[-98.0497,31.5661],[-98.0525,31.5637],[-98.056,31.5677],[-98.0594,31.5674],[-98.0587,31.5702],[-98.0543,31.5711],[-98.0531,31.5751],[-98.0647,31.5753],[-98.0584,31.5791],[-98.0634,31.5785],[-98.0658,31.5805],[-98.0677,31.5789],[-98.0702,31.582],[-98.076,31.5815],[-98.0751,31.5848],[-98.0803,31.5838],[-98.0809,31.5873],[-98.0879,31.5927],[-98.079,31.5903],[-98.078,31.5938],[-98.0708,31.5893],[-98.0672,31.596],[-98.063,31.5905],[-98.0577,31.5938],[-98.0571,31.589],[-98.0549,31.5879],[-98.0507,31.5902],[-98.0486,31.5945],[-98.0474,31.5845],[-98.0457,31.5839],[-98.0426,31.5862],[-98.0413,31.581],[-98.038,31.5776],[-98.0384,31.5803],[-98.0332,31.5869],[-98.0312,31.5781],[-98.0285,31.576],[-98.0244,31.5875],[-98.0211,31.5808],[-98.0182,31.5809],[-98.0165,31.5757],[-98.013,31.583],[-98.0094,31.5831],[-98.0077,31.579],[-98.0088,31.5746],[-98.0032,31.5733],[-98.0038,31.5686],[-98.002,31.5676],[-97.998,31.5713],[-97.9962,31.564],[-97.9928,31.5675],[-97.9811,31.5545],[-97.9791,31.555],[-97.9822,31.5607],[-97.989,31.5669],[-97.9877,31.5716],[-97.995,31.5763],[-97.995,31.5803],[-97.9882,31.5793],[-97.9917,31.5813],[-97.9945,31.5869],[-97.9991,31.5878],[-97.9937,31.5894],[-97.9968,31.5937],[-98.0014,31.5958],[-98.0046,31.5941],[-98.0088,31.5989],[-98.0113,31.5983],[-98.0108,31.6002],[-98.0144,31.6009],[-98.0155,31.604],[-98.0197,31.6043],[-98.0235,31.6086],[-98.0262,31.6083],[-98.0281,31.6126],[-98.0321,31.6114],[-98.0296,31.615],[-98.0366,31.6196],[-98.0413,31.6203],[-98.0427,31.6238],[-98.0476,31.6263],[-98.0488,31.6304],[-98.0461,31.6269],[-98.04,31.6245],[-98.0317,31.6179],[-98.0271,31.6172],[-98.0188,31.6082],[-98.0175,31.6082],[-98.0171,31.6147],[-98.0138,31.6077],[-98.0056,31.6033],[-98.0038,31.6114],[-98.0015,31.6042],[-97.9985,31.6063],[-97.9974,31.6035],[-97.995,31.6041],[-97.995,31.6],[-97.9918,31.5986],[-97.9909,31.5953],[-97.9888,31.5935],[-97.985,31.5942],[-97.9832,31.5854],[-97.9788,31.5864],[-97.979,31.5806],[-97.974,31.5801],[-97.9748,31.5759],[-97.9695,31.5728],[-97.9714,31.5688],[-97.9689,31.566],[-97.9665,31.566],[-97.9643,31.5596],[-97.9597,31.5562],[-97.9609,31.5524],[-97.9594,31.5504],[-97.9576,31.5497],[-97.954,31.5543],[-97.951,31.5489],[-97.9479,31.5513],[-97.9446,31.5492],[-97.9446,31.545],[-97.9405,31.5472],[-97.9411,31.5513],[-97.9445,31.5549],[-97.9512,31.5561],[-97.947,31.5607],[-97.9521,31.5602],[-97.9524,31.5645],[-97.9577,31.5651],[-97.957,31.5668],[-97.9609,31.57],[-97.9562,31.5699],[-97.9572,31.5724],[-97.9489,31.571],[-97.9522,31.5766],[-97.9485,31.578],[-97.9586,31.5843],[-97.9616,31.5835],[-97.9622,31.5857],[-97.9591,31.5861],[-97.9602,31.5885],[-97.9581,31.5886],[-97.9552,31.5848],[-97.9495,31.5848],[-97.9474,31.5831],[-97.9448,31.584],[-97.9407,31.5735],[-97.939,31.5795],[-97.9354,31.5756],[-97.9295,31.5747],[-97.9342,31.5835],[-97.9308,31.5829],[-97.9295,31.5847],[-97.9353,31.5897],[-97.9335,31.5913],[-97.9389,31.5924],[-97.9351,31.5938],[-97.9363,31.5957],[-97.9306,31.5961],[-97.9297,31.5915],[-97.9213,31.5872],[-97.9211,31.5924],[-97.9167,31.5918],[-97.9137,31.5896],[-97.9132,31.5853],[-97.9082,31.5866],[-97.907,31.5814],[-97.9032,31.583],[-97.9034,31.5851],[-97.8981,31.5843],[-97.8951,31.58],[-97.894,31.5827],[-97.9015,31.5873],[-97.8981,31.5901],[-97.9008,31.5926],[-97.9033,31.5925],[-97.9077,31.5885],[-97.9071,31.5908],[-97.9101,31.5914],[-97.9097,31.5934],[-97.9161,31.5946],[-97.9166,31.5971],[-97.9198,31.5963],[-97.9232,31.5982],[-97.9199,31.5996],[-97.9242,31.6033],[-97.9223,31.6036],[-97.9158,31.6015],[-97.9128,31.6025],[-97.9118,31.6004],[-97.906,31.5989],[-97.9036,31.6],[-97.9088,31.6042],[-97.9053,31.6069],[-97.9095,31.6083],[-97.9109,31.6057],[-97.9148,31.6064],[-97.9141,31.6092],[-97.916,31.6095],[-97.9166,31.6139],[-97.9201,31.6118],[-97.9207,31.6189],[-97.9247,31.6159],[-97.9246,31.6192],[-97.918,31.6247],[-97.9186,31.6269],[-97.9221,31.6281],[-97.926,31.6251],[-97.928,31.6172],[-97.9301,31.6198],[-97.9345,31.6183],[-97.9354,31.6203],[-97.933,31.6241],[-97.9339,31.6266],[-97.9351,31.6258],[-97.9397,31.6207],[-97.9397,31.6154],[-97.9367,31.6092],[-97.9419,31.6131],[-97.944,31.6066],[-97.9459,31.6081],[-97.9445,31.6131],[-97.9479,31.613],[-97.9441,31.6159],[-97.9456,31.6203],[-97.9536,31.6128],[-97.95,31.6193],[-97.9552,31.6207],[-97.9606,31.6173],[-97.9572,31.6231],[-97.9511,31.624],[-97.951,31.6273],[-97.9537,31.6288],[-97.9514,31.631],[-97.9448,31.6287],[-97.9438,31.6328],[-97.9441,31.6357],[-97.9472,31.6371],[-97.9544,31.6336],[-97.957,31.6371],[-97.9636,31.6254],[-97.9666,31.624],[-97.9635,31.6341],[-97.9673,31.6326],[-97.9696,31.6353],[-97.9642,31.6384],[-97.9661,31.6411],[-97.9639,31.6428],[-97.9593,31.6422],[-97.9562,31.6437],[-97.9607,31.6478],[-97.9563,31.6509],[-97.9618,31.6535],[-97.973,31.6384],[-97.9754,31.6401],[-97.9769,31.6369],[-97.9799,31.6368],[-97.9815,31.6311],[-97.9799,31.6282],[-97.9815,31.6277],[-97.9821,31.6227],[-97.9838,31.623],[-97.9839,31.6298],[-97.9871,31.6313],[-97.9877,31.6349],[-97.9905,31.6334],[-97.9921,31.6366],[-98.0027,31.6232],[-98.0013,31.6275],[-98.0052,31.6291],[-98.0006,31.6312],[-98.0006,31.6395],[-98.0062,31.6353],[-98.013,31.6349],[-98.0084,31.6364],[-98.0088,31.6404],[-98.0066,31.6427],[-98.0032,31.6423],[-97.996,31.6475],[-97.9908,31.6483],[-97.9841,31.6451],[-97.9805,31.6526],[-97.9825,31.654],[-97.9862,31.6519],[-97.9872,31.6558],[-97.9834,31.6567],[-97.9814,31.6625],[-97.9835,31.6645],[-97.9871,31.6573],[-97.9898,31.6584],[-97.992,31.6524],[-97.9976,31.6588],[-97.9976,31.6528],[-98.0025,31.6526],[-98.0042,31.6485],[-98.0076,31.6487],[-98.007,31.6539],[-98.0126,31.6492],[-98.0142,31.6432],[-98.0191,31.6484],[-98.0217,31.6402],[-98.0252,31.6455],[-98.0267,31.6408],[-98.0289,31.6433],[-98.0306,31.6391],[-98.0373,31.6372],[-98.0374,31.6391],[-98.0326,31.6427],[-98.0337,31.6452],[-98.0317,31.6487],[-98.0395,31.6466],[-98.0412,31.6481],[-98.0376,31.6484],[-98.0377,31.652],[-98.0338,31.6545],[-98.0263,31.6527],[-98.0227,31.6561],[-98.027,31.6572],[-98.0276,31.6603],[-98.0354,31.6589],[-98.0379,31.66],[-98.0311,31.6658],[-98.0221,31.6641],[-98.0255,31.6687],[-98.0234,31.6722],[-98.017,31.6715],[-98.016,31.6741],[-98.0133,31.6745],[-98.012,31.6722],[-98.0093,31.6723],[-98.0119,31.6766],[-98.0112,31.6789],[-98.0061,31.6776],[-98.0086,31.6798],[-98.0101,31.6855],[-98.0141,31.6816],[-98.0158,31.6835],[-98.0183,31.6832],[-98.0164,31.6777],[-98.0231,31.6763],[-98.0275,31.6728],[-98.0281,31.6808],[-98.0364,31.6686],[-98.037,31.6732],[-98.0398,31.6733],[-98.0402,31.6755],[-98.0383,31.6822],[-98.036,31.6835],[-98.0369,31.6858],[-98.042,31.6771],[-98.0439,31.6602],[-98.0457,31.6628],[-98.0477,31.662],[-98.0478,31.6657],[-98.0517,31.6663],[-98.0529,31.6596],[-98.0563,31.6628],[-98.0583,31.658],[-98.0622,31.6583],[-98.0646,31.6536],[-98.0673,31.654],[-98.0606,31.667],[-98.0681,31.6633],[-98.07,31.6658],[-98.0757,31.6671],[-98.0645,31.6683],[-98.0652,31.672],[-98.0627,31.6716],[-98.0617,31.6749],[-98.0594,31.673],[-98.052,31.672],[-98.0507,31.6759],[-98.0539,31.6783],[-98.0492,31.6816],[-98.0473,31.6868],[-98.0516,31.6822],[-98.0541,31.6839],[-98.0599,31.6803],[-98.0672,31.6815],[-98.06,31.6835],[-98.059,31.6881],[-98.0555,31.689],[-98.0576,31.6901],[-98.0558,31.6965],[-98.0592,31.6961],[-98.0649,31.6881],[-98.0669,31.6894],[-98.0706,31.6864],[-98.0705,31.6888],[-98.0745,31.6878],[-98.0746,31.6953],[-98.0695,31.6961],[-98.073,31.6995],[-98.0727,31.7],[-98.0786,31.7],[-98.0792,31.6994],[-98.0795,31.6912],[-98.081,31.6905],[-98.0793,31.6831],[-98.0828,31.6813],[-98.0823,31.6845],[-98.0856,31.69],[-98.089,31.6841],[-98.093,31.6832],[-98.0916,31.6882],[-98.0954,31.6904],[-98.0976,31.6856],[-98.1043,31.6804],[-98.1053,31.684],[-98.1093,31.6849],[-98.1045,31.6859],[-98.1053,31.6881],[-98.1019,31.6896],[-98.1035,31.6912],[-98.1021,31.6939],[-98.091,31.6962],[-98.0925,31.6981],[-98.0966,31.698],[-98.0946,31.7],[-98.1027,31.7],[-98.1047,31.6982],[-98.1076,31.6995],[-98.1073,31.7],[-98.1169,31.7],[-98.1142,31.6948],[-98.1185,31.6966],[-98.1199,31.6919],[-98.1181,31.6899],[-98.1217,31.6903],[-98.1231,31.6859],[-98.125,31.6883],[-98.1275,31.6858],[-98.1278,31.688],[-98.125,31.6908],[-98.1283,31.6918],[-98.1245,31.7],[-98.1251,31.7],[-98.1317,31.6964],[-98.1337,31.6981],[-98.1306,31.699],[-98.1305,31.7],[-98.1618,31.7],[-98.1611,31.6993],[-98.1611,31.6956],[-98.1628,31.6953],[-98.1651,31.6988],[-98.1693,31.6981],[-98.1713,31.7],[-98.1735,31.7],[-98.1743,31.6983],[-98.1712,31.6886],[-98.1747,31.6879],[-98.1757,31.6909],[-98.1792,31.6922],[-98.1847,31.6888],[-98.1889,31.689],[-98.1855,31.6948],[-98.1816,31.6972],[-98.1864,31.697],[-98.1876,31.6997],[-98.191,31.6982],[-98.1924,31.6997],[-98.1922,31.7],[-98.2259,31.7],[-98.2262,31.6975],[-98.2284,31.6974],[-98.2307,31.7],[-98.2323,31.7],[-98.2328,31.6951],[-98.236,31.6951],[-98.2366,31.7],[-98.2467,31.7],[-98.2468,31.6964],[-98.2486,31.6982],[-98.2515,31.6968],[-98.2507,31.7],[-98.2566,31.7],[-98.2637,31.6955],[-98.2635,31.6972],[-98.2657,31.6976],[-98.2622,31.6993],[-98.2619,31.7],[-98.3663,31.7],[-98.3603,31.6946],[-98.3577,31.6946],[-98.3562,31.697],[-98.3558,31.693],[-98.3518,31.6908],[-98.3482,31.6913],[-98.3459,31.6873],[-98.3415,31.6894],[-98.3419,31.6836],[-98.3372,31.6806],[-98.3272,31.6783],[-98.3246,31.6807],[-98.3259,31.6838],[-98.3222,31.6885],[-98.3213,31.679],[-98.3178,31.6791],[-98.3153,31.684],[-98.3135,31.6806],[-98.31,31.6797],[-98.3097,31.6774],[-98.2958,31.6725],[-98.2941,31.673],[-98.2949,31.6754],[-98.2997,31.6776],[-98.3018,31.6808],[-98.2972,31.6789],[-98.2966,31.6836],[-98.2929,31.6803],[-98.2878,31.6839],[-98.2892,31.6755],[-98.2877,31.6729],[-98.2821,31.6743],[-98.2818,31.6698],[-98.2731,31.6683],[-98.2687,31.6744],[-98.2709,31.6787],[-98.2675,31.6767],[-98.2659,31.6777],[-98.2648,31.6743],[-98.2665,31.6697],[-98.2598,31.6653],[-98.2547,31.668],[-98.2513,31.662],[-98.2478,31.6661],[-98.2487,31.67],[-98.2456,31.669],[-98.2433,31.671],[-98.2433,31.6601],[-98.2384,31.6592],[-98.2379,31.6642],[-98.2354,31.667],[-98.2334,31.6563],[-98.2285,31.6522],[-98.2272,31.661],[-98.2225,31.6524],[-98.2191,31.6501],[-98.2158,31.6513],[-98.2137,31.6548],[-98.2162,31.657],[-98.2171,31.6651],[-98.214,31.6625],[-98.2117,31.6645],[-98.2118,31.6584],[-98.2083,31.6579],[-98.208,31.6553],[-98.2039,31.6565],[-98.2072,31.6489],[-98.2038,31.6435],[-98.2017,31.6465],[-98.1965,31.641],[-98.193,31.649],[-98.1953,31.6523],[-98.194,31.6534],[-98.1897,31.6387],[-98.1874,31.6389],[-98.185,31.6424],[-98.1839,31.6363],[-98.1755,31.6379],[-98.1751,31.6367],[-98.1839,31.6302],[-98.1779,31.6299],[-98.176,31.6269],[-98.1717,31.6254],[-98.1679,31.6347],[-98.1657,31.6325],[-98.1621,31.6369],[-98.1614,31.6337],[-98.1652,31.6283],[-98.1637,31.6263],[-98.1648,31.6238],[-98.1626,31.6232],[-98.1558,31.629],[-98.1551,31.6255],[-98.1569,31.6227],[-98.1555,31.6201],[-98.1517,31.6213],[-98.1491,31.6175],[-98.1473,31.6183],[-98.147,31.6248],[-98.1437,31.6254],[-98.145,31.6393],[-98.1413,31.6344],[-98.1371,31.6328],[-98.1403,31.6312],[-98.1402,31.6289],[-98.1365,31.6281],[-98.1388,31.6254],[-98.1367,31.6213],[-98.1339,31.621],[-98.1375,31.6158],[-98.135,31.6128],[-98.1304,31.6147],[-98.1307,31.6051],[-98.1222,31.6109],[-98.12,31.6093],[-98.1253,31.5985],[-98.1247,31.5947],[-98.1145,31.6015],[-98.1129,31.5995],[-98.1156,31.5973],[-98.1129,31.5948],[-98.1166,31.5931],[-98.1183,31.5897],[-98.1134,31.5896],[-98.1141,31.5846],[-98.1086,31.588],[-98.1076,31.583],[-98.1132,31.5781],[-98.1063,31.5783],[-98.1017,31.5816],[-98.102,31.5766],[-98.1056,31.5735],[-98.1007,31.5683],[-98.0988,31.5685],[-98.0975,31.5721],[-98.0945,31.5691],[-98.0901,31.5707],[-98.0949,31.5627],[-98.0917,31.5616],[-98.0915,31.5578],[-98.0886,31.5575],[-98.0863,31.5621],[-98.0814,31.5598],[-98.0779,31.5627],[-98.0762,31.562],[-98.0785,31.5566],[-98.0754,31.5584],[-98.0755,31.5545],[-98.0722,31.5537],[-98.0811,31.5519],[-98.0817,31.5479],[-98.0761,31.5482],[-98.0774,31.5416],[-98.0664,31.5457],[-98.0657,31.5445],[-98.0673,31.5399],[-98.0636,31.5395],[-98.0706,31.5362],[-98.0696,31.5324],[-98.0662,31.5322],[-98.07,31.5269],[-98.0638,31.5265],[-98.0565,31.5318],[-98.0567,31.5294],[-98.0547,31.5284],[-98.0585,31.523],[-98.0531,31.5223],[-98.0502,31.5249],[-98.0478,31.5217],[-98.0514,31.5172],[-98.0434,31.5182],[-98.0476,31.5135],[-98.0478,31.5067],[-98.0449,31.5107],[-98.0419,31.5103],[-98.0406,31.5129],[-98.0375,31.5122],[-98.0399,31.5065],[-98.0378,31.5045],[-98.0357,31.5076],[-98.0342,31.5033],[-98.031,31.5035],[-98.0341,31.498],[-98.0332,31.4958],[-98.0277,31.4995],[-98.0252,31.5064],[-98.0227,31.5041],[-98.0206,31.5061],[-98.0215,31.4872],[-98.0193,31.4881],[-98.0175,31.4954],[-98.0147,31.4986],[-98.0126,31.4882],[-98.0101,31.4898],[-98.0102,31.4956],[-98.0069,31.4962],[-98.0065,31.4926],[-98.0039,31.492],[-98.0042,31.4822],[-98.0001,31.4818],[-98.0,31.4871],[-97.9982,31.4867],[-97.9984,31.4964],[-97.9945,31.4879],[-97.9922,31.4899],[-97.9919,31.4847],[-97.9857,31.4895],[-97.9863,31.4856],[-97.9832,31.4852],[-97.9831,31.4834],[-97.9876,31.4826],[-97.9865,31.4798],[-97.9891,31.4795],[-97.992,31.4756],[-97.9872,31.4759],[-97.9865,31.4708],[-97.9841,31.4747],[-97.9811,31.4741],[-97.9808,31.4692],[-97.9743,31.4738],[-97.9782,31.4643],[-97.9753,31.4672],[-97.9725,31.4658],[-97.9739,31.459],[-97.9715,31.4603],[-97.9701,31.4579],[-97.967,31.4656],[-97.9655,31.4643],[-97.9638,31.4659],[-97.9672,31.4719],[-97.9651,31.4723],[-97.9635,31.4697],[-97.9613,31.4713],[-97.9609,31.4678],[-97.9556,31.469],[-97.9592,31.467],[-97.9603,31.4636],[-97.956,31.4635],[-97.9622,31.4578],[-97.9578,31.4526],[-97.9552,31.4577],[-97.9523,31.4502],[-97.9504,31.4509],[-97.9495,31.448],[-97.9478,31.4608],[-97.9448,31.4551],[-97.942,31.4603],[-97.9407,31.4565],[-97.9395,31.457],[-97.9426,31.4511],[-97.9401,31.4473],[-97.9376,31.4523],[-97.9345,31.4526],[-97.9333,31.4592],[-97.932,31.4571],[-97.9307,31.4578],[-97.9308,31.4544],[-97.9291,31.4558],[-97.9287,31.4536],[-97.9251,31.4523],[-97.9309,31.4516],[-97.9316,31.4486],[-97.9286,31.4476],[-97.9311,31.4454],[-97.9302,31.4437],[-97.9336,31.4418],[-97.9276,31.4357],[-97.9302,31.431],[-97.9283,31.4267],[-97.9261,31.4321],[-97.923,31.4341],[-97.9235,31.4412],[-97.9189,31.4355],[-97.9132,31.4382],[-97.9169,31.4325],[-97.914,31.4295],[-97.92,31.4304],[-97.9202,31.4274],[-97.9166,31.4258],[-97.9189,31.4232],[-97.9161,31.4219],[-97.9207,31.4207],[-97.9138,31.4173],[-97.9247,31.4139],[-97.9197,31.4116],[-97.9218,31.4095],[-97.921,31.4042],[-97.9161,31.4054],[-97.9161,31.4112],[-97.9139,31.4105],[-97.913,31.4125],[-97.9095,31.4127],[-97.9109,31.4141],[-97.9089,31.4162],[-97.907,31.4156],[-97.9063,31.4186],[-97.9031,31.417],[-97.9016,31.4196],[-97.903,31.4241],[-97.9017,31.4216],[-97.9002,31.4221],[-97.9,31.4179],[-97.8953,31.4198],[-97.8986,31.4167],[-97.8982,31.4137],[-97.9008,31.4125],[-97.9,31.41],[-97.9017,31.4106],[-97.9029,31.4089],[-97.904,31.4102],[-97.9058,31.4085],[-97.9037,31.4058],[-97.9071,31.405],[-97.9004,31.4047],[-97.8983,31.403],[-97.8957,31.4071],[-97.8943,31.4059],[-97.8954,31.4034],[-97.8907,31.4018],[-97.8964,31.3999],[-97.897,31.3974],[-97.9086,31.3998],[-97.9109,31.3953],[-97.9094,31.3947],[-97.9064,31.3981],[-97.9036,31.3973],[-97.9035,31.3939],[-97.9006,31.3946],[-97.8987,31.3904],[-97.9024,31.3871],[-97.9003,31.3845],[-97.8974,31.3846],[-97.8973,31.3814],[-97.8958,31.3834],[-97.8864,31.3865],[-97.8915,31.3815],[-97.8895,31.3795],[-97.8937,31.3748],[-97.8916,31.3717],[-97.888,31.3748],[-97.8799,31.3744],[-97.8845,31.37],[-97.8798,31.3698],[-97.8819,31.3654],[-97.8855,31.3658],[-97.8885,31.3632],[-97.8836,31.3631],[-97.8874,31.3574],[-97.8864,31.3546],[-97.8956,31.3511],[-97.8941,31.3458],[-97.8923,31.3477],[-97.8907,31.3466],[-97.8884,31.351],[-97.8869,31.3506],[-97.8802,31.3579],[-97.8798,31.3613],[-97.8775,31.3605],[-97.8758,31.3631],[-97.8725,31.3633],[-97.8739,31.36],[-97.8727,31.3578],[-97.8752,31.3567],[-97.8764,31.3529],[-97.8798,31.3523],[-97.88,31.3494],[-97.8761,31.3486],[-97.8709,31.3519],[-97.8723,31.3495],[-97.8694,31.3493],[-97.8637,31.3544],[-97.8663,31.3472],[-97.8636,31.3447],[-97.8672,31.3445],[-97.8662,31.342],[-97.8705,31.3435],[-97.8745,31.3396],[-97.877,31.343],[-97.8808,31.3433],[-97.8794,31.341],[-97.8818,31.34],[-97.8807,31.3369],[-97.8863,31.3369],[-97.8833,31.3328],[-97.8818,31.3345],[-97.8726,31.3355],[-97.8744,31.3321],[-97.8695,31.3295],[-97.8746,31.3284],[-97.8744,31.3264],[-97.8686,31.3228],[-97.87,31.3214],[-97.8727,31.3191],[-97.8753,31.3215],[-97.8771,31.3194],[-97.8802,31.3194],[-97.8793,31.317],[-97.8765,31.3161],[-97.8792,31.3097],[-97.8768,31.3088],[-97.8762,31.3118],[-97.8726,31.3144],[-97.8686,31.3124],[-97.87,31.3093],[-97.8686,31.3038],[-97.8651,31.3052],[-97.8657,31.3093],[-97.8586,31.3077],[-97.8591,31.3058],[-97.8569,31.3067],[-97.8643,31.2971],[-97.8614,31.2966],[-97.8593,31.2913],[-97.8569,31.2981],[-97.8528,31.2946],[-97.8531,31.3],[-97.8491,31.3004],[-97.8478,31.3038],[-97.8455,31.2982],[-97.8478,31.2966],[-97.8462,31.2934],[-97.8491,31.2893],[-97.8403,31.2925],[-97.8427,31.2899],[-97.8403,31.2866],[-97.845,31.2872],[-97.8461,31.285],[-97.842,31.283],[-97.8451,31.2801],[-97.8408,31.2785],[-97.8412,31.277],[-97.8467,31.2717],[-97.8402,31.273],[-97.8389,31.2673],[-97.837,31.2746],[-97.8346,31.2767],[-97.8318,31.2712],[-97.8266,31.2753],[-97.8288,31.2686],[-97.8321,31.2661],[-97.8289,31.2618],[-97.8267,31.2636],[-97.8273,31.2551],[-97.8194,31.2599],[-97.8228,31.2639],[-97.822,31.2658],[-97.8182,31.2666],[-97.819,31.2691],[-97.8148,31.2717],[-97.8179,31.2737],[-97.8161,31.2755],[-97.8173,31.278],[-97.8143,31.2777],[-97.8138,31.2815],[-97.8111,31.2806],[-97.8117,31.2738],[-97.808,31.2686],[-97.8117,31.2657],[-97.8126,31.2617],[-97.8051,31.2615],[-97.8114,31.2567],[-97.804,31.2551],[-97.8115,31.2488],[-97.8064,31.2453],[-97.801,31.2503],[-97.7984,31.2495],[-97.8016,31.2442],[-97.7966,31.2452],[-97.7981,31.2428],[-97.7967,31.2413],[-97.7997,31.2407],[-97.7991,31.2389],[-97.8027,31.2361],[-97.7969,31.2347],[-97.7988,31.2293],[-97.7937,31.2309],[-97.7894,31.2283],[-97.7865,31.2372],[-97.7831,31.2363],[-97.7839,31.239],[-97.7818,31.2405],[-97.7794,31.2382],[-97.7823,31.2304],[-97.7818,31.2253],[-97.7809,31.2239],[-97.7798,31.2263],[-97.7767,31.2261],[-97.7754,31.2233],[-97.7715,31.2217],[-97.7696,31.2174],[-97.7647,31.2194],[-97.7687,31.2304],[-97.7608,31.228],[-97.761,31.2222],[-97.7556,31.2165],[-97.7529,31.224],[-97.7442,31.2199],[-97.7433,31.2246],[-97.7364,31.2201],[-97.7418,31.228],[-97.7445,31.2273],[-97.7454,31.2298],[-97.7496,31.2301],[-97.7451,31.2327],[-97.7454,31.2358],[-97.7429,31.237],[-97.745,31.2415],[-97.7491,31.2425],[-97.7467,31.2432],[-97.7475,31.2466],[-97.7418,31.2439],[-97.7436,31.2494],[-97.7407,31.2565],[-97.7411,31.2605],[-97.7387,31.2613],[-97.7393,31.2488],[-97.7363,31.2458],[-97.737,31.2411],[-97.7336,31.2385],[-97.737,31.2376],[-97.7382,31.2337],[-97.7341,31.2276],[-97.7284,31.2335],[-97.7273,31.2308],[-97.7291,31.2275],[-97.727,31.2261],[-97.7256,31.2202],[-97.7168,31.2178],[-97.7135,31.2196],[-97.713,31.221],[-97.7153,31.2218],[-97.7095,31.2225],[-97.7079,31.2263],[-97.7217,31.2288],[-97.7181,31.2319],[-97.7094,31.2308],[-97.7111,31.2357],[-97.7075,31.2333],[-97.7059,31.2344],[-97.7086,31.2396],[-97.7027,31.2383],[-97.7021,31.2348],[-97.7001,31.2345],[-97.7004,31.2471],[-97.6963,31.2399],[-97.694,31.2401],[-97.6964,31.2322],[-97.6933,31.2314],[-97.6895,31.227],[-97.6883,31.2295],[-97.6859,31.2286],[-97.6834,31.2308],[-97.682,31.2362],[-97.679,31.2311],[-97.6723,31.2312],[-97.6729,31.2385],[-97.6693,31.2377],[-97.6699,31.2417],[-97.6649,31.2408],[-97.6643,31.2392],[-97.6678,31.2385],[-97.6675,31.2322],[-97.6643,31.2294],[-97.6618,31.2309],[-97.6607,31.2287],[-97.6581,31.2306],[-97.6509,31.2271],[-97.6498,31.2245],[-97.6451,31.2257],[-97.6479,31.2216],[-97.6414,31.216],[-97.6393,31.2183],[-97.6365,31.2184],[-97.6393,31.21],[-97.6322,31.204],[-97.6317,31.1969],[-97.6369,31.1975],[-97.6417,31.1944],[-97.6411,31.1977],[-97.6451,31.1986],[-97.653,31.1928],[-97.6531,31.1964],[-97.6509,31.1984],[-97.6552,31.1991],[-97.6504,31.2026],[-97.6498,31.204],[-97.6521,31.2052],[-97.6586,31.2034],[-97.6592,31.2058],[-97.6624,31.2053],[-97.6673,31.2003],[-97.667,31.2061],[-97.6567,31.212],[-97.6598,31.2158],[-97.6626,31.213],[-97.6647,31.2134],[-97.663,31.2172],[-97.6663,31.2182],[-97.6671,31.2167],[-97.6696,31.2184],[-97.6701,31.2147],[-97.6738,31.2165],[-97.6814,31.2134],[-97.6859,31.2142],[-97.6887,31.2106],[-97.6894,31.2122],[-97.6887,31.2067],[-97.6913,31.2069],[-97.6933,31.2107],[-97.6961,31.2106],[-97.697,31.2075],[-97.695,31.2039],[-97.6967,31.2026],[-97.6987,31.2053],[-97.7007,31.2031],[-97.6996,31.2002],[-97.7036,31.2014],[-97.7004,31.1938],[-97.7051,31.1953],[-97.7051,31.1967],[-97.7086,31.1949],[-97.7097,31.2],[-97.712,31.1978],[-97.7135,31.1984],[-97.7086,31.1819],[-97.7161,31.1825],[-97.715,31.1877],[-97.7165,31.1866],[-97.719,31.1873],[-97.7185,31.189],[-97.722,31.1887],[-97.7186,31.1933],[-97.723,31.1943],[-97.724,31.1987],[-97.7273,31.1984],[-97.7274,31.1945],[-97.7303,31.1911],[-97.7274,31.1883],[-97.7313,31.1818],[-97.7305,31.177],[-97.7333,31.1755],[-97.7327,31.1793],[-97.7362,31.1773],[-97.7397,31.1663],[-97.7409,31.1739],[-97.7444,31.1749],[-97.7392,31.1782],[-97.7395,31.1808],[-97.7362,31.1838],[-97.7439,31.184],[-97.7382,31.1897],[-97.7404,31.1901],[-97.7411,31.1936],[-97.7372,31.1983],[-97.7396,31.2008],[-97.7423,31.2008],[-97.7453,31.1911],[-97.7472,31.1916],[-97.7477,31.1896],[-97.7507,31.1973],[-97.7516,31.1888],[-97.7549,31.19],[-97.7559,31.1877],[-97.7591,31.19],[-97.7592,31.1924],[-97.7643,31.1945],[-97.7598,31.1839],[-97.761,31.1824],[-97.7634,31.1831],[-97.7659,31.1863],[-97.7651,31.1801],[-97.7681,31.1787],[-97.7692,31.1832],[-97.7716,31.177],[-97.7754,31.18],[-97.772,31.1916],[-97.7752,31.1961],[-97.7768,31.1873],[-97.7797,31.1877],[-97.7816,31.181],[-97.7839,31.1846],[-97.7866,31.1834],[-97.7897,31.1852],[-97.7847,31.1737],[-97.7857,31.1728],[-97.7877,31.1745],[-97.7902,31.169],[-97.7906,31.1799],[-97.7929,31.1787],[-97.7937,31.1835],[-97.7969,31.1807],[-97.7975,31.1846],[-97.8006,31.1822],[-97.8032,31.1848],[-97.799,31.1744],[-97.8015,31.1726],[-97.8061,31.1792],[-97.8072,31.1745],[-97.8008,31.1674],[-97.8036,31.1662],[-97.8014,31.1643],[-97.8006,31.1591],[-97.7952,31.1565],[-97.8018,31.1555],[-97.8032,31.1582],[-97.805,31.1567],[-97.8095,31.1678],[-97.8138,31.1679],[-97.813,31.1584],[-97.8102,31.1577],[-97.8064,31.1519],[-97.8091,31.1502],[-97.8067,31.1485],[-97.8076,31.1456],[-97.8027,31.1443],[-97.8025,31.1411],[-97.808,31.1428],[-97.8092,31.1394],[-97.8121,31.1442],[-97.8141,31.1388],[-97.8126,31.136],[-97.8145,31.1351],[-97.8115,31.132],[-97.8155,31.132],[-97.8153,31.1297],[-97.8059,31.1235],[-97.8096,31.123],[-97.8093,31.1211],[-97.8148,31.1243],[-97.8143,31.1184],[-97.8173,31.1208],[-97.8201,31.1145],[-97.8179,31.1104],[-97.8213,31.1113],[-97.8237,31.1034],[-97.8281,31.1013],[-97.8246,31.1079],[-97.8252,31.1095],[-97.8294,31.1096],[-97.8249,31.1127],[-97.8226,31.1176],[-97.8231,31.1282],[-97.8266,31.1245],[-97.8302,31.125],[-97.8301,31.1262],[-97.8428,31.1257],[-97.8433,31.1286],[-97.8498,31.1292],[-97.8456,31.1315],[-97.8397,31.1295],[-97.8294,31.1293],[-97.8269,31.1313],[-97.8214,31.1315],[-97.8222,31.1367],[-97.8248,31.1352],[-97.8267,31.1374],[-97.8323,31.1386],[-97.8344,31.1375],[-97.8346,31.1395],[-97.839,31.14],[-97.8358,31.1408],[-97.8378,31.1429],[-97.8357,31.1443],[-97.833,31.1407],[-97.8281,31.1412],[-97.8272,31.1428],[-97.8233,31.1415],[-97.8202,31.1433],[-97.8198,31.1447],[-97.8232,31.1448],[-97.8234,31.1464],[-97.8191,31.148],[-97.8203,31.1518],[-97.8289,31.1481],[-97.827,31.1503],[-97.8282,31.1521],[-97.8243,31.1539],[-97.8277,31.1553],[-97.8259,31.1594],[-97.8306,31.1568],[-97.8275,31.1685],[-97.8306,31.1654],[-97.8347,31.1674],[-97.8333,31.1597],[-97.8368,31.1581],[-97.8369,31.1602],[-97.8387,31.1598],[-97.8398,31.1545],[-97.8446,31.1588],[-97.8444,31.1532],[-97.848,31.1542],[-97.8539,31.1475],[-97.8537,31.1606],[-97.8499,31.1657],[-97.8523,31.1647],[-97.8559,31.1668],[-97.8553,31.1632],[-97.8572,31.1615],[-97.8558,31.1598],[-97.8584,31.1587],[-97.8588,31.1543],[-97.8632,31.1504],[-97.8607,31.1471],[-97.8626,31.1469],[-97.8621,31.1439],[-97.8638,31.1425],[-97.8657,31.1476],[-97.877,31.1323],[-97.8747,31.1387],[-97.8771,31.1396],[-97.8769,31.1418],[-97.8698,31.1476],[-97.8708,31.1498],[-97.8686,31.1517],[-97.8705,31.153],[-97.8689,31.1552],[-97.8703,31.1573],[-97.8651,31.1628],[-97.8668,31.1686],[-97.8701,31.161],[-97.8721,31.1633],[-97.8736,31.1628],[-97.8753,31.1593],[-97.8738,31.1558],[-97.8767,31.1559],[-97.8752,31.1529],[-97.8774,31.1496],[-97.8808,31.1563],[-97.8835,31.1558],[-97.8826,31.1491],[-97.8836,31.148],[-97.8867,31.1497],[-97.8877,31.1427],[-97.892,31.1467],[-97.8943,31.1447],[-97.8989,31.1452],[-97.9022,31.1377],[-97.9032,31.1408],[-97.9047,31.1403],[-97.9051,31.1451],[-97.9076,31.1449],[-97.9085,31.1469],[-97.9096,31.1444],[-97.912,31.1459],[-97.9159,31.1355],[-97.918,31.141],[-97.9153,31.1447],[-97.9221,31.1474],[-97.9222,31.1499],[-97.9277,31.1479],[-97.9284,31.1507],[-97.9257,31.1525],[-97.9263,31.1555],[-97.9178,31.15],[-97.9124,31.1507],[-97.911,31.154],[-97.9086,31.1514],[-97.904,31.1522],[-97.9025,31.1495],[-97.8989,31.1534],[-97.8946,31.1536],[-97.8949,31.1569],[-97.8911,31.1584],[-97.8896,31.162],[-97.8993,31.158],[-97.9002,31.1603],[-97.9055,31.1587],[-97.9048,31.1621],[-97.9072,31.1634],[-97.9088,31.1623],[-97.9102,31.1639],[-97.9154,31.1607],[-97.9168,31.1628],[-97.9166,31.1647],[-97.9083,31.1685],[-97.9064,31.1664],[-97.8984,31.1669],[-97.9079,31.1775],[-97.9025,31.1762],[-97.8982,31.1722],[-97.8849,31.1691],[-97.8819,31.1695],[-97.8826,31.1719],[-97.8783,31.1736],[-97.8872,31.1724],[-97.8928,31.1754],[-97.8929,31.1782],[-97.8857,31.1787],[-97.8847,31.181],[-97.8878,31.1819],[-97.8859,31.1856],[-97.8883,31.1873],[-97.8922,31.1843],[-97.8967,31.1846],[-97.8929,31.1874],[-97.8943,31.1894],[-97.8969,31.1894],[-97.8969,31.1927],[-97.893,31.1946],[-97.8902,31.1934],[-97.8872,31.1966],[-97.8865,31.1921],[-97.8833,31.1918],[-97.8781,31.1827],[-97.8733,31.1788],[-97.8739,31.1828],[-97.8788,31.1896],[-97.8769,31.1933],[-97.8741,31.1891],[-97.8685,31.1874],[-97.8697,31.1919],[-97.8672,31.1945],[-97.8661,31.1895],[-97.8622,31.1855],[-97.8627,31.1918],[-97.8597,31.193],[-97.8544,31.1879],[-97.8538,31.1825],[-97.8515,31.1822],[-97.85,31.1852],[-97.8465,31.182],[-97.8433,31.184],[-97.849,31.1911],[-97.8466,31.1929],[-97.839,31.1896],[-97.8358,31.1857],[-97.8315,31.1885],[-97.8326,31.1912],[-97.8294,31.1925],[-97.8255,31.1931],[-97.8224,31.191],[-97.8224,31.1941],[-97.8301,31.1959],[-97.8305,31.1978],[-97.8343,31.1956],[-97.8389,31.1976],[-97.8352,31.2],[-97.8372,31.2023],[-97.8315,31.2063],[-97.8247,31.2023],[-97.8227,31.2049],[-97.8179,31.2056],[-97.8189,31.2076],[-97.8244,31.2069],[-97.8288,31.2093],[-97.8285,31.213],[-97.8357,31.2114],[-97.8344,31.2176],[-97.8379,31.2179],[-97.8392,31.2222],[-97.8447,31.2214],[-97.8449,31.2104],[-97.8517,31.2065],[-97.8546,31.2078],[-97.8577,31.202],[-97.8612,31.2021],[-97.8616,31.2071],[-97.8639,31.2082],[-97.8683,31.2072],[-97.8689,31.2095],[-97.8602,31.2145],[-97.8634,31.2157],[-97.8687,31.2141],[-97.8708,31.2158],[-97.8623,31.2225],[-97.8664,31.2223],[-97.8679,31.224],[-97.8719,31.2227],[-97.8704,31.2271],[-97.8728,31.2282],[-97.8723,31.2313],[-97.8769,31.2328],[-97.8771,31.23],[-97.8798,31.2297],[-97.8821,31.2174],[-97.8841,31.2243],[-97.8876,31.2252],[-97.8891,31.2232],[-97.8878,31.2136],[-97.8828,31.21],[-97.8859,31.209],[-97.8839,31.2067],[-97.8869,31.2038],[-97.8904,31.2107],[-97.8916,31.2042],[-97.8948,31.2051],[-97.8934,31.2084],[-97.8964,31.2099],[-97.8956,31.2127],[-97.8988,31.2126],[-97.901,31.2144],[-97.9022,31.212],[-97.9008,31.2046],[-97.9034,31.2038],[-97.9052,31.2079],[-97.9079,31.2091],[-97.9073,31.2012],[-97.9031,31.1981],[-97.9059,31.1957],[-97.9071,31.1903],[-97.9088,31.1933],[-97.9104,31.1922],[-97.9116,31.194],[-97.9086,31.1963],[-97.9099,31.199],[-97.9155,31.1962],[-97.9124,31.2024],[-97.9146,31.2011],[-97.9151,31.2041],[-97.9183,31.2062],[-97.9196,31.2031],[-97.9181,31.2002],[-97.9211,31.1996],[-97.923,31.2015],[-97.9267,31.2142],[-97.9296,31.2113],[-97.9245,31.1992],[-97.9255,31.1975],[-97.9233,31.1922],[-97.9249,31.19],[-97.9212,31.1876],[-97.9249,31.185],[-97.9261,31.1871],[-97.9297,31.1871],[-97.9349,31.1806],[-97.9337,31.1837],[-97.9382,31.1842],[-97.9313,31.1894],[-97.9323,31.1907],[-97.9382,31.1901],[-97.9379,31.1921],[-97.9317,31.1943],[-97.9329,31.1965],[-97.9358,31.1955],[-97.9369,31.1972],[-97.9376,31.2065],[-97.9433,31.1947],[-97.9481,31.2023],[-97.9519,31.2025],[-97.9505,31.1937],[-97.9569,31.1963],[-97.9561,31.19],[-97.9587,31.1875],[-97.9597,31.1895],[-97.9614,31.1887],[-97.9633,31.1777],[-97.9655,31.1831],[-97.9657,31.1929],[-97.9703,31.1891],[-97.969,31.1851],[-97.9729,31.1825],[-97.9738,31.1874],[-97.9809,31.1837],[-97.9796,31.189],[-97.9845,31.1848],[-97.9917,31.1851],[-97.9866,31.1892],[-97.994,31.1909],[-97.9868,31.1931],[-97.9823,31.1917],[-97.981,31.1934],[-97.9736,31.1945],[-97.9745,31.1968],[-97.9789,31.1959],[-97.9788,31.2027],[-97.9659,31.2033],[-97.964,31.2055],[-97.9658,31.2068],[-97.9742,31.2055],[-97.9754,31.2085],[-97.9795,31.208],[-97.9806,31.2106],[-97.9879,31.2019],[-97.9888,31.2086],[-97.9929,31.2071],[-97.9942,31.2041],[-97.9965,31.2074],[-97.9996,31.2072],[-97.9926,31.2124],[-97.9942,31.2148],[-98.0005,31.2132],[-98.0039,31.2179],[-98.0076,31.2191],[-97.9963,31.2201],[-97.9963,31.2234],[-97.9901,31.2223],[-97.9897,31.2248],[-97.9867,31.2239],[-97.9843,31.2253],[-97.9792,31.2219],[-97.9782,31.2269],[-97.9733,31.2262],[-97.9704,31.2226],[-97.9698,31.2275],[-97.9664,31.2278],[-97.9657,31.2338],[-97.9627,31.2312],[-97.9592,31.2314],[-97.958,31.2288],[-97.9549,31.2291],[-97.9541,31.2267],[-97.9513,31.2303],[-97.9475,31.2303],[-97.9464,31.2319],[-97.9427,31.2301],[-97.9405,31.2342],[-97.9437,31.234],[-97.9447,31.2372],[-97.9502,31.2335],[-97.953,31.2361],[-97.9529,31.2378],[-97.9495,31.2388],[-97.9522,31.2419],[-97.9562,31.2401],[-97.9586,31.2417],[-97.959,31.2393],[-97.9616,31.2387],[-97.9637,31.2406],[-97.9667,31.2403],[-97.9653,31.2474],[-97.969,31.2451],[-97.9729,31.2365],[-97.9751,31.2374],[-97.9769,31.2431],[-97.9827,31.2362],[-97.9839,31.2414],[-97.9864,31.2384],[-97.9883,31.2411],[-97.9908,31.2406],[-97.9956,31.2347],[-97.9971,31.2372],[-97.9995,31.2355],[-98.0008,31.2377],[-98.0058,31.2354],[-98.0083,31.2368],[-98.005,31.2378],[-98.0048,31.2408],[-97.9947,31.2442],[-97.9947,31.2471],[-97.9909,31.2489],[-97.9901,31.2513],[-97.992,31.2528],[-97.997,31.25],[-97.9985,31.2512],[-98.0013,31.2483],[-98.0011,31.2528],[-98.0058,31.2502],[-98.0064,31.2471],[-98.0091,31.2472],[-98.0116,31.2509],[-98.0182,31.2445],[-98.0195,31.2471],[-98.0137,31.2523],[-98.0146,31.2555],[-98.0088,31.2544],[-98.0056,31.2563],[-98.0081,31.261],[-98.0101,31.2585],[-98.0123,31.2598],[-98.0124,31.2622],[-98.0176,31.2613],[-98.0197,31.2592],[-98.02,31.264],[-98.0236,31.2624],[-98.0243,31.2591],[-98.0271,31.2591],[-98.0256,31.2625],[-98.0295,31.2615],[-98.035,31.2646],[-98.0325,31.2656],[-98.0298,31.2635],[-98.026,31.2648],[-98.0268,31.2701],[-98.0232,31.2669],[-98.0206,31.2689],[-98.0148,31.267],[-98.0134,31.2686],[-98.0185,31.2719],[-98.0124,31.2729],[-98.0099,31.2698],[-98.0068,31.2708],[-98.0059,31.2679],[-98.0001,31.2643],[-97.9986,31.2646],[-98.0013,31.2708],[-97.9985,31.2721],[-97.996,31.2669],[-97.9942,31.2666],[-97.995,31.2695],[-97.9933,31.2697],[-97.9895,31.2643],[-97.9868,31.2683],[-97.9855,31.2653],[-97.9847,31.2677],[-97.9815,31.2659],[-97.9791,31.2718],[-97.9849,31.2743],[-97.9893,31.2794],[-97.9983,31.2833],[-97.9969,31.2835],[-97.9857,31.283],[-97.9774,31.2799],[-97.9667,31.2803],[-97.9644,31.2778],[-97.9588,31.2793],[-97.9506,31.2779],[-97.9475,31.2792],[-97.9506,31.2809],[-97.954,31.2794],[-97.9572,31.2822],[-97.9587,31.2807],[-97.9631,31.2812],[-97.9636,31.2848],[-97.9654,31.282],[-97.9684,31.284],[-97.9754,31.2843],[-97.9699,31.2881],[-97.9699,31.2897],[-97.9741,31.2912],[-97.9798,31.2889],[-97.9797,31.2911],[-97.9729,31.3001],[-97.9752,31.3002],[-97.9781,31.297],[-97.9794,31.2998],[-97.9812,31.2995],[-97.9837,31.293],[-97.9861,31.2922],[-97.9877,31.2945],[-97.9855,31.3017],[-97.9896,31.3002],[-97.9928,31.2957],[-97.994,31.3003],[-97.997,31.2965],[-97.9966,31.302],[-97.9912,31.3048],[-97.9936,31.3067],[-97.9926,31.3097],[-97.9886,31.3123],[-97.9921,31.3115],[-97.994,31.3141],[-97.9968,31.3125],[-97.9969,31.3065],[-97.9998,31.305],[-98.001,31.2946],[-98.0027,31.3005],[-98.006,31.295],[-98.0094,31.2963],[-98.0071,31.2997],[-98.0078,31.3022],[-98.0159,31.3002],[-98.0136,31.303],[-98.0051,31.3065],[-98.0041,31.3086],[-98.0079,31.3107],[-98.0104,31.3095],[-98.0135,31.3147],[-98.013,31.3172],[-98.0151,31.3138],[-98.0145,31.3064],[-98.0175,31.3035],[-98.0181,31.306],[-98.0198,31.3053],[-98.0225,31.2998],[-98.0224,31.3043],[-98.0242,31.3059],[-98.0194,31.3097],[-98.0218,31.3108],[-98.0212,31.3133],[-98.0246,31.311],[-98.0279,31.3128],[-98.0238,31.3176],[-98.0256,31.3219],[-98.0319,31.313],[-98.0291,31.3071],[-98.0296,31.2983],[-98.0313,31.3005],[-98.0374,31.2961],[-98.0341,31.3035],[-98.0395,31.3033],[-98.0357,31.3082],[-98.0388,31.3097],[-98.0384,31.3135],[-98.0414,31.3088],[-98.0448,31.3107],[-98.0459,31.3048],[-98.0492,31.3049],[-98.0502,31.3001],[-98.0535,31.2962],[-98.0552,31.2989],[-98.0605,31.2986],[-98.0551,31.3013],[-98.0559,31.303],[-98.0524,31.3088],[-98.0648,31.306],[-98.0655,31.3092],[-98.0578,31.312],[-98.0606,31.3141],[-98.0564,31.3148],[-98.0547,31.3172],[-98.0539,31.3147],[-98.0503,31.3141],[-98.0502,31.3167],[-98.0471,31.3179],[-98.0489,31.3211],[-98.0395,31.3219],[-98.0453,31.3254],[-98.0421,31.3279],[-98.0426,31.3299],[-98.0483,31.3263],[-98.0503,31.327],[-98.0536,31.3228],[-98.0551,31.3237],[-98.0529,31.3308],[-98.0557,31.3267],[-98.0571,31.3297],[-98.0597,31.3283],[-98.0611,31.3294],[-98.0627,31.3262],[-98.0659,31.3253],[-98.0735,31.3288],[-98.0684,31.3296],[-98.0644,31.333],[-98.0715,31.3302],[-98.0772,31.3347],[-98.0802,31.3341],[-98.089,31.3265],[-98.0899,31.3296],[-98.0838,31.3362],[-98.0879,31.3373],[-98.089,31.3408],[-98.0876,31.3441],[-98.0832,31.3387],[-98.0812,31.3381],[-98.0809,31.3402],[-98.0729,31.338],[-98.0668,31.3395],[-98.0725,31.3405],[-98.0742,31.3437],[-98.0693,31.3423],[-98.0668,31.3437],[-98.067,31.346],[-98.0637,31.3442],[-98.0643,31.3427],[-98.0588,31.3426],[-98.0557,31.3399],[-98.0548,31.3439],[-98.0504,31.3441],[-98.0471,31.342],[-98.0393,31.3458],[-98.0365,31.3433],[-98.0334,31.3438],[-98.0315,31.3411],[-98.0296,31.3465],[-98.0322,31.3471],[-98.0331,31.3498],[-98.035,31.3456],[-98.0383,31.3476],[-98.0457,31.3451],[-98.0554,31.3453],[-98.0622,31.3482],[-98.0641,31.3507],[-98.0544,31.3489],[-98.0463,31.3498],[-98.0479,31.3548],[-98.0558,31.3573],[-98.0535,31.3615],[-98.05,31.3605],[-98.0495,31.3624],[-98.0449,31.3621],[-98.0482,31.3668],[-98.0478,31.3701],[-98.0531,31.3655],[-98.055,31.3689],[-98.0601,31.3639],[-98.061,31.3658],[-98.0626,31.3645],[-98.0652,31.3668],[-98.0652,31.3702],[-98.0711,31.3631],[-98.0717,31.3681],[-98.0797,31.3657],[-98.0807,31.3696],[-98.0835,31.3711],[-98.0787,31.3701],[-98.0716,31.3724],[-98.0713,31.374],[-98.0754,31.3744],[-98.0859,31.3803],[-98.0852,31.383],[-98.0761,31.3788],[-98.0724,31.3788],[-98.0711,31.3813],[-98.0691,31.378],[-98.0648,31.3781],[-98.0618,31.376],[-98.0567,31.3782],[-98.0556,31.3813],[-98.0652,31.3827],[-98.0625,31.3846],[-98.0653,31.3852],[-98.065,31.3881],[-98.0732,31.3889],[-98.0694,31.3913],[-98.072,31.3974],[-98.069,31.3966],[-98.0591,31.3877],[-98.0519,31.3848],[-98.0531,31.3879],[-98.0618,31.3946],[-98.0683,31.4047],[-98.0692,31.4173],[-98.0682,31.4107],[-98.0654,31.4101],[-98.0633,31.4042],[-98.0609,31.4046],[-98.0606,31.4027],[-98.0582,31.4021],[-98.0561,31.3961],[-98.0504,31.3939],[-98.0474,31.3991],[-98.0443,31.3985],[-98.0454,31.3956],[-98.0435,31.3939],[-98.0466,31.3897],[-98.0446,31.3867],[-98.0429,31.3888],[-98.0405,31.3885],[-98.0411,31.3842],[-98.0367,31.3783],[-98.0337,31.3848],[-98.0327,31.3818],[-98.0295,31.3848],[-98.0301,31.3885],[-98.0277,31.3871],[-98.0256,31.3894],[-98.0245,31.3857],[-98.0264,31.3838],[-98.0237,31.3807],[-98.0268,31.3779],[-98.0286,31.3784],[-98.0298,31.3757],[-98.0278,31.3756],[-98.0275,31.3718],[-98.0255,31.372],[-98.0252,31.367],[-98.0199,31.3684],[-98.0197,31.3631],[-98.0176,31.3635],[-98.013,31.3706],[-98.0083,31.3713],[-98.0068,31.3681],[-98.0112,31.3647],[-98.0097,31.3623],[-98.0108,31.3591],[-98.0055,31.3588],[-98.0054,31.3564],[-98.0009,31.3569],[-98.0027,31.3532],[-97.9982,31.3532],[-97.9981,31.3501],[-97.994,31.3468],[-97.994,31.3496],[-97.9917,31.3505],[-97.994,31.353],[-97.9906,31.3549],[-97.9946,31.3567],[-97.9949,31.3585],[-97.9925,31.3592],[-97.9965,31.3632],[-97.9927,31.362],[-97.9932,31.366],[-97.99,31.3655],[-97.9884,31.3642],[-97.989,31.3582],[-97.9855,31.3584],[-97.9841,31.3467],[-97.9819,31.3477],[-97.9836,31.3533],[-97.9796,31.3561],[-97.9781,31.3538],[-97.9742,31.3552],[-97.9757,31.3522],[-97.9741,31.3474],[-97.9723,31.3495],[-97.967,31.3501],[-97.9658,31.3442],[-97.9711,31.3361],[-97.9665,31.3389],[-97.9653,31.3357],[-97.9628,31.3406],[-97.9576,31.3343],[-97.9568,31.3425],[-97.9525,31.3367],[-97.9496,31.3371],[-97.9476,31.3332],[-97.9452,31.3328],[-97.9431,31.3261],[-97.939,31.3243],[-97.9377,31.3287],[-97.9425,31.3305],[-97.9432,31.3331],[-97.9411,31.3349],[-97.948,31.339],[-97.9497,31.3436],[-97.9481,31.3467],[-97.9554,31.3489],[-97.9548,31.3517],[-97.9525,31.3501],[-97.948,31.3534],[-97.944,31.3489],[-97.9411,31.3484],[-97.9396,31.35],[-97.9368,31.349],[-97.936,31.3448],[-97.9348,31.3461],[-97.9324,31.345],[-97.93,31.342],[-97.9284,31.3435],[-97.9343,31.3497],[-97.9322,31.3578],[-97.937,31.3563],[-97.9381,31.3588],[-97.9402,31.357],[-97.9428,31.3586],[-97.9403,31.3601],[-97.9413,31.3622],[-97.9338,31.3634],[-97.9402,31.3655],[-97.9404,31.3677],[-97.9334,31.3679],[-97.9365,31.3707],[-97.9366,31.3795],[-97.9395,31.3775],[-97.9403,31.3723],[-97.9445,31.3756],[-97.9424,31.3698],[-97.9442,31.3696],[-97.9443,31.3673],[-97.9472,31.3699],[-97.9498,31.3606],[-97.952,31.3605],[-97.9531,31.3684],[-97.9506,31.3719],[-97.9528,31.3723],[-97.9539,31.3756],[-97.9556,31.368],[-97.96,31.3648],[-97.9609,31.3589],[-97.9629,31.3583],[-97.9649,31.3602],[-97.962,31.3626],[-97.9633,31.3655],[-97.9602,31.3722],[-97.9621,31.3718],[-97.9637,31.3678],[-97.9652,31.3693],[-97.9664,31.3673],[-97.9694,31.3679],[-97.9713,31.3648],[-97.9756,31.3668],[-97.9723,31.3678],[-97.9679,31.3731],[-97.9745,31.373],[-97.969,31.3767],[-97.9721,31.3786],[-97.9657,31.3806],[-97.9735,31.3815],[-97.9789,31.3757],[-97.9795,31.381],[-97.9818,31.3791],[-97.9838,31.3802],[-97.9847,31.378],[-97.9857,31.3799],[-97.9928,31.3795],[-97.9933,31.3809],[-97.9853,31.383],[-97.9956,31.3859],[-97.9969,31.3888],[-97.9828,31.385],[-97.9738,31.3889],[-97.9756,31.3904],[-97.9791,31.3887],[-97.984,31.39],[-97.9833,31.3917],[-97.9873,31.3927],[-97.9842,31.3954],[-97.9862,31.3976],[-97.9896,31.3976],[-97.9855,31.3998],[-97.9797,31.3962],[-97.9783,31.3984],[-97.975,31.3975],[-97.9754,31.4003],[-97.9708,31.3961],[-97.9672,31.3979],[-97.9663,31.3942],[-97.96,31.3903],[-97.9586,31.3925],[-97.9617,31.3931],[-97.9677,31.3993],[-97.9653,31.4008],[-97.9683,31.403],[-97.9648,31.4041],[-97.9644,31.4089],[-97.9609,31.4098],[-97.9557,31.4084],[-97.9548,31.4052],[-97.9509,31.4049],[-97.9485,31.4079],[-97.9512,31.4086],[-97.9476,31.4122],[-97.9534,31.4097],[-97.9645,31.4125],[-97.9658,31.4104],[-97.9684,31.4114],[-97.9711,31.406],[-97.9747,31.4075],[-97.9706,31.4153],[-97.9739,31.4156],[-97.9744,31.411],[-97.9765,31.4115],[-97.9783,31.4087],[-97.9792,31.413],[-97.9774,31.4172],[-97.9794,31.418],[-97.9813,31.4137],[-97.9836,31.415],[-97.9848,31.4092],[-97.9869,31.4102],[-97.9874,31.4151],[-97.9892,31.4106],[-97.991,31.412],[-97.9925,31.4096],[-97.9917,31.4063],[-97.9948,31.4077],[-97.9978,31.4053],[-97.9973,31.4083],[-97.9997,31.4101],[-98.0075,31.4047],[-98.0121,31.4079],[-98.0053,31.408],[-98.0038,31.4113],[-98.0001,31.4127],[-97.9962,31.4108],[-97.9947,31.4121],[-98.0,31.4176],[-97.9942,31.4169],[-97.9939,31.4188],[-97.9973,31.42],[-97.9883,31.4211],[-97.9921,31.4259],[-97.9886,31.4244],[-97.9872,31.4261],[-97.9857,31.424],[-97.9821,31.4241],[-97.9822,31.4266],[-97.9803,31.4273],[-97.9748,31.4242],[-97.975,31.427],[-97.9715,31.4281],[-97.9694,31.426],[-97.9689,31.429],[-97.9651,31.4248],[-97.9639,31.4283],[-97.9668,31.4296],[-97.9683,31.4329],[-97.9707,31.4314],[-97.9756,31.4328],[-97.9812,31.4284],[-97.9816,31.4317],[-97.9843,31.4333],[-97.9835,31.4393],[-97.9873,31.4356],[-97.9902,31.4359],[-97.991,31.441],[-97.9939,31.4309],[-97.9958,31.4326],[-98.0,31.4311],[-97.9976,31.436],[-98.0015,31.4392],[-97.9992,31.4412],[-98.001,31.4448],[-98.0046,31.4403],[-98.0062,31.4419],[-98.0089,31.435],[-98.0105,31.4365],[-98.0103,31.4441],[-98.007,31.4474],[-98.0072,31.4498],[-98.0001,31.453],[-98.0066,31.4531],[-98.0053,31.4585],[-98.0101,31.4572],[-98.0152,31.441],[-98.0167,31.4446],[-98.0194,31.4432],[-98.0225,31.4454],[-98.0278,31.444],[-98.0251,31.4466],[-98.0175,31.448],[-98.017,31.4523],[-98.0228,31.4494],[-98.0259,31.4533],[-98.0217,31.4527],[-98.0207,31.4544],[-98.0225,31.4566],[-98.0192,31.4568],[-98.0186,31.4603],[-98.0211,31.4602],[-98.0228,31.4631],[-98.0211,31.4661],[-98.0239,31.4666],[-98.0245,31.4641],[-98.0282,31.4632],[-98.0272,31.458],[-98.0327,31.4626],[-98.0332,31.4576],[-98.035,31.4607],[-98.0396,31.4621],[-98.0341,31.4717],[-98.0377,31.4711],[-98.0391,31.4671],[-98.0404,31.4714],[-98.0435,31.4728],[-98.0458,31.4616],[-98.048,31.4675],[-98.0504,31.4649],[-98.0529,31.4681],[-98.057,31.4657],[-98.0623,31.4666],[-98.0567,31.4717],[-98.0569,31.4747],[-98.0509,31.4751],[-98.0469,31.4795],[-98.0608,31.4754],[-98.0609,31.4779],[-98.0668,31.4722],[-98.0711,31.4639],[-98.0707,31.4607],[-98.0719,31.4618],[-98.0734,31.4601],[-98.0752,31.4633],[-98.0771,31.4604],[-98.0783,31.4621],[-98.0731,31.4685],[-98.0823,31.4695],[-98.0847,31.4667],[-98.0867,31.4691],[-98.0828,31.4711],[-98.083,31.4734],[-98.0794,31.4717],[-98.0738,31.4738],[-98.0717,31.4765],[-98.0731,31.4784],[-98.0769,31.4777],[-98.0778,31.4803],[-98.0713,31.4849],[-98.0753,31.4853],[-98.0788,31.4902],[-98.0794,31.4843],[-98.0831,31.4848],[-98.0835,31.487],[-98.0868,31.482],[-98.0895,31.4852],[-98.088,31.4912],[-98.0896,31.4893],[-98.0935,31.4889],[-98.0923,31.4803],[-98.0967,31.4834],[-98.0987,31.4824],[-98.0991,31.4863],[-98.1007,31.485],[-98.1028,31.4859],[-98.1031,31.4795],[-98.1057,31.477],[-98.1092,31.4839],[-98.1137,31.4739],[-98.1153,31.481],[-98.1173,31.4819],[-98.1197,31.4796],[-98.1193,31.4764],[-98.1239,31.4768],[-98.1241,31.4748],[-98.1282,31.473],[-98.1273,31.4714],[-98.1319,31.4713],[-98.131,31.4684],[-98.1338,31.4688],[-98.135,31.4671],[-98.1376,31.4704],[-98.145,31.4639],[-98.1438,31.4697],[-98.1489,31.4683],[-98.1506,31.4703],[-98.1414,31.4718],[-98.1417,31.4734],[-98.1365,31.4751],[-98.137,31.4791],[-98.1444,31.4792],[-98.1434,31.4835],[-98.133,31.4806],[-98.1275,31.4839],[-98.128,31.4863],[-98.1317,31.4884],[-98.1344,31.4873],[-98.1365,31.4905],[-98.1336,31.4903],[-98.1321,31.4951],[-98.1281,31.4923],[-98.1203,31.4904],[-98.1212,31.4935],[-98.1167,31.4931],[-98.1156,31.4982],[-98.1132,31.4961],[-98.1115,31.4984],[-98.1061,31.4991],[-98.1089,31.5022],[-98.1061,31.5061],[-98.1009,31.5048],[-98.1031,31.5077],[-98.1072,31.5089],[-98.1091,31.5067],[-98.1112,31.5089],[-98.1121,31.5056],[-98.1172,31.505],[-98.1174,31.5069],[-98.1195,31.5053],[-98.1211,31.5005],[-98.1231,31.5019],[-98.1223,31.5047],[-98.1259,31.5035],[-98.1216,31.5092],[-98.1256,31.5097],[-98.1291,31.5063],[-98.1305,31.5097],[-98.1328,31.504],[-98.138,31.502],[-98.1371,31.5065],[-98.1438,31.4997],[-98.1445,31.5036],[-98.1529,31.5071],[-98.1468,31.5072],[-98.1438,31.5055],[-98.1387,31.5093],[-98.1436,31.5105],[-98.1429,31.5136],[-98.1465,31.5156],[-98.1454,31.5169],[-98.1348,31.515],[-98.134,31.5178],[-98.1375,31.5199],[-98.138,31.5232],[-98.1342,31.5215],[-98.1318,31.5223],[-98.1241,31.5181],[-98.119,31.5187],[-98.1185,31.5207],[-98.1214,31.5223],[-98.1262,31.522],[-98.1256,31.5255],[-98.1281,31.5269],[-98.1267,31.5293],[-98.13,31.5313],[-98.1347,31.5305],[-98.1317,31.5352],[-98.1353,31.5369],[-98.1348,31.5386],[-98.1291,31.5382],[-98.1282,31.5353],[-98.1214,31.5348],[-98.1176,31.5309],[-98.1132,31.532],[-98.1088,31.5296],[-98.1085,31.5271],[-98.107,31.5277],[-98.1067,31.532],[-98.114,31.5341],[-98.1091,31.5384],[-98.1108,31.5402],[-98.1162,31.5394],[-98.1117,31.5462],[-98.1144,31.5463],[-98.1226,31.5406],[-98.1247,31.5416],[-98.121,31.5475],[-98.1237,31.5474],[-98.1238,31.5493],[-98.1169,31.5562],[-98.1231,31.5538],[-98.1222,31.559],[-98.1267,31.5546],[-98.1279,31.5495],[-98.1324,31.547],[-98.1335,31.55],[-98.1308,31.553],[-98.1358,31.5549],[-98.1333,31.5579],[-98.1375,31.5545],[-98.1402,31.5562],[-98.14,31.553],[-98.1427,31.553],[-98.1396,31.5506],[-98.1414,31.5485],[-98.14,31.5469],[-98.1453,31.5481],[-98.1461,31.545],[-98.1493,31.5468],[-98.1492,31.5365],[-98.1516,31.5374],[-98.1529,31.5442],[-98.1565,31.5435],[-98.1535,31.5479],[-98.1545,31.5493],[-98.1507,31.5512],[-98.1504,31.5547],[-98.154,31.5548],[-98.1583,31.551],[-98.159,31.5542],[-98.161,31.5547],[-98.1658,31.5518],[-98.169,31.5528],[-98.1763,31.55],[-98.1722,31.5545],[-98.166,31.5551],[-98.165,31.5582],[-98.1488,31.5609],[-98.1462,31.5665],[-98.1435,31.565],[-98.1382,31.571],[-98.1432,31.5729],[-98.1459,31.5683],[-98.1491,31.5693],[-98.1538,31.5664],[-98.154,31.5731],[-98.1515,31.5759],[-98.1562,31.575],[-98.1575,31.5787],[-98.1604,31.5727],[-98.164,31.5774],[-98.1687,31.5707],[-98.1712,31.5727],[-98.1742,31.5682],[-98.1804,31.5657],[-98.1817,31.5662],[-98.1777,31.5698],[-98.1789,31.5726],[-98.1766,31.5799],[-98.1794,31.5802],[-98.1824,31.5756],[-98.1867,31.5745],[-98.1851,31.5786],[-98.1885,31.5811],[-98.192,31.5804],[-98.1945,31.5774],[-98.1932,31.5821],[-98.1903,31.5837],[-98.1935,31.5882],[-98.2003,31.5896],[-98.2113,31.5859],[-98.22,31.5869],[-98.217,31.5907],[-98.2097,31.59],[-98.2077,31.5906],[-98.2089,31.5928],[-98.2044,31.5929],[-98.2068,31.5983],[-98.2018,31.5984],[-98.1993,31.5936],[-98.1938,31.597],[-98.1905,31.5908],[-98.1829,31.588],[-98.1827,31.5926],[-98.1778,31.5885],[-98.177,31.5913],[-98.1742,31.5901],[-98.1717,31.5929],[-98.1698,31.5895],[-98.1642,31.5903],[-98.1642,31.5938],[-98.1588,31.5955],[-98.1624,31.5975],[-98.1629,31.6001],[-98.1678,31.5992],[-98.1677,31.604],[-98.1734,31.6029],[-98.1735,31.6082],[-98.1793,31.6056],[-98.1795,31.6085],[-98.1831,31.6072],[-98.1828,31.6122],[-98.1855,31.6138],[-98.1896,31.6128],[-98.192,31.6097],[-98.1928,31.6148],[-98.1903,31.6182],[-98.1923,31.6185],[-98.1974,31.6126],[-98.1984,31.617],[-98.2033,31.6156],[-98.2052,31.6176],[-98.2095,31.6157],[-98.21,31.6183],[-98.2044,31.6222],[-98.2118,31.6214],[-98.2104,31.6246],[-98.2127,31.6255],[-98.2123,31.6284],[-98.2166,31.6257],[-98.2156,31.6235],[-98.2178,31.6232],[-98.2194,31.618],[-98.218,31.6157],[-98.2203,31.6149],[-98.222,31.6092],[-98.2256,31.6234],[-98.2282,31.6224],[-98.2282,31.6188],[-98.2304,31.6177],[-98.2338,31.6195],[-98.2349,31.6247],[-98.2388,31.6172],[-98.2424,31.624],[-98.2445,31.6234],[-98.2467,31.6253],[-98.2481,31.6187],[-98.2516,31.6188],[-98.2545,31.6138],[-98.2563,31.6199],[-98.255,31.625],[-98.2599,31.6245],[-98.2604,31.6273],[-98.2634,31.6292],[-98.2671,31.6283],[-98.2682,31.6261],[-98.27,31.6277],[-98.2776,31.6268],[-98.2806,31.6235],[-98.294,31.6175],[-98.2936,31.6138],[-98.3018,31.6182],[-98.2975,31.618],[-98.2871,31.6249],[-98.2912,31.6273],[-98.2782,31.6295],[-98.279,31.6325],[-98.2763,31.6347],[-98.272,31.6332],[-98.272,31.6368],[-98.2686,31.6357],[-98.2664,31.638],[-98.2651,31.6356],[-98.2625,31.6353],[-98.2611,31.6376],[-98.2579,31.6335],[-98.2564,31.6351],[-98.2532,31.6335],[-98.249,31.636],[-98.2478,31.6343],[-98.2435,31.6358],[-98.2387,31.6333],[-98.2357,31.6365],[-98.2301,31.6367],[-98.2292,31.6383],[-98.2367,31.6414],[-98.2415,31.6394],[-98.2428,31.6442],[-98.2478,31.643],[-98.2488,31.6472],[-98.2521,31.6422],[-98.2537,31.6464],[-98.2583,31.6457],[-98.2601,31.6503],[-98.2629,31.6493],[-98.2623,31.6442],[-98.2657,31.6469],[-98.2696,31.643],[-98.2699,31.646],[-98.2728,31.6469],[-98.2704,31.6488],[-98.2683,31.6483],[-98.2673,31.6529],[-98.27,31.6518],[-98.2733,31.6543],[-98.2745,31.6509],[-98.279,31.6495],[-98.2777,31.6536],[-98.2799,31.6535],[-98.2804,31.659],[-98.2838,31.656],[-98.2848,31.6592],[-98.287,31.6585],[-98.2875,31.654],[-98.2904,31.6524],[-98.2904,31.6603],[-98.2937,31.6596],[-98.2959,31.6509],[-98.2983,31.6497],[-98.2992,31.6539],[-98.3033,31.6535],[-98.299,31.6573],[-98.2993,31.6635],[-98.3029,31.6643],[-98.3081,31.6581],[-98.3088,31.6637],[-98.3123,31.6642],[-98.3125,31.6664],[-98.3159,31.668],[-98.3208,31.6672],[-98.3216,31.6634],[-98.3251,31.6636],[-98.3265,31.6581],[-98.3325,31.6544],[-98.3321,31.6581],[-98.3361,31.656],[-98.3303,31.6688],[-98.3392,31.6691],[-98.3415,31.6715],[-98.3457,31.6714],[-98.3469,31.6747],[-98.3599,31.6659],[-98.3539,31.6756],[-98.3565,31.6771],[-98.3506,31.6811],[-98.3522,31.6828],[-98.3565,31.6828],[-98.3575,31.6861],[-98.3639,31.6895],[-98.3707,31.6869],[-98.3815,31.6888],[-98.3911,31.6843],[-98.397,31.684],[-98.3992,31.6792],[-98.4113,31.6768],[-98.4118,31.6785],[-98.4137,31.6783],[-98.4207,31.6738],[-98.4233,31.6753],[-98.4298,31.6731],[-98.4272,31.675],[-98.4276,31.6771],[-98.4349,31.6793],[-98.4373,31.6748],[-98.4413,31.6727],[-98.4404,31.6697],[-98.4433,31.6666],[-98.4429,31.6703],[-98.4483,31.6728],[-98.4556,31.6736],[-98.4595,31.6686],[-98.4674,31.6736],[-98.4758,31.6726],[-98.4717,31.6775],[-98.4639,31.6765],[-98.4637,31.6785],[-98.444,31.6759],[-98.4424,31.6808],[-98.4447,31.6849],[-98.4416,31.6835],[-98.434,31.6846],[-98.4248,31.6807],[-98.421,31.6809],[-98.4253,31.6839],[-98.4232,31.6852],[-98.413,31.6842],[-98.4119,31.6862],[-98.4068,31.6857],[-98.3977,31.6917],[-98.3908,31.6917],[-98.3921,31.697],[-98.3899,31.6952],[-98.3827,31.6961],[-98.3798,31.6994],[-98.3771,31.6964],[-98.3672,31.6956],[-98.3698,31.7],[-98.4708,31.7],[-98.4736,31.6982],[-98.4742,31.7],[-98.4904,31.7],[-98.4905,31.6996],[-98.4866,31.6981],[-98.4886,31.6977],[-98.4886,31.6951],[-98.4907,31.6971],[-98.4957,31.6959],[-98.4919,31.6922],[-98.4953,31.6915],[-98.4956,31.6875],[-98.4994,31.6897],[-98.5009,31.6932],[-98.5002,31.6883],[-98.5023,31.6873],[-98.5001,31.6828],[-98.5028,31.6836],[-98.5031,31.6793],[-98.5071,31.6848],[-98.5109,31.6838],[-98.5087,31.6886],[-98.5118,31.6896],[-98.5145,31.6881],[-98.5166,31.6821],[-98.5194,31.6817],[-98.5176,31.6852],[-98.5211,31.6882],[-98.5182,31.6897],[-98.5189,31.6923],[-98.522,31.6932],[-98.5211,31.6957],[-98.5147,31.6966],[-98.5106,31.6995],[-98.5105,31.7],[-98.5369,31.7],[-98.5404,31.6978],[-98.5338,31.6958],[-98.5354,31.6945],[-98.5335,31.6906],[-98.5367,31.6925],[-98.5374,31.6881],[-98.5411,31.6928],[-98.5438,31.693],[-98.5413,31.6875],[-98.5367,31.684],[-98.5393,31.6839],[-98.5393,31.6801],[-98.5442,31.6832],[-98.5426,31.6797],[-98.5445,31.6754],[-98.5432,31.6677],[-98.5467,31.673],[-98.5486,31.6726],[-98.5518,31.6684],[-98.5521,31.6637],[-98.5562,31.6633],[-98.5552,31.6614],[-98.5574,31.6599],[-98.5572,31.6654],[-98.5598,31.6658],[-98.5562,31.6677],[-98.5556,31.6706],[-98.5664,31.6682],[-98.5658,31.6725],[-98.5678,31.6734],[-98.568,31.6763],[-98.5674,31.6773],[-98.5615,31.6735],[-98.5522,31.6775],[-98.5512,31.6795],[-98.5547,31.6794],[-98.5552,31.6808],[-98.5611,31.6783],[-98.561,31.6813],[-98.5533,31.6846],[-98.5537,31.6858],[-98.5576,31.6848],[-98.5591,31.6869],[-98.5547,31.6914],[-98.5621,31.6877],[-98.5708,31.6875],[-98.5587,31.6934],[-98.5571,31.6965],[-98.5589,31.6971],[-98.5629,31.6945],[-98.5627,31.6963],[-98.5724,31.6987],[-98.5797,31.6994],[-98.5823,31.6981],[-98.5809,31.7],[-98.7228,31.7],[-98.7237,31.6993],[-98.7169,31.691],[-98.7216,31.69],[-98.7184,31.6872],[-98.7206,31.684],[-98.7242,31.6833],[-98.721,31.6792],[-98.7297,31.6791],[-98.7258,31.6757],[-98.7234,31.6762],[-98.7227,31.6737],[-98.7203,31.6753],[-98.717,31.6729],[-98.7161,31.6776],[-98.7109,31.6747],[-98.7124,31.6813],[-98.709,31.6857],[-98.7094,31.691],[-98.707,31.6918],[-98.7026,31.687],[-98.6977,31.6758],[-98.6953,31.6773],[-98.6975,31.6845],[-98.6945,31.6825],[-98.6884,31.6844],[-98.6857,31.6693],[-98.6817,31.6674],[-98.6818,31.6588],[-98.6739,31.6591],[-98.6777,31.6617],[-98.6765,31.6644],[-98.6784,31.6686],[-98.6736,31.6774],[-98.6718,31.6712],[-98.6692,31.6727],[-98.6651,31.6655],[-98.6612,31.6687],[-98.6593,31.6672],[-98.6597,31.6584],[-98.6573,31.6589],[-98.6547,31.6562],[-98.6552,31.6606],[-98.6533,31.6622],[-98.6548,31.6656],[-98.651,31.6663],[-98.6485,31.6616],[-98.6459,31.6681],[-98.6502,31.6712],[-98.6477,31.6732],[-98.6452,31.6712],[-98.6433,31.6745],[-98.6438,31.6779],[-98.6483,31.6812],[-98.646,31.6814],[-98.6462,31.684],[-98.643,31.6835],[-98.642,31.6904],[-98.6395,31.6888],[-98.6371,31.6908],[-98.6375,31.6854],[-98.6359,31.6848],[-98.6379,31.6804],[-98.6318,31.6765],[-98.6359,31.6761],[-98.6358,31.6714],[-98.6307,31.6682],[-98.6289,31.6648],[-98.6223,31.6709],[-98.6228,31.6665],[-98.6271,31.6629],[-98.635,31.6641],[-98.6365,31.6589],[-98.6294,31.6579],[-98.6321,31.6561],[-98.6286,31.6548],[-98.6309,31.6531],[-98.6352,31.6535],[-98.6368,31.6487],[-98.6385,31.6503],[-98.6431,31.648],[-98.6402,31.6431],[-98.636,31.6426],[-98.6349,31.6408],[-98.64,31.6406],[-98.6425,31.6384],[-98.6437,31.6404],[-98.6482,31.64],[-98.6495,31.6348],[-98.6562,31.6336],[-98.6506,31.6313],[-98.6502,31.6294],[-98.6477,31.6299],[-98.6508,31.6271],[-98.6458,31.6248],[-98.6547,31.624],[-98.6497,31.6184],[-98.652,31.6162],[-98.6565,31.6167],[-98.6572,31.619],[-98.6591,31.6164],[-98.6611,31.617],[-98.6643,31.6076],[-98.6681,31.6069],[-98.6679,31.6043],[-98.6729,31.5977],[-98.6707,31.5967],[-98.6698,31.5989],[-98.6638,31.5987],[-98.6653,31.6035],[-98.662,31.6038],[-98.6625,31.6062],[-98.6578,31.61],[-98.6538,31.601],[-98.6515,31.6026],[-98.6485,31.6009],[-98.649,31.5962],[-98.6464,31.5944],[-98.6464,31.6028],[-98.6501,31.6063],[-98.6462,31.6091],[-98.6425,31.61],[-98.6341,31.6011],[-98.6283,31.604],[-98.6267,31.5996],[-98.6263,31.6076],[-98.6311,31.6092],[-98.6334,31.6129],[-98.6275,31.6145],[-98.6251,31.6133],[-98.6239,31.6163],[-98.6219,31.6151],[-98.6194,31.6165],[-98.6183,31.6117],[-98.6197,31.6084],[-98.6178,31.6044],[-98.6121,31.6125],[-98.6098,31.6203],[-98.6076,31.6138],[-98.5982,31.6167],[-98.6003,31.6119],[-98.6067,31.6098],[-98.6062,31.6049],[-98.6011,31.6038],[-98.6062,31.6013],[-98.6072,31.5974],[-98.5987,31.5968],[-98.601,31.5955],[-98.6006,31.5927],[-98.6051,31.5924],[-98.6035,31.5892],[-98.6093,31.5865],[-98.607,31.5843],[-98.6022,31.5843],[-98.6022,31.5812],[-98.6064,31.5778],[-98.6021,31.5755],[-98.606,31.5739],[-98.6074,31.5707],[-98.6137,31.5739],[-98.6142,31.568],[-98.6093,31.5666],[-98.6101,31.5647],[-98.6077,31.5621],[-98.605,31.5636],[-98.5988,31.5579],[-98.5951,31.5583],[-98.5977,31.5539],[-98.5955,31.5537],[-98.5973,31.552],[-98.5958,31.5491],[-98.591,31.5473],[-98.5893,31.5484],[-98.5904,31.5507],[-98.5862,31.5498],[-98.5847,31.5434],[-98.5845,31.5508],[-98.5873,31.5507],[-98.5868,31.554],[-98.5908,31.5574],[-98.5883,31.5593],[-98.5892,31.5625],[-98.5872,31.5639],[-98.5819,31.5579],[-98.58,31.5586],[-98.582,31.5617],[-98.5802,31.5631],[-98.575,31.5597],[-98.5728,31.5626],[-98.5733,31.5667],[-98.5699,31.5631],[-98.5688,31.5639],[-98.5691,31.5667],[-98.5648,31.5741],[-98.5642,31.5712],[-98.5621,31.5709],[-98.565,31.5669],[-98.5639,31.5646],[-98.5609,31.5654],[-98.5597,31.564],[-98.5627,31.5622],[-98.5609,31.5606],[-98.5622,31.5565],[-98.5661,31.5512],[-98.5627,31.55],[-98.5581,31.5519],[-98.5556,31.5511],[-98.5605,31.546],[-98.558,31.5425],[-98.5628,31.5417],[-98.5627,31.5376],[-98.5679,31.534],[-98.5636,31.5338],[-98.5592,31.5362],[-98.5566,31.5344],[-98.5605,31.5308],[-98.5587,31.5289],[-98.5482,31.5284],[-98.5513,31.5226],[-98.5635,31.5216],[-98.5516,31.516],[-98.5543,31.5133],[-98.5574,31.5148],[-98.559,31.5127],[-98.5663,31.5133],[-98.5604,31.5054],[-98.5642,31.5051],[-98.5659,31.5026],[-98.5675,31.5053],[-98.5708,31.5047],[-98.5725,31.5022],[-98.5754,31.5046],[-98.5767,31.5038],[-98.5751,31.5003],[-98.5693,31.4977],[-98.5673,31.4938],[-98.5687,31.4935],[-98.5683,31.4902],[-98.5706,31.4888],[-98.575,31.4904],[-98.5742,31.4862],[-98.5765,31.487],[-98.5767,31.4828],[-98.581,31.4846],[-98.584,31.4884],[-98.584,31.4918],[-98.5884,31.4883],[-98.5899,31.4855],[-98.5861,31.4832],[-98.5891,31.4781],[-98.5849,31.4791],[-98.5839,31.4751],[-98.578,31.4773],[-98.5744,31.4752],[-98.5741,31.4713],[-98.5781,31.4724],[-98.5788,31.4682],[-98.5819,31.468],[-98.5786,31.4648],[-98.5746,31.4647],[-98.5729,31.4616],[-98.5761,31.4594],[-98.5796,31.46],[-98.5802,31.457],[-98.584,31.4578],[-98.5904,31.4532],[-98.5819,31.4531],[-98.5822,31.4497],[-98.5754,31.4493],[-98.5749,31.4477],[-98.579,31.4452],[-98.5769,31.4442],[-98.5767,31.4409],[-98.5668,31.4442],[-98.5681,31.4407],[-98.5734,31.4379],[-98.5727,31.4359],[-98.5748,31.4343],[-98.5746,31.4328],[-98.5705,31.4336],[-98.5629,31.43],[-98.5652,31.423],[-98.5673,31.422],[-98.5646,31.4207],[-98.5609,31.4063],[-98.5618,31.4031],[-98.5655,31.4015],[-98.5648,31.3984],[-98.5619,31.3973],[-98.5578,31.3986],[-98.557,31.4012],[-98.5536,31.4],[-98.553,31.4069],[-98.5494,31.4072],[-98.5447,31.4001],[-98.5422,31.4027],[-98.5384,31.4002],[-98.5341,31.4011],[-98.5357,31.3947],[-98.5267,31.3943],[-98.5228,31.3896],[-98.5202,31.3893],[-98.5206,31.3862],[-98.5184,31.3839],[-98.5222,31.3827],[-98.5234,31.3803],[-98.5275,31.3817],[-98.5299,31.379],[-98.5296,31.3726],[-98.5257,31.3744],[-98.5248,31.3666],[-98.5195,31.3742],[-98.5179,31.3723],[-98.516,31.3729],[-98.5168,31.3758],[-98.5141,31.3784],[-98.5108,31.3727],[-98.5113,31.3701],[-98.5081,31.3676],[-98.509,31.3615],[-98.5126,31.3555],[-98.5104,31.352],[-98.5027,31.3595],[-98.5002,31.3591],[-98.5005,31.3569],[-98.4971,31.3584],[-98.4992,31.3543],[-98.4965,31.3546],[-98.4939,31.3526],[-98.4984,31.349],[-98.4923,31.3476],[-98.4931,31.3459],[-98.4984,31.3444],[-98.4964,31.3424],[-98.4921,31.3422],[-98.4955,31.3363],[-98.4929,31.3352],[-98.4923,31.332],[-98.4861,31.3316],[-98.4847,31.3336],[-98.4778,31.3309],[-98.4825,31.3278],[-98.4791,31.3256],[-98.4813,31.319],[-98.4871,31.3159],[-98.483,31.315],[-98.4806,31.3174],[-98.4772,31.3152],[-98.4758,31.3163],[-98.4774,31.32],[-98.4747,31.3216],[-98.4702,31.32],[-98.4643,31.3209],[-98.4666,31.3163],[-98.4653,31.3132],[-98.4677,31.3119],[-98.4641,31.3112],[-98.4628,31.3081],[-98.4653,31.3077],[-98.4636,31.3057],[-98.4658,31.3037],[-98.4632,31.3019],[-98.4648,31.2961],[-98.4559,31.2851],[-98.4476,31.2891],[-98.4444,31.2886],[-98.4489,31.2857],[-98.451,31.277],[-98.4473,31.2734],[-98.4404,31.2739],[-98.4451,31.271],[-98.4467,31.2674],[-98.4426,31.2657],[-98.4438,31.2634],[-98.4408,31.2627],[-98.442,31.2593],[-98.4388,31.2551],[-98.4433,31.2551],[-98.4451,31.2522],[-98.4484,31.2584],[-98.4494,31.2556],[-98.4581,31.253],[-98.4548,31.2525],[-98.4528,31.2464],[-98.4507,31.2483],[-98.4489,31.2477],[-98.4488,31.2449],[-98.4447,31.2464],[-98.4488,31.2398],[-98.4431,31.2384],[-98.4417,31.2405],[-98.4386,31.2392],[-98.4378,31.2418],[-98.4318,31.2426],[-98.4324,31.245],[-98.4301,31.2474],[-98.427,31.2402],[-98.4228,31.2407],[-98.4224,31.2363],[-98.4204,31.2365],[-98.4212,31.2467],[-98.4194,31.2477],[-98.4169,31.2451],[-98.4134,31.2474],[-98.4128,31.2438],[-98.4095,31.2448],[-98.4069,31.2425],[-98.4107,31.2345],[-98.3954,31.2349],[-98.3958,31.233],[-98.4003,31.2319],[-98.3987,31.229],[-98.4003,31.2277],[-98.4098,31.2264],[-98.4103,31.2241],[-98.4075,31.2237],[-98.4081,31.221],[-98.4063,31.2201],[-98.4113,31.2175],[-98.4099,31.2133],[-98.4058,31.2143],[-98.4033,31.2122],[-98.4009,31.2167],[-98.3996,31.2164],[-98.3984,31.212],[-98.3932,31.2113],[-98.3967,31.2076],[-98.3912,31.2064],[-98.3887,31.2076],[-98.3868,31.2035],[-98.3897,31.2031],[-98.3902,31.201],[-98.387,31.1988],[-98.3935,31.1995],[-98.3942,31.196],[-98.4006,31.1971],[-98.3974,31.1922],[-98.3986,31.1902],[-98.3947,31.1902],[-98.3896,31.1855],[-98.3915,31.1836],[-98.3928,31.1853],[-98.3963,31.1835],[-98.4013,31.1842],[-98.4023,31.1776],[-98.4075,31.1819],[-98.4094,31.1804],[-98.4139,31.1811],[-98.4094,31.1783],[-98.4094,31.1762],[-98.4072,31.1772],[-98.4048,31.1759],[-98.4014,31.1711],[-98.3991,31.1778],[-98.395,31.1788],[-98.3928,31.178],[-98.3916,31.1744],[-98.381,31.1712],[-98.3826,31.1698],[-98.3905,31.1705],[-98.3925,31.1691],[-98.3917,31.1583],[-98.3777,31.1528],[-98.3808,31.1497],[-98.377,31.1486],[-98.3771,31.1435],[-98.3735,31.1409],[-98.3754,31.1362],[-98.3741,31.1346],[-98.3704,31.1372],[-98.3645,31.1374],[-98.3683,31.1323],[-98.3657,31.1298],[-98.3692,31.1265],[-98.3671,31.1257],[-98.3664,31.1222],[-98.3625,31.1238],[-98.3623,31.1208],[-98.3597,31.1219],[-98.3569,31.1208],[-98.3564,31.1196],[-98.3594,31.118],[-98.3562,31.1169],[-98.3562,31.1149],[-98.364,31.1159],[-98.3654,31.1133],[-98.3556,31.1114],[-98.3557,31.1073],[-98.3604,31.1075],[-98.3533,31.1037],[-98.3521,31.1006],[-98.3546,31.0975],[-98.3568,31.1013],[-98.3581,31.0989],[-98.361,31.0989],[-98.3594,31.0943],[-98.361,31.0915],[-98.3634,31.0921],[-98.3656,31.0903],[-98.3659,31.0942],[-98.3685,31.0933],[-98.368,31.09],[-98.3708,31.0884],[-98.3693,31.0862],[-98.3718,31.0822],[-98.3679,31.0813],[-98.3672,31.0842],[-98.3622,31.0841],[-98.3592,31.079],[-98.3553,31.0871],[-98.3509,31.0845],[-98.3491,31.0776],[-98.3466,31.0775],[-98.3442,31.08],[-98.3433,31.0747],[-98.3497,31.0724],[-98.3421,31.0689],[-98.3456,31.0654],[-98.3414,31.0607],[-98.3443,31.0567],[-98.3384,31.0532],[-98.3439,31.0475],[-98.3422,31.0456],[-98.3382,31.046],[-98.3358,31.0379],[-98.3294,31.039],[-98.3292,31.0331],[-98.3271,31.0322],[-98.327,31.0298],[-98.3313,31.0277],[-98.3311,31.0256],[-98.3342,31.0259],[-98.3306,31.0136],[-98.3362,31.0131],[-98.3408,31.0074],[-98.3404,31.0032],[-98.3341,31.0032],[-98.335,30.999],[-98.338,30.9984],[-98.3385,30.9958],[-98.3417,30.9962],[-98.3433,30.9913],[-98.3372,30.9844],[-98.3394,30.983],[-98.3399,30.979],[-98.3348,30.975],[-98.3318,30.9756],[-98.3218,30.9676],[-98.321,30.9658],[-98.3243,30.9642],[-98.3205,30.9546],[-98.324,30.953],[-98.3253,30.9581],[-98.33,30.962],[-98.3317,30.9562],[-98.3351,30.9592],[-98.3385,30.9563],[-98.3357,30.9511],[-98.3376,30.9493],[-98.3373,30.9415],[-98.3398,30.9381],[-98.336,30.934],[-98.3381,30.9262],[-98.3366,30.9228],[-98.3396,30.919],[-98.337,30.9137],[-98.3374,30.9094],[-98.3414,30.9094],[-98.3426,30.907],[-98.3476,30.9079],[-98.3488,30.9096],[-98.3511,30.9089],[-98.3484,30.899],[-98.3465,30.8981],[-98.343,30.9008],[-98.3424,30.8942],[-98.3382,30.8906],[-98.3345,30.8902],[-98.3331,30.8916],[-98.3346,30.8943],[-98.3314,30.8964],[-98.3345,30.9009],[-98.3293,30.9019],[-98.3302,30.9057],[-98.3283,30.9083],[-98.3278,30.916],[-98.3246,30.9139],[-98.3228,30.9176],[-98.315,30.9167],[-98.3128,30.9223],[-98.3052,30.9222],[-98.3027,30.9285],[-98.2932,30.9316],[-98.2882,30.9295],[-98.2898,30.9265],[-98.287,30.9239],[-98.2841,30.9248],[-98.2824,30.9282],[-98.2795,30.9285],[-98.2853,30.9212],[-98.2776,30.9191],[-98.2812,30.9169],[-98.2877,30.9207],[-98.2928,30.9135],[-98.2906,30.9071],[-98.2872,30.9103],[-98.2809,30.9126],[-98.2772,30.9084],[-98.2814,30.9054],[-98.2794,30.8981],[-98.2699,30.8942],[-98.2621,30.8974],[-98.2619,30.8948],[-98.2672,30.8935],[-98.2668,30.8916],[-98.2644,30.8922],[-98.2634,30.8879],[-98.2527,30.891],[-98.2534,30.8867],[-98.2637,30.8857],[-98.2623,30.8782],[-98.265,30.8764],[-98.2643,30.8728],[-98.2693,30.8617],[-98.2645,30.8586],[-98.2599,30.861],[-98.2585,30.8641],[-98.2576,30.8613],[-98.255,30.8607],[-98.2585,30.8589],[-98.2557,30.8563],[-98.2581,30.854],[-98.256,30.8515],[-98.2571,30.8494],[-98.2489,30.8415],[-98.2487,30.8373],[-98.2575,30.8299],[-98.259,30.8328],[-98.2569,30.8382],[-98.263,30.8379],[-98.2615,30.8432],[-98.2631,30.8442],[-98.2706,30.8395],[-98.2684,30.8252],[-98.273,30.8242],[-98.2744,30.8277],[-98.2794,30.8316],[-98.2831,30.8311],[-98.2839,30.8334],[-98.2955,30.8258],[-98.2912,30.8254],[-98.2885,30.8226],[-98.2922,30.819],[-98.2922,30.8123],[-98.2845,30.8122],[-98.2782,30.8078],[-98.28,30.8014],[-98.2782,30.7947],[-98.284,30.7938],[-98.2827,30.7858],[-98.2842,30.7848],[-98.2823,30.7786],[-98.2834,30.7768],[-98.2824,30.7749],[-98.2784,30.7743],[-98.2775,30.7669],[-98.2741,30.7625],[-98.2724,30.7631],[-98.2737,30.7669],[-98.2696,30.7652],[-98.2678,30.7668],[-98.2648,30.7635],[-98.261,30.7637],[-98.2635,30.7676],[-98.2585,30.7677],[-98.258,30.7701],[-98.2601,30.7737],[-98.263,30.7722],[-98.2667,30.7749],[-98.2616,30.7787],[-98.255,30.7789],[-98.2619,30.7817],[-98.2677,30.7793],[-98.275,30.7795],[-98.2703,30.7823],[-98.2708,30.7844],[-98.2666,30.7861],[-98.2744,30.7864],[-98.2765,30.7898],[-98.2666,30.7923],[-98.2689,30.796],[-98.2728,30.798],[-98.2729,30.7995],[-98.2655,30.7982],[-98.2668,30.8024],[-98.2716,30.8058],[-98.2688,30.8064],[-98.2699,30.809],[-98.2673,30.8094],[-98.269,30.8124],[-98.2656,30.8116],[-98.26,30.8068],[-98.2603,30.8107],[-98.2589,30.8104],[-98.2548,30.7999],[-98.2513,30.8044],[-98.2487,30.8039],[-98.2452,30.7922],[-98.241,30.7941],[-98.2386,30.7931],[-98.2367,30.7959],[-98.2319,30.79],[-98.2326,30.7861],[-98.2286,30.782],[-98.2277,30.7856],[-98.2235,30.7874],[-98.2234,30.7899],[-98.2146,30.7874],[-98.2152,30.7851],[-98.2079,30.7768],[-98.2102,30.7665],[-98.2043,30.7656],[-98.2068,30.7619],[-98.2051,30.7565],[-98.2029,30.7557],[-98.2001,30.7596],[-98.1972,30.7555],[-98.1901,30.7553],[-98.1925,30.7486],[-98.1891,30.7437],[-98.1965,30.743],[-98.1923,30.7404],[-98.1927,30.7367],[-98.184,30.7395],[-98.1791,30.7313],[-98.1633,30.7315],[-98.163,30.7249],[-98.1688,30.7225],[-98.1698,30.719],[-98.1678,30.7156],[-98.1633,30.7191],[-98.1624,30.7167],[-98.1578,30.7171],[-98.1556,30.7112],[-98.1527,30.7107],[-98.1526,30.7058],[-98.1493,30.7032],[-98.1499,30.7011],[-98.1532,30.7014],[-98.1539,30.6979],[-98.1568,30.6993],[-98.1607,30.6984],[-98.1563,30.6964],[-98.1571,30.6931],[-98.1533,30.6877],[-98.1602,30.6892],[-98.1626,30.6923],[-98.1647,30.689],[-98.1681,30.6897],[-98.1661,30.6866],[-98.1615,30.6858],[-98.1627,30.6836],[-98.1608,30.6821],[-98.1626,30.6794],[-98.1577,30.6788],[-98.162,30.6757],[-98.1622,30.6733],[-98.1601,30.6736],[-98.1613,30.6714],[-98.166,30.6723],[-98.1655,30.6739],[-98.1688,30.6747],[-98.1683,30.677],[-98.1701,30.6782],[-98.173,30.6773],[-98.1745,30.6788],[-98.1791,30.6716],[-98.1717,30.6745],[-98.1705,30.6693],[-98.1662,30.6689],[-98.1701,30.6652],[-98.1629,30.6663],[-98.1651,30.6623],[-98.1603,30.6631],[-98.1602,30.6616],[-98.1648,30.6577],[-98.1678,30.6608],[-98.1717,30.6598],[-98.1712,30.657],[-98.177,30.6598],[-98.1776,30.6547],[-98.1802,30.6547],[-98.1817,30.6577],[-98.183,30.6551],[-98.1733,30.6493],[-98.1745,30.655],[-98.1695,30.6526],[-98.1661,30.6545],[-98.166,30.6502],[-98.1633,30.6517],[-98.1613,30.6482],[-98.1584,30.6508],[-98.1601,30.6563],[-98.1559,30.6542],[-98.1568,30.6529],[-98.1536,30.6523],[-98.1538,30.6507],[-98.1515,30.6521],[-98.1494,30.6476],[-98.1522,30.646],[-98.1544,30.6468],[-98.1526,30.6423],[-98.1572,30.643],[-98.1526,30.6381],[-98.1566,30.6371],[-98.1538,30.6338],[-98.1602,30.6326],[-98.1617,30.634],[-98.1625,30.6322],[-98.1521,30.6316],[-98.1497,30.6248],[-98.1502,30.6328],[-98.1458,30.6311],[-98.1445,30.6262],[-98.1435,30.6325],[-98.1411,30.6326],[-98.1389,30.6231],[-98.1359,30.6257],[-98.1354,30.629],[-98.1326,30.6267],[-98.1324,30.6229],[-98.1275,30.6268],[-98.1286,30.6165],[-98.1218,30.6127],[-98.1252,30.6095],[-98.1251,30.607],[-98.1185,30.6109],[-98.1154,30.6088],[-98.119,30.606],[-98.1187,30.6009],[-98.1167,30.6044],[-98.1146,30.6047],[-98.1023,30.595],[-98.1005,30.5997],[-98.1034,30.6006],[-98.1038,30.6034],[-98.1076,30.6032],[-98.1043,30.6048],[-98.1045,30.607],[-98.0976,30.6028],[-98.0974,30.6055],[-98.0941,30.6052],[-98.0948,30.6072],[-98.0977,30.6098],[-98.102,30.6088],[-98.1039,30.6119],[-98.1094,30.6113],[-98.1066,30.6149],[-98.1076,30.6175],[-98.1124,30.6129],[-98.1133,30.6154],[-98.1171,30.6135],[-98.1184,30.6158],[-98.1225,30.6162],[-98.1198,30.6175],[-98.122,30.6194],[-98.1195,30.6206],[-98.1168,30.6184],[-98.1143,30.6197],[-98.1165,30.6224],[-98.1115,30.6251],[-98.1169,30.6258],[-98.1155,30.6282],[-98.1182,30.6294],[-98.1227,30.6261],[-98.1217,30.6301],[-98.1273,30.6312],[-98.1247,30.6329],[-98.1144,30.6331],[-98.1201,30.6361],[-98.1159,30.6372],[-98.1156,30.6393],[-98.1232,30.6401],[-98.1255,30.6381],[-98.1253,30.6409],[-98.128,30.6415],[-98.1282,30.6438],[-98.133,30.6431],[-98.1346,30.6404],[-98.1347,30.6424],[-98.1395,30.6412],[-98.1369,30.6433],[-98.1406,30.6463],[-98.1346,30.6452],[-98.1325,30.6474],[-98.1282,30.647],[-98.1266,30.6486],[-98.1242,30.645],[-98.1206,30.6448],[-98.1233,30.6501],[-98.1298,30.6535],[-98.1248,30.6552],[-98.1278,30.6609],[-98.138,30.6637],[-98.1347,30.6648],[-98.1264,30.6627],[-98.129,30.6703],[-98.1244,30.6632],[-98.1214,30.6662],[-98.1203,30.6645],[-98.122,30.6598],[-98.1205,30.6568],[-98.1167,30.6569],[-98.1184,30.6532],[-98.1155,30.6482],[-98.1137,30.6498],[-98.1081,30.6485],[-98.11,30.6538],[-98.1046,30.6521],[-98.1043,30.658],[-98.1023,30.6562],[-98.0995,30.6565],[-98.1004,30.6526],[-98.0982,30.6461],[-98.0998,30.6445],[-98.095,30.643],[-98.1008,30.6386],[-98.0965,30.6385],[-98.0949,30.6344],[-98.0993,30.6348],[-98.1003,30.6278],[-98.0966,30.6264],[-98.0924,30.6285],[-98.0925,30.6248],[-98.0902,30.6247],[-98.0858,30.6291],[-98.0861,30.6239],[-98.0901,30.6208],[-98.0892,30.619],[-98.0831,30.617],[-98.0842,30.6201],[-98.0792,30.6228],[-98.0755,30.6227],[-98.0828,30.6257],[-98.0801,30.6283],[-98.0752,30.6281],[-98.0749,30.6304],[-98.0808,30.6317],[-98.0779,30.6358],[-98.0854,30.6398],[-98.08,30.6412],[-98.0773,30.6399],[-98.0745,30.6422],[-98.0715,30.635],[-98.0671,30.6372],[-98.0662,30.6333],[-98.0682,30.63],[-98.062,30.6288],[-98.0636,30.6257],[-98.0673,30.6253],[-98.0674,30.623],[-98.0649,30.6224],[-98.0668,30.6168],[-98.0702,30.6169],[-98.071,30.6129],[-98.0668,30.6123],[-98.0635,30.6193],[-98.0614,30.614],[-98.0586,30.6137],[-98.0596,30.6198],[-98.0537,30.6179],[-98.0551,30.6221],[-98.0469,30.6157],[-98.0484,30.6114],[-98.0421,30.6161],[-98.0431,30.6103],[-98.0403,30.61],[-98.0411,30.608],[-98.0384,30.6059],[-98.0438,30.6059],[-98.0451,30.6076],[-98.046,30.6035],[-98.0502,30.6056],[-98.0504,30.6023],[-98.0539,30.6039],[-98.0538,30.6014],[-98.0501,30.5985],[-98.0507,30.5957],[-98.0539,30.5943],[-98.0525,30.5902],[-98.0538,30.5874],[-98.0531,30.5852],[-98.0478,30.5874],[-98.0503,30.5889],[-98.0506,30.5929],[-98.0467,30.5925],[-98.0474,30.5959],[-98.0443,30.6008],[-98.041,30.5899],[-98.0355,30.5948],[-98.0384,30.5961],[-98.0372,30.6007],[-98.0349,30.6001],[-98.035,30.5984],[-98.0324,30.5983],[-98.0325,30.5958],[-98.0295,30.5951],[-98.0333,30.5876],[-98.0292,30.5885],[-98.0282,30.5838],[-98.0338,30.5811],[-98.0279,30.5812],[-98.0287,30.5786],[-98.036,30.5755],[-98.0374,30.5768],[-98.0391,30.573],[-98.0376,30.5694],[-98.0351,30.5733],[-98.0304,30.5745],[-98.0287,30.5712],[-98.0295,30.5648],[-98.032,30.5644],[-98.0301,30.5622],[-98.031,30.5586],[-98.0331,30.5579],[-98.031,30.554],[-98.0337,30.5543],[-98.0374,30.5509],[-98.0326,30.5485],[-98.0348,30.5437],[-98.0327,30.542],[-98.0285,30.5427],[-98.031,30.5458],[-98.0236,30.547],[-98.0238,30.5516],[-98.0291,30.5508],[-98.0264,30.554],[-98.0272,30.5592],[-98.0222,30.557],[-98.017,30.5591],[-98.0195,30.5618],[-98.0219,30.5612],[-98.0213,30.5644],[-98.0252,30.5646],[-98.0238,30.5656],[-98.0253,30.5674],[-98.0222,30.5675],[-98.0218,30.5691],[-98.0245,30.5721],[-98.0218,30.5714],[-98.0203,30.5732],[-98.022,30.5771],[-98.0171,30.5753],[-98.0191,30.5699],[-98.0163,30.5651],[-98.0119,30.5672],[-98.0138,30.5727],[-98.0092,30.5696],[-98.0059,30.5716],[-98.0058,30.5678],[-98.0029,30.5653],[-98.0082,30.566],[-98.006,30.561],[-98.0095,30.5602],[-98.0093,30.5566],[-98.0077,30.5536],[-98.0053,30.5555],[-98.0029,30.5549],[-98.0001,30.5607],[-97.9967,30.5546],[-97.9985,30.549],[-97.9957,30.5455],[-98.0007,30.5432],[-98.001,30.5406],[-97.9987,30.5404],[-97.9974,30.5373],[-98.0007,30.5353],[-97.9987,30.5269],[-98.0007,30.5241],[-97.9955,30.5207],[-97.9982,30.5194],[-97.9962,30.5142],[-97.9972,30.5114],[-98.0005,30.5108],[-98.0007,30.5073],[-97.9944,30.5106],[-97.993,30.5075],[-97.9872,30.5033],[-97.9846,30.498],[-97.9826,30.5],[-97.9855,30.5038],[-97.9805,30.5044],[-97.9786,30.5024],[-97.976,30.5043],[-97.9736,30.5008],[-97.9744,30.4965],[-97.9718,30.4949],[-97.9761,30.4936],[-97.9724,30.4875],[-97.9741,30.4829],[-97.9691,30.4804],[-97.9707,30.4725],[-97.9685,30.4714],[-97.9665,30.4754],[-97.9631,30.4745],[-97.9631,30.4768],[-97.9578,30.4755],[-97.9524,30.4684],[-97.9487,30.4685],[-97.9497,30.4713],[-97.9474,30.4721],[-97.9376,30.4724],[-97.9339,30.4704],[-97.9337,30.4728],[-97.9313,30.4735],[-97.9275,30.4721],[-97.926,30.4693],[-97.9237,30.4745],[-97.9267,30.4767],[-97.931,30.4764],[-97.9319,30.4785],[-97.9352,30.4781],[-97.9378,30.4746],[-97.9414,30.4767],[-97.9514,30.4724],[-97.9544,30.4771],[-97.9636,30.4799],[-97.9643,30.4819],[-97.9579,30.4806],[-97.9541,30.482],[-97.9485,30.48],[-97.9489,30.4826],[-97.9409,30.4822],[-97.9418,30.4855],[-97.95,30.4861],[-97.9573,30.4837],[-97.9585,30.4846],[-97.9568,30.4858],[-97.9607,30.4883],[-97.9684,30.4847],[-97.9664,30.4874],[-97.9691,30.4919],[-97.9662,30.4905],[-97.9611,30.4925],[-97.9499,30.4899],[-97.949,30.4932],[-97.9414,30.4931],[-97.9416,30.496],[-97.9598,30.4963],[-97.9443,30.4998],[-97.9436,30.5035],[-97.9415,30.5044],[-97.9361,30.4994],[-97.9358,30.5033],[-97.9299,30.5038],[-97.9304,30.4964],[-97.929,30.4953],[-97.9252,30.5005],[-97.9258,30.505],[-97.9174,30.5056],[-97.9168,30.5085],[-97.9235,30.507],[-97.9295,30.5083],[-97.9239,30.5123],[-97.9251,30.5159],[-97.9365,30.5086],[-97.9389,30.5084],[-97.9401,30.5105],[-97.9426,30.5092],[-97.9447,30.5045],[-97.9521,30.5017],[-97.9559,30.5039],[-97.9527,30.5026],[-97.947,30.5078],[-97.9485,30.5099],[-97.9575,30.508],[-97.9559,30.5113],[-97.9506,30.5133],[-97.9557,30.5157],[-97.9596,30.5156],[-97.9621,30.5115],[-97.9667,30.5097],[-97.9639,30.5134],[-97.9672,30.5151],[-97.9764,30.5102],[-97.985,30.509],[-97.9844,30.5111],[-97.9865,30.5128],[-97.9773,30.5131],[-97.9741,30.5159],[-97.9743,30.5174],[-97.9785,30.5172],[-97.9812,30.5197],[-97.98,30.5205],[-97.9772,30.5193],[-97.96,30.5198],[-97.9638,30.5237],[-97.9852,30.5227],[-97.9884,30.5281],[-97.9823,30.5259],[-97.9804,30.5289],[-97.9784,30.5257],[-97.9726,30.5259],[-97.9642,30.5304],[-97.964,30.5318],[-97.9674,30.533],[-97.9739,30.5313],[-97.9742,30.5357],[-97.977,30.5367],[-97.985,30.5348],[-97.9824,30.5394],[-97.9837,30.542],[-97.9876,30.5435],[-97.9667,30.5446],[-97.9706,30.5502],[-97.979,30.5486],[-97.9838,30.5495],[-97.9778,30.5509],[-97.9774,30.5562],[-97.9742,30.5541],[-97.9689,30.5572],[-97.988,30.5654],[-97.976,30.5683],[-97.9772,30.5713],[-97.9856,30.574],[-97.9791,30.5752],[-97.9812,30.5815],[-97.9874,30.5804],[-97.9912,30.5831],[-97.9946,30.5783],[-98.0007,30.5775],[-97.9968,30.5828],[-97.9983,30.5853],[-98.0084,30.5856],[-98.0118,30.5878],[-98.0171,30.586],[-98.0151,30.5891],[-98.0178,30.5902],[-98.0174,30.5921],[-98.0137,30.5896],[-98.0078,30.5915],[-98.0023,30.5902],[-97.9985,30.5935],[-97.999,30.5961],[-98.0019,30.596],[-98.0029,30.5983],[-98.0182,30.6008],[-98.0117,30.6023],[-98.017,30.6114],[-98.0083,30.6046],[-98.0012,30.6034],[-97.9991,30.6],[-97.9954,30.6039],[-97.9941,30.5977],[-97.9884,30.5915],[-97.9846,30.5907],[-97.9799,30.5925],[-97.9854,30.6011],[-97.9808,30.5982],[-97.9767,30.5996],[-97.973,30.5957],[-97.963,30.5922],[-97.9695,30.6053],[-97.9648,30.603],[-97.9622,30.6076],[-97.9598,30.6081],[-97.9628,30.6114],[-97.9672,30.6103],[-97.9669,30.6131],[-97.9722,30.6119],[-97.971,30.6156],[-97.9742,30.6177],[-97.9599,30.6226],[-97.9573,30.6215],[-97.9563,30.6181],[-97.9541,30.6238],[-97.9521,30.6198],[-97.948,30.6182],[-97.9485,30.6138],[-97.944,30.615],[-97.9431,30.6073],[-97.9394,30.6079],[-97.9403,30.6021],[-97.9421,30.6015],[-97.9402,30.5994],[-97.9373,30.5989],[-97.9381,30.6026],[-97.9358,30.6049],[-97.9313,30.5999],[-97.926,30.6035],[-97.9218,30.6019],[-97.9234,30.5974],[-97.9256,30.5965],[-97.9271,30.59],[-97.9241,30.5879],[-97.9242,30.5841],[-97.9273,30.5831],[-97.9249,30.582],[-97.9251,30.5788],[-97.927,30.5795],[-97.9266,30.5763],[-97.9295,30.5788],[-97.9333,30.5773],[-97.9349,30.5791],[-97.9356,30.5755],[-97.9336,30.5732],[-97.9351,30.5702],[-97.9431,30.5635],[-97.9419,30.555],[-97.9383,30.5548],[-97.936,30.557],[-97.9338,30.5541],[-97.9321,30.5389],[-97.9269,30.5349],[-97.9242,30.5352],[-97.9272,30.54],[-97.9256,30.5412],[-97.9284,30.5443],[-97.9244,30.5446],[-97.9241,30.5474],[-97.9192,30.5446],[-97.9172,30.5395],[-97.9135,30.5407],[-97.912,30.5343],[-97.9019,30.5341],[-97.9019,30.5369],[-97.9074,30.5401],[-97.9099,30.544],[-97.9163,30.5441],[-97.9193,30.5543],[-97.9228,30.5575],[-97.9163,30.5531],[-97.9123,30.5457],[-97.9113,30.5483],[-97.9054,30.5463],[-97.9025,30.5491],[-97.9015,30.555],[-97.903,30.5579],[-97.8985,30.5547],[-97.9005,30.5459],[-97.8945,30.538],[-97.8939,30.5324],[-97.8905,30.5323],[-97.8886,30.5356],[-97.886,30.5354],[-97.8851,30.5415],[-97.8832,30.537],[-97.8788,30.5372],[-97.8771,30.5402],[-97.8756,30.5396],[-97.882,30.5346],[-97.8785,30.5312],[-97.8825,30.5323],[-97.8849,30.5303],[-97.8852,30.5262],[-97.8781,30.5244],[-97.8843,30.5222],[-97.8823,30.5178],[-97.8835,30.5145],[-97.8905,30.5207],[-97.8883,30.5163],[-97.889,30.5112],[-97.8907,30.5105],[-97.8915,30.5147],[-97.8945,30.5159],[-97.8967,30.5146],[-97.8971,30.5079],[-97.9037,30.5107],[-97.9046,30.5077],[-97.8988,30.5041],[-97.8992,30.501],[-97.9033,30.5012],[-97.9039,30.4984],[-97.8958,30.4963],[-97.8963,30.4994],[-97.8936,30.5005],[-97.8925,30.5038],[-97.8901,30.5025],[-97.891,30.4974],[-97.888,30.4966],[-97.8808,30.4997],[-97.8836,30.5051],[-97.8786,30.504],[-97.8773,30.5069],[-97.8707,30.5052],[-97.8679,30.5093],[-97.8645,30.506],[-97.8614,30.5059],[-97.8624,30.5036],[-97.8723,30.4997],[-97.8662,30.4943],[-97.8687,30.4924],[-97.8695,30.4952],[-97.8755,30.4978],[-97.8792,30.4955],[-97.8787,30.4911],[-97.8833,30.4926],[-97.8843,30.4893],[-97.8875,30.4909],[-97.8952,30.4871],[-97.8939,30.4855],[-97.8893,30.4857],[-97.8859,30.4826],[-97.8786,30.4816],[-97.8773,30.4789],[-97.8786,30.4769],[-97.8874,30.4802],[-97.8956,30.4786],[-97.8936,30.4742],[-97.8898,30.4756],[-97.8853,30.4708],[-97.8936,30.4678],[-97.8918,30.4654],[-97.8931,30.4639],[-97.8992,30.4669],[-97.9013,30.4662],[-97.8988,30.4615],[-97.8967,30.461],[-97.8973,30.4577],[-97.9084,30.4592],[-97.9088,30.4622],[-97.9147,30.4575],[-97.9112,30.4576],[-97.9108,30.4538],[-97.9068,30.4552],[-97.9053,30.4517],[-97.9037,30.4543],[-97.8996,30.454],[-97.8992,30.4497],[-97.9036,30.4441],[-97.8991,30.4443],[-97.897,30.4398],[-97.8955,30.4432],[-97.897,30.4459],[-97.8925,30.4469],[-97.8954,30.4491],[-97.8927,30.4499],[-97.893,30.454],[-97.8881,30.4512],[-97.8871,30.4475],[-97.8856,30.4484],[-97.8848,30.4509],[-97.8867,30.4519],[-97.887,30.4557],[-97.8906,30.4585],[-97.8868,30.4591],[-97.8886,30.4623],[-97.8812,30.4606],[-97.8804,30.4588],[-97.877,30.459],[-97.8773,30.4618],[-97.8828,30.4645],[-97.8778,30.465],[-97.8804,30.4697],[-97.8758,30.4689],[-97.8757,30.4714],[-97.8707,30.467],[-97.8726,30.4598],[-97.8712,30.4595],[-97.8694,30.4639],[-97.8692,30.4604],[-97.8721,30.4536],[-97.8776,30.4504],[-97.8786,30.4467],[-97.8764,30.4444],[-97.8766,30.4396],[-97.8714,30.4427],[-97.8745,30.4451],[-97.8738,30.4478],[-97.8695,30.4462],[-97.8682,30.4439],[-97.864,30.4478],[-97.8683,30.4505],[-97.8611,30.4505],[-97.8641,30.4552],[-97.8608,30.46],[-97.859,30.452],[-97.8532,30.4529],[-97.8505,30.4595],[-97.8512,30.455],[-97.8491,30.4526],[-97.8439,30.4543],[-97.845,30.4524],[-97.8434,30.4513],[-97.8465,30.449],[-97.8439,30.4476],[-97.8498,30.4456],[-97.8507,30.4479],[-97.8554,30.4491],[-97.8651,30.4392],[-97.8706,30.4369],[-97.8691,30.4354],[-97.8627,30.4358],[-97.8569,30.4374],[-97.8546,30.4403],[-97.8536,30.4356],[-97.8448,30.4355],[-97.8462,30.4315],[-97.8494,30.4318],[-97.8459,30.4251],[-97.849,30.4198],[-97.8491,30.4249],[-97.8571,30.4232],[-97.855,30.4263],[-97.8559,30.4283],[-97.8593,30.4286],[-97.8627,30.4249],[-97.8658,30.4245],[-97.8628,30.4204],[-97.8649,30.4188],[-97.8636,30.415],[-97.8594,30.4161],[-97.8565,30.413],[-97.8629,30.4099],[-97.8569,30.4051],[-97.8606,30.4035],[-97.8587,30.3993],[-97.8631,30.3981],[-97.8641,30.4059],[-97.8693,30.4012],[-97.8684,30.409],[-97.8711,30.4066],[-97.8737,30.4077],[-97.8753,30.4004],[-97.8705,30.3974],[-97.8712,30.3901],[-97.8692,30.3897],[-97.868,30.3926],[-97.8658,30.3913],[-97.8623,30.3935],[-97.8592,30.3875],[-97.8595,30.3909],[-97.8548,30.3908],[-97.8515,30.3965],[-97.8502,30.3914],[-97.8478,30.39],[-97.8522,30.3868],[-97.8518,30.3828],[-97.8557,30.383],[-97.8543,30.3799],[-97.8588,30.3795],[-97.8587,30.3773],[-97.854,30.376],[-97.8543,30.3733],[-97.8514,30.3743],[-97.8477,30.3717],[-97.8455,30.3679],[-97.8427,30.3678],[-97.8379,30.3713],[-97.8343,30.3703],[-97.8287,30.3719],[-97.8299,30.3752],[-97.8405,30.376],[-97.8418,30.3788],[-97.8465,30.379],[-97.8446,30.3809],[-97.8356,30.38],[-97.8362,30.3844],[-97.8237,30.375],[-97.8154,30.3733],[-97.8108,30.3746],[-97.8133,30.3788],[-97.8231,30.3779],[-97.8237,30.3809],[-97.8216,30.3823],[-97.8247,30.3819],[-97.8249,30.3844],[-97.8302,30.385],[-97.8293,30.3869],[-97.8312,30.3887],[-97.8258,30.3876],[-97.8232,30.3884],[-97.8242,30.3913],[-97.82,30.3904],[-97.8157,30.3836],[-97.8057,30.3818],[-97.8075,30.3865],[-97.811,30.3867],[-97.8087,30.388],[-97.8085,30.3936],[-97.8134,30.3938],[-97.8156,30.3969],[-97.8187,30.3968],[-97.8176,30.3992],[-97.8119,30.3968],[-97.8112,30.3986],[-97.804,30.3941],[-97.8018,30.3742],[-97.798,30.3729],[-97.7928,30.3668],[-97.7925,30.3701],[-97.7949,30.3734],[-97.7919,30.3766],[-97.7939,30.38],[-97.7962,30.3794],[-97.7972,30.385],[-97.792,30.3857],[-97.7953,30.3864],[-97.8003,30.3915],[-97.798,30.3927],[-97.7958,30.3905],[-97.7919,30.3916],[-97.7897,30.3877],[-97.7812,30.3823],[-97.7763,30.3827],[-97.7744,30.3859],[-97.7752,30.3881],[-97.7816,30.3903],[-97.784,30.3883],[-97.7867,30.3907],[-97.784,30.3956],[-97.789,30.3955],[-97.7822,30.3981],[-97.7872,30.4006],[-97.7901,30.3994],[-97.7911,30.4005],[-97.7951,30.3971],[-97.7963,30.3988],[-97.7932,30.4028],[-97.7961,30.4028],[-97.7955,30.4049],[-97.7979,30.4041],[-97.7988,30.4064],[-97.8044,30.403],[-97.8066,30.4048],[-97.7969,30.4093],[-97.7966,30.4111],[-97.8002,30.4115],[-97.797,30.4137],[-97.7974,30.4159],[-97.8082,30.4135],[-97.8088,30.4111],[-97.8136,30.4125],[-97.802,30.4183],[-97.8135,30.4193],[-97.8213,30.4157],[-97.8234,30.4117],[-97.8224,30.4074],[-97.8262,30.4064],[-97.8252,30.4101],[-97.828,30.4098],[-97.8272,30.4128],[-97.829,30.4139],[-97.8328,30.4127],[-97.8372,30.4069],[-97.8429,30.4053],[-97.8443,30.4066],[-97.8364,30.4103],[-97.8326,30.4153],[-97.8261,30.4148],[-97.8185,30.4212],[-97.8294,30.42],[-97.8354,30.4162],[-97.8316,30.4211],[-97.8166,30.4235],[-97.8227,30.4279],[-97.8319,30.4276],[-97.8338,30.4299],[-97.828,30.4317],[-97.8248,30.4297],[-97.8217,30.4314],[-97.8213,30.4299],[-97.8198,30.4314],[-97.8194,30.4293],[-97.8144,30.4289],[-97.8132,30.4393],[-97.8112,30.4348],[-97.8119,30.4262],[-97.8045,30.4214],[-97.8027,30.4248],[-97.8015,30.4227],[-97.7996,30.4251],[-97.8018,30.43],[-97.7973,30.4228],[-97.7945,30.4265],[-97.7903,30.428],[-97.7901,30.4322],[-97.7879,30.4295],[-97.7886,30.426],[-97.7918,30.4232],[-97.79,30.4215],[-97.794,30.4182],[-97.7925,30.4149],[-97.7898,30.4155],[-97.7874,30.4124],[-97.7908,30.41],[-97.7879,30.4072],[-97.7855,30.4073],[-97.7836,30.4039],[-97.7808,30.4061],[-97.7803,30.4093],[-97.7783,30.4051],[-97.7795,30.4012],[-97.7752,30.3964],[-97.7724,30.398],[-97.7748,30.4072],[-97.7722,30.4118],[-97.7734,30.407],[-97.769,30.3976],[-97.7719,30.3908],[-97.7691,30.3896],[-97.7664,30.3923],[-97.7615,30.4032],[-97.7627,30.4059],[-97.7594,30.4058],[-97.76,30.4079],[-97.7564,30.4089],[-97.7566,30.4126],[-97.7542,30.4102],[-97.754,30.4071],[-97.7595,30.4018],[-97.7649,30.3881],[-97.7524,30.3874],[-97.7632,30.3842],[-97.7618,30.3779],[-97.7645,30.3809],[-97.7661,30.3805],[-97.766,30.376],[-97.7631,30.3722],[-97.7671,30.3729],[-97.7688,30.3703],[-97.7725,30.3708],[-97.7693,30.3737],[-97.7716,30.3744],[-97.769,30.3769],[-97.7704,30.3793],[-97.7769,30.3752],[-97.7769,30.3688],[-97.7787,30.3679],[-97.7812,30.3699],[-97.7823,30.3678],[-97.7795,30.3651],[-97.7752,30.3653],[-97.7743,30.3678],[-97.7702,30.3651],[-97.7731,30.3609],[-97.7764,30.3602],[-97.7692,30.3563],[-97.7754,30.3499],[-97.7684,30.347],[-97.7676,30.3482],[-97.77,30.3507],[-97.7687,30.3522],[-97.7596,30.3465],[-97.7582,30.3478],[-97.763,30.3534],[-97.7571,30.3516],[-97.7535,30.3458],[-97.7585,30.3416],[-97.7581,30.3401],[-97.7509,30.3436],[-97.7832,30.3026],[-97.806,30.2837],[-97.8238,30.2652],[-97.8376,30.2581],[-97.8467,30.247],[-97.8693,30.2272],[-97.8818,30.2117],[-97.8831,30.2161],[-97.8903,30.2058],[-97.8977,30.2017],[-97.9037,30.1895],[-97.9054,30.1933],[-97.9039,30.1971],[-97.9181,30.1872],[-97.9275,30.1767],[-97.9269,30.1725],[-97.9184,30.1729],[-97.9204,30.1697],[-97.9178,30.1678],[-97.9229,30.1605],[-97.9256,30.1624],[-97.9238,30.1653],[-97.9275,30.1654],[-97.9328,30.1626],[-97.9368,30.1553],[-97.943,30.1538],[-97.9452,30.1515],[-97.9446,30.1562],[-97.9474,30.1587],[-97.9572,30.152],[-97.963,30.1447],[-97.9789,30.1343],[-97.988,30.125],[-97.9911,30.1133],[-97.9907,30.1113],[-97.9873,30.1111],[-97.9892,30.1091],[-97.987,30.1093],[-97.9863,30.1071],[-97.9886,30.1034],[-97.9935,30.102],[-97.9937,30.0973],[-97.9912,30.0966],[-97.9886,30.0986],[-97.9856,30.0975],[-97.9761,30.1027],[-97.9811,30.0972],[-97.9816,30.0932],[-97.9755,30.0892],[-97.9711,30.0937],[-97.9693,30.0918],[-97.9743,30.0867],[-97.9795,30.083],[-97.9817,30.0865],[-97.9832,30.0861],[-97.9858,30.0819],[-97.9908,30.081],[-97.9872,30.078],[-97.9922,30.0715],[-97.9937,30.0755],[-97.9966,30.0712],[-97.9975,30.072],[-97.9942,30.0786],[-98.0028,30.0788],[-98.0011,30.0657],[-98.0078,30.0606],[-98.0096,30.0664],[-98.0122,30.0645],[-98.018,30.0684],[-98.0225,30.0663],[-98.0248,30.0685],[-98.0259,30.0654],[-98.0389,30.0657],[-98.0435,30.0603],[-98.0477,30.0606],[-98.0439,30.0623],[-98.0451,30.0662],[-98.039,30.0692],[-98.0439,30.0714],[-98.041,30.0719],[-98.0421,30.075],[-98.0346,30.0722],[-98.0329,30.0697],[-98.0313,30.0707],[-98.0365,30.0769],[-98.0429,30.0802],[-98.0468,30.08],[-98.0559,30.0741],[-98.0563,30.0754],[-98.0709,30.065],[-98.0742,30.0682],[-98.077,30.066],[-98.0761,30.0616],[-98.0804,30.0589],[-98.0782,30.0567],[-98.0759,30.0586],[-98.0733,30.0429],[-98.071,30.0431],[-98.0726,30.0468],[-98.0695,30.0468],[-98.0679,30.0412],[-98.0642,30.0416],[-98.0653,30.0475],[-98.0713,30.0524],[-98.0699,30.054],[-98.0649,30.0517],[-98.0667,30.0571],[-98.0616,30.0533],[-98.0577,30.0383],[-98.0506,30.0372],[-98.0473,30.0391],[-98.0462,30.0337],[-98.0429,30.0326],[-98.0454,30.0191],[-98.0426,30.0214],[-98.0435,30.0173],[-98.0366,30.019],[-98.043,30.0142],[-98.0462,30.0077],[-98.0457,30.0028],[-98.0423,30.0038],[-98.0434,30.0065],[-98.0376,30.0065],[-98.0413,30.0102],[-98.0387,30.0105],[-98.039,30.0137],[-98.0372,30.0138],[-98.0367,30.0103],[-98.0335,30.0086],[-98.0346,30.0164],[-98.0313,30.0141],[-98.0308,30.0107],[-98.0299,30.0131],[-98.0282,30.012],[-98.0267,30.0136],[-98.0244,30.0131],[-98.0254,30.0087],[-98.0277,30.0072],[-98.0252,30.0045],[-98.0217,30.0064],[-98.0225,30.0006],[-98.0082,29.9996],[-98.0067,30.0027],[-97.9987,29.997],[-97.9945,30.0],[-97.9947,30.0031],[-97.9881,30.0056],[-97.9872,30.0094],[-97.9821,30.0073],[-97.9648,30.011],[-97.9685,30.0077],[-97.9906,30.0007],[-97.9961,29.9926],[-98.0007,29.9922],[-98.0023,29.9949],[-98.0053,29.9952],[-98.0048,29.9912],[-98.0114,29.9851],[-98.0373,29.9683],[-98.0397,29.9675],[-98.0405,29.9692],[-98.0371,29.9698],[-98.0386,29.9727],[-98.0338,29.9711],[-98.0315,29.973],[-98.0322,29.9749],[-98.0292,29.9746],[-98.0273,29.9762],[-98.0285,29.9774],[-98.0211,29.9811],[-98.025,29.9818],[-98.0354,29.9766],[-98.0365,29.9784],[-98.0395,29.9775],[-98.0387,29.9793],[-98.0405,29.9796],[-98.0426,29.973],[-98.0472,29.9753],[-98.0523,29.9727],[-98.0493,29.9779],[-98.0528,29.9777],[-98.0536,29.9747],[-98.0565,29.9754],[-98.0589,29.9675],[-98.0618,29.9657],[-98.0633,29.9665],[-98.0612,29.9697],[-98.0659,29.9703],[-98.0617,29.9736],[-98.0658,29.9766],[-98.0674,29.9706],[-98.07,29.9704],[-98.0675,29.9646],[-98.0691,29.9611],[-98.0709,29.9622],[-98.0709,29.9662],[-98.0728,29.9666],[-98.0727,29.9624],[-98.0747,29.9608],[-98.0786,29.9595],[-98.0792,29.9618],[-98.0829,29.9622],[-98.0825,29.9598],[-98.0786,29.9584],[-98.0813,29.9577],[-98.0798,29.955],[-98.0809,29.953],[-98.084,29.9516],[-98.0841,29.956],[-98.0874,29.9577],[-98.0882,29.953],[-98.0905,29.9511],[-98.0932,29.9565],[-98.0965,29.9538],[-98.0964,29.9495],[-98.0994,29.9511],[-98.1044,29.9474],[-98.1065,29.9487],[-98.1037,29.9495],[-98.1064,29.9509],[-98.1035,29.9519],[-98.1005,29.9575],[-98.1015,29.9586],[-98.1049,29.9573],[-98.1055,29.9593],[-98.1026,29.963],[-98.1059,29.9656],[-98.1085,29.9527],[-98.1099,29.9544],[-98.1107,29.9522],[-98.1126,29.9531],[-98.1119,29.9583],[-98.1151,29.9556],[-98.1176,29.9584],[-98.1174,29.9525],[-98.1141,29.9456],[-98.1175,29.9439],[-98.1179,29.9396],[-98.1222,29.9393],[-98.129,29.9429],[-98.1295,29.9397],[-98.1329,29.9398],[-98.1361,29.9436],[-98.1407,29.9408],[-98.1431,29.9437],[-98.1459,29.9413],[-98.1481,29.9418],[-98.1515,29.9356],[-98.1576,29.9337],[-98.1548,29.933],[-98.1583,29.9322],[-98.1596,29.9297],[-98.1577,29.9255],[-98.1546,29.9253],[-98.1536,29.9226],[-98.1497,29.9253],[-98.1538,29.918],[-98.1518,29.9162],[-98.1541,29.9137],[-98.1495,29.9156],[-98.1503,29.9119],[-98.1467,29.9117],[-98.1492,29.9077],[-98.1549,29.9092],[-98.1512,29.905],[-98.1542,29.9047],[-98.1546,29.9025],[-98.1503,29.9027],[-98.1495,29.8997],[-98.1518,29.8967],[-98.1472,29.8978],[-98.1466,29.8949],[-98.1419,29.8961],[-98.1427,29.8996],[-98.1472,29.9022],[-98.1424,29.9045],[-98.1428,29.91],[-98.1383,29.9065],[-98.1398,29.9032],[-98.1382,29.9003],[-98.1354,29.903],[-98.1341,29.9002],[-98.1322,29.9003],[-98.1231,29.9047],[-98.1271,29.9066],[-98.1177,29.9083],[-98.1136,29.9133],[-98.1145,29.9151],[-98.1232,29.9149],[-98.1315,29.9109],[-98.1287,29.9141],[-98.1298,29.9167],[-98.1268,29.9181],[-98.1259,29.9226],[-98.1295,29.9253],[-98.1263,29.9263],[-98.1261,29.9297],[-98.1221,29.9199],[-98.1181,29.9199],[-98.1149,29.9245],[-98.1096,29.9197],[-98.1049,29.9228],[-98.1004,29.9221],[-98.1179,29.9064],[-98.136,29.8956],[-98.1338,29.8958],[-98.1361,29.8919],[-98.1353,29.8897],[-98.1389,29.8902],[-98.1409,29.8875],[-98.1399,29.8847],[-98.1422,29.8854],[-98.1455,29.8834],[-98.1495,29.875],[-98.1555,29.8726],[-98.1535,29.8715],[-98.1452,29.8747],[-98.1556,29.8664],[-98.1533,29.8651],[-98.1511,29.8683],[-98.1497,29.8671],[-98.1457,29.8686],[-98.1456,29.8728],[-98.1433,29.8756],[-98.1391,29.8784],[-98.1353,29.8779],[-98.1363,29.8756],[-98.1398,29.8759],[-98.1396,29.8708],[-98.1436,29.8709],[-98.1436,29.8655],[-98.1379,29.8642],[-98.1385,29.8621],[-98.1484,29.8632],[-98.1538,29.8601],[-98.1482,29.8619],[-98.1465,29.8583],[-98.1398,29.8555],[-98.1295,29.8624],[-98.1282,29.8612],[-98.1512,29.8482],[-98.1458,29.8525],[-98.1503,29.8549],[-98.1526,29.8533],[-98.1538,29.8546],[-98.159,29.8467],[-98.1539,29.8468],[-98.1615,29.8426],[-98.164,29.8343],[-98.1616,29.8333],[-98.1439,29.8417],[-98.1507,29.8363],[-98.1501,29.8328],[-98.1535,29.8349],[-98.1601,29.8305],[-98.1599,29.8275],[-98.1573,29.826],[-98.1579,29.8226],[-98.1626,29.8269],[-98.1639,29.8208],[-98.1693,29.8179],[-98.1695,29.8162],[-98.1724,29.8162],[-98.1743,29.8131],[-98.1725,29.8038],[-98.1704,29.8056],[-98.1653,29.8058],[-98.1647,29.8084],[-98.163,29.8071],[-98.1555,29.8074],[-98.1395,29.8138],[-98.1437,29.8112],[-98.1434,29.8079],[-98.1464,29.8063],[-98.1459,29.7986],[-98.1476,29.7902],[-98.1503,29.7889],[-98.1502,29.784],[-98.1575,29.78],[-98.1612,29.7748],[-98.1595,29.781],[-98.1534,29.7837],[-98.1521,29.7864],[-98.1524,29.788],[-98.1566,29.7857],[-98.1627,29.7906],[-98.1571,29.7888],[-98.1567,29.7912],[-98.1539,29.7885],[-98.1506,29.8027],[-98.1557,29.804],[-98.1612,29.7999],[-98.1603,29.8026],[-98.1627,29.8033],[-98.1713,29.7998],[-98.1791,29.8042],[-98.1893,29.7993],[-98.1887,29.8017],[-98.1807,29.8079],[-98.1807,29.8107],[-98.185,29.8134],[-98.1863,29.8094],[-98.1961,29.8062],[-98.1938,29.815],[-98.1997,29.8106],[-98.2016,29.812],[-98.2035,29.8043],[-98.2106,29.8023],[-98.2107,29.8057],[-98.2162,29.8044],[-98.2241,29.8053],[-98.2526,29.7793],[-98.2513,29.7842],[-98.2467,29.7868],[-98.2298,29.804],[-98.2309,29.8058],[-98.2346,29.8051],[-98.2325,29.8071],[-98.2342,29.8099],[-98.2379,29.8074],[-98.2404,29.8082],[-98.2495,29.8059],[-98.2511,29.8126],[-98.2657,29.8018],[-98.2677,29.8045],[-98.2635,29.8059],[-98.2674,29.8122],[-98.2593,29.8088],[-98.2588,29.8133],[-98.2557,29.8111],[-98.2559,29.8144],[-98.2509,29.8151],[-98.2474,29.8215],[-98.2518,29.8207],[-98.2526,29.8183],[-98.2572,29.8189],[-98.2579,29.8171],[-98.264,29.8159],[-98.2662,29.8136],[-98.2676,29.815],[-98.271,29.8129],[-98.2736,29.8139],[-98.2805,29.8092],[-98.2813,29.8126],[-98.2892,29.81],[-98.2881,29.8142],[-98.3103,29.8061],[-98.3228,29.8065],[-98.3211,29.8043],[-98.3161,29.8055],[-98.3168,29.801],[-98.3254,29.7983],[-98.3235,29.7952],[-98.3264,29.7915],[-98.3198,29.7925],[-98.323,29.7858],[-98.3172,29.7882],[-98.3157,29.7837],[-98.3128,29.7853],[-98.3136,29.7911],[-98.3118,29.789],[-98.3089,29.7915],[-98.3075,29.7849],[-98.3046,29.7847],[-98.3037,29.7892],[-98.2991,29.7904],[-98.2994,29.7959],[-98.3039,29.8002],[-98.3114,29.7993],[-98.3021,29.8069],[-98.2972,29.808],[-98.2928,29.8058],[-98.2941,29.8003],[-98.2926,29.7991],[-98.2911,29.8008],[-98.2872,29.8003],[-98.2891,29.7937],[-98.2865,29.7917],[-98.2826,29.7931],[-98.2832,29.7963],[-98.2778,29.796],[-98.2787,29.8014],[-98.2805,29.8024],[-98.2786,29.8045],[-98.2733,29.8008],[-98.268,29.8002],[-98.2789,29.7916],[-98.3079,29.7802],[-98.3165,29.7751],[-98.3242,29.7624],[-98.3159,29.7621],[-98.3172,29.7591],[-98.3139,29.7511],[-98.3091,29.7548],[-98.3098,29.7495],[-98.3082,29.7472],[-98.3054,29.747],[-98.3045,29.7407],[-98.2987,29.7458],[-98.2993,29.7522],[-98.2978,29.7525],[-98.2965,29.749],[-98.2932,29.749],[-98.2912,29.7507],[-98.2916,29.7557],[-98.2891,29.7534],[-98.286,29.7538],[-98.2851,29.7573],[-98.2801,29.76],[-98.2836,29.7649],[-98.2768,29.7636],[-98.2729,29.7651],[-98.2883,29.7497],[-98.3178,29.7317],[-98.3204,29.7333],[-98.3192,29.7346],[-98.3221,29.7382],[-98.3218,29.7409],[-98.3187,29.7439],[-98.3125,29.7446],[-98.3161,29.7463],[-98.3171,29.75],[-98.3194,29.7504],[-98.3191,29.7552],[-98.3214,29.7569],[-98.3272,29.7568],[-98.3298,29.7534],[-98.3292,29.7584],[-98.3375,29.7585],[-98.3335,29.7641],[-98.3304,29.7643],[-98.3229,29.7711],[-98.3252,29.7719],[-98.3407,29.7621],[-98.3484,29.7522],[-98.3459,29.7499],[-98.3537,29.7443],[-98.3519,29.7432],[-98.3529,29.7403],[-98.358,29.738],[-98.358,29.7349],[-98.3612,29.7354],[-98.3637,29.7329],[-98.3582,29.7329],[-98.3461,29.7444],[-98.3427,29.7451],[-98.341,29.7474],[-98.3366,29.7474],[-98.3546,29.7326],[-98.3478,29.7272],[-98.3382,29.726],[-98.3373,29.7159],[-98.3333,29.7165],[-98.332,29.7111],[-98.3345,29.7109],[-98.3359,29.7133],[-98.3455,29.7046],[-98.3585,29.7018],[-98.358,29.6986],[-98.3614,29.7012],[-98.3635,29.7],[-98.3711,29.7019],[-98.3753,29.7012],[-98.3758,29.695],[-98.3731,29.6964],[-98.3714,29.6929],[-98.3733,29.6922],[-98.3736,29.6854],[-98.3786,29.6782],[-98.3797,29.6672],[-98.3833,29.6643],[-98.3862,29.664],[-98.3833,29.6676],[-98.3852,29.6715],[-98.3883,29.6701],[-98.3859,29.6742],[-98.3923,29.6737],[-98.3948,29.6694],[-98.3979,29.6684],[-98.4008,29.6731],[-98.3972,29.6715],[-98.3952,29.6747],[-98.4045,29.678],[-98.4019,29.6813],[-98.4057,29.6815],[-98.4069,29.6848],[-98.4124,29.6841],[-98.4147,29.6876],[-98.4213,29.6885],[-98.4169,29.6908],[-98.4205,29.6961],[-98.4246,29.6855],[-98.4409,29.6745],[-98.441,29.677],[-98.445,29.6787],[-98.4447,29.6813],[-98.4479,29.6827],[-98.4465,29.6856],[-98.451,29.6862],[-98.4478,29.6883],[-98.4539,29.6946],[-98.4522,29.7006],[-98.455,29.7005],[-98.4899,29.6814],[-98.5111,29.6638],[-98.5476,29.6429],[-98.5611,29.6302],[-98.5743,29.6245],[-98.5739,29.6274],[-98.5801,29.6268],[-98.5774,29.6322],[-98.5846,29.6304],[-98.585,29.6288],[-98.5901,29.6277],[-98.5879,29.6259],[-98.5905,29.6243],[-98.5863,29.6238],[-98.5882,29.6189],[-98.5955,29.6176],[-98.5981,29.619],[-98.6043,29.6188],[-98.5982,29.617],[-98.6048,29.614],[-98.6073,29.6154],[-98.6195,29.6128],[-98.6236,29.6091],[-98.6212,29.6074],[-98.6315,29.602],[-98.6365,29.6069],[-98.635,29.6086],[-98.6313,29.6045],[-98.6295,29.6046],[-98.632,29.6093],[-98.6297,29.6107],[-98.6388,29.6133],[-98.6395,29.6155],[-98.6424,29.6163],[-98.6397,29.6186],[-98.6466,29.618],[-98.6501,29.6194],[-98.6474,29.6212],[-98.6499,29.6252],[-98.6546,29.6228],[-98.6569,29.6235],[-98.6523,29.6272],[-98.6555,29.6287],[-98.6589,29.635],[-98.6543,29.6357],[-98.6543,29.6324],[-98.652,29.6313],[-98.6506,29.6322],[-98.6526,29.6344],[-98.6464,29.6389],[-98.6459,29.6348],[-98.6487,29.6284],[-98.646,29.6285],[-98.646,29.6262],[-98.6419,29.6241],[-98.6431,29.6308],[-98.6414,29.6332],[-98.6386,29.6322],[-98.6387,29.629],[-98.635,29.6278],[-98.6374,29.6216],[-98.6347,29.6205],[-98.6342,29.6178],[-98.6324,29.6191],[-98.6311,29.6173],[-98.6298,29.6187],[-98.6323,29.6236],[-98.6313,29.6253],[-98.6287,29.6232],[-98.6269,29.6252],[-98.6251,29.6235],[-98.6237,29.6254],[-98.6202,29.6242],[-98.6261,29.62],[-98.6238,29.6188],[-98.6262,29.6173],[-98.6239,29.6132],[-98.6225,29.6156],[-98.6175,29.6169],[-98.6196,29.6182],[-98.619,29.6198],[-98.6125,29.6197],[-98.6149,29.6214],[-98.613,29.6235],[-98.6186,29.6239],[-98.6204,29.6267],[-98.6256,29.6274],[-98.6209,29.6323],[-98.6264,29.6308],[-98.6274,29.6342],[-98.6316,29.6357],[-98.6288,29.6399],[-98.6304,29.642],[-98.6334,29.6394],[-98.6367,29.6415],[-98.6407,29.64],[-98.6396,29.6426],[-98.6412,29.6444],[-98.6447,29.6426],[-98.6541,29.642],[-98.6543,29.6438],[-98.6517,29.6447],[-98.6524,29.6462],[-98.6618,29.6493],[-98.6597,29.6502],[-98.66,29.6524],[-98.6561,29.6508],[-98.6549,29.6518],[-98.6506,29.6475],[-98.6451,29.6468],[-98.6467,29.6499],[-98.6534,29.6534],[-98.6512,29.6554],[-98.6426,29.6539],[-98.6384,29.6494],[-98.6374,29.6512],[-98.6397,29.6538],[-98.6353,29.6552],[-98.6363,29.6598],[-98.6393,29.6585],[-98.641,29.6598],[-98.6452,29.6564],[-98.6477,29.6562],[-98.6481,29.6582],[-98.6625,29.6548],[-98.6681,29.6516],[-98.6701,29.6484],[-98.6705,29.6467],[-98.6672,29.6446],[-98.6695,29.6417],[-98.666,29.6403],[-98.6636,29.6465],[-98.662,29.6398],[-98.6569,29.6392],[-98.6605,29.6359],[-98.664,29.6357],[-98.6637,29.632],[-98.6662,29.6327],[-98.6682,29.6303],[-98.6667,29.6291],[-98.6709,29.6269],[-98.6695,29.6246],[-98.671,29.6209],[-98.6667,29.6243],[-98.6619,29.6252],[-98.6671,29.621],[-98.67,29.6149],[-98.6731,29.6162],[-98.6754,29.6123],[-98.6804,29.6102],[-98.676,29.6063],[-98.6762,29.604],[-98.6837,29.5991],[-98.6841,29.596],[-98.6816,29.5963],[-98.6805,29.5943],[-98.6852,29.5901],[-98.6852,29.5877],[-98.6832,29.587],[-98.6849,29.5841],[-98.6824,29.5833],[-98.6873,29.5802],[-98.6857,29.5741],[-98.689,29.5672],[-98.7005,29.5643],[-98.7008,29.5676],[-98.6968,29.5683],[-98.6945,29.5734],[-98.6986,29.5767],[-98.7085,29.5786],[-98.7087,29.5801],[-98.705,29.5803],[-98.7059,29.5834],[-98.7039,29.5868],[-98.7049,29.5885],[-98.7088,29.5875],[-98.7079,29.5935],[-98.7126,29.5909],[-98.7176,29.5914],[-98.7189,29.588],[-98.7235,29.5882],[-98.7196,29.5934],[-98.7261,29.6015],[-98.7197,29.6002],[-98.7191,29.5971],[-98.7157,29.5944],[-98.7154,29.5992],[-98.7131,29.598],[-98.7105,29.6001],[-98.7122,29.6041],[-98.7217,29.6065],[-98.7249,29.6109],[-98.7356,29.6087],[-98.7323,29.6129],[-98.7382,29.6141],[-98.8047,29.587],[-98.8025,29.5823],[-98.8087,29.5765],[-98.8078,29.57],[-98.8112,29.5659],[-98.8103,29.5636],[-98.8197,29.5625],[-98.821,29.558],[-98.8254,29.5549],[-98.824,29.5513],[-98.8181,29.5468],[-98.8186,29.5396],[-98.8217,29.5448],[-98.8307,29.544],[-98.8355,29.5462],[-98.8388,29.5506],[-98.8399,29.5553],[-98.8363,29.5581],[-98.8427,29.5605],[-98.8338,29.5617],[-98.8305,29.5665],[-98.8363,29.5676],[-98.8382,29.5707],[-98.8496,29.5662],[-98.8491,29.5691],[-98.8457,29.57],[-98.8482,29.5723],[-98.8428,29.572],[-98.8394,29.5739],[-98.847,29.5742],[-98.8454,29.5758],[-98.8509,29.5777],[-98.854,29.5762],[-98.8569,29.579],[-98.8553,29.5805],[-98.849,29.5799],[-98.8506,29.5811],[-98.8457,29.5849],[-98.8446,29.5791],[-98.8399,29.5783],[-98.8386,29.5799],[-98.8412,29.5816],[-98.8417,29.587],[-98.839,29.5838],[-98.8336,29.5854],[-98.8347,29.5805],[-98.8342,29.5784],[-98.8308,29.5775],[-98.8317,29.5736],[-98.8281,29.5762],[-98.8255,29.5717],[-98.8235,29.5743],[-98.8246,29.5807],[-98.8205,29.5789],[-98.8183,29.5811],[-98.8159,29.5794],[-98.8149,29.5835],[-98.8164,29.5849],[-98.8197,29.5837],[-98.8217,29.5857],[-98.8254,29.5854],[-98.8303,29.5905],[-98.8377,29.5898],[-98.8381,29.5927],[-98.8279,29.5937],[-98.824,29.5992],[-98.8257,29.6002],[-98.8304,29.5984],[-98.8289,29.6029],[-98.8305,29.6046],[-98.8328,29.6032],[-98.833,29.5992],[-98.8364,29.599],[-98.842,29.6056],[-98.8455,29.6051],[-98.8451,29.6087],[-98.8511,29.6094],[-98.8517,29.6117],[-98.8472,29.6147],[-98.8508,29.6137],[-98.85,29.6166],[-98.8515,29.6162],[-98.8521,29.6182],[-98.8541,29.6186],[-98.8557,29.6165],[-98.8582,29.6188],[-98.8518,29.6215],[-98.8516,29.6255],[-98.8557,29.6249],[-98.8658,29.6169],[-98.8665,29.6142],[-98.859,29.6179],[-98.8586,29.6155],[-98.8556,29.6143],[-98.8607,29.614],[-98.8617,29.6112],[-98.8671,29.6106],[-98.867,29.6086],[-98.8777,29.606],[-98.8826,29.6026],[-98.8766,29.6047],[-98.8801,29.6006],[-98.8864,29.6011],[-98.8897,29.5977],[-98.8951,29.5975],[-98.8929,29.5951],[-98.8986,29.5945],[-98.8987,29.592],[-98.8951,29.5914],[-98.893,29.5931],[-98.8937,29.589],[-98.8892,29.5898],[-98.8899,29.5941],[-98.8868,29.5928],[-98.8879,29.5954],[-98.885,29.5962],[-98.8852,29.5981],[-98.8823,29.5969],[-98.878,29.5997],[-98.878,29.5964],[-98.8822,29.5934],[-98.8794,29.5933],[-98.8771,29.5908],[-98.8756,29.5987],[-98.8734,29.5968],[-98.874,29.6016],[-98.872,29.601],[-98.8721,29.6038],[-98.8698,29.6039],[-98.8683,29.5985],[-98.8703,29.5955],[-98.8698,29.5913],[-98.8666,29.5939],[-98.867,29.6024],[-98.8638,29.6069],[-98.8626,29.6031],[-98.8588,29.6063],[-98.8587,29.6021],[-98.8557,29.6028],[-98.8644,29.598],[-98.8622,29.5959],[-98.8592,29.5974],[-98.8586,29.5946],[-98.8605,29.5929],[-98.8562,29.5935],[-98.8573,29.5995],[-98.8539,29.5999],[-98.8527,29.5954],[-98.8495,29.5963],[-98.8506,29.6015],[-98.8531,29.6034],[-98.852,29.6065],[-98.8479,29.5998],[-98.8439,29.6008],[-98.8442,29.5977],[-98.8471,29.5963],[-98.8487,29.5923],[-98.8423,29.5912],[-98.8529,29.5883],[-98.8565,29.5866],[-98.8575,29.5839],[-98.8612,29.5845],[-98.8622,29.5824],[-98.8641,29.5848],[-98.8669,29.5846],[-98.8673,29.5821],[-98.8698,29.5839],[-98.8708,29.5822],[-98.8791,29.584],[-98.8804,29.5824],[-98.8775,29.5783],[-98.8805,29.5786],[-98.8835,29.5822],[-98.8853,29.5806],[-98.8901,29.5813],[-98.8885,29.5786],[-98.8924,29.5793],[-98.894,29.5752],[-98.8861,29.5767],[-98.8878,29.5736],[-98.8836,29.573],[-98.8809,29.5752],[-98.8817,29.5704],[-98.888,29.5684],[-98.8891,29.57],[-98.8928,29.5683],[-98.8962,29.5702],[-98.9012,29.5672],[-98.8968,29.5663],[-98.9008,29.5613],[-98.9028,29.561],[-98.9027,29.5631],[-98.9051,29.5625],[-98.9059,29.5642],[-98.9076,29.5615],[-98.906,29.5586],[-98.9095,29.558],[-98.9107,29.5614],[-98.9136,29.5585],[-98.9102,29.5556],[-98.9064,29.5556],[-98.9007,29.557],[-98.9021,29.5588],[-98.8995,29.5609],[-98.8965,29.5573],[-98.8929,29.5582],[-98.8911,29.561],[-98.8886,29.5581],[-98.8974,29.5533],[-98.894,29.5516],[-98.8977,29.5453],[-98.9022,29.5429],[-98.9001,29.548],[-98.9026,29.5543],[-98.9133,29.5517],[-98.9175,29.5527],[-98.9261,29.5489],[-98.926,29.5455],[-98.9321,29.5397],[-98.934,29.5306],[-98.9381,29.5382],[-98.9343,29.5407],[-98.9335,29.5514],[-98.9348,29.5529],[-98.9299,29.5558],[-98.9308,29.5571],[-98.9398,29.5565],[-98.9451,29.5528],[-98.9463,29.555],[-98.9514,29.5518],[-98.9597,29.5528],[-98.9621,29.5499],[-98.9613,29.5484],[-98.9649,29.5483],[-98.9644,29.5522],[-98.9724,29.5493],[-98.979,29.5507],[-98.98,29.5482],[-98.9814,29.5511],[-98.984,29.5506],[-98.9836,29.5546],[-98.9864,29.5551],[-98.996,29.5491],[-98.9977,29.5517],[-99.0,29.552]],[[-98.3364,31.5139],[-98.3424,31.5162],[-98.3363,31.5158],[-98.3329,31.5176],[-98.3293,31.515],[-98.3253,31.5183],[-98.3267,31.5217],[-98.3298,31.5226],[-98.3278,31.5236],[-98.3302,31.5286],[-98.34,31.527],[-98.3363,31.5311],[-98.3309,31.5311],[-98.3332,31.5358],[-98.3308,31.5374],[-98.3338,31.5388],[-98.3309,31.5399],[-98.3356,31.5405],[-98.3406,31.5461],[-98.3326,31.5478],[-98.3285,31.54],[-98.328,31.5318],[-98.3259,31.5298],[-98.324,31.5304],[-98.3223,31.537],[-98.3214,31.532],[-98.3174,31.532],[-98.3183,31.5239],[-98.3154,31.5219],[-98.3126,31.5136],[-98.3093,31.5149],[-98.3094,31.5113],[-98.3056,31.5059],[-98.302,31.5051],[-98.3017,31.5089],[-98.2987,31.5036],[-98.2972,31.5068],[-98.2949,31.5029],[-98.2918,31.5039],[-98.2907,31.501],[-98.2884,31.5013],[-98.2855,31.4988],[-98.2874,31.5051],[-98.2862,31.5101],[-98.2827,31.5054],[-98.2792,31.5078],[-98.2772,31.5071],[-98.2803,31.5042],[-98.2807,31.4971],[-98.2783,31.4994],[-98.277,31.4984],[-98.2757,31.4907],[-98.2729,31.4925],[-98.2702,31.4863],[-98.2672,31.4845],[-98.2655,31.4892],[-98.2678,31.5016],[-98.2653,31.5083],[-98.2632,31.5072],[-98.2627,31.5007],[-98.2608,31.5013],[-98.2585,31.4991],[-98.2627,31.4975],[-98.2622,31.4915],[-98.2562,31.4933],[-98.2549,31.4918],[-98.2571,31.4892],[-98.2568,31.4859],[-98.2606,31.4865],[-98.2591,31.4826],[-98.2554,31.4791],[-98.2532,31.4798],[-98.2539,31.4756],[-98.2495,31.4708],[-98.2438,31.4756],[-98.2447,31.4821],[-98.2431,31.4816],[-98.2418,31.4765],[-98.2389,31.4754],[-98.2378,31.477],[-98.2365,31.4741],[-98.2403,31.4737],[-98.2433,31.4676],[-98.2418,31.4675],[-98.2419,31.4624],[-98.2347,31.4639],[-98.2374,31.4567],[-98.2313,31.4602],[-98.2295,31.4597],[-98.2332,31.4567],[-98.2339,31.4506],[-98.2284,31.4531],[-98.2287,31.4467],[-98.2236,31.4548],[-98.2214,31.4428],[-98.2191,31.4439],[-98.2167,31.4424],[-98.2156,31.4456],[-98.2134,31.4436],[-98.2121,31.4458],[-98.2163,31.4534],[-98.2119,31.4525],[-98.2173,31.4602],[-98.2153,31.463],[-98.2223,31.4648],[-98.2139,31.4664],[-98.2135,31.468],[-98.2185,31.4714],[-98.2126,31.4702],[-98.2125,31.4789],[-98.21,31.4731],[-98.2081,31.4734],[-98.2104,31.4632],[-98.2081,31.4584],[-98.2057,31.4659],[-98.1993,31.4694],[-98.1987,31.4732],[-98.1924,31.471],[-98.1989,31.4663],[-98.1971,31.4616],[-98.1997,31.4632],[-98.2022,31.4621],[-98.2012,31.4586],[-98.2028,31.4552],[-98.196,31.4552],[-98.2,31.4524],[-98.2014,31.4484],[-98.1987,31.447],[-98.1953,31.4489],[-98.1971,31.4439],[-98.1922,31.4435],[-98.1962,31.4405],[-98.1993,31.4413],[-98.1989,31.4396],[-98.2018,31.4385],[-98.1967,31.4314],[-98.1932,31.434],[-98.1937,31.428],[-98.1882,31.4329],[-98.1899,31.4228],[-98.1873,31.4201],[-98.1853,31.422],[-98.1835,31.4204],[-98.1804,31.4242],[-98.1819,31.4267],[-98.1851,31.4269],[-98.1846,31.4299],[-98.1788,31.4333],[-98.1803,31.4358],[-98.1776,31.4373],[-98.1778,31.4417],[-98.1739,31.4451],[-98.1716,31.441],[-98.1736,31.44],[-98.1721,31.4382],[-98.1747,31.4277],[-98.1694,31.4292],[-98.1683,31.4317],[-98.1675,31.4294],[-98.1734,31.4251],[-98.17,31.4206],[-98.1734,31.4201],[-98.1763,31.4167],[-98.1687,31.4155],[-98.1687,31.4136],[-98.1722,31.412],[-98.1718,31.4084],[-98.1797,31.4089],[-98.1797,31.404],[-98.1759,31.3961],[-98.1729,31.4008],[-98.1703,31.3991],[-98.1664,31.402],[-98.1674,31.4048],[-98.1637,31.4042],[-98.1638,31.4013],[-98.1614,31.4021],[-98.1603,31.4006],[-98.1613,31.3982],[-98.1655,31.3982],[-98.1677,31.3948],[-98.165,31.3954],[-98.1645,31.3918],[-98.162,31.3913],[-98.1624,31.3877],[-98.1698,31.3896],[-98.1723,31.3881],[-98.1674,31.3824],[-98.1688,31.3791],[-98.165,31.3812],[-98.1645,31.378],[-98.161,31.3787],[-98.1593,31.3748],[-98.158,31.3805],[-98.1557,31.381],[-98.1553,31.391],[-98.153,31.3912],[-98.154,31.3864],[-98.1518,31.3841],[-98.1495,31.3871],[-98.1472,31.387],[-98.1482,31.3821],[-98.1468,31.3809],[-98.1507,31.3793],[-98.153,31.3737],[-98.1396,31.3756],[-98.1413,31.3744],[-98.1404,31.372],[-98.1443,31.3713],[-98.1439,31.3693],[-98.1479,31.3692],[-98.1463,31.3681],[-98.1469,31.3652],[-98.1529,31.3677],[-98.1486,31.3618],[-98.1501,31.3582],[-98.1556,31.3639],[-98.1596,31.3598],[-98.1629,31.3636],[-98.163,31.3592],[-98.1559,31.3549],[-98.1575,31.3529],[-98.155,31.3497],[-98.1574,31.3488],[-98.1586,31.3445],[-98.1551,31.347],[-98.1516,31.3449],[-98.1524,31.3433],[-98.1486,31.3434],[-98.1477,31.3494],[-98.1473,31.3473],[-98.1437,31.3471],[-98.1453,31.3447],[-98.142,31.3453],[-98.1414,31.3437],[-98.1455,31.3418],[-98.144,31.3407],[-98.145,31.3391],[-98.1489,31.3391],[-98.1503,31.3352],[-98.1574,31.3355],[-98.1611,31.3337],[-98.1533,31.3338],[-98.153,31.329],[-98.1566,31.3284],[-98.1557,31.316],[-98.1534,31.3158],[-98.152,31.323],[-98.1478,31.3205],[-98.1449,31.3276],[-98.1442,31.3257],[-98.1415,31.3259],[-98.1436,31.3225],[-98.1407,31.3152],[-98.1357,31.3212],[-98.131,31.3231],[-98.1308,31.3288],[-98.1354,31.3361],[-98.1293,31.3319],[-98.1235,31.3369],[-98.1264,31.3284],[-98.1197,31.3296],[-98.1246,31.3225],[-98.1187,31.3231],[-98.1166,31.3199],[-98.119,31.3207],[-98.1217,31.3181],[-98.1256,31.3185],[-98.1215,31.3134],[-98.1255,31.3121],[-98.1216,31.3096],[-98.1179,31.3109],[-98.1186,31.3088],[-98.1147,31.3075],[-98.1216,31.3032],[-98.1231,31.305],[-98.1253,31.3045],[-98.126,31.3019],[-98.1307,31.3083],[-98.1318,31.3043],[-98.1301,31.2997],[-98.1322,31.2961],[-98.1274,31.2966],[-98.1281,31.2917],[-98.1265,31.2917],[-98.1211,31.2989],[-98.1207,31.2963],[-98.1186,31.2956],[-98.1187,31.2907],[-98.1149,31.289],[-98.1154,31.2934],[-98.1122,31.2955],[-98.1112,31.2919],[-98.1095,31.2935],[-98.1084,31.2919],[-98.1059,31.2931],[-98.1079,31.2879],[-98.102,31.2876],[-98.1024,31.2833],[-98.0995,31.286],[-98.0972,31.285],[-98.0961,31.2775],[-98.0925,31.28],[-98.0939,31.2961],[-98.0905,31.295],[-98.0907,31.2922],[-98.0864,31.2916],[-98.0875,31.2881],[-98.0858,31.2841],[-98.0826,31.2879],[-98.0819,31.2799],[-98.0765,31.2819],[-98.0779,31.2736],[-98.0811,31.2744],[-98.0821,31.2726],[-98.0773,31.2687],[-98.0806,31.2679],[-98.0794,31.2656],[-98.081,31.2633],[-98.0856,31.2635],[-98.0841,31.2577],[-98.0783,31.2555],[-98.0818,31.2529],[-98.0813,31.2483],[-98.0837,31.2462],[-98.0819,31.2432],[-98.0788,31.2445],[-98.077,31.2511],[-98.0745,31.2508],[-98.073,31.2527],[-98.0718,31.2506],[-98.0737,31.2481],[-98.0684,31.2472],[-98.069,31.2437],[-98.0623,31.2494],[-98.061,31.248],[-98.0628,31.2457],[-98.061,31.2436],[-98.063,31.242],[-98.0614,31.2408],[-98.0661,31.2389],[-98.0612,31.2381],[-98.0648,31.2333],[-98.0638,31.2299],[-98.0697,31.2287],[-98.0665,31.224],[-98.0696,31.2239],[-98.07,31.2194],[-98.0646,31.2218],[-98.0629,31.2202],[-98.0643,31.2158],[-98.0607,31.2137],[-98.0655,31.2123],[-98.0664,31.2078],[-98.0615,31.2087],[-98.0628,31.2053],[-98.0552,31.2027],[-98.0523,31.1974],[-98.0505,31.1975],[-98.0503,31.2022],[-98.0555,31.2076],[-98.0529,31.2112],[-98.0545,31.2134],[-98.0526,31.2148],[-98.0564,31.2191],[-98.0525,31.2195],[-98.05,31.2166],[-98.0486,31.2182],[-98.0461,31.212],[-98.0472,31.2104],[-98.0452,31.2086],[-98.0431,31.2098],[-98.0431,31.2133],[-98.0398,31.2132],[-98.0401,31.2067],[-98.0371,31.2069],[-98.0366,31.2015],[-98.0331,31.1983],[-98.0356,31.2082],[-98.033,31.2143],[-98.0389,31.2196],[-98.0382,31.221],[-98.0425,31.2235],[-98.0413,31.2256],[-98.0404,31.2232],[-98.0343,31.221],[-98.0325,31.2176],[-98.0314,31.2281],[-98.0291,31.2272],[-98.0303,31.22],[-98.0274,31.221],[-98.0295,31.2163],[-98.0271,31.2158],[-98.0267,31.2123],[-98.0238,31.2124],[-98.0255,31.2079],[-98.0235,31.202],[-98.0188,31.204],[-98.0197,31.2071],[-98.0174,31.206],[-98.014,31.2089],[-98.0155,31.2037],[-98.0132,31.2039],[-98.016,31.2006],[-98.013,31.199],[-98.0184,31.1972],[-98.0099,31.1967],[-98.0143,31.1941],[-98.0126,31.1905],[-98.0149,31.1891],[-98.0186,31.1907],[-98.0192,31.179],[-98.0245,31.1799],[-98.0212,31.1767],[-98.0218,31.1735],[-98.025,31.1737],[-98.0214,31.17],[-98.0244,31.163],[-98.029,31.1645],[-98.0305,31.1608],[-98.0357,31.1592],[-98.0346,31.1563],[-98.0326,31.1562],[-98.0329,31.1587],[-98.0307,31.1601],[-98.0275,31.1596],[-98.0272,31.1615],[-98.0184,31.1612],[-98.0204,31.1586],[-98.017,31.1551],[-98.0188,31.1486],[-98.0149,31.147],[-98.014,31.1422],[-98.0124,31.1447],[-98.0136,31.1489],[-98.0108,31.1475],[-98.0045,31.1509],[-98.0079,31.1528],[-98.0093,31.1562],[-98.007,31.1574],[-98.0066,31.1602],[-98.0044,31.1608],[-98.0045,31.1585],[-98.0001,31.1538],[-97.9997,31.1617],[-97.9964,31.1601],[-97.9997,31.1693],[-97.9974,31.1693],[-97.9937,31.1656],[-97.9913,31.1688],[-97.9917,31.1662],[-97.9893,31.1648],[-97.9915,31.1637],[-97.9932,31.1528],[-97.9891,31.1578],[-97.9881,31.1553],[-97.9847,31.1557],[-97.9873,31.1529],[-97.985,31.1505],[-97.9888,31.1502],[-97.9895,31.1484],[-97.989,31.1439],[-97.9913,31.1431],[-97.9889,31.1417],[-97.9909,31.1387],[-97.9891,31.1381],[-97.9836,31.1425],[-97.984,31.1381],[-97.9863,31.1358],[-97.9806,31.1334],[-97.9816,31.1307],[-97.987,31.1308],[-97.986,31.1257],[-97.9815,31.1268],[-97.9769,31.1205],[-97.9771,31.124],[-97.9752,31.1249],[-97.9777,31.1277],[-97.9754,31.1286],[-97.9764,31.1305],[-97.9739,31.131],[-97.9772,31.1374],[-97.9763,31.1388],[-97.9724,31.1341],[-97.9719,31.1372],[-97.9687,31.1363],[-97.969,31.1338],[-97.9664,31.1322],[-97.9681,31.1304],[-97.966,31.1296],[-97.9682,31.1279],[-97.9652,31.1243],[-97.9638,31.126],[-97.9581,31.1229],[-97.9603,31.1388],[-97.9569,31.1355],[-97.9547,31.1356],[-97.9528,31.1238],[-97.9507,31.1243],[-97.9492,31.1308],[-97.9464,31.1282],[-97.9477,31.1198],[-97.9451,31.1162],[-97.9456,31.1137],[-97.9517,31.1162],[-97.951,31.1127],[-97.9536,31.1141],[-97.9562,31.1128],[-97.9563,31.1104],[-97.9603,31.1091],[-97.955,31.1084],[-97.9584,31.1036],[-97.9554,31.0993],[-97.96,31.0976],[-97.9583,31.0953],[-97.955,31.0958],[-97.9552,31.0908],[-97.9593,31.0897],[-97.9565,31.088],[-97.9559,31.0825],[-97.9521,31.0792],[-97.9599,31.0788],[-97.9581,31.0815],[-97.959,31.0842],[-97.9621,31.0865],[-97.9667,31.0865],[-97.9686,31.0737],[-97.9769,31.0746],[-97.9719,31.0732],[-97.9728,31.071],[-97.9661,31.0702],[-97.9679,31.0675],[-97.9764,31.0657],[-97.975,31.0645],[-97.9684,31.0658],[-97.966,31.0623],[-97.9647,31.0671],[-97.9607,31.0675],[-97.9594,31.0697],[-97.9537,31.0676],[-97.9593,31.0589],[-97.9527,31.062],[-97.9537,31.0543],[-97.9555,31.0529],[-97.9524,31.0522],[-97.956,31.0483],[-97.9531,31.0478],[-97.9527,31.0439],[-97.9534,31.0428],[-97.9556,31.0443],[-97.9568,31.0425],[-97.9642,31.0416],[-97.965,31.0403],[-97.9621,31.0408],[-97.9579,31.0382],[-97.954,31.0409],[-97.9528,31.0347],[-97.9515,31.0369],[-97.9468,31.0349],[-97.9515,31.0387],[-97.9456,31.0393],[-97.9483,31.0462],[-97.9474,31.0474],[-97.9431,31.0445],[-97.9396,31.0493],[-97.936,31.0505],[-97.934,31.0354],[-97.9316,31.0354],[-97.9312,31.0399],[-97.9282,31.0389],[-97.9272,31.0358],[-97.9255,31.0394],[-97.9215,31.0305],[-97.9184,31.034],[-97.9126,31.0327],[-97.9115,31.0335],[-97.9136,31.0375],[-97.9094,31.036],[-97.907,31.042],[-97.9086,31.0453],[-97.9124,31.0464],[-97.9085,31.0485],[-97.8985,31.0471],[-97.901,31.0503],[-97.9071,31.0501],[-97.9114,31.0529],[-97.9066,31.0526],[-97.9073,31.0536],[-97.9009,31.055],[-97.9044,31.0609],[-97.909,31.0625],[-97.9067,31.0645],[-97.9012,31.0636],[-97.896,31.0594],[-97.8948,31.0627],[-97.8973,31.0671],[-97.8966,31.0717],[-97.9,31.0758],[-97.8988,31.0776],[-97.8959,31.0743],[-97.8923,31.0783],[-97.8915,31.0747],[-97.8866,31.0736],[-97.8891,31.0722],[-97.8892,31.0692],[-97.8851,31.0695],[-97.8875,31.0668],[-97.8865,31.06],[-97.8834,31.0638],[-97.8795,31.0629],[-97.8818,31.0601],[-97.8794,31.0597],[-97.8832,31.0549],[-97.8832,31.0506],[-97.8759,31.0564],[-97.8761,31.0531],[-97.8735,31.0531],[-97.874,31.0499],[-97.8698,31.0516],[-97.8677,31.0482],[-97.8681,31.0466],[-97.8725,31.0455],[-97.8711,31.0403],[-97.8773,31.0382],[-97.875,31.0342],[-97.8731,31.036],[-97.8693,31.034],[-97.8677,31.0363],[-97.869,31.0373],[-97.8661,31.0386],[-97.8652,31.0314],[-97.8598,31.0299],[-97.8623,31.0274],[-97.8604,31.0236],[-97.8562,31.0252],[-97.8554,31.023],[-97.8532,31.0229],[-97.8503,31.0259],[-97.8517,31.0289],[-97.8497,31.0285],[-97.8459,31.0171],[-97.8449,31.0267],[-97.8413,31.0279],[-97.846,31.0316],[-97.8403,31.0326],[-97.8397,31.0352],[-97.85,31.0398],[-97.8472,31.0421],[-97.8416,31.0398],[-97.8337,31.0409],[-97.8349,31.0382],[-97.8326,31.0373],[-97.8325,31.0343],[-97.8348,31.0293],[-97.8289,31.0286],[-97.8328,31.0245],[-97.8278,31.0195],[-97.8265,31.0235],[-97.8193,31.0246],[-97.8228,31.0219],[-97.8185,31.0174],[-97.821,31.0159],[-97.8185,31.0149],[-97.8176,31.0095],[-97.8118,31.0103],[-97.8121,31.012],[-97.8098,31.0127],[-97.807,31.0075],[-97.8049,31.0084],[-97.8011,31.0067],[-97.799,31.007],[-97.7996,31.0097],[-97.7955,31.011],[-97.797,31.0126],[-97.7958,31.0167],[-97.7888,31.0111],[-97.7873,31.0148],[-97.7895,31.0144],[-97.7907,31.0192],[-97.7935,31.0202],[-97.8016,31.0194],[-97.7989,31.022],[-97.8018,31.0218],[-97.8023,31.0245],[-97.7975,31.0248],[-97.8034,31.0275],[-97.8014,31.029],[-97.8023,31.0303],[-97.8054,31.0307],[-97.8077,31.026],[-97.8109,31.0275],[-97.8084,31.0317],[-97.8123,31.036],[-97.8162,31.0348],[-97.8213,31.0366],[-97.817,31.0393],[-97.8177,31.0415],[-97.8213,31.0423],[-97.8193,31.0434],[-97.8234,31.0492],[-97.8186,31.047],[-97.8126,31.0395],[-97.8139,31.0429],[-97.8122,31.0464],[-97.8076,31.0486],[-97.8103,31.0422],[-97.8012,31.0362],[-97.8021,31.0397],[-97.7987,31.0425],[-97.7991,31.044],[-97.7973,31.0437],[-97.7981,31.0375],[-97.7956,31.0299],[-97.7934,31.0294],[-97.7943,31.0327],[-97.7927,31.0343],[-97.785,31.0261],[-97.7833,31.0289],[-97.7817,31.0287],[-97.7837,31.0323],[-97.7827,31.0339],[-97.7863,31.0352],[-97.7823,31.0413],[-97.7821,31.0493],[-97.7785,31.0337],[-97.7766,31.0348],[-97.7776,31.037],[-97.7746,31.0463],[-97.771,31.0477],[-97.773,31.0444],[-97.7728,31.0334],[-97.7643,31.0321],[-97.7693,31.0323],[-97.7704,31.0299],[-97.7749,31.0289],[-97.7761,31.0277],[-97.7744,31.026],[-97.7801,31.0202],[-97.7776,31.0153],[-97.7735,31.0193],[-97.7681,31.0207],[-97.7718,31.0174],[-97.77,31.0162],[-97.7723,31.0147],[-97.7711,31.0121],[-97.7757,31.0103],[-97.7725,31.0093],[-97.7727,31.0063],[-97.7676,31.0063],[-97.764,31.0026],[-97.77,31.0008],[-97.7642,30.9967],[-97.767,30.9931],[-97.7707,30.9969],[-97.7723,30.9949],[-97.7758,30.995],[-97.7747,30.988],[-97.7689,30.9879],[-97.7714,30.9835],[-97.7689,30.9811],[-97.7658,30.9821],[-97.7639,30.9798],[-97.762,30.9817],[-97.7649,30.9848],[-97.7626,30.9869],[-97.7581,30.9834],[-97.7576,30.9861],[-97.7541,30.9869],[-97.7542,30.9842],[-97.7482,30.9796],[-97.7487,30.9722],[-97.746,30.9761],[-97.7405,30.9779],[-97.7417,30.9712],[-97.7395,30.9698],[-97.738,30.9649],[-97.7347,30.9688],[-97.7371,30.9732],[-97.7336,30.9754],[-97.7327,30.9733],[-97.7305,30.9753],[-97.7283,30.9721],[-97.7299,30.9795],[-97.7246,30.9751],[-97.7239,30.9707],[-97.722,30.9708],[-97.721,30.9643],[-97.7192,30.9664],[-97.7175,30.9645],[-97.713,30.9657],[-97.7121,30.9681],[-97.7173,30.9693],[-97.7138,30.9719],[-97.7172,30.973],[-97.7129,30.9752],[-97.7162,30.9764],[-97.7173,30.9801],[-97.712,30.9769],[-97.7106,30.979],[-97.7065,30.9795],[-97.7098,30.9816],[-97.7093,30.9833],[-97.7118,30.9834],[-97.7118,30.9869],[-97.7098,30.9862],[-97.7086,30.9881],[-97.7032,30.9808],[-97.6978,30.9814],[-97.7025,30.9851],[-97.6909,30.9827],[-97.6917,30.9879],[-97.6987,30.9878],[-97.6963,30.992],[-97.7049,30.9959],[-97.7077,31.0008],[-97.7087,30.9995],[-97.7158,31.002],[-97.7304,31.0024],[-97.7291,31.0039],[-97.7315,31.0056],[-97.7304,31.0079],[-97.7348,31.01],[-97.734,31.0138],[-97.7317,31.0134],[-97.732,31.0103],[-97.7284,31.0094],[-97.7265,31.0064],[-97.7247,31.0087],[-97.7167,31.0049],[-97.7176,31.0106],[-97.7114,31.0052],[-97.7122,31.0105],[-97.7108,31.0106],[-97.7078,31.0055],[-97.7057,31.0064],[-97.7032,31.0031],[-97.6981,31.0042],[-97.6954,31.0007],[-97.6935,31.0021],[-97.6942,31.0052],[-97.7023,31.0112],[-97.6967,31.0107],[-97.6939,31.0142],[-97.6922,31.0099],[-97.6865,31.0121],[-97.6878,31.005],[-97.6832,31.0004],[-97.6815,31.0064],[-97.6784,31.0055],[-97.6784,31.0021],[-97.6741,31.0022],[-97.6693,30.9994],[-97.6655,30.9993],[-97.6653,31.0017],[-97.6538,31.0009],[-97.6546,31.003],[-97.662,31.0043],[-97.6604,31.0055],[-97.6615,31.007],[-97.6658,31.007],[-97.6661,31.0101],[-97.6746,31.0158],[-97.6692,31.0157],[-97.6659,31.0121],[-97.6605,31.011],[-97.6643,31.014],[-97.6626,31.0188],[-97.6657,31.0207],[-97.6659,31.0241],[-97.6632,31.0269],[-97.6662,31.0306],[-97.6649,31.0336],[-97.6633,31.0339],[-97.6574,31.0267],[-97.6578,31.016],[-97.6535,31.0079],[-97.6522,31.0134],[-97.6535,31.0186],[-97.6505,31.0181],[-97.6499,31.0222],[-97.647,31.0174],[-97.6452,31.0173],[-97.6417,31.0182],[-97.6422,31.0219],[-97.6407,31.0228],[-97.637,31.0161],[-97.6339,31.0157],[-97.6349,31.0225],[-97.6292,31.0261],[-97.6312,31.0294],[-97.6288,31.0327],[-97.6233,31.0279],[-97.6213,31.0309],[-97.6185,31.0314],[-97.6188,31.0292],[-97.6154,31.0253],[-97.6106,31.025],[-97.6056,31.0219],[-97.6053,31.0173],[-97.6017,31.02],[-97.6006,31.0134],[-97.6038,31.005],[-97.6067,31.0025],[-97.613,31.0024],[-97.615,31.0059],[-97.6187,31.0063],[-97.6138,31.0088],[-97.6185,31.0154],[-97.6211,31.0161],[-97.6279,31.0051],[-97.6334,31.0032],[-97.6336,30.9995],[-97.6363,31.0068],[-97.6397,31.007],[-97.6391,31.0097],[-97.6416,31.0107],[-97.6424,30.9915],[-97.6443,30.9902],[-97.6447,30.9915],[-97.6501,30.9909],[-97.6505,30.9877],[-97.6548,30.9908],[-97.6563,30.9887],[-97.6568,30.9911],[-97.6605,30.9904],[-97.6615,30.9859],[-97.6573,30.9816],[-97.6594,30.9799],[-97.6635,30.9842],[-97.6652,30.9817],[-97.6694,30.9814],[-97.6713,30.9846],[-97.6757,30.9844],[-97.6787,30.9752],[-97.6825,30.9711],[-97.6804,30.9652],[-97.6843,30.9666],[-97.6862,30.9655],[-97.6837,30.9601],[-97.6863,30.96],[-97.6893,30.9643],[-97.6936,30.9636],[-97.6981,30.9588],[-97.6956,30.9531],[-97.6977,30.953],[-97.6981,30.951],[-97.7013,30.9535],[-97.7038,30.9526],[-97.7031,30.9505],[-97.7085,30.9513],[-97.7077,30.9491],[-97.7102,30.9465],[-97.7118,30.949],[-97.7152,30.9473],[-97.7154,30.9447],[-97.7186,30.9469],[-97.722,30.9444],[-97.7218,30.9388],[-97.7174,30.9342],[-97.7197,30.9327],[-97.7223,30.9341],[-97.7259,30.9234],[-97.7278,30.9262],[-97.7251,30.9297],[-97.7259,30.9324],[-97.7306,30.9316],[-97.7327,30.9362],[-97.7346,30.9307],[-97.7353,30.9326],[-97.7377,30.9326],[-97.7403,30.93],[-97.7433,30.9299],[-97.7407,30.9356],[-97.7454,30.9324],[-97.7443,30.9372],[-97.747,30.9366],[-97.7485,30.9383],[-97.7523,30.9355],[-97.7514,30.9287],[-97.7581,30.9313],[-97.7564,30.9253],[-97.7546,30.9244],[-97.7589,30.9175],[-97.7597,30.922],[-97.7652,30.9247],[-97.7654,30.9228],[-97.7718,30.9219],[-97.775,30.9184],[-97.7779,30.9179],[-97.7781,30.9162],[-97.7746,30.9146],[-97.7746,30.9133],[-97.7776,30.9135],[-97.7738,30.907],[-97.7795,30.9116],[-97.7791,30.9056],[-97.7805,30.9056],[-97.7751,30.8941],[-97.7779,30.8934],[-97.7796,30.8906],[-97.78,30.8961],[-97.7821,30.8984],[-97.786,30.893],[-97.7878,30.8834],[-97.7884,30.8912],[-97.7902,30.8926],[-97.7881,30.8939],[-97.792,30.897],[-97.7875,30.8972],[-97.7833,30.9001],[-97.7842,30.9024],[-97.7876,30.9018],[-97.7884,30.9034],[-97.7846,30.9051],[-97.787,30.9062],[-97.785,30.9102],[-97.7871,30.9113],[-97.7883,30.909],[-97.7917,30.9104],[-97.7929,30.9049],[-97.7959,30.9049],[-97.7943,30.9117],[-97.7973,30.9079],[-97.8023,30.9084],[-97.8037,30.9062],[-97.8041,30.9086],[-97.7987,30.9116],[-97.7997,30.9147],[-97.7934,30.9168],[-97.7944,30.9198],[-97.8008,30.9211],[-97.8076,30.9194],[-97.7995,30.9238],[-97.8076,30.9272],[-97.814,30.925],[-97.81,30.9296],[-97.8144,30.9329],[-97.8107,30.9336],[-97.8094,30.9315],[-97.8061,30.9323],[-97.805,30.9298],[-97.8021,30.9304],[-97.7971,30.9282],[-97.7946,30.9309],[-97.7905,30.9261],[-97.7888,30.9283],[-97.7854,30.9289],[-97.7838,30.9271],[-97.7803,30.9312],[-97.7744,30.9318],[-97.7791,30.9365],[-97.7846,30.9346],[-97.7836,30.9391],[-97.7899,30.9358],[-97.7941,30.936],[-97.7959,30.9387],[-97.7902,30.9403],[-97.7882,30.9445],[-97.7979,30.9447],[-97.7989,30.9503],[-97.8074,30.9428],[-97.8109,30.9427],[-97.8067,30.9462],[-97.8098,30.9458],[-97.8101,30.948],[-97.8053,30.9525],[-97.8107,30.9561],[-97.8164,30.9541],[-97.8152,30.9574],[-97.8179,30.9574],[-97.8141,30.9622],[-97.8245,30.9576],[-97.8225,30.9532],[-97.8246,30.9511],[-97.8233,30.9485],[-97.8254,30.9483],[-97.8272,30.9514],[-97.8295,30.9478],[-97.8283,30.9408],[-97.8325,30.9398],[-97.8317,30.9443],[-97.8365,30.9453],[-97.8331,30.9494],[-97.8381,30.9489],[-97.8396,30.9507],[-97.8379,30.9524],[-97.841,30.9537],[-97.8396,30.9559],[-97.8423,30.9571],[-97.8367,30.9609],[-97.8436,30.965],[-97.8492,30.9627],[-97.8464,30.9607],[-97.8517,30.9545],[-97.8491,30.9502],[-97.8525,30.9477],[-97.8477,30.9444],[-97.8514,30.9408],[-97.8441,30.9333],[-97.8472,30.9314],[-97.8512,30.9326],[-97.8515,30.9285],[-97.8486,30.9269],[-97.8522,30.9246],[-97.8457,30.9214],[-97.8512,30.919],[-97.844,30.9178],[-97.8453,30.9161],[-97.8439,30.9141],[-97.8528,30.9132],[-97.852,30.911],[-97.8448,30.908],[-97.8486,30.9042],[-97.8508,30.9064],[-97.8526,30.9032],[-97.8504,30.8989],[-97.8457,30.8961],[-97.8466,30.8951],[-97.8496,30.8964],[-97.8483,30.8924],[-97.8394,30.8924],[-97.8443,30.89],[-97.84,30.8883],[-97.8448,30.8881],[-97.841,30.881],[-97.8487,30.8879],[-97.8515,30.8761],[-97.8534,30.8786],[-97.8512,30.8822],[-97.852,30.892],[-97.8542,30.896],[-97.857,30.8917],[-97.8568,30.8942],[-97.8597,30.895],[-97.8574,30.8978],[-97.8583,30.9006],[-97.8604,30.901],[-97.8579,30.9022],[-97.8589,30.9035],[-97.8569,30.9055],[-97.8594,30.9069],[-97.8583,30.9098],[-97.8618,30.9119],[-97.8632,30.9161],[-97.8654,30.9067],[-97.8713,30.906],[-97.8699,30.8964],[-97.8681,30.8954],[-97.8686,30.8932],[-97.8661,30.8926],[-97.8692,30.8902],[-97.8664,30.8858],[-97.868,30.8799],[-97.8719,30.8908],[-97.8745,30.8845],[-97.8773,30.8859],[-97.8786,30.8791],[-97.8802,30.8839],[-97.8795,30.8881],[-97.8762,30.8908],[-97.8768,30.8969],[-97.8791,30.894],[-97.8833,30.8932],[-97.8834,30.8877],[-97.8861,30.8847],[-97.8882,30.8895],[-97.8928,30.8865],[-97.8939,30.8834],[-97.8952,30.8851],[-97.8924,30.8911],[-97.8825,30.8982],[-97.8844,30.8999],[-97.8802,30.9027],[-97.886,30.9068],[-97.8878,30.9058],[-97.8875,30.9024],[-97.8914,30.9029],[-97.8929,30.8977],[-97.8997,30.8888],[-97.8997,30.8932],[-97.8968,30.8979],[-97.9019,30.8967],[-97.8976,30.9018],[-97.8963,30.9056],[-97.8981,30.9069],[-97.9034,30.9033],[-97.9047,30.9002],[-97.9044,30.9063],[-97.9078,30.907],[-97.9113,30.8957],[-97.9152,30.8999],[-97.9134,30.9029],[-97.9146,30.907],[-97.9197,30.9061],[-97.9201,30.9039],[-97.9225,30.9049],[-97.9262,30.9034],[-97.9272,30.9002],[-97.9293,30.9003],[-97.9283,30.9045],[-97.934,30.9033],[-97.9324,30.9066],[-97.9277,30.9064],[-97.9223,30.9108],[-97.9288,30.9159],[-97.928,30.9183],[-97.9177,30.9144],[-97.9105,30.9163],[-97.9188,30.921],[-97.9164,30.9244],[-97.9115,30.9204],[-97.9108,30.9229],[-97.9077,30.9207],[-97.905,30.9215],[-97.9044,30.9241],[-97.8995,30.9215],[-97.8941,30.9212],[-97.8993,30.9235],[-97.9009,30.9274],[-97.9064,30.9274],[-97.9089,30.9322],[-97.9024,30.9371],[-97.9036,30.94],[-97.8998,30.9452],[-97.908,30.9411],[-97.9131,30.9413],[-97.9123,30.9355],[-97.9161,30.9348],[-97.9167,30.9328],[-97.9182,30.935],[-97.9199,30.934],[-97.9232,30.9362],[-97.9285,30.9422],[-97.9293,30.939],[-97.9248,30.9327],[-97.9311,30.9312],[-97.9336,30.9338],[-97.9388,30.9306],[-97.9401,30.9276],[-97.9365,30.9273],[-97.9353,30.9211],[-97.9388,30.921],[-97.9371,30.9174],[-97.9407,30.9173],[-97.9441,30.9198],[-97.944,30.9162],[-97.9396,30.9134],[-97.9414,30.9113],[-97.9463,30.9125],[-97.9479,30.9093],[-97.9509,30.9136],[-97.9537,30.9124],[-97.9534,30.9187],[-97.9572,30.9185],[-97.958,30.917],[-97.9522,30.9063],[-97.9543,30.903],[-97.9573,30.9067],[-97.9588,30.9045],[-97.9607,30.9086],[-97.9638,30.9079],[-97.9625,30.9012],[-97.9651,30.9051],[-97.9684,30.9041],[-97.9725,30.9076],[-97.972,30.9035],[-97.9758,30.9017],[-97.9676,30.8977],[-97.9724,30.8964],[-97.971,30.8929],[-97.9672,30.8913],[-97.9723,30.8899],[-97.9603,30.8835],[-97.9642,30.8823],[-97.9694,30.8845],[-97.9716,30.8832],[-97.9688,30.879],[-97.9714,30.879],[-97.9707,30.8744],[-97.9674,30.8703],[-97.9695,30.8695],[-97.9698,30.8662],[-97.9711,30.8726],[-97.975,30.8737],[-97.974,30.8777],[-97.9799,30.8727],[-97.9768,30.8817],[-97.98,30.8798],[-97.9796,30.885],[-97.985,30.8865],[-97.9862,30.8792],[-97.9887,30.8825],[-97.992,30.8794],[-97.9939,30.8853],[-97.9963,30.8859],[-97.9929,30.8729],[-97.9965,30.8773],[-98.0008,30.8749],[-98.0018,30.8719],[-98.0011,30.8822],[-98.0029,30.8827],[-98.0048,30.8792],[-98.0084,30.8782],[-98.0074,30.8727],[-98.009,30.8724],[-98.0102,30.8685],[-98.0115,30.8693],[-98.0106,30.8746],[-98.0122,30.8768],[-98.0105,30.8781],[-98.0127,30.8811],[-98.0087,30.8833],[-98.0126,30.8856],[-98.0092,30.8865],[-98.0106,30.8902],[-98.0064,30.8894],[-98.0029,30.8914],[-98.008,30.8935],[-98.0072,30.8955],[-98.0095,30.8964],[-98.0097,30.8993],[-98.0118,30.8933],[-98.0146,30.8936],[-98.0151,30.8902],[-98.0172,30.89],[-98.017,30.8866],[-98.0207,30.885],[-98.0182,30.879],[-98.0217,30.878],[-98.0184,30.8715],[-98.0203,30.8708],[-98.0191,30.8667],[-98.0206,30.8648],[-98.0216,30.8669],[-98.0252,30.8654],[-98.0232,30.8694],[-98.0278,30.8763],[-98.0321,30.8666],[-98.0329,30.8686],[-98.0344,30.8681],[-98.0315,30.8721],[-98.0323,30.8765],[-98.0361,30.8762],[-98.0388,30.8736],[-98.0365,30.8785],[-98.0316,30.8809],[-98.0318,30.8823],[-98.0394,30.8801],[-98.0401,30.8836],[-98.0418,30.884],[-98.0439,30.8805],[-98.0469,30.8808],[-98.0489,30.8781],[-98.0486,30.8814],[-98.0507,30.8829],[-98.0454,30.8927],[-98.0497,30.8955],[-98.0581,30.8797],[-98.0603,30.8861],[-98.0591,30.8882],[-98.0617,30.8884],[-98.0635,30.8862],[-98.0657,30.8901],[-98.0643,30.8935],[-98.0657,30.8934],[-98.0681,30.8841],[-98.065,30.8799],[-98.0675,30.8795],[-98.0667,30.875],[-98.0698,30.878],[-98.0722,30.8724],[-98.0742,30.8818],[-98.0769,30.8845],[-98.0791,30.8813],[-98.0776,30.8794],[-98.0796,30.878],[-98.077,30.8744],[-98.0796,30.874],[-98.0811,30.8684],[-98.083,30.874],[-98.0863,30.8713],[-98.0856,30.8767],[-98.0885,30.875],[-98.0887,30.8776],[-98.0936,30.8758],[-98.0922,30.8806],[-98.095,30.8776],[-98.0971,30.8785],[-98.0987,30.8773],[-98.1,30.8784],[-98.0977,30.8814],[-98.1017,30.8847],[-98.1027,30.8777],[-98.1056,30.8765],[-98.1056,30.8798],[-98.1123,30.8802],[-98.1122,30.883],[-98.1159,30.8775],[-98.1176,30.8777],[-98.1182,30.8843],[-98.1201,30.8809],[-98.1273,30.8797],[-98.1291,30.8818],[-98.1241,30.8838],[-98.1262,30.8835],[-98.1267,30.886],[-98.1213,30.8894],[-98.1238,30.8921],[-98.1281,30.8877],[-98.1298,30.8896],[-98.1319,30.8874],[-98.1339,30.8907],[-98.1309,30.8931],[-98.1325,30.8944],[-98.1307,30.8966],[-98.1342,30.8952],[-98.136,30.8968],[-98.1351,30.8934],[-98.1386,30.8921],[-98.1389,30.889],[-98.1417,30.8912],[-98.1409,30.8931],[-98.1459,30.8929],[-98.1441,30.8954],[-98.1462,30.8952],[-98.1489,30.8994],[-98.1443,30.8993],[-98.1471,30.9024],[-98.1444,30.9033],[-98.1462,30.9048],[-98.1427,30.9079],[-98.1489,30.9063],[-98.1505,30.9123],[-98.1559,30.9044],[-98.1549,30.909],[-98.1591,30.9074],[-98.1569,30.9132],[-98.1704,30.9079],[-98.1664,30.9138],[-98.1677,30.9176],[-98.1715,30.9156],[-98.1719,30.9182],[-98.1757,30.9163],[-98.1751,30.9185],[-98.1787,30.9173],[-98.183,30.9187],[-98.1745,30.9215],[-98.1742,30.9238],[-98.1719,30.9219],[-98.1689,30.9223],[-98.166,30.9256],[-98.1675,30.9284],[-98.1722,30.93],[-98.1795,30.9286],[-98.1748,30.9316],[-98.1746,30.9395],[-98.1672,30.9356],[-98.1679,30.9408],[-98.165,30.9442],[-98.1622,30.9387],[-98.1605,30.9407],[-98.1582,30.9365],[-98.1566,30.9395],[-98.1554,30.938],[-98.1529,30.9388],[-98.1533,30.9408],[-98.1484,30.9397],[-98.1531,30.9472],[-98.1502,30.9483],[-98.1469,30.9461],[-98.1476,30.9488],[-98.1445,30.9488],[-98.1448,30.951],[-98.1402,30.9479],[-98.1394,30.9449],[-98.1352,30.9444],[-98.1347,30.9415],[-98.1293,30.9408],[-98.129,30.9346],[-98.1265,30.9363],[-98.1229,30.9335],[-98.122,30.9363],[-98.1192,30.9349],[-98.1173,30.9377],[-98.1155,30.9347],[-98.1075,30.9328],[-98.1043,30.9288],[-98.1003,30.9277],[-98.1003,30.9297],[-98.0965,30.9293],[-98.0949,30.9238],[-98.0928,30.9286],[-98.089,30.9277],[-98.0872,30.9318],[-98.083,30.9319],[-98.0888,30.9362],[-98.0934,30.9308],[-98.0975,30.9332],[-98.0987,30.9392],[-98.1023,30.9399],[-98.1003,30.9449],[-98.0983,30.9454],[-98.0995,30.9463],[-98.1062,30.9428],[-98.1059,30.9376],[-98.1085,30.9366],[-98.1098,30.9385],[-98.1123,30.9381],[-98.1118,30.9415],[-98.1144,30.9408],[-98.1147,30.9434],[-98.1172,30.94],[-98.1193,30.9423],[-98.1218,30.9395],[-98.1249,30.9413],[-98.1274,30.9466],[-98.1303,30.945],[-98.1315,30.9469],[-98.1288,30.9474],[-98.1289,30.9491],[-98.123,30.9498],[-98.1356,30.9509],[-98.1322,30.9541],[-98.1344,30.9546],[-98.1345,30.957],[-98.1312,30.9568],[-98.1302,30.9585],[-98.1273,30.9566],[-98.1289,30.9591],[-98.1249,30.9609],[-98.126,30.9632],[-98.13,30.9634],[-98.1264,30.9709],[-98.123,30.9698],[-98.1224,30.9746],[-98.1178,30.9754],[-98.1166,30.9795],[-98.1124,30.9761],[-98.1119,30.9794],[-98.1138,30.9807],[-98.11,30.9856],[-98.1068,30.9857],[-98.1007,30.9819],[-98.0954,30.9861],[-98.0915,30.9859],[-98.0925,30.9762],[-98.0911,30.9802],[-98.0826,30.9805],[-98.0804,30.9857],[-98.0856,30.9857],[-98.0866,30.9912],[-98.0908,30.9871],[-98.0914,30.9898],[-98.0932,30.989],[-98.093,30.9958],[-98.0955,31.002],[-98.0827,31.0029],[-98.0799,30.9992],[-98.0765,30.9981],[-98.0762,30.9944],[-98.0781,30.9935],[-98.0769,30.9908],[-98.0669,30.985],[-98.0637,30.9849],[-98.0632,30.9834],[-98.0614,30.9849],[-98.0564,30.982],[-98.0529,30.9778],[-98.0548,30.971],[-98.0496,30.9726],[-98.0463,30.9784],[-98.0487,30.9809],[-98.0528,30.9809],[-98.055,30.9873],[-98.059,30.9887],[-98.064,30.9863],[-98.069,30.9885],[-98.0772,31.0065],[-98.0853,31.007],[-98.1012,31.004],[-98.0992,30.9941],[-98.1005,30.9902],[-98.1084,30.9889],[-98.111,30.9906],[-98.1103,30.9869],[-98.1154,30.9866],[-98.1175,30.9811],[-98.1214,30.9814],[-98.1219,30.9768],[-98.1251,30.978],[-98.1256,30.9745],[-98.1293,30.9726],[-98.1287,30.9683],[-98.1323,30.9682],[-98.1319,30.9639],[-98.1338,30.9642],[-98.1356,30.9617],[-98.1363,30.9631],[-98.1381,30.9589],[-98.1403,30.9608],[-98.14,30.9677],[-98.1419,30.9698],[-98.1471,30.9672],[-98.1451,30.9645],[-98.1482,30.9639],[-98.1459,30.9618],[-98.1486,30.9598],[-98.1459,30.9568],[-98.1489,30.9568],[-98.15,30.9526],[-98.1527,30.9562],[-98.1546,30.9542],[-98.1589,30.9552],[-98.1571,30.9614],[-98.1621,30.961],[-98.1623,30.9576],[-98.1662,30.9596],[-98.1663,30.9533],[-98.1688,30.9564],[-98.1722,30.955],[-98.1746,30.9586],[-98.1773,30.9579],[-98.1722,30.9517],[-98.1782,30.9515],[-98.1739,30.9471],[-98.1772,30.9459],[-98.1778,30.9432],[-98.1794,30.944],[-98.1808,30.9406],[-98.1845,30.9435],[-98.1842,30.9407],[-98.187,30.9407],[-98.1878,30.9366],[-98.1908,30.9386],[-98.19,30.9315],[-98.1921,30.9288],[-98.194,30.929],[-98.1965,30.9375],[-98.1989,30.9384],[-98.1988,30.9309],[-98.2012,30.9259],[-98.2039,30.9249],[-98.2044,30.9333],[-98.2075,30.9329],[-98.2088,30.9376],[-98.2105,30.9375],[-98.2109,30.923],[-98.2133,30.9247],[-98.2172,30.9216],[-98.216,30.9266],[-98.2185,30.9269],[-98.2205,30.9178],[-98.2237,30.9201],[-98.2241,30.914],[-98.2311,30.9139],[-98.2328,30.9158],[-98.2321,30.9107],[-98.2365,30.9077],[-98.2379,30.8984],[-98.2388,30.9012],[-98.2427,30.9014],[-98.2384,30.9036],[-98.2408,30.9066],[-98.2389,30.9091],[-98.2431,30.9093],[-98.2403,30.9111],[-98.2442,30.9129],[-98.2419,30.9149],[-98.2451,30.9157],[-98.2473,30.9133],[-98.2474,30.9068],[-98.2546,30.9075],[-98.2513,30.9112],[-98.2526,30.9145],[-98.2547,30.9148],[-98.2551,30.9191],[-98.264,30.9128],[-98.2626,30.9189],[-98.2606,30.9199],[-98.2606,30.9223],[-98.2644,30.923],[-98.2618,30.9261],[-98.259,30.9239],[-98.2513,30.9259],[-98.2499,30.9239],[-98.2463,30.924],[-98.241,30.9255],[-98.2368,30.9291],[-98.2421,30.9315],[-98.2473,30.9306],[-98.2516,30.933],[-98.2571,30.9308],[-98.2596,30.9313],[-98.2568,30.9388],[-98.2472,30.9393],[-98.2429,30.9431],[-98.2439,30.9461],[-98.2519,30.942],[-98.2591,30.9459],[-98.2599,30.9414],[-98.2628,30.9389],[-98.2619,30.9447],[-98.2664,30.9455],[-98.2694,30.9376],[-98.2786,30.9402],[-98.2747,30.9445],[-98.2779,30.9465],[-98.2725,30.9476],[-98.2703,30.9508],[-98.2658,30.951],[-98.2632,30.9574],[-98.2645,30.9627],[-98.2676,30.9627],[-98.2708,30.959],[-98.2741,30.9639],[-98.2751,30.9559],[-98.278,30.9572],[-98.2786,30.9543],[-98.2826,30.9535],[-98.2821,30.9563],[-98.2878,30.9563],[-98.2896,30.9698],[-98.2942,30.9746],[-98.298,30.9754],[-98.2974,30.9816],[-98.3,30.9834],[-98.2987,30.9894],[-98.3041,30.9899],[-98.3033,30.9921],[-98.3056,30.9932],[-98.3077,30.9985],[-98.3026,31.0005],[-98.3004,31.0047],[-98.3071,31.0041],[-98.3063,31.0073],[-98.3132,31.0024],[-98.3122,31.011],[-98.3187,31.0087],[-98.3219,31.0133],[-98.3181,31.0137],[-98.3185,31.0169],[-98.3151,31.0174],[-98.3161,31.0187],[-98.3141,31.0202],[-98.3122,31.0198],[-98.3126,31.0229],[-98.3151,31.0229],[-98.3178,31.0291],[-98.3105,31.0346],[-98.3158,31.0364],[-98.3175,31.039],[-98.3109,31.0397],[-98.3111,31.042],[-98.3166,31.0445],[-98.313,31.044],[-98.3126,31.0464],[-98.309,31.0468],[-98.3093,31.0497],[-98.3139,31.0505],[-98.3132,31.0548],[-98.318,31.0528],[-98.3164,31.0581],[-98.3191,31.0563],[-98.321,31.0491],[-98.3261,31.0478],[-98.3272,31.0521],[-98.3258,31.0542],[-98.3296,31.0562],[-98.3275,31.0583],[-98.3338,31.0617],[-98.3322,31.0631],[-98.3344,31.0663],[-98.3309,31.0678],[-98.3354,31.0713],[-98.3347,31.0741],[-98.331,31.0734],[-98.3264,31.0768],[-98.3226,31.0752],[-98.3206,31.0713],[-98.3207,31.0765],[-98.3161,31.0755],[-98.3145,31.0734],[-98.3128,31.0766],[-98.3176,31.0769],[-98.3162,31.0783],[-98.3175,31.0801],[-98.3136,31.0803],[-98.3116,31.0823],[-98.312,31.084],[-98.3143,31.0828],[-98.3148,31.087],[-98.3211,31.0806],[-98.3231,31.0841],[-98.3264,31.0803],[-98.331,31.0794],[-98.3285,31.0825],[-98.3294,31.0844],[-98.3259,31.0853],[-98.3275,31.0859],[-98.3267,31.0878],[-98.3207,31.089],[-98.3239,31.0893],[-98.3269,31.0924],[-98.3302,31.0897],[-98.331,31.0933],[-98.3343,31.0928],[-98.3349,31.0973],[-98.3288,31.0955],[-98.3305,31.1025],[-98.3257,31.0979],[-98.3236,31.1001],[-98.3171,31.0946],[-98.3124,31.0946],[-98.3189,31.1021],[-98.3053,31.1024],[-98.3041,31.0997],[-98.2994,31.1055],[-98.3019,31.1066],[-98.3064,31.104],[-98.3163,31.1058],[-98.3132,31.1084],[-98.315,31.1135],[-98.3109,31.1116],[-98.3109,31.1153],[-98.306,31.1177],[-98.3103,31.1198],[-98.3123,31.1179],[-98.3188,31.121],[-98.3199,31.1165],[-98.3218,31.1203],[-98.3233,31.1171],[-98.325,31.1212],[-98.3306,31.1189],[-98.3326,31.1201],[-98.3297,31.1234],[-98.3383,31.1279],[-98.3365,31.1304],[-98.3319,31.1275],[-98.3217,31.1268],[-98.3215,31.1327],[-98.3136,31.1294],[-98.3108,31.1301],[-98.3093,31.1328],[-98.3046,31.1312],[-98.3062,31.135],[-98.3042,31.1358],[-98.302,31.134],[-98.2996,31.1348],[-98.2986,31.1285],[-98.2954,31.1294],[-98.295,31.1319],[-98.2926,31.1309],[-98.2895,31.1322],[-98.2907,31.1255],[-98.2883,31.124],[-98.2857,31.1263],[-98.2842,31.1226],[-98.2827,31.1275],[-98.2783,31.1235],[-98.2774,31.1261],[-98.2741,31.1267],[-98.2715,31.1295],[-98.274,31.1236],[-98.273,31.1166],[-98.267,31.1181],[-98.2659,31.1158],[-98.2642,31.1175],[-98.264,31.1124],[-98.2601,31.1134],[-98.26,31.1058],[-98.2567,31.1053],[-98.257,31.1008],[-98.2511,31.1031],[-98.2494,31.1018],[-98.2495,31.0979],[-98.2465,31.0987],[-98.2456,31.1018],[-98.2413,31.101],[-98.2542,31.1078],[-98.2519,31.1099],[-98.2529,31.1141],[-98.2411,31.1129],[-98.2416,31.1165],[-98.2375,31.1174],[-98.2366,31.1221],[-98.2416,31.1198],[-98.2447,31.1206],[-98.2468,31.117],[-98.2512,31.1176],[-98.2488,31.123],[-98.2523,31.1208],[-98.2529,31.1271],[-98.2452,31.1277],[-98.2514,31.1303],[-98.2558,31.13],[-98.2556,31.133],[-98.2589,31.136],[-98.2567,31.1368],[-98.2518,31.1342],[-98.2483,31.1358],[-98.2402,31.1344],[-98.2385,31.1393],[-98.2317,31.1329],[-98.2309,31.135],[-98.2342,31.1407],[-98.2303,31.1417],[-98.2329,31.1455],[-98.228,31.1453],[-98.2232,31.1427],[-98.2196,31.1439],[-98.2242,31.1444],[-98.2278,31.1472],[-98.2345,31.1467],[-98.2306,31.1496],[-98.2346,31.152],[-98.235,31.1505],[-98.2377,31.1508],[-98.2395,31.155],[-98.2388,31.148],[-98.2415,31.1443],[-98.2478,31.1496],[-98.2525,31.1489],[-98.2525,31.1416],[-98.2544,31.1412],[-98.2557,31.143],[-98.2589,31.1402],[-98.259,31.1444],[-98.2567,31.1465],[-98.2605,31.1449],[-98.26,31.1489],[-98.2617,31.1496],[-98.2633,31.1451],[-98.2677,31.1445],[-98.2676,31.142],[-98.2702,31.1413],[-98.2716,31.1444],[-98.2784,31.1425],[-98.2728,31.1485],[-98.2703,31.155],[-98.2737,31.1542],[-98.281,31.1457],[-98.2844,31.1483],[-98.2816,31.15],[-98.2806,31.1542],[-98.2842,31.1515],[-98.2876,31.1559],[-98.2914,31.1538],[-98.2917,31.1494],[-98.2942,31.1523],[-98.3097,31.1499],[-98.3066,31.1529],[-98.3108,31.1548],[-98.3114,31.157],[-98.306,31.1557],[-98.2968,31.159],[-98.3063,31.1625],[-98.3026,31.1652],[-98.3011,31.166],[-98.2999,31.1637],[-98.2969,31.1663],[-98.2932,31.1639],[-98.2857,31.1639],[-98.2872,31.1669],[-98.2914,31.168],[-98.2905,31.1703],[-98.2935,31.1732],[-98.2911,31.1738],[-98.2872,31.1715],[-98.2863,31.1749],[-98.2795,31.1675],[-98.2789,31.1721],[-98.2818,31.1748],[-98.2788,31.1743],[-98.276,31.1764],[-98.2718,31.169],[-98.2677,31.1684],[-98.2732,31.1758],[-98.2715,31.1787],[-98.268,31.1763],[-98.2687,31.179],[-98.2651,31.1798],[-98.2644,31.1817],[-98.2613,31.181],[-98.2611,31.1784],[-98.2577,31.1767],[-98.2548,31.1812],[-98.2446,31.1834],[-98.2478,31.1859],[-98.2505,31.1829],[-98.2537,31.1849],[-98.2523,31.1897],[-98.2499,31.1901],[-98.249,31.1927],[-98.252,31.1929],[-98.2505,31.1975],[-98.2556,31.197],[-98.2551,31.1912],[-98.2577,31.1883],[-98.2606,31.1944],[-98.2618,31.1938],[-98.2635,31.1849],[-98.2674,31.1833],[-98.2697,31.1834],[-98.2698,31.1883],[-98.2722,31.1885],[-98.2772,31.1832],[-98.2826,31.1824],[-98.2838,31.1843],[-98.2822,31.1867],[-98.286,31.1876],[-98.2885,31.1817],[-98.2899,31.1864],[-98.295,31.1882],[-98.2992,31.1822],[-98.3013,31.1863],[-98.2986,31.1937],[-98.3008,31.1951],[-98.3043,31.1842],[-98.3099,31.1917],[-98.3136,31.1865],[-98.3172,31.1897],[-98.3251,31.187],[-98.3246,31.1831],[-98.3278,31.1815],[-98.3295,31.1833],[-98.3383,31.1747],[-98.3397,31.1772],[-98.342,31.1746],[-98.3488,31.1773],[-98.352,31.1728],[-98.354,31.1763],[-98.3576,31.1762],[-98.3542,31.1788],[-98.3565,31.1808],[-98.348,31.1825],[-98.3454,31.1815],[-98.3411,31.184],[-98.345,31.1839],[-98.3483,31.1861],[-98.3433,31.1866],[-98.3435,31.1901],[-98.335,31.1886],[-98.3356,31.1916],[-98.3392,31.1935],[-98.338,31.195],[-98.3415,31.1963],[-98.339,31.2001],[-98.3481,31.1987],[-98.3469,31.2009],[-98.3487,31.2042],[-98.345,31.2028],[-98.3422,31.2058],[-98.3361,31.206],[-98.3316,31.2035],[-98.329,31.198],[-98.3285,31.2043],[-98.3231,31.2026],[-98.322,31.2061],[-98.3191,31.2062],[-98.3183,31.2079],[-98.3255,31.2061],[-98.3282,31.2065],[-98.3304,31.211],[-98.3329,31.2074],[-98.338,31.21],[-98.3438,31.2098],[-98.3447,31.212],[-98.3476,31.2118],[-98.3475,31.2142],[-98.3424,31.2155],[-98.3449,31.2209],[-98.3501,31.2162],[-98.3519,31.2165],[-98.3539,31.2175],[-98.3506,31.2211],[-98.3601,31.2192],[-98.3596,31.2224],[-98.3622,31.2239],[-98.3489,31.226],[-98.3567,31.2288],[-98.3544,31.2314],[-98.3569,31.2349],[-98.3559,31.2385],[-98.3509,31.2332],[-98.3428,31.2293],[-98.3438,31.2366],[-98.3392,31.2326],[-98.339,31.2373],[-98.3338,31.2303],[-98.3331,31.2344],[-98.3285,31.2337],[-98.3282,31.2258],[-98.3247,31.2264],[-98.321,31.2228],[-98.32,31.2251],[-98.3219,31.2284],[-98.3137,31.2271],[-98.314,31.2295],[-98.3097,31.2313],[-98.3085,31.2266],[-98.3049,31.2232],[-98.302,31.2261],[-98.3057,31.2305],[-98.3029,31.2336],[-98.2981,31.2305],[-98.2972,31.2418],[-98.2915,31.2373],[-98.2905,31.2314],[-98.287,31.2309],[-98.2892,31.2286],[-98.2876,31.226],[-98.2904,31.2215],[-98.2855,31.2229],[-98.2779,31.2181],[-98.2763,31.2208],[-98.2731,31.2185],[-98.2731,31.2233],[-98.2778,31.2264],[-98.2733,31.2268],[-98.2783,31.232],[-98.2757,31.235],[-98.2715,31.2313],[-98.2703,31.233],[-98.2662,31.2321],[-98.2642,31.2299],[-98.2632,31.223],[-98.2646,31.2217],[-98.2616,31.2219],[-98.2569,31.2156],[-98.255,31.2173],[-98.2578,31.2227],[-98.2506,31.2219],[-98.2506,31.2253],[-98.2553,31.2284],[-98.2568,31.2332],[-98.2508,31.2331],[-98.2471,31.2305],[-98.2442,31.2306],[-98.2426,31.2258],[-98.2375,31.2289],[-98.2448,31.234],[-98.2429,31.2359],[-98.2449,31.2384],[-98.2503,31.237],[-98.2528,31.2404],[-98.2542,31.2384],[-98.2569,31.2406],[-98.2564,31.2425],[-98.2604,31.2397],[-98.2627,31.2409],[-98.2659,31.2391],[-98.2638,31.243],[-98.2606,31.2433],[-98.2588,31.2454],[-98.2634,31.2455],[-98.2654,31.2478],[-98.2623,31.2478],[-98.2616,31.2502],[-98.2548,31.248],[-98.2583,31.2565],[-98.257,31.2572],[-98.2492,31.2505],[-98.2484,31.2523],[-98.2518,31.2581],[-98.2439,31.2571],[-98.2383,31.2525],[-98.2364,31.253],[-98.2345,31.2483],[-98.2308,31.2481],[-98.2349,31.2573],[-98.229,31.2585],[-98.2283,31.256],[-98.2253,31.2555],[-98.2224,31.2468],[-98.219,31.2463],[-98.2176,31.2486],[-98.2205,31.2547],[-98.2066,31.2553],[-98.2058,31.2585],[-98.2073,31.2606],[-98.2109,31.26],[-98.2122,31.2637],[-98.2144,31.2595],[-98.2162,31.2609],[-98.2174,31.2587],[-98.2226,31.2595],[-98.2221,31.2682],[-98.2276,31.2621],[-98.2296,31.2625],[-98.227,31.2682],[-98.2334,31.2658],[-98.2325,31.2735],[-98.2346,31.2704],[-98.2352,31.2615],[-98.2378,31.2611],[-98.2404,31.2636],[-98.2412,31.2617],[-98.244,31.2622],[-98.2444,31.264],[-98.2508,31.2634],[-98.2477,31.2692],[-98.2449,31.2686],[-98.2454,31.2715],[-98.2425,31.2748],[-98.2456,31.2784],[-98.2418,31.2808],[-98.246,31.2815],[-98.2471,31.2841],[-98.2478,31.2813],[-98.2508,31.2807],[-98.2477,31.2747],[-98.2494,31.2726],[-98.2529,31.2755],[-98.2537,31.2728],[-98.2602,31.274],[-98.259,31.2772],[-98.2608,31.2772],[-98.261,31.2807],[-98.2629,31.277],[-98.2666,31.2754],[-98.2657,31.2739],[-98.2682,31.2734],[-98.267,31.2715],[-98.2692,31.2676],[-98.274,31.2641],[-98.2768,31.2635],[-98.2726,31.2697],[-98.2763,31.269],[-98.2776,31.2713],[-98.2761,31.2729],[-98.2805,31.2739],[-98.2836,31.2726],[-98.2852,31.2692],[-98.288,31.2678],[-98.2897,31.269],[-98.2965,31.2648],[-98.2958,31.269],[-98.2987,31.2709],[-98.2892,31.2764],[-98.294,31.2764],[-98.2947,31.2809],[-98.2839,31.2831],[-98.2856,31.2858],[-98.2895,31.2846],[-98.2933,31.2874],[-98.3,31.2729],[-98.3023,31.2729],[-98.3021,31.2764],[-98.3039,31.276],[-98.3044,31.2785],[-98.3062,31.2764],[-98.3102,31.2789],[-98.307,31.27],[-98.3081,31.2672],[-98.3097,31.2673],[-98.3099,31.2699],[-98.3115,31.2688],[-98.3145,31.2703],[-98.3162,31.276],[-98.32,31.2696],[-98.3223,31.2723],[-98.322,31.2752],[-98.3257,31.2716],[-98.3254,31.2685],[-98.3324,31.2687],[-98.3287,31.275],[-98.3311,31.2754],[-98.3345,31.2723],[-98.3355,31.274],[-98.3382,31.2684],[-98.3402,31.2681],[-98.3396,31.2722],[-98.3415,31.2727],[-98.3401,31.2769],[-98.3426,31.2784],[-98.3289,31.2825],[-98.3313,31.2877],[-98.3232,31.2917],[-98.3262,31.2946],[-98.3275,31.2915],[-98.3305,31.2915],[-98.3338,31.2954],[-98.3355,31.2933],[-98.3338,31.2894],[-98.339,31.2863],[-98.3407,31.2921],[-98.3435,31.2923],[-98.3448,31.2899],[-98.3436,31.2873],[-98.3478,31.2877],[-98.3463,31.2847],[-98.3546,31.2774],[-98.3517,31.2879],[-98.3538,31.2875],[-98.3547,31.2894],[-98.3564,31.2885],[-98.3594,31.2912],[-98.3588,31.2849],[-98.364,31.2866],[-98.3656,31.2856],[-98.3654,31.2893],[-98.3674,31.2908],[-98.3726,31.2815],[-98.3744,31.2831],[-98.3735,31.2775],[-98.3774,31.2795],[-98.3791,31.284],[-98.3825,31.2827],[-98.3808,31.2751],[-98.3832,31.2745],[-98.3865,31.2676],[-98.3889,31.2687],[-98.3931,31.2664],[-98.3876,31.2778],[-98.3915,31.2738],[-98.3958,31.2735],[-98.3945,31.2755],[-98.396,31.2758],[-98.4011,31.2725],[-98.4037,31.2746],[-98.4068,31.2712],[-98.4083,31.276],[-98.3894,31.2825],[-98.3903,31.2857],[-98.3854,31.2863],[-98.3838,31.2908],[-98.3884,31.2904],[-98.392,31.2849],[-98.4006,31.2841],[-98.3961,31.291],[-98.3988,31.2919],[-98.4049,31.2879],[-98.4047,31.2954],[-98.4078,31.2927],[-98.4095,31.2865],[-98.4246,31.285],[-98.424,31.2882],[-98.413,31.2927],[-98.4222,31.2961],[-98.4105,31.3003],[-98.4152,31.301],[-98.415,31.3038],[-98.4212,31.3041],[-98.4185,31.308],[-98.4212,31.3146],[-98.4174,31.3151],[-98.4132,31.3085],[-98.4096,31.3119],[-98.409,31.3065],[-98.4042,31.3052],[-98.4015,31.3106],[-98.4004,31.3077],[-98.3968,31.3085],[-98.398,31.3027],[-98.3948,31.3035],[-98.3887,31.2976],[-98.3877,31.2988],[-98.3838,31.298],[-98.3838,31.3],[-98.3809,31.2994],[-98.3804,31.3013],[-98.3833,31.3053],[-98.3885,31.3064],[-98.3875,31.3082],[-98.3849,31.3078],[-98.3862,31.3113],[-98.381,31.3085],[-98.3817,31.3121],[-98.3802,31.3126],[-98.3745,31.3113],[-98.3732,31.309],[-98.3713,31.3103],[-98.3682,31.3093],[-98.3667,31.311],[-98.37,31.3147],[-98.3753,31.3129],[-98.375,31.316],[-98.3783,31.3158],[-98.3809,31.3193],[-98.3864,31.3212],[-98.387,31.3232],[-98.3803,31.3232],[-98.3876,31.3276],[-98.3786,31.3273],[-98.3728,31.324],[-98.3737,31.3267],[-98.3694,31.3274],[-98.3654,31.3234],[-98.3637,31.3253],[-98.361,31.3227],[-98.3575,31.323],[-98.3559,31.3197],[-98.3517,31.3241],[-98.3475,31.3214],[-98.3437,31.3221],[-98.3491,31.3253],[-98.3458,31.3267],[-98.3459,31.3281],[-98.352,31.3263],[-98.3526,31.3289],[-98.3559,31.3248],[-98.3566,31.3281],[-98.3596,31.3281],[-98.3584,31.3317],[-98.3609,31.329],[-98.3646,31.3289],[-98.3678,31.3319],[-98.3688,31.336],[-98.3755,31.3313],[-98.3785,31.3332],[-98.3805,31.3318],[-98.3831,31.3332],[-98.3774,31.3429],[-98.3723,31.3446],[-98.3741,31.3458],[-98.3774,31.3441],[-98.3782,31.3459],[-98.382,31.3395],[-98.3866,31.3374],[-98.3873,31.3412],[-98.3953,31.3397],[-98.3948,31.343],[-98.3873,31.3475],[-98.3913,31.3485],[-98.3904,31.3519],[-98.3961,31.3485],[-98.3987,31.3495],[-98.3977,31.3559],[-98.4025,31.3507],[-98.4039,31.3452],[-98.4145,31.3443],[-98.4077,31.348],[-98.4069,31.3541],[-98.4142,31.3525],[-98.4166,31.354],[-98.4155,31.3562],[-98.4091,31.3582],[-98.4042,31.3625],[-98.4087,31.3632],[-98.4229,31.3584],[-98.4174,31.365],[-98.4204,31.3701],[-98.4233,31.3659],[-98.4351,31.3638],[-98.4473,31.3581],[-98.4394,31.365],[-98.4423,31.3681],[-98.4458,31.3686],[-98.4437,31.3718],[-98.4382,31.3708],[-98.436,31.3683],[-98.4301,31.37],[-98.4316,31.3715],[-98.4281,31.374],[-98.4309,31.3758],[-98.4298,31.3776],[-98.4342,31.3793],[-98.4327,31.3809],[-98.4285,31.3814],[-98.4252,31.3769],[-98.4226,31.3771],[-98.4284,31.3919],[-98.4236,31.3922],[-98.4234,31.3887],[-98.4195,31.3873],[-98.4179,31.3817],[-98.4146,31.3807],[-98.4162,31.3771],[-98.4145,31.3735],[-98.409,31.3727],[-98.4124,31.3769],[-98.408,31.3769],[-98.4045,31.3822],[-98.4046,31.3864],[-98.4012,31.3855],[-98.398,31.382],[-98.4028,31.3738],[-98.3984,31.3758],[-98.3988,31.3727],[-98.3958,31.3708],[-98.3952,31.375],[-98.3886,31.3765],[-98.3881,31.3739],[-98.3904,31.371],[-98.3894,31.3667],[-98.3866,31.3722],[-98.3845,31.3655],[-98.382,31.3651],[-98.3804,31.3708],[-98.3777,31.3639],[-98.3748,31.3659],[-98.3742,31.3625],[-98.3716,31.364],[-98.3677,31.3597],[-98.3665,31.3631],[-98.3692,31.3691],[-98.3723,31.3694],[-98.373,31.3721],[-98.3771,31.3716],[-98.3817,31.3807],[-98.3888,31.3836],[-98.3825,31.3842],[-98.3856,31.3911],[-98.3818,31.3895],[-98.38,31.3926],[-98.3789,31.3852],[-98.3758,31.3817],[-98.3729,31.3837],[-98.3726,31.3885],[-98.3699,31.3862],[-98.3669,31.387],[-98.3694,31.3809],[-98.3667,31.3779],[-98.3674,31.3759],[-98.3642,31.3805],[-98.3613,31.3796],[-98.3633,31.374],[-98.3609,31.3775],[-98.3549,31.3772],[-98.3608,31.3687],[-98.358,31.3692],[-98.3574,31.3653],[-98.3555,31.365],[-98.356,31.3601],[-98.3541,31.3594],[-98.3518,31.3695],[-98.3491,31.3686],[-98.3479,31.3716],[-98.3464,31.3671],[-98.3484,31.3625],[-98.3431,31.3639],[-98.3404,31.3681],[-98.3387,31.3607],[-98.3467,31.3558],[-98.3389,31.3525],[-98.3382,31.3575],[-98.3347,31.3553],[-98.3326,31.3561],[-98.3319,31.3514],[-98.3298,31.3526],[-98.324,31.3502],[-98.3243,31.3407],[-98.3202,31.3434],[-98.3184,31.3405],[-98.3177,31.3431],[-98.3205,31.3469],[-98.3209,31.352],[-98.3245,31.3557],[-98.3171,31.3554],[-98.3141,31.3526],[-98.3136,31.3548],[-98.3084,31.3548],[-98.3083,31.3592],[-98.3048,31.3593],[-98.3055,31.3557],[-98.302,31.355],[-98.3125,31.3464],[-98.3122,31.3445],[-98.3098,31.3463],[-98.3082,31.3456],[-98.3055,31.3504],[-98.3016,31.3522],[-98.2981,31.3468],[-98.3012,31.3451],[-98.2993,31.3403],[-98.3016,31.3383],[-98.2965,31.3377],[-98.2958,31.3344],[-98.295,31.3364],[-98.2921,31.3363],[-98.2955,31.3403],[-98.2926,31.3458],[-98.2918,31.3421],[-98.2859,31.3407],[-98.2841,31.3347],[-98.2814,31.3351],[-98.2797,31.3325],[-98.2802,31.3383],[-98.2843,31.3443],[-98.2812,31.3434],[-98.2798,31.3449],[-98.2777,31.3417],[-98.2752,31.3449],[-98.2745,31.3408],[-98.2718,31.3425],[-98.2717,31.3376],[-98.2663,31.3375],[-98.2664,31.3341],[-98.2616,31.3342],[-98.2598,31.3306],[-98.2582,31.3327],[-98.2594,31.3352],[-98.2692,31.3464],[-98.2585,31.3427],[-98.2575,31.345],[-98.2536,31.3448],[-98.2528,31.348],[-98.2451,31.3443],[-98.2458,31.3479],[-98.2394,31.3461],[-98.2368,31.35],[-98.2325,31.3505],[-98.2355,31.3525],[-98.2403,31.351],[-98.2413,31.3533],[-98.2446,31.3509],[-98.2481,31.3519],[-98.2493,31.3539],[-98.2466,31.3553],[-98.2468,31.3573],[-98.2518,31.3566],[-98.2519,31.3598],[-98.255,31.3533],[-98.2591,31.3509],[-98.2606,31.355],[-98.2586,31.356],[-98.2601,31.3594],[-98.2582,31.3618],[-98.2653,31.361],[-98.2617,31.3678],[-98.271,31.3668],[-98.266,31.3715],[-98.2703,31.3749],[-98.2657,31.3756],[-98.2632,31.3726],[-98.26,31.3723],[-98.2582,31.3762],[-98.2567,31.3705],[-98.2538,31.3686],[-98.2522,31.3712],[-98.2497,31.3712],[-98.2489,31.3746],[-98.2463,31.3703],[-98.241,31.3676],[-98.2409,31.3751],[-98.2362,31.3772],[-98.2357,31.3698],[-98.2319,31.3713],[-98.2317,31.3647],[-98.2272,31.363],[-98.2254,31.3662],[-98.2175,31.357],[-98.2163,31.3588],[-98.2199,31.362],[-98.2192,31.3654],[-98.2227,31.3679],[-98.2204,31.3711],[-98.2222,31.373],[-98.2214,31.3768],[-98.2142,31.3691],[-98.2112,31.3696],[-98.2145,31.3781],[-98.2118,31.375],[-98.2065,31.3757],[-98.2023,31.3703],[-98.2014,31.3755],[-98.203,31.3779],[-98.2009,31.3822],[-98.2064,31.3776],[-98.2062,31.3817],[-98.2133,31.3831],[-98.2081,31.3901],[-98.2158,31.3855],[-98.2215,31.3855],[-98.2157,31.3917],[-98.2213,31.3899],[-98.2214,31.3914],[-98.2193,31.3968],[-98.2138,31.3999],[-98.2121,31.3978],[-98.204,31.3996],[-98.2059,31.4009],[-98.2095,31.3999],[-98.2143,31.4042],[-98.2182,31.3985],[-98.2217,31.3991],[-98.2248,31.3951],[-98.2276,31.4023],[-98.2301,31.4006],[-98.2288,31.3964],[-98.231,31.3958],[-98.2277,31.3932],[-98.2301,31.3919],[-98.2294,31.3888],[-98.231,31.3891],[-98.23,31.3857],[-98.2325,31.3864],[-98.2344,31.3846],[-98.2331,31.3914],[-98.2359,31.3912],[-98.2366,31.394],[-98.2394,31.395],[-98.2404,31.3917],[-98.238,31.3872],[-98.2418,31.3883],[-98.2415,31.3828],[-98.2444,31.3843],[-98.2469,31.3792],[-98.248,31.3852],[-98.2544,31.3825],[-98.2521,31.3866],[-98.2487,31.3876],[-98.2497,31.3889],[-98.2473,31.3921],[-98.2505,31.3924],[-98.2519,31.3985],[-98.2505,31.4015],[-98.2529,31.4],[-98.2529,31.3913],[-98.2556,31.3936],[-98.2591,31.3843],[-98.2622,31.3843],[-98.2619,31.3881],[-98.2655,31.3864],[-98.2612,31.394],[-98.263,31.3947],[-98.2653,31.3912],[-98.2687,31.3953],[-98.2695,31.3857],[-98.2723,31.3877],[-98.2754,31.3817],[-98.2803,31.3865],[-98.2804,31.3848],[-98.2867,31.3829],[-98.2864,31.3777],[-98.2889,31.3774],[-98.2923,31.3826],[-98.2951,31.3837],[-98.2975,31.3824],[-98.3018,31.3845],[-98.2989,31.3872],[-98.3046,31.3884],[-98.3009,31.3905],[-98.2904,31.3909],[-98.2941,31.3956],[-98.29,31.3987],[-98.2872,31.3984],[-98.2862,31.4009],[-98.2828,31.4006],[-98.2859,31.4021],[-98.2859,31.4047],[-98.2983,31.397],[-98.2972,31.4019],[-98.3026,31.4018],[-98.2948,31.4092],[-98.2967,31.4101],[-98.2999,31.4083],[-98.3008,31.4109],[-98.3041,31.4119],[-98.3048,31.4061],[-98.3084,31.4073],[-98.3089,31.4095],[-98.3103,31.4035],[-98.3127,31.4045],[-98.3128,31.3997],[-98.3105,31.398],[-98.3129,31.3952],[-98.3173,31.3961],[-98.3174,31.399],[-98.3156,31.399],[-98.3181,31.4013],[-98.3173,31.4036],[-98.3195,31.4031],[-98.3207,31.3999],[-98.3224,31.403],[-98.3217,31.3933],[-98.3287,31.3909],[-98.3258,31.3977],[-98.3347,31.3923],[-98.3346,31.3961],[-98.3319,31.3963],[-98.3272,31.4026],[-98.3307,31.403],[-98.3302,31.4043],[-98.3376,31.4017],[-98.3386,31.4036],[-98.3349,31.4044],[-98.3328,31.4074],[-98.3278,31.407],[-98.3269,31.41],[-98.3247,31.4079],[-98.3176,31.4121],[-98.3222,31.4124],[-98.3221,31.4142],[-98.3252,31.4132],[-98.3248,31.4161],[-98.3211,31.4184],[-98.3235,31.421],[-98.3304,31.4137],[-98.3325,31.4139],[-98.3327,31.4108],[-98.3356,31.4087],[-98.3355,31.4122],[-98.3403,31.4099],[-98.3391,31.4141],[-98.345,31.4136],[-98.3356,31.4222],[-98.3409,31.4217],[-98.3405,31.4252],[-98.3434,31.4233],[-98.3452,31.4174],[-98.3473,31.4192],[-98.3524,31.4179],[-98.3506,31.4222],[-98.3533,31.4218],[-98.3542,31.4277],[-98.3543,31.4232],[-98.3574,31.4197],[-98.3555,31.4156],[-98.3582,31.4147],[-98.3597,31.4172],[-98.3604,31.4122],[-98.3635,31.4162],[-98.3668,31.4132],[-98.3692,31.4134],[-98.3675,31.4175],[-98.365,31.4187],[-98.366,31.4207],[-98.3705,31.4194],[-98.3712,31.4167],[-98.3739,31.4181],[-98.3767,31.4161],[-98.3783,31.4181],[-98.3763,31.4183],[-98.3779,31.4199],[-98.3767,31.4213],[-98.3785,31.4228],[-98.3737,31.4236],[-98.3761,31.4261],[-98.3721,31.4243],[-98.3629,31.428],[-98.3654,31.4281],[-98.3678,31.4314],[-98.3699,31.4295],[-98.3717,31.4317],[-98.3711,31.4361],[-98.3741,31.4317],[-98.376,31.4335],[-98.3788,31.4315],[-98.3799,31.4342],[-98.3777,31.4374],[-98.3806,31.4387],[-98.3783,31.4424],[-98.3833,31.4354],[-98.3859,31.4373],[-98.3856,31.4334],[-98.3896,31.4335],[-98.3892,31.4261],[-98.3908,31.4287],[-98.3946,31.4274],[-98.3931,31.4322],[-98.3963,31.4307],[-98.3951,31.4352],[-98.3988,31.4364],[-98.4012,31.4342],[-98.4017,31.4361],[-98.4056,31.4363],[-98.4022,31.4399],[-98.3917,31.4398],[-98.3926,31.4438],[-98.3969,31.4433],[-98.3964,31.4494],[-98.3987,31.4464],[-98.4017,31.4506],[-98.4028,31.4426],[-98.4062,31.4454],[-98.4073,31.4494],[-98.4083,31.4447],[-98.4101,31.4441],[-98.4077,31.4411],[-98.4097,31.4394],[-98.4179,31.4415],[-98.4204,31.4368],[-98.4277,31.4333],[-98.4264,31.441],[-98.4231,31.4417],[-98.4224,31.4442],[-98.4182,31.4465],[-98.4185,31.4483],[-98.4228,31.4477],[-98.4254,31.4445],[-98.4267,31.446],[-98.4297,31.443],[-98.4305,31.4468],[-98.4341,31.4449],[-98.4372,31.4468],[-98.4388,31.4456],[-98.4368,31.4433],[-98.4377,31.4416],[-98.4422,31.4438],[-98.4433,31.4399],[-98.4462,31.447],[-98.4491,31.4437],[-98.4483,31.4394],[-98.4509,31.4394],[-98.4487,31.4358],[-98.4521,31.4341],[-98.4514,31.4307],[-98.4531,31.4316],[-98.4559,31.4299],[-98.4576,31.4244],[-98.4609,31.4217],[-98.4618,31.4243],[-98.4591,31.4283],[-98.4605,31.4278],[-98.4608,31.4296],[-98.4556,31.4348],[-98.458,31.4355],[-98.4574,31.438],[-98.4603,31.4396],[-98.4572,31.441],[-98.4564,31.4463],[-98.4626,31.4434],[-98.4621,31.4462],[-98.4642,31.4472],[-98.4677,31.4444],[-98.4712,31.4451],[-98.4718,31.442],[-98.4741,31.4454],[-98.4814,31.4408],[-98.4829,31.4427],[-98.4875,31.4419],[-98.4875,31.4392],[-98.4928,31.4363],[-98.4894,31.4401],[-98.4906,31.4422],[-98.488,31.4462],[-98.4883,31.4497],[-98.4816,31.4475],[-98.4708,31.4526],[-98.4591,31.4538],[-98.4713,31.459],[-98.4686,31.4598],[-98.4706,31.463],[-98.4676,31.4609],[-98.4634,31.4616],[-98.4591,31.4584],[-98.4591,31.4632],[-98.4572,31.4613],[-98.4544,31.4634],[-98.4541,31.4607],[-98.4498,31.462],[-98.449,31.4585],[-98.4455,31.4571],[-98.4446,31.4625],[-98.4412,31.4617],[-98.4396,31.4637],[-98.4355,31.4622],[-98.4346,31.4657],[-98.4225,31.4673],[-98.4244,31.4707],[-98.4306,31.4707],[-98.4297,31.4746],[-98.4324,31.473],[-98.4339,31.4747],[-98.4391,31.4706],[-98.4444,31.4732],[-98.4389,31.4778],[-98.4406,31.4824],[-98.4376,31.4825],[-98.4367,31.4808],[-98.4348,31.4827],[-98.4329,31.4811],[-98.4304,31.4827],[-98.4277,31.4814],[-98.4273,31.4833],[-98.43,31.4856],[-98.4369,31.4871],[-98.4374,31.4896],[-98.4355,31.4909],[-98.4376,31.4943],[-98.4418,31.4934],[-98.4411,31.497],[-98.4442,31.498],[-98.4479,31.4947],[-98.4491,31.4989],[-98.4567,31.5026],[-98.4606,31.5083],[-98.4749,31.5151],[-98.4642,31.5131],[-98.4566,31.5063],[-98.4562,31.5089],[-98.4533,31.507],[-98.4515,31.508],[-98.448,31.5026],[-98.4475,31.504],[-98.4455,31.5022],[-98.441,31.5032],[-98.4425,31.5122],[-98.4464,31.5166],[-98.4451,31.5182],[-98.4531,31.5202],[-98.4548,31.5236],[-98.4577,31.5229],[-98.4579,31.525],[-98.4612,31.5265],[-98.4627,31.5312],[-98.4602,31.532],[-98.4632,31.5378],[-98.4592,31.5354],[-98.4564,31.5295],[-98.4521,31.5279],[-98.452,31.5257],[-98.4433,31.5207],[-98.4408,31.5269],[-98.4437,31.5282],[-98.4438,31.5305],[-98.4422,31.5315],[-98.4398,31.5272],[-98.4378,31.5298],[-98.437,31.5178],[-98.434,31.5175],[-98.4352,31.5078],[-98.4316,31.5045],[-98.4336,31.5017],[-98.432,31.4996],[-98.427,31.4966],[-98.4261,31.501],[-98.4207,31.5073],[-98.4194,31.5047],[-98.4221,31.5027],[-98.4211,31.4988],[-98.4229,31.4971],[-98.4193,31.4889],[-98.4108,31.4912],[-98.4086,31.495],[-98.409,31.4885],[-98.4156,31.4854],[-98.4101,31.4815],[-98.4134,31.48],[-98.4106,31.4773],[-98.4027,31.4774],[-98.3963,31.4726],[-98.389,31.4725],[-98.3869,31.475],[-98.3916,31.4831],[-98.3871,31.4811],[-98.3847,31.484],[-98.3833,31.4802],[-98.3803,31.4794],[-98.3814,31.4755],[-98.3798,31.4716],[-98.3824,31.4677],[-98.3777,31.4655],[-98.3757,31.4702],[-98.3733,31.4658],[-98.3712,31.4676],[-98.3722,31.4725],[-98.3691,31.4723],[-98.3696,31.4771],[-98.3673,31.4767],[-98.3656,31.4807],[-98.3679,31.4848],[-98.3642,31.4867],[-98.3629,31.4827],[-98.3608,31.4832],[-98.363,31.4797],[-98.3626,31.4751],[-98.3593,31.4762],[-98.3627,31.4716],[-98.3613,31.4667],[-98.3638,31.4657],[-98.3639,31.4635],[-98.3623,31.4611],[-98.3598,31.4615],[-98.3542,31.4576],[-98.3561,31.4643],[-98.3546,31.468],[-98.3527,31.4623],[-98.3512,31.466],[-98.3467,31.468],[-98.3495,31.4638],[-98.3458,31.4644],[-98.3498,31.4591],[-98.3495,31.457],[-98.3452,31.4585],[-98.3473,31.4525],[-98.3422,31.4504],[-98.3418,31.4555],[-98.3396,31.454],[-98.3384,31.4556],[-98.3365,31.4503],[-98.3323,31.452],[-98.3312,31.4483],[-98.3293,31.4503],[-98.325,31.4493],[-98.3243,31.4443],[-98.3202,31.4465],[-98.3156,31.4431],[-98.3215,31.4512],[-98.3239,31.4504],[-98.3259,31.4524],[-98.3244,31.4544],[-98.33,31.4559],[-98.3322,31.4592],[-98.3302,31.4605],[-98.3315,31.4637],[-98.3284,31.4662],[-98.3234,31.4602],[-98.3222,31.4651],[-98.3193,31.4655],[-98.32,31.4581],[-98.3185,31.4554],[-98.3164,31.4534],[-98.3147,31.4549],[-98.3157,31.4563],[-98.3131,31.4612],[-98.3102,31.4575],[-98.3082,31.4489],[-98.3035,31.4571],[-98.3043,31.4612],[-98.3029,31.4589],[-98.3004,31.4589],[-98.2993,31.4559],[-98.3016,31.4546],[-98.3022,31.4503],[-98.2972,31.4527],[-98.2966,31.4514],[-98.2999,31.4489],[-98.2989,31.4473],[-98.3015,31.4469],[-98.3,31.4426],[-98.3036,31.4396],[-98.3011,31.4397],[-98.3004,31.438],[-98.2986,31.4413],[-98.296,31.4404],[-98.2953,31.4457],[-98.294,31.4433],[-98.2922,31.4447],[-98.2917,31.4334],[-98.2896,31.4356],[-98.2868,31.4333],[-98.2832,31.4358],[-98.2819,31.4307],[-98.2774,31.4306],[-98.2754,31.4284],[-98.2724,31.4326],[-98.2704,31.4282],[-98.2678,31.4303],[-98.2639,31.4242],[-98.2632,31.43],[-98.2604,31.4305],[-98.2551,31.4204],[-98.2513,31.4215],[-98.2539,31.4282],[-98.2489,31.4247],[-98.2479,31.4285],[-98.2411,31.4233],[-98.2418,31.4263],[-98.2381,31.4265],[-98.2377,31.4286],[-98.2423,31.4303],[-98.2419,31.4324],[-98.2462,31.4327],[-98.2433,31.4379],[-98.2476,31.437],[-98.2503,31.4296],[-98.2544,31.4322],[-98.2524,31.4367],[-98.2569,31.4362],[-98.2529,31.4409],[-98.2558,31.4397],[-98.2574,31.4431],[-98.2613,31.4379],[-98.2631,31.4399],[-98.2627,31.4439],[-98.2689,31.4393],[-98.2819,31.4372],[-98.2765,31.4411],[-98.2797,31.4452],[-98.2745,31.4437],[-98.2702,31.4457],[-98.271,31.4476],[-98.2745,31.4471],[-98.2732,31.452],[-98.2693,31.4499],[-98.2699,31.4524],[-98.2673,31.4521],[-98.2676,31.4541],[-98.2633,31.4526],[-98.2627,31.455],[-98.2559,31.4544],[-98.2618,31.4568],[-98.262,31.461],[-98.2644,31.4567],[-98.2654,31.4595],[-98.2689,31.4574],[-98.2682,31.4606],[-98.2727,31.459],[-98.2721,31.457],[-98.2747,31.4575],[-98.2746,31.4558],[-98.2839,31.4538],[-98.2857,31.4564],[-98.2784,31.4604],[-98.2828,31.4616],[-98.2841,31.4646],[-98.2771,31.4646],[-98.2759,31.4672],[-98.2724,31.4658],[-98.2714,31.4681],[-98.2676,31.4672],[-98.2663,31.4692],[-98.2686,31.4702],[-98.2683,31.4722],[-98.2731,31.4695],[-98.274,31.4733],[-98.2756,31.4716],[-98.2775,31.4731],[-98.2807,31.4691],[-98.2913,31.4683],[-98.2909,31.4713],[-98.2869,31.4728],[-98.2854,31.4767],[-98.28,31.4774],[-98.2772,31.4801],[-98.282,31.4798],[-98.2826,31.4838],[-98.2937,31.4761],[-98.2918,31.4813],[-98.2877,31.4845],[-98.2922,31.4856],[-98.2894,31.4897],[-98.2929,31.492],[-98.2946,31.4907],[-98.2974,31.4916],[-98.2972,31.4956],[-98.3053,31.4991],[-98.3096,31.4978],[-98.313,31.494],[-98.3121,31.4989],[-98.3151,31.4981],[-98.3161,31.5005],[-98.3129,31.5025],[-98.32,31.5069],[-98.3204,31.5115],[-98.3289,31.5114],[-98.3338,31.5146],[-98.3364,31.5139]],[[-98.222,30.8757],[-98.2247,30.8796],[-98.2191,30.8814],[-98.2218,30.8844],[-98.2266,30.8846],[-98.2253,30.8853],[-98.216,30.8831],[-98.2004,30.8866],[-98.1876,30.8844],[-98.1792,30.8853],[-98.1857,30.8883],[-98.183,30.8906],[-98.1882,30.8945],[-98.1894,30.8985],[-98.1941,30.8982],[-98.1957,30.9003],[-98.2028,30.9013],[-98.202,30.9025],[-98.1927,30.9023],[-98.1838,30.8997],[-98.1753,30.8925],[-98.173,30.8948],[-98.1707,30.892],[-98.167,30.8937],[-98.1652,30.8875],[-98.1603,30.8897],[-98.1591,30.8872],[-98.1559,30.8878],[-98.1544,30.8831],[-98.1498,30.8826],[-98.1449,30.877],[-98.1414,30.8776],[-98.1389,30.8811],[-98.137,30.879],[-98.1385,30.8731],[-98.1339,30.8753],[-98.1334,30.8708],[-98.1265,30.8693],[-98.1245,30.8711],[-98.123,30.8674],[-98.1192,30.8681],[-98.1171,30.8625],[-98.1142,30.8713],[-98.1106,30.8696],[-98.1094,30.8664],[-98.1052,30.8661],[-98.1061,30.8617],[-98.1039,30.8615],[-98.1027,30.8584],[-98.0986,30.8588],[-98.098,30.8615],[-98.094,30.8614],[-98.0925,30.8636],[-98.0901,30.8603],[-98.0897,30.8539],[-98.0865,30.851],[-98.0824,30.8532],[-98.0825,30.8607],[-98.0809,30.8584],[-98.0784,30.8586],[-98.0768,30.8552],[-98.0737,30.8553],[-98.0718,30.8486],[-98.0653,30.8497],[-98.0643,30.8516],[-98.0664,30.8545],[-98.0625,30.8556],[-98.0618,30.8611],[-98.0585,30.8585],[-98.0552,30.8489],[-98.0502,30.8504],[-98.0508,30.8444],[-98.045,30.8444],[-98.042,30.8463],[-98.0401,30.8425],[-98.0359,30.841],[-98.036,30.8468],[-98.0336,30.852],[-98.0311,30.8449],[-98.028,30.8422],[-98.0252,30.8421],[-98.0254,30.8388],[-98.0208,30.8364],[-98.0184,30.8364],[-98.0175,30.8388],[-98.015,30.8358],[-98.0125,30.8364],[-98.015,30.8435],[-98.0121,30.8409],[-98.008,30.8407],[-98.0069,30.8421],[-98.0042,30.8403],[-98.0001,30.8449],[-98.0,30.8348],[-97.9985,30.8337],[-97.9958,30.8365],[-97.9927,30.8351],[-97.994,30.8423],[-97.9883,30.8381],[-97.9873,30.8344],[-97.978,30.8341],[-97.9731,30.8353],[-97.9711,30.8425],[-97.9709,30.8303],[-97.9691,30.8288],[-97.9637,30.8279],[-97.9619,30.8325],[-97.9588,30.8291],[-97.9561,30.8313],[-97.9556,30.8281],[-97.951,30.8268],[-97.944,30.8203],[-97.939,30.8241],[-97.9394,30.826],[-97.945,30.8291],[-97.9418,30.8306],[-97.944,30.833],[-97.9387,30.8394],[-97.9356,30.827],[-97.9337,30.8256],[-97.9232,30.8258],[-97.9243,30.8225],[-97.9208,30.8161],[-97.9167,30.8137],[-97.9136,30.8141],[-97.9193,30.8049],[-97.9114,30.8012],[-97.9183,30.7945],[-97.9157,30.7881],[-97.9191,30.7873],[-97.9176,30.7811],[-97.9158,30.783],[-97.9114,30.7809],[-97.9179,30.7761],[-97.9154,30.7719],[-97.912,30.7739],[-97.9068,30.7716],[-97.9121,30.7682],[-97.9097,30.7658],[-97.9144,30.763],[-97.9093,30.7612],[-97.9103,30.7571],[-97.9063,30.7565],[-97.9086,30.7526],[-97.9068,30.7491],[-97.9008,30.747],[-97.9002,30.7451],[-97.898,30.7468],[-97.899,30.7419],[-97.8974,30.7388],[-97.8928,30.7394],[-97.8927,30.7435],[-97.8887,30.745],[-97.8881,30.7416],[-97.8861,30.7407],[-97.8881,30.7382],[-97.8857,30.7373],[-97.8881,30.7365],[-97.889,30.7334],[-97.8824,30.7282],[-97.8836,30.726],[-97.8822,30.7237],[-97.8772,30.7217],[-97.8737,30.7224],[-97.8728,30.7245],[-97.8753,30.7291],[-97.8704,30.7282],[-97.8603,30.7135],[-97.857,30.7169],[-97.8584,30.7196],[-97.854,30.7243],[-97.8556,30.7279],[-97.8582,30.7288],[-97.8543,30.7308],[-97.8558,30.7344],[-97.8512,30.7335],[-97.8527,30.7399],[-97.8467,30.7338],[-97.848,30.7274],[-97.8437,30.7241],[-97.8417,30.7141],[-97.8386,30.7128],[-97.8369,30.7143],[-97.8379,30.7191],[-97.835,30.7208],[-97.8336,30.7251],[-97.8296,30.7165],[-97.8271,30.7174],[-97.8255,30.7161],[-97.8256,30.7203],[-97.8283,30.7214],[-97.8287,30.7255],[-97.8252,30.7239],[-97.8256,30.7273],[-97.8239,30.7271],[-97.8217,30.7306],[-97.8212,30.7187],[-97.8188,30.722],[-97.8172,30.7217],[-97.8388,30.681],[-97.8533,30.663],[-97.8538,30.6672],[-97.8625,30.6667],[-97.8647,30.6689],[-97.8598,30.6706],[-97.8588,30.6733],[-97.852,30.6745],[-97.8519,30.6786],[-97.8578,30.6773],[-97.8595,30.6841],[-97.8568,30.6886],[-97.8532,30.6895],[-97.8541,30.691],[-97.8625,30.687],[-97.8644,30.6824],[-97.867,30.6857],[-97.8704,30.6741],[-97.8754,30.6754],[-97.8734,30.6798],[-97.8748,30.682],[-97.8796,30.6824],[-97.8817,30.6816],[-97.8808,30.6784],[-97.8838,30.6786],[-97.8828,30.6731],[-97.8845,30.6735],[-97.8858,30.67],[-97.8891,30.6685],[-97.8904,30.6717],[-97.8945,30.6727],[-97.8963,30.6705],[-97.8982,30.6761],[-97.8935,30.6818],[-97.8927,30.6891],[-97.8967,30.6925],[-97.8994,30.6933],[-97.9008,30.6881],[-97.9039,30.6893],[-97.9083,30.6837],[-97.9084,30.6873],[-97.906,30.6897],[-97.9073,30.6916],[-97.9126,30.6908],[-97.9143,30.6867],[-97.9172,30.69],[-97.9221,30.6888],[-97.9219,30.6938],[-97.9339,30.6922],[-97.9288,30.6938],[-97.9293,30.696],[-97.9325,30.6969],[-97.9309,30.6979],[-97.9326,30.701],[-97.9263,30.7002],[-97.925,30.7039],[-97.9324,30.707],[-97.933,30.7046],[-97.9384,30.702],[-97.9415,30.704],[-97.9445,30.7013],[-97.9463,30.7045],[-97.95,30.7045],[-97.9442,30.7081],[-97.9433,30.7129],[-97.945,30.7145],[-97.9494,30.7128],[-97.9507,30.7157],[-97.9555,30.7165],[-97.9598,30.7213],[-97.9536,30.7228],[-97.9533,30.7257],[-97.949,30.7255],[-97.9495,30.7279],[-97.9533,30.7295],[-97.9557,30.7266],[-97.9594,30.7273],[-97.962,30.7257],[-97.9646,30.7264],[-97.9641,30.7287],[-97.9689,30.7253],[-97.9724,30.7291],[-97.9774,30.7215],[-97.9784,30.7245],[-97.9819,30.7227],[-97.9841,30.7249],[-97.9828,30.7284],[-97.9861,30.7286],[-97.9862,30.7321],[-97.9894,30.7342],[-97.9934,30.727],[-97.9953,30.7347],[-97.9971,30.7357],[-98.0008,30.7346],[-98.0007,30.7315],[-98.0044,30.7269],[-98.0072,30.7312],[-98.0076,30.7269],[-98.0113,30.7268],[-98.0116,30.7287],[-98.0155,30.7259],[-98.019,30.7275],[-98.0194,30.7306],[-98.0221,30.729],[-98.0251,30.7323],[-98.0204,30.7359],[-98.0207,30.7376],[-98.0296,30.7356],[-98.0301,30.7393],[-98.0273,30.7422],[-98.0348,30.7428],[-98.0325,30.7469],[-98.0366,30.7504],[-98.0335,30.7528],[-98.04,30.7564],[-98.0464,30.753],[-98.0474,30.7562],[-98.0519,30.7508],[-98.0548,30.7572],[-98.0584,30.7521],[-98.0609,30.7531],[-98.0612,30.7575],[-98.0646,30.7573],[-98.0654,30.7557],[-98.0673,30.7567],[-98.0698,30.7541],[-98.0711,30.7558],[-98.0775,30.7534],[-98.0814,30.7547],[-98.0651,30.7627],[-98.0655,30.7646],[-98.0742,30.7674],[-98.0678,30.7678],[-98.0671,30.7716],[-98.0634,30.7706],[-98.0619,30.7727],[-98.0579,30.7698],[-98.0552,30.7741],[-98.0533,30.7704],[-98.0502,30.7693],[-98.0489,30.7707],[-98.0473,30.767],[-98.0442,30.7699],[-98.0421,30.7673],[-98.0395,30.7686],[-98.0361,30.7659],[-98.0345,30.7703],[-98.037,30.7722],[-98.035,30.7757],[-98.0375,30.7777],[-98.0332,30.7789],[-98.0294,30.7751],[-98.0281,30.776],[-98.0254,30.7682],[-98.0206,30.7696],[-98.0202,30.7637],[-98.0181,30.7635],[-98.0172,30.7659],[-98.0126,30.7679],[-98.0135,30.7641],[-98.0122,30.7607],[-98.0099,30.7598],[-98.0108,30.7573],[-98.0061,30.7535],[-98.0013,30.7536],[-98.0001,30.7486],[-97.996,30.7482],[-97.993,30.7449],[-97.9887,30.7452],[-97.9876,30.7474],[-97.9808,30.7439],[-97.9775,30.7492],[-97.9939,30.7522],[-97.9994,30.7566],[-97.9991,30.7652],[-97.9937,30.7578],[-97.9876,30.7597],[-97.9867,30.7634],[-97.9799,30.7604],[-97.9793,30.763],[-97.9767,30.7627],[-97.9739,30.7593],[-97.9705,30.7591],[-97.9685,30.7558],[-97.9652,30.76],[-97.9688,30.7632],[-97.9669,30.7651],[-97.9705,30.7696],[-97.984,30.7718],[-97.9895,30.7742],[-97.9914,30.777],[-97.9815,30.7751],[-97.9808,30.7781],[-97.9724,30.7805],[-97.9729,30.7827],[-97.9781,30.7854],[-97.9851,30.7863],[-97.992,30.7906],[-97.97,30.787],[-97.9706,30.792],[-97.9658,30.7913],[-97.9547,30.7778],[-97.9553,30.7737],[-97.9521,30.7715],[-97.9514,30.7671],[-97.9488,30.7677],[-97.947,30.7652],[-97.9452,30.7654],[-97.9404,30.773],[-97.9462,30.7733],[-97.9459,30.7762],[-97.9498,30.7784],[-97.9474,30.7807],[-97.9484,30.7819],[-97.9445,30.7837],[-97.9486,30.7891],[-97.9452,30.79],[-97.9446,30.7927],[-97.94,30.7939],[-97.9444,30.7977],[-97.9416,30.7988],[-97.9412,30.8022],[-97.9454,30.8053],[-97.9483,30.8018],[-97.9479,30.8068],[-97.9539,30.8092],[-97.9564,30.8068],[-97.9599,30.8065],[-97.9589,30.8104],[-97.9646,30.8095],[-97.9695,30.8018],[-97.9713,30.8026],[-97.971,30.8069],[-97.9729,30.8039],[-97.9738,30.8067],[-97.9774,30.8067],[-97.977,30.8083],[-97.9732,30.8091],[-97.9763,30.814],[-97.984,30.809],[-97.9867,30.8103],[-97.9859,30.8051],[-97.9913,30.8091],[-97.9929,30.8047],[-97.9951,30.8074],[-97.9983,30.8071],[-97.9961,30.8111],[-97.9987,30.811],[-98.0017,30.8136],[-98.0034,30.8087],[-98.0067,30.8128],[-98.0095,30.8101],[-98.0077,30.8072],[-98.0111,30.8073],[-98.0088,30.8047],[-98.01,30.8018],[-98.0122,30.8024],[-98.0144,30.8003],[-98.0171,30.8087],[-98.0201,30.8064],[-98.0205,30.8023],[-98.0246,30.8045],[-98.0201,30.796],[-98.022,30.7934],[-98.0233,30.7975],[-98.027,30.795],[-98.0263,30.798],[-98.0283,30.7993],[-98.0317,30.7947],[-98.0308,30.7981],[-98.0331,30.7986],[-98.0328,30.8023],[-98.0346,30.7999],[-98.0374,30.7998],[-98.0375,30.7953],[-98.0406,30.7973],[-98.0431,30.7917],[-98.0456,30.7956],[-98.0487,30.7886],[-98.0506,30.7908],[-98.053,30.7874],[-98.0538,30.7929],[-98.0555,30.7905],[-98.0585,30.7915],[-98.0582,30.7838],[-98.0602,30.7857],[-98.0614,30.7825],[-98.065,30.7873],[-98.0664,30.7832],[-98.071,30.7877],[-98.0727,30.7814],[-98.0753,30.7863],[-98.0778,30.7862],[-98.0784,30.7808],[-98.0812,30.78],[-98.0832,30.7814],[-98.0881,30.7788],[-98.0897,30.7818],[-98.0784,30.7942],[-98.0751,30.795],[-98.0747,30.7998],[-98.0778,30.796],[-98.081,30.7967],[-98.0821,30.7923],[-98.0859,30.7934],[-98.0872,30.7898],[-98.0894,30.7892],[-98.091,30.7923],[-98.0928,30.787],[-98.0952,30.7867],[-98.0967,30.7829],[-98.0997,30.7839],[-98.1014,30.7789],[-98.1033,30.7808],[-98.1052,30.7801],[-98.1044,30.7688],[-98.1063,30.7695],[-98.1076,30.7674],[-98.1073,30.7717],[-98.1099,30.7769],[-98.1132,30.7755],[-98.1142,30.7699],[-98.1177,30.7762],[-98.1196,30.7727],[-98.1236,30.7739],[-98.1253,30.7657],[-98.1304,30.7612],[-98.1303,30.7671],[-98.1363,30.7667],[-98.1369,30.7687],[-98.1302,30.7712],[-98.1304,30.7751],[-98.1385,30.776],[-98.1394,30.7809],[-98.1459,30.7756],[-98.1483,30.7785],[-98.1505,30.7767],[-98.1492,30.7707],[-98.1514,30.7704],[-98.1555,30.7619],[-98.1547,30.7721],[-98.1574,30.7751],[-98.1635,30.7687],[-98.1608,30.7749],[-98.1646,30.782],[-98.1657,30.7754],[-98.1691,30.7742],[-98.1697,30.7721],[-98.173,30.7732],[-98.1758,30.7684],[-98.1774,30.7725],[-98.1831,30.7679],[-98.1818,30.7741],[-98.1841,30.7769],[-98.1923,30.7722],[-98.1976,30.7733],[-98.1979,30.7753],[-98.1914,30.7766],[-98.1918,30.7798],[-98.1874,30.7807],[-98.1863,30.7832],[-98.1878,30.7853],[-98.1796,30.7854],[-98.1762,30.7879],[-98.1812,30.7893],[-98.1808,30.7919],[-98.1843,30.7925],[-98.1816,30.7956],[-98.1839,30.7965],[-98.1939,30.7918],[-98.1931,30.7949],[-98.1895,30.7964],[-98.1902,30.7987],[-98.2026,30.7955],[-98.1978,30.801],[-98.1987,30.8028],[-98.201,30.8033],[-98.2044,30.8009],[-98.2073,30.8044],[-98.2116,30.803],[-98.219,30.804],[-98.2128,30.8059],[-98.2137,30.8081],[-98.1987,30.808],[-98.21,30.8194],[-98.2273,30.8262],[-98.2032,30.8213],[-98.2008,30.8178],[-98.1955,30.8175],[-98.1965,30.8145],[-98.1913,30.8112],[-98.1859,30.8121],[-98.1839,30.8099],[-98.1815,30.8109],[-98.1809,30.8091],[-98.1771,30.8113],[-98.1768,30.8079],[-98.174,30.806],[-98.1694,30.8089],[-98.1679,30.8039],[-98.1613,30.8091],[-98.1604,30.8049],[-98.1582,30.804],[-98.1591,30.8012],[-98.1541,30.7993],[-98.1523,30.8028],[-98.1477,30.8023],[-98.1501,30.8065],[-98.1446,30.804],[-98.1412,30.805],[-98.1372,30.8023],[-98.1357,30.8053],[-98.139,30.8087],[-98.1385,30.8113],[-98.127,30.8045],[-98.1255,30.8134],[-98.122,30.8074],[-98.1189,30.8091],[-98.1129,30.8052],[-98.1118,30.8076],[-98.1161,30.8124],[-98.1144,30.8137],[-98.1164,30.8174],[-98.1081,30.815],[-98.1074,30.8196],[-98.1042,30.8199],[-98.1019,30.8154],[-98.0986,30.8149],[-98.0952,30.8183],[-98.0955,30.8207],[-98.0923,30.8204],[-98.092,30.8234],[-98.0893,30.8219],[-98.0883,30.8231],[-98.0844,30.8199],[-98.0825,30.8235],[-98.0867,30.8264],[-98.0889,30.8258],[-98.0904,30.8294],[-98.0921,30.8275],[-98.0947,30.8282],[-98.0999,30.8235],[-98.1008,30.8269],[-98.1035,30.8247],[-98.1038,30.8264],[-98.1063,30.8251],[-98.113,30.8262],[-98.1137,30.8317],[-98.1065,30.8318],[-98.1065,30.8347],[-98.104,30.835],[-98.1058,30.8374],[-98.1122,30.8348],[-98.1137,30.8377],[-98.116,30.8372],[-98.1178,30.8396],[-98.1177,30.8331],[-98.1219,30.8334],[-98.1239,30.8286],[-98.1261,30.8318],[-98.1315,30.8269],[-98.1323,30.8317],[-98.1299,30.8332],[-98.1316,30.8356],[-98.1296,30.836],[-98.1302,30.8383],[-98.1337,30.8365],[-98.135,30.8386],[-98.1357,30.8345],[-98.1391,30.8324],[-98.141,30.8378],[-98.1437,30.8396],[-98.1441,30.8323],[-98.1479,30.8324],[-98.1489,30.8283],[-98.1506,30.8302],[-98.1521,30.8224],[-98.1536,30.8265],[-98.1605,30.8255],[-98.1557,30.8302],[-98.1572,30.8324],[-98.1607,30.832],[-98.1627,30.8354],[-98.1659,30.8351],[-98.1689,30.8306],[-98.1718,30.8341],[-98.1737,30.8267],[-98.1779,30.8303],[-98.1835,30.8288],[-98.18,30.8344],[-98.1862,30.8347],[-98.19,30.8369],[-98.1868,30.839],[-98.1881,30.8424],[-98.1907,30.8406],[-98.1997,30.8416],[-98.2023,30.8394],[-98.205,30.8442],[-98.2127,30.844],[-98.2134,30.8468],[-98.2187,30.8482],[-98.2205,30.8507],[-98.2195,30.8527],[-98.2169,30.8495],[-98.1984,30.8486],[-98.1973,30.85],[-98.2062,30.8577],[-98.2074,30.8612],[-98.2016,30.8585],[-98.1983,30.8603],[-98.1963,30.8565],[-98.193,30.8589],[-98.1897,30.8554],[-98.1864,30.86],[-98.183,30.8609],[-98.18,30.8566],[-98.1741,30.8556],[-98.172,30.8507],[-98.1638,30.8508],[-98.1626,30.8536],[-98.1722,30.8585],[-98.1629,30.8603],[-98.1525,30.8589],[-98.1528,30.8615],[-98.1627,30.8622],[-98.1687,30.8657],[-98.1753,30.8645],[-98.174,30.8692],[-98.1707,30.8706],[-98.1744,30.8742],[-98.1814,30.8707],[-98.1863,30.8728],[-98.1863,30.8744],[-98.1903,30.8751],[-98.1923,30.8733],[-98.1957,30.875],[-98.197,30.8723],[-98.2005,30.8782],[-98.205,30.8749],[-98.2116,30.8744],[-98.2067,30.8768],[-98.209,30.88],[-98.2211,30.8778],[-98.222,30.8757]],[[-98.074,30.7333],[-98.0821,30.7389],[-98.0748,30.7377],[-98.0729,30.7395],[-98.072,30.7375],[-98.07,30.7389],[-98.0672,30.7378],[-98.0633,30.7313],[-98.0603,30.7359],[-98.0565,30.728],[-98.0531,30.7274],[-98.0512,30.7293],[-98.0494,30.7273],[-98.0469,30.7277],[-98.0455,30.7245],[-98.0404,30.7254],[-98.0393,30.7273],[-98.0345,30.7251],[-98.033,30.7298],[-98.029,30.7235],[-98.0285,30.7182],[-98.0184,30.7204],[-98.0155,30.7174],[-98.0133,30.7177],[-98.013,30.7142],[-98.0092,30.7159],[-98.0059,30.7116],[-98.0022,30.7176],[-97.9965,30.7125],[-97.9924,30.7155],[-97.9897,30.7116],[-97.9856,30.7115],[-97.9837,30.707],[-97.9805,30.7069],[-97.9788,30.7046],[-97.9748,30.7088],[-97.9723,30.7002],[-97.9698,30.7017],[-97.9651,30.6989],[-97.9618,30.6997],[-97.9576,30.6938],[-97.9507,30.6928],[-97.9485,30.6875],[-97.9396,30.6843],[-97.9375,30.6806],[-97.9343,30.6814],[-97.9294,30.6751],[-97.9237,30.6769],[-97.9196,30.6717],[-97.9163,30.6728],[-97.9132,30.6675],[-97.9089,30.6672],[-97.9075,30.67],[-97.906,30.6647],[-97.9025,30.6656],[-97.8948,30.6617],[-97.8916,30.6618],[-97.8809,30.6517],[-97.8738,30.6534],[-97.873,30.6573],[-97.8686,30.6562],[-97.8602,30.6501],[-97.8706,30.6173],[-97.8745,30.6202],[-97.8804,30.6209],[-97.8776,30.6229],[-97.8828,30.626],[-97.8855,30.6241],[-97.8885,30.6252],[-97.8925,30.621],[-97.8949,30.6247],[-97.9011,30.6194],[-97.9026,30.6251],[-97.9065,30.6256],[-97.9099,30.6211],[-97.9133,30.6226],[-97.9185,30.6158],[-97.9235,30.6158],[-97.9264,30.6135],[-97.9255,30.6196],[-97.9207,30.6212],[-97.9198,30.625],[-97.9354,30.6266],[-97.9318,30.6301],[-97.9297,30.629],[-97.9128,30.6331],[-97.9103,30.637],[-97.9063,30.6385],[-97.9076,30.6438],[-97.9116,30.6441],[-97.9115,30.6409],[-97.9149,30.6394],[-97.9152,30.6418],[-97.9172,30.6418],[-97.9208,30.6386],[-97.9213,30.6355],[-97.9227,30.6375],[-97.9242,30.6368],[-97.9249,30.6396],[-97.9315,30.6391],[-97.9293,30.6438],[-97.9335,30.6449],[-97.936,30.6429],[-97.9371,30.6439],[-97.9386,30.6403],[-97.9406,30.6406],[-97.9428,30.6372],[-97.9445,30.6423],[-97.9425,30.6431],[-97.9416,30.6488],[-97.9423,30.6508],[-97.9456,30.651],[-97.9428,30.6541],[-97.9438,30.6553],[-97.9488,30.6521],[-97.9505,30.6477],[-97.9485,30.6431],[-97.9521,30.6377],[-97.9539,30.6432],[-97.9562,30.6407],[-97.96,30.6428],[-97.9586,30.636],[-97.9616,30.6359],[-97.9625,30.6338],[-97.9659,30.636],[-97.9678,30.6318],[-97.9691,30.6349],[-97.9731,30.6341],[-97.9752,30.6271],[-97.9804,30.6237],[-97.9861,30.6246],[-97.9818,30.6266],[-97.9797,30.6305],[-97.9833,30.6354],[-97.9878,30.634],[-97.9906,30.6359],[-97.9947,30.634],[-97.9976,30.6349],[-98.0077,30.6328],[-98.0095,30.6352],[-98.0103,30.6329],[-98.0127,30.6342],[-98.0148,30.6328],[-98.0169,30.6264],[-98.02,30.626],[-98.0221,30.6293],[-98.0275,30.6276],[-98.0175,30.6366],[-98.0283,30.6426],[-98.0341,30.6398],[-98.0348,30.643],[-98.0272,30.645],[-98.0286,30.6487],[-98.0328,30.6497],[-98.0244,30.652],[-98.0211,30.6503],[-98.0191,30.6461],[-98.0132,30.6488],[-98.0106,30.6457],[-98.0077,30.6494],[-98.0038,30.6474],[-97.9984,30.6511],[-97.9975,30.6492],[-97.995,30.6495],[-97.9896,30.6531],[-97.9818,30.6513],[-97.9794,30.654],[-97.9716,30.6543],[-97.973,30.6589],[-97.9831,30.6578],[-97.9932,30.6629],[-97.987,30.6644],[-97.985,30.663],[-97.9756,30.6663],[-97.9754,30.6699],[-97.9686,30.67],[-97.9686,30.6726],[-97.9743,30.6752],[-97.9759,30.6721],[-97.9781,30.6726],[-97.9829,30.6696],[-97.9855,30.674],[-97.9824,30.6733],[-97.983,30.6754],[-97.9802,30.6796],[-97.9822,30.681],[-97.9879,30.6791],[-97.9877,30.6846],[-97.9903,30.6858],[-97.9925,30.6851],[-97.9929,30.6787],[-97.9981,30.6811],[-97.9981,30.6755],[-98.0007,30.6752],[-98.0017,30.6724],[-98.0046,30.6752],[-98.0058,30.6695],[-98.0124,30.6688],[-98.0134,30.6652],[-98.0162,30.6643],[-98.0161,30.6675],[-98.0207,30.6674],[-98.02,30.67],[-98.0221,30.6708],[-98.0286,30.6709],[-98.0277,30.6724],[-98.0297,30.6743],[-98.0271,30.6767],[-98.0197,30.6782],[-98.0199,30.6809],[-98.0144,30.6825],[-98.0086,30.6888],[-98.0122,30.6895],[-98.0147,30.6875],[-98.0182,30.6895],[-98.0251,30.6871],[-98.0276,30.689],[-98.0312,30.6871],[-98.0358,30.6887],[-98.0323,30.6935],[-98.0391,30.6948],[-98.0411,30.6942],[-98.0415,30.6908],[-98.0441,30.6912],[-98.0474,30.6875],[-98.0453,30.6857],[-98.0477,30.6836],[-98.0448,30.682],[-98.0482,30.6783],[-98.0511,30.6787],[-98.052,30.6677],[-98.0567,30.676],[-98.0621,30.6747],[-98.064,30.6759],[-98.0745,30.6663],[-98.0702,30.6747],[-98.0742,30.6766],[-98.0736,30.6783],[-98.0681,30.6788],[-98.0679,30.6818],[-98.0633,30.6817],[-98.0593,30.6843],[-98.0596,30.6873],[-98.0637,30.6888],[-98.0611,30.692],[-98.0579,30.6926],[-98.0596,30.6948],[-98.0646,30.6953],[-98.0708,30.6902],[-98.0737,30.6907],[-98.0867,30.6833],[-98.0866,30.6854],[-98.0914,30.6868],[-98.0799,30.6912],[-98.0764,30.6954],[-98.0905,30.6951],[-98.1039,30.6908],[-98.1119,30.6911],[-98.1176,30.6891],[-98.1204,30.6859],[-98.1212,30.688],[-98.126,30.687],[-98.125,30.6912],[-98.1272,30.6911],[-98.1283,30.694],[-98.135,30.6946],[-98.138,30.6969],[-98.1296,30.697],[-98.1198,30.6943],[-98.1053,30.6978],[-98.1142,30.7009],[-98.1142,30.7028],[-98.1111,30.7022],[-98.1111,30.7038],[-98.0978,30.701],[-98.0924,30.7018],[-98.0952,30.7059],[-98.084,30.7042],[-98.0825,30.7068],[-98.0793,30.706],[-98.0769,30.7083],[-98.0737,30.7079],[-98.0718,30.7054],[-98.0667,30.7083],[-98.0686,30.7099],[-98.0708,30.7089],[-98.0733,30.7116],[-98.0784,30.7108],[-98.0818,30.7133],[-98.0881,30.7116],[-98.091,30.7138],[-98.0937,30.7134],[-98.0945,30.71],[-98.0974,30.7099],[-98.0984,30.7146],[-98.1001,30.7137],[-98.1032,30.716],[-98.1065,30.713],[-98.1085,30.7176],[-98.1118,30.7162],[-98.1248,30.7191],[-98.1221,30.7229],[-98.1248,30.7227],[-98.1292,30.718],[-98.1313,30.7205],[-98.1295,30.7233],[-98.1352,30.7242],[-98.1431,30.7223],[-98.1419,30.7256],[-98.1452,30.7274],[-98.1484,30.7264],[-98.1512,30.7314],[-98.1561,30.7337],[-98.1516,30.7353],[-98.1386,30.7295],[-98.1315,30.7291],[-98.1301,30.7316],[-98.1358,30.7345],[-98.132,30.736],[-98.1255,30.7337],[-98.1224,30.7378],[-98.1186,30.7314],[-98.1116,30.7298],[-98.115,30.7352],[-98.1115,30.7406],[-98.1092,30.7353],[-98.1047,30.7349],[-98.1055,30.7324],[-98.1006,30.7264],[-98.096,30.726],[-98.094,30.7296],[-98.0955,30.7332],[-98.089,30.7306],[-98.0877,30.7338],[-98.0845,30.7314],[-98.0812,30.7315],[-98.0793,30.7271],[-98.077,30.7295],[-98.0748,30.7267],[-98.0725,30.7269],[-98.074,30.7333]],[[-98.0822,29.9441],[-98.0988,29.9383],[-98.0953,29.938],[-98.0922,29.9302],[-98.0856,29.9321],[-98.0971,29.9245],[-98.0987,29.9282],[-98.0966,29.9314],[-98.1001,29.9379],[-98.1173,29.9337],[-98.1315,29.9347],[-98.1283,29.9369],[-98.1181,29.9353],[-98.1146,29.9394],[-98.1097,29.9392],[-98.1053,29.9429],[-98.0951,29.9447],[-98.0912,29.9477],[-98.0883,29.9482],[-98.0896,29.9459],[-98.0872,29.9445],[-98.0812,29.9461],[-98.0746,29.9524],[-98.0721,29.9523],[-98.0671,29.959],[-98.0605,29.9575],[-98.0822,29.9441]],[[-98.6526,29.5948],[-98.6502,29.5917],[-98.661,29.5871],[-98.6635,29.5905],[-98.6699,29.5911],[-98.667,29.5932],[-98.6698,29.5965],[-98.6706,29.6014],[-98.6684,29.5995],[-98.6667,29.6019],[-98.6629,29.6002],[-98.6656,29.5976],[-98.6645,29.5938],[-98.6628,29.5942],[-98.6631,29.5966],[-98.6608,29.5955],[-98.6607,29.5976],[-98.6574,29.5945],[-98.6563,29.5979],[-98.6622,29.6053],[-98.6651,29.605],[-98.6647,29.6078],[-98.6703,29.608],[-98.6689,29.6094],[-98.6705,29.6116],[-98.6677,29.6124],[-98.6672,29.6167],[-98.6648,29.6121],[-98.6613,29.6146],[-98.6594,29.6196],[-98.6591,29.6181],[-98.6564,29.6185],[-98.6619,29.6086],[-98.6599,29.6091],[-98.6596,29.6061],[-98.6569,29.606],[-98.6543,29.6073],[-98.6567,29.6129],[-98.6558,29.6139],[-98.653,29.6111],[-98.6545,29.616],[-98.6531,29.6176],[-98.6509,29.6169],[-98.6501,29.6093],[-98.652,29.6071],[-98.6495,29.6057],[-98.6556,29.6018],[-98.6517,29.599],[-98.6526,29.5948]],[[-98.6395,29.6051],[-98.6351,29.6007],[-98.6382,29.5989],[-98.6424,29.5997],[-98.6413,29.604],[-98.6449,29.6078],[-98.6439,29.6096],[-98.6466,29.6116],[-98.6461,29.6145],[-98.6412,29.6091],[-98.6387,29.6101],[-98.6395,29.6051]],[[-98.1379,29.9375],[-98.1337,29.9351],[-98.1403,29.935],[-98.1379,29.9375]],[[-98.3439,31.5161],[-98.3434,31.5163],[-98.3435,31.5157],[-98.3439,31.5161]]],[[[-99.0,29.5712],[-99.0,29.5579],[-98.9991,29.5561],[-98.9973,29.5597],[-98.9908,29.5628],[-98.9897,29.5651],[-98.9957,29.5658],[-99.0,29.5712]]],[[[-99.0,29.5823],[-99.0,29.5729],[-98.9932,29.5696],[-98.993,29.5724],[-98.9954,29.5738],[-98.9932,29.5755],[-98.9895,29.5718],[-98.9901,29.5776],[-98.987,29.5756],[-98.9887,29.584],[-98.9971,29.5793],[-98.9963,29.5835],[-99.0,29.5823]]],[[[-97.9577,31.7],[-97.9593,31.7],[-97.9588,31.6978],[-97.9577,31.7]]],[[[-97.9303,31.7],[-97.9478,31.7],[-97.9495,31.6979],[-97.9456,31.6954],[-97.9523,31.6915],[-97.9532,31.6862],[-97.9513,31.6863],[-97.9473,31.6918],[-97.9432,31.689],[-97.9463,31.6833],[-97.9418,31.6872],[-97.9397,31.6818],[-97.9362,31.6817],[-97.935,31.6782],[-97.9297,31.6791],[-97.933,31.6807],[-97.934,31.6836],[-97.9318,31.6853],[-97.9334,31.6872],[-97.9305,31.6891],[-97.9342,31.6902],[-97.9356,31.6958],[-97.9296,31.6936],[-97.9286,31.6988],[-97.9303,31.7]]],[[[-97.9238,31.7],[-97.9262,31.7],[-97.9262,31.6996],[-97.9238,31.7]]]]}},
{"type":"Feature","properties":{"name":"Trinity"},"geometry":{"type":"MultiPolygon","coordinates":[[[[-98.7228,31.7],[-98.8764,31.7],[-98.8815,31.6981],[-98.8824,31.6948],[-98.8679,31.6969],[-98.8717,31.6945],[-98.8725,31.6906],[-98.8759,31.6913],[-98.8767,31.6894],[-98.8803,31.6897],[-98.8805,31.6856],[-98.8832,31.6872],[-98.8847,31.684],[-98.8875,31.6852],[-98.8868,31.6814],[-98.8938,31.6798],[-98.8939,31.6776],[-98.8848,31.6786],[-98.8817,31.681],[-98.881,31.6784],[-98.8789,31.6792],[-98.8781,31.6769],[-98.882,31.6756],[-98.8818,31.6727],[-98.886,31.6705],[-98.883,31.671],[-98.8811,31.6681],[-98.8829,31.6666],[-98.8782,31.6609],[-98.8768,31.6622],[-98.8796,31.6638],[-98.8754,31.6678],[-98.8775,31.6682],[-98.8778,31.6704],[-98.8699,31.67],[-98.8703,31.6733],[-98.8735,31.6747],[-98.8708,31.6787],[-98.8646,31.6707],[-98.8626,31.6707],[-98.8633,31.6775],[-98.8653,31.6786],[-98.8637,31.6795],[-98.8641,31.6843],[-98.8612,31.6848],[-98.8603,31.6769],[-98.8558,31.6811],[-98.8588,31.674],[-98.8556,31.6735],[-98.8569,31.6709],[-98.8534,31.672],[-98.8526,31.6749],[-98.8491,31.6735],[-98.8493,31.6699],[-98.8456,31.6773],[-98.8469,31.6791],[-98.8452,31.684],[-98.8429,31.6803],[-98.8447,31.6793],[-98.8432,31.6787],[-98.844,31.6761],[-98.8345,31.6783],[-98.8351,31.6762],[-98.8403,31.6734],[-98.842,31.6666],[-98.8444,31.6679],[-98.8479,31.6656],[-98.8467,31.6637],[-98.8495,31.6642],[-98.8495,31.6624],[-98.8513,31.6625],[-98.8513,31.6645],[-98.8545,31.6641],[-98.8522,31.6608],[-98.8564,31.6615],[-98.8581,31.6598],[-98.8575,31.6554],[-98.8521,31.6571],[-98.8545,31.6491],[-98.849,31.6561],[-98.8426,31.6564],[-98.8455,31.6507],[-98.8433,31.6527],[-98.8404,31.6525],[-98.8373,31.6566],[-98.838,31.6535],[-98.8354,31.6525],[-98.8379,31.6517],[-98.8377,31.6486],[-98.8408,31.6483],[-98.8434,31.6454],[-98.8397,31.6445],[-98.8429,31.6419],[-98.838,31.6417],[-98.8368,31.6433],[-98.8358,31.6412],[-98.8346,31.6453],[-98.8293,31.6445],[-98.8367,31.6362],[-98.8391,31.6377],[-98.839,31.6349],[-98.842,31.632],[-98.8406,31.6292],[-98.8372,31.631],[-98.8372,31.6281],[-98.8336,31.6308],[-98.8341,31.6338],[-98.8284,31.6328],[-98.8297,31.6361],[-98.8241,31.6362],[-98.8253,31.6385],[-98.8212,31.64],[-98.8218,31.6427],[-98.8198,31.6416],[-98.8177,31.6444],[-98.8151,31.644],[-98.8167,31.6433],[-98.8154,31.6408],[-98.8195,31.6357],[-98.8132,31.6373],[-98.8107,31.6359],[-98.8152,31.6343],[-98.816,31.6315],[-98.8196,31.6299],[-98.817,31.6268],[-98.8219,31.6282],[-98.8212,31.6247],[-98.8233,31.6247],[-98.8235,31.622],[-98.8262,31.6211],[-98.8258,31.6177],[-98.8224,31.6194],[-98.8239,31.6154],[-98.8216,31.6146],[-98.8217,31.6118],[-98.8255,31.6106],[-98.8257,31.6089],[-98.8184,31.6109],[-98.8168,31.6099],[-98.8184,31.6075],[-98.8161,31.6057],[-98.8142,31.6068],[-98.8147,31.612],[-98.8126,31.6105],[-98.8098,31.6113],[-98.8119,31.6088],[-98.8068,31.6091],[-98.8091,31.6073],[-98.8066,31.6059],[-98.8128,31.6029],[-98.8091,31.6018],[-98.8018,31.6032],[-98.804,31.6059],[-98.8015,31.609],[-98.7979,31.6083],[-98.7975,31.6039],[-98.7948,31.6035],[-98.7894,31.6113],[-98.7893,31.5958],[-98.7923,31.597],[-98.7953,31.5956],[-98.7962,31.5876],[-98.8009,31.5884],[-98.8061,31.5855],[-98.8038,31.5796],[-98.8007,31.5804],[-98.7993,31.5828],[-98.7975,31.5804],[-98.7953,31.5823],[-98.794,31.5788],[-98.7882,31.5851],[-98.7908,31.5774],[-98.7898,31.5751],[-98.786,31.574],[-98.7899,31.573],[-98.788,31.5714],[-98.7898,31.5682],[-98.7818,31.5712],[-98.7786,31.5714],[-98.7779,31.5699],[-98.781,31.5602],[-98.7855,31.5575],[-98.7824,31.5538],[-98.7842,31.5498],[-98.7788,31.5524],[-98.7758,31.5517],[-98.7767,31.5479],[-98.7803,31.5467],[-98.7759,31.5447],[-98.7819,31.539],[-98.7778,31.5384],[-98.7764,31.5345],[-98.783,31.5296],[-98.772,31.5296],[-98.7722,31.5337],[-98.7692,31.538],[-98.7678,31.5355],[-98.7654,31.5376],[-98.7638,31.5342],[-98.7661,31.5334],[-98.7637,31.5308],[-98.7597,31.5333],[-98.7568,31.53],[-98.7543,31.53],[-98.7567,31.5341],[-98.7541,31.5354],[-98.7579,31.5365],[-98.7542,31.5378],[-98.7575,31.5409],[-98.7518,31.5407],[-98.7529,31.5439],[-98.7555,31.5445],[-98.7547,31.5473],[-98.7614,31.546],[-98.7649,31.551],[-98.7637,31.5547],[-98.7734,31.5524],[-98.7719,31.5548],[-98.7742,31.5573],[-98.7694,31.5569],[-98.7677,31.5621],[-98.7704,31.5624],[-98.7734,31.5596],[-98.7756,31.5624],[-98.7727,31.5627],[-98.772,31.565],[-98.7707,31.564],[-98.7676,31.5645],[-98.7669,31.5663],[-98.7629,31.5663],[-98.7649,31.5694],[-98.7665,31.5688],[-98.7675,31.5709],[-98.766,31.5725],[-98.7679,31.5729],[-98.7627,31.5835],[-98.7583,31.5806],[-98.7616,31.574],[-98.754,31.5698],[-98.7569,31.5597],[-98.7477,31.5636],[-98.7477,31.5597],[-98.7505,31.5585],[-98.746,31.5564],[-98.7498,31.5527],[-98.7494,31.5506],[-98.7442,31.5525],[-98.7464,31.5483],[-98.7428,31.5482],[-98.7404,31.541],[-98.7331,31.5447],[-98.7328,31.5492],[-98.7385,31.5538],[-98.7374,31.5578],[-98.7436,31.5634],[-98.742,31.5687],[-98.7355,31.5686],[-98.7401,31.5707],[-98.7397,31.5774],[-98.7355,31.5781],[-98.733,31.5751],[-98.736,31.5719],[-98.7334,31.5675],[-98.74,31.5653],[-98.7349,31.5641],[-98.7313,31.5521],[-98.7238,31.556],[-98.7242,31.5608],[-98.7194,31.5631],[-98.7234,31.5514],[-98.7182,31.5513],[-98.7152,31.5484],[-98.7128,31.5485],[-98.7142,31.5468],[-98.7231,31.5482],[-98.7221,31.546],[-98.7252,31.5459],[-98.7264,31.5442],[-98.7191,31.5413],[-98.7193,31.54],[-98.7214,31.5379],[-98.7297,31.5364],[-98.7291,31.5343],[-98.7351,31.5305],[-98.7408,31.5334],[-98.7416,31.5277],[-98.7397,31.5266],[-98.7376,31.529],[-98.7288,31.53],[-98.7304,31.5245],[-98.7276,31.523],[-98.7247,31.5272],[-98.7232,31.5242],[-98.7263,31.5204],[-98.7267,31.5159],[-98.7246,31.5172],[-98.7236,31.516],[-98.721,31.519],[-98.7204,31.5161],[-98.7161,31.5214],[-98.7133,31.5201],[-98.711,31.5288],[-98.7064,31.521],[-98.7029,31.5251],[-98.6966,31.5241],[-98.6965,31.5284],[-98.6939,31.526],[-98.6884,31.5292],[-98.6984,31.5165],[-98.6922,31.5186],[-98.6924,31.5161],[-98.6887,31.5147],[-98.7016,31.5101],[-98.697,31.507],[-98.6978,31.5045],[-98.6947,31.5011],[-98.6886,31.5046],[-98.6906,31.5],[-98.6867,31.5003],[-98.6851,31.4971],[-98.6953,31.497],[-98.6912,31.4958],[-98.6934,31.493],[-98.6899,31.4909],[-98.6957,31.4873],[-98.6947,31.4828],[-98.6931,31.4825],[-98.6927,31.4718],[-98.6908,31.4729],[-98.692,31.4784],[-98.6888,31.4787],[-98.687,31.4823],[-98.6835,31.4824],[-98.6866,31.4859],[-98.6838,31.4875],[-98.6839,31.4908],[-98.6804,31.4901],[-98.6809,31.4881],[-98.6788,31.4864],[-98.6748,31.49],[-98.669,31.492],[-98.6719,31.4981],[-98.6671,31.4971],[-98.6647,31.4988],[-98.6647,31.4921],[-98.6589,31.4919],[-98.6591,31.4879],[-98.6629,31.4855],[-98.6615,31.4838],[-98.659,31.4838],[-98.6535,31.4887],[-98.65,31.4854],[-98.6526,31.4839],[-98.6522,31.4793],[-98.6554,31.4808],[-98.6564,31.4778],[-98.6581,31.4792],[-98.6604,31.4775],[-98.6644,31.4781],[-98.6664,31.4804],[-98.6696,31.4789],[-98.6684,31.4745],[-98.6611,31.4742],[-98.6615,31.4695],[-98.6568,31.469],[-98.6584,31.4651],[-98.6646,31.4685],[-98.6646,31.4712],[-98.6677,31.4694],[-98.6674,31.4631],[-98.6698,31.4672],[-98.6726,31.4666],[-98.6731,31.4709],[-98.68,31.4693],[-98.6723,31.4592],[-98.6639,31.4553],[-98.6709,31.4551],[-98.6749,31.4577],[-98.6709,31.4493],[-98.674,31.4512],[-98.6759,31.4506],[-98.679,31.4546],[-98.6794,31.4593],[-98.6832,31.4553],[-98.6864,31.4579],[-98.6845,31.451],[-98.6819,31.4494],[-98.6827,31.4462],[-98.6883,31.4466],[-98.6868,31.4432],[-98.6906,31.4431],[-98.6965,31.4369],[-98.6951,31.4362],[-98.6913,31.4393],[-98.6889,31.4389],[-98.6895,31.4364],[-98.6847,31.4385],[-98.6838,31.4344],[-98.6809,31.4329],[-98.6823,31.4305],[-98.6858,31.4309],[-98.6872,31.4281],[-98.697,31.4282],[-98.6972,31.4259],[-98.686,31.4247],[-98.6904,31.4216],[-98.6863,31.4203],[-98.683,31.4224],[-98.6803,31.4177],[-98.6781,31.4252],[-98.6729,31.4267],[-98.6729,31.4203],[-98.6688,31.4165],[-98.6741,31.414],[-98.663,31.4112],[-98.6597,31.4134],[-98.6579,31.4127],[-98.6554,31.4193],[-98.6519,31.4222],[-98.6524,31.4257],[-98.6486,31.4283],[-98.6488,31.4256],[-98.6456,31.4226],[-98.6494,31.4223],[-98.6518,31.4156],[-98.6482,31.416],[-98.6478,31.4122],[-98.6424,31.4107],[-98.6462,31.4093],[-98.6497,31.4051],[-98.6458,31.4054],[-98.6407,31.4014],[-98.6448,31.3981],[-98.6438,31.3943],[-98.6466,31.3919],[-98.6465,31.3879],[-98.6423,31.3873],[-98.6312,31.3933],[-98.6352,31.3871],[-98.6324,31.3841],[-98.6324,31.3811],[-98.6267,31.3819],[-98.6215,31.3895],[-98.623,31.3821],[-98.6203,31.3831],[-98.6192,31.3813],[-98.6165,31.3813],[-98.6164,31.3859],[-98.6144,31.3877],[-98.6125,31.3774],[-98.6071,31.3761],[-98.6056,31.3731],[-98.6109,31.3745],[-98.6115,31.3723],[-98.6132,31.3738],[-98.6155,31.3688],[-98.6163,31.3704],[-98.6199,31.3703],[-98.6206,31.3758],[-98.6251,31.3698],[-98.6223,31.3645],[-98.6245,31.3632],[-98.6296,31.3643],[-98.6275,31.3619],[-98.63,31.3593],[-98.6324,31.3596],[-98.6334,31.362],[-98.6342,31.3581],[-98.6321,31.3583],[-98.632,31.3564],[-98.6294,31.3578],[-98.6262,31.3569],[-98.6256,31.3524],[-98.6234,31.3507],[-98.6291,31.3519],[-98.6297,31.3501],[-98.6251,31.3476],[-98.6299,31.3469],[-98.6309,31.3481],[-98.6322,31.346],[-98.6299,31.3449],[-98.6328,31.344],[-98.6312,31.3427],[-98.6333,31.3411],[-98.6307,31.3391],[-98.6326,31.3386],[-98.6325,31.3368],[-98.6289,31.335],[-98.6298,31.3322],[-98.6271,31.3352],[-98.6287,31.338],[-98.6275,31.3404],[-98.6219,31.338],[-98.6185,31.3418],[-98.6168,31.3419],[-98.6155,31.3393],[-98.6089,31.3404],[-98.6121,31.3463],[-98.6114,31.3494],[-98.6007,31.3392],[-98.6001,31.3424],[-98.5939,31.345],[-98.5924,31.3475],[-98.5891,31.3433],[-98.5909,31.3414],[-98.5889,31.3383],[-98.5903,31.3371],[-98.5874,31.3347],[-98.5854,31.3347],[-98.5836,31.3393],[-98.5776,31.343],[-98.5689,31.3436],[-98.5773,31.3361],[-98.5749,31.3362],[-98.5737,31.3337],[-98.5791,31.3318],[-98.5768,31.3271],[-98.5814,31.3256],[-98.5781,31.3215],[-98.5686,31.3206],[-98.5684,31.3165],[-98.5661,31.3183],[-98.564,31.316],[-98.5593,31.3187],[-98.5578,31.3133],[-98.5632,31.3128],[-98.5579,31.3109],[-98.5565,31.3078],[-98.554,31.308],[-98.5511,31.3115],[-98.5515,31.3065],[-98.5493,31.3037],[-98.5556,31.3039],[-98.5547,31.3011],[-98.5575,31.3018],[-98.5585,31.2982],[-98.5601,31.3033],[-98.5691,31.3055],[-98.5727,31.3033],[-98.5718,31.3002],[-98.5769,31.3016],[-98.5733,31.2955],[-98.5746,31.2899],[-98.5768,31.2895],[-98.5748,31.2866],[-98.5814,31.2849],[-98.5809,31.2827],[-98.5841,31.2798],[-98.5862,31.274],[-98.5814,31.2754],[-98.5823,31.2776],[-98.5799,31.2794],[-98.5782,31.2777],[-98.5736,31.28],[-98.5732,31.2769],[-98.5668,31.278],[-98.5663,31.2751],[-98.5615,31.2759],[-98.5604,31.2666],[-98.5574,31.2677],[-98.5555,31.2656],[-98.5543,31.2685],[-98.556,31.2706],[-98.5533,31.2705],[-98.5502,31.2632],[-98.5465,31.2617],[-98.5454,31.2634],[-98.5476,31.2667],[-98.5442,31.2678],[-98.5433,31.2724],[-98.5401,31.2746],[-98.5353,31.2741],[-98.5339,31.2664],[-98.5309,31.267],[-98.5274,31.2641],[-98.5223,31.2644],[-98.5224,31.2565],[-98.5182,31.2552],[-98.5133,31.2497],[-98.5092,31.252],[-98.5091,31.2492],[-98.5068,31.2479],[-98.5092,31.2394],[-98.5079,31.2327],[-98.5024,31.2329],[-98.5018,31.2298],[-98.5057,31.228],[-98.5104,31.229],[-98.5105,31.2263],[-98.5137,31.2233],[-98.5065,31.2232],[-98.5049,31.2205],[-98.5024,31.2207],[-98.4979,31.2168],[-98.5024,31.2136],[-98.5048,31.2065],[-98.5003,31.2109],[-98.4945,31.2111],[-98.4893,31.2157],[-98.4848,31.2161],[-98.4843,31.2227],[-98.486,31.2246],[-98.4833,31.2305],[-98.4819,31.2293],[-98.4792,31.2221],[-98.4814,31.2208],[-98.4827,31.2133],[-98.4965,31.2025],[-98.4913,31.2005],[-98.4918,31.1971],[-98.4933,31.1942],[-98.498,31.1926],[-98.4946,31.1924],[-98.4892,31.1959],[-98.4849,31.1945],[-98.4842,31.1984],[-98.4811,31.1969],[-98.4781,31.1992],[-98.4763,31.198],[-98.4752,31.1915],[-98.471,31.1915],[-98.4697,31.1875],[-98.4644,31.1893],[-98.4641,31.1937],[-98.4611,31.1945],[-98.4602,31.1886],[-98.4548,31.1889],[-98.4403,31.1847],[-98.4405,31.1806],[-98.4488,31.1859],[-98.4569,31.1858],[-98.4572,31.1828],[-98.4631,31.1822],[-98.4566,31.1765],[-98.46,31.1764],[-98.4687,31.1707],[-98.4768,31.1685],[-98.4757,31.1646],[-98.4782,31.163],[-98.4796,31.158],[-98.475,31.1607],[-98.4729,31.156],[-98.4744,31.1541],[-98.4692,31.1566],[-98.4606,31.154],[-98.4559,31.1569],[-98.4534,31.1558],[-98.4519,31.1513],[-98.4534,31.1471],[-98.4469,31.1506],[-98.4477,31.1546],[-98.4447,31.1547],[-98.4451,31.1592],[-98.4409,31.1539],[-98.4382,31.1568],[-98.4354,31.155],[-98.4302,31.1578],[-98.4337,31.1535],[-98.4313,31.1492],[-98.4273,31.1513],[-98.427,31.1482],[-98.4207,31.1486],[-98.4201,31.1465],[-98.4159,31.1485],[-98.4137,31.1471],[-98.4152,31.1437],[-98.4188,31.143],[-98.4201,31.1406],[-98.4206,31.1339],[-98.4178,31.138],[-98.4161,31.136],[-98.4139,31.1368],[-98.4135,31.1409],[-98.4115,31.1392],[-98.4114,31.1415],[-98.4085,31.1397],[-98.4068,31.1411],[-98.4044,31.1387],[-98.3995,31.1458],[-98.3966,31.1445],[-98.3949,31.1463],[-98.3932,31.1421],[-98.4,31.1338],[-98.3959,31.1346],[-98.3944,31.1309],[-98.3964,31.1303],[-98.3955,31.1285],[-98.3989,31.1248],[-98.4012,31.1243],[-98.3985,31.1241],[-98.3914,31.1274],[-98.3889,31.1271],[-98.3875,31.1293],[-98.38,31.1309],[-98.3791,31.1294],[-98.3828,31.1257],[-98.3789,31.1224],[-98.375,31.1276],[-98.3737,31.1225],[-98.376,31.1211],[-98.3724,31.1181],[-98.3772,31.1192],[-98.3791,31.1172],[-98.3865,31.1193],[-98.3884,31.1173],[-98.3867,31.1167],[-98.388,31.1115],[-98.3816,31.1109],[-98.3849,31.1078],[-98.3742,31.1083],[-98.3715,31.1058],[-98.3746,31.1058],[-98.3775,31.1023],[-98.3735,31.0984],[-98.3769,31.0972],[-98.3797,31.0993],[-98.3837,31.0986],[-98.3849,31.0935],[-98.3898,31.0952],[-98.3892,31.0877],[-98.3865,31.0879],[-98.384,31.083],[-98.3904,31.0829],[-98.3882,31.0779],[-98.3928,31.0815],[-98.3915,31.0781],[-98.394,31.0798],[-98.3942,31.0779],[-98.3964,31.0786],[-98.3989,31.072],[-98.3881,31.0681],[-98.3894,31.0647],[-98.3932,31.0635],[-98.3927,31.06],[-98.3869,31.0601],[-98.3831,31.0669],[-98.3773,31.0648],[-98.3769,31.0628],[-98.3752,31.0648],[-98.3773,31.0672],[-98.3749,31.0707],[-98.3739,31.0671],[-98.3711,31.0682],[-98.3675,31.0671],[-98.3676,31.0657],[-98.3698,31.0667],[-98.3726,31.0652],[-98.3707,31.0636],[-98.3651,31.065],[-98.3636,31.0676],[-98.3601,31.0649],[-98.3607,31.0615],[-98.3629,31.0591],[-98.3661,31.0593],[-98.3669,31.0568],[-98.3639,31.0547],[-98.3566,31.0551],[-98.3593,31.0525],[-98.3567,31.0483],[-98.3601,31.0419],[-98.3542,31.0371],[-98.348,31.0358],[-98.347,31.0314],[-98.3499,31.0324],[-98.3531,31.0306],[-98.358,31.0323],[-98.3595,31.0301],[-98.3583,31.0255],[-98.3531,31.0243],[-98.3437,31.0178],[-98.3399,31.0187],[-98.338,31.0218],[-98.3368,31.0201],[-98.3414,31.0092],[-98.3417,31.0005],[-98.335,30.999],[-98.3341,31.0032],[-98.3404,31.0032],[-98.3408,31.0074],[-98.3362,31.0131],[-98.3306,31.0136],[-98.3342,31.0259],[-98.3311,31.0256],[-98.3313,31.0277],[-98.327,31.0298],[-98.3297,31.0349],[-98.3294,31.039],[-98.3358,31.0379],[-98.3382,31.046],[-98.3422,31.0456],[-98.3439,31.0475],[-98.3384,31.0532],[-98.3443,31.0567],[-98.3414,31.0607],[-98.3456,31.0654],[-98.3421,31.0689],[-98.3497,31.0724],[-98.3433,31.0747],[-98.3436,31.0792],[-98.3491,31.0776],[-98.3509,31.0845],[-98.3553,31.0871],[-98.3592,31.079],[-98.3622,31.0841],[-98.3672,31.0842],[-98.3679,31.0813],[-98.3718,31.0822],[-98.3693,31.0862],[-98.3708,31.0884],[-98.368,31.09],[-98.3685,31.0933],[-98.3659,31.0942],[-98.3656,31.0903],[-98.3634,31.0921],[-98.361,31.0915],[-98.3594,31.0943],[-98.361,31.0989],[-98.3581,31.0989],[-98.3568,31.1013],[-98.3546,31.0975],[-98.3522,31.1001],[-98.3533,31.1037],[-98.3604,31.1075],[-98.3557,31.1073],[-98.3549,31.1108],[-98.3578,31.1108],[-98.361,31.1136],[-98.3623,31.1121],[-98.3654,31.1133],[-98.364,31.1159],[-98.3562,31.1149],[-98.3562,31.1169],[-98.3594,31.118],[-98.3564,31.1203],[-98.3597,31.1219],[-98.3623,31.1208],[-98.3625,31.1238],[-98.3664,31.1222],[-98.3671,31.1257],[-98.3692,31.1265],[-98.3657,31.1298],[-98.3683,31.1323],[-98.3645,31.1374],[-98.3704,31.1372],[-98.3746,31.135],[-98.3735,31.1409],[-98.3771,31.1435],[-98.377,31.1486],[-98.3808,31.1497],[-98.3777,31.1528],[-98.3917,31.1583],[-98.3925,31.1691],[-98.3905,31.1705],[-98.3826,31.1698],[-98.3814,31.1717],[-98.3916,31.1744],[-98.3928,31.178],[-98.395,31.1788],[-98.3991,31.1778],[-98.4014,31.1711],[-98.4048,31.1759],[-98.4072,31.1772],[-98.4094,31.1762],[-98.4094,31.1783],[-98.4139,31.1811],[-98.4094,31.1804],[-98.4075,31.1819],[-98.4023,31.1776],[-98.4013,31.1842],[-98.3963,31.1835],[-98.3928,31.1853],[-98.3915,31.1836],[-98.3896,31.1855],[-98.3947,31.1902],[-98.3986,31.1902],[-98.3974,31.1922],[-98.4006,31.1971],[-98.3942,31.196],[-98.3935,31.1995],[-98.387,31.1988],[-98.3902,31.201],[-98.3897,31.2031],[-98.3868,31.2035],[-98.3887,31.2076],[-98.3912,31.2064],[-98.3967,31.2076],[-98.3932,31.2113],[-98.3984,31.212],[-98.3996,31.2164],[-98.4009,31.2167],[-98.4033,31.2122],[-98.4058,31.2143],[-98.4099,31.2133],[-98.4113,31.2175],[-98.4063,31.2201],[-98.4081,31.221],[-98.4075,31.2237],[-98.4103,31.2241],[-98.4098,31.2264],[-98.4003,31.2277],[-98.3987,31.229],[-98.4003,31.2319],[-98.3958,31.233],[-98.3954,31.2349],[-98.4107,31.2345],[-98.4069,31.2425],[-98.4095,31.2448],[-98.4128,31.2438],[-98.4134,31.2474],[-98.4169,31.2451],[-98.4194,31.2477],[-98.4212,31.2467],[-98.4204,31.2365],[-98.4224,31.2363],[-98.4228,31.2407],[-98.427,31.2402],[-98.4301,31.2474],[-98.4324,31.245],[-98.4318,31.2426],[-98.4378,31.2418],[-98.4386,31.2392],[-98.4417,31.2405],[-98.4431,31.2384],[-98.4488,31.2398],[-98.4447,31.2464],[-98.4488,31.2449],[-98.4489,31.2477],[-98.4507,31.2483],[-98.4528,31.2464],[-98.4548,31.2525],[-98.4581,31.253],[-98.4494,31.2556],[-98.4484,31.2584],[-98.4451,31.2522],[-98.4433,31.2551],[-98.4388,31.2551],[-98.442,31.2593],[-98.4408,31.2627],[-98.4438,31.2634],[-98.4426,31.2657],[-98.4467,31.2674],[-98.4451,31.271],[-98.4404,31.2739],[-98.4473,31.2734],[-98.451,31.277],[-98.4489,31.2857],[-98.4444,31.2886],[-98.4476,31.2891],[-98.4559,31.2851],[-98.4648,31.2961],[-98.4632,31.3019],[-98.4658,31.3037],[-98.4636,31.3057],[-98.4653,31.3077],[-98.4628,31.3081],[-98.4641,31.3112],[-98.4677,31.3119],[-98.4653,31.3132],[-98.4666,31.3163],[-98.4643,31.3209],[-98.4702,31.32],[-98.4747,31.3216],[-98.4774,31.32],[-98.4758,31.3163],[-98.4772,31.3152],[-98.4806,31.3174],[-98.483,31.315],[-98.4871,31.3159],[-98.4813,31.319],[-98.4791,31.3256],[-98.4825,31.3278],[-98.4778,31.3309],[-98.4847,31.3336],[-98.4861,31.3316],[-98.4923,31.332],[-98.4929,31.3352],[-98.4955,31.3363],[-98.4921,31.3422],[-98.4964,31.3424],[-98.4984,31.3444],[-98.4931,31.3459],[-98.4923,31.3476],[-98.4984,31.349],[-98.4939,31.3526],[-98.4965,31.3546],[-98.4992,31.3543],[-98.4971,31.3584],[-98.5005,31.3569],[-98.5002,31.3591],[-98.5027,31.3595],[-98.5104,31.352],[-98.5126,31.3555],[-98.509,31.3615],[-98.5081,31.3676],[-98.5113,31.3701],[-98.5108,31.3727],[-98.5141,31.3784],[-98.5168,31.3758],[-98.516,31.3729],[-98.5179,31.3723],[-98.5195,31.3742],[-98.5248,31.3666],[-98.5257,31.3744],[-98.5296,31.3726],[-98.5299,31.379],[-98.5275,31.3817],[-98.5234,31.3803],[-98.5222,31.3827],[-98.5184,31.3839],[-98.5206,31.3862],[-98.5202,31.3893],[-98.5228,31.3896],[-98.5267,31.3943],[-98.5357,31.3947],[-98.5341,31.4011],[-98.5384,31.4002],[-98.5422,31.4027],[-98.5447,31.4001],[-98.5494,31.4072],[-98.553,31.4069],[-98.5536,31.4],[-98.557,31.4012],[-98.5578,31.3986],[-98.5619,31.3973],[-98.5648,31.3984],[-98.5655,31.4015],[-98.5618,31.4031],[-98.5609,31.4063],[-98.5646,31.4207],[-98.5673,31.422],[-98.5652,31.423],[-98.5629,31.43],[-98.5705,31.4336],[-98.5746,31.4328],[-98.5748,31.4343],[-98.5727,31.4359],[-98.5734,31.4379],[-98.5681,31.4407],[-98.5668,31.4442],[-98.5767,31.4409],[-98.5769,31.4442],[-98.579,31.4452],[-98.5749,31.4477],[-98.5754,31.4493],[-98.5822,31.4497],[-98.5819,31.4531],[-98.5904,31.4532],[-98.584,31.4578],[-98.5802,31.457],[-98.5796,31.46],[-98.5761,31.4594],[-98.5729,31.4616],[-98.5746,31.4647],[-98.5786,31.4648],[-98.5819,31.468],[-98.5788,31.4682],[-98.5781,31.4724],[-98.5741,31.4713],[-98.5744,31.4752],[-98.578,31.4773],[-98.5839,31.4751],[-98.5849,31.4791],[-98.5891,31.4781],[-98.5861,31.4832],[-98.5899,31.4855],[-98.5884,31.4883],[-98.584,31.4918],[-98.584,31.4884],[-98.581,31.4846],[-98.5767,31.4828],[-98.5765,31.487],[-98.5742,31.4862],[-98.575,31.4904],[-98.5706,31.4888],[-98.5683,31.4902],[-98.5687,31.4935],[-98.5673,31.4938],[-98.5693,31.4977],[-98.5751,31.5003],[-98.5767,31.5038],[-98.5754,31.5046],[-98.5725,31.5022],[-98.5708,31.5047],[-98.5675,31.5053],[-98.5659,31.5026],[-98.5642,31.5051],[-98.5604,31.5054],[-98.5663,31.5133],[-98.559,31.5127],[-98.5574,31.5148],[-98.5543,31.5133],[-98.5516,31.516],[-98.5635,31.5216],[-98.5513,31.5226],[-98.5482,31.5284],[-98.5587,31.5289],[-98.5605,31.5308],[-98.5566,31.5344],[-98.5592,31.5362],[-98.5636,31.5338],[-98.5679,31.534],[-98.5627,31.5376],[-98.5628,31.5417],[-98.558,31.5425],[-98.5605,31.546],[-98.5556,31.5511],[-98.5581,31.5519],[-98.5627,31.55],[-98.5661,31.5512],[-98.5622,31.5565],[-98.5609,31.5606],[-98.5627,31.5622],[-98.5597,31.564],[-98.5609,31.5654],[-98.5639,31.5646],[-98.565,31.5669],[-98.5621,31.5709],[-98.5642,31.5712],[-98.5648,31.5741],[-98.5691,31.5667],[-98.5688,31.5639],[-98.5699,31.5631],[-98.5733,31.5667],[-98.5728,31.5626],[-98.575,31.5597],[-98.5802,31.5631],[-98.582,31.5617],[-98.58,31.5586],[-98.5819,31.5579],[-98.5872,31.5639],[-98.5892,31.5625],[-98.5883,31.5593],[-98.5908,31.5574],[-98.5868,31.554],[-98.5873,31.5507],[-98.5845,31.5508],[-98.5847,31.5434],[-98.5862,31.5498],[-98.5904,31.5507],[-98.5893,31.5484],[-98.591,31.5473],[-98.5958,31.5491],[-98.5973,31.552],[-98.5955,31.5537],[-98.5977,31.5539],[-98.5951,31.5583],[-98.5988,31.5579],[-98.605,31.5636],[-98.6077,31.5621],[-98.6101,31.5647],[-98.6093,31.5666],[-98.6142,31.568],[-98.6137,31.5739],[-98.6074,31.5707],[-98.606,31.5739],[-98.6021,31.5755],[-98.6064,31.5778],[-98.6022,31.5812],[-98.6022,31.5843],[-98.607,31.5843],[-98.6093,31.5865],[-98.6035,31.5892],[-98.6051,31.5924],[-98.6006,31.5927],[-98.601,31.5955],[-98.5987,31.5968],[-98.6072,31.5974],[-98.6062,31.6013],[-98.6011,31.6038],[-98.6062,31.6049],[-98.6067,31.6098],[-98.6003,31.6119],[-98.5982,31.6167],[-98.6076,31.6138],[-98.6098,31.6203],[-98.6121,31.6125],[-98.6178,31.6044],[-98.6197,31.6084],[-98.6183,31.6117],[-98.6194,31.6165],[-98.6219,31.6151],[-98.6239,31.6163],[-98.6251,31.6133],[-98.6275,31.6145],[-98.6334,31.6129],[-98.6311,31.6092],[-98.6263,31.6076],[-98.6267,31.5996],[-98.6283,31.604],[-98.6341,31.6011],[-98.6425,31.61],[-98.6462,31.6091],[-98.6501,31.6063],[-98.6464,31.6028],[-98.6464,31.5944],[-98.649,31.5962],[-98.6485,31.6009],[-98.6515,31.6026],[-98.6538,31.601],[-98.6578,31.61],[-98.6625,31.6062],[-98.662,31.6038],[-98.6653,31.6035],[-98.6638,31.5987],[-98.6698,31.5989],[-98.6707,31.5967],[-98.6729,31.5977],[-98.6679,31.6043],[-98.6681,31.6069],[-98.6643,31.6076],[-98.6611,31.617],[-98.6591,31.6164],[-98.6572,31.619],[-98.6565,31.6167],[-98.652,31.6162],[-98.6497,31.6184],[-98.653,31.6205],[-98.6544,31.6243],[-98.6458,31.6248],[-98.6508,31.6271],[-98.6484,31.6281],[-98.6482,31.6306],[-98.6502,31.6294],[-98.6506,31.6313],[-98.6554,31.6323],[-98.656,31.634],[-98.6495,31.6348],[-98.6482,31.64],[-98.6437,31.6404],[-98.6425,31.6384],[-98.64,31.6406],[-98.6349,31.6408],[-98.636,31.6426],[-98.6402,31.6431],[-98.6431,31.648],[-98.6385,31.6503],[-98.6368,31.6487],[-98.6352,31.6535],[-98.6309,31.6531],[-98.6284,31.6552],[-98.6321,31.6561],[-98.6294,31.6579],[-98.6365,31.6589],[-98.635,31.6641],[-98.6277,31.6627],[-98.6228,31.6665],[-98.6223,31.6709],[-98.6289,31.6648],[-98.6307,31.6682],[-98.6358,31.6714],[-98.6359,31.6761],[-98.6318,31.6765],[-98.6379,31.6804],[-98.6359,31.6848],[-98.6375,31.6854],[-98.6371,31.6908],[-98.6395,31.6888],[-98.642,31.6904],[-98.643,31.6835],[-98.6462,31.684],[-98.646,31.6814],[-98.6483,31.6812],[-98.6438,31.6779],[-98.6433,31.6745],[-98.6452,31.6712],[-98.6477,31.6732],[-98.6502,31.6712],[-98.6459,31.6681],[-98.6485,31.6616],[-98.651,31.6663],[-98.6548,31.6656],[-98.6533,31.6622],[-98.6552,31.6606],[-98.6547,31.6562],[-98.6573,31.6589],[-98.6597,31.6584],[-98.6593,31.6672],[-98.6612,31.6687],[-98.6651,31.6655],[-98.6692,31.6727],[-98.6718,31.6712],[-98.6736,31.6774],[-98.6784,31.6686],[-98.6765,31.6644],[-98.6777,31.6617],[-98.6739,31.6591],[-98.6818,31.6588],[-98.6817,31.6674],[-98.6857,31.6693],[-98.6884,31.6844],[-98.6945,31.6825],[-98.6975,31.6845],[-98.6953,31.6773],[-98.6977,31.6758],[-98.7026,31.687],[-98.707,31.6918],[-98.7094,31.691],[-98.709,31.6857],[-98.7124,31.6813],[-98.7109,31.6747],[-98.7161,31.6776],[-98.717,31.6729],[-98.7203,31.6753],[-98.7227,31.6737],[-98.7234,31.6762],[-98.7258,31.6757],[-98.7297,31.6791],[-98.721,31.6792],[-98.7242,31.6833],[-98.7206,31.684],[-98.7184,31.6872],[-98.7216,31.69],[-98.7169,31.691],[-98.7237,31.6993],[-98.7228,31.7]]],[[[-98.5369,31.7],[-98.5809,31.7],[-98.5823,31.6981],[-98.5797,31.6994],[-98.5724,31.6987],[-98.5627,31.6963],[-98.5629,31.6945],[-98.5589,31.6971],[-98.5571,31.6965],[-98.5587,31.6934],[-98.5708,31.6875],[-98.5621,31.6877],[-98.5547,31.6914],[-98.5591,31.6869],[-98.5576,31.6848],[-98.5537,31.6858],[-98.5533,31.6846],[-98.561,31.6813],[-98.5611,31.6783],[-98.5552,31.6808],[-98.5547,31.6794],[-98.5512,31.6795],[-98.5522,31.6775],[-98.5615,31.6735],[-98.5674,31.6773],[-98.568,31.6763],[-98.5678,31.6734],[-98.5658,31.6725],[-98.5664,31.6682],[-98.5556,31.6706],[-98.5562,31.6677],[-98.5598,31.6658],[-98.5572,31.6654],[-98.5574,31.6599],[-98.5552,31.6614],[-98.5562,31.6633],[-98.5521,31.6637],[-98.5518,31.6684],[-98.5486,31.6726],[-98.5467,31.673],[-98.5432,31.6677],[-98.5445,31.6754],[-98.5426,31.6797],[-98.5442,31.6832],[-98.5393,31.6801],[-98.5393,31.6839],[-98.5367,31.684],[-98.5413,31.6875],[-98.5438,31.693],[-98.5411,31.6928],[-98.5374,31.6881],[-98.5367,31.6925],[-98.5335,31.6906],[-98.5354,31.6945],[-98.5338,31.6958],[-98.5404,31.6978],[-98.5369,31.7]]],[[[-98.4904,31.7],[-98.5105,31.7],[-98.5106,31.6995],[-98.5147,31.6966],[-98.5211,31.6957],[-98.522,31.6932],[-98.5189,31.6923],[-98.5182,31.6897],[-98.5211,31.6882],[-98.5176,31.6852],[-98.5194,31.6817],[-98.5166,31.6821],[-98.5145,31.6881],[-98.5118,31.6896],[-98.5087,31.6886],[-98.5109,31.6838],[-98.5071,31.6848],[-98.5031,31.6793],[-98.5028,31.6836],[-98.5001,31.6828],[-98.5023,31.6873],[-98.5002,31.6883],[-98.5009,31.6932],[-98.4994,31.6897],[-98.4956,31.6875],[-98.4953,31.6915],[-98.4919,31.6922],[-98.4957,31.6959],[-98.4907,31.6971],[-98.4886,31.6951],[-98.4886,31.6977],[-98.4866,31.6981],[-98.4905,31.6996],[-98.4904,31.7]]],[[[-98.4708,31.7],[-98.4742,31.7],[-98.4736,31.6982],[-98.4708,31.7]]],[[[-98.2566,31.7],[-98.2619,31.7],[-98.2622,31.6993],[-98.2657,31.6976],[-98.2635,31.6972],[-98.2637,31.6955],[-98.2566,31.7]]],[[[-98.2467,31.7],[-98.2507,31.7],[-98.2515,31.6968],[-98.2486,31.6982],[-98.2468,31.6964],[-98.2467,31.7]]],[[[-98.2323,31.7],[-98.2366,31.7],[-98.236,31.6951],[-98.2328,31.6951],[-98.2323,31.7]]],[[[-98.2259,31.7],[-98.2307,31.7],[-98.2284,31.6974],[-98.2262,31.6975],[-98.2259,31.7]]],[[[-98.1735,31.7],[-98.1922,31.7],[-98.1924,31.6997],[-98.191,31.6982],[-98.1876,31.6997],[-98.1864,31.697],[-98.1816,31.6972],[-98.1855,31.6948],[-98.1889,31.689],[-98.1847,31.6888],[-98.1792,31.6922],[-98.1757,31.6909],[-98.1747,31.6879],[-98.1712,31.6886],[-98.1743,31.6983],[-98.1735,31.7]]],[[[-98.1618,31.7],[-98.1713,31.7],[-98.1693,31.6981],[-98.1651,31.6988],[-98.1628,31.6953],[-98.1611,31.6956],[-98.1611,31.6993],[-98.1618,31.7]]],[[[-98.1251,31.7],[-98.1305,31.7],[-98.1306,31.699],[-98.1337,31.6981],[-98.1317,31.6964],[-98.1251,31.7]]],[[[-98.1169,31.7],[-98.1245,31.7],[-98.1283,31.6918],[-98.125,31.6908],[-98.1278,31.688],[-98.1275,31.6858],[-98.125,31.6883],[-98.1231,31.6859],[-98.1217,31.6903],[-98.1181,31.6899],[-98.1199,31.6919],[-98.1185,31.6966],[-98.1142,31.6948],[-98.1169,31.7]]],[[[-98.1027,31.7],[-98.1073,31.7],[-98.1076,31.6995],[-98.1047,31.6982],[-98.1027,31.7]]],[[[-98.0786,31.7],[-98.0946,31.7],[-98.0966,31.698],[-98.0925,31.6981],[-98.091,31.6962],[-98.1021,31.6939],[-98.1035,31.6912],[-98.1019,31.6896],[-98.1053,31.6881],[-98.1045,31.6859],[-98.1093,31.6849],[-98.1053,31.684],[-98.1043,31.6804],[-98.0976,31.6856],[-98.0954,31.6904],[-98.0916,31.6882],[-98.093,31.6832],[-98.089,31.6841],[-98.0856,31.69],[-98.0823,31.6845],[-98.0828,31.6813],[-98.0793,31.6831],[-98.081,31.6905],[-98.0795,31.6912],[-98.0792,31.6994],[-98.0786,31.7]]],[[[-97.9593,31.7],[-98.0727,31.7],[-98.073,31.6995],[-98.0695,31.6961],[-98.0746,31.6953],[-98.0745,31.6878],[-98.0705,31.6888],[-98.0706,31.6864],[-98.0669,31.6894],[-98.0649,31.6881],[-98.0592,31.6961],[-98.0558,31.6965],[-98.0576,31.6901],[-98.0555,31.689],[-98.059,31.6881],[-98.06,31.6835],[-98.0672,31.6815],[-98.0599,31.6803],[-98.0541,31.6839],[-98.0516,31.6822],[-98.0473,31.6868],[-98.0492,31.6816],[-98.0539,31.6783],[-98.0507,31.6759],[-98.052,31.672],[-98.0594,31.673],[-98.0617,31.6749],[-98.0627,31.6716],[-98.0652,31.672],[-98.0645,31.6683],[-98.0757,31.6671],[-98.07,31.6658],[-98.0681,31.6633],[-98.0606,31.667],[-98.0673,31.654],[-98.0646,31.6536],[-98.0622,31.6583],[-98.0583,31.658],[-98.0563,31.6628],[-98.0529,31.6596],[-98.0517,31.6663],[-98.0478,31.6657],[-98.0477,31.662],[-98.0457,31.6628],[-98.0439,31.6602],[-98.042,31.6771],[-98.0369,31.6858],[-98.036,31.6835],[-98.0383,31.6822],[-98.0402,31.6755],[-98.0398,31.6733],[-98.037,31.6732],[-98.0364,31.6686],[-98.0281,31.6808],[-98.0275,31.6728],[-98.0231,31.6763],[-98.0164,31.6777],[-98.0183,31.6832],[-98.0158,31.6835],[-98.0141,31.6816],[-98.0101,31.6855],[-98.0086,31.6798],[-98.0061,31.6776],[-98.0112,31.6789],[-98.0119,31.6766],[-98.0093,31.6723],[-98.012,31.6722],[-98.0133,31.6745],[-98.016,31.6741],[-98.017,31.6715],[-98.0234,31.6722],[-98.0255,31.6687],[-98.0221,31.6641],[-98.0311,31.6658],[-98.0379,31.66],[-98.0354,31.6589],[-98.0276,31.6603],[-98.027,31.6572],[-98.0227,31.6561],[-98.0263,31.6527],[-98.0338,31.6545],[-98.0377,31.652],[-98.0376,31.6484],[-98.0412,31.6481],[-98.0395,31.6466],[-98.0317,31.6487],[-98.0337,31.6452],[-98.0326,31.6427],[-98.0374,31.6391],[-98.0373,31.6372],[-98.0306,31.6391],[-98.0289,31.6433],[-98.0267,31.6408],[-98.0252,31.6455],[-98.0217,31.6402],[-98.0191,31.6484],[-98.0142,31.6432],[-98.0126,31.6492],[-98.007,31.6539],[-98.0076,31.6487],[-98.0042,31.6485],[-98.0025,31.6526],[-97.9976,31.6528],[-97.9976,31.6588],[-97.992,31.6524],[-97.9898,31.6584],[-97.9871,31.6573],[-97.9835,31.6645],[-97.9814,31.6625],[-97.9834,31.6567],[-97.9872,31.6558],[-97.9862,31.6519],[-97.9825,31.654],[-97.9805,31.6526],[-97.9841,31.6451],[-97.9908,31.6483],[-97.996,31.6475],[-98.0032,31.6423],[-98.0066,31.6427],[-98.0088,31.6404],[-98.0084,31.6364],[-98.013,31.6349],[-98.0062,31.6353],[-98.0006,31.6395],[-98.0006,31.6312],[-98.0052,31.6291],[-98.0013,31.6275],[-98.0027,31.6232],[-97.9921,31.6366],[-97.9905,31.6334],[-97.9877,31.6349],[-97.9871,31.6313],[-97.9839,31.6298],[-97.9838,31.623],[-97.9821,31.6227],[-97.9815,31.6277],[-97.9799,31.6282],[-97.9815,31.6311],[-97.9799,31.6368],[-97.9769,31.6369],[-97.9754,31.6401],[-97.973,31.6384],[-97.9618,31.6535],[-97.9563,31.6509],[-97.9607,31.6478],[-97.9562,31.6437],[-97.9593,31.6422],[-97.9639,31.6428],[-97.9661,31.6411],[-97.9642,31.6384],[-97.9696,31.6353],[-97.9673,31.6326],[-97.9635,31.6341],[-97.9666,31.624],[-97.9636,31.6254],[-97.957,31.6371],[-97.9544,31.6336],[-97.9472,31.6371],[-97.9441,31.6357],[-97.9438,31.6328],[-97.9448,31.6287],[-97.9514,31.631],[-97.9537,31.6288],[-97.951,31.6273],[-97.9511,31.624],[-97.9572,31.6231],[-97.9606,31.6173],[-97.9552,31.6207],[-97.95,31.6193],[-97.9536,31.6128],[-97.9456,31.6203],[-97.9441,31.6159],[-97.9479,31.613],[-97.9445,31.6131],[-97.9459,31.6081],[-97.944,31.6066],[-97.9419,31.6131],[-97.9367,31.6092],[-97.9397,31.6154],[-97.9397,31.6207],[-97.9351,31.6258],[-97.9339,31.6266],[-97.933,31.6241],[-97.9354,31.6203],[-97.9345,31.6183],[-97.9301,31.6198],[-97.928,31.6172],[-97.926,31.6251],[-97.9221,31.6281],[-97.9186,31.6269],[-97.918,31.6247],[-97.9246,31.6192],[-97.9247,31.6159],[-97.9207,31.6189],[-97.9201,31.6118],[-97.9166,31.6139],[-97.916,31.6095],[-97.9141,31.6092],[-97.9148,31.6064],[-97.9109,31.6057],[-97.9095,31.6083],[-97.9053,31.6069],[-97.9088,31.6042],[-97.9036,31.6],[-97.906,31.5989],[-97.9118,31.6004],[-97.9128,31.6025],[-97.9158,31.6015],[-97.9223,31.6036],[-97.9242,31.6033],[-97.9199,31.5996],[-97.9232,31.5982],[-97.9198,31.5963],[-97.9166,31.5971],[-97.9161,31.5946],[-97.9097,31.5934],[-97.9101,31.5914],[-97.9071,31.5908],[-97.9077,31.5885],[-97.9033,31.5925],[-97.9008,31.5926],[-97.8981,31.5901],[-97.9015,31.5873],[-97.894,31.5827],[-97.8951,31.58],[-97.8981,31.5843],[-97.9034,31.5851],[-97.9032,31.583],[-97.907,31.5814],[-97.9082,31.5866],[-97.9132,31.5853],[-97.9137,31.5896],[-97.9167,31.5918],[-97.9211,31.5924],[-97.9213,31.5872],[-97.9297,31.5915],[-97.9306,31.5961],[-97.9363,31.5957],[-97.9351,31.5938],[-97.9389,31.5924],[-97.9335,31.5913],[-97.9353,31.5897],[-97.9295,31.5847],[-97.9308,31.5829],[-97.9342,31.5835],[-97.9295,31.5747],[-97.9354,31.5756],[-97.939,31.5795],[-97.9407,31.5735],[-97.9448,31.584],[-97.9474,31.5831],[-97.9495,31.5848],[-97.9552,31.5848],[-97.9581,31.5886],[-97.9602,31.5885],[-97.9591,31.5861],[-97.9622,31.5857],[-97.9616,31.5835],[-97.9586,31.5843],[-97.9485,31.578],[-97.9522,31.5766],[-97.9489,31.571],[-97.9572,31.5724],[-97.9562,31.5699],[-97.9609,31.57],[-97.957,31.5668],[-97.9577,31.5651],[-97.9524,31.5645],[-97.9521,31.5602],[-97.947,31.5607],[-97.9512,31.5561],[-97.9445,31.5549],[-97.9411,31.5513],[-97.9405,31.5472],[-97.9446,31.545],[-97.9446,31.5492],[-97.9479,31.5513],[-97.951,31.5489],[-97.954,31.5543],[-97.9576,31.5497],[-97.9594,31.5504],[-97.9609,31.5524],[-97.9597,31.5562],[-97.9643,31.5596],[-97.9665,31.566],[-97.9689,31.566],[-97.9714,31.5688],[-97.9695,31.5728],[-97.9748,31.5759],[-97.974,31.5801],[-97.979,31.5806],[-97.9788,31.5864],[-97.9832,31.5854],[-97.985,31.5942],[-97.9888,31.5935],[-97.9909,31.5953],[-97.9918,31.5986],[-97.995,31.6],[-97.995,31.6041],[-97.9974,31.6035],[-97.9985,31.6063],[-98.0015,31.6042],[-98.0038,31.6114],[-98.0056,31.6033],[-98.0138,31.6077],[-98.0171,31.6147],[-98.0175,31.6082],[-98.0188,31.6082],[-98.0271,31.6172],[-98.0317,31.6179],[-98.04,31.6245],[-98.0461,31.6269],[-98.0488,31.6304],[-98.0476,31.6263],[-98.0427,31.6238],[-98.0413,31.6203],[-98.0366,31.6196],[-98.0296,31.615],[-98.0321,31.6114],[-98.0281,31.6126],[-98.0262,31.6083],[-98.0235,31.6086],[-98.0197,31.6043],[-98.0155,31.604],[-98.0144,31.6009],[-98.0108,31.6002],[-98.0113,31.5983],[-98.0088,31.5989],[-98.0046,31.5941],[-98.0014,31.5958],[-97.9968,31.5937],[-97.9937,31.5894],[-97.9991,31.5878],[-97.9945,31.5869],[-97.9917,31.5813],[-97.9882,31.5793],[-97.995,31.5803],[-97.995,31.5763],[-97.9877,31.5716],[-97.989,31.5669],[-97.9822,31.5607],[-97.9791,31.555],[-97.9811,31.5545],[-97.9928,31.5675],[-97.9962,31.564],[-97.998,31.5713],[-98.002,31.5676],[-98.0038,31.5686],[-98.0032,31.5733],[-98.0088,31.5746],[-98.0077,31.579],[-98.0094,31.5831],[-98.013,31.583],[-98.0165,31.5757],[-98.0182,31.5809],[-98.0211,31.5808],[-98.0244,31.5875],[-98.0285,31.576],[-98.0312,31.5781],[-98.0332,31.5869],[-98.0384,31.5803],[-98.038,31.5776],[-98.0413,31.581],[-98.0426,31.5862],[-98.0457,31.5839],[-98.0474,31.5845],[-98.0486,31.5945],[-98.0507,31.5902],[-98.0549,31.5879],[-98.0571,31.589],[-98.0577,31.5938],[-98.063,31.5905],[-98.0672,31.596],[-98.0708,31.5893],[-98.078,31.5938],[-98.079,31.5903],[-98.0879,31.5927],[-98.0809,31.5873],[-98.0803,31.5838],[-98.0751,31.5848],[-98.076,31.5815],[-98.0702,31.582],[-98.0677,31.5789],[-98.0658,31.5805],[-98.0634,31.5785],[-98.0584,31.5791],[-98.0647,31.5753],[-98.0531,31.5751],[-98.0543,31.5711],[-98.0587,31.5702],[-98.0594,31.5674],[-98.056,31.5677],[-98.0525,31.5637],[-98.0497,31.5661],[-98.0446,31.5661],[-98.0404,31.5628],[-98.0487,31.5614],[-98.0555,31.5575],[-98.0564,31.5549],[-98.0494,31.5558],[-98.0526,31.5523],[-98.0492,31.5518],[-98.0465,31.555],[-98.0422,31.5562],[-98.0418,31.5482],[-98.0385,31.5494],[-98.0375,31.5546],[-98.0351,31.5527],[-98.0322,31.556],[-98.0306,31.5542],[-98.0279,31.5569],[-98.0256,31.5521],[-98.029,31.5495],[-98.0213,31.5483],[-98.0175,31.5499],[-98.017,31.5452],[-98.0061,31.5459],[-98.0037,31.5494],[-98.0022,31.5482],[-98.0039,31.5405],[-98.0,31.5424],[-98.0032,31.5358],[-98.009,31.5421],[-98.0114,31.5401],[-98.0164,31.542],[-98.0164,31.5388],[-98.0217,31.5374],[-98.0249,31.5414],[-98.0287,31.5421],[-98.0324,31.5401],[-98.033,31.5369],[-98.0284,31.5374],[-98.0278,31.5352],[-98.0367,31.531],[-98.0251,31.5311],[-98.0259,31.5278],[-98.0238,31.5259],[-98.0187,31.5264],[-98.0131,31.5297],[-98.0119,31.5269],[-98.0191,31.5236],[-98.0187,31.518],[-98.008,31.5232],[-98.0112,31.5188],[-98.0092,31.5174],[-98.0053,31.5185],[-98.0023,31.513],[-98.0,31.5164],[-97.9973,31.5161],[-97.9939,31.522],[-97.9863,31.5229],[-97.9812,31.5265],[-97.9775,31.5258],[-97.9823,31.5228],[-97.9814,31.5208],[-97.9894,31.5197],[-97.9865,31.5172],[-97.9906,31.5158],[-97.9883,31.5127],[-97.9915,31.512],[-97.9937,31.5079],[-97.9982,31.5082],[-97.9978,31.5048],[-97.9873,31.5059],[-97.9865,31.4995],[-97.9851,31.5033],[-97.9832,31.5032],[-97.9819,31.5099],[-97.9778,31.5077],[-97.9778,31.5123],[-97.9751,31.5148],[-97.9723,31.5091],[-97.9675,31.5184],[-97.9664,31.5073],[-97.9635,31.5082],[-97.9629,31.5066],[-97.955,31.5075],[-97.954,31.5148],[-97.9509,31.5163],[-97.9497,31.5102],[-97.947,31.5118],[-97.9451,31.5097],[-97.9434,31.5126],[-97.9405,31.51],[-97.9401,31.5132],[-97.9383,31.5136],[-97.9358,31.5113],[-97.9374,31.5083],[-97.9396,31.5083],[-97.9409,31.5061],[-97.9435,31.5079],[-97.9481,31.5066],[-97.9452,31.5013],[-97.9508,31.5025],[-97.9523,31.4994],[-97.958,31.5027],[-97.9622,31.5026],[-97.9661,31.5018],[-97.9714,31.4965],[-97.9626,31.4983],[-97.9649,31.4943],[-97.9575,31.4953],[-97.9583,31.4921],[-97.956,31.4897],[-97.9646,31.4863],[-97.9606,31.4858],[-97.9605,31.4815],[-97.959,31.4842],[-97.9531,31.4869],[-97.95,31.4916],[-97.9424,31.4927],[-97.9469,31.4841],[-97.9421,31.484],[-97.9421,31.4779],[-97.9395,31.4802],[-97.9371,31.4899],[-97.9335,31.4873],[-97.9318,31.4907],[-97.9294,31.489],[-97.9262,31.4922],[-97.9268,31.4818],[-97.9301,31.4803],[-97.9236,31.4805],[-97.9288,31.4703],[-97.9248,31.4728],[-97.9235,31.4687],[-97.9201,31.4781],[-97.9173,31.4769],[-97.919,31.4814],[-97.9178,31.4854],[-97.9122,31.4844],[-97.9121,31.4916],[-97.9096,31.4905],[-97.9068,31.4918],[-97.906,31.4965],[-97.9029,31.4967],[-97.9003,31.4999],[-97.8986,31.498],[-97.8944,31.4982],[-97.8952,31.4948],[-97.9028,31.4942],[-97.8993,31.4889],[-97.9045,31.4875],[-97.9019,31.4873],[-97.9016,31.4841],[-97.8946,31.4864],[-97.9005,31.482],[-97.9011,31.4778],[-97.9079,31.4777],[-97.9107,31.475],[-97.911,31.4732],[-97.9048,31.4757],[-97.9024,31.4728],[-97.9021,31.4705],[-97.9054,31.4669],[-97.9092,31.4668],[-97.9096,31.4648],[-97.9054,31.4641],[-97.908,31.4597],[-97.9068,31.4588],[-97.9046,31.4621],[-97.9022,31.4595],[-97.902,31.4665],[-97.8986,31.4657],[-97.8967,31.4752],[-97.8943,31.4785],[-97.8927,31.4745],[-97.8921,31.4778],[-97.8895,31.478],[-97.8875,31.4856],[-97.8859,31.4789],[-97.8847,31.4805],[-97.8823,31.4798],[-97.8835,31.4842],[-97.8794,31.4925],[-97.8779,31.4896],[-97.88,31.4871],[-97.8769,31.484],[-97.8787,31.4799],[-97.8718,31.4795],[-97.8726,31.4835],[-97.8706,31.4869],[-97.8684,31.4846],[-97.8684,31.4903],[-97.8602,31.4832],[-97.86,31.4922],[-97.8573,31.4916],[-97.8572,31.4888],[-97.8541,31.4857],[-97.8515,31.4893],[-97.8514,31.495],[-97.8476,31.4887],[-97.8457,31.4962],[-97.8383,31.4993],[-97.8411,31.4973],[-97.8406,31.4945],[-97.8437,31.493],[-97.8437,31.4908],[-97.8391,31.491],[-97.836,31.4937],[-97.8354,31.4913],[-97.8298,31.4907],[-97.8367,31.4889],[-97.8345,31.4869],[-97.8383,31.4843],[-97.8349,31.483],[-97.8254,31.4874],[-97.8277,31.4854],[-97.8267,31.4823],[-97.8317,31.481],[-97.8254,31.4792],[-97.8252,31.4769],[-97.8322,31.4778],[-97.8319,31.4718],[-97.8341,31.4729],[-97.8367,31.4792],[-97.8386,31.4794],[-97.8385,31.477],[-97.8438,31.4792],[-97.8421,31.476],[-97.8449,31.4761],[-97.8506,31.4779],[-97.8534,31.4811],[-97.8556,31.4802],[-97.8539,31.4748],[-97.857,31.4755],[-97.8584,31.478],[-97.8616,31.4771],[-97.86,31.4727],[-97.8633,31.4733],[-97.8641,31.4714],[-97.8672,31.4725],[-97.8705,31.4696],[-97.8755,31.4726],[-97.875,31.4685],[-97.8824,31.4671],[-97.8821,31.4658],[-97.8878,31.4669],[-97.8877,31.465],[-97.8843,31.4645],[-97.8843,31.4624],[-97.8804,31.4624],[-97.8793,31.4596],[-97.8826,31.454],[-97.8821,31.4504],[-97.8757,31.4579],[-97.8754,31.4637],[-97.8728,31.4608],[-97.8709,31.4646],[-97.8683,31.4637],[-97.8637,31.4661],[-97.8661,31.4553],[-97.863,31.4593],[-97.8606,31.459],[-97.8595,31.4654],[-97.8552,31.4666],[-97.8539,31.4653],[-97.852,31.4682],[-97.8485,31.4664],[-97.842,31.468],[-97.8493,31.4636],[-97.8464,31.4598],[-97.8508,31.4583],[-97.8525,31.4545],[-97.8466,31.4553],[-97.8463,31.4515],[-97.8494,31.4483],[-97.8564,31.4498],[-97.8548,31.4466],[-97.856,31.4422],[-97.852,31.4466],[-97.8495,31.4424],[-97.8488,31.4453],[-97.8441,31.4484],[-97.841,31.444],[-97.842,31.4551],[-97.8378,31.4622],[-97.8345,31.4637],[-97.8332,31.4585],[-97.8353,31.4539],[-97.8322,31.4539],[-97.834,31.4498],[-97.8322,31.4496],[-97.8319,31.4458],[-97.8257,31.4642],[-97.8216,31.4618],[-97.823,31.4569],[-97.821,31.4554],[-97.8226,31.4542],[-97.8204,31.4522],[-97.8214,31.4478],[-97.8197,31.4476],[-97.819,31.4505],[-97.8164,31.4499],[-97.8186,31.453],[-97.8165,31.4682],[-97.8135,31.4628],[-97.8121,31.4671],[-97.8088,31.4685],[-97.8104,31.465],[-97.8058,31.4644],[-97.8077,31.4615],[-97.8058,31.4597],[-97.8101,31.4565],[-97.8069,31.4567],[-97.8061,31.4553],[-97.8038,31.4574],[-97.802,31.4541],[-97.7991,31.4571],[-97.8017,31.4594],[-97.8018,31.4663],[-97.7976,31.4663],[-97.7947,31.4639],[-97.7936,31.4657],[-97.7984,31.4702],[-97.7947,31.474],[-97.7925,31.4734],[-97.7937,31.4699],[-97.7911,31.4702],[-97.7888,31.4743],[-97.786,31.4731],[-97.7839,31.4704],[-97.7849,31.4655],[-97.7801,31.4676],[-97.7786,31.4627],[-97.7756,31.4653],[-97.7737,31.4635],[-97.7694,31.4672],[-97.7622,31.4643],[-97.7593,31.4583],[-97.7673,31.4568],[-97.7615,31.4545],[-97.7622,31.4527],[-97.7674,31.4521],[-97.7689,31.4556],[-97.7701,31.4536],[-97.7748,31.4543],[-97.7717,31.45],[-97.7778,31.4534],[-97.7775,31.4505],[-97.7801,31.4503],[-97.7843,31.4537],[-97.7849,31.4566],[-97.7893,31.4545],[-97.785,31.4505],[-97.7846,31.4466],[-97.7879,31.4475],[-97.7885,31.4443],[-97.792,31.4447],[-97.7914,31.4432],[-97.8,31.4457],[-97.8083,31.4422],[-97.8026,31.4426],[-97.8007,31.4405],[-97.7975,31.4417],[-97.7973,31.4395],[-97.7935,31.4394],[-97.7937,31.4352],[-97.8007,31.4362],[-97.7999,31.433],[-97.802,31.4313],[-97.8053,31.4321],[-97.8094,31.4228],[-97.808,31.4219],[-97.8056,31.4262],[-97.8011,31.4283],[-97.8013,31.4215],[-97.8033,31.4177],[-97.8073,31.4176],[-97.8094,31.4144],[-97.7991,31.4193],[-97.7977,31.4268],[-97.795,31.4287],[-97.7927,31.4256],[-97.7928,31.4294],[-97.789,31.4267],[-97.7902,31.4303],[-97.7878,31.4325],[-97.7844,31.43],[-97.7887,31.4377],[-97.787,31.4392],[-97.7826,31.435],[-97.7821,31.4388],[-97.7764,31.4413],[-97.7739,31.4384],[-97.7735,31.443],[-97.7715,31.4422],[-97.7673,31.4443],[-97.7678,31.4402],[-97.7668,31.4386],[-97.7636,31.4406],[-97.7649,31.435],[-97.7622,31.4338],[-97.7716,31.433],[-97.7654,31.4311],[-97.7706,31.4263],[-97.7685,31.425],[-97.7661,31.4284],[-97.7616,31.4304],[-97.7585,31.4264],[-97.7523,31.4262],[-97.7462,31.4218],[-97.7405,31.4217],[-97.7394,31.4195],[-97.7491,31.4196],[-97.7478,31.4159],[-97.7552,31.4103],[-97.7564,31.407],[-97.7611,31.4117],[-97.7622,31.4096],[-97.7648,31.4148],[-97.767,31.4151],[-97.7658,31.4086],[-97.764,31.408],[-97.765,31.4047],[-97.7745,31.4102],[-97.7772,31.4082],[-97.7808,31.4108],[-97.7779,31.405],[-97.7816,31.4052],[-97.7834,31.4027],[-97.7879,31.4032],[-97.791,31.4014],[-97.7835,31.4011],[-97.7779,31.4031],[-97.7749,31.4063],[-97.7716,31.4051],[-97.7709,31.4023],[-97.7661,31.4023],[-97.7661,31.3978],[-97.7597,31.406],[-97.7571,31.4022],[-97.7589,31.3987],[-97.7538,31.4023],[-97.7519,31.4011],[-97.7525,31.3965],[-97.7501,31.3978],[-97.7503,31.4003],[-97.7464,31.3998],[-97.7433,31.4016],[-97.7435,31.3978],[-97.7395,31.4012],[-97.7309,31.3962],[-97.7288,31.3926],[-97.7404,31.389],[-97.746,31.3899],[-97.7459,31.3868],[-97.7491,31.3857],[-97.751,31.3812],[-97.7443,31.384],[-97.744,31.3872],[-97.7379,31.3862],[-97.7313,31.3884],[-97.727,31.3836],[-97.728,31.3806],[-97.7247,31.3816],[-97.7222,31.3791],[-97.7211,31.3716],[-97.7131,31.3721],[-97.6985,31.3825],[-97.6903,31.3773],[-97.68,31.3762],[-97.6785,31.3733],[-97.68,31.372],[-97.6694,31.3689],[-97.6679,31.3638],[-97.672,31.3591],[-97.6648,31.3543],[-97.6644,31.3456],[-97.6518,31.3379],[-97.6592,31.3367],[-97.6595,31.3341],[-97.6663,31.3332],[-97.6662,31.3313],[-97.6698,31.3306],[-97.6771,31.3345],[-97.6765,31.3319],[-97.6783,31.3309],[-97.6959,31.3323],[-97.6987,31.3312],[-97.6894,31.3277],[-97.6861,31.324],[-97.6863,31.3156],[-97.6836,31.3158],[-97.6819,31.3238],[-97.6704,31.3245],[-97.669,31.3194],[-97.6664,31.3265],[-97.6584,31.3264],[-97.6553,31.3283],[-97.6556,31.3253],[-97.6529,31.3247],[-97.6531,31.3221],[-97.6592,31.3154],[-97.6547,31.3156],[-97.6523,31.3107],[-97.6511,31.3176],[-97.6473,31.3171],[-97.6457,31.3147],[-97.644,31.3176],[-97.6406,31.3167],[-97.648,31.3217],[-97.6492,31.3298],[-97.6184,31.328],[-97.611,31.3314],[-97.6051,31.3391],[-97.5982,31.3378],[-97.5972,31.3352],[-97.6006,31.3291],[-97.6067,31.3259],[-97.6073,31.3237],[-97.6006,31.3245],[-97.5985,31.3265],[-97.5968,31.3231],[-97.5964,31.3285],[-97.5942,31.3292],[-97.5919,31.3364],[-97.5854,31.3315],[-97.5879,31.3372],[-97.5785,31.3457],[-97.5784,31.3516],[-97.5742,31.3552],[-97.5761,31.3591],[-97.5848,31.3588],[-97.6045,31.3487],[-97.6086,31.3504],[-97.6303,31.3452],[-97.6319,31.3476],[-97.6288,31.3499],[-97.628,31.3534],[-97.6295,31.3569],[-97.6401,31.3586],[-97.645,31.3546],[-97.6534,31.3583],[-97.6555,31.3703],[-97.6596,31.3749],[-97.6608,31.3804],[-97.6687,31.3824],[-97.6847,31.3813],[-97.6961,31.3895],[-97.6984,31.3932],[-97.6992,31.3892],[-97.711,31.3844],[-97.7117,31.3896],[-97.7141,31.391],[-97.7123,31.3941],[-97.7171,31.3919],[-97.7178,31.3946],[-97.7216,31.3956],[-97.7239,31.4022],[-97.7237,31.4045],[-97.7136,31.4067],[-97.713,31.4114],[-97.7155,31.4074],[-97.7207,31.4062],[-97.7265,31.4072],[-97.7249,31.4095],[-97.738,31.4084],[-97.7413,31.4099],[-97.7369,31.4123],[-97.7342,31.4109],[-97.7314,31.4264],[-97.7337,31.4279],[-97.7362,31.4262],[-97.7372,31.432],[-97.7393,31.4283],[-97.741,31.4285],[-97.7459,31.4301],[-97.7457,31.4331],[-97.7491,31.4323],[-97.7524,31.4357],[-97.7507,31.4387],[-97.7472,31.44],[-97.7441,31.4455],[-97.7399,31.447],[-97.7456,31.4614],[-97.7416,31.469],[-97.7418,31.4758],[-97.7373,31.4812],[-97.7466,31.4777],[-97.7479,31.4806],[-97.7426,31.4856],[-97.7487,31.485],[-97.7508,31.4889],[-97.7496,31.4831],[-97.7533,31.4823],[-97.7501,31.4785],[-97.7567,31.4768],[-97.7582,31.4781],[-97.7627,31.476],[-97.7632,31.481],[-97.7662,31.4774],[-97.7695,31.4838],[-97.7657,31.4862],[-97.7685,31.49],[-97.7655,31.4916],[-97.7695,31.4931],[-97.7695,31.4877],[-97.7728,31.4866],[-97.7794,31.4882],[-97.7763,31.4895],[-97.7769,31.4916],[-97.7838,31.4908],[-97.7804,31.4933],[-97.7859,31.4974],[-97.7787,31.5004],[-97.7763,31.5044],[-97.7808,31.5025],[-97.782,31.5052],[-97.7829,31.5027],[-97.7865,31.5015],[-97.7882,31.5028],[-97.7894,31.5006],[-97.7891,31.5089],[-97.7938,31.5082],[-97.7913,31.5107],[-97.7934,31.5143],[-97.7975,31.5081],[-97.7933,31.5053],[-97.7958,31.5036],[-97.7933,31.5021],[-97.7917,31.4959],[-97.7935,31.4969],[-97.7937,31.4935],[-97.7995,31.4925],[-97.8033,31.4965],[-97.8031,31.4925],[-97.8075,31.4918],[-97.8043,31.5011],[-97.8054,31.5038],[-97.8016,31.5026],[-97.8039,31.5073],[-97.808,31.5078],[-97.8048,31.5113],[-97.8141,31.5143],[-97.8071,31.5147],[-97.8104,31.5175],[-97.8073,31.5226],[-97.8102,31.5232],[-97.8072,31.527],[-97.8112,31.5259],[-97.8111,31.5281],[-97.8148,31.5287],[-97.8222,31.5235],[-97.823,31.5282],[-97.8196,31.5302],[-97.8216,31.5322],[-97.8193,31.5351],[-97.8131,31.5386],[-97.8107,31.543],[-97.8276,31.5369],[-97.8259,31.5431],[-97.8274,31.5554],[-97.829,31.5537],[-97.8286,31.5451],[-97.8322,31.5429],[-97.8372,31.5561],[-97.839,31.553],[-97.8368,31.5454],[-97.8393,31.5425],[-97.838,31.54],[-97.8353,31.5402],[-97.8336,31.5353],[-97.8389,31.5377],[-97.8414,31.534],[-97.8468,31.5311],[-97.843,31.5399],[-97.8454,31.5405],[-97.8438,31.5457],[-97.8463,31.5466],[-97.8467,31.5503],[-97.8482,31.5511],[-97.8506,31.5483],[-97.8513,31.5434],[-97.8562,31.5412],[-97.8555,31.5502],[-97.8573,31.5515],[-97.8586,31.5486],[-97.8636,31.5508],[-97.8681,31.5474],[-97.8661,31.5506],[-97.8669,31.5566],[-97.8623,31.5549],[-97.8616,31.5598],[-97.8553,31.5617],[-97.8591,31.5619],[-97.8589,31.5657],[-97.8647,31.5672],[-97.8609,31.5725],[-97.8571,31.571],[-97.8565,31.5746],[-97.8612,31.5766],[-97.8597,31.5797],[-97.8543,31.5773],[-97.853,31.5727],[-97.85,31.5743],[-97.8511,31.5785],[-97.8434,31.576],[-97.8446,31.5787],[-97.848,31.5792],[-97.8522,31.5832],[-97.85,31.587],[-97.8452,31.5866],[-97.8475,31.5905],[-97.8542,31.588],[-97.8547,31.5906],[-97.8597,31.5866],[-97.8578,31.5915],[-97.8614,31.5916],[-97.8588,31.5961],[-97.8546,31.5975],[-97.8531,31.596],[-97.8498,31.5977],[-97.8505,31.6016],[-97.8456,31.601],[-97.8486,31.6037],[-97.8461,31.6079],[-97.8488,31.6069],[-97.8493,31.6096],[-97.8555,31.6045],[-97.8596,31.6048],[-97.858,31.6101],[-97.8595,31.6127],[-97.8632,31.6103],[-97.8629,31.6144],[-97.8712,31.6101],[-97.8745,31.6131],[-97.8776,31.6125],[-97.8755,31.6165],[-97.8662,31.6207],[-97.8709,31.6209],[-97.8719,31.625],[-97.8753,31.6235],[-97.8731,31.6282],[-97.8776,31.6288],[-97.8784,31.632],[-97.8815,31.6337],[-97.8782,31.6364],[-97.8731,31.6339],[-97.8721,31.6375],[-97.8674,31.6355],[-97.866,31.6375],[-97.863,31.6368],[-97.8629,31.6406],[-97.8701,31.6409],[-97.8722,31.6457],[-97.8748,31.6445],[-97.8777,31.646],[-97.8738,31.648],[-97.875,31.6508],[-97.8711,31.6498],[-97.8686,31.653],[-97.8724,31.6531],[-97.8705,31.6555],[-97.8728,31.6595],[-97.8786,31.654],[-97.8781,31.6576],[-97.8826,31.658],[-97.8854,31.6568],[-97.8851,31.6542],[-97.8868,31.6537],[-97.8877,31.6573],[-97.8798,31.6661],[-97.8854,31.6658],[-97.8864,31.6674],[-97.8886,31.6651],[-97.8909,31.6666],[-97.8915,31.6751],[-97.8952,31.6737],[-97.8954,31.6687],[-97.899,31.668],[-97.8961,31.6651],[-97.8981,31.6641],[-97.8974,31.6614],[-97.9001,31.6577],[-97.9004,31.6612],[-97.9043,31.6656],[-97.9067,31.658],[-97.9106,31.6581],[-97.9126,31.6537],[-97.9141,31.6613],[-97.9105,31.6633],[-97.9127,31.6659],[-97.9055,31.6691],[-97.9068,31.6709],[-97.9044,31.677],[-97.9071,31.678],[-97.909,31.6846],[-97.9118,31.6755],[-97.9156,31.6748],[-97.9166,31.684],[-97.9193,31.6839],[-97.9186,31.6879],[-97.9228,31.6865],[-97.9209,31.6917],[-97.9247,31.6944],[-97.9201,31.7],[-97.9238,31.7],[-97.9262,31.6996],[-97.9262,31.7],[-97.9303,31.7],[-97.9286,31.6988],[-97.9296,31.6936],[-97.9356,31.6958],[-97.9342,31.6902],[-97.9305,31.6891],[-97.9334,31.6872],[-97.9318,31.6853],[-97.934,31.6836],[-97.933,31.6807],[-97.9297,31.6791],[-97.935,31.6782],[-97.9362,31.6817],[-97.9397,31.6818],[-97.9418,31.6872],[-97.9463,31.6833],[-97.9432,31.689],[-97.9473,31.6918],[-97.9513,31.6863],[-97.9532,31.6862],[-97.9523,31.6915],[-97.9456,31.6954],[-97.9495,31.6979],[-97.9478,31.7],[-97.9577,31.7],[-97.9588,31.6978],[-97.9593,31.7]],[[-97.9186,31.5336],[-97.9216,31.533],[-97.9281,31.5392],[-97.9301,31.5381],[-97.9335,31.5401],[-97.9346,31.5378],[-97.9386,31.5403],[-97.9368,31.5429],[-97.9386,31.5469],[-97.9362,31.5494],[-97.9334,31.5498],[-97.9324,31.5436],[-97.93,31.544],[-97.9293,31.542],[-97.9251,31.5405],[-97.923,31.5426],[-97.9237,31.5397],[-97.9186,31.5336]]]]}},
{"type":"Feature","properties":{"name":"Trinity"},"geometry":{"type":"MultiPolygon","coordinates":[[[[-99.0,29.5579],[-99.0,29.552],[-98.9977,29.5517],[-98.996,29.5491],[-98.9864,29.5551],[-98.9836,29.5546],[-98.984,29.5506],[-98.9814,29.5511],[-98.98,29.5482],[-98.979,29.5507],[-98.9724,29.5493],[-98.9644,29.5522],[-98.9649,29.5483],[-98.9613,29.5484],[-98.9621,29.5499],[-98.9597,29.5528],[-98.9514,29.5518],[-98.9463,29.555],[-98.9451,29.5528],[-98.9398,29.5565],[-98.9308,29.5571],[-98.9299,29.5558],[-98.9348,29.5529],[-98.9335,29.5514],[-98.9343,29.5407],[-98.9381,29.5382],[-98.934,29.5306],[-98.9321,29.5397],[-98.926,29.5455],[-98.9261,29.5489],[-98.9175,29.5527],[-98.9133,29.5517],[-98.9026,29.5543],[-98.9001,29.548],[-98.9022,29.5429],[-98.8977,29.5453],[-98.894,29.5516],[-98.8974,29.5533],[-98.8886,29.5581],[-98.8911,29.561],[-98.8929,29.5582],[-98.8965,29.5573],[-98.8995,29.5609],[-98.9021,29.5588],[-98.9007,29.557],[-98.9064,29.5556],[-98.9102,29.5556],[-98.9136,29.5585],[-98.9107,29.5614],[-98.9095,29.558],[-98.906,29.5586],[-98.9076,29.5615],[-98.9059,29.5642],[-98.9051,29.5625],[-98.9027,29.5631],[-98.9028,29.561],[-98.9008,29.5613],[-98.8968,29.5663],[-98.9012,29.5672],[-98.8962,29.5702],[-98.8928,29.5683],[-98.8891,29.57],[-98.888,29.5684],[-98.8817,29.5704],[-98.8809,29.5752],[-98.8836,29.573],[-98.8878,29.5736],[-98.8861,29.5767],[-98.894,29.5752],[-98.8924,29.5793],[-98.8885,29.5786],[-98.8901,29.5813],[-98.8853,29.5806],[-98.8835,29.5822],[-98.8805,29.5786],[-98.8775,29.5783],[-98.8804,29.5824],[-98.8791,29.584],[-98.8708,29.5822],[-98.8698,29.5839],[-98.8673,29.5821],[-98.8669,29.5846],[-98.8641,29.5848],[-98.8622,29.5824],[-98.8612,29.5845],[-98.8575,29.5839],[-98.8565,29.5866],[-98.8529,29.5883],[-98.8423,29.5912],[-98.8487,29.5923],[-98.8471,29.5963],[-98.8442,29.5977],[-98.8439,29.6008],[-98.8479,29.5998],[-98.852,29.6065],[-98.8531,29.6034],[-98.8506,29.6015],[-98.8495,29.5963],[-98.8527,29.5954],[-98.8539,29.5999],[-98.8573,29.5995],[-98.8562,29.5935],[-98.8605,29.5929],[-98.8586,29.5946],[-98.8592,29.5974],[-98.8622,29.5959],[-98.8644,29.598],[-98.8557,29.6028],[-98.8587,29.6021],[-98.8588,29.6063],[-98.8626,29.6031],[-98.8638,29.6069],[-98.867,29.6024],[-98.8666,29.5939],[-98.8698,29.5913],[-98.8703,29.5955],[-98.8683,29.5985],[-98.8698,29.6039],[-98.8721,29.6038],[-98.872,29.601],[-98.874,29.6016],[-98.8734,29.5968],[-98.8756,29.5987],[-98.8771,29.5908],[-98.8794,29.5933],[-98.8822,29.5934],[-98.878,29.5964],[-98.878,29.5997],[-98.8823,29.5969],[-98.8852,29.5981],[-98.885,29.5962],[-98.8879,29.5954],[-98.8868,29.5928],[-98.8899,29.5941],[-98.8892,29.5898],[-98.8937,29.589],[-98.893,29.5931],[-98.8951,29.5914],[-98.8987,29.592],[-98.8986,29.5945],[-98.8929,29.5951],[-98.8951,29.5975],[-98.8897,29.5977],[-98.8864,29.6011],[-98.8801,29.6006],[-98.8766,29.6047],[-98.8826,29.6026],[-98.8777,29.606],[-98.867,29.6086],[-98.8671,29.6106],[-98.8617,29.6112],[-98.8607,29.614],[-98.8556,29.6143],[-98.8586,29.6155],[-98.859,29.6179],[-98.8665,29.6142],[-98.8658,29.6169],[-98.859,29.621],[-98.859,29.6235],[-98.8516,29.6255],[-98.8522,29.6211],[-98.8582,29.6188],[-98.8557,29.6165],[-98.8541,29.6186],[-98.8521,29.6182],[-98.8515,29.6162],[-98.85,29.6166],[-98.8508,29.6137],[-98.8472,29.6147],[-98.8517,29.6117],[-98.8511,29.6094],[-98.8451,29.6087],[-98.8455,29.6051],[-98.842,29.6056],[-98.8364,29.599],[-98.833,29.5992],[-98.8328,29.6032],[-98.8305,29.6046],[-98.8289,29.6029],[-98.8304,29.5984],[-98.8257,29.6002],[-98.824,29.5992],[-98.8279,29.5937],[-98.8381,29.5927],[-98.8377,29.5898],[-98.8297,29.5903],[-98.8254,29.5854],[-98.8217,29.5857],[-98.8197,29.5837],[-98.8164,29.5849],[-98.8146,29.5812],[-98.8159,29.5794],[-98.8183,29.5811],[-98.8205,29.5789],[-98.8246,29.5807],[-98.8235,29.5743],[-98.8255,29.5717],[-98.8281,29.5762],[-98.8317,29.5736],[-98.8308,29.5775],[-98.8342,29.5784],[-98.8347,29.5805],[-98.8336,29.5854],[-98.839,29.5838],[-98.8417,29.587],[-98.8412,29.5816],[-98.8386,29.5799],[-98.8399,29.5783],[-98.8446,29.5791],[-98.8457,29.5849],[-98.8506,29.5811],[-98.849,29.5799],[-98.8559,29.5804],[-98.8567,29.5778],[-98.854,29.5762],[-98.8518,29.5777],[-98.8472,29.5769],[-98.8454,29.5758],[-98.847,29.5742],[-98.8394,29.5739],[-98.8428,29.572],[-98.8482,29.5723],[-98.8457,29.57],[-98.8491,29.5691],[-98.8496,29.5662],[-98.8382,29.5707],[-98.8363,29.5676],[-98.8305,29.5665],[-98.8338,29.5617],[-98.8427,29.5605],[-98.8363,29.5581],[-98.8399,29.5553],[-98.8388,29.5506],[-98.8355,29.5462],[-98.8307,29.544],[-98.8217,29.5448],[-98.8186,29.5396],[-98.8181,29.5468],[-98.824,29.5513],[-98.8254,29.5549],[-98.821,29.558],[-98.8197,29.5625],[-98.8103,29.5636],[-98.8112,29.5659],[-98.8078,29.57],[-98.8087,29.5765],[-98.8025,29.5823],[-98.8047,29.587],[-98.7382,29.6141],[-98.7323,29.6129],[-98.7356,29.6087],[-98.7249,29.6109],[-98.7217,29.6065],[-98.7122,29.6041],[-98.7105,29.6001],[-98.7131,29.598],[-98.7154,29.5992],[-98.7157,29.5944],[-98.7191,29.5971],[-98.7197,29.6002],[-98.7261,29.6015],[-98.7196,29.5934],[-98.7235,29.5882],[-98.7189,29.588],[-98.7176,29.5914],[-98.7126,29.5909],[-98.7079,29.5935],[-98.7088,29.5875],[-98.7049,29.5885],[-98.7039,29.5868],[-98.7059,29.5834],[-98.705,29.5803],[-98.7087,29.5801],[-98.7085,29.5786],[-98.6986,29.5767],[-98.6945,29.5734],[-98.6968,29.5683],[-98.7008,29.5676],[-98.7005,29.5643],[-98.689,29.5672],[-98.6857,29.5741],[-98.6873,29.5802],[-98.6824,29.5833],[-98.6849,29.5841],[-98.6832,29.587],[-98.6852,29.5877],[-98.6852,29.5901],[-98.6805,29.5943],[-98.6816,29.5963],[-98.6841,29.596],[-98.6837,29.5991],[-98.6762,29.604],[-98.676,29.6063],[-98.6804,29.6102],[-98.6754,29.6123],[-98.6731,29.6162],[-98.67,29.6149],[-98.6671,29.621],[-98.6619,29.6252],[-98.6667,29.6243],[-98.671,29.6209],[-98.6695,29.6246],[-98.6709,29.6269],[-98.6667,29.6291],[-98.6682,29.6303],[-98.6662,29.6327],[-98.6637,29.632],[-98.664,29.6357],[-98.6605,29.6359],[-98.6569,29.6392],[-98.662,29.6398],[-98.6636,29.6465],[-98.666,29.6403],[-98.6695,29.6417],[-98.6672,29.6446],[-98.6705,29.6467],[-98.6701,29.6484],[-98.6681,29.6516],[-98.6625,29.6548],[-98.6481,29.6582],[-98.6477,29.6562],[-98.6452,29.6564],[-98.641,29.6598],[-98.6393,29.6585],[-98.6363,29.6598],[-98.6353,29.6552],[-98.6397,29.6538],[-98.6374,29.6512],[-98.6384,29.6494],[-98.6426,29.6539],[-98.6512,29.6554],[-98.6534,29.6534],[-98.6467,29.6499],[-98.6451,29.6468],[-98.6506,29.6475],[-98.6549,29.6518],[-98.6561,29.6508],[-98.66,29.6524],[-98.6597,29.6502],[-98.6618,29.6493],[-98.6524,29.6462],[-98.6517,29.6447],[-98.6543,29.6438],[-98.6541,29.642],[-98.6447,29.6426],[-98.6412,29.6444],[-98.6396,29.6426],[-98.6407,29.64],[-98.6367,29.6415],[-98.6334,29.6394],[-98.6304,29.642],[-98.6288,29.6399],[-98.6316,29.6357],[-98.6274,29.6342],[-98.6264,29.6308],[-98.6209,29.6323],[-98.6256,29.6274],[-98.6204,29.6267],[-98.6186,29.6239],[-98.613,29.6235],[-98.6149,29.6214],[-98.6125,29.6197],[-98.619,29.6198],[-98.6196,29.6182],[-98.6175,29.6169],[-98.6225,29.6156],[-98.6239,29.6132],[-98.6262,29.6173],[-98.6238,29.6188],[-98.6261,29.62],[-98.6202,29.6242],[-98.6237,29.6254],[-98.6251,29.6235],[-98.6269,29.6252],[-98.6287,29.6232],[-98.6313,29.6253],[-98.6323,29.6236],[-98.6298,29.6187],[-98.6311,29.6173],[-98.6324,29.6191],[-98.6342,29.6178],[-98.6347,29.6205],[-98.6374,29.6216],[-98.635,29.6278],[-98.6387,29.629],[-98.6386,29.6322],[-98.6414,29.6332],[-98.6431,29.6308],[-98.6419,29.6241],[-98.646,29.6262],[-98.646,29.6285],[-98.6487,29.6284],[-98.6459,29.6348],[-98.6464,29.6389],[-98.6526,29.6344],[-98.6506,29.6322],[-98.652,29.6313],[-98.6543,29.6324],[-98.6543,29.6357],[-98.6589,29.635],[-98.6555,29.6287],[-98.6523,29.6272],[-98.6569,29.6235],[-98.6546,29.6228],[-98.6499,29.6252],[-98.6474,29.6212],[-98.6501,29.6194],[-98.6466,29.618],[-98.6397,29.6186],[-98.6424,29.6163],[-98.6395,29.6155],[-98.6388,29.6133],[-98.6297,29.6107],[-98.632,29.6093],[-98.6295,29.6046],[-98.6313,29.6045],[-98.635,29.6086],[-98.6365,29.6069],[-98.6315,29.602],[-98.6212,29.6074],[-98.6236,29.6091],[-98.6195,29.6128],[-98.6073,29.6154],[-98.6048,29.614],[-98.5982,29.617],[-98.6043,29.6188],[-98.5981,29.619],[-98.5955,29.6176],[-98.5882,29.6189],[-98.5863,29.6238],[-98.5905,29.6243],[-98.5879,29.6259],[-98.5901,29.6277],[-98.585,29.6288],[-98.5846,29.6304],[-98.5774,29.6322],[-98.5801,29.6268],[-98.5739,29.6274],[-98.5743,29.6245],[-98.5611,29.6302],[-98.5476,29.6429],[-98.5111,29.6638],[-98.4899,29.6814],[-98.455,29.7005],[-98.4522,29.7006],[-98.4539,29.6946],[-98.4478,29.6883],[-98.451,29.6862],[-98.4465,29.6856],[-98.4479,29.6827],[-98.4447,29.6813],[-98.445,29.6787],[-98.441,29.677],[-98.4409,29.6745],[-98.4246,29.6855],[-98.4205,29.6961],[-98.4169,29.6908],[-98.4213,29.6885],[-98.4147,29.6876],[-98.4124,29.6841],[-98.4069,29.6848],[-98.4057,29.6815],[-98.4019,29.6813],[-98.4045,29.678],[-98.3952,29.6747],[-98.3972,29.6715],[-98.4008,29.6731],[-98.3979,29.6684],[-98.3948,29.6694],[-98.3923,29.6737],[-98.3859,29.6742],[-98.3883,29.6701],[-98.3852,29.6715],[-98.3833,29.6681],[-98.3862,29.664],[-98.3825,29.6647],[-98.3797,29.6672],[-98.3786,29.6782],[-98.3736,29.6854],[-98.3733,29.6922],[-98.3714,29.6929],[-98.3731,29.6964],[-98.3758,29.695],[-98.3753,29.7012],[-98.3711,29.7019],[-98.3635,29.7],[-98.3614,29.7012],[-98.358,29.6986],[-98.3585,29.7018],[-98.3455,29.7046],[-98.3359,29.7133],[-98.3345,29.7109],[-98.332,29.7111],[-98.3333,29.7165],[-98.3373,29.7159],[-98.3382,29.726],[-98.3478,29.7272],[-98.3546,29.7326],[-98.3366,29.7474],[-98.341,29.7474],[-98.3427,29.7451],[-98.3461,29.7444],[-98.3582,29.7329],[-98.3637,29.7329],[-98.3612,29.7354],[-98.358,29.7349],[-98.358,29.738],[-98.3529,29.7403],[-98.3519,29.7432],[-98.3537,29.7443],[-98.3459,29.7499],[-98.3484,29.7522],[-98.3407,29.7621],[-98.3252,29.7719],[-98.3229,29.7711],[-98.3304,29.7643],[-98.3335,29.7641],[-98.3375,29.7585],[-98.3292,29.7584],[-98.3298,29.7534],[-98.3272,29.7568],[-98.3214,29.7569],[-98.3191,29.7552],[-98.3194,29.7504],[-98.3171,29.75],[-98.3161,29.7463],[-98.3125,29.7446],[-98.3187,29.7439],[-98.3218,29.7409],[-98.3221,29.7382],[-98.3192,29.7346],[-98.3204,29.7333],[-98.3178,29.7317],[-98.2883,29.7497],[-98.2729,29.7651],[-98.2768,29.7636],[-98.2836,29.7649],[-98.2801,29.76],[-98.2851,29.7573],[-98.286,29.7538],[-98.2891,29.7534],[-98.2916,29.7557],[-98.2912,29.7507],[-98.2932,29.749],[-98.2965,29.749],[-98.2978,29.7525],[-98.2993,29.7522],[-98.2987,29.7458],[-98.3045,29.7407],[-98.3054,29.747],[-98.3082,29.7472],[-98.3098,29.7495],[-98.3091,29.7548],[-98.3139,29.7511],[-98.3172,29.7591],[-98.3159,29.7621],[-98.3242,29.7624],[-98.3165,29.7751],[-98.3079,29.7802],[-98.2789,29.7916],[-98.268,29.8002],[-98.2733,29.8008],[-98.2786,29.8045],[-98.2805,29.8024],[-98.2787,29.8014],[-98.2778,29.796],[-98.2832,29.7963],[-98.2826,29.7931],[-98.2865,29.7917],[-98.2891,29.7937],[-98.2872,29.8003],[-98.2911,29.8008],[-98.2926,29.7991],[-98.2941,29.8003],[-98.2928,29.8058],[-98.2972,29.808],[-98.3021,29.8069],[-98.3114,29.7993],[-98.3039,29.8002],[-98.2994,29.7959],[-98.2991,29.7904],[-98.3037,29.7892],[-98.3046,29.7847],[-98.3075,29.7849],[-98.3089,29.7915],[-98.3118,29.789],[-98.3136,29.7911],[-98.3128,29.7853],[-98.3157,29.7837],[-98.3172,29.7882],[-98.323,29.7858],[-98.3198,29.7925],[-98.3264,29.7915],[-98.3235,29.7952],[-98.3254,29.7983],[-98.3168,29.801],[-98.3161,29.8055],[-98.3211,29.8043],[-98.3228,29.8065],[-98.3103,29.8061],[-98.2881,29.8142],[-98.2892,29.81],[-98.2813,29.8126],[-98.2805,29.8092],[-98.2736,29.8139],[-98.271,29.8129],[-98.2676,29.815],[-98.2662,29.8136],[-98.264,29.8159],[-98.2579,29.8171],[-98.2572,29.8189],[-98.2526,29.8183],[-98.2518,29.8207],[-98.2474,29.8215],[-98.2509,29.8151],[-98.2559,29.8144],[-98.2557,29.8111],[-98.2588,29.8133],[-98.2593,29.8088],[-98.2674,29.8122],[-98.2635,29.8059],[-98.2677,29.8045],[-98.2657,29.8018],[-98.2511,29.8126],[-98.2495,29.8059],[-98.2404,29.8082],[-98.2379,29.8074],[-98.2342,29.8099],[-98.2325,29.8071],[-98.2346,29.8051],[-98.2309,29.8058],[-98.2298,29.804],[-98.2467,29.7868],[-98.2513,29.7842],[-98.2526,29.7793],[-98.2241,29.8053],[-98.2162,29.8044],[-98.2107,29.8057],[-98.2106,29.8023],[-98.2035,29.8043],[-98.2016,29.812],[-98.1997,29.8106],[-98.1938,29.815],[-98.1961,29.8062],[-98.1863,29.8094],[-98.185,29.8134],[-98.1807,29.8107],[-98.1807,29.8079],[-98.1887,29.8017],[-98.1893,29.7993],[-98.1791,29.8042],[-98.1713,29.7998],[-98.1627,29.8033],[-98.1603,29.8026],[-98.1612,29.7999],[-98.1557,29.804],[-98.1506,29.8027],[-98.1539,29.7885],[-98.1567,29.7912],[-98.1571,29.7888],[-98.1627,29.7906],[-98.1566,29.7857],[-98.1524,29.788],[-98.1521,29.7864],[-98.1534,29.7837],[-98.1595,29.781],[-98.1612,29.7748],[-98.1575,29.78],[-98.1502,29.784],[-98.1503,29.7889],[-98.1476,29.7902],[-98.1459,29.7986],[-98.1464,29.8063],[-98.1434,29.8079],[-98.1437,29.8112],[-98.1395,29.8138],[-98.1555,29.8074],[-98.163,29.8071],[-98.1647,29.8084],[-98.1653,29.8058],[-98.1704,29.8056],[-98.1725,29.8038],[-98.1743,29.8131],[-98.1724,29.8162],[-98.1695,29.8162],[-98.1693,29.8179],[-98.1639,29.8208],[-98.1626,29.8269],[-98.1579,29.8226],[-98.1573,29.826],[-98.1599,29.8275],[-98.1601,29.8305],[-98.1535,29.8349],[-98.1501,29.8328],[-98.1507,29.8363],[-98.1439,29.8417],[-98.1616,29.8333],[-98.164,29.8343],[-98.1615,29.8426],[-98.1539,29.8468],[-98.159,29.8467],[-98.1538,29.8546],[-98.1526,29.8533],[-98.1503,29.8549],[-98.1458,29.8525],[-98.1512,29.8482],[-98.1282,29.8612],[-98.1295,29.8624],[-98.1398,29.8555],[-98.1465,29.8583],[-98.1482,29.8619],[-98.1538,29.8601],[-98.1484,29.8632],[-98.1385,29.8621],[-98.1379,29.8642],[-98.1436,29.8655],[-98.1436,29.8709],[-98.1396,29.8708],[-98.1398,29.8759],[-98.1363,29.8756],[-98.1353,29.8779],[-98.1391,29.8784],[-98.1433,29.8756],[-98.1456,29.8728],[-98.1457,29.8686],[-98.1497,29.8671],[-98.1511,29.8683],[-98.1533,29.8651],[-98.1556,29.8664],[-98.1452,29.8747],[-98.1535,29.8715],[-98.1555,29.8726],[-98.1495,29.875],[-98.1455,29.8834],[-98.1422,29.8854],[-98.1399,29.8847],[-98.1409,29.8875],[-98.1389,29.8902],[-98.1353,29.8897],[-98.1361,29.8919],[-98.1338,29.8958],[-98.136,29.8956],[-98.1179,29.9064],[-98.1004,29.9221],[-98.1049,29.9228],[-98.1096,29.9197],[-98.1149,29.9245],[-98.1181,29.9199],[-98.1221,29.9199],[-98.1261,29.9297],[-98.1263,29.9263],[-98.1295,29.9253],[-98.1259,29.9226],[-98.1268,29.9181],[-98.1298,29.9167],[-98.1287,29.9141],[-98.1315,29.9109],[-98.1232,29.9149],[-98.1145,29.9151],[-98.1136,29.9133],[-98.1177,29.9083],[-98.1271,29.9066],[-98.1231,29.9047],[-98.1322,29.9003],[-98.1341,29.9002],[-98.1354,29.903],[-98.1382,29.9003],[-98.1398,29.9032],[-98.1383,29.9065],[-98.1428,29.91],[-98.1424,29.9045],[-98.1472,29.9022],[-98.1427,29.8996],[-98.1419,29.8961],[-98.1466,29.8949],[-98.1472,29.8978],[-98.1518,29.8967],[-98.1495,29.8997],[-98.1503,29.9027],[-98.1546,29.9025],[-98.1542,29.9047],[-98.1512,29.905],[-98.1549,29.9092],[-98.1492,29.9077],[-98.1467,29.9117],[-98.1503,29.9119],[-98.1495,29.9156],[-98.1541,29.9137],[-98.1518,29.9162],[-98.1538,29.918],[-98.1497,29.9253],[-98.1536,29.9226],[-98.1546,29.9253],[-98.1577,29.9255],[-98.1596,29.9297],[-98.1583,29.9322],[-98.1548,29.933],[-98.1576,29.9337],[-98.1515,29.9356],[-98.1481,29.9418],[-98.1459,29.9413],[-98.1431,29.9437],[-98.1407,29.9408],[-98.1361,29.9436],[-98.1329,29.9398],[-98.1295,29.9397],[-98.129,29.9429],[-98.1222,29.9393],[-98.1179,29.9396],[-98.1175,29.9439],[-98.1141,29.9456],[-98.1174,29.9525],[-98.1176,29.9584],[-98.1151,29.9556],[-98.1119,29.9583],[-98.1126,29.9531],[-98.1107,29.9522],[-98.1099,29.9544],[-98.1085,29.9527],[-98.1059,29.9656],[-98.1026,29.963],[-98.1055,29.9593],[-98.1049,29.9573],[-98.1015,29.9586],[-98.1005,29.9575],[-98.1035,29.9519],[-98.1064,29.9509],[-98.1037,29.9495],[-98.1065,29.9487],[-98.1044,29.9474],[-98.0994,29.9511],[-98.0964,29.9495],[-98.0965,29.9538],[-98.0932,29.9565],[-98.0905,29.9511],[-98.0882,29.953],[-98.0874,29.9577],[-98.0841,29.956],[-98.084,29.9516],[-98.0809,29.953],[-98.0798,29.955],[-98.0813,29.9577],[-98.0786,29.9584],[-98.0825,29.9598],[-98.0829,29.9622],[-98.0792,29.9618],[-98.0786,29.9595],[-98.0747,29.9608],[-98.0727,29.9624],[-98.0728,29.9666],[-98.0709,29.9662],[-98.0709,29.9622],[-98.0691,29.9611],[-98.0675,29.9646],[-98.07,29.9704],[-98.0674,29.9706],[-98.0658,29.9766],[-98.0617,29.9736],[-98.0659,29.9703],[-98.0612,29.9697],[-98.0633,29.9665],[-98.0618,29.9657],[-98.0589,29.9675],[-98.0565,29.9754],[-98.0536,29.9747],[-98.0528,29.9777],[-98.0493,29.9779],[-98.0523,29.9727],[-98.0472,29.9753],[-98.0426,29.973],[-98.0405,29.9796],[-98.0387,29.9793],[-98.0395,29.9775],[-98.0365,29.9784],[-98.0354,29.9766],[-98.025,29.9818],[-98.0211,29.9811],[-98.0285,29.9774],[-98.0273,29.9762],[-98.0292,29.9746],[-98.0322,29.9749],[-98.0315,29.973],[-98.0338,29.9711],[-98.0386,29.9727],[-98.0371,29.9698],[-98.0405,29.9692],[-98.0397,29.9675],[-98.0373,29.9683],[-98.0114,29.9851],[-98.0048,29.9912],[-98.0053,29.9952],[-98.0023,29.9949],[-98.0007,29.9922],[-97.9961,29.9926],[-97.9906,30.0007],[-97.9685,30.0077],[-97.9648,30.011],[-97.9821,30.0073],[-97.9872,30.0094],[-97.9881,30.0056],[-97.9947,30.0031],[-97.9945,30.0],[-97.9987,29.997],[-98.0067,30.0027],[-98.0082,29.9996],[-98.0225,30.0006],[-98.0217,30.0064],[-98.0252,30.0045],[-98.0277,30.0072],[-98.0254,30.0087],[-98.0244,30.0131],[-98.0267,30.0136],[-98.0282,30.012],[-98.0299,30.0131],[-98.0308,30.0107],[-98.0313,30.0141],[-98.0346,30.0164],[-98.0335,30.0086],[-98.0367,30.0103],[-98.0372,30.0138],[-98.039,30.0137],[-98.0387,30.0105],[-98.0413,30.0102],[-98.0376,30.0065],[-98.0434,30.0065],[-98.0423,30.0038],[-98.0457,30.0028],[-98.0462,30.0077],[-98.043,30.0142],[-98.0366,30.019],[-98.0435,30.0173],[-98.0426,30.0214],[-98.0454,30.0191],[-98.0429,30.0326],[-98.0462,30.0337],[-98.0473,30.0391],[-98.0506,30.0372],[-98.0577,30.0383],[-98.0616,30.0533],[-98.0667,30.0571],[-98.0649,30.0517],[-98.0699,30.054],[-98.0713,30.0524],[-98.0653,30.0475],[-98.0642,30.0416],[-98.0679,30.0412],[-98.0695,30.0468],[-98.0726,30.0468],[-98.071,30.0431],[-98.0733,30.0429],[-98.0759,30.0586],[-98.0782,30.0567],[-98.0804,30.0589],[-98.0761,30.0616],[-98.077,30.066],[-98.0742,30.0682],[-98.0709,30.065],[-98.0563,30.0754],[-98.0559,30.0741],[-98.0468,30.08],[-98.0429,30.0802],[-98.0365,30.0769],[-98.0313,30.0707],[-98.0329,30.0697],[-98.0346,30.0722],[-98.0421,30.075],[-98.041,30.0719],[-98.0439,30.0714],[-98.039,30.0692],[-98.0451,30.0662],[-98.0439,30.0623],[-98.0477,30.0606],[-98.0435,30.0603],[-98.0389,30.0657],[-98.0259,30.0654],[-98.0248,30.0685],[-98.0225,30.0663],[-98.018,30.0684],[-98.0122,30.0645],[-98.0096,30.0664],[-98.0078,30.0606],[-98.0011,30.0657],[-98.0028,30.0788],[-97.9942,30.0786],[-97.9975,30.072],[-97.9966,30.0712],[-97.9937,30.0755],[-97.9922,30.0715],[-97.9872,30.078],[-97.9908,30.081],[-97.9858,30.0819],[-97.9822,30.0864],[-97.9795,30.083],[-97.9703,30.0907],[-97.9711,30.0937],[-97.9755,30.0892],[-97.9816,30.0932],[-97.9811,30.0972],[-97.9761,30.1027],[-97.9856,30.0975],[-97.9886,30.0986],[-97.9912,30.0966],[-97.9937,30.0973],[-97.9935,30.102],[-97.9886,30.1034],[-97.9863,30.1071],[-97.987,30.1093],[-97.9892,30.1091],[-97.9873,30.1111],[-97.9907,30.1113],[-97.9911,30.1133],[-97.988,30.125],[-97.9789,30.1343],[-97.963,30.1447],[-97.9572,30.152],[-97.9474,30.1587],[-97.9446,30.1562],[-97.9452,30.1515],[-97.943,30.1538],[-97.9368,30.1553],[-97.9328,30.1626],[-97.9275,30.1654],[-97.9238,30.1653],[-97.9256,30.1624],[-97.9229,30.1605],[-97.9178,30.1678],[-97.9204,30.1697],[-97.9184,30.1729],[-97.9269,30.1725],[-97.9275,30.1767],[-97.9181,30.1872],[-97.9039,30.1971],[-97.9054,30.1933],[-97.9037,30.1895],[-97.8977,30.2017],[-97.8903,30.2058],[-97.8831,30.2161],[-97.8818,30.2117],[-97.8693,30.2272],[-97.8467,30.247],[-97.8376,30.2581],[-97.8238,30.2652],[-97.806,30.2837],[-97.7832,30.3026],[-97.7522,30.3411],[-97.7509,30.3436],[-97.7581,30.3401],[-97.7585,30.3416],[-97.7535,30.3449],[-97.7574,30.3518],[-97.7633,30.353],[-97.7582,30.3478],[-97.7601,30.3464],[-97.7687,30.3522],[-97.77,30.3507],[-97.7676,30.3482],[-97.7684,30.347],[-97.7754,30.3499],[-97.7692,30.3563],[-97.7764,30.3602],[-97.7731,30.3609],[-97.7702,30.3651],[-97.7743,30.3678],[-97.7752,30.3653],[-97.7795,30.3651],[-97.7823,30.3678],[-97.7812,30.3699],[-97.7787,30.3679],[-97.7769,30.3688],[-97.7769,30.3752],[-97.7704,30.3793],[-97.769,30.3769],[-97.7716,30.3744],[-97.7693,30.3737],[-97.7725,30.3708],[-97.7688,30.3703],[-97.7671,30.3729],[-97.7631,30.3722],[-97.766,30.376],[-97.7661,30.3805],[-97.7645,30.3809],[-97.7618,30.3779],[-97.7632,30.3842],[-97.7524,30.3874],[-97.7649,30.3881],[-97.7615,30.398],[-97.7539,30.4092],[-97.7566,30.4126],[-97.7564,30.4089],[-97.76,30.4079],[-97.7594,30.4058],[-97.7627,30.4059],[-97.7615,30.4032],[-97.7664,30.3923],[-97.7691,30.3896],[-97.7719,30.3908],[-97.769,30.3976],[-97.7734,30.407],[-97.7722,30.4118],[-97.7748,30.4072],[-97.7724,30.398],[-97.7761,30.3965],[-97.7795,30.4012],[-97.7783,30.4051],[-97.7803,30.4093],[-97.7808,30.4061],[-97.7843,30.4041],[-97.7855,30.4073],[-97.7879,30.4072],[-97.7908,30.41],[-97.7874,30.4124],[-97.7898,30.4155],[-97.7925,30.4149],[-97.7939,30.4175],[-97.7933,30.4201],[-97.79,30.4215],[-97.7918,30.4232],[-97.7886,30.426],[-97.7882,30.4301],[-97.7901,30.4322],[-97.7903,30.428],[-97.7945,30.4265],[-97.7978,30.4227],[-97.7996,30.4281],[-97.8018,30.43],[-97.7996,30.4251],[-97.8015,30.4227],[-97.8027,30.4248],[-97.8053,30.4215],[-97.8119,30.4262],[-97.8112,30.4348],[-97.8132,30.4393],[-97.8144,30.4289],[-97.8194,30.4293],[-97.8198,30.4314],[-97.8213,30.4299],[-97.8217,30.4314],[-97.8248,30.4297],[-97.828,30.4317],[-97.8338,30.4299],[-97.8319,30.4276],[-97.8227,30.4279],[-97.8166,30.4235],[-97.8316,30.4211],[-97.8354,30.4162],[-97.8294,30.42],[-97.8185,30.4212],[-97.8261,30.4148],[-97.8326,30.4153],[-97.8364,30.4103],[-97.844,30.4061],[-97.8372,30.4069],[-97.8328,30.4127],[-97.829,30.4139],[-97.8272,30.4128],[-97.828,30.4098],[-97.8252,30.4101],[-97.8254,30.4064],[-97.8224,30.4074],[-97.8228,30.4133],[-97.8171,30.4183],[-97.8024,30.4186],[-97.8049,30.4158],[-97.8134,30.4122],[-97.8114,30.4129],[-97.8088,30.4111],[-97.8082,30.4135],[-97.7974,30.4159],[-97.797,30.4137],[-97.8002,30.4115],[-97.7966,30.4111],[-97.7969,30.4093],[-97.8066,30.4048],[-97.8044,30.403],[-97.7988,30.4064],[-97.7979,30.4041],[-97.7955,30.4049],[-97.7961,30.4028],[-97.7932,30.4028],[-97.7963,30.3988],[-97.7951,30.3971],[-97.7911,30.4005],[-97.7901,30.3994],[-97.7872,30.4006],[-97.7822,30.3981],[-97.789,30.3955],[-97.784,30.3956],[-97.7867,30.3907],[-97.784,30.3883],[-97.7816,30.3903],[-97.7752,30.3881],[-97.7746,30.3848],[-97.777,30.3824],[-97.7812,30.3823],[-97.7897,30.3877],[-97.7919,30.3916],[-97.7958,30.3905],[-97.798,30.3927],[-97.8003,30.3915],[-97.7953,30.3864],[-97.792,30.3857],[-97.7972,30.385],[-97.7962,30.3794],[-97.7939,30.38],[-97.7919,30.3766],[-97.7949,30.3734],[-97.7925,30.3701],[-97.7935,30.3666],[-97.7965,30.3717],[-97.8021,30.3748],[-97.8013,30.3803],[-97.804,30.3941],[-97.8112,30.3986],[-97.8119,30.3968],[-97.8176,30.3992],[-97.8183,30.3964],[-97.8156,30.3969],[-97.8134,30.3938],[-97.8085,30.3936],[-97.8087,30.388],[-97.811,30.3867],[-97.8075,30.3865],[-97.8057,30.3818],[-97.8157,30.3836],[-97.82,30.3904],[-97.8242,30.3913],[-97.8232,30.3884],[-97.8312,30.3887],[-97.8293,30.3869],[-97.8307,30.3856],[-97.8242,30.3839],[-97.8247,30.3819],[-97.8216,30.3823],[-97.8237,30.3809],[-97.8231,30.3779],[-97.8133,30.3788],[-97.8108,30.3746],[-97.8154,30.3733],[-97.8237,30.375],[-97.8362,30.3844],[-97.8356,30.38],[-97.8446,30.3809],[-97.8465,30.379],[-97.8418,30.3788],[-97.8405,30.376],[-97.8299,30.3752],[-97.829,30.3716],[-97.8343,30.3703],[-97.8379,30.3713],[-97.8418,30.368],[-97.8449,30.3677],[-97.8514,30.3743],[-97.8543,30.3733],[-97.854,30.376],[-97.8585,30.3768],[-97.859,30.379],[-97.8546,30.3796],[-97.8557,30.383],[-97.8518,30.3828],[-97.8522,30.3868],[-97.8478,30.39],[-97.8502,30.3914],[-97.8515,30.3965],[-97.8548,30.3908],[-97.8595,30.3909],[-97.8592,30.3875],[-97.8623,30.3935],[-97.8658,30.3913],[-97.868,30.3926],[-97.8692,30.3897],[-97.8709,30.3897],[-97.8705,30.3974],[-97.8753,30.4004],[-97.8737,30.4077],[-97.8711,30.4066],[-97.8684,30.409],[-97.8693,30.4012],[-97.8641,30.4059],[-97.8635,30.3985],[-97.8587,30.3993],[-97.8606,30.4035],[-97.8569,30.4056],[-97.8629,30.4099],[-97.8565,30.413],[-97.8594,30.4161],[-97.8636,30.415],[-97.8649,30.4188],[-97.8628,30.4204],[-97.8658,30.4245],[-97.8627,30.4249],[-97.8593,30.4286],[-97.8559,30.4283],[-97.855,30.4263],[-97.8571,30.4232],[-97.8491,30.4249],[-97.849,30.4198],[-97.8459,30.4251],[-97.8494,30.4318],[-97.8462,30.4315],[-97.8449,30.4362],[-97.8536,30.4356],[-97.8546,30.4403],[-97.8569,30.4374],[-97.8627,30.4358],[-97.8691,30.4354],[-97.8706,30.4369],[-97.8651,30.4392],[-97.8554,30.4491],[-97.8507,30.4479],[-97.8498,30.4456],[-97.8439,30.4476],[-97.8465,30.449],[-97.8434,30.4513],[-97.845,30.4524],[-97.8439,30.4543],[-97.8491,30.4526],[-97.8512,30.455],[-97.8505,30.4595],[-97.8532,30.4529],[-97.859,30.452],[-97.8608,30.46],[-97.8641,30.4552],[-97.8611,30.4505],[-97.8683,30.4505],[-97.864,30.4478],[-97.8682,30.4439],[-97.8695,30.4462],[-97.8738,30.4478],[-97.8745,30.4451],[-97.8714,30.4427],[-97.8766,30.4396],[-97.8764,30.4444],[-97.8786,30.4467],[-97.8776,30.4504],[-97.8721,30.4536],[-97.8692,30.4604],[-97.8694,30.4639],[-97.8712,30.4595],[-97.8726,30.4598],[-97.8707,30.467],[-97.8757,30.4714],[-97.8758,30.4689],[-97.8804,30.4697],[-97.8778,30.465],[-97.8828,30.4645],[-97.8773,30.4618],[-97.877,30.459],[-97.8804,30.4588],[-97.8812,30.4606],[-97.8886,30.4623],[-97.8868,30.4591],[-97.8906,30.4585],[-97.887,30.4557],[-97.8867,30.4519],[-97.8848,30.4509],[-97.8856,30.4484],[-97.8871,30.4475],[-97.8881,30.4512],[-97.893,30.454],[-97.8927,30.4499],[-97.8954,30.4491],[-97.8925,30.4469],[-97.897,30.4459],[-97.8955,30.4432],[-97.897,30.4398],[-97.8991,30.4443],[-97.9036,30.4441],[-97.8992,30.4497],[-97.8996,30.454],[-97.9037,30.4543],[-97.9053,30.4517],[-97.9068,30.4552],[-97.9108,30.4538],[-97.9112,30.4576],[-97.9147,30.4575],[-97.9088,30.4622],[-97.9084,30.4592],[-97.8973,30.4577],[-97.8967,30.461],[-97.8988,30.4615],[-97.9013,30.4662],[-97.8992,30.4669],[-97.8931,30.4639],[-97.8918,30.4654],[-97.8936,30.4678],[-97.8853,30.4708],[-97.8898,30.4756],[-97.8936,30.4742],[-97.8956,30.4786],[-97.8874,30.4802],[-97.8786,30.4769],[-97.8773,30.4789],[-97.8786,30.4816],[-97.8859,30.4826],[-97.8893,30.4857],[-97.8939,30.4855],[-97.8952,30.4871],[-97.8875,30.4909],[-97.8843,30.4893],[-97.8833,30.4926],[-97.8787,30.4911],[-97.8792,30.4955],[-97.8755,30.4978],[-97.8695,30.4952],[-97.8687,30.4924],[-97.8662,30.4943],[-97.8723,30.4997],[-97.8624,30.5036],[-97.8614,30.5059],[-97.8645,30.506],[-97.8679,30.5093],[-97.8707,30.5052],[-97.8773,30.5069],[-97.8786,30.504],[-97.8836,30.5051],[-97.8808,30.4997],[-97.888,30.4966],[-97.891,30.4974],[-97.8901,30.5025],[-97.8925,30.5038],[-97.8936,30.5005],[-97.8963,30.4994],[-97.8958,30.4963],[-97.9039,30.4984],[-97.9033,30.5012],[-97.8992,30.501],[-97.8988,30.5041],[-97.9046,30.5077],[-97.9037,30.5107],[-97.8971,30.5079],[-97.8967,30.5146],[-97.8945,30.5159],[-97.8915,30.5147],[-97.8907,30.5105],[-97.889,30.5112],[-97.8883,30.5163],[-97.8905,30.5207],[-97.8835,30.5145],[-97.8823,30.5178],[-97.8843,30.5222],[-97.8781,30.5244],[-97.8852,30.5262],[-97.8849,30.5303],[-97.8825,30.5323],[-97.8785,30.5312],[-97.882,30.5346],[-97.8756,30.5396],[-97.8771,30.5402],[-97.8788,30.5372],[-97.8832,30.537],[-97.8851,30.5415],[-97.886,30.5354],[-97.8886,30.5356],[-97.8905,30.5323],[-97.8939,30.5324],[-97.8945,30.538],[-97.9005,30.5459],[-97.8985,30.5547],[-97.903,30.5579],[-97.9015,30.555],[-97.9025,30.5491],[-97.9054,30.5463],[-97.9113,30.5483],[-97.9123,30.5457],[-97.9163,30.5531],[-97.9228,30.5575],[-97.9193,30.5543],[-97.9163,30.5441],[-97.9099,30.544],[-97.9074,30.5401],[-97.9019,30.5369],[-97.9019,30.5341],[-97.912,30.5343],[-97.9135,30.5407],[-97.9172,30.5395],[-97.9192,30.5446],[-97.9241,30.5474],[-97.9244,30.5446],[-97.9284,30.5443],[-97.9256,30.5412],[-97.9272,30.54],[-97.9242,30.5352],[-97.9269,30.5349],[-97.9321,30.5389],[-97.9338,30.5541],[-97.936,30.557],[-97.9383,30.5548],[-97.9419,30.555],[-97.9431,30.5635],[-97.9351,30.5702],[-97.9336,30.5732],[-97.9356,30.5755],[-97.9349,30.5791],[-97.9333,30.5773],[-97.9295,30.5788],[-97.9266,30.5763],[-97.927,30.5795],[-97.9251,30.5788],[-97.9249,30.582],[-97.9273,30.5831],[-97.9242,30.5841],[-97.9241,30.5879],[-97.9271,30.59],[-97.9256,30.5965],[-97.9234,30.5974],[-97.9218,30.6019],[-97.926,30.6035],[-97.9313,30.5999],[-97.9358,30.6049],[-97.9381,30.6026],[-97.9373,30.5989],[-97.9402,30.5994],[-97.9421,30.6015],[-97.9403,30.6021],[-97.9394,30.6079],[-97.9431,30.6073],[-97.944,30.615],[-97.9485,30.6138],[-97.948,30.6182],[-97.9521,30.6198],[-97.9541,30.6238],[-97.9563,30.6181],[-97.9573,30.6215],[-97.9599,30.6226],[-97.9742,30.6177],[-97.971,30.6156],[-97.9722,30.6119],[-97.9669,30.6131],[-97.9672,30.6103],[-97.9628,30.6114],[-97.9598,30.6081],[-97.9622,30.6076],[-97.9648,30.603],[-97.9695,30.6053],[-97.963,30.5922],[-97.973,30.5957],[-97.9767,30.5996],[-97.9808,30.5982],[-97.9854,30.6011],[-97.9799,30.5925],[-97.9846,30.5907],[-97.9884,30.5915],[-97.9941,30.5977],[-97.9954,30.6039],[-97.9991,30.6],[-98.0012,30.6034],[-98.0083,30.6046],[-98.017,30.6114],[-98.0117,30.6023],[-98.0182,30.6008],[-98.0029,30.5983],[-98.0019,30.596],[-97.999,30.5961],[-97.9985,30.5935],[-98.0023,30.5902],[-98.0078,30.5915],[-98.0137,30.5896],[-98.0174,30.5921],[-98.0178,30.5902],[-98.0151,30.5891],[-98.0171,30.586],[-98.0118,30.5878],[-98.0084,30.5856],[-97.9983,30.5853],[-97.9968,30.5828],[-98.0007,30.5775],[-97.9946,30.5783],[-97.9912,30.5831],[-97.9874,30.5804],[-97.9812,30.5815],[-97.9791,30.5752],[-97.9856,30.574],[-97.9772,30.5713],[-97.976,30.5683],[-97.988,30.5654],[-97.9689,30.5572],[-97.9742,30.5541],[-97.9774,30.5562],[-97.9778,30.5509],[-97.9838,30.5495],[-97.979,30.5486],[-97.9706,30.5502],[-97.9667,30.5446],[-97.9876,30.5435],[-97.9837,30.542],[-97.9824,30.5394],[-97.985,30.5348],[-97.977,30.5367],[-97.9742,30.5357],[-97.9739,30.5313],[-97.9674,30.533],[-97.964,30.5318],[-97.9642,30.5304],[-97.9726,30.5259],[-97.9784,30.5257],[-97.9804,30.5289],[-97.9823,30.5259],[-97.9884,30.5281],[-97.9852,30.5227],[-97.9638,30.5237],[-97.96,30.5198],[-97.9772,30.5193],[-97.98,30.5205],[-97.9812,30.5197],[-97.9785,30.5172],[-97.9743,30.5174],[-97.9741,30.5159],[-97.9773,30.5131],[-97.9865,30.5128],[-97.9844,30.5111],[-97.985,30.509],[-97.9764,30.5102],[-97.9672,30.5151],[-97.9639,30.5134],[-97.9667,30.5097],[-97.9621,30.5115],[-97.9596,30.5156],[-97.9557,30.5157],[-97.9506,30.5133],[-97.9559,30.5113],[-97.9575,30.508],[-97.9485,30.5099],[-97.947,30.5078],[-97.9527,30.5026],[-97.9559,30.5039],[-97.9521,30.5017],[-97.9447,30.5045],[-97.9426,30.5092],[-97.9401,30.5105],[-97.9389,30.5084],[-97.9365,30.5086],[-97.9251,30.5159],[-97.9239,30.5123],[-97.9295,30.5083],[-97.9235,30.507],[-97.9168,30.5085],[-97.9174,30.5056],[-97.9258,30.505],[-97.9252,30.5005],[-97.929,30.4953],[-97.9304,30.4964],[-97.9299,30.5038],[-97.9358,30.5033],[-97.9361,30.4994],[-97.9415,30.5044],[-97.9436,30.5035],[-97.9443,30.4998],[-97.9598,30.4963],[-97.9416,30.496],[-97.9414,30.4931],[-97.949,30.4932],[-97.9499,30.4899],[-97.9611,30.4925],[-97.9662,30.4905],[-97.9691,30.4919],[-97.9664,30.4874],[-97.9684,30.4847],[-97.9607,30.4883],[-97.9568,30.4858],[-97.9585,30.4846],[-97.9573,30.4837],[-97.95,30.4861],[-97.9418,30.4855],[-97.9409,30.4822],[-97.9489,30.4826],[-97.9485,30.48],[-97.9541,30.482],[-97.9579,30.4806],[-97.9643,30.4819],[-97.9636,30.4799],[-97.9544,30.4771],[-97.9514,30.4724],[-97.9414,30.4767],[-97.9378,30.4746],[-97.9352,30.4781],[-97.9319,30.4785],[-97.931,30.4764],[-97.9267,30.4767],[-97.9237,30.4745],[-97.926,30.4693],[-97.9275,30.4721],[-97.9313,30.4735],[-97.9337,30.4728],[-97.9339,30.4704],[-97.9376,30.4724],[-97.9474,30.4721],[-97.9497,30.4713],[-97.9487,30.4685],[-97.9524,30.4684],[-97.9578,30.4755],[-97.9631,30.4768],[-97.9631,30.4745],[-97.9665,30.4754],[-97.9685,30.4714],[-97.9707,30.4725],[-97.9691,30.4804],[-97.9741,30.4829],[-97.9724,30.4875],[-97.9761,30.4936],[-97.9718,30.4949],[-97.9744,30.4965],[-97.9736,30.5008],[-97.976,30.5043],[-97.9786,30.5024],[-97.9805,30.5044],[-97.9855,30.5038],[-97.9826,30.5],[-97.9846,30.498],[-97.9872,30.5033],[-97.993,30.5075],[-97.9944,30.5106],[-98.0007,30.5073],[-98.0005,30.5108],[-97.9972,30.5114],[-97.9962,30.5142],[-97.9982,30.5194],[-97.9955,30.5207],[-98.0007,30.5241],[-97.9987,30.5269],[-98.0007,30.5353],[-97.9974,30.5373],[-97.9987,30.5404],[-98.001,30.5406],[-98.0007,30.5432],[-97.9957,30.5455],[-97.9985,30.549],[-97.9967,30.5546],[-98.0001,30.5607],[-98.0029,30.5549],[-98.0053,30.5555],[-98.0077,30.5536],[-98.0093,30.5566],[-98.0095,30.5602],[-98.006,30.561],[-98.0082,30.566],[-98.0029,30.5653],[-98.0058,30.5678],[-98.0059,30.5716],[-98.0092,30.5696],[-98.0138,30.5727],[-98.0119,30.5672],[-98.0163,30.5651],[-98.0191,30.5699],[-98.0171,30.5753],[-98.022,30.5771],[-98.0203,30.5732],[-98.0218,30.5714],[-98.0245,30.5721],[-98.0218,30.5691],[-98.0222,30.5675],[-98.0253,30.5674],[-98.0238,30.5656],[-98.0252,30.5646],[-98.0213,30.5644],[-98.0219,30.5612],[-98.0195,30.5618],[-98.017,30.5591],[-98.0222,30.557],[-98.0272,30.5592],[-98.0264,30.554],[-98.0291,30.5508],[-98.0238,30.5516],[-98.0236,30.547],[-98.031,30.5458],[-98.0285,30.5427],[-98.0327,30.542],[-98.0348,30.5437],[-98.0326,30.5485],[-98.0374,30.5509],[-98.0337,30.5543],[-98.031,30.554],[-98.0331,30.5579],[-98.031,30.5586],[-98.0301,30.5622],[-98.032,30.5644],[-98.0295,30.5648],[-98.0287,30.5712],[-98.0304,30.5745],[-98.0351,30.5733],[-98.0376,30.5694],[-98.0391,30.573],[-98.0374,30.5768],[-98.036,30.5755],[-98.0287,30.5786],[-98.0279,30.5812],[-98.0338,30.5811],[-98.0282,30.5838],[-98.0292,30.5885],[-98.0333,30.5876],[-98.0295,30.5951],[-98.0325,30.5958],[-98.0324,30.5983],[-98.035,30.5984],[-98.0349,30.6001],[-98.0372,30.6007],[-98.0384,30.5961],[-98.0355,30.5948],[-98.041,30.5899],[-98.0443,30.6008],[-98.0474,30.5959],[-98.0467,30.5925],[-98.0506,30.5929],[-98.0503,30.5889],[-98.0478,30.5874],[-98.0531,30.5852],[-98.0538,30.5874],[-98.0525,30.5902],[-98.0539,30.5943],[-98.0507,30.5957],[-98.0501,30.5985],[-98.0538,30.6014],[-98.0539,30.6039],[-98.0504,30.6023],[-98.0502,30.6056],[-98.046,30.6035],[-98.0451,30.6076],[-98.0438,30.6059],[-98.0384,30.6059],[-98.0411,30.608],[-98.0403,30.61],[-98.0431,30.6103],[-98.0421,30.6161],[-98.0484,30.6114],[-98.0469,30.6157],[-98.0551,30.6221],[-98.0537,30.6179],[-98.0596,30.6198],[-98.0586,30.6137],[-98.0614,30.614],[-98.0635,30.6193],[-98.0668,30.6123],[-98.071,30.6129],[-98.0702,30.6169],[-98.0668,30.6168],[-98.0649,30.6224],[-98.0674,30.623],[-98.0673,30.6253],[-98.0636,30.6257],[-98.062,30.6288],[-98.0682,30.63],[-98.0662,30.6333],[-98.0671,30.6372],[-98.0715,30.635],[-98.0745,30.6422],[-98.0773,30.6399],[-98.08,30.6412],[-98.0854,30.6398],[-98.0779,30.6358],[-98.0808,30.6317],[-98.0749,30.6304],[-98.0752,30.6281],[-98.0801,30.6283],[-98.0828,30.6257],[-98.0755,30.6227],[-98.0792,30.6228],[-98.0842,30.6201],[-98.0831,30.617],[-98.0892,30.619],[-98.0901,30.6208],[-98.0861,30.6239],[-98.0858,30.6291],[-98.0902,30.6247],[-98.0925,30.6248],[-98.0924,30.6285],[-98.0966,30.6264],[-98.1003,30.6278],[-98.0993,30.6348],[-98.0949,30.6344],[-98.0965,30.6385],[-98.1008,30.6386],[-98.095,30.643],[-98.0998,30.6445],[-98.0982,30.6461],[-98.1004,30.6526],[-98.0995,30.6565],[-98.1023,30.6562],[-98.1043,30.658],[-98.1046,30.6521],[-98.11,30.6538],[-98.1081,30.6485],[-98.1137,30.6498],[-98.1155,30.6482],[-98.1184,30.6532],[-98.1167,30.6569],[-98.1205,30.6568],[-98.122,30.6598],[-98.1203,30.6645],[-98.1214,30.6662],[-98.1244,30.6632],[-98.129,30.6703],[-98.1264,30.6627],[-98.1347,30.6648],[-98.138,30.6637],[-98.1278,30.6609],[-98.1248,30.6552],[-98.1298,30.6535],[-98.1233,30.6501],[-98.1206,30.6448],[-98.1242,30.645],[-98.1266,30.6486],[-98.1282,30.647],[-98.1325,30.6474],[-98.1346,30.6452],[-98.1406,30.6463],[-98.1369,30.6433],[-98.1395,30.6412],[-98.1347,30.6424],[-98.1346,30.6404],[-98.133,30.6431],[-98.1282,30.6438],[-98.128,30.6415],[-98.1253,30.6409],[-98.1255,30.6381],[-98.1232,30.6401],[-98.1156,30.6393],[-98.1159,30.6372],[-98.1201,30.6361],[-98.1144,30.6331],[-98.1247,30.6329],[-98.1273,30.6312],[-98.1217,30.6301],[-98.1227,30.6261],[-98.1182,30.6294],[-98.1155,30.6282],[-98.1169,30.6258],[-98.1115,30.6251],[-98.1165,30.6224],[-98.1143,30.6197],[-98.1168,30.6184],[-98.1195,30.6206],[-98.122,30.6194],[-98.1198,30.6175],[-98.1225,30.6162],[-98.1184,30.6158],[-98.1171,30.6135],[-98.1133,30.6154],[-98.1124,30.6129],[-98.1076,30.6175],[-98.1066,30.6149],[-98.1094,30.6113],[-98.1039,30.6119],[-98.102,30.6088],[-98.0977,30.6098],[-98.0948,30.6072],[-98.0941,30.6052],[-98.0974,30.6055],[-98.0976,30.6028],[-98.1045,30.607],[-98.1043,30.6048],[-98.1076,30.6032],[-98.1038,30.6034],[-98.1034,30.6006],[-98.1005,30.5997],[-98.1023,30.595],[-98.1146,30.6047],[-98.1167,30.6044],[-98.1187,30.6009],[-98.119,30.606],[-98.1154,30.6088],[-98.1185,30.6109],[-98.1251,30.607],[-98.1252,30.6095],[-98.1218,30.6127],[-98.1286,30.6165],[-98.1275,30.6268],[-98.1324,30.6229],[-98.1326,30.6267],[-98.1354,30.629],[-98.1359,30.6257],[-98.1389,30.6231],[-98.1411,30.6326],[-98.1435,30.6325],[-98.1445,30.6262],[-98.1458,30.6311],[-98.1502,30.6328],[-98.1497,30.6248],[-98.1521,30.6316],[-98.1625,30.6322],[-98.1617,30.634],[-98.1602,30.6326],[-98.1538,30.6338],[-98.1566,30.6371],[-98.1526,30.6381],[-98.1572,30.643],[-98.1526,30.6423],[-98.1544,30.6468],[-98.1522,30.646],[-98.1494,30.6476],[-98.1515,30.6521],[-98.1538,30.6507],[-98.1536,30.6523],[-98.1568,30.6529],[-98.1559,30.6542],[-98.1601,30.6563],[-98.1584,30.6508],[-98.1613,30.6482],[-98.1633,30.6517],[-98.166,30.6502],[-98.1661,30.6545],[-98.1695,30.6526],[-98.1745,30.655],[-98.1733,30.6493],[-98.1771,30.6528],[-98.1813,30.6529],[-98.1825,30.6576],[-98.1781,30.6545],[-98.1761,30.6568],[-98.177,30.6598],[-98.1712,30.657],[-98.1717,30.6598],[-98.1678,30.6608],[-98.1648,30.6577],[-98.1602,30.6616],[-98.1603,30.6631],[-98.1651,30.6623],[-98.1629,30.6663],[-98.1701,30.6652],[-98.1662,30.6689],[-98.1705,30.6693],[-98.1717,30.6745],[-98.1791,30.6716],[-98.1745,30.6788],[-98.173,30.6773],[-98.1701,30.6782],[-98.1683,30.677],[-98.1688,30.6747],[-98.1655,30.6739],[-98.166,30.6723],[-98.1613,30.6714],[-98.1601,30.6736],[-98.1622,30.6733],[-98.162,30.6757],[-98.1577,30.6788],[-98.1626,30.6794],[-98.1608,30.6821],[-98.1627,30.6836],[-98.1615,30.6858],[-98.1661,30.6866],[-98.1681,30.6897],[-98.1647,30.689],[-98.1626,30.6923],[-98.1602,30.6892],[-98.1533,30.6877],[-98.1571,30.6931],[-98.1563,30.6964],[-98.1607,30.6984],[-98.1568,30.6993],[-98.1539,30.6979],[-98.1532,30.7014],[-98.1499,30.7011],[-98.1493,30.7032],[-98.1526,30.7058],[-98.1527,30.7107],[-98.1556,30.7112],[-98.1578,30.7171],[-98.1624,30.7167],[-98.1633,30.7191],[-98.1678,30.7156],[-98.1698,30.719],[-98.1688,30.7225],[-98.163,30.7249],[-98.1633,30.7315],[-98.1791,30.7313],[-98.184,30.7395],[-98.1927,30.7367],[-98.1923,30.7404],[-98.1965,30.743],[-98.1891,30.7437],[-98.1925,30.7486],[-98.1901,30.7553],[-98.1972,30.7555],[-98.2001,30.7596],[-98.2029,30.7557],[-98.2051,30.7565],[-98.2068,30.7619],[-98.2043,30.7656],[-98.2102,30.7665],[-98.2079,30.7768],[-98.2152,30.7851],[-98.2146,30.7874],[-98.2234,30.7899],[-98.2235,30.7874],[-98.2277,30.7856],[-98.2286,30.782],[-98.2326,30.7861],[-98.2319,30.79],[-98.2367,30.7959],[-98.2386,30.7931],[-98.241,30.7941],[-98.2438,30.7918],[-98.2458,30.7926],[-98.2469,30.8012],[-98.2494,30.8043],[-98.2513,30.8044],[-98.2552,30.8002],[-98.256,30.8062],[-98.2594,30.8109],[-98.26,30.8068],[-98.2656,30.8116],[-98.2696,30.812],[-98.2673,30.8094],[-98.2699,30.809],[-98.2688,30.8064],[-98.2716,30.8058],[-98.2668,30.8024],[-98.2655,30.7982],[-98.2729,30.7995],[-98.2728,30.798],[-98.2689,30.796],[-98.2666,30.7923],[-98.2765,30.7898],[-98.2744,30.7864],[-98.2666,30.7861],[-98.2708,30.7844],[-98.2703,30.7823],[-98.275,30.7795],[-98.2677,30.7793],[-98.2619,30.7817],[-98.255,30.7789],[-98.2616,30.7787],[-98.2667,30.7749],[-98.263,30.7722],[-98.2601,30.7737],[-98.258,30.7701],[-98.2585,30.7677],[-98.2635,30.7676],[-98.261,30.7637],[-98.2648,30.7635],[-98.2678,30.7668],[-98.2696,30.7652],[-98.2737,30.7669],[-98.2724,30.7631],[-98.2741,30.7625],[-98.2781,30.7681],[-98.2784,30.7743],[-98.2824,30.7749],[-98.2834,30.7768],[-98.284,30.7938],[-98.279,30.7938],[-98.2781,30.7952],[-98.28,30.8014],[-98.2782,30.8078],[-98.2817,30.8099],[-98.2804,30.8031],[-98.2891,30.7931],[-98.2903,30.7753],[-98.2947,30.7731],[-98.2799,30.7638],[-98.2758,30.7553],[-98.2736,30.7544],[-98.2751,30.7499],[-98.2699,30.7453],[-98.2644,30.7439],[-98.2596,30.749],[-98.2564,30.7599],[-98.2552,30.7549],[-98.2455,30.7541],[-98.2454,30.7505],[-98.243,30.7497],[-98.2402,30.7514],[-98.2378,30.7584],[-98.2393,30.7595],[-98.2428,30.7582],[-98.2438,30.7616],[-98.2373,30.7618],[-98.233,30.765],[-98.2302,30.7625],[-98.2257,30.7535],[-98.2275,30.7518],[-98.2266,30.7484],[-98.2338,30.7474],[-98.2356,30.7429],[-98.2348,30.7339],[-98.2326,30.7327],[-98.2402,30.7235],[-98.2339,30.7184],[-98.2301,30.7176],[-98.2286,30.7148],[-98.2221,30.7137],[-98.2222,30.709],[-98.2197,30.7067],[-98.2185,30.7008],[-98.2312,30.6953],[-98.2361,30.6971],[-98.2366,30.6924],[-98.2346,30.69],[-98.2417,30.686],[-98.2399,30.6844],[-98.2406,30.6822],[-98.2326,30.6818],[-98.2316,30.6799],[-98.2224,30.683],[-98.2201,30.6738],[-98.2189,30.6754],[-98.2164,30.6737],[-98.2164,30.6774],[-98.2112,30.6759],[-98.215,30.6645],[-98.2201,30.6612],[-98.2191,30.6544],[-98.2115,30.6553],[-98.2176,30.6499],[-98.2151,30.6479],[-98.2158,30.6461],[-98.221,30.6436],[-98.217,30.6367],[-98.2094,30.6371],[-98.2088,30.6345],[-98.2112,30.6338],[-98.2124,30.6309],[-98.2171,30.6304],[-98.2157,30.6239],[-98.2235,30.6254],[-98.2227,30.6232],[-98.2172,30.6215],[-98.2166,30.6189],[-98.2126,30.6195],[-98.2153,30.6164],[-98.2134,30.6144],[-98.2175,30.6128],[-98.214,30.6073],[-98.2203,30.6018],[-98.2126,30.6034],[-98.2093,30.6071],[-98.208,30.6045],[-98.2115,30.5989],[-98.2059,30.6003],[-98.2048,30.593],[-98.2014,30.5978],[-98.203,30.6014],[-98.2008,30.6032],[-98.1982,30.6022],[-98.1996,30.6066],[-98.1969,30.6055],[-98.1965,30.6086],[-98.1934,30.6056],[-98.1916,30.6063],[-98.1917,30.603],[-98.188,30.6084],[-98.1853,30.6058],[-98.1819,30.6079],[-98.1829,30.6053],[-98.1867,30.6045],[-98.1872,30.6013],[-98.1934,30.594],[-98.1919,30.5927],[-98.1947,30.5889],[-98.1932,30.5876],[-98.1987,30.5777],[-98.1987,30.5731],[-98.2016,30.5729],[-98.198,30.5712],[-98.2002,30.5692],[-98.195,30.5694],[-98.1954,30.5763],[-98.1921,30.573],[-98.1893,30.5779],[-98.1911,30.5694],[-98.1868,30.5711],[-98.185,30.5694],[-98.1842,30.5749],[-98.1782,30.5773],[-98.1817,30.5736],[-98.1796,30.5716],[-98.1858,30.5653],[-98.1839,30.5621],[-98.1852,30.5576],[-98.1812,30.5581],[-98.1834,30.5547],[-98.1786,30.5548],[-98.1817,30.549],[-98.1786,30.5471],[-98.178,30.5487],[-98.173,30.5485],[-98.1724,30.5546],[-98.1698,30.5497],[-98.1656,30.5525],[-98.1694,30.5465],[-98.1672,30.5459],[-98.167,30.5425],[-98.164,30.5405],[-98.1666,30.5361],[-98.1656,30.5309],[-98.1619,30.5283],[-98.1631,30.5251],[-98.1529,30.5266],[-98.1402,30.5235],[-98.1434,30.5193],[-98.1463,30.5205],[-98.1537,30.5184],[-98.1532,30.5149],[-98.1579,30.5151],[-98.1576,30.5183],[-98.1607,30.5178],[-98.161,30.5158],[-98.1693,30.5152],[-98.1681,30.5107],[-98.1694,30.5066],[-98.1804,30.4989],[-98.1835,30.4841],[-98.1854,30.4918],[-98.1886,30.4906],[-98.1915,30.4821],[-98.1886,30.4805],[-98.1914,30.4767],[-98.1893,30.4741],[-98.1993,30.4648],[-98.1949,30.4612],[-98.1982,30.4593],[-98.2006,30.4604],[-98.2125,30.458],[-98.2059,30.4657],[-98.219,30.467],[-98.2094,30.4685],[-98.2074,30.4708],[-98.2198,30.4728],[-98.2251,30.4767],[-98.2318,30.4708],[-98.2276,30.4868],[-98.2323,30.4819],[-98.2377,30.4805],[-98.2396,30.4757],[-98.2441,30.4751],[-98.2465,30.472],[-98.251,30.4734],[-98.2509,30.4712],[-98.2533,30.47],[-98.2572,30.4716],[-98.2616,30.471],[-98.2615,30.4689],[-98.2521,30.4646],[-98.2586,30.4638],[-98.2575,30.4597],[-98.2619,30.4597],[-98.2696,30.4492],[-98.2762,30.4476],[-98.2793,30.4492],[-98.2733,30.454],[-98.2727,30.4575],[-98.2872,30.4519],[-98.2909,30.4479],[-98.2905,30.4436],[-98.2868,30.4416],[-98.2888,30.4384],[-98.2915,30.439],[-98.2924,30.4443],[-98.2965,30.4425],[-98.2969,30.4468],[-98.2943,30.4502],[-98.2972,30.4568],[-98.2933,30.4582],[-98.2923,30.4624],[-98.2891,30.4647],[-98.2931,30.4638],[-98.2955,30.4671],[-98.29,30.4673],[-98.2844,30.4714],[-98.283,30.4695],[-98.2867,30.4687],[-98.2871,30.4652],[-98.2797,30.47],[-98.2762,30.4694],[-98.2726,30.4714],[-98.2782,30.4723],[-98.2796,30.4741],[-98.271,30.481],[-98.2787,30.4817],[-98.2781,30.4862],[-98.2815,30.4883],[-98.2751,30.49],[-98.2784,30.4931],[-98.2704,30.4968],[-98.2715,30.4976],[-98.2682,30.4998],[-98.2694,30.5028],[-98.2655,30.5072],[-98.2704,30.5088],[-98.2675,30.5109],[-98.2724,30.5098],[-98.2753,30.5128],[-98.2763,30.5076],[-98.2799,30.5064],[-98.2794,30.5039],[-98.285,30.5076],[-98.2829,30.5025],[-98.2768,30.4985],[-98.2773,30.4973],[-98.2823,30.4973],[-98.2818,30.4955],[-98.2793,30.4959],[-98.2845,30.4913],[-98.289,30.4816],[-98.2981,30.4756],[-98.3044,30.4679],[-98.3098,30.4667],[-98.3074,30.4655],[-98.3082,30.4643],[-98.3127,30.4646],[-98.3148,30.4631],[-98.313,30.4665],[-98.3144,30.4683],[-98.3204,30.4648],[-98.3248,30.4595],[-98.3269,30.4619],[-98.3329,30.463],[-98.3379,30.4617],[-98.3423,30.465],[-98.3334,30.4697],[-98.3367,30.4747],[-98.3383,30.4728],[-98.3451,30.4769],[-98.3553,30.4768],[-98.3572,30.4785],[-98.3639,30.4755],[-98.3673,30.4714],[-98.3746,30.469],[-98.3761,30.4662],[-98.3779,30.467],[-98.3767,30.4704],[-98.3835,30.4723],[-98.3892,30.4703],[-98.3917,30.4747],[-98.3965,30.4729],[-98.3962,30.47],[-98.3995,30.4675],[-98.3972,30.4656],[-98.4015,30.4619],[-98.4023,30.4581],[-98.4068,30.4579],[-98.4111,30.4608],[-98.4184,30.4608],[-98.4202,30.4505],[-98.4354,30.4431],[-98.4379,30.4448],[-98.4336,30.4457],[-98.429,30.4518],[-98.4327,30.4529],[-98.433,30.4585],[-98.4353,30.4594],[-98.44,30.4577],[-98.4417,30.4505],[-98.4402,30.4471],[-98.4421,30.4473],[-98.4437,30.4443],[-98.4451,30.4486],[-98.4433,30.4576],[-98.4467,30.4594],[-98.4497,30.4567],[-98.4487,30.4613],[-98.4507,30.4629],[-98.4598,30.4608],[-98.4619,30.4585],[-98.4645,30.4586],[-98.4652,30.462],[-98.4674,30.4618],[-98.47,30.4598],[-98.469,30.4563],[-98.4721,30.4578],[-98.4752,30.4644],[-98.4777,30.4653],[-98.48,30.4595],[-98.4785,30.4518],[-98.4809,30.4492],[-98.4823,30.4552],[-98.4872,30.4576],[-98.4927,30.4562],[-98.4929,30.4593],[-98.4953,30.4584],[-98.496,30.4522],[-98.4932,30.4444],[-98.4997,30.4441],[-98.5024,30.4412],[-98.4961,30.4375],[-98.4956,30.4348],[-98.4996,30.4271],[-98.4968,30.4215],[-98.5081,30.4217],[-98.5086,30.4148],[-98.5113,30.4176],[-98.5138,30.4176],[-98.5125,30.4198],[-98.519,30.417],[-98.5195,30.4191],[-98.5233,30.4191],[-98.5204,30.4239],[-98.5252,30.4257],[-98.5263,30.4278],[-98.533,30.4246],[-98.53,30.4198],[-98.5325,30.4197],[-98.5325,30.4173],[-98.5307,30.4168],[-98.5372,30.4125],[-98.5482,30.4123],[-98.5516,30.4168],[-98.5485,30.4156],[-98.5437,30.4178],[-98.5514,30.4223],[-98.5595,30.4177],[-98.5618,30.4217],[-98.5645,30.4217],[-98.5734,30.4168],[-98.5825,30.4158],[-98.5871,30.4119],[-98.587,30.4074],[-98.5904,30.4095],[-98.593,30.4091],[-98.5932,30.4069],[-98.595,30.4075],[-98.5925,30.4018],[-98.5957,30.4047],[-98.5973,30.4024],[-98.5991,30.4067],[-98.6021,30.4071],[-98.5997,30.41],[-98.6016,30.4132],[-98.6104,30.4116],[-98.6121,30.4149],[-98.6123,30.4105],[-98.6156,30.4118],[-98.6183,30.41],[-98.6148,30.4018],[-98.6189,30.4019],[-98.6175,30.3974],[-98.6228,30.3973],[-98.6289,30.3867],[-98.6278,30.3825],[-98.6261,30.3825],[-98.6262,30.3762],[-98.6217,30.3785],[-98.6218,30.3754],[-98.6193,30.3731],[-98.6171,30.3745],[-98.615,30.3825],[-98.611,30.3821],[-98.6134,30.3782],[-98.6061,30.3767],[-98.6065,30.374],[-98.5927,30.3737],[-98.5877,30.3767],[-98.5889,30.378],[-98.5852,30.3813],[-98.5821,30.3812],[-98.5816,30.3839],[-98.5758,30.3851],[-98.5732,30.3827],[-98.5639,30.3847],[-98.5487,30.3818],[-98.5476,30.3863],[-98.5525,30.3921],[-98.5535,30.3961],[-98.5519,30.3978],[-98.545,30.3965],[-98.5406,30.3922],[-98.5345,30.3983],[-98.5277,30.401],[-98.5186,30.3924],[-98.5196,30.3893],[-98.5134,30.3929],[-98.4976,30.3957],[-98.4963,30.3853],[-98.4904,30.384],[-98.4837,30.3859],[-98.4873,30.39],[-98.4834,30.3912],[-98.4853,30.3926],[-98.4877,30.3918],[-98.4917,30.395],[-98.4957,30.4068],[-98.4843,30.4129],[-98.4783,30.409],[-98.4727,30.4108],[-98.4775,30.4023],[-98.4744,30.3937],[-98.4725,30.3935],[-98.4685,30.3979],[-98.467,30.3958],[-98.4618,30.3957],[-98.468,30.3911],[-98.468,30.3863],[-98.4601,30.3833],[-98.4546,30.3856],[-98.453,30.3846],[-98.4517,30.3824],[-98.4563,30.375],[-98.4537,30.3741],[-98.4502,30.3759],[-98.4463,30.3717],[-98.4437,30.3755],[-98.4406,30.3639],[-98.437,30.3615],[-98.4333,30.3625],[-98.4316,30.3657],[-98.4249,30.367],[-98.4258,30.3626],[-98.4211,30.3564],[-98.4263,30.357],[-98.4284,30.3523],[-98.4302,30.3448],[-98.4285,30.3434],[-98.4303,30.3407],[-98.428,30.3404],[-98.4268,30.3374],[-98.4304,30.3305],[-98.424,30.3265],[-98.419,30.3158],[-98.416,30.3188],[-98.419,30.3322],[-98.4167,30.3275],[-98.4098,30.3245],[-98.4069,30.3161],[-98.4087,30.3157],[-98.4098,30.3192],[-98.4107,30.3154],[-98.4146,30.3185],[-98.4136,30.3136],[-98.4068,30.3112],[-98.405,30.302],[-98.4002,30.2966],[-98.3974,30.2983],[-98.3957,30.2905],[-98.3933,30.29],[-98.3923,30.2859],[-98.3882,30.2847],[-98.3831,30.2864],[-98.3884,30.2917],[-98.3856,30.2951],[-98.3796,30.2882],[-98.3757,30.2874],[-98.3757,30.2859],[-98.3857,30.2827],[-98.3805,30.2803],[-98.382,30.2775],[-98.3775,30.2782],[-98.38,30.2776],[-98.381,30.2741],[-98.3866,30.2746],[-98.3882,30.2712],[-98.3968,30.2697],[-98.3993,30.2727],[-98.3971,30.2773],[-98.3985,30.2802],[-98.4037,30.2828],[-98.4018,30.2867],[-98.404,30.289],[-98.4203,30.2845],[-98.4235,30.2819],[-98.421,30.2808],[-98.421,30.2789],[-98.4276,30.2743],[-98.4332,30.2763],[-98.4331,30.2842],[-98.4363,30.2876],[-98.4491,30.2806],[-98.4477,30.2863],[-98.4523,30.2889],[-98.4541,30.2923],[-98.4483,30.2912],[-98.4443,30.2971],[-98.4389,30.2981],[-98.4375,30.2955],[-98.436,30.2971],[-98.4337,30.2968],[-98.4356,30.2959],[-98.4353,30.2935],[-98.4302,30.2914],[-98.4326,30.2893],[-98.4279,30.2857],[-98.4236,30.2857],[-98.422,30.2915],[-98.4282,30.2917],[-98.4322,30.2955],[-98.4295,30.2956],[-98.4313,30.2971],[-98.4297,30.3008],[-98.4346,30.3009],[-98.437,30.299],[-98.4394,30.3],[-98.437,30.3023],[-98.4368,30.3072],[-98.4444,30.3046],[-98.4466,30.3011],[-98.4462,30.2971],[-98.4509,30.2953],[-98.4483,30.302],[-98.4546,30.3018],[-98.4578,30.3048],[-98.4621,30.3047],[-98.4593,30.3095],[-98.4613,30.3108],[-98.4642,30.308],[-98.468,30.3089],[-98.4682,30.3051],[-98.4698,30.3043],[-98.4702,30.306],[-98.4719,30.3046],[-98.4737,30.2998],[-98.4694,30.2976],[-98.4729,30.2939],[-98.4753,30.295],[-98.4759,30.2986],[-98.4889,30.2991],[-98.4882,30.3039],[-98.4924,30.3024],[-98.4937,30.3001],[-98.49,30.2984],[-98.4907,30.2914],[-98.4952,30.2886],[-98.4889,30.2823],[-98.4942,30.2805],[-98.4947,30.2781],[-98.4978,30.2787],[-98.5006,30.2769],[-98.4987,30.2699],[-98.4999,30.268],[-98.5067,30.2682],[-98.5087,30.2642],[-98.5114,30.2639],[-98.5124,30.2656],[-98.5229,30.2659],[-98.5266,30.2612],[-98.529,30.2515],[-98.5317,30.2535],[-98.5297,30.2557],[-98.5361,30.2622],[-98.5425,30.26],[-98.5496,30.2633],[-98.5532,30.2616],[-98.5584,30.2627],[-98.5614,30.2606],[-98.5658,30.2607],[-98.5677,30.2626],[-98.5676,30.2596],[-98.5717,30.257],[-98.5709,30.2525],[-98.5743,30.2512],[-98.5755,30.2484],[-98.5767,30.2496],[-98.5825,30.2462],[-98.5771,30.2565],[-98.579,30.2577],[-98.5809,30.2534],[-98.5845,30.2606],[-98.5943,30.2624],[-98.5868,30.2654],[-98.5907,30.2694],[-98.5984,30.2728],[-98.5942,30.2756],[-98.5947,30.2789],[-98.5984,30.284],[-98.6043,30.2878],[-98.5937,30.2879],[-98.592,30.2852],[-98.5899,30.2858],[-98.5904,30.2832],[-98.5864,30.2835],[-98.5848,30.281],[-98.5814,30.2826],[-98.5796,30.2809],[-98.5744,30.2809],[-98.5681,30.285],[-98.5667,30.2807],[-98.564,30.2793],[-98.5529,30.2871],[-98.5564,30.2916],[-98.5609,30.2917],[-98.5614,30.2902],[-98.5588,30.2889],[-98.5607,30.2879],[-98.5688,30.2932],[-98.5552,30.2935],[-98.5472,30.2837],[-98.5446,30.2838],[-98.5432,30.2861],[-98.5421,30.2823],[-98.5379,30.284],[-98.5358,30.278],[-98.5309,30.2766],[-98.5345,30.2807],[-98.5331,30.2841],[-98.5286,30.2852],[-98.5296,30.291],[-98.5261,30.2885],[-98.5259,30.2836],[-98.5278,30.282],[-98.5252,30.2821],[-98.5224,30.2759],[-98.5212,30.2772],[-98.523,30.2805],[-98.5175,30.2837],[-98.5191,30.2842],[-98.5192,30.2881],[-98.5153,30.2858],[-98.513,30.2905],[-98.518,30.2941],[-98.5284,30.2934],[-98.5288,30.2999],[-98.5272,30.3013],[-98.5318,30.3064],[-98.5301,30.3073],[-98.5308,30.3111],[-98.5266,30.3129],[-98.5261,30.3159],[-98.5309,30.3207],[-98.5366,30.3228],[-98.5395,30.329],[-98.5428,30.3311],[-98.5459,30.3302],[-98.5472,30.3343],[-98.5421,30.3338],[-98.5407,30.3355],[-98.5447,30.3379],[-98.546,30.341],[-98.5498,30.3383],[-98.5646,30.3333],[-98.5656,30.3312],[-98.5701,30.3313],[-98.571,30.3263],[-98.5675,30.3222],[-98.5632,30.3235],[-98.5628,30.3217],[-98.5676,30.3199],[-98.5752,30.32],[-98.5783,30.3164],[-98.5804,30.318],[-98.5831,30.3162],[-98.5854,30.32],[-98.5898,30.3217],[-98.5931,30.321],[-98.5975,30.3252],[-98.6001,30.3163],[-98.5991,30.314],[-98.603,30.3181],[-98.6085,30.3192],[-98.6111,30.3164],[-98.6154,30.3155],[-98.6181,30.318],[-98.614,30.3215],[-98.6155,30.3251],[-98.6113,30.3282],[-98.6121,30.3306],[-98.6177,30.3307],[-98.6174,30.3354],[-98.6228,30.3346],[-98.623,30.333],[-98.6193,30.3324],[-98.6233,30.3314],[-98.627,30.327],[-98.6309,30.3265],[-98.627,30.3313],[-98.63,30.3341],[-98.6293,30.3357],[-98.6232,30.3359],[-98.6197,30.3438],[-98.6214,30.3443],[-98.6243,30.3416],[-98.6289,30.3438],[-98.6287,30.3409],[-98.6259,30.3394],[-98.6267,30.3368],[-98.6296,30.3383],[-98.6314,30.3359],[-98.6325,30.341],[-98.6382,30.335],[-98.6404,30.339],[-98.6351,30.3464],[-98.6372,30.3481],[-98.6355,30.3553],[-98.6443,30.3585],[-98.647,30.3577],[-98.6459,30.353],[-98.6529,30.353],[-98.65,30.3546],[-98.6521,30.3567],[-98.6512,30.3609],[-98.6476,30.3641],[-98.6424,30.3646],[-98.6424,30.3662],[-98.6482,30.3679],[-98.6502,30.3656],[-98.6547,30.3648],[-98.6564,30.368],[-98.6626,30.3671],[-98.6617,30.3708],[-98.6704,30.3709],[-98.6677,30.3739],[-98.6697,30.3749],[-98.6707,30.3796],[-98.6653,30.3852],[-98.6616,30.3864],[-98.6604,30.3856],[-98.6642,30.3818],[-98.6631,30.3792],[-98.6564,30.3797],[-98.6569,30.3834],[-98.6514,30.3793],[-98.6509,30.3851],[-98.6456,30.3863],[-98.6464,30.3831],[-98.6427,30.3735],[-98.6388,30.3713],[-98.639,30.3761],[-98.6353,30.3756],[-98.6372,30.3872],[-98.6389,30.3907],[-98.6407,30.3908],[-98.6386,30.3931],[-98.6396,30.396],[-98.6422,30.3962],[-98.6409,30.394],[-98.6432,30.3904],[-98.6575,30.3932],[-98.6515,30.3966],[-98.6561,30.3983],[-98.6537,30.4018],[-98.6589,30.4019],[-98.6571,30.4044],[-98.6479,30.4081],[-98.6454,30.4083],[-98.6447,30.4062],[-98.6344,30.416],[-98.6365,30.4187],[-98.636,30.4228],[-98.6386,30.4252],[-98.6399,30.4243],[-98.6413,30.4287],[-98.6458,30.429],[-98.6458,30.4306],[-98.6506,30.4319],[-98.654,30.426],[-98.6704,30.4194],[-98.6724,30.4242],[-98.6797,30.4159],[-98.6824,30.4153],[-98.6861,30.4192],[-98.6833,30.4216],[-98.6863,30.4223],[-98.6834,30.4236],[-98.6846,30.426],[-98.6878,30.4225],[-98.6875,30.4192],[-98.6924,30.4216],[-98.6967,30.4178],[-98.7008,30.4183],[-98.704,30.4133],[-98.7042,30.4052],[-98.7069,30.3971],[-98.711,30.3964],[-98.7136,30.3998],[-98.7173,30.3962],[-98.727,30.3938],[-98.732,30.3764],[-98.7298,30.3723],[-98.7273,30.3778],[-98.7163,30.3801],[-98.7171,30.378],[-98.7224,30.3762],[-98.7224,30.3736],[-98.7158,30.3726],[-98.7138,30.3657],[-98.7095,30.365],[-98.7057,30.3682],[-98.7002,30.365],[-98.6935,30.365],[-98.6941,30.36],[-98.6909,30.3579],[-98.6963,30.3548],[-98.6981,30.3606],[-98.7042,30.3591],[-98.7061,30.3616],[-98.7109,30.3583],[-98.716,30.3624],[-98.7156,30.3578],[-98.7071,30.3463],[-98.7141,30.3524],[-98.7245,30.3573],[-98.7208,30.3492],[-98.7173,30.3486],[-98.7149,30.3406],[-98.7237,30.3428],[-98.7218,30.3363],[-98.7232,30.3354],[-98.7258,30.3358],[-98.7311,30.3425],[-98.7375,30.3454],[-98.7384,30.3474],[-98.7383,30.3452],[-98.7329,30.3383],[-98.7329,30.3362],[-98.7294,30.3325],[-98.732,30.3263],[-98.7382,30.3276],[-98.7358,30.3247],[-98.7384,30.3234],[-98.7286,30.3229],[-98.7268,30.3269],[-98.7241,30.3278],[-98.7218,30.3205],[-98.7289,30.3187],[-98.7298,30.3173],[-98.7277,30.3155],[-98.7313,30.314],[-98.7338,30.3176],[-98.7399,30.3147],[-98.7371,30.3123],[-98.742,30.3137],[-98.737,30.3083],[-98.7402,30.3096],[-98.7417,30.3028],[-98.7443,30.3016],[-98.7444,30.3073],[-98.7477,30.3069],[-98.7453,30.3136],[-98.7479,30.3149],[-98.7485,30.3183],[-98.7514,30.3164],[-98.7511,30.3188],[-98.7532,30.3194],[-98.7511,30.3207],[-98.755,30.3232],[-98.7568,30.3191],[-98.7575,30.3224],[-98.7552,30.3253],[-98.7569,30.3255],[-98.7561,30.3277],[-98.7584,30.331],[-98.7608,30.3313],[-98.7589,30.3269],[-98.7639,30.327],[-98.76,30.3254],[-98.7647,30.3249],[-98.7608,30.3227],[-98.7614,30.3212],[-98.7675,30.3214],[-98.7665,30.3182],[-98.77,30.3225],[-98.7712,30.3207],[-98.7743,30.3234],[-98.7702,30.3256],[-98.7713,30.3266],[-98.766,30.3323],[-98.7688,30.3316],[-98.7709,30.3331],[-98.7708,30.3302],[-98.7735,30.3305],[-98.7727,30.3288],[-98.7757,30.3277],[-98.7813,30.3302],[-98.7798,30.3327],[-98.7817,30.3342],[-98.786,30.3333],[-98.7854,30.3365],[-98.7892,30.3373],[-98.7869,30.3407],[-98.7854,30.3379],[-98.7814,30.336],[-98.7819,30.3409],[-98.7745,30.3398],[-98.7768,30.3423],[-98.7748,30.3443],[-98.7761,30.3452],[-98.779,30.3439],[-98.7837,30.3454],[-98.7786,30.3465],[-98.7807,30.3486],[-98.7746,30.3504],[-98.7732,30.3528],[-98.7791,30.3521],[-98.7755,30.3559],[-98.7778,30.3575],[-98.7795,30.3549],[-98.7826,30.3556],[-98.784,30.3536],[-98.7856,30.3573],[-98.7902,30.3589],[-98.7887,30.3566],[-98.7901,30.3549],[-98.7872,30.3516],[-98.792,30.3536],[-98.7932,30.3514],[-98.7917,30.3494],[-98.7944,30.3501],[-98.7959,30.3537],[-98.7942,30.3541],[-98.793,30.3598],[-98.7961,30.361],[-98.7949,30.3633],[-98.7972,30.3653],[-98.7998,30.3603],[-98.8024,30.3682],[-98.8061,30.3646],[-98.8041,30.3603],[-98.8072,30.36],[-98.8092,30.3643],[-98.8106,30.3616],[-98.8119,30.3641],[-98.8131,30.3635],[-98.8145,30.3603],[-98.8104,30.3583],[-98.8146,30.358],[-98.812,30.3558],[-98.8145,30.3531],[-98.8096,30.353],[-98.8112,30.3496],[-98.8076,30.3487],[-98.8094,30.3474],[-98.8135,30.3489],[-98.8181,30.3449],[-98.8162,30.3543],[-98.8182,30.3582],[-98.8219,30.3572],[-98.8218,30.3604],[-98.8164,30.3612],[-98.8174,30.3631],[-98.815,30.3667],[-98.8178,30.3658],[-98.8201,30.368],[-98.8191,30.3646],[-98.8211,30.3635],[-98.8251,30.3684],[-98.8261,30.3636],[-98.8283,30.3651],[-98.8281,30.3701],[-98.8328,30.3706],[-98.8314,30.3664],[-98.8349,30.3664],[-98.8303,30.3636],[-98.8358,30.3628],[-98.8305,30.3612],[-98.8352,30.3592],[-98.839,30.3598],[-98.8353,30.357],[-98.8287,30.3576],[-98.8331,30.3551],[-98.8302,30.3538],[-98.832,30.35],[-98.8326,30.3533],[-98.8356,30.3528],[-98.8395,30.3555],[-98.8428,30.3518],[-98.8393,30.3505],[-98.8386,30.3458],[-98.8417,30.3485],[-98.8455,30.3477],[-98.8475,30.3446],[-98.8465,30.3478],[-98.8439,30.3496],[-98.8451,30.3524],[-98.8482,30.3521],[-98.8446,30.3541],[-98.8432,30.3576],[-98.8448,30.36],[-98.8482,30.3576],[-98.8493,30.3639],[-98.8443,30.368],[-98.8489,30.367],[-98.8497,30.3697],[-98.8535,30.3648],[-98.8527,30.3616],[-98.8553,30.3622],[-98.8538,30.3577],[-98.8556,30.3577],[-98.8576,30.3608],[-98.861,30.3583],[-98.8608,30.3618],[-98.8572,30.3662],[-98.8597,30.3681],[-98.8643,30.3641],[-98.8699,30.3754],[-98.8704,30.37],[-98.8686,30.3676],[-98.8721,30.3673],[-98.8692,30.3643],[-98.8705,30.3622],[-98.869,30.3599],[-98.8742,30.3596],[-98.8645,30.3496],[-98.8706,30.3536],[-98.872,30.3514],[-98.8747,30.3524],[-98.8777,30.3573],[-98.8797,30.3554],[-98.8796,30.3605],[-98.8823,30.36],[-98.8855,30.3629],[-98.8836,30.3565],[-98.8887,30.358],[-98.893,30.362],[-98.8905,30.3582],[-98.8946,30.3576],[-98.8899,30.3542],[-98.9005,30.3525],[-98.8929,30.3508],[-98.8955,30.3472],[-98.8944,30.3462],[-98.8875,30.351],[-98.8862,30.3501],[-98.8888,30.3474],[-98.8863,30.3466],[-98.8826,30.349],[-98.8834,30.3451],[-98.8785,30.3463],[-98.8776,30.3437],[-98.884,30.3419],[-98.8861,30.3428],[-98.8852,30.3408],[-98.8892,30.3388],[-98.891,30.3407],[-98.8941,30.3374],[-98.89,30.3366],[-98.8906,30.3328],[-98.8879,30.333],[-98.887,30.3359],[-98.8823,30.3376],[-98.8811,30.3356],[-98.8842,30.3325],[-98.8836,30.3313],[-98.8799,30.3329],[-98.8795,30.3302],[-98.882,30.3282],[-98.8821,30.325],[-98.8798,30.3249],[-98.8802,30.3264],[-98.8781,30.3256],[-98.8763,30.3355],[-98.872,30.3373],[-98.8701,30.3365],[-98.875,30.3325],[-98.8726,30.3287],[-98.8757,30.3258],[-98.8663,30.3293],[-98.8603,30.3286],[-98.8596,30.3269],[-98.8714,30.3256],[-98.8726,30.3235],[-98.8705,30.3227],[-98.8733,30.321],[-98.8684,30.3205],[-98.8721,30.3182],[-98.8638,30.3186],[-98.8687,30.3149],[-98.8734,30.3161],[-98.8693,30.3123],[-98.8614,30.3135],[-98.8584,30.3156],[-98.8504,30.3158],[-98.851,30.3125],[-98.8531,30.3121],[-98.8508,30.3102],[-98.8524,30.3075],[-98.8538,30.3098],[-98.8567,30.31],[-98.856,30.3123],[-98.8587,30.3127],[-98.8603,30.3104],[-98.8636,30.3106],[-98.8646,30.3083],[-98.858,30.3063],[-98.8619,30.3039],[-98.8553,30.3008],[-98.8559,30.299],[-98.8583,30.2985],[-98.858,30.3001],[-98.8607,30.3016],[-98.865,30.3006],[-98.8655,30.3033],[-98.8672,30.3026],[-98.8669,30.3052],[-98.8712,30.3067],[-98.8718,30.3109],[-98.8742,30.3091],[-98.8767,30.3166],[-98.878,30.3151],[-98.8815,30.318],[-98.8835,30.3081],[-98.8861,30.3051],[-98.8837,30.3138],[-98.8872,30.3147],[-98.8841,30.3173],[-98.8861,30.3184],[-98.8854,30.3211],[-98.8826,30.322],[-98.8857,30.3237],[-98.8914,30.3181],[-98.8959,30.3176],[-98.894,30.3117],[-98.8981,30.3125],[-98.9003,30.3077],[-98.9017,30.3112],[-98.8977,30.3158],[-98.9033,30.3162],[-98.9004,30.3181],[-98.9027,30.3207],[-98.9064,30.3198],[-98.9033,30.3219],[-98.8981,30.3204],[-98.8968,30.3223],[-98.9004,30.3235],[-98.8932,30.3274],[-98.8974,30.3287],[-98.9076,30.3251],[-98.9009,30.3338],[-98.9034,30.3345],[-98.9037,30.3364],[-98.9048,30.3323],[-98.9093,30.3305],[-98.9115,30.338],[-98.9135,30.3292],[-98.916,30.3279],[-98.92,30.3364],[-98.9232,30.3374],[-98.9236,30.3406],[-98.9261,30.3385],[-98.9295,30.3417],[-98.9292,30.3452],[-98.9238,30.3496],[-98.9268,30.3491],[-98.93,30.3455],[-98.9319,30.3472],[-98.9378,30.3456],[-98.9366,30.3438],[-98.9334,30.3436],[-98.9304,30.3371],[-98.9367,30.3352],[-98.9261,30.3333],[-98.9234,30.3292],[-98.9312,30.3262],[-98.9216,30.3259],[-98.9175,30.3216],[-98.9216,30.3231],[-98.9257,30.3206],[-98.9283,30.3212],[-98.9265,30.3189],[-98.931,30.3176],[-98.9288,30.3158],[-98.923,30.3181],[-98.919,30.3158],[-98.9284,30.3109],[-98.9175,30.311],[-98.9181,30.3085],[-98.9236,30.3089],[-98.9238,30.3073],[-98.9267,30.307],[-98.9249,30.3039],[-98.9216,30.3049],[-98.9216,30.3026],[-98.9156,30.3024],[-98.9195,30.301],[-98.9172,30.299],[-98.9213,30.2967],[-98.911,30.2882],[-98.9145,30.2892],[-98.9228,30.2967],[-98.9288,30.298],[-98.9237,30.2997],[-98.9252,30.3015],[-98.9278,30.3013],[-98.9309,30.3083],[-98.9335,30.3071],[-98.9335,30.3028],[-98.9372,30.3041],[-98.936,30.3068],[-98.9383,30.3066],[-98.9363,30.3107],[-98.942,30.3074],[-98.9415,30.3039],[-98.9461,30.3051],[-98.9451,30.3089],[-98.9399,30.3113],[-98.9459,30.3132],[-98.9522,30.3122],[-98.9499,30.3147],[-98.9436,30.3159],[-98.9485,30.3179],[-98.9464,30.3194],[-98.9474,30.3214],[-98.9439,30.3228],[-98.9495,30.3256],[-98.9515,30.3216],[-98.9548,30.3217],[-98.9559,30.3191],[-98.9602,30.3217],[-98.9574,30.3243],[-98.9593,30.3262],[-98.9557,30.3273],[-98.9585,30.329],[-98.9554,30.3304],[-98.9577,30.3324],[-98.9554,30.335],[-98.9595,30.3341],[-98.9635,30.3273],[-98.9669,30.3298],[-98.9662,30.3317],[-98.9684,30.3348],[-98.9671,30.3364],[-98.9697,30.342],[-98.9673,30.3447],[-98.9688,30.3456],[-98.9684,30.3505],[-98.9713,30.3443],[-98.9736,30.3445],[-98.9752,30.3499],[-98.9757,30.3464],[-98.9788,30.3449],[-98.9746,30.3428],[-98.9759,30.3376],[-98.9741,30.3354],[-98.9746,30.331],[-98.9877,30.3355],[-98.9954,30.3345],[-98.9985,30.3394],[-99.0,30.3388],[-99.0,30.3363],[-98.9921,30.3291],[-98.9897,30.3311],[-98.9844,30.3296],[-98.9853,30.3282],[-98.9812,30.3268],[-98.9833,30.3236],[-98.9775,30.3258],[-98.9747,30.324],[-98.9743,30.3223],[-98.9768,30.3219],[-98.9765,30.32],[-98.9815,30.3157],[-98.9778,30.3166],[-98.9763,30.3147],[-98.974,30.318],[-98.9699,30.3182],[-98.9733,30.3153],[-98.9722,30.3132],[-98.9741,30.3109],[-98.9665,30.3096],[-98.9676,30.3072],[-98.9651,30.3038],[-98.9676,30.3041],[-98.9692,30.307],[-98.9739,30.307],[-98.9742,30.3021],[-98.9759,30.3015],[-98.9796,30.307],[-98.982,30.3023],[-98.9797,30.2975],[-98.9843,30.2966],[-98.9869,30.3012],[-98.9923,30.3004],[-98.9932,30.3049],[-98.9957,30.3005],[-98.998,30.3059],[-98.9992,30.304],[-99.0,30.3038],[-99.0,30.2981],[-98.997,30.2957],[-98.9985,30.2946],[-98.9964,30.2937],[-98.9984,30.2927],[-98.9968,30.2909],[-99.0,30.2878],[-99.0,30.2874],[-98.9945,30.2878],[-98.9956,30.2831],[-98.991,30.2858],[-98.9908,30.2908],[-98.9876,30.287],[-98.987,30.2884],[-98.9816,30.2872],[-98.9851,30.2845],[-98.9819,30.2832],[-98.9735,30.2868],[-98.9741,30.2802],[-98.9764,30.2788],[-98.9741,30.2767],[-98.9687,30.2811],[-98.9665,30.2872],[-98.9635,30.2895],[-98.9627,30.2836],[-98.9657,30.2705],[-98.9577,30.2715],[-98.9556,30.2744],[-98.9502,30.2733],[-98.9537,30.2709],[-98.9502,30.2677],[-98.9516,30.2647],[-98.9535,30.2675],[-98.9574,30.267],[-98.9589,30.2693],[-98.9622,30.2697],[-98.9678,30.2669],[-98.9724,30.2706],[-98.9789,30.2675],[-98.9785,30.266],[-98.9828,30.2662],[-98.9779,30.2578],[-98.9793,30.2547],[-98.9832,30.2618],[-98.9869,30.2609],[-98.9861,30.2647],[-98.9883,30.2697],[-98.9914,30.2618],[-98.9935,30.2625],[-98.9946,30.2666],[-98.9961,30.2639],[-98.9986,30.2657],[-99.0,30.2652],[-99.0,30.2638],[-98.9987,30.2627],[-99.0,30.2617],[-99.0,30.2589],[-98.9977,30.2586],[-98.9985,30.2551],[-98.9925,30.2546],[-98.9926,30.2529],[-98.9968,30.2516],[-98.9969,30.2483],[-98.9919,30.2484],[-98.9962,30.2473],[-98.9968,30.2409],[-98.9986,30.2418],[-98.9975,30.2469],[-99.0,30.2472],[-99.0,30.172],[-98.9986,30.1681],[-98.995,30.168],[-98.9946,30.1632],[-98.9915,30.1648],[-98.9854,30.1622],[-98.989,30.1694],[-98.9914,30.1696],[-98.9898,30.1739],[-98.9816,30.1718],[-98.9842,30.1741],[-98.9828,30.1768],[-98.987,30.1786],[-98.9846,30.181],[-98.9857,30.1843],[-98.9811,30.1817],[-98.9797,30.1846],[-98.974,30.1861],[-98.9738,30.1839],[-98.9692,30.1804],[-98.9772,30.1795],[-98.9743,30.178],[-98.9766,30.1748],[-98.9717,30.1759],[-98.9716,30.1734],[-98.9649,30.175],[-98.9694,30.1687],[-98.9718,30.1683],[-98.9717,30.1644],[-98.9682,30.1678],[-98.9637,30.1687],[-98.9623,30.1635],[-98.9569,30.1705],[-98.9555,30.1663],[-98.9567,30.1622],[-98.9521,30.164],[-98.9511,30.1629],[-98.9571,30.1553],[-98.9595,30.1582],[-98.9616,30.1571],[-98.9621,30.153],[-98.9699,30.1527],[-98.9617,30.148],[-98.9617,30.1464],[-98.9664,30.1443],[-98.9706,30.1453],[-98.9696,30.143],[-98.9637,30.1413],[-98.964,30.1393],[-98.9669,30.1358],[-98.9793,30.1328],[-98.9793,30.1294],[-98.9816,30.1274],[-98.9733,30.1315],[-98.9659,30.1327],[-98.9622,30.1301],[-98.9635,30.1251],[-98.9619,30.1198],[-98.9591,30.1182],[-98.9554,30.1251],[-98.957,30.1331],[-98.9519,30.1323],[-98.9537,30.1361],[-98.9502,30.1414],[-98.9439,30.1375],[-98.9465,30.1486],[-98.9391,30.1446],[-98.9379,30.1455],[-98.939,30.1495],[-98.9348,30.1496],[-98.9373,30.1555],[-98.9357,30.1573],[-98.9344,30.1527],[-98.9319,30.1523],[-98.9299,30.1542],[-98.9288,30.1522],[-98.9287,30.1485],[-98.9311,30.148],[-98.9299,30.1428],[-98.9324,30.1419],[-98.9297,30.1397],[-98.9316,30.1351],[-98.926,30.1405],[-98.9241,30.1341],[-98.9213,30.1388],[-98.9231,30.1431],[-98.9201,30.1485],[-98.9186,30.1483],[-98.9153,30.1428],[-98.9112,30.1423],[-98.9123,30.1386],[-98.9089,30.1405],[-98.9058,30.139],[-98.9055,30.1276],[-98.9028,30.1308],[-98.9022,30.1365],[-98.8994,30.1387],[-98.902,30.1399],[-98.9027,30.1451],[-98.9055,30.1452],[-98.9087,30.1479],[-98.9091,30.15],[-98.9064,30.1532],[-98.9073,30.1551],[-98.9134,30.1538],[-98.9153,30.1556],[-98.9143,30.1574],[-98.917,30.1581],[-98.9099,30.1646],[-98.9117,30.1675],[-98.914,30.1644],[-98.9182,30.1655],[-98.9199,30.1629],[-98.9239,30.1626],[-98.9225,30.1697],[-98.9169,30.1703],[-98.913,30.174],[-98.9179,30.1753],[-98.9187,30.1786],[-98.9255,30.1791],[-98.9244,30.1829],[-98.927,30.1869],[-98.9233,30.1873],[-98.9208,30.1815],[-98.9183,30.1825],[-98.9123,30.1804],[-98.9165,30.185],[-98.9144,30.1879],[-98.9105,30.1882],[-98.9088,30.1857],[-98.9073,30.1905],[-98.9021,30.192],[-98.9048,30.189],[-98.9057,30.1833],[-98.9041,30.1849],[-98.9016,30.184],[-98.9006,30.1866],[-98.8963,30.1844],[-98.8955,30.1878],[-98.8898,30.1919],[-98.8856,30.1913],[-98.8864,30.1887],[-98.8916,30.187],[-98.8907,30.1839],[-98.8866,30.1832],[-98.8864,30.1811],[-98.8967,30.1784],[-98.8924,30.1762],[-98.8868,30.1761],[-98.8849,30.1714],[-98.8878,30.1704],[-98.8906,30.1722],[-98.8924,30.1706],[-98.8973,30.1731],[-98.8953,30.1689],[-98.8984,30.1682],[-98.8925,30.1663],[-98.8984,30.1646],[-98.8971,30.1628],[-98.8988,30.1604],[-98.8966,30.1584],[-98.8955,30.1606],[-98.893,30.1602],[-98.8868,30.1643],[-98.8831,30.1647],[-98.8857,30.1607],[-98.8821,30.1607],[-98.8819,30.1585],[-98.8862,30.1575],[-98.8844,30.1548],[-98.8894,30.1505],[-98.8863,30.1469],[-98.8855,30.1511],[-98.8817,30.1521],[-98.8792,30.1559],[-98.8794,30.1477],[-98.8769,30.1501],[-98.8739,30.1469],[-98.8722,30.1479],[-98.8749,30.156],[-98.8744,30.16],[-98.8723,30.16],[-98.8706,30.1625],[-98.8687,30.1614],[-98.8711,30.1586],[-98.8708,30.1525],[-98.8669,30.1536],[-98.8642,30.1518],[-98.8643,30.1551],[-98.8617,30.1566],[-98.8574,30.1548],[-98.8582,30.1503],[-98.8609,30.1478],[-98.858,30.1483],[-98.8531,30.1616],[-98.8582,30.1588],[-98.8606,30.1645],[-98.8561,30.1653],[-98.8522,30.1685],[-98.854,30.1709],[-98.8496,30.1719],[-98.8486,30.169],[-98.8444,30.1692],[-98.8462,30.1727],[-98.8435,30.1731],[-98.8435,30.1769],[-98.8416,30.1776],[-98.8419,30.1708],[-98.8395,30.1717],[-98.8386,30.1748],[-98.8345,30.1734],[-98.8327,30.1771],[-98.8306,30.177],[-98.8303,30.1802],[-98.8248,30.1837],[-98.8259,30.1873],[-98.8206,30.1855],[-98.8238,30.1823],[-98.8224,30.1796],[-98.8237,30.1749],[-98.8281,30.1716],[-98.818,30.1736],[-98.8194,30.1767],[-98.8165,30.178],[-98.816,30.1818],[-98.8135,30.183],[-98.8124,30.1812],[-98.8087,30.1807],[-98.8093,30.1847],[-98.8042,30.1774],[-98.8169,30.1725],[-98.8161,30.1689],[-98.8188,30.1659],[-98.8221,30.1664],[-98.8228,30.1645],[-98.8267,30.1632],[-98.8281,30.1659],[-98.8318,30.1653],[-98.8344,30.1615],[-98.8378,30.1605],[-98.843,30.1626],[-98.8404,30.1573],[-98.8429,30.1572],[-98.8437,30.155],[-98.848,30.1551],[-98.8507,30.1508],[-98.8493,30.1484],[-98.8449,30.152],[-98.8426,30.1501],[-98.8363,30.1494],[-98.841,30.1484],[-98.8413,30.146],[-98.8447,30.1458],[-98.8454,30.1428],[-98.8514,30.1404],[-98.8462,30.1396],[-98.8454,30.1371],[-98.8384,30.1417],[-98.8339,30.1404],[-98.8322,30.1429],[-98.8324,30.1401],[-98.8272,30.1407],[-98.8273,30.1387],[-98.8303,30.1365],[-98.8362,30.1381],[-98.8365,30.1353],[-98.8405,30.1338],[-98.8365,30.1305],[-98.8339,30.133],[-98.8238,30.1291],[-98.8242,30.1262],[-98.8283,30.1236],[-98.8389,30.1239],[-98.8474,30.1155],[-98.8452,30.1142],[-98.8381,30.1186],[-98.8326,30.1175],[-98.8337,30.1152],[-98.8318,30.1145],[-98.8293,30.1191],[-98.8221,30.1198],[-98.8214,30.1182],[-98.8237,30.1163],[-98.8218,30.1159],[-98.8222,30.1121],[-98.8254,30.1091],[-98.8208,30.1101],[-98.8196,30.1046],[-98.8175,30.1103],[-98.8183,30.1165],[-98.8153,30.1171],[-98.8085,30.1119],[-98.8154,30.1211],[-98.813,30.1216],[-98.811,30.1252],[-98.8047,30.122],[-98.8068,30.1255],[-98.8099,30.1268],[-98.8096,30.1318],[-98.8124,30.1326],[-98.8103,30.1354],[-98.8068,30.1359],[-98.8082,30.1409],[-98.8039,30.1369],[-98.8039,30.1304],[-98.8007,30.1299],[-98.8002,30.1271],[-98.798,30.1285],[-98.7917,30.1247],[-98.7887,30.1275],[-98.792,30.1276],[-98.7949,30.1315],[-98.7977,30.1322],[-98.7997,30.1397],[-98.7974,30.1404],[-98.7942,30.1342],[-98.7915,30.1344],[-98.7937,30.1374],[-98.7918,30.1379],[-98.792,30.1408],[-98.788,30.1364],[-98.7889,30.1341],[-98.787,30.1349],[-98.7828,30.1306],[-98.7816,30.1327],[-98.7783,30.1312],[-98.7832,30.1378],[-98.781,30.1393],[-98.7857,30.141],[-98.7836,30.1437],[-98.7795,30.1434],[-98.781,30.1473],[-98.7781,30.1468],[-98.7764,30.143],[-98.7733,30.1442],[-98.772,30.1484],[-98.7681,30.1475],[-98.7688,30.1444],[-98.7747,30.1394],[-98.7713,30.1402],[-98.7678,30.1378],[-98.7672,30.1421],[-98.7635,30.1412],[-98.7643,30.1446],[-98.7624,30.1474],[-98.7613,30.1451],[-98.7569,30.1451],[-98.7573,30.1494],[-98.7513,30.1441],[-98.7546,30.1437],[-98.7553,30.1413],[-98.759,30.1417],[-98.7623,30.1387],[-98.7561,30.1372],[-98.7586,30.1343],[-98.7619,30.1343],[-98.7596,30.1318],[-98.7637,30.1308],[-98.7632,30.1284],[-98.7655,30.127],[-98.7639,30.1242],[-98.7656,30.1227],[-98.7626,30.1179],[-98.7622,30.1236],[-98.7593,30.1237],[-98.7594,30.1271],[-98.7554,30.1268],[-98.7519,30.1308],[-98.753,30.1279],[-98.7508,30.127],[-98.7495,30.1175],[-98.7467,30.1215],[-98.7495,30.1271],[-98.7474,30.1272],[-98.7493,30.1292],[-98.7473,30.1308],[-98.7484,30.1345],[-98.7435,30.1344],[-98.7434,30.1289],[-98.742,30.1287],[-98.7406,30.1318],[-98.7365,30.1337],[-98.7387,30.1353],[-98.7363,30.1381],[-98.7373,30.141],[-98.7343,30.1402],[-98.7313,30.1363],[-98.7333,30.134],[-98.7306,30.1327],[-98.7328,30.1313],[-98.7327,30.1286],[-98.7357,30.1286],[-98.737,30.1261],[-98.7356,30.1224],[-98.7389,30.1226],[-98.7372,30.1193],[-98.7396,30.1176],[-98.74,30.1139],[-98.7432,30.113],[-98.7411,30.1108],[-98.7356,30.1153],[-98.7322,30.1217],[-98.7286,30.1188],[-98.7285,30.116],[-98.7254,30.1171],[-98.722,30.1117],[-98.7219,30.1154],[-98.7267,30.1235],[-98.7248,30.1255],[-98.7222,30.1244],[-98.7227,30.1279],[-98.7197,30.1286],[-98.7166,30.1226],[-98.7139,30.1242],[-98.7114,30.1233],[-98.7123,30.1176],[-98.708,30.1211],[-98.7077,30.1232],[-98.7105,30.1246],[-98.7086,30.1265],[-98.7125,30.1268],[-98.7112,30.1303],[-98.7134,30.1305],[-98.7141,30.1336],[-98.7163,30.1333],[-98.7148,30.138],[-98.7169,30.1399],[-98.7153,30.1412],[-98.7132,30.1392],[-98.7107,30.1408],[-98.7075,30.1394],[-98.7118,30.1349],[-98.7066,30.1353],[-98.7063,30.1327],[-98.7043,30.1321],[-98.7062,30.131],[-98.7024,30.1302],[-98.6997,30.1255],[-98.6985,30.1265],[-98.7006,30.1374],[-98.6991,30.1357],[-98.6967,30.1366],[-98.696,30.1348],[-98.6937,30.1357],[-98.693,30.1326],[-98.69,30.1334],[-98.6875,30.1285],[-98.6848,30.1293],[-98.6892,30.1395],[-98.6976,30.1421],[-98.69,30.1442],[-98.6944,30.1448],[-98.696,30.1477],[-98.6916,30.1507],[-98.6938,30.1551],[-98.6926,30.1572],[-98.6947,30.1594],[-98.6987,30.1568],[-98.7011,30.16],[-98.7049,30.1612],[-98.7021,30.1643],[-98.6996,30.163],[-98.6937,30.1691],[-98.6901,30.1635],[-98.6858,30.1662],[-98.6845,30.1626],[-98.6778,30.1632],[-98.6741,30.1662],[-98.6731,30.1637],[-98.6763,30.1627],[-98.6796,30.1546],[-98.6729,30.1595],[-98.6745,30.1552],[-98.6726,30.1536],[-98.6763,30.1478],[-98.6722,30.1508],[-98.6705,30.1468],[-98.6682,30.1464],[-98.6699,30.1517],[-98.6691,30.1538],[-98.6661,30.1541],[-98.6685,30.1558],[-98.6665,30.1624],[-98.6634,30.1579],[-98.661,30.162],[-98.6602,30.1567],[-98.6573,30.1625],[-98.6547,30.1607],[-98.652,30.1617],[-98.6492,30.1552],[-98.6476,30.1592],[-98.6496,30.1641],[-98.6564,30.1692],[-98.6552,30.1705],[-98.6508,30.1689],[-98.6513,30.1721],[-98.6488,30.1726],[-98.6469,30.1681],[-98.6442,30.1674],[-98.6459,30.1621],[-98.6419,30.1622],[-98.6403,30.1602],[-98.6411,30.1575],[-98.6472,30.1543],[-98.6437,30.1528],[-98.6445,30.1492],[-98.6483,30.1502],[-98.6509,30.1485],[-98.6539,30.1455],[-98.6526,30.143],[-98.651,30.1424],[-98.6477,30.1462],[-98.6475,30.1433],[-98.6449,30.146],[-98.6432,30.1432],[-98.6379,30.1469],[-98.6354,30.1449],[-98.6351,30.1497],[-98.6326,30.1454],[-98.6389,30.1406],[-98.636,30.1406],[-98.6342,30.1383],[-98.6288,30.1434],[-98.6258,30.1399],[-98.6236,30.1409],[-98.6203,30.1336],[-98.6193,30.1378],[-98.6228,30.1463],[-98.6217,30.1478],[-98.6181,30.1438],[-98.6132,30.143],[-98.613,30.1409],[-98.6169,30.139],[-98.6157,30.1364],[-98.6082,30.1402],[-98.6051,30.1386],[-98.6024,30.143],[-98.5959,30.1414],[-98.5944,30.144],[-98.5957,30.1477],[-98.5881,30.1523],[-98.5867,30.1503],[-98.5911,30.1471],[-98.5874,30.1412],[-98.584,30.1445],[-98.5735,30.1462],[-98.5691,30.1436],[-98.5641,30.1478],[-98.5642,30.1505],[-98.5678,30.1517],[-98.5644,30.1533],[-98.5647,30.156],[-98.5609,30.1529],[-98.5598,30.1556],[-98.5561,30.1556],[-98.5551,30.1576],[-98.557,30.1591],[-98.5521,30.1616],[-98.5562,30.163],[-98.5553,30.1656],[-98.5649,30.1649],[-98.5634,30.1691],[-98.5684,30.1717],[-98.5686,30.1766],[-98.5719,30.1766],[-98.5746,30.1808],[-98.575,30.185],[-98.5724,30.1864],[-98.5697,30.1835],[-98.5714,30.1813],[-98.5704,30.1784],[-98.5668,30.1768],[-98.5662,30.1744],[-98.5617,30.1726],[-98.5637,30.1806],[-98.5609,30.1816],[-98.5584,30.1723],[-98.5525,30.1719],[-98.5508,30.1656],[-98.5463,30.168],[-98.5442,30.1655],[-98.54,30.1652],[-98.5454,30.1604],[-98.5437,30.1587],[-98.5465,30.158],[-98.5423,30.1552],[-98.5397,30.157],[-98.539,30.1537],[-98.5368,30.1561],[-98.5342,30.1545],[-98.5336,30.1586],[-98.5311,30.1573],[-98.5321,30.1615],[-98.5261,30.1637],[-98.5248,30.1686],[-98.5234,30.1646],[-98.52,30.1634],[-98.5172,30.1653],[-98.5197,30.1676],[-98.5166,30.1707],[-98.514,30.1707],[-98.5148,30.1692],[-98.5126,30.1669],[-98.5108,30.1669],[-98.5115,30.1695],[-98.5099,30.1711],[-98.506,30.1717],[-98.503,30.1689],[-98.503,30.1721],[-98.5056,30.1745],[-98.5018,30.1782],[-98.5052,30.1792],[-98.5037,30.1814],[-98.4989,30.1795],[-98.4971,30.1696],[-98.494,30.1735],[-98.4935,30.1686],[-98.4919,30.1698],[-98.487,30.1683],[-98.4902,30.1754],[-98.4877,30.1774],[-98.4857,30.1765],[-98.4868,30.1822],[-98.4849,30.1861],[-98.4816,30.1857],[-98.4823,30.1831],[-98.479,30.1853],[-98.4817,30.1926],[-98.4801,30.1953],[-98.4825,30.1959],[-98.4823,30.2005],[-98.4792,30.2015],[-98.4813,30.2029],[-98.4803,30.2052],[-98.4826,30.208],[-98.4882,30.2094],[-98.4853,30.2143],[-98.4749,30.2153],[-98.473,30.2173],[-98.4725,30.2158],[-98.4685,30.2217],[-98.4593,30.2208],[-98.4496,30.2243],[-98.4468,30.2214],[-98.4528,30.2212],[-98.4504,30.2164],[-98.4562,30.2195],[-98.4574,30.2175],[-98.4619,30.2178],[-98.4619,30.2157],[-98.4659,30.2178],[-98.4649,30.2138],[-98.4704,30.2133],[-98.4674,30.2109],[-98.468,30.2084],[-98.4748,30.2078],[-98.4691,30.2066],[-98.4599,30.2122],[-98.4576,30.2117],[-98.4613,30.2097],[-98.4594,30.208],[-98.4536,30.2109],[-98.4514,30.2089],[-98.4578,30.2069],[-98.4519,30.2049],[-98.4553,30.2041],[-98.4556,30.2024],[-98.461,30.2054],[-98.4585,30.2025],[-98.4594,30.2011],[-98.4651,30.2037],[-98.4686,30.2027],[-98.4661,30.2019],[-98.4691,30.1998],[-98.4649,30.1999],[-98.4667,30.1978],[-98.4626,30.1987],[-98.457,30.1964],[-98.4666,30.1928],[-98.471,30.1947],[-98.4691,30.1917],[-98.4726,30.1901],[-98.4742,30.1918],[-98.4749,30.1882],[-98.472,30.1883],[-98.4708,30.186],[-98.4701,30.1895],[-98.4649,30.1904],[-98.4637,30.1874],[-98.4651,30.1846],[-98.4609,30.1909],[-98.4578,30.1907],[-98.4582,30.1885],[-98.4556,30.1873],[-98.4548,30.19],[-98.4523,30.1887],[-98.4507,30.1957],[-98.4471,30.1947],[-98.4476,30.1905],[-98.4438,30.1977],[-98.4429,30.193],[-98.4447,30.19],[-98.4405,30.1917],[-98.4388,30.1957],[-98.4362,30.1966],[-98.4353,30.1953],[-98.439,30.1918],[-98.4346,30.1925],[-98.4341,30.1911],[-98.4394,30.1891],[-98.4385,30.1872],[-98.4431,30.1869],[-98.4423,30.1843],[-98.4388,30.1839],[-98.4393,30.1797],[-98.4477,30.1865],[-98.4492,30.1846],[-98.4466,30.1827],[-98.4469,30.1805],[-98.4522,30.1832],[-98.453,30.1813],[-98.4561,30.1812],[-98.4591,30.1838],[-98.4589,30.1816],[-98.4643,30.1783],[-98.4686,30.1793],[-98.4665,30.1773],[-98.4685,30.1758],[-98.4577,30.1787],[-98.4536,30.1776],[-98.4644,30.1727],[-98.4673,30.1732],[-98.4664,30.1694],[-98.4722,30.1671],[-98.4697,30.1668],[-98.4686,30.1646],[-98.4677,30.1663],[-98.4637,30.1668],[-98.4618,30.1699],[-98.458,30.1693],[-98.4574,30.1717],[-98.4499,30.1749],[-98.4444,30.1741],[-98.4408,30.1715],[-98.4465,30.172],[-98.4468,30.17],[-98.4486,30.1712],[-98.4519,30.1701],[-98.4469,30.1674],[-98.4476,30.1655],[-98.4576,30.1661],[-98.4568,30.1649],[-98.4593,30.1631],[-98.4531,30.163],[-98.46,30.1574],[-98.4522,30.159],[-98.451,30.1611],[-98.4442,30.163],[-98.4461,30.1583],[-98.4518,30.1539],[-98.4496,30.1537],[-98.4432,30.1565],[-98.4362,30.1665],[-98.4381,30.162],[-98.4358,30.1599],[-98.4386,30.1599],[-98.4411,30.156],[-98.438,30.1572],[-98.4371,30.1528],[-98.4351,30.1528],[-98.4345,30.1567],[-98.4314,30.1552],[-98.4318,30.1589],[-98.4295,30.1572],[-98.4294,30.1614],[-98.4264,30.1622],[-98.4248,30.1602],[-98.4265,30.1585],[-98.4212,30.1584],[-98.4258,30.1565],[-98.4278,30.1523],[-98.4211,30.1537],[-98.416,30.158],[-98.4176,30.1598],[-98.4166,30.1621],[-98.4198,30.1614],[-98.4213,30.1654],[-98.4192,30.1684],[-98.4192,30.1654],[-98.4165,30.1645],[-98.4156,30.1675],[-98.4124,30.1668],[-98.4114,30.1699],[-98.4145,30.1715],[-98.4121,30.1764],[-98.4093,30.1723],[-98.4061,30.1755],[-98.4036,30.1733],[-98.3974,30.1765],[-98.4005,30.1737],[-98.3996,30.1722],[-98.402,30.1718],[-98.406,30.1669],[-98.4023,30.166],[-98.4123,30.1636],[-98.4131,30.1612],[-98.4081,30.161],[-98.4125,30.1588],[-98.412,30.1574],[-98.405,30.1594],[-98.4028,30.1566],[-98.4071,30.1562],[-98.4058,30.155],[-98.4075,30.1529],[-98.4102,30.1544],[-98.4125,30.1516],[-98.4153,30.1557],[-98.4169,30.1528],[-98.415,30.1505],[-98.4194,30.1521],[-98.42,30.1502],[-98.418,30.1485],[-98.4216,30.1474],[-98.4232,30.1491],[-98.4234,30.1475],[-98.4269,30.1474],[-98.4197,30.1453],[-98.4184,30.1429],[-98.4163,30.1463],[-98.415,30.1465],[-98.4148,30.1433],[-98.4114,30.1467],[-98.4081,30.1459],[-98.4095,30.1441],[-98.4058,30.1415],[-98.4089,30.1422],[-98.4125,30.1399],[-98.4157,30.1408],[-98.4143,30.1398],[-98.4157,30.1383],[-98.4111,30.1372],[-98.4115,30.1352],[-98.4176,30.1343],[-98.4202,30.1361],[-98.419,30.1388],[-98.4208,30.143],[-98.4232,30.1425],[-98.4236,30.1447],[-98.4286,30.1448],[-98.4313,30.1473],[-98.4342,30.1449],[-98.436,30.1502],[-98.4394,30.1497],[-98.4393,30.1515],[-98.4441,30.154],[-98.447,30.1506],[-98.4424,30.1467],[-98.4432,30.1457],[-98.4489,30.1486],[-98.4492,30.1455],[-98.4552,30.1503],[-98.4573,30.1482],[-98.4585,30.1501],[-98.4657,30.1506],[-98.4654,30.1557],[-98.47,30.1554],[-98.4686,30.1578],[-98.4699,30.1591],[-98.4776,30.1576],[-98.4764,30.1604],[-98.4782,30.1625],[-98.4807,30.1605],[-98.4818,30.1642],[-98.4856,30.1583],[-98.4871,30.1622],[-98.4917,30.164],[-98.4887,30.158],[-98.4924,30.1574],[-98.4941,30.1592],[-98.4953,30.1569],[-98.4856,30.1549],[-98.4835,30.1523],[-98.487,30.1499],[-98.489,30.1535],[-98.4915,30.1533],[-98.4919,30.1502],[-98.4944,30.1513],[-98.4954,30.1478],[-98.498,30.1481],[-98.4997,30.1457],[-98.5018,30.1473],[-98.4975,30.1505],[-98.501,30.1528],[-98.499,30.1549],[-98.5007,30.1567],[-98.4987,30.1633],[-98.5011,30.1632],[-98.5019,30.1598],[-98.5056,30.1561],[-98.5106,30.1599],[-98.5073,30.1622],[-98.5122,30.1637],[-98.5146,30.1632],[-98.5127,30.1611],[-98.515,30.1599],[-98.5117,30.1535],[-98.5172,30.1599],[-98.5184,30.1559],[-98.5221,30.1602],[-98.5248,30.1608],[-98.5265,30.1592],[-98.5231,30.1558],[-98.5274,30.1555],[-98.5241,30.1534],[-98.5268,30.1508],[-98.5222,30.1516],[-98.522,30.15],[-98.5192,30.1525],[-98.5189,30.1493],[-98.5138,30.1481],[-98.5162,30.1441],[-98.5205,30.148],[-98.5254,30.1481],[-98.5279,30.1475],[-98.5223,30.1455],[-98.5223,30.1438],[-98.5298,30.1449],[-98.5312,30.1423],[-98.5332,30.1426],[-98.5344,30.1486],[-98.5316,30.1496],[-98.5369,30.1515],[-98.539,30.149],[-98.5409,30.1519],[-98.5427,30.1512],[-98.5451,30.153],[-98.5408,30.145],[-98.5476,30.1494],[-98.5521,30.1479],[-98.5534,30.1507],[-98.5535,30.1486],[-98.5575,30.1474],[-98.5534,30.146],[-98.553,30.143],[-98.5515,30.1445],[-98.5471,30.1428],[-98.548,30.1401],[-98.5521,30.1385],[-98.542,30.138],[-98.5434,30.1371],[-98.5423,30.1347],[-98.5449,30.135],[-98.5455,30.1317],[-98.5427,30.1291],[-98.5367,30.1277],[-98.5401,30.1241],[-98.5415,30.1266],[-98.5452,30.1256],[-98.5453,30.1237],[-98.5482,30.1251],[-98.5464,30.1286],[-98.5484,30.1333],[-98.551,30.1314],[-98.554,30.1333],[-98.5555,30.1325],[-98.555,30.1359],[-98.5617,30.1337],[-98.5579,30.14],[-98.5617,30.1386],[-98.5628,30.1426],[-98.5676,30.1351],[-98.5705,30.1406],[-98.5721,30.141],[-98.5736,30.1377],[-98.5774,30.1405],[-98.5748,30.1336],[-98.5716,30.1325],[-98.5722,30.1307],[-98.5671,30.1273],[-98.5697,30.1254],[-98.5792,30.1345],[-98.5784,30.1284],[-98.5765,30.127],[-98.5781,30.1239],[-98.5761,30.1249],[-98.5759,30.1222],[-98.573,30.1232],[-98.5735,30.1195],[-98.5786,30.1204],[-98.5799,30.1233],[-98.5821,30.1233],[-98.5826,30.1262],[-98.5803,30.1278],[-98.583,30.1316],[-98.5829,30.1289],[-98.5848,30.1295],[-98.5865,30.1277],[-98.5873,30.1242],[-98.5899,30.1234],[-98.592,30.1287],[-98.5927,30.1233],[-98.595,30.1225],[-98.6017,30.137],[-98.6022,30.1348],[-98.605,30.1346],[-98.6033,30.1312],[-98.6088,30.1321],[-98.6019,30.1279],[-98.6021,30.1253],[-98.6064,30.1257],[-98.6042,30.1234],[-98.6124,30.1283],[-98.6172,30.128],[-98.6118,30.125],[-98.6097,30.1216],[-98.6166,30.1243],[-98.6168,30.1214],[-98.6088,30.1163],[-98.6148,30.1192],[-98.6179,30.1187],[-98.6148,30.116],[-98.6163,30.1138],[-98.6233,30.1154],[-98.6206,30.1204],[-98.6226,30.1215],[-98.622,30.1241],[-98.6274,30.1203],[-98.6289,30.1247],[-98.6247,30.1278],[-98.6302,30.1266],[-98.632,30.1291],[-98.6304,30.1317],[-98.6345,30.1313],[-98.6328,30.1262],[-98.6349,30.1242],[-98.6347,30.1185],[-98.6386,30.1164],[-98.6376,30.1202],[-98.6395,30.1225],[-98.6432,30.1199],[-98.6464,30.122],[-98.6438,30.1261],[-98.648,30.1255],[-98.6458,30.1288],[-98.6477,30.1288],[-98.6483,30.1318],[-98.6494,30.1304],[-98.6515,30.1311],[-98.6514,30.1229],[-98.646,30.1149],[-98.6541,30.1161],[-98.6583,30.1276],[-98.6579,30.1225],[-98.6633,30.1239],[-98.6607,30.1188],[-98.6685,30.1199],[-98.6598,30.1159],[-98.6594,30.1134],[-98.6626,30.1136],[-98.6622,30.1099],[-98.6658,30.1155],[-98.6717,30.1168],[-98.6731,30.115],[-98.6755,30.1192],[-98.6752,30.1137],[-98.6854,30.1101],[-98.6887,30.1117],[-98.6887,30.1094],[-98.684,30.1079],[-98.6843,30.1027],[-98.6803,30.1063],[-98.6757,30.1065],[-98.6734,30.1088],[-98.667,30.107],[-98.6676,30.1044],[-98.6705,30.1045],[-98.6702,30.1017],[-98.6761,30.1028],[-98.6723,30.0982],[-98.6785,30.0963],[-98.6763,30.0942],[-98.6779,30.0887],[-98.6765,30.0861],[-98.6762,30.0887],[-98.6697,30.0892],[-98.6706,30.0924],[-98.668,30.0938],[-98.6674,30.097],[-98.6657,30.0948],[-98.664,30.1006],[-98.6598,30.0925],[-98.66,30.0865],[-98.6581,30.09],[-98.6562,30.0901],[-98.6599,30.0962],[-98.6606,30.1045],[-98.6552,30.1039],[-98.6522,30.1049],[-98.6524,30.1069],[-98.6468,30.1065],[-98.6482,30.0988],[-98.6508,30.0963],[-98.6501,30.0949],[-98.6469,30.0967],[-98.6452,30.0941],[-98.6449,30.0992],[-98.6426,30.0982],[-98.6408,30.1009],[-98.6432,30.1015],[-98.6422,30.1034],[-98.6396,30.1023],[-98.6383,30.1047],[-98.6364,30.1019],[-98.6341,30.1041],[-98.6269,30.1043],[-98.6271,30.096],[-98.63,30.096],[-98.6293,30.0926],[-98.6318,30.0919],[-98.6338,30.0876],[-98.6401,30.0869],[-98.6428,30.0838],[-98.6419,30.0814],[-98.6491,30.0731],[-98.6458,30.074],[-98.6435,30.0724],[-98.6376,30.0833],[-98.6365,30.0815],[-98.6335,30.0824],[-98.6336,30.0844],[-98.6279,30.0878],[-98.6258,30.0847],[-98.6256,30.0879],[-98.6235,30.0882],[-98.625,30.0926],[-98.6222,30.0983],[-98.6186,30.1],[-98.6147,30.0995],[-98.614,30.0971],[-98.6193,30.0959],[-98.6169,30.0929],[-98.6196,30.0907],[-98.6179,30.0894],[-98.6134,30.0917],[-98.6123,30.0897],[-98.6174,30.0866],[-98.6171,30.0842],[-98.6199,30.0853],[-98.62,30.0834],[-98.6226,30.083],[-98.6197,30.0783],[-98.6261,30.0769],[-98.6242,30.0747],[-98.6289,30.0735],[-98.6293,30.0714],[-98.6341,30.0741],[-98.635,30.0729],[-98.6325,30.071],[-98.6359,30.0654],[-98.6362,30.0609],[-98.6339,30.0598],[-98.6324,30.0642],[-98.6286,30.067],[-98.6242,30.0665],[-98.6232,30.0693],[-98.6203,30.0708],[-98.6187,30.0697],[-98.6194,30.063],[-98.6248,30.0598],[-98.6198,30.059],[-98.6244,30.055],[-98.6202,30.0568],[-98.6192,30.0557],[-98.6225,30.0508],[-98.6222,30.0468],[-98.6175,30.0541],[-98.6125,30.0518],[-98.614,30.056],[-98.6163,30.0569],[-98.6149,30.0597],[-98.6107,30.0598],[-98.612,30.0623],[-98.6142,30.0622],[-98.6124,30.0654],[-98.6085,30.0668],[-98.6135,30.0704],[-98.6137,30.0735],[-98.6091,30.0736],[-98.609,30.0764],[-98.6119,30.077],[-98.6083,30.0789],[-98.605,30.0847],[-98.6034,30.0792],[-98.6018,30.084],[-98.6033,30.088],[-98.6003,30.094],[-98.5953,30.0915],[-98.5992,30.0883],[-98.5973,30.0866],[-98.6011,30.0748],[-98.5986,30.0765],[-98.5972,30.0745],[-98.5962,30.0815],[-98.5925,30.0804],[-98.5938,30.084],[-98.5847,30.0878],[-98.5828,30.0874],[-98.5873,30.0837],[-98.5865,30.0815],[-98.5901,30.0777],[-98.5882,30.0758],[-98.5857,30.0781],[-98.5829,30.0764],[-98.5856,30.0724],[-98.5839,30.07],[-98.5877,30.0703],[-98.5917,30.0674],[-98.5856,30.068],[-98.5852,30.0663],[-98.5948,30.0629],[-98.6007,30.0553],[-98.6035,30.0547],[-98.6043,30.0562],[-98.6074,30.0545],[-98.6063,30.0528],[-98.6016,30.0529],[-98.605,30.0445],[-98.6001,30.0475],[-98.5985,30.053],[-98.5941,30.0502],[-98.5959,30.0549],[-98.5941,30.0579],[-98.5905,30.0563],[-98.5902,30.0601],[-98.5843,30.0601],[-98.5815,30.0633],[-98.5806,30.0612],[-98.5785,30.064],[-98.577,30.0593],[-98.5857,30.0574],[-98.5806,30.0561],[-98.5756,30.0575],[-98.5743,30.0547],[-98.5762,30.0525],[-98.584,30.0518],[-98.5846,30.0492],[-98.5773,30.0509],[-98.5751,30.0495],[-98.5722,30.0516],[-98.5707,30.0489],[-98.5738,30.0448],[-98.5713,30.0454],[-98.5696,30.0437],[-98.5688,30.0488],[-98.5724,30.0621],[-98.5705,30.0653],[-98.5731,30.0668],[-98.573,30.0697],[-98.5773,30.069],[-98.5745,30.0785],[-98.5706,30.0804],[-98.5732,30.0743],[-98.5665,30.0776],[-98.5678,30.0674],[-98.5639,30.0734],[-98.5607,30.071],[-98.5598,30.0734],[-98.5673,30.0845],[-98.5646,30.0846],[-98.5606,30.0814],[-98.5602,30.0767],[-98.556,30.0786],[-98.5568,30.0739],[-98.5541,30.0774],[-98.5525,30.0751],[-98.5503,30.0777],[-98.5477,30.0778],[-98.5504,30.0731],[-98.5482,30.0689],[-98.5549,30.07],[-98.5541,30.0669],[-98.5588,30.0672],[-98.5598,30.0652],[-98.5629,30.0647],[-98.5601,30.0602],[-98.563,30.0602],[-98.5659,30.063],[-98.5683,30.0596],[-98.5636,30.0579],[-98.5677,30.0549],[-98.5668,30.052],[-98.5651,30.0549],[-98.5627,30.0537],[-98.5611,30.0569],[-98.5569,30.058],[-98.5582,30.0525],[-98.5625,30.0514],[-98.5623,30.0497],[-98.5602,30.0506],[-98.5594,30.0494],[-98.5639,30.0465],[-98.5626,30.0444],[-98.5578,30.0466],[-98.5555,30.0448],[-98.556,30.0498],[-98.5521,30.0522],[-98.5537,30.056],[-98.5522,30.0582],[-98.5486,30.0565],[-98.5492,30.0534],[-98.5448,30.059],[-98.5384,30.0584],[-98.5433,30.0541],[-98.5428,30.0512],[-98.5523,30.0482],[-98.5522,30.0435],[-98.5499,30.0461],[-98.5463,30.0453],[-98.5459,30.0437],[-98.5421,30.0447],[-98.5427,30.0398],[-98.5475,30.0412],[-98.5503,30.038],[-98.5543,30.0408],[-98.5538,30.0375],[-98.5625,30.0358],[-98.5536,30.0337],[-98.5555,30.0299],[-98.5596,30.0281],[-98.5597,30.0243],[-98.5573,30.0268],[-98.5549,30.0265],[-98.5534,30.0305],[-98.5497,30.0283],[-98.551,30.0253],[-98.5466,30.0247],[-98.5463,30.0268],[-98.5437,30.0252],[-98.5497,30.0314],[-98.5472,30.0338],[-98.5457,30.0314],[-98.5421,30.0304],[-98.5394,30.0245],[-98.5368,30.0246],[-98.5354,30.0278],[-98.5379,30.0324],[-98.5335,30.033],[-98.5376,30.0352],[-98.535,30.0367],[-98.5303,30.0353],[-98.5353,30.0408],[-98.5311,30.0419],[-98.5322,30.0445],[-98.5308,30.0475],[-98.5283,30.0478],[-98.5262,30.0455],[-98.5286,30.0433],[-98.5264,30.042],[-98.5274,30.0377],[-98.5238,30.038],[-98.5205,30.048],[-98.5186,30.0497],[-98.5181,30.0476],[-98.5155,30.0485],[-98.5147,30.0519],[-98.5164,30.0545],[-98.5126,30.0532],[-98.5106,30.0553],[-98.5127,30.057],[-98.5096,30.0593],[-98.5075,30.0586],[-98.5098,30.0624],[-98.5086,30.0651],[-98.5131,30.0645],[-98.5091,30.069],[-98.5098,30.0718],[-98.5128,30.0711],[-98.5124,30.0753],[-98.507,30.0753],[-98.5049,30.0794],[-98.5003,30.0778],[-98.5021,30.0757],[-98.5006,30.0739],[-98.505,30.0742],[-98.5046,30.0715],[-98.4989,30.0699],[-98.4936,30.0738],[-98.4917,30.0695],[-98.4975,30.0686],[-98.4977,30.0655],[-98.5057,30.0691],[-98.5053,30.0661],[-98.503,30.0657],[-98.5045,30.0588],[-98.5004,30.0574],[-98.5043,30.0557],[-98.5017,30.054],[-98.4962,30.0574],[-98.4941,30.0562],[-98.4977,30.0505],[-98.5001,30.0514],[-98.5035,30.0496],[-98.5088,30.0521],[-98.5104,30.0511],[-98.5066,30.0451],[-98.5098,30.0448],[-98.513,30.047],[-98.5175,30.045],[-98.5129,30.0448],[-98.5149,30.0406],[-98.5103,30.0387],[-98.5183,30.0385],[-98.5124,30.0357],[-98.5164,30.0346],[-98.5155,30.0335],[-98.5112,30.0331],[-98.5053,30.0352],[-98.5048,30.0321],[-98.5114,30.0298],[-98.509,30.0261],[-98.5101,30.0241],[-98.5142,30.0293],[-98.5171,30.0297],[-98.5177,30.0322],[-98.5211,30.0319],[-98.5267,30.0346],[-98.5265,30.0304],[-98.5215,30.0278],[-98.5242,30.0278],[-98.525,30.0254],[-98.5279,30.0267],[-98.5301,30.0239],[-98.523,30.0229],[-98.5174,30.0248],[-98.5169,30.0236],[-98.5208,30.0221],[-98.5181,30.0212],[-98.519,30.0185],[-98.5144,30.0166],[-98.5178,30.0154],[-98.5218,30.0189],[-98.5231,30.0176],[-98.5276,30.0195],[-98.5257,30.0171],[-98.5266,30.0146],[-98.5238,30.0149],[-98.5224,30.0119],[-98.5278,30.0099],[-98.5315,30.0134],[-98.5347,30.0205],[-98.5344,30.0166],[-98.5366,30.0151],[-98.5333,30.0135],[-98.5344,30.0118],[-98.5326,30.0092],[-98.5426,30.0102],[-98.5369,30.0068],[-98.5372,30.0047],[-98.5497,30.0094],[-98.5477,30.0172],[-98.5495,30.0181],[-98.5522,30.0161],[-98.5548,30.0168],[-98.5557,30.0139],[-98.5618,30.0163],[-98.5628,30.0133],[-98.5602,30.0103],[-98.5621,30.0092],[-98.5677,30.014],[-98.565,30.0154],[-98.5666,30.0218],[-98.5635,30.0217],[-98.5627,30.0242],[-98.5651,30.0301],[-98.5691,30.03],[-98.57,30.0335],[-98.5727,30.0324],[-98.5751,30.0346],[-98.5752,30.0381],[-98.5803,30.0318],[-98.5794,30.0391],[-98.5833,30.0384],[-98.5845,30.0364],[-98.5875,30.0397],[-98.5826,30.0412],[-98.5849,30.0433],[-98.5868,30.0418],[-98.5884,30.0442],[-98.5891,30.0397],[-98.5928,30.0402],[-98.5944,30.0418],[-98.5921,30.0428],[-98.5932,30.0451],[-98.5971,30.0439],[-98.5987,30.0421],[-98.5972,30.0391],[-98.6019,30.0382],[-98.602,30.0366],[-98.5989,30.0368],[-98.6006,30.0339],[-98.5963,30.0368],[-98.5915,30.0361],[-98.5913,30.0348],[-98.5975,30.0321],[-98.5897,30.032],[-98.5881,30.0282],[-98.5926,30.026],[-98.5919,30.0302],[-98.6006,30.0288],[-98.6029,30.0327],[-98.6032,30.0301],[-98.6058,30.0302],[-98.6054,30.0277],[-98.6083,30.0275],[-98.6064,30.0254],[-98.6041,30.0268],[-98.6026,30.0257],[-98.6105,30.0165],[-98.6138,30.0173],[-98.6154,30.0205],[-98.6089,30.0228],[-98.6114,30.0265],[-98.6152,30.0256],[-98.6162,30.0273],[-98.6106,30.0298],[-98.6083,30.0346],[-98.6132,30.0313],[-98.6159,30.0331],[-98.619,30.0318],[-98.6184,30.0295],[-98.6217,30.0292],[-98.6199,30.0276],[-98.6237,30.0248],[-98.6253,30.0289],[-98.6209,30.0353],[-98.6246,30.0367],[-98.6258,30.033],[-98.63,30.0298],[-98.6302,30.0351],[-98.6323,30.0349],[-98.6347,30.028],[-98.6389,30.0265],[-98.6356,30.0238],[-98.6409,30.0235],[-98.6393,30.0208],[-98.6414,30.0188],[-98.6366,30.0184],[-98.6365,30.0158],[-98.6398,30.0165],[-98.6407,30.0138],[-98.6437,30.0145],[-98.644,30.0163],[-98.6496,30.0185],[-98.6496,30.0207],[-98.653,30.019],[-98.6528,30.0156],[-98.6495,30.0141],[-98.6562,30.0132],[-98.6649,30.0195],[-98.6646,30.0231],[-98.6554,30.0165],[-98.6564,30.0238],[-98.6493,30.0293],[-98.6484,30.0276],[-98.6514,30.0239],[-98.6488,30.0248],[-98.6436,30.0203],[-98.643,30.0221],[-98.6459,30.0267],[-98.645,30.0277],[-98.6422,30.0253],[-98.6427,30.0304],[-98.6383,30.0291],[-98.6373,30.0335],[-98.645,30.0343],[-98.6376,30.039],[-98.6385,30.0436],[-98.6335,30.0437],[-98.6314,30.0386],[-98.6311,30.0439],[-98.627,30.0448],[-98.6274,30.0471],[-98.6336,30.0457],[-98.6327,30.048],[-98.6357,30.05],[-98.6388,30.0473],[-98.6393,30.0538],[-98.6436,30.0496],[-98.6415,30.0457],[-98.6444,30.043],[-98.6466,30.0477],[-98.6475,30.0458],[-98.6499,30.0468],[-98.6549,30.0443],[-98.6538,30.0498],[-98.6478,30.0514],[-98.6527,30.0534],[-98.65,30.0549],[-98.6442,30.0546],[-98.6507,30.0597],[-98.6535,30.0567],[-98.6543,30.0632],[-98.6558,30.059],[-98.6583,30.0581],[-98.6551,30.0561],[-98.6576,30.0523],[-98.6593,30.0523],[-98.6613,30.0556],[-98.6621,30.0514],[-98.6683,30.0505],[-98.6649,30.0588],[-98.6604,30.0588],[-98.6593,30.0611],[-98.6621,30.062],[-98.6587,30.0675],[-98.6623,30.0672],[-98.6623,30.0696],[-98.6654,30.069],[-98.6631,30.0644],[-98.6652,30.0644],[-98.6668,30.062],[-98.6695,30.0639],[-98.6672,30.0664],[-98.6706,30.0676],[-98.6708,30.073],[-98.6741,30.074],[-98.673,30.0695],[-98.6745,30.0683],[-98.676,30.0714],[-98.6791,30.0718],[-98.6796,30.0746],[-98.6827,30.0695],[-98.6822,30.0736],[-98.686,30.0722],[-98.6873,30.0754],[-98.6891,30.0721],[-98.6854,30.069],[-98.6875,30.0686],[-98.6872,30.0647],[-98.6891,30.0634],[-98.6929,30.0708],[-98.6923,30.0741],[-98.6872,30.0786],[-98.6914,30.0781],[-98.691,30.0817],[-98.6942,30.0765],[-98.6962,30.0767],[-98.6982,30.082],[-98.7008,30.0767],[-98.7053,30.0767],[-98.6999,30.0736],[-98.6995,30.0683],[-98.7055,30.0709],[-98.7057,30.073],[-98.7101,30.0725],[-98.7088,30.0685],[-98.7055,30.0681],[-98.7063,30.066],[-98.7032,30.0641],[-98.7041,30.0621],[-98.7019,30.0598],[-98.7066,30.0584],[-98.7086,30.0602],[-98.7071,30.0626],[-98.7134,30.0606],[-98.7136,30.0636],[-98.7097,30.0656],[-98.7167,30.0668],[-98.7138,30.0717],[-98.7191,30.0734],[-98.7162,30.0736],[-98.7149,30.0775],[-98.7222,30.078],[-98.7171,30.0806],[-98.7112,30.077],[-98.708,30.0812],[-98.7132,30.0811],[-98.7142,30.0841],[-98.7124,30.0859],[-98.7105,30.0841],[-98.7066,30.0845],[-98.7059,30.0856],[-98.709,30.0864],[-98.7078,30.0877],[-98.7029,30.0886],[-98.7057,30.09],[-98.7052,30.092],[-98.7088,30.09],[-98.7104,30.092],[-98.7113,30.0897],[-98.718,30.0872],[-98.7163,30.0927],[-98.713,30.0945],[-98.7135,30.0956],[-98.7166,30.094],[-98.7184,30.0992],[-98.7217,30.1014],[-98.7194,30.0928],[-98.7202,30.0861],[-98.7225,30.0852],[-98.7238,30.0866],[-98.7228,30.0924],[-98.7254,30.0901],[-98.7297,30.0916],[-98.727,30.098],[-98.7305,30.0951],[-98.7322,30.0962],[-98.7318,30.1013],[-98.7293,30.1024],[-98.7323,30.1051],[-98.7343,30.1055],[-98.7339,30.1022],[-98.7366,30.1018],[-98.7395,30.1045],[-98.7364,30.0964],[-98.7384,30.0936],[-98.7391,30.0966],[-98.7426,30.096],[-98.7456,30.1037],[-98.7458,30.0963],[-98.7389,30.0881],[-98.7421,30.0878],[-98.7489,30.094],[-98.7498,30.1],[-98.7519,30.094],[-98.7536,30.0951],[-98.7535,30.0995],[-98.7558,30.0995],[-98.756,30.0976],[-98.7589,30.0968],[-98.7541,30.0917],[-98.7565,30.0899],[-98.7502,30.0853],[-98.7519,30.0823],[-98.7557,30.0839],[-98.7547,30.086],[-98.7621,30.093],[-98.7625,30.0906],[-98.765,30.0908],[-98.763,30.1032],[-98.7654,30.0982],[-98.7673,30.0993],[-98.7696,30.0973],[-98.7707,30.1038],[-98.7748,30.1055],[-98.7711,30.0918],[-98.7731,30.0912],[-98.7777,30.0961],[-98.7789,30.1024],[-98.7808,30.0983],[-98.7857,30.0997],[-98.7822,30.0957],[-98.7828,30.0916],[-98.7779,30.0914],[-98.7832,30.0876],[-98.7787,30.0858],[-98.7772,30.0875],[-98.7731,30.0878],[-98.7741,30.0832],[-98.7782,30.0843],[-98.7764,30.0792],[-98.7739,30.0796],[-98.7725,30.0775],[-98.7701,30.0792],[-98.7677,30.0725],[-98.7657,30.0732],[-98.7615,30.0705],[-98.7587,30.0657],[-98.7615,30.0641],[-98.765,30.0704],[-98.7648,30.0659],[-98.767,30.0657],[-98.7712,30.0688],[-98.77,30.0702],[-98.7725,30.0706],[-98.7716,30.0727],[-98.7736,30.0746],[-98.7807,30.0786],[-98.7741,30.0715],[-98.7774,30.0682],[-98.7764,30.0662],[-98.7708,30.0648],[-98.7719,30.0623],[-98.7679,30.0609],[-98.7742,30.0612],[-98.7693,30.0574],[-98.7733,30.0567],[-98.7723,30.0548],[-98.7758,30.0529],[-98.7776,30.0535],[-98.777,30.0585],[-98.7798,30.0635],[-98.7817,30.0603],[-98.7799,30.0591],[-98.7805,30.0547],[-98.7877,30.0592],[-98.7842,30.0523],[-98.7869,30.0519],[-98.79,30.0483],[-98.7809,30.0499],[-98.7797,30.0485],[-98.7815,30.0448],[-98.7899,30.0452],[-98.7828,30.0411],[-98.7917,30.0393],[-98.7869,30.0376],[-98.7813,30.0387],[-98.7838,30.0361],[-98.7819,30.0341],[-98.7768,30.0381],[-98.7761,30.0355],[-98.7821,30.0313],[-98.7809,30.0258],[-98.7848,30.0254],[-98.7832,30.0224],[-98.7776,30.0215],[-98.7836,30.0153],[-98.7847,30.0164],[-98.7828,30.019],[-98.7869,30.0218],[-98.7875,30.0178],[-98.7921,30.0199],[-98.792,30.0168],[-98.7937,30.0158],[-98.7972,30.0234],[-98.7944,30.026],[-98.7931,30.0232],[-98.7896,30.0242],[-98.7882,30.0278],[-98.7904,30.03],[-98.7858,30.0302],[-98.7854,30.0338],[-98.7928,30.036],[-98.7917,30.0332],[-98.7997,30.0297],[-98.7957,30.0349],[-98.7997,30.0392],[-98.7983,30.0424],[-98.8009,30.0428],[-98.8034,30.0385],[-98.8057,30.0396],[-98.8062,30.0444],[-98.8035,30.0453],[-98.8028,30.0479],[-98.7986,30.0467],[-98.8018,30.0507],[-98.8004,30.0524],[-98.8015,30.0542],[-98.8058,30.0541],[-98.8045,30.0567],[-98.7996,30.0573],[-98.7956,30.0545],[-98.7944,30.0508],[-98.7929,30.0539],[-98.7973,30.0602],[-98.794,30.0608],[-98.795,30.0633],[-98.7935,30.0643],[-98.7877,30.0632],[-98.789,30.066],[-98.7866,30.0673],[-98.7882,30.0688],[-98.7932,30.0657],[-98.796,30.0678],[-98.7971,30.0646],[-98.8007,30.0636],[-98.8043,30.0655],[-98.8071,30.0647],[-98.8078,30.0678],[-98.8123,30.068],[-98.8092,30.0725],[-98.8058,30.0705],[-98.8036,30.0718],[-98.801,30.0707],[-98.801,30.0745],[-98.7978,30.0741],[-98.7966,30.0766],[-98.7936,30.0766],[-98.7931,30.0792],[-98.7965,30.0787],[-98.7957,30.0843],[-98.8033,30.0751],[-98.8044,30.0779],[-98.8025,30.0838],[-98.8058,30.0788],[-98.8076,30.0797],[-98.8092,30.0782],[-98.8098,30.0798],[-98.8077,30.0836],[-98.8102,30.0864],[-98.8086,30.0875],[-98.8048,30.0863],[-98.8065,30.0898],[-98.8028,30.0922],[-98.7993,30.0916],[-98.8005,30.0945],[-98.7967,30.0934],[-98.798,30.0962],[-98.7961,30.0988],[-98.7987,30.0991],[-98.8068,30.0949],[-98.8105,30.0989],[-98.8109,30.093],[-98.8126,30.0926],[-98.8146,30.0972],[-98.8157,30.0915],[-98.8178,30.0994],[-98.82,30.0971],[-98.8242,30.0988],[-98.8193,30.0926],[-98.824,30.0923],[-98.8211,30.0894],[-98.8204,30.0846],[-98.8225,30.0834],[-98.8264,30.0898],[-98.8271,30.0857],[-98.8302,30.0869],[-98.8294,30.0787],[-98.8308,30.0785],[-98.8351,30.0851],[-98.8282,30.0942],[-98.8321,30.0939],[-98.8307,30.0973],[-98.8321,30.1007],[-98.8338,30.0997],[-98.8329,30.097],[-98.8354,30.0982],[-98.8353,30.0932],[-98.8394,30.092],[-98.8414,30.0987],[-98.8397,30.1004],[-98.8426,30.104],[-98.8428,30.1007],[-98.8449,30.0995],[-98.8443,30.0905],[-98.8466,30.0916],[-98.848,30.0972],[-98.8511,30.0886],[-98.854,30.0968],[-98.8515,30.102],[-98.8557,30.1032],[-98.8565,30.0991],[-98.8617,30.1016],[-98.8636,30.1066],[-98.8633,30.1023],[-98.865,30.1005],[-98.8591,30.0966],[-98.8565,30.0926],[-98.861,30.0922],[-98.8577,30.0885],[-98.8627,30.0868],[-98.8649,30.0883],[-98.8664,30.0952],[-98.8677,30.0936],[-98.8703,30.0949],[-98.8697,30.0894],[-98.8771,30.0977],[-98.8769,30.1058],[-98.8784,30.1066],[-98.8764,30.1091],[-98.8792,30.1091],[-98.8808,30.1147],[-98.8829,30.1104],[-98.8801,30.1032],[-98.8842,30.1037],[-98.8851,30.1015],[-98.888,30.1012],[-98.8829,30.1],[-98.8792,30.0945],[-98.8798,30.0925],[-98.8833,30.0939],[-98.884,30.0917],[-98.8864,30.0918],[-98.8876,30.0957],[-98.8947,30.0993],[-98.8946,30.0966],[-98.8895,30.0921],[-98.8982,30.0917],[-98.9003,30.0958],[-98.9036,30.0957],[-98.9019,30.0907],[-98.9095,30.0879],[-98.9075,30.0869],[-98.8982,30.09],[-98.8984,30.081],[-98.8959,30.0865],[-98.8817,30.0868],[-98.8804,30.0851],[-98.8845,30.0845],[-98.8825,30.082],[-98.8873,30.0786],[-98.8884,30.0752],[-98.8759,30.0848],[-98.8717,30.0812],[-98.8777,30.0755],[-98.8716,30.0789],[-98.8692,30.0773],[-98.8687,30.0812],[-98.8668,30.0817],[-98.8643,30.0788],[-98.865,30.0742],[-98.8608,30.0764],[-98.8538,30.0716],[-98.8528,30.0688],[-98.8542,30.0675],[-98.8563,30.0695],[-98.8582,30.0689],[-98.8618,30.0728],[-98.8627,30.0686],[-98.8691,30.0714],[-98.876,30.0707],[-98.8764,30.0689],[-98.8712,30.0695],[-98.8658,30.0668],[-98.8793,30.0649],[-98.8764,30.0614],[-98.8705,30.0632],[-98.8728,30.0604],[-98.8666,30.0614],[-98.8642,30.0637],[-98.8585,30.063],[-98.865,30.0581],[-98.86,30.0577],[-98.8604,30.0565],[-98.8666,30.0552],[-98.8711,30.0568],[-98.8701,30.0528],[-98.8673,30.0533],[-98.8672,30.0511],[-98.8631,30.0529],[-98.864,30.0502],[-98.8609,30.0513],[-98.8605,30.0534],[-98.8581,30.0533],[-98.8584,30.0513],[-98.8561,30.0511],[-98.8534,30.0469],[-98.8631,30.0484],[-98.8639,30.0472],[-98.8607,30.0472],[-98.8598,30.0438],[-98.8663,30.0419],[-98.8632,30.039],[-98.858,30.0404],[-98.8581,30.0352],[-98.8621,30.0376],[-98.8648,30.0345],[-98.8619,30.0335],[-98.862,30.0308],[-98.8594,30.0292],[-98.8649,30.0283],[-98.8623,30.0237],[-98.8652,30.0248],[-98.8664,30.0234],[-98.8683,30.0261],[-98.8646,30.0309],[-98.8706,30.033],[-98.8679,30.0339],[-98.8654,30.0379],[-98.8689,30.0374],[-98.8692,30.0394],[-98.8729,30.0385],[-98.8689,30.0422],[-98.8751,30.0428],[-98.8743,30.0463],[-98.8706,30.0486],[-98.8737,30.0496],[-98.8729,30.0519],[-98.8757,30.0559],[-98.8778,30.0557],[-98.8767,30.0497],[-98.8817,30.0533],[-98.883,30.056],[-98.8815,30.0585],[-98.8848,30.0579],[-98.8873,30.0596],[-98.8871,30.0651],[-98.8896,30.0613],[-98.8944,30.0643],[-98.8932,30.0606],[-98.8889,30.0605],[-98.8885,30.056],[-98.8861,30.0545],[-98.8902,30.0513],[-98.8855,30.0508],[-98.8809,30.0459],[-98.888,30.0469],[-98.8819,30.0422],[-98.8832,30.0411],[-98.8905,30.0426],[-98.8897,30.039],[-98.8852,30.0386],[-98.8892,30.037],[-98.8874,30.0354],[-98.8829,30.0357],[-98.8823,30.0384],[-98.8776,30.0337],[-98.88,30.0326],[-98.8816,30.034],[-98.8856,30.0327],[-98.8874,30.0337],[-98.8901,30.0319],[-98.8896,30.0305],[-98.8818,30.0289],[-98.8883,30.0272],[-98.889,30.0251],[-98.885,30.0257],[-98.883,30.0222],[-98.8878,30.0185],[-98.8899,30.019],[-98.8917,30.0276],[-98.8949,30.0308],[-98.8932,30.0325],[-98.8938,30.038],[-98.897,30.0395],[-98.9002,30.038],[-98.8997,30.0414],[-98.8942,30.0399],[-98.8934,30.0422],[-98.8984,30.0499],[-98.8927,30.0494],[-98.8963,30.0508],[-98.8985,30.0563],[-98.9011,30.0553],[-98.9007,30.0524],[-98.9041,30.0514],[-98.9035,30.049],[-98.9072,30.0486],[-98.9076,30.0464],[-98.9104,30.0484],[-98.9056,30.053],[-98.9064,30.0552],[-98.902,30.0571],[-98.903,30.0599],[-98.9084,30.0601],[-98.9058,30.0631],[-98.9078,30.0644],[-98.9094,30.0714],[-98.9121,30.0675],[-98.9109,30.062],[-98.9146,30.0645],[-98.9129,30.057],[-98.9146,30.0552],[-98.9179,30.0636],[-98.9177,30.0673],[-98.9148,30.0699],[-98.9183,30.071],[-98.9182,30.0787],[-98.9214,30.0747],[-98.9239,30.0775],[-98.9257,30.0758],[-98.9295,30.077],[-98.9228,30.0716],[-98.9242,30.0693],[-98.922,30.0673],[-98.9227,30.0655],[-98.9272,30.0663],[-98.9288,30.0697],[-98.9294,30.0666],[-98.9315,30.0668],[-98.9334,30.0732],[-98.9352,30.0713],[-98.9382,30.0716],[-98.9344,30.0676],[-98.9369,30.0658],[-98.9243,30.0616],[-98.9249,30.0595],[-98.921,30.0567],[-98.9268,30.0573],[-98.9329,30.0612],[-98.9312,30.0569],[-98.9349,30.0572],[-98.9349,30.0556],[-98.9392,30.0547],[-98.938,30.0516],[-98.9353,30.0534],[-98.9328,30.0518],[-98.9295,30.0548],[-98.9287,30.0497],[-98.9212,30.05],[-98.9231,30.0475],[-98.9301,30.0474],[-98.9324,30.049],[-98.9314,30.0447],[-98.9289,30.0449],[-98.93,30.041],[-98.9267,30.041],[-98.929,30.0388],[-98.9237,30.0348],[-98.923,30.0405],[-98.9181,30.04],[-98.9173,30.0378],[-98.921,30.0385],[-98.9217,30.0355],[-98.9141,30.0314],[-98.9215,30.0306],[-98.9231,30.029],[-98.9239,30.0314],[-98.9286,30.0323],[-98.9317,30.037],[-98.9351,30.0353],[-98.9359,30.041],[-98.9338,30.0427],[-98.9364,30.0465],[-98.9433,30.0426],[-98.9447,30.0382],[-98.9434,30.0355],[-98.9455,30.0346],[-98.9442,30.0316],[-98.9458,30.0306],[-98.9484,30.0339],[-98.9476,30.0367],[-98.9511,30.0362],[-98.9523,30.0386],[-98.9472,30.0393],[-98.949,30.0415],[-98.9481,30.0437],[-98.9443,30.044],[-98.9455,30.048],[-98.9475,30.0468],[-98.9506,30.048],[-98.9471,30.0512],[-98.9428,30.05],[-98.9454,30.0558],[-98.9489,30.0532],[-98.9475,30.0578],[-98.9505,30.0571],[-98.9516,30.059],[-98.9543,30.0561],[-98.9533,30.0536],[-98.9562,30.0513],[-98.9606,30.0531],[-98.9566,30.0534],[-98.9568,30.0555],[-98.9597,30.0564],[-98.9557,30.0587],[-98.9552,30.0609],[-98.9507,30.0613],[-98.9451,30.0689],[-98.9488,30.0673],[-98.9484,30.0703],[-98.9505,30.0702],[-98.9518,30.0758],[-98.9537,30.0729],[-98.9516,30.0682],[-98.9542,30.0659],[-98.9573,30.0662],[-98.9598,30.0688],[-98.959,30.0738],[-98.9642,30.0718],[-98.9624,30.0689],[-98.965,30.0669],[-98.9642,30.0623],[-98.969,30.0619],[-98.97,30.0647],[-98.9718,30.0633],[-98.9719,30.0606],[-98.9668,30.0553],[-98.9677,30.0537],[-98.9748,30.0587],[-98.975,30.0539],[-98.9775,30.0519],[-98.9805,30.0555],[-98.9799,30.0587],[-98.9838,30.0571],[-98.9878,30.0587],[-98.988,30.0602],[-98.9793,30.0618],[-98.987,30.0638],[-98.9839,30.0652],[-98.9873,30.0681],[-98.9816,30.0672],[-98.9826,30.0692],[-98.981,30.0701],[-98.9779,30.0687],[-98.9763,30.0651],[-98.974,30.0671],[-98.9788,30.0737],[-98.9744,30.0759],[-98.9736,30.0786],[-98.9753,30.0798],[-98.9812,30.0739],[-98.9837,30.0751],[-98.9881,30.0735],[-98.9873,30.0789],[-98.9774,30.085],[-98.9784,30.086],[-98.9821,30.0836],[-98.984,30.0844],[-98.9866,30.0979],[-98.989,30.0973],[-98.9904,30.0991],[-98.9934,30.096],[-98.9873,30.0951],[-98.9868,30.087],[-98.9901,30.0876],[-98.9871,30.0849],[-98.9869,30.0812],[-98.9892,30.0795],[-98.9928,30.0806],[-98.9921,30.0728],[-98.9954,30.0722],[-98.9962,30.0662],[-98.9994,30.0674],[-98.9984,30.0724],[-99.0,30.0719],[-99.0,30.062],[-98.999,30.0615],[-99.0,30.0589],[-99.0,30.0329],[-98.9971,30.0329],[-98.9967,30.0298],[-98.9986,30.0289],[-99.0,30.0296],[-99.0,29.5823],[-98.9963,29.5835],[-98.9971,29.5793],[-98.9887,29.584],[-98.987,29.5756],[-98.9901,29.5776],[-98.9895,29.5718],[-98.9932,29.5755],[-98.9954,29.5738],[-98.993,29.5724],[-98.9932,29.5696],[-99.0,29.5729],[-99.0,29.5712],[-98.9957,29.5658],[-98.9897,29.5651],[-98.9908,29.5628],[-98.9973,29.5597],[-98.9991,29.5561],[-99.0,29.5579]],[[-98.0535,29.9958],[-98.0564,30.0008],[-98.0491,30.0004],[-98.0436,29.9979],[-98.0391,30.0003],[-98.0273,30.0006],[-98.0259,29.9978],[-98.028,29.9953],[-98.0251,29.9965],[-98.0234,29.9944],[-98.0174,29.9945],[-98.0139,29.9904],[-98.0165,29.9892],[-98.012,29.988],[-98.0163,29.9869],[-98.0229,29.9917],[-98.025,29.9909],[-98.0216,29.987],[-98.0272,29.9867],[-98.031,29.9939],[-98.0325,29.9886],[-98.0366,29.9923],[-98.036,29.9963],[-98.0449,29.9943],[-98.0497,29.9972],[-98.0512,29.995],[-98.0535,29.9958]],[[-97.7632,30.3303],[-97.7707,30.3271],[-97.7729,30.3282],[-97.7687,30.3318],[-97.7673,30.3312],[-97.7667,30.3339],[-97.764,30.3322],[-97.7632,30.3372],[-97.7592,30.3378],[-97.7632,30.3303]],[[-98.0729,30.0013],[-98.0694,30.0005],[-98.0712,29.9982],[-98.0674,29.9962],[-98.0681,29.9931],[-98.0748,29.9975],[-98.0729,30.0013]],[[-98.0676,30.0001],[-98.0608,30.0011],[-98.0629,29.9993],[-98.0588,29.9953],[-98.0604,29.9945],[-98.0676,30.0001]]],[[[-99.0,30.0893],[-99.0,30.0784],[-98.9997,30.0788],[-98.998,30.0843],[-99.0,30.0893]]],[[[-99.0,30.1498],[-99.0,30.1462],[-98.999,30.1496],[-99.0,30.1498]]]]}},
{"type":"Feature","properties":{"name":"Edwards (Balcones Fault Zone)"},"geometry":{"type":"Polygon","coordinates":[[[-97.595,31.0006],[-97.5998,30.9979],[-97.6056,30.9976],[-97.6109,30.9922],[-97.6135,30.9937],[-97.6106,30.9963],[-97.6113,30.9985],[-97.6195,30.9988],[-97.6217,30.9926],[-97.6288,30.9916],[-97.6289,30.988],[-97.6326,30.9896],[-97.6393,30.9796],[-97.6451,30.9812],[-97.6479,30.9755],[-97.6518,30.9768],[-97.6541,30.9737],[-97.6558,30.9761],[-97.6596,30.9762],[-97.6625,30.9723],[-97.6689,30.9696],[-97.6666,30.9778],[-97.67,30.9799],[-97.6735,30.9792],[-97.6796,30.9711],[-97.6749,30.9666],[-97.6805,30.9602],[-97.6807,30.9544],[-97.6887,30.9542],[-97.6939,30.9471],[-97.6981,30.9459],[-97.7002,30.9459],[-97.7,30.9486],[-97.7031,30.948],[-97.7027,30.9458],[-97.7081,30.9421],[-97.7016,30.9302],[-97.697,30.9287],[-97.7037,30.9285],[-97.7024,30.9232],[-97.6986,30.9211],[-97.6973,30.922],[-97.6969,30.9189],[-97.6992,30.9181],[-97.6968,30.9113],[-97.6994,30.9133],[-97.7019,30.911],[-97.704,30.9124],[-97.7063,30.9097],[-97.7143,30.9084],[-97.7114,30.9102],[-97.7146,30.9139],[-97.7091,30.9127],[-97.7023,30.9149],[-97.7051,30.9213],[-97.7074,30.9203],[-97.7062,30.9187],[-97.7077,30.9177],[-97.7173,30.9175],[-97.7138,30.9186],[-97.7144,30.9206],[-97.7212,30.9185],[-97.7251,30.9119],[-97.7397,30.9046],[-97.735,30.9098],[-97.746,30.9108],[-97.7512,30.9095],[-97.7521,30.9173],[-97.7585,30.914],[-97.7575,30.9077],[-97.7673,30.9134],[-97.7684,30.9106],[-97.7623,30.9055],[-97.7632,30.8993],[-97.7612,30.8956],[-97.7626,30.8925],[-97.7685,30.8902],[-97.7685,30.8852],[-97.7717,30.883],[-97.7702,30.8798],[-97.7737,30.8789],[-97.7751,30.8736],[-97.7788,30.8739],[-97.7815,30.872],[-97.7844,30.8745],[-97.7864,30.8712],[-97.7924,30.8684],[-97.7945,30.8713],[-97.7997,30.868],[-97.8019,30.8728],[-97.8063,30.8739],[-97.8049,30.8766],[-97.8124,30.8833],[-97.8122,30.8855],[-97.8026,30.8865],[-97.8029,30.8897],[-97.8124,30.8925],[-97.8166,30.8979],[-97.8209,30.8977],[-97.8242,30.8886],[-97.8271,30.8915],[-97.8315,30.8884],[-97.8344,30.8886],[-97.8314,30.8865],[-97.8308,30.8832],[-97.8332,30.8835],[-97.8351,30.875],[-97.8325,30.8658],[-97.8349,30.8658],[-97.8394,30.8599],[-97.8453,30.8616],[-97.8465,30.8651],[-97.8507,30.8599],[-97.8468,30.8552],[-97.8468,30.8501],[-97.8431,30.8486],[-97.844,30.8452],[-97.8368,30.8438],[-97.8349,30.8377],[-97.8311,30.8362],[-97.829,30.8324],[-97.8249,30.8339],[-97.8227,30.8294],[-97.8172,30.8308],[-97.8155,30.8282],[-97.8097,30.8278],[-97.8072,30.8228],[-97.8081,30.818],[-97.8043,30.8152],[-97.8045,30.8119],[-97.7951,30.8057],[-97.7953,30.801],[-97.7926,30.7996],[-97.787,30.7999],[-97.7872,30.803],[-97.7837,30.8045],[-97.7817,30.81],[-97.7879,30.8104],[-97.7939,30.8072],[-97.7935,30.8111],[-97.7998,30.8137],[-97.8021,30.8165],[-97.8004,30.8196],[-97.7934,30.8203],[-97.7939,30.8239],[-97.8006,30.8254],[-97.7952,30.8312],[-97.7971,30.834],[-97.8017,30.8344],[-97.8018,30.837],[-97.8085,30.8371],[-97.8068,30.8406],[-97.8083,30.8439],[-97.8148,30.847],[-97.8085,30.8485],[-97.8096,30.8534],[-97.8135,30.856],[-97.812,30.8575],[-97.8139,30.8611],[-97.8067,30.8589],[-97.8022,30.8478],[-97.7897,30.8359],[-97.7869,30.8349],[-97.7901,30.8424],[-97.7873,30.8453],[-97.7796,30.8411],[-97.7785,30.8388],[-97.7749,30.838],[-97.7764,30.8336],[-97.7746,30.8297],[-97.7703,30.828],[-97.7678,30.8302],[-97.7657,30.8236],[-97.7599,30.8214],[-97.7561,30.8241],[-97.7526,30.8228],[-97.7481,30.8243],[-97.7438,30.8208],[-97.7367,30.8214],[-97.7349,30.8228],[-97.7372,30.8261],[-97.7337,30.8273],[-97.7271,30.8237],[-97.726,30.8265],[-97.7279,30.8296],[-97.7221,30.8305],[-97.7219,30.8334],[-97.7174,30.8325],[-97.7145,30.8372],[-97.7046,30.8379],[-97.7125,30.8423],[-97.7191,30.8407],[-97.7206,30.8432],[-97.7314,30.8381],[-97.7369,30.8396],[-97.7424,30.8368],[-97.7439,30.8397],[-97.7525,30.8386],[-97.7516,30.8425],[-97.7585,30.8428],[-97.7516,30.8451],[-97.7344,30.8428],[-97.7317,30.8453],[-97.7351,30.8477],[-97.7436,30.8486],[-97.7469,30.8522],[-97.7537,30.8503],[-97.7615,30.8509],[-97.7648,30.8555],[-97.7713,30.8561],[-97.7682,30.859],[-97.7568,30.8555],[-97.7415,30.8576],[-97.7454,30.8632],[-97.7516,30.8673],[-97.7563,30.8681],[-97.7568,30.8706],[-97.7526,30.8719],[-97.7465,30.8666],[-97.7461,30.8686],[-97.7433,30.8689],[-97.737,30.8633],[-97.7347,30.8594],[-97.7352,30.8561],[-97.7301,30.8506],[-97.7286,30.8524],[-97.7243,30.8525],[-97.7232,30.8559],[-97.7187,30.8512],[-97.7155,30.8518],[-97.7097,30.8463],[-97.7068,30.8456],[-97.7039,30.8473],[-97.6992,30.8437],[-97.697,30.8475],[-97.6951,30.8364],[-97.6911,30.8332],[-97.6889,30.8282],[-97.6906,30.8263],[-97.6976,30.8288],[-97.7055,30.8279],[-97.7156,30.8192],[-97.7151,30.8144],[-97.7197,30.814],[-97.724,30.8108],[-97.7251,30.8136],[-97.7281,30.8123],[-97.7342,30.8027],[-97.7373,30.8069],[-97.741,30.804],[-97.7435,30.808],[-97.7456,30.8053],[-97.7494,30.8063],[-97.7546,30.803],[-97.7549,30.8006],[-97.7606,30.7958],[-97.7604,30.7922],[-97.7591,30.7912],[-97.7577,30.7933],[-97.7554,30.7929],[-97.7571,30.7896],[-97.7554,30.785],[-97.7514,30.7831],[-97.7508,30.7768],[-97.7472,30.7764],[-97.7499,30.772],[-97.7496,30.7679],[-97.7429,30.7611],[-97.7443,30.7585],[-97.7485,30.7541],[-97.7545,30.7588],[-97.7609,30.7576],[-97.7589,30.762],[-97.7557,30.7619],[-97.7626,30.7651],[-97.767,30.7628],[-97.7701,30.7633],[-97.7799,30.7578],[-97.7925,30.7467],[-97.8218,30.7101],[-97.8221,30.7062],[-97.8143,30.7019],[-97.8063,30.7012],[-97.803,30.7057],[-97.8003,30.7052],[-97.799,30.7036],[-97.8007,30.6972],[-97.7953,30.6926],[-97.7936,30.694],[-97.793,30.7008],[-97.7919,30.6939],[-97.7897,30.694],[-97.7908,30.6907],[-97.7886,30.6887],[-97.7887,30.685],[-97.8007,30.6881],[-97.8091,30.6857],[-97.8108,30.6873],[-97.8149,30.6869],[-97.8153,30.6821],[-97.8175,30.6837],[-97.8228,30.6836],[-97.8243,30.6853],[-97.8284,30.6845],[-97.8289,30.6802],[-97.8388,30.6759],[-97.8395,30.673],[-97.8588,30.6522],[-97.8566,30.6472],[-97.8528,30.6461],[-97.8518,30.6414],[-97.8486,30.6413],[-97.8471,30.6389],[-97.8431,30.6402],[-97.837,30.6303],[-97.8304,30.6285],[-97.8297,30.6246],[-97.8237,30.6282],[-97.8209,30.6195],[-97.8011,30.6194],[-97.8054,30.6229],[-97.8129,30.6236],[-97.8119,30.6267],[-97.808,30.6258],[-97.8051,30.6272],[-97.8047,30.6244],[-97.8007,30.6229],[-97.7978,30.6234],[-97.7976,30.6262],[-97.7914,30.6235],[-97.7906,30.6285],[-97.787,30.6252],[-97.7809,30.6248],[-97.7798,30.6259],[-97.7827,30.6292],[-97.7808,30.6279],[-97.7769,30.63],[-97.7761,30.6269],[-97.7737,30.6279],[-97.7659,30.6258],[-97.7649,30.6227],[-97.7749,30.6235],[-97.7833,30.6167],[-97.8067,30.6069],[-97.8128,30.6075],[-97.8174,30.6055],[-97.8313,30.6088],[-97.8339,30.6052],[-97.8372,30.6046],[-97.8377,30.6008],[-97.8356,30.5979],[-97.8418,30.6011],[-97.8464,30.5994],[-97.8456,30.6034],[-97.8475,30.603],[-97.8497,30.5979],[-97.8517,30.6049],[-97.8536,30.6052],[-97.8529,30.6074],[-97.8586,30.6046],[-97.8498,30.5959],[-97.8409,30.5925],[-97.8328,30.5942],[-97.8291,30.5923],[-97.8297,30.5976],[-97.8237,30.5934],[-97.8153,30.5968],[-97.8134,30.5952],[-97.8083,30.5954],[-97.8085,30.5927],[-97.806,30.5908],[-97.7989,30.5949],[-97.7992,30.591],[-97.7952,30.5903],[-97.7936,30.5856],[-97.7909,30.5862],[-97.7913,30.5813],[-97.7889,30.5802],[-97.7861,30.5826],[-97.7845,30.5773],[-97.7807,30.5797],[-97.7789,30.5789],[-97.7796,30.5734],[-97.7786,30.5722],[-97.7761,30.5734],[-97.7755,30.5699],[-97.773,30.5703],[-97.7734,30.5659],[-97.7785,30.5609],[-97.7834,30.572],[-97.7932,30.578],[-97.7936,30.5727],[-97.7891,30.5672],[-97.7896,30.5576],[-97.7943,30.563],[-97.8011,30.5595],[-97.8154,30.5636],[-97.8294,30.563],[-97.8357,30.5594],[-97.8411,30.5588],[-97.8388,30.5514],[-97.8422,30.5489],[-97.8401,30.5466],[-97.8414,30.5399],[-97.8576,30.5365],[-97.8512,30.5336],[-97.8524,30.5301],[-97.8461,30.5329],[-97.8453,30.5305],[-97.8413,30.5316],[-97.8313,30.5393],[-97.8298,30.5345],[-97.8356,30.5259],[-97.8438,30.5209],[-97.8397,30.5206],[-97.8412,30.517],[-97.8433,30.5161],[-97.8503,30.5188],[-97.8572,30.5176],[-97.8593,30.5155],[-97.8574,30.5119],[-97.8594,30.5111],[-97.8642,30.5117],[-97.8738,30.5193],[-97.8742,30.53],[-97.8723,30.533],[-97.8682,30.5326],[-97.8686,30.5405],[-97.8668,30.5423],[-97.8716,30.5432],[-97.8743,30.5462],[-97.8765,30.544],[-97.8816,30.5487],[-97.883,30.5473],[-97.8907,30.5485],[-97.8901,30.5545],[-97.892,30.5563],[-97.8897,30.5576],[-97.8913,30.5628],[-97.8931,30.561],[-97.8983,30.562],[-97.9006,30.5665],[-97.9052,30.5669],[-97.9193,30.5621],[-97.9207,30.5656],[-97.9323,30.5727],[-97.936,30.5667],[-97.9418,30.5638],[-97.9412,30.5561],[-97.9347,30.5569],[-97.9307,30.5397],[-97.9263,30.5356],[-97.9296,30.5457],[-97.9268,30.5457],[-97.9273,30.5477],[-97.9254,30.5486],[-97.9193,30.5469],[-97.9189,30.5503],[-97.9208,30.5544],[-97.9228,30.5542],[-97.9312,30.5619],[-97.9242,30.5605],[-97.9182,30.5557],[-97.9163,30.5561],[-97.9125,30.5468],[-97.9121,30.5491],[-97.9052,30.5479],[-97.9026,30.5513],[-97.9043,30.5524],[-97.9026,30.5536],[-97.9033,30.5557],[-97.9086,30.5602],[-97.9051,30.5603],[-97.9062,30.5643],[-97.9047,30.5649],[-97.9034,30.5624],[-97.9022,30.5658],[-97.901,30.5636],[-97.9031,30.5593],[-97.8996,30.5562],[-97.8988,30.5587],[-97.8955,30.5573],[-97.8983,30.5528],[-97.894,30.5536],[-97.8945,30.551],[-97.8984,30.5496],[-97.8983,30.545],[-97.8923,30.5369],[-97.8926,30.5334],[-97.8898,30.5362],[-97.8866,30.5361],[-97.8871,30.542],[-97.8842,30.5444],[-97.8818,30.5378],[-97.8784,30.5395],[-97.8804,30.5435],[-97.8766,30.5411],[-97.874,30.544],[-97.8721,30.5417],[-97.8747,30.5382],[-97.8721,30.5368],[-97.8763,30.5369],[-97.8769,30.5343],[-97.8793,30.5341],[-97.8763,30.5301],[-97.8793,30.5297],[-97.8825,30.5323],[-97.8849,30.5303],[-97.8852,30.5262],[-97.8781,30.5244],[-97.8843,30.5222],[-97.8823,30.5178],[-97.8835,30.5145],[-97.8905,30.5207],[-97.8883,30.5163],[-97.8888,30.5115],[-97.8907,30.5105],[-97.8915,30.5147],[-97.8945,30.5159],[-97.8967,30.5146],[-97.8971,30.5079],[-97.9037,30.5107],[-97.9046,30.5077],[-97.8988,30.5041],[-97.8992,30.501],[-97.9033,30.5012],[-97.9043,30.4989],[-97.8964,30.4969],[-97.897,30.5],[-97.8941,30.5011],[-97.8926,30.5062],[-97.8888,30.5028],[-97.8895,30.4979],[-97.8875,30.4979],[-97.8824,30.5005],[-97.8855,30.5079],[-97.8796,30.5048],[-97.8778,30.5058],[-97.8794,30.5084],[-97.8703,30.5068],[-97.8692,30.5086],[-97.8712,30.5121],[-97.8694,30.5138],[-97.8651,30.5074],[-97.8607,30.508],[-97.8594,30.5055],[-97.8653,30.4996],[-97.8693,30.4995],[-97.8637,30.4928],[-97.8709,30.4893],[-97.8706,30.4941],[-97.8757,30.4962],[-97.8782,30.4872],[-97.8804,30.491],[-97.883,30.4878],[-97.886,30.4894],[-97.8895,30.4886],[-97.8901,30.4874],[-97.8853,30.484],[-97.8775,30.4819],[-97.8757,30.4788],[-97.8767,30.4765],[-97.8789,30.4749],[-97.8806,30.4769],[-97.8869,30.4785],[-97.8882,30.4757],[-97.8829,30.4706],[-97.8905,30.466],[-97.8919,30.4627],[-97.8983,30.4637],[-97.8953,30.4613],[-97.8962,30.4567],[-97.9069,30.4577],[-97.9091,30.459],[-97.9088,30.4609],[-97.9113,30.4587],[-97.91,30.4558],[-97.9069,30.4567],[-97.9049,30.4533],[-97.9036,30.4556],[-97.8978,30.4548],[-97.9012,30.4448],[-97.8987,30.4455],[-97.8972,30.4429],[-97.8953,30.4467],[-97.8968,30.4497],[-97.8939,30.4526],[-97.8949,30.4558],[-97.8887,30.4531],[-97.8927,30.46],[-97.8896,30.4593],[-97.8887,30.4634],[-97.8838,30.4621],[-97.8843,30.465],[-97.8797,30.4662],[-97.8809,30.47],[-97.875,30.4714],[-97.8703,30.4653],[-97.8677,30.4665],[-97.8682,30.4582],[-97.8707,30.4531],[-97.8762,30.4505],[-97.8782,30.4467],[-97.8752,30.4461],[-97.8758,30.448],[-97.8735,30.4491],[-97.8682,30.446],[-97.8669,30.4481],[-97.8704,30.4501],[-97.8658,30.453],[-97.8644,30.4611],[-97.86,30.463],[-97.8557,30.4683],[-97.8564,30.4702],[-97.8623,30.4727],[-97.8573,30.4717],[-97.857,30.4763],[-97.8552,30.4712],[-97.8521,30.4714],[-97.852,30.4693],[-97.8594,30.4599],[-97.8584,30.4534],[-97.8543,30.4537],[-97.8524,30.4565],[-97.854,30.4583],[-97.8473,30.4637],[-97.8501,30.4575],[-97.8489,30.4542],[-97.8418,30.4558],[-97.8396,30.4584],[-97.8383,30.4572],[-97.8429,30.4528],[-97.8377,30.4488],[-97.8446,30.4494],[-97.8377,30.4459],[-97.8386,30.4446],[-97.846,30.4459],[-97.8472,30.4427],[-97.8551,30.4481],[-97.8632,30.4376],[-97.858,30.4384],[-97.8547,30.4421],[-97.8517,30.4393],[-97.8523,30.4369],[-97.8419,30.4369],[-97.8432,30.4325],[-97.8494,30.4318],[-97.8459,30.4251],[-97.849,30.4198],[-97.8491,30.4249],[-97.8571,30.4232],[-97.855,30.4263],[-97.8559,30.4283],[-97.8593,30.4286],[-97.8627,30.4249],[-97.8658,30.4245],[-97.8628,30.4204],[-97.8649,30.4188],[-97.8636,30.415],[-97.8594,30.4161],[-97.8565,30.413],[-97.8629,30.4099],[-97.8569,30.4051],[-97.8606,30.4035],[-97.8587,30.3993],[-97.8631,30.3981],[-97.8641,30.4059],[-97.8693,30.4012],[-97.8684,30.409],[-97.8711,30.4066],[-97.8737,30.4077],[-97.8753,30.4004],[-97.8705,30.3974],[-97.8712,30.3901],[-97.8692,30.3897],[-97.868,30.3926],[-97.8658,30.3913],[-97.8623,30.3935],[-97.8592,30.3875],[-97.8595,30.3909],[-97.8548,30.3908],[-97.8515,30.3965],[-97.8502,30.3914],[-97.8478,30.39],[-97.8522,30.3868],[-97.8518,30.3828],[-97.8557,30.383],[-97.8543,30.3799],[-97.8588,30.3795],[-97.8587,30.3773],[-97.854,30.376],[-97.8543,30.3733],[-97.8514,30.3743],[-97.8477,30.3717],[-97.8455,30.3679],[-97.8427,30.3678],[-97.8379,30.3713],[-97.8343,30.3703],[-97.8287,30.3719],[-97.8299,30.3752],[-97.8405,30.376],[-97.8418,30.3788],[-97.8465,30.379],[-97.8446,30.3809],[-97.8356,30.38],[-97.8362,30.3844],[-97.8237,30.375],[-97.8154,30.3733],[-97.8108,30.3746],[-97.8133,30.3788],[-97.8231,30.3779],[-97.8237,30.3809],[-97.8216,30.3823],[-97.8247,30.3819],[-97.8249,30.3844],[-97.8302,30.385],[-97.8293,30.3869],[-97.8312,30.3887],[-97.8258,30.3876],[-97.8232,30.3884],[-97.8242,30.3913],[-97.82,30.3904],[-97.8157,30.3836],[-97.8057,30.3818],[-97.8075,30.3865],[-97.811,30.3867],[-97.8087,30.388],[-97.8085,30.3936],[-97.8134,30.3938],[-97.8156,30.3969],[-97.8187,30.3968],[-97.8176,30.3992],[-97.8119,30.3968],[-97.8112,30.3986],[-97.804,30.3941],[-97.8018,30.3742],[-97.798,30.3729],[-97.7928,30.3668],[-97.7925,30.3701],[-97.7949,30.3734],[-97.7919,30.3766],[-97.7939,30.38],[-97.7962,30.3794],[-97.7972,30.385],[-97.792,30.3857],[-97.7953,30.3864],[-97.8003,30.3915],[-97.798,30.3927],[-97.7958,30.3905],[-97.7919,30.3916],[-97.7897,30.3877],[-97.7812,30.3823],[-97.7763,30.3827],[-97.7744,30.3859],[-97.7752,30.3881],[-97.7816,30.3903],[-97.784,30.3883],[-97.7867,30.3907],[-97.784,30.3956],[-97.789,30.3955],[-97.7822,30.3981],[-97.7872,30.4006],[-97.7901,30.3994],[-97.7911,30.4005],[-97.7951,30.3971],[-97.7963,30.3988],[-97.7932,30.4028],[-97.7961,30.4028],[-97.7955,30.4049],[-97.7979,30.4041],[-97.7988,30.4064],[-97.8044,30.403],[-97.8066,30.4048],[-97.7969,30.4093],[-97.7966,30.4111],[-97.8002,30.4115],[-97.797,30.4137],[-97.7974,30.4159],[-97.8082,30.4135],[-97.8088,30.4111],[-97.8136,30.4125],[-97.802,30.4183],[-97.8135,30.4193],[-97.8213,30.4157],[-97.8234,30.4117],[-97.8224,30.4074],[-97.8262,30.4064],[-97.8252,30.4101],[-97.828,30.4098],[-97.8272,30.4128],[-97.829,30.4139],[-97.8328,30.4127],[-97.8372,30.4069],[-97.8429,30.4053],[-97.8443,30.4066],[-97.8364,30.4103],[-97.8326,30.4153],[-97.8261,30.4148],[-97.8187,30.4207],[-97.8294,30.42],[-97.8354,30.4162],[-97.8316,30.4211],[-97.8166,30.4239],[-97.8227,30.4279],[-97.8282,30.4271],[-97.8364,30.4295],[-97.8288,30.4335],[-97.8249,30.4309],[-97.8206,30.4324],[-97.8172,30.4303],[-97.8141,30.4355],[-97.8165,30.4428],[-97.8113,30.4399],[-97.8097,30.4274],[-97.8055,30.4236],[-97.8043,30.4256],[-97.8011,30.4258],[-97.8032,30.4296],[-97.8022,30.432],[-97.7983,30.429],[-97.7972,30.4257],[-97.7917,30.4287],[-97.7922,30.4371],[-97.7872,30.4304],[-97.7846,30.4307],[-97.7897,30.4235],[-97.7867,30.4206],[-97.7927,30.4193],[-97.7911,30.4161],[-97.787,30.4171],[-97.7889,30.4136],[-97.785,30.412],[-97.7901,30.4104],[-97.784,30.4074],[-97.782,30.4113],[-97.7792,30.4108],[-97.7754,30.3983],[-97.776,30.4091],[-97.7736,30.4112],[-97.7748,30.4175],[-97.7704,30.4108],[-97.772,30.4068],[-97.7696,30.4047],[-97.7696,30.4017],[-97.7679,30.4016],[-97.7668,30.3964],[-97.7646,30.4007],[-97.7661,30.4066],[-97.7619,30.4071],[-97.7585,30.4101],[-97.7624,30.4135],[-97.7594,30.4135],[-97.7578,30.4159],[-97.7519,30.4106],[-97.7514,30.4062],[-97.758,30.4018],[-97.7564,30.3986],[-97.7603,30.3979],[-97.7585,30.3951],[-97.761,30.3948],[-97.7637,30.3888],[-97.7507,30.3899],[-97.7504,30.387],[-97.7518,30.3851],[-97.7556,30.3853],[-97.7548,30.3826],[-97.7581,30.3787],[-97.7592,30.3829],[-97.7619,30.3831],[-97.7605,30.3759],[-97.7661,30.3805],[-97.766,30.376],[-97.7631,30.3722],[-97.7671,30.3729],[-97.7688,30.3703],[-97.7725,30.3708],[-97.7693,30.3737],[-97.7716,30.3744],[-97.769,30.3769],[-97.7704,30.3793],[-97.7769,30.3752],[-97.7773,30.3685],[-97.7823,30.369],[-97.7795,30.3651],[-97.7752,30.3653],[-97.7743,30.3678],[-97.7702,30.3651],[-97.7731,30.3609],[-97.7764,30.3602],[-97.7692,30.3563],[-97.7758,30.3511],[-97.775,30.3496],[-97.7684,30.347],[-97.7676,30.3482],[-97.77,30.3507],[-97.7687,30.3522],[-97.7601,30.3464],[-97.7582,30.3478],[-97.7633,30.353],[-97.7571,30.3516],[-97.7535,30.3449],[-97.7585,30.3416],[-97.7574,30.3398],[-97.7509,30.3436],[-97.7522,30.3411],[-97.7476,30.3386],[-97.744,30.3471],[-97.7402,30.3498],[-97.7379,30.3606],[-97.7429,30.3611],[-97.7374,30.3841],[-97.722,30.41],[-97.708,30.4234],[-97.7017,30.4329],[-97.7007,30.4377],[-97.7029,30.4399],[-97.7076,30.4411],[-97.7166,30.4475],[-97.7215,30.4484],[-97.7156,30.4574],[-97.7205,30.4553],[-97.7207,30.4587],[-97.7146,30.4724],[-97.7015,30.4827],[-97.7002,30.4933],[-97.6955,30.5011],[-97.691,30.5026],[-97.6854,30.5014],[-97.682,30.5049],[-97.6881,30.5093],[-97.6886,30.515],[-97.6869,30.5195],[-97.6807,30.5228],[-97.6812,30.5239],[-97.6877,30.523],[-97.6944,30.5271],[-97.6976,30.5323],[-97.6981,30.5413],[-97.6867,30.5599],[-97.696,30.5654],[-97.6943,30.5693],[-97.6975,30.569],[-97.696,30.5845],[-97.6979,30.5877],[-97.6954,30.5959],[-97.6933,30.5955],[-97.692,30.6],[-97.6856,30.6036],[-97.6844,30.6062],[-97.6789,30.6437],[-97.6728,30.6616],[-97.6737,30.6656],[-97.6695,30.6704],[-97.6708,30.6774],[-97.6808,30.6869],[-97.6754,30.6917],[-97.6766,30.6949],[-97.6708,30.6972],[-97.6677,30.7032],[-97.6671,30.7006],[-97.6647,30.6999],[-97.6636,30.7055],[-97.6676,30.707],[-97.6691,30.7095],[-97.6678,30.7158],[-97.67,30.7286],[-97.6686,30.7335],[-97.671,30.7387],[-97.6594,30.7537],[-97.6453,30.793],[-97.652,30.7914],[-97.6538,30.7948],[-97.653,30.7993],[-97.6507,30.8013],[-97.6447,30.8022],[-97.6408,30.8003],[-97.6187,30.8367],[-97.5983,30.8566],[-97.5954,30.8652],[-97.5866,30.8745],[-97.5816,30.876],[-97.5788,30.8793],[-97.5809,30.8816],[-97.5785,30.8834],[-97.5788,30.8893],[-97.5699,30.9007],[-97.5636,30.9037],[-97.5591,30.9104],[-97.5582,30.917],[-97.5522,30.9235],[-97.5518,30.9284],[-97.5503,30.929],[-97.5473,30.9274],[-97.5477,30.91],[-97.5419,30.9382],[-97.5402,30.9354],[-97.5366,30.9389],[-97.5346,30.9354],[-97.5304,30.9396],[-97.53,30.9431],[-97.5272,30.9441],[-97.5277,30.9464],[-97.5245,30.9457],[-97.5254,30.9483],[-97.5232,30.9477],[-97.5228,30.9501],[-97.5203,30.9514],[-97.518,30.9495],[-97.5143,30.9515],[-97.5317,30.9274],[-97.5236,30.9308],[-97.5146,30.9436],[-97.513,30.9444],[-97.5103,30.9423],[-97.5106,30.9459],[-97.5058,30.9536],[-97.4989,30.9578],[-97.4932,30.9575],[-97.4773,30.9661],[-97.4741,30.9731],[-97.468,30.9779],[-97.4702,30.9803],[-97.4785,30.9821],[-97.476,30.984],[-97.4707,30.9831],[-97.4673,30.9843],[-97.4666,30.9955],[-97.455,30.9976],[-97.4487,30.9954],[-97.4345,31.0035],[-97.4397,31.0122],[-97.4443,31.0121],[-97.4433,31.0088],[-97.4492,31.0051],[-97.4518,31.0108],[-97.466,31.0151],[-97.4763,31.0108],[-97.4801,31.0035],[-97.4928,31.0029],[-97.4949,31.0077],[-97.5071,31.0185],[-97.5061,31.0235],[-97.5217,31.0227],[-97.5254,31.028],[-97.5301,31.0186],[-97.5382,31.0115],[-97.5381,31.0028],[-97.5449,31.0027],[-97.5484,31.0086],[-97.5599,31.006],[-97.5648,31.0072],[-97.5666,31.0041],[-97.5743,31.0031],[-97.5781,30.999],[-97.5816,30.9983],[-97.5812,30.9938],[-97.6003,30.9908],[-97.5984,30.9959],[-97.594,30.9975],[-97.595,31.0006]]]}},
{"type":"Feature","properties":{"name":"Edwards (Balcones Fault Zone)"},"geometry":{"type":"Polygon","coordinates":[[[-99.0,29.451],[-99.0,29.2],[-98.8253,29.2],[-98.8237,29.2027],[-98.8138,29.2034],[-98.797,29.2],[-98.7965,29.2],[-98.7841,29.2024],[-98.7543,29.2231],[-98.7453,29.2409],[-98.7341,29.2508],[-98.6976,29.2582],[-98.6908,29.2639],[-98.6902,29.2709],[-98.6869,29.2739],[-98.6597,29.2781],[-98.6388,29.2882],[-98.6035,29.3204],[-98.572,29.3326],[-98.5329,29.3451],[-98.5125,29.3748],[-98.504,29.3822],[-98.4939,29.3862],[-98.4686,29.3875],[-98.4561,29.3914],[-98.442,29.4027],[-98.4292,29.4222],[-98.4202,29.4297],[-98.3839,29.44],[-98.3773,29.4443],[-98.3723,29.4514],[-98.3728,29.4575],[-98.3706,29.4648],[-98.36,29.4633],[-98.3532,29.4654],[-98.3402,29.4802],[-98.3346,29.4923],[-98.3258,29.5034],[-98.303,29.5158],[-98.2921,29.5255],[-98.2899,29.5311],[-98.2908,29.5444],[-98.2836,29.5567],[-98.2821,29.5635],[-98.2871,29.5828],[-98.2795,29.59],[-98.2628,29.5961],[-98.2575,29.6004],[-98.2559,29.6112],[-98.2593,29.6237],[-98.2573,29.6281],[-98.2539,29.6297],[-98.2385,29.6283],[-98.2334,29.6303],[-98.2078,29.6485],[-98.1854,29.6599],[-98.1701,29.677],[-98.1369,29.6996],[-98.1314,29.7094],[-98.0746,29.7592],[-98.0467,29.7967],[-98.0272,29.8119],[-97.9758,29.8457],[-97.9478,29.8743],[-97.9115,29.9016],[-97.8975,29.916],[-97.8852,29.9494],[-97.8844,29.9674],[-97.8748,29.9852],[-97.869,30.0023],[-97.8609,30.0114],[-97.8492,30.0188],[-97.8443,30.0241],[-97.8353,30.0383],[-97.8265,30.0578],[-97.8247,30.0682],[-97.8266,30.0747],[-97.8266,30.0911],[-97.8225,30.0983],[-97.8097,30.1096],[-97.8068,30.1174],[-97.8093,30.142],[-97.8068,30.1523],[-97.8041,30.1562],[-97.7816,30.168],[-97.7747,30.174],[-97.7692,30.1833],[-97.7672,30.1918],[-97.7698,30.2129],[-97.7683,30.2277],[-97.7632,30.2469],[-97.7533,30.2692],[-97.7386,30.2921],[-97.7023,30.3257],[-97.6843,30.3815],[-97.6647,30.4128],[-97.6625,30.431],[-97.6587,30.4388],[-97.6496,30.4496],[-97.6368,30.4572],[-97.6289,30.4557],[-97.6226,30.4485],[-97.6149,30.4491],[-97.6102,30.469],[-97.5988,30.489],[-97.5954,30.499],[-97.595,30.5087],[-97.6006,30.5309],[-97.6139,30.563],[-97.6191,30.5831],[-97.617,30.6076],[-97.6128,30.6209],[-97.6082,30.6284],[-97.5845,30.6471],[-97.557,30.6646],[-97.5491,30.6714],[-97.5383,30.6854],[-97.5365,30.6903],[-97.5374,30.6991],[-97.5428,30.7064],[-97.5533,30.7134],[-97.5566,30.7179],[-97.5551,30.7287],[-97.5515,30.732],[-97.5478,30.7328],[-97.5248,30.7314],[-97.5164,30.7359],[-97.5107,30.7434],[-97.5114,30.7547],[-97.5238,30.789],[-97.525,30.8004],[-97.4935,30.8633],[-97.4866,30.8823],[-97.4848,30.9045],[-97.4884,30.9356],[-97.4821,30.963],[-97.4932,30.9575],[-97.4989,30.9578],[-97.5058,30.9536],[-97.5106,30.9459],[-97.5103,30.9423],[-97.5141,30.9439],[-97.5196,30.9344],[-97.5215,30.9355],[-97.5236,30.9308],[-97.5309,30.9274],[-97.5242,30.9398],[-97.5215,30.9412],[-97.5189,30.9468],[-97.5154,30.948],[-97.5143,30.9515],[-97.518,30.9495],[-97.5203,30.9514],[-97.5228,30.9501],[-97.5232,30.9477],[-97.5254,30.9483],[-97.5245,30.9457],[-97.5277,30.9464],[-97.5272,30.9441],[-97.53,30.9431],[-97.5304,30.9396],[-97.5346,30.9354],[-97.5366,30.9389],[-97.5402,30.9354],[-97.5419,30.9382],[-97.5477,30.91],[-97.5473,30.9274],[-97.5503,30.929],[-97.5518,30.9284],[-97.5522,30.9235],[-97.5582,30.917],[-97.5591,30.9104],[-97.5636,30.9037],[-97.5699,30.9007],[-97.5788,30.8893],[-97.5785,30.8834],[-97.5809,30.8816],[-97.5788,30.8793],[-97.5816,30.876],[-97.5866,30.8745],[-97.5954,30.8652],[-97.5983,30.8566],[-97.6187,30.8367],[-97.6408,30.8003],[-97.6447,30.8022],[-97.6513,30.8011],[-97.6533,30.7986],[-97.652,30.7914],[-97.6453,30.793],[-97.6594,30.7537],[-97.671,30.7387],[-97.6686,30.7335],[-97.67,30.7286],[-97.6678,30.7158],[-97.6691,30.7095],[-97.6676,30.707],[-97.6636,30.7055],[-97.6647,30.6999],[-97.6671,30.7006],[-97.6677,30.7032],[-97.6708,30.6972],[-97.6766,30.6949],[-97.6754,30.6917],[-97.6808,30.6869],[-97.6708,30.6774],[-97.6695,30.6704],[-97.6737,30.6656],[-97.6728,30.6616],[-97.6789,30.6437],[-97.6844,30.6062],[-97.6856,30.6036],[-97.692,30.6],[-97.6933,30.5955],[-97.6954,30.5959],[-97.6979,30.5877],[-97.696,30.5845],[-97.6975,30.569],[-97.6943,30.5693],[-97.696,30.5654],[-97.6867,30.5599],[-97.6981,30.5413],[-97.6976,30.5323],[-97.6944,30.5271],[-97.6877,30.523],[-97.6812,30.5239],[-97.6807,30.5228],[-97.6869,30.5195],[-97.6886,30.515],[-97.6881,30.5093],[-97.682,30.5049],[-97.6854,30.5014],[-97.691,30.5026],[-97.6955,30.5011],[-97.7002,30.4933],[-97.7015,30.4827],[-97.7146,30.4724],[-97.7207,30.4587],[-97.7205,30.4553],[-97.7156,30.4574],[-97.7215,30.4484],[-97.7166,30.4475],[-97.7076,30.4411],[-97.7029,30.4399],[-97.7007,30.4377],[-97.7017,30.4329],[-97.708,30.4234],[-97.722,30.41],[-97.7374,30.3841],[-97.7429,30.3611],[-97.7379,30.3606],[-97.7402,30.3498],[-97.744,30.3471],[-97.7471,30.3389],[-97.7522,30.3411],[-97.7726,30.315],[-97.7717,30.3129],[-97.7632,30.3144],[-97.7713,30.3078],[-97.7672,30.3073],[-97.7667,30.3024],[-97.7776,30.3017],[-97.7764,30.2973],[-97.7731,30.2973],[-97.7726,30.2908],[-97.7696,30.2898],[-97.7666,30.2855],[-97.7667,30.2748],[-97.7699,30.2719],[-97.7687,30.2656],[-97.773,30.2644],[-97.7783,30.2563],[-97.7991,30.2411],[-97.8147,30.2238],[-97.8461,30.1988],[-97.8506,30.1899],[-97.8475,30.191],[-97.8539,30.1772],[-97.8397,30.1887],[-97.845,30.1773],[-97.8583,30.1602],[-97.864,30.1467],[-97.8621,30.1308],[-97.8634,30.1247],[-97.8764,30.1188],[-97.8832,30.1098],[-97.9048,30.0915],[-97.9037,30.0878],[-97.8927,30.089],[-97.8938,30.0874],[-97.886,30.0865],[-97.8732,30.0922],[-97.8728,30.0888],[-97.869,30.0895],[-97.8689,30.088],[-97.8812,30.0751],[-97.8809,30.0701],[-97.9041,30.0412],[-97.9289,30.0173],[-97.9291,30.014],[-97.9247,30.0148],[-97.9233,30.0111],[-97.9353,29.9959],[-97.9552,29.9877],[-97.961,29.9822],[-97.9674,29.9802],[-97.9909,29.9593],[-97.992,29.9536],[-97.9892,29.9526],[-97.9778,29.961],[-97.9746,29.96],[-97.9696,29.9638],[-97.9691,29.9597],[-97.9649,29.9605],[-97.9468,29.9797],[-97.9357,29.9852],[-97.9283,29.9921],[-97.9287,29.9873],[-97.942,29.9756],[-97.9468,29.969],[-97.951,29.9613],[-97.9506,29.9587],[-97.9571,29.9503],[-97.9485,29.953],[-97.9577,29.9428],[-97.9505,29.9329],[-97.9488,29.9337],[-97.9502,29.9242],[-97.9486,29.9196],[-97.9451,29.9193],[-97.9418,29.9219],[-97.9441,29.9156],[-97.938,29.9154],[-97.9386,29.9132],[-97.9429,29.911],[-97.9412,29.9079],[-97.9426,29.9054],[-97.9392,29.9038],[-97.9322,29.9041],[-97.9379,29.9024],[-97.9418,29.9033],[-97.948,29.9067],[-97.9493,29.9079],[-97.9479,29.9102],[-97.9506,29.9117],[-97.9693,29.9077],[-97.9794,29.9019],[-97.9806,29.8992],[-97.974,29.8974],[-97.9707,29.895],[-97.9699,29.8917],[-97.9642,29.8951],[-97.962,29.8936],[-97.9664,29.8887],[-97.9679,29.8775],[-97.9556,29.8756],[-97.9758,29.8631],[-97.9925,29.8556],[-97.9962,29.8558],[-98.0,29.8578],[-98.0008,29.8608],[-97.995,29.8666],[-97.9888,29.8781],[-97.9943,29.8705],[-98.0134,29.8553],[-98.0378,29.8416],[-98.0467,29.839],[-98.056,29.8314],[-98.0425,29.8325],[-98.0353,29.8374],[-98.0332,29.8362],[-98.0289,29.8386],[-98.0269,29.8374],[-98.0267,29.8333],[-98.018,29.8331],[-98.0141,29.8301],[-98.0458,29.805],[-98.0569,29.8003],[-98.0838,29.7798],[-98.1017,29.7765],[-98.1348,29.7617],[-98.1501,29.7527],[-98.1792,29.747],[-98.216,29.7333],[-98.2279,29.7263],[-98.2223,29.7242],[-98.2258,29.7209],[-98.2302,29.725],[-98.2348,29.7223],[-98.2403,29.7109],[-98.2494,29.7137],[-98.2537,29.7127],[-98.2617,29.7044],[-98.2546,29.7077],[-98.2535,29.7054],[-98.2592,29.6999],[-98.2883,29.6854],[-98.3137,29.6676],[-98.328,29.6638],[-98.3376,29.6481],[-98.3419,29.6443],[-98.3428,29.6394],[-98.3375,29.6385],[-98.3379,29.6349],[-98.333,29.6393],[-98.3265,29.6407],[-98.3266,29.6343],[-98.3302,29.6336],[-98.3301,29.6282],[-98.3396,29.6267],[-98.344,29.6284],[-98.3481,29.6263],[-98.3484,29.6241],[-98.3648,29.6246],[-98.3715,29.6232],[-98.3864,29.6142],[-98.3854,29.6125],[-98.3902,29.6108],[-98.3895,29.6065],[-98.402,29.6005],[-98.4103,29.6021],[-98.4146,29.6001],[-98.4144,29.6045],[-98.4211,29.599],[-98.4324,29.5944],[-98.4314,29.5972],[-98.4469,29.5905],[-98.4495,29.587],[-98.4496,29.5794],[-98.4604,29.5754],[-98.4571,29.5797],[-98.4667,29.5769],[-98.4728,29.5774],[-98.4781,29.5849],[-98.4785,29.5892],[-98.5012,29.5893],[-98.5149,29.5838],[-98.5253,29.5907],[-98.5245,29.5959],[-98.5272,29.5978],[-98.5361,29.5852],[-98.5359,29.5831],[-98.5342,29.5833],[-98.5291,29.5863],[-98.526,29.5853],[-98.5264,29.5822],[-98.5363,29.5783],[-98.5536,29.5653],[-98.5577,29.5657],[-98.5596,29.5679],[-98.5638,29.566],[-98.5639,29.5636],[-98.5603,29.5626],[-98.5602,29.5607],[-98.5718,29.5505],[-98.5705,29.5542],[-98.5774,29.5523],[-98.5781,29.558],[-98.5809,29.5574],[-98.5838,29.5603],[-98.5925,29.5624],[-98.596,29.5589],[-98.5982,29.5627],[-98.595,29.5633],[-98.5906,29.5672],[-98.5913,29.5706],[-98.5874,29.5714],[-98.5872,29.5789],[-98.5771,29.5862],[-98.5743,29.5934],[-98.5595,29.597],[-98.5513,29.594],[-98.544,29.6004],[-98.5446,29.6026],[-98.5751,29.5944],[-98.5866,29.5929],[-98.6201,29.5785],[-98.6224,29.5823],[-98.6281,29.5787],[-98.6314,29.5813],[-98.6421,29.578],[-98.6429,29.5825],[-98.6359,29.5872],[-98.6419,29.5872],[-98.689,29.5672],[-98.6857,29.5654],[-98.678,29.5657],[-98.6746,29.5687],[-98.6595,29.5735],[-98.6571,29.5773],[-98.6542,29.5758],[-98.6451,29.5775],[-98.6426,29.5761],[-98.6455,29.5752],[-98.6478,29.571],[-98.6465,29.5672],[-98.6412,29.5669],[-98.6489,29.5603],[-98.6553,29.5592],[-98.6551,29.5572],[-98.6517,29.5561],[-98.6497,29.5522],[-98.6423,29.5523],[-98.6369,29.5556],[-98.6287,29.5562],[-98.6409,29.5517],[-98.6473,29.5422],[-98.6543,29.5425],[-98.6551,29.5497],[-98.6662,29.5564],[-98.678,29.5575],[-98.6857,29.5646],[-98.6869,29.564],[-98.6845,29.5563],[-98.6885,29.5564],[-98.6912,29.5625],[-98.6949,29.5594],[-98.6942,29.5531],[-98.6964,29.5494],[-98.6977,29.556],[-98.702,29.5568],[-98.6969,29.5597],[-98.6963,29.5651],[-98.76,29.5495],[-98.7623,29.5508],[-98.7621,29.5557],[-98.7644,29.5526],[-98.7691,29.5561],[-98.7705,29.5541],[-98.7665,29.548],[-98.7679,29.5459],[-98.7596,29.5383],[-98.7702,29.5395],[-98.7927,29.5369],[-98.8047,29.5323],[-98.8163,29.5312],[-98.8826,29.5157],[-98.9058,29.5015],[-98.9111,29.4956],[-98.9566,29.4725],[-98.9605,29.4732],[-98.9776,29.4639],[-98.9868,29.4533],[-98.9953,29.4496],[-99.0,29.451]],[[-98.1033,29.7472],[-98.1015,29.7504],[-98.0986,29.7478],[-98.1063,29.7399],[-98.1085,29.7414],[-98.1112,29.7338],[-98.1176,29.7302],[-98.1425,29.7075],[-98.173,29.6856],[-98.2039,29.6669],[-98.245,29.6486],[-98.2723,29.6312],[-98.2795,29.6282],[-98.2855,29.6288],[-98.2847,29.6374],[-98.2886,29.637],[-98.2867,29.639],[-98.2883,29.6409],[-98.2931,29.6396],[-98.2923,29.6422],[-98.2959,29.6496],[-98.2913,29.6555],[-98.2837,29.6574],[-98.2798,29.6613],[-98.2912,29.6577],[-98.3101,29.6569],[-98.3094,29.662],[-98.3038,29.6643],[-98.3091,29.6688],[-98.3082,29.6702],[-98.3055,29.6689],[-98.3021,29.6733],[-98.2965,29.6727],[-98.2964,29.6698],[-98.2925,29.6701],[-98.2878,29.6731],[-98.2885,29.6686],[-98.2822,29.6671],[-98.2796,29.672],[-98.2857,29.6749],[-98.2706,29.6862],[-98.2707,29.6894],[-98.2677,29.6908],[-98.264,29.6885],[-98.2588,29.6899],[-98.2564,29.6918],[-98.2577,29.6947],[-98.2534,29.6993],[-98.2347,29.7113],[-98.2301,29.7129],[-98.228,29.7096],[-98.2239,29.7086],[-98.2142,29.7127],[-98.1999,29.7224],[-98.2023,29.718],[-98.2144,29.7107],[-98.2194,29.7034],[-98.2025,29.7119],[-98.1994,29.7118],[-98.1962,29.707],[-98.1922,29.7055],[-98.1851,29.7128],[-98.1838,29.7108],[-98.1806,29.7144],[-98.1825,29.7166],[-98.1878,29.7162],[-98.1891,29.714],[-98.1917,29.719],[-98.1942,29.7121],[-98.1974,29.7118],[-98.1975,29.7155],[-98.2004,29.7138],[-98.202,29.7161],[-98.1953,29.7257],[-98.1782,29.7394],[-98.175,29.74],[-98.1741,29.7421],[-98.1762,29.743],[-98.1575,29.7424],[-98.1417,29.7514],[-98.1428,29.7534],[-98.1392,29.7561],[-98.1375,29.7539],[-98.1229,29.7624],[-98.1252,29.7554],[-98.1106,29.7574],[-98.105,29.753],[-98.1089,29.7481],[-98.1033,29.7472]]]}},
{"type":"Feature","properties":{"name":"Edwards (Balcones Fault Zone)"},"geometry":{"type":"Polygon","coordinates":[[[-97.8461,30.1988],[-97.8366,30.2069],[-97.8141,30.2243],[-97.7991,30.2411],[-97.7783,30.2563],[-97.773,30.2644],[-97.7687,30.2656],[-97.7699,30.2719],[-97.7667,30.2748],[-97.7666,30.2855],[-97.7696,30.2898],[-97.7726,30.2908],[-97.7731,30.2973],[-97.7764,30.2973],[-97.7776,30.3017],[-97.7667,30.3024],[-97.7672,30.3073],[-97.7713,30.3078],[-97.7632,30.3144],[-97.7717,30.3129],[-97.7726,30.315],[-97.7832,30.3026],[-97.806,30.2837],[-97.8219,30.2669],[-97.8376,30.2581],[-97.8467,30.247],[-97.8693,30.2272],[-97.8818,30.2117],[-97.8831,30.2161],[-97.8903,30.2058],[-97.8977,30.2017],[-97.9037,30.1895],[-97.9054,30.1933],[-97.9039,30.1971],[-97.9181,30.1872],[-97.9275,30.1767],[-97.9269,30.1725],[-97.9184,30.1729],[-97.9204,30.1697],[-97.9178,30.1678],[-97.9229,30.1605],[-97.9256,30.1624],[-97.9238,30.1653],[-97.9275,30.1654],[-97.9328,30.1626],[-97.9368,30.1553],[-97.943,30.1538],[-97.9452,30.1515],[-97.9446,30.1562],[-97.9474,30.1587],[-97.9572,30.152],[-97.963,30.1447],[-97.9789,30.1343],[-97.988,30.125],[-97.9911,30.1133],[-97.9907,30.1113],[-97.9873,30.1111],[-97.9892,30.1091],[-97.987,30.1093],[-97.9863,30.1071],[-97.9886,30.1034],[-97.9935,30.102],[-97.9937,30.0973],[-97.9912,30.0966],[-97.9886,30.0986],[-97.9856,30.0975],[-97.9761,30.1027],[-97.9811,30.0972],[-97.9813,30.0928],[-97.9765,30.0892],[-97.974,30.0896],[-97.9711,30.0937],[-97.9693,30.0918],[-97.9795,30.083],[-97.9822,30.0864],[-97.9858,30.0819],[-97.9908,30.081],[-97.9872,30.078],[-97.9922,30.0715],[-97.9937,30.0755],[-97.9966,30.0712],[-97.9975,30.072],[-97.9942,30.0786],[-98.0028,30.0788],[-98.0011,30.0657],[-98.0078,30.0606],[-98.0096,30.0664],[-98.0122,30.0645],[-98.018,30.0684],[-98.0225,30.0663],[-98.0248,30.0685],[-98.0259,30.0654],[-98.0389,30.0657],[-98.0435,30.0603],[-98.0458,30.06],[-98.0481,30.0609],[-98.0439,30.0623],[-98.0451,30.0662],[-98.039,30.0692],[-98.0439,30.0714],[-98.041,30.0719],[-98.0421,30.075],[-98.0346,30.0722],[-98.0329,30.0697],[-98.0313,30.0707],[-98.0365,30.0769],[-98.0399,30.0776],[-98.0415,30.08],[-98.0458,30.0803],[-98.0559,30.0741],[-98.0573,30.0748],[-98.0709,30.065],[-98.0742,30.0682],[-98.077,30.066],[-98.0761,30.0616],[-98.0804,30.0589],[-98.0782,30.0567],[-98.0759,30.0586],[-98.0733,30.0429],[-98.071,30.0431],[-98.0726,30.0468],[-98.0695,30.0468],[-98.0679,30.0412],[-98.0642,30.0416],[-98.0653,30.0475],[-98.0713,30.0524],[-98.0699,30.054],[-98.0649,30.0517],[-98.0667,30.0571],[-98.0616,30.0533],[-98.0577,30.0383],[-98.0506,30.0372],[-98.0473,30.0391],[-98.0462,30.0337],[-98.0429,30.0326],[-98.0454,30.0191],[-98.0426,30.0214],[-98.0435,30.0173],[-98.0366,30.019],[-98.043,30.0142],[-98.0462,30.0077],[-98.0457,30.0028],[-98.0423,30.0038],[-98.0434,30.0065],[-98.0376,30.0065],[-98.0413,30.0102],[-98.0387,30.0105],[-98.039,30.0137],[-98.0372,30.0138],[-98.0367,30.0103],[-98.0335,30.0086],[-98.0346,30.0164],[-98.0313,30.0141],[-98.0308,30.0107],[-98.0299,30.0131],[-98.0282,30.012],[-98.0267,30.0136],[-98.0244,30.0131],[-98.0254,30.0087],[-98.0277,30.0072],[-98.0252,30.0045],[-98.0217,30.0064],[-98.0225,30.0006],[-98.0082,29.9996],[-98.0067,30.0027],[-97.9987,29.997],[-97.9945,30.0],[-97.9947,30.0031],[-97.9881,30.0056],[-97.9872,30.0094],[-97.9821,30.0073],[-97.9648,30.011],[-97.9685,30.0077],[-97.9906,30.0007],[-97.9961,29.9926],[-98.0007,29.9922],[-98.0023,29.9949],[-98.0053,29.9952],[-98.0048,29.9912],[-98.0114,29.9851],[-98.0373,29.9683],[-98.0397,29.9675],[-98.0405,29.9692],[-98.0371,29.9698],[-98.0386,29.9727],[-98.0338,29.9711],[-98.0315,29.973],[-98.0322,29.9749],[-98.0292,29.9746],[-98.0273,29.9762],[-98.0285,29.9774],[-98.0211,29.9811],[-98.025,29.9818],[-98.0354,29.9766],[-98.0365,29.9784],[-98.0395,29.9775],[-98.0387,29.9793],[-98.0405,29.9796],[-98.0426,29.973],[-98.0472,29.9753],[-98.0523,29.9727],[-98.0493,29.9779],[-98.0528,29.9777],[-98.0536,29.9747],[-98.0565,29.9754],[-98.0589,29.9675],[-98.0618,29.9657],[-98.0633,29.9665],[-98.0612,29.9697],[-98.0659,29.9703],[-98.0617,29.9736],[-98.0658,29.9766],[-98.0674,29.9706],[-98.07,29.9704],[-98.0675,29.9646],[-98.0691,29.9611],[-98.0709,29.9622],[-98.0709,29.9662],[-98.0728,29.9666],[-98.0727,29.9624],[-98.0747,29.9608],[-98.0786,29.9595],[-98.0792,29.9618],[-98.0829,29.9622],[-98.0825,29.9598],[-98.0786,29.9584],[-98.0813,29.9577],[-98.0798,29.955],[-98.0809,29.953],[-98.084,29.9516],[-98.0841,29.956],[-98.0874,29.9577],[-98.0882,29.953],[-98.0905,29.9511],[-98.0932,29.9565],[-98.0965,29.9538],[-98.0964,29.9495],[-98.0994,29.9511],[-98.1044,29.9474],[-98.1065,29.9487],[-98.1037,29.9495],[-98.1064,29.9509],[-98.1035,29.9519],[-98.1005,29.9575],[-98.1015,29.9586],[-98.1049,29.9573],[-98.1055,29.9593],[-98.1026,29.963],[-98.1059,29.9656],[-98.1085,29.9527],[-98.1099,29.9544],[-98.1107,29.9522],[-98.1126,29.9531],[-98.1119,29.9583],[-98.1151,29.9556],[-98.1176,29.9584],[-98.1174,29.9525],[-98.1141,29.9456],[-98.1175,29.9439],[-98.1179,29.9396],[-98.1222,29.9393],[-98.129,29.9429],[-98.1295,29.9397],[-98.1329,29.9398],[-98.1361,29.9436],[-98.1407,29.9408],[-98.1431,29.9437],[-98.1459,29.9413],[-98.1481,29.9418],[-98.1515,29.9356],[-98.1576,29.9337],[-98.1548,29.933],[-98.1583,29.9322],[-98.1596,29.9297],[-98.1577,29.9255],[-98.1546,29.9253],[-98.1536,29.9226],[-98.1497,29.9253],[-98.1538,29.918],[-98.1518,29.9162],[-98.1541,29.9137],[-98.1495,29.9156],[-98.1503,29.9119],[-98.1467,29.9117],[-98.1492,29.9077],[-98.1549,29.9092],[-98.1512,29.905],[-98.1542,29.9047],[-98.1546,29.9025],[-98.1503,29.9027],[-98.1495,29.8997],[-98.1518,29.8967],[-98.1472,29.8978],[-98.1466,29.8949],[-98.1419,29.8961],[-98.1427,29.8996],[-98.1472,29.9022],[-98.1424,29.9045],[-98.1428,29.91],[-98.1383,29.9065],[-98.1398,29.9032],[-98.1382,29.9003],[-98.1354,29.903],[-98.1341,29.9002],[-98.1322,29.9003],[-98.1231,29.9047],[-98.1271,29.9066],[-98.1177,29.9083],[-98.1136,29.9133],[-98.1145,29.9151],[-98.1232,29.9149],[-98.1315,29.9109],[-98.1287,29.9141],[-98.1298,29.9167],[-98.1268,29.9181],[-98.1259,29.9226],[-98.1295,29.9253],[-98.1263,29.9263],[-98.1261,29.9297],[-98.1221,29.9199],[-98.1181,29.9199],[-98.1149,29.9245],[-98.1096,29.9197],[-98.1049,29.9228],[-98.1004,29.9221],[-98.1179,29.9064],[-98.136,29.8956],[-98.1338,29.8958],[-98.1361,29.8919],[-98.1353,29.8897],[-98.1389,29.8902],[-98.1409,29.8875],[-98.1399,29.8847],[-98.1422,29.8854],[-98.1455,29.8834],[-98.1495,29.875],[-98.1555,29.8726],[-98.1535,29.8715],[-98.1452,29.8747],[-98.1556,29.8664],[-98.1533,29.8651],[-98.1511,29.8683],[-98.1497,29.8671],[-98.1457,29.8686],[-98.1456,29.8728],[-98.1433,29.8756],[-98.1391,29.8784],[-98.1353,29.8779],[-98.1363,29.8756],[-98.1398,29.8759],[-98.1396,29.8708],[-98.1436,29.8709],[-98.1436,29.8655],[-98.1379,29.8642],[-98.1385,29.8621],[-98.1484,29.8632],[-98.1538,29.8601],[-98.1482,29.8619],[-98.1465,29.8583],[-98.1398,29.8555],[-98.1295,29.8624],[-98.1282,29.8612],[-98.1512,29.8482],[-98.1458,29.8525],[-98.1503,29.8549],[-98.1526,29.8533],[-98.1538,29.8546],[-98.159,29.8467],[-98.1539,29.8468],[-98.1615,29.8426],[-98.164,29.8343],[-98.1616,29.8333],[-98.1439,29.8417],[-98.1507,29.8363],[-98.1501,29.8328],[-98.1535,29.8349],[-98.1601,29.8305],[-98.1599,29.8275],[-98.1573,29.826],[-98.1579,29.8226],[-98.1626,29.8269],[-98.1639,29.8208],[-98.174,29.814],[-98.1725,29.8038],[-98.1704,29.8056],[-98.1653,29.8058],[-98.1647,29.8084],[-98.163,29.8071],[-98.1555,29.8074],[-98.1395,29.8138],[-98.1437,29.8112],[-98.1434,29.8079],[-98.1464,29.8063],[-98.1458,29.7993],[-98.1476,29.7902],[-98.1503,29.7889],[-98.1498,29.7845],[-98.1575,29.78],[-98.1584,29.7768],[-98.1612,29.7748],[-98.1595,29.781],[-98.1529,29.7841],[-98.1524,29.788],[-98.1566,29.7857],[-98.1627,29.7906],[-98.1571,29.7888],[-98.1567,29.7912],[-98.1539,29.7885],[-98.1502,29.8023],[-98.1557,29.804],[-98.1612,29.7999],[-98.1603,29.8026],[-98.1627,29.8033],[-98.1722,29.7999],[-98.1791,29.8042],[-98.1893,29.7993],[-98.1887,29.8017],[-98.1805,29.8083],[-98.1833,29.8134],[-98.185,29.8134],[-98.1863,29.8094],[-98.1957,29.8063],[-98.1934,29.8147],[-98.1997,29.8106],[-98.2016,29.812],[-98.2035,29.8043],[-98.2099,29.8023],[-98.2116,29.8031],[-98.2107,29.8057],[-98.2162,29.8044],[-98.2241,29.8053],[-98.2526,29.7793],[-98.2513,29.7842],[-98.2467,29.7868],[-98.2298,29.804],[-98.2309,29.8058],[-98.2346,29.8051],[-98.2325,29.8071],[-98.2342,29.8099],[-98.2379,29.8074],[-98.2404,29.8082],[-98.2495,29.8059],[-98.2511,29.8126],[-98.2657,29.8018],[-98.2677,29.8045],[-98.2635,29.8059],[-98.2674,29.8122],[-98.2593,29.8088],[-98.2588,29.8133],[-98.2557,29.8111],[-98.2559,29.8144],[-98.2509,29.8151],[-98.2474,29.8215],[-98.2518,29.8207],[-98.2526,29.8183],[-98.2572,29.8189],[-98.2579,29.8171],[-98.264,29.8159],[-98.2662,29.8136],[-98.2676,29.815],[-98.271,29.8129],[-98.2736,29.8139],[-98.2805,29.8092],[-98.2813,29.8126],[-98.2892,29.81],[-98.2881,29.8142],[-98.3103,29.8061],[-98.3228,29.8065],[-98.3211,29.8043],[-98.3161,29.8055],[-98.3168,29.801],[-98.3254,29.7983],[-98.3235,29.7952],[-98.3264,29.7915],[-98.3198,29.7925],[-98.323,29.7858],[-98.3172,29.7882],[-98.3157,29.7837],[-98.3128,29.7853],[-98.3136,29.7911],[-98.3118,29.789],[-98.3089,29.7915],[-98.3075,29.7849],[-98.3046,29.7847],[-98.3037,29.7892],[-98.2991,29.7904],[-98.2994,29.7959],[-98.3039,29.8002],[-98.3114,29.7993],[-98.3021,29.8069],[-98.2972,29.808],[-98.2928,29.8058],[-98.2941,29.8003],[-98.2926,29.7991],[-98.2911,29.8008],[-98.2872,29.8003],[-98.2891,29.7937],[-98.2865,29.7917],[-98.2826,29.7931],[-98.2832,29.7963],[-98.2778,29.796],[-98.2787,29.8014],[-98.2805,29.8024],[-98.2786,29.8045],[-98.2733,29.8008],[-98.268,29.8002],[-98.2789,29.7916],[-98.3079,29.7802],[-98.3165,29.7751],[-98.3242,29.7624],[-98.3159,29.7621],[-98.3172,29.7591],[-98.3139,29.7511],[-98.3091,29.7548],[-98.3098,29.7495],[-98.3082,29.7472],[-98.3054,29.747],[-98.3045,29.7407],[-98.2987,29.7458],[-98.2993,29.7522],[-98.2978,29.7525],[-98.2965,29.749],[-98.2932,29.749],[-98.2912,29.7507],[-98.2916,29.7557],[-98.2891,29.7534],[-98.286,29.7538],[-98.2851,29.7573],[-98.2801,29.76],[-98.2836,29.7649],[-98.2768,29.7636],[-98.2729,29.7651],[-98.2883,29.7497],[-98.3178,29.7317],[-98.3204,29.7333],[-98.3192,29.7346],[-98.3221,29.7382],[-98.3218,29.7409],[-98.3187,29.7439],[-98.3125,29.7446],[-98.3161,29.7463],[-98.3171,29.75],[-98.3194,29.7504],[-98.3191,29.7552],[-98.3214,29.7569],[-98.3272,29.7568],[-98.3298,29.7534],[-98.3292,29.7584],[-98.3375,29.7585],[-98.3335,29.7641],[-98.3304,29.7643],[-98.3229,29.7711],[-98.3252,29.7719],[-98.3407,29.7621],[-98.3484,29.7522],[-98.3459,29.7499],[-98.3537,29.7443],[-98.3519,29.7432],[-98.3529,29.7403],[-98.358,29.738],[-98.358,29.7349],[-98.3612,29.7354],[-98.3637,29.7329],[-98.3582,29.7329],[-98.3461,29.7444],[-98.3427,29.7451],[-98.341,29.7474],[-98.3366,29.7474],[-98.3546,29.7326],[-98.3478,29.7272],[-98.3382,29.726],[-98.3373,29.7159],[-98.3333,29.7165],[-98.332,29.7111],[-98.3345,29.7109],[-98.3359,29.7133],[-98.3455,29.7046],[-98.3585,29.7018],[-98.358,29.6986],[-98.3614,29.7012],[-98.3635,29.7],[-98.3711,29.7019],[-98.3753,29.7012],[-98.3758,29.695],[-98.3731,29.6964],[-98.3714,29.6929],[-98.3733,29.6922],[-98.3736,29.6854],[-98.3786,29.6782],[-98.3797,29.6672],[-98.3825,29.6647],[-98.3862,29.664],[-98.3833,29.6681],[-98.3852,29.6715],[-98.3883,29.6701],[-98.3859,29.6742],[-98.3923,29.6737],[-98.3948,29.6694],[-98.3979,29.6684],[-98.4008,29.6731],[-98.3972,29.6715],[-98.3952,29.6747],[-98.4045,29.678],[-98.4019,29.6813],[-98.4057,29.6815],[-98.4069,29.6848],[-98.4124,29.6841],[-98.4147,29.6876],[-98.4213,29.6885],[-98.4169,29.6908],[-98.4205,29.6961],[-98.4246,29.6855],[-98.4409,29.6745],[-98.441,29.677],[-98.445,29.6787],[-98.4447,29.6813],[-98.4479,29.6827],[-98.4465,29.6856],[-98.451,29.6862],[-98.4478,29.6883],[-98.4539,29.6946],[-98.4522,29.7006],[-98.455,29.7005],[-98.4899,29.6814],[-98.5111,29.6638],[-98.5476,29.6429],[-98.5611,29.6302],[-98.5743,29.6245],[-98.5739,29.6274],[-98.5801,29.6268],[-98.5774,29.6322],[-98.5846,29.6304],[-98.585,29.6288],[-98.5901,29.6277],[-98.5879,29.6259],[-98.5905,29.6243],[-98.5863,29.6238],[-98.5882,29.6189],[-98.5955,29.6176],[-98.5981,29.619],[-98.6043,29.6188],[-98.5982,29.617],[-98.6048,29.614],[-98.6073,29.6154],[-98.6195,29.6128],[-98.6236,29.6091],[-98.6212,29.6074],[-98.6315,29.602],[-98.6365,29.6069],[-98.635,29.6086],[-98.6313,29.6045],[-98.6295,29.6046],[-98.632,29.6093],[-98.6297,29.6107],[-98.6388,29.6133],[-98.6395,29.6155],[-98.6424,29.6163],[-98.6397,29.6186],[-98.6466,29.618],[-98.6501,29.6194],[-98.6474,29.6212],[-98.6499,29.6252],[-98.6546,29.6228],[-98.6569,29.6235],[-98.6523,29.6272],[-98.6555,29.6287],[-98.6589,29.635],[-98.6543,29.6357],[-98.6543,29.6324],[-98.652,29.6313],[-98.6506,29.6322],[-98.6526,29.6344],[-98.6464,29.6389],[-98.6459,29.6348],[-98.6487,29.6284],[-98.646,29.6285],[-98.646,29.6262],[-98.6419,29.6241],[-98.6431,29.6308],[-98.6414,29.6332],[-98.6386,29.6322],[-98.6387,29.629],[-98.635,29.6278],[-98.6374,29.6216],[-98.6347,29.6205],[-98.6342,29.6178],[-98.6324,29.6191],[-98.6311,29.6173],[-98.6298,29.6187],[-98.6323,29.6236],[-98.6313,29.6253],[-98.6287,29.6232],[-98.6269,29.6252],[-98.6251,29.6235],[-98.6237,29.6254],[-98.6202,29.6242],[-98.6261,29.62],[-98.6238,29.6188],[-98.6262,29.6173],[-98.6239,29.6132],[-98.6225,29.6156],[-98.6175,29.6169],[-98.6196,29.6182],[-98.619,29.6198],[-98.6125,29.6197],[-98.6149,29.6214],[-98.613,29.6235],[-98.6186,29.6239],[-98.6204,29.6267],[-98.6256,29.6274],[-98.6209,29.6323],[-98.6264,29.6308],[-98.6274,29.6342],[-98.6316,29.6357],[-98.6288,29.6399],[-98.6304,29.642],[-98.6334,29.6394],[-98.6367,29.6415],[-98.6407,29.64],[-98.6396,29.6426],[-98.6412,29.6444],[-98.6447,29.6426],[-98.6541,29.642],[-98.6543,29.6438],[-98.6517,29.6447],[-98.6524,29.6462],[-98.6618,29.6493],[-98.6597,29.6502],[-98.66,29.6524],[-98.6561,29.6508],[-98.6549,29.6518],[-98.6506,29.6475],[-98.6451,29.6468],[-98.6467,29.6499],[-98.6534,29.6534],[-98.6512,29.6554],[-98.6426,29.6539],[-98.6384,29.6494],[-98.6374,29.6512],[-98.6397,29.6538],[-98.6353,29.6552],[-98.6363,29.6598],[-98.6393,29.6585],[-98.641,29.6598],[-98.6452,29.6564],[-98.6477,29.6562],[-98.6481,29.6582],[-98.6625,29.6548],[-98.6681,29.6516],[-98.6701,29.6484],[-98.6705,29.6467],[-98.6672,29.6446],[-98.6695,29.6417],[-98.666,29.6403],[-98.6636,29.6465],[-98.662,29.6398],[-98.6569,29.6392],[-98.6605,29.6359],[-98.664,29.6357],[-98.6637,29.632],[-98.6662,29.6327],[-98.6682,29.6303],[-98.6667,29.6291],[-98.6709,29.6269],[-98.6695,29.6246],[-98.671,29.6209],[-98.6667,29.6243],[-98.6619,29.6252],[-98.6671,29.621],[-98.67,29.6149],[-98.6731,29.6162],[-98.6754,29.6123],[-98.6804,29.6102],[-98.676,29.6063],[-98.6762,29.604],[-98.6837,29.5991],[-98.6841,29.596],[-98.6816,29.5963],[-98.6805,29.5943],[-98.6852,29.5901],[-98.6852,29.5877],[-98.6832,29.587],[-98.6849,29.5841],[-98.6824,29.5833],[-98.6873,29.5802],[-98.6857,29.5741],[-98.689,29.5672],[-98.6419,29.5872],[-98.6359,29.5872],[-98.6429,29.5825],[-98.6421,29.578],[-98.6314,29.5813],[-98.6281,29.5787],[-98.6224,29.5823],[-98.6201,29.5785],[-98.5866,29.5929],[-98.5751,29.5944],[-98.5446,29.6026],[-98.544,29.6004],[-98.5513,29.594],[-98.5595,29.597],[-98.5743,29.5934],[-98.5771,29.5862],[-98.5872,29.5789],[-98.5874,29.5714],[-98.5913,29.5706],[-98.5906,29.5672],[-98.595,29.5633],[-98.5982,29.5627],[-98.5965,29.5593],[-98.5945,29.5594],[-98.5925,29.5624],[-98.5838,29.5603],[-98.5809,29.5574],[-98.5781,29.558],[-98.5774,29.5523],[-98.5705,29.5542],[-98.5718,29.5505],[-98.5602,29.5607],[-98.5603,29.5626],[-98.5639,29.5636],[-98.5638,29.566],[-98.5596,29.5679],[-98.5577,29.5657],[-98.5536,29.5653],[-98.5363,29.5783],[-98.5264,29.5822],[-98.526,29.5853],[-98.5291,29.5863],[-98.5342,29.5833],[-98.5359,29.5831],[-98.5361,29.5852],[-98.5272,29.5978],[-98.5245,29.5959],[-98.5253,29.5907],[-98.5149,29.5838],[-98.5012,29.5893],[-98.4785,29.5892],[-98.4781,29.5849],[-98.4728,29.5774],[-98.4667,29.5769],[-98.4571,29.5797],[-98.4604,29.5754],[-98.4539,29.5773],[-98.4496,29.5794],[-98.4495,29.587],[-98.4469,29.5905],[-98.4314,29.5972],[-98.4324,29.5944],[-98.4211,29.599],[-98.4144,29.6045],[-98.4146,29.6001],[-98.4103,29.6021],[-98.402,29.6005],[-98.3895,29.6065],[-98.3902,29.6108],[-98.3854,29.6125],[-98.3864,29.6142],[-98.3715,29.6232],[-98.3648,29.6246],[-98.3484,29.6241],[-98.3481,29.6263],[-98.344,29.6284],[-98.3396,29.6267],[-98.3296,29.6285],[-98.3302,29.6336],[-98.3266,29.6343],[-98.3265,29.6407],[-98.333,29.6393],[-98.3379,29.6349],[-98.3375,29.6385],[-98.3428,29.6394],[-98.3419,29.6443],[-98.3376,29.6481],[-98.328,29.6638],[-98.3137,29.6676],[-98.2883,29.6854],[-98.2592,29.6999],[-98.2535,29.7054],[-98.2546,29.7077],[-98.2617,29.7044],[-98.2537,29.7127],[-98.2494,29.7137],[-98.2403,29.7109],[-98.2348,29.7223],[-98.2302,29.725],[-98.2258,29.7209],[-98.2223,29.7242],[-98.2279,29.7263],[-98.2074,29.7373],[-98.1792,29.747],[-98.1501,29.7527],[-98.1348,29.7617],[-98.1017,29.7765],[-98.0847,29.7794],[-98.0569,29.8003],[-98.0458,29.805],[-98.0141,29.8301],[-98.018,29.8331],[-98.0267,29.8333],[-98.0269,29.8374],[-98.0289,29.8386],[-98.0332,29.8362],[-98.0353,29.8374],[-98.0425,29.8325],[-98.056,29.8314],[-98.0553,29.8324],[-98.0455,29.8397],[-98.0378,29.8416],[-98.0122,29.8561],[-97.9943,29.8705],[-97.9888,29.8781],[-97.995,29.8666],[-98.0008,29.8608],[-98.0,29.8578],[-97.9962,29.8558],[-97.9925,29.8556],[-97.9758,29.8631],[-97.9556,29.8756],[-97.9618,29.8755],[-97.9683,29.8784],[-97.9664,29.8887],[-97.9618,29.8924],[-97.9624,29.8941],[-97.9642,29.8951],[-97.9699,29.8917],[-97.9707,29.895],[-97.974,29.8974],[-97.9787,29.8978],[-97.9811,29.9005],[-97.9693,29.9077],[-97.9506,29.9117],[-97.9479,29.9102],[-97.9493,29.9079],[-97.948,29.9067],[-97.9418,29.9033],[-97.9379,29.9024],[-97.9322,29.9041],[-97.9392,29.9038],[-97.9426,29.9054],[-97.9412,29.9079],[-97.9429,29.911],[-97.9386,29.9132],[-97.938,29.9154],[-97.9441,29.9156],[-97.9418,29.9219],[-97.9451,29.9193],[-97.9486,29.9196],[-97.9502,29.9242],[-97.9488,29.9337],[-97.9505,29.9329],[-97.9577,29.9428],[-97.9485,29.953],[-97.9571,29.9503],[-97.9506,29.9587],[-97.951,29.9613],[-97.9468,29.969],[-97.942,29.9756],[-97.9287,29.9873],[-97.9283,29.9921],[-97.9357,29.9852],[-97.9468,29.9797],[-97.9649,29.9605],[-97.9691,29.9597],[-97.9696,29.9638],[-97.9746,29.96],[-97.9778,29.961],[-97.9892,29.9526],[-97.992,29.9536],[-97.9911,29.9588],[-97.9674,29.9802],[-97.961,29.9822],[-97.9552,29.9877],[-97.9345,29.9967],[-97.9233,30.0111],[-97.9247,30.0148],[-97.9291,30.014],[-97.9289,30.0173],[-97.9041,30.0412],[-97.8809,30.0701],[-97.8812,30.0751],[-97.8689,30.088],[-97.869,30.0895],[-97.8728,30.0888],[-97.8732,30.0922],[-97.886,30.0865],[-97.8938,30.0874],[-97.8927,30.089],[-97.9037,30.0878],[-97.9048,30.0915],[-97.8832,30.1098],[-97.8764,30.1188],[-97.8634,30.1247],[-97.8621,30.1308],[-97.8643,30.1457],[-97.8583,30.1602],[-97.8419,30.1831],[-97.8397,30.1887],[-97.8539,30.1772],[-97.8475,30.191],[-97.8506,30.1899],[-97.8461,30.1988]],[[-98.0988,29.9383],[-98.0953,29.938],[-98.0922,29.9302],[-98.0856,29.9321],[-98.0971,29.9245],[-98.0987,29.9282],[-98.0966,29.9314],[-98.1001,29.9379],[-98.1173,29.9337],[-98.1315,29.9347],[-98.1283,29.9369],[-98.1181,29.9353],[-98.1146,29.9394],[-98.1097,29.9392],[-98.1053,29.9429],[-98.0951,29.9447],[-98.0912,29.9477],[-98.0883,29.9482],[-98.0896,29.9459],[-98.0872,29.9445],[-98.0812,29.9461],[-98.0746,29.9524],[-98.0721,29.9523],[-98.0671,29.959],[-98.0605,29.9575],[-98.0822,29.9441],[-98.0988,29.9383]],[[-98.6502,29.5917],[-98.661,29.5871],[-98.6635,29.5905],[-98.6699,29.5911],[-98.667,29.5932],[-98.6698,29.5965],[-98.6706,29.6014],[-98.6684,29.5995],[-98.6667,29.6019],[-98.6629,29.6002],[-98.6656,29.5976],[-98.6645,29.5938],[-98.6628,29.5942],[-98.6631,29.5966],[-98.6608,29.5955],[-98.6607,29.5976],[-98.6574,29.5945],[-98.6563,29.5979],[-98.6622,29.6053],[-98.6651,29.605],[-98.6647,29.6078],[-98.6703,29.608],[-98.6689,29.6094],[-98.6705,29.6116],[-98.6677,29.6124],[-98.6672,29.6167],[-98.6648,29.6121],[-98.6613,29.6146],[-98.6594,29.6196],[-98.6591,29.6181],[-98.6564,29.6185],[-98.6619,29.6086],[-98.6599,29.6091],[-98.6596,29.6061],[-98.6569,29.606],[-98.6543,29.6073],[-98.6567,29.6129],[-98.6558,29.6139],[-98.653,29.6111],[-98.6545,29.616],[-98.6531,29.6176],[-98.6509,29.6169],[-98.6501,29.6093],[-98.652,29.6071],[-98.6495,29.6057],[-98.6556,29.6018],[-98.6517,29.599],[-98.6526,29.5948],[-98.6502,29.5917]],[[-97.9867,29.9131],[-97.9895,29.9029],[-97.9938,29.8989],[-97.9953,29.8995],[-97.9985,29.903],[-97.9867,29.9131]],[[-98.6351,29.6007],[-98.6382,29.5989],[-98.6424,29.5997],[-98.6413,29.604],[-98.6449,29.6078],[-98.6439,29.6096],[-98.6466,29.6116],[-98.6461,29.6145],[-98.6412,29.6091],[-98.6387,29.6101],[-98.6395,29.6051],[-98.6351,29.6007]],[[-98.1337,29.9351],[-98.1403,29.935],[-98.1379,29.9375],[-98.1337,29.9351]]]}},
{"type":"Feature","properties":{"name":"Edwards (Balcones Fault Zone)"},"geometry":{"type":"Polygon","coordinates":[[[-98.2197,29.7037],[-98.2144,29.7107],[-98.2017,29.7185],[-98.1999,29.7224],[-98.2142,29.7127],[-98.2239,29.7086],[-98.228,29.7096],[-98.2301,29.7129],[-98.2347,29.7113],[-98.2534,29.6993],[-98.2577,29.6947],[-98.2564,29.6918],[-98.2599,29.6893],[-98.264,29.6885],[-98.2696,29.6904],[-98.2706,29.6862],[-98.2857,29.6749],[-98.2796,29.672],[-98.2822,29.6671],[-98.2885,29.6686],[-98.2878,29.6731],[-98.2925,29.6701],[-98.2964,29.6698],[-98.2965,29.6727],[-98.3021,29.6733],[-98.3055,29.6689],[-98.3082,29.6702],[-98.3091,29.6688],[-98.3038,29.6643],[-98.3094,29.662],[-98.3091,29.6564],[-98.2912,29.6577],[-98.2798,29.6613],[-98.2837,29.6574],[-98.2913,29.6555],[-98.2959,29.6496],[-98.2923,29.6422],[-98.2931,29.6396],[-98.2883,29.6409],[-98.2867,29.639],[-98.2886,29.637],[-98.2847,29.6374],[-98.2855,29.6288],[-98.2795,29.6282],[-98.2723,29.6312],[-98.245,29.6486],[-98.2039,29.6669],[-98.173,29.6856],[-98.1425,29.7075],[-98.1176,29.7302],[-98.1112,29.7338],[-98.1085,29.7414],[-98.1063,29.7399],[-98.0986,29.7478],[-98.1015,29.7504],[-98.1033,29.7472],[-98.1089,29.7481],[-98.105,29.753],[-98.1102,29.7573],[-98.1252,29.7554],[-98.1229,29.7624],[-98.1375,29.7539],[-98.1392,29.7561],[-98.1428,29.7534],[-98.1417,29.7514],[-98.1575,29.7424],[-98.1762,29.743],[-98.1741,29.7421],[-98.175,29.74],[-98.1782,29.7394],[-98.1953,29.7257],[-98.202,29.7161],[-98.2004,29.7138],[-98.1975,29.7155],[-98.1974,29.7118],[-98.1942,29.7121],[-98.1917,29.719],[-98.1891,29.714],[-98.1878,29.7162],[-98.1825,29.7166],[-98.1806,29.7144],[-98.1838,29.7108],[-98.1851,29.7128],[-98.1922,29.7055],[-98.1962,29.707],[-98.1994,29.7118],[-98.2025,29.7119],[-98.2277,29.6981],[-98.232,29.7006],[-98.2282,29.7059],[-98.2197,29.7037]],[[-98.1784,29.7178],[-98.1773,29.7156],[-98.179,29.7149],[-98.1798,29.7154],[-98.1784,29.7178]],[[-98.2295,29.6977],[-98.2326,29.6931],[-98.236,29.6894],[-98.2344,29.6951],[-98.2295,29.6977]]]}},
{"type":"Feature","properties":{"name":"Edwards (Balcones Fault Zone)"},"geometry":{"type":"MultiPolygon","coordinates":[[[[-99.0,29.552],[-99.0,29.451],[-98.9953,29.4496],[-98.9868,29.4533],[-98.9776,29.4639],[-98.9605,29.4732],[-98.9566,29.4725],[-98.9111,29.4956],[-98.9058,29.5015],[-98.8826,29.5157],[-98.8163,29.5312],[-98.8047,29.5323],[-98.7927,29.5369],[-98.7702,29.5395],[-98.7596,29.5383],[-98.7679,29.5459],[-98.7665,29.548],[-98.7705,29.5541],[-98.7691,29.5561],[-98.7644,29.5526],[-98.7621,29.5557],[-98.7623,29.5508],[-98.76,29.5495],[-98.7447,29.5539],[-98.7317,29.5555],[-98.7005,29.5643],[-98.7008,29.5676],[-98.6972,29.568],[-98.6944,29.5719],[-98.6986,29.5767],[-98.7085,29.5786],[-98.7087,29.5801],[-98.705,29.5803],[-98.7059,29.5834],[-98.7039,29.5868],[-98.7049,29.5885],[-98.7088,29.5875],[-98.7079,29.5935],[-98.7126,29.5909],[-98.7176,29.5914],[-98.7189,29.588],[-98.7235,29.5882],[-98.7196,29.5934],[-98.7261,29.6015],[-98.7197,29.6002],[-98.7191,29.5971],[-98.7157,29.5944],[-98.7154,29.5992],[-98.7131,29.598],[-98.7105,29.6001],[-98.7122,29.6041],[-98.7217,29.6065],[-98.7249,29.6109],[-98.7356,29.6087],[-98.7323,29.6129],[-98.7382,29.6141],[-98.8047,29.587],[-98.8025,29.5823],[-98.8087,29.5765],[-98.8078,29.57],[-98.8112,29.5659],[-98.8103,29.5636],[-98.8197,29.5625],[-98.821,29.558],[-98.8254,29.5549],[-98.824,29.5513],[-98.8181,29.5468],[-98.8186,29.5396],[-98.8217,29.5448],[-98.8307,29.544],[-98.8355,29.5462],[-98.8388,29.5506],[-98.8399,29.5553],[-98.8363,29.5581],[-98.8427,29.5605],[-98.8338,29.5617],[-98.8305,29.5665],[-98.8363,29.5676],[-98.8382,29.5707],[-98.8496,29.5662],[-98.8491,29.5691],[-98.8457,29.57],[-98.8482,29.5723],[-98.8428,29.572],[-98.8394,29.5739],[-98.847,29.5742],[-98.8454,29.5758],[-98.8472,29.5769],[-98.8518,29.5777],[-98.854,29.5762],[-98.8567,29.5778],[-98.8559,29.5804],[-98.849,29.5799],[-98.8506,29.5811],[-98.8457,29.5849],[-98.8446,29.5791],[-98.8399,29.5783],[-98.8386,29.5799],[-98.8412,29.5816],[-98.8417,29.587],[-98.839,29.5838],[-98.8336,29.5854],[-98.8347,29.5805],[-98.8342,29.5784],[-98.8308,29.5775],[-98.8317,29.5736],[-98.8281,29.5762],[-98.8255,29.5717],[-98.8235,29.5743],[-98.8246,29.5807],[-98.8205,29.5789],[-98.8183,29.5811],[-98.8159,29.5794],[-98.8146,29.5812],[-98.8164,29.5849],[-98.8197,29.5837],[-98.8217,29.5857],[-98.8254,29.5854],[-98.8297,29.5903],[-98.8377,29.5898],[-98.8381,29.5927],[-98.8279,29.5937],[-98.824,29.5992],[-98.8257,29.6002],[-98.8304,29.5984],[-98.8289,29.6029],[-98.8305,29.6046],[-98.8328,29.6032],[-98.833,29.5992],[-98.8364,29.599],[-98.842,29.6056],[-98.8455,29.6051],[-98.8451,29.6087],[-98.8511,29.6094],[-98.8517,29.6117],[-98.8472,29.6147],[-98.8508,29.6137],[-98.85,29.6166],[-98.8515,29.6162],[-98.8521,29.6182],[-98.8541,29.6186],[-98.8557,29.6165],[-98.8582,29.6188],[-98.8522,29.6211],[-98.8516,29.6255],[-98.859,29.6235],[-98.859,29.621],[-98.8658,29.6169],[-98.8665,29.6142],[-98.859,29.6179],[-98.8586,29.6155],[-98.8556,29.6143],[-98.8607,29.614],[-98.8617,29.6112],[-98.8671,29.6106],[-98.867,29.6086],[-98.8777,29.606],[-98.8826,29.6026],[-98.8766,29.6047],[-98.8801,29.6006],[-98.8864,29.6011],[-98.8897,29.5977],[-98.8951,29.5975],[-98.8932,29.5948],[-98.8986,29.5945],[-98.8987,29.592],[-98.8924,29.5926],[-98.8929,29.5886],[-98.8887,29.5903],[-98.8899,29.5941],[-98.8868,29.5928],[-98.8879,29.5954],[-98.885,29.5962],[-98.8852,29.5981],[-98.8823,29.5969],[-98.878,29.5997],[-98.878,29.5964],[-98.8822,29.5934],[-98.8794,29.5933],[-98.8771,29.5908],[-98.8756,29.5987],[-98.8734,29.5968],[-98.874,29.6016],[-98.872,29.601],[-98.8721,29.6038],[-98.8698,29.6039],[-98.8683,29.5985],[-98.8703,29.5955],[-98.8698,29.5913],[-98.8666,29.5939],[-98.867,29.6024],[-98.8638,29.6069],[-98.8626,29.6031],[-98.8588,29.6063],[-98.8587,29.6021],[-98.8557,29.6028],[-98.8644,29.598],[-98.8622,29.5959],[-98.8592,29.5974],[-98.8586,29.5946],[-98.8606,29.5934],[-98.8591,29.5927],[-98.856,29.594],[-98.8573,29.5995],[-98.8539,29.5999],[-98.8527,29.5954],[-98.8493,29.5967],[-98.8531,29.6034],[-98.852,29.6065],[-98.8479,29.5998],[-98.8439,29.6008],[-98.8442,29.5977],[-98.8471,29.5963],[-98.8487,29.5923],[-98.8423,29.5912],[-98.8529,29.5883],[-98.8565,29.5866],[-98.8575,29.5839],[-98.8612,29.5845],[-98.8622,29.5824],[-98.8641,29.5848],[-98.8669,29.5846],[-98.8673,29.5821],[-98.8698,29.5839],[-98.8708,29.5822],[-98.8791,29.584],[-98.8804,29.5824],[-98.8775,29.5783],[-98.8805,29.5786],[-98.8835,29.5822],[-98.8853,29.5806],[-98.8901,29.5813],[-98.8885,29.5786],[-98.8924,29.5793],[-98.894,29.5752],[-98.8861,29.5767],[-98.8878,29.5736],[-98.8836,29.573],[-98.8809,29.5752],[-98.8817,29.5704],[-98.888,29.5684],[-98.8891,29.57],[-98.8928,29.5683],[-98.8962,29.5702],[-98.9012,29.5672],[-98.8968,29.5663],[-98.9008,29.5613],[-98.9028,29.561],[-98.9027,29.5631],[-98.9051,29.5625],[-98.9059,29.5642],[-98.9076,29.5615],[-98.906,29.5586],[-98.9095,29.558],[-98.9107,29.5614],[-98.9136,29.5585],[-98.9102,29.5556],[-98.9064,29.5556],[-98.9007,29.557],[-98.9021,29.5588],[-98.8995,29.5609],[-98.8965,29.5573],[-98.8929,29.5582],[-98.8911,29.561],[-98.8886,29.5581],[-98.8974,29.5533],[-98.894,29.5516],[-98.8977,29.5453],[-98.9022,29.5429],[-98.9001,29.548],[-98.9026,29.5543],[-98.9133,29.5517],[-98.9175,29.5527],[-98.9261,29.5489],[-98.926,29.5455],[-98.9321,29.5397],[-98.934,29.5306],[-98.9381,29.5382],[-98.9343,29.5407],[-98.9335,29.5514],[-98.9348,29.5529],[-98.9299,29.5558],[-98.9308,29.5571],[-98.9398,29.5565],[-98.9451,29.5528],[-98.9463,29.555],[-98.9514,29.5518],[-98.9597,29.5528],[-98.9621,29.5499],[-98.9613,29.5484],[-98.9649,29.5483],[-98.9644,29.5522],[-98.9724,29.5493],[-98.979,29.5507],[-98.98,29.5482],[-98.9814,29.5511],[-98.984,29.5506],[-98.9836,29.5546],[-98.9864,29.5551],[-98.996,29.5491],[-98.9977,29.5517],[-99.0,29.552]]],[[[-99.0,29.5712],[-99.0,29.5579],[-98.9991,29.5561],[-98.9973,29.5597],[-98.9908,29.5628],[-98.9897,29.5651],[-98.9957,29.5658],[-99.0,29.5712]]],[[[-99.0,29.5823],[-99.0,29.5729],[-98.9932,29.5696],[-98.993,29.5724],[-98.9954,29.5738],[-98.9932,29.5755],[-98.9895,29.5718],[-98.9901,29.5776],[-98.987,29.5756],[-98.9887,29.584],[-98.9971,29.5793],[-98.9963,29.5835],[-99.0,29.5823]]]]}},
{"type":"Feature","properties":{"name":"Edwards (Balcones Fault Zone)"},"geometry":{"type":"Polygon","coordinates":[[[-98.6963,29.5651],[-98.6969,29.5597],[-98.702,29.5568],[-98.6977,29.556],[-98.6964,29.5494],[-98.6942,29.5531],[-98.6949,29.5594],[-98.6912,29.5625],[-98.6885,29.5564],[-98.6845,29.5563],[-98.6869,29.564],[-98.6857,29.5646],[-98.678,29.5575],[-98.6662,29.5564],[-98.6551,29.5497],[-98.6532,29.5422],[-98.6473,29.5422],[-98.6409,29.5517],[-98.629,29.555],[-98.6287,29.5562],[-98.6369,29.5556],[-98.6446,29.552],[-98.6505,29.5524],[-98.6517,29.5561],[-98.654,29.5557],[-98.6553,29.5592],[-98.6489,29.5603],[-98.6412,29.5669],[-98.6465,29.5672],[-98.6477,29.572],[-98.6426,29.5761],[-98.6451,29.5775],[-98.6528,29.5757],[-98.6571,29.5773],[-98.6595,29.5735],[-98.6746,29.5687],[-98.678,29.5657],[-98.6857,29.5654],[-98.6902,29.5675],[-98.6963,29.5651]]]}},
{"type":"Feature","properties":{"name":"Edwards-Trinity (Plateau)"},"geometry":{"type":"MultiPolygon","coordinates":[[[[-99.0,30.0326],[-99.0,30.0296],[-98.9986,30.0289],[-98.9967,30.0321],[-99.0,30.0326]]],[[[-99.0,30.062],[-99.0,30.0589],[-98.999,30.0615],[-99.0,30.062]]],[[[-99.0,30.0784],[-99.0,30.0719],[-98.9984,30.0724],[-98.9994,30.0674],[-98.9962,30.0662],[-98.9954,30.0722],[-98.9921,30.0728],[-98.9928,30.0806],[-98.9892,30.0795],[-98.9869,30.0812],[-98.9871,30.0849],[-98.9901,30.0876],[-98.9868,30.087],[-98.9873,30.0951],[-98.9933,30.0965],[-98.9904,30.0991],[-98.989,30.0973],[-98.9866,30.0979],[-98.984,30.0844],[-98.9821,30.0836],[-98.9784,30.086],[-98.9774,30.085],[-98.9873,30.0789],[-98.9881,30.0735],[-98.9837,30.0751],[-98.9812,30.0739],[-98.9748,30.0801],[-98.9744,30.0759],[-98.9788,30.0737],[-98.974,30.0671],[-98.9763,30.0651],[-98.9779,30.0687],[-98.981,30.0701],[-98.9826,30.0692],[-98.9816,30.0672],[-98.9873,30.0681],[-98.9839,30.0652],[-98.987,30.0638],[-98.9793,30.0618],[-98.9871,30.0605],[-98.9881,30.059],[-98.9845,30.0571],[-98.9799,30.0587],[-98.9805,30.0555],[-98.9775,30.0519],[-98.975,30.0539],[-98.9748,30.0587],[-98.9673,30.0538],[-98.9718,30.0633],[-98.97,30.0647],[-98.969,30.0619],[-98.9642,30.0623],[-98.965,30.0669],[-98.9624,30.0689],[-98.9645,30.0715],[-98.959,30.0738],[-98.9598,30.0688],[-98.9573,30.0662],[-98.9542,30.0659],[-98.9516,30.0682],[-98.9537,30.0729],[-98.9518,30.0758],[-98.9505,30.0702],[-98.9484,30.0703],[-98.9488,30.0673],[-98.945,30.0683],[-98.9507,30.0613],[-98.9552,30.0609],[-98.9557,30.0587],[-98.9597,30.0564],[-98.9568,30.0555],[-98.957,30.053],[-98.9606,30.0527],[-98.9562,30.0513],[-98.9533,30.0536],[-98.9543,30.0561],[-98.9516,30.059],[-98.9505,30.0571],[-98.9475,30.0578],[-98.9489,30.0532],[-98.9454,30.0558],[-98.9428,30.05],[-98.9471,30.0512],[-98.9506,30.048],[-98.9475,30.0468],[-98.9455,30.048],[-98.9443,30.044],[-98.9481,30.0437],[-98.949,30.0415],[-98.9472,30.0393],[-98.9523,30.0382],[-98.9511,30.0362],[-98.9476,30.0367],[-98.9484,30.0339],[-98.9452,30.0305],[-98.9433,30.0426],[-98.9364,30.0465],[-98.9338,30.0427],[-98.9359,30.041],[-98.9351,30.0353],[-98.9317,30.037],[-98.9286,30.0323],[-98.9239,30.0314],[-98.9231,30.029],[-98.9215,30.0306],[-98.9141,30.0314],[-98.9217,30.0355],[-98.921,30.0385],[-98.9173,30.0378],[-98.9181,30.04],[-98.923,30.0405],[-98.9237,30.0348],[-98.929,30.0388],[-98.9267,30.041],[-98.93,30.041],[-98.9289,30.0449],[-98.9314,30.0447],[-98.9324,30.049],[-98.9301,30.0474],[-98.9231,30.0475],[-98.9212,30.05],[-98.9287,30.0497],[-98.9295,30.0548],[-98.9328,30.0518],[-98.9353,30.0534],[-98.938,30.0516],[-98.9392,30.0547],[-98.9349,30.0556],[-98.9349,30.0572],[-98.9312,30.0569],[-98.9329,30.0612],[-98.9268,30.0573],[-98.921,30.0567],[-98.9249,30.0595],[-98.9243,30.0616],[-98.9369,30.0658],[-98.9344,30.0676],[-98.9382,30.0716],[-98.9352,30.0713],[-98.9334,30.0732],[-98.9315,30.0668],[-98.9294,30.0666],[-98.9288,30.0697],[-98.9272,30.0663],[-98.9227,30.0655],[-98.922,30.0673],[-98.9242,30.0693],[-98.9228,30.0716],[-98.9295,30.077],[-98.9257,30.0758],[-98.9239,30.0775],[-98.9214,30.0747],[-98.9182,30.0787],[-98.9183,30.071],[-98.9148,30.0699],[-98.9177,30.0673],[-98.9179,30.0636],[-98.9146,30.0552],[-98.9129,30.057],[-98.9146,30.0645],[-98.9109,30.062],[-98.9121,30.0675],[-98.9094,30.0714],[-98.9078,30.0644],[-98.9058,30.0631],[-98.9084,30.0601],[-98.903,30.0599],[-98.902,30.0571],[-98.9064,30.0552],[-98.9056,30.053],[-98.9104,30.0484],[-98.9076,30.0464],[-98.9072,30.0486],[-98.9035,30.049],[-98.9041,30.0514],[-98.9007,30.0524],[-98.9011,30.0553],[-98.8985,30.0563],[-98.8963,30.0508],[-98.8927,30.0494],[-98.8984,30.0499],[-98.8934,30.0422],[-98.8942,30.0399],[-98.8997,30.0414],[-98.9002,30.038],[-98.897,30.0395],[-98.8938,30.038],[-98.8932,30.0325],[-98.8949,30.0308],[-98.8917,30.0276],[-98.8903,30.0195],[-98.8878,30.0185],[-98.883,30.0222],[-98.885,30.0257],[-98.889,30.0251],[-98.8883,30.0272],[-98.8818,30.0289],[-98.8896,30.0305],[-98.8901,30.0319],[-98.8874,30.0337],[-98.8856,30.0327],[-98.8816,30.034],[-98.88,30.0326],[-98.8776,30.0337],[-98.8823,30.0384],[-98.8829,30.0357],[-98.8874,30.0354],[-98.8892,30.037],[-98.8852,30.0386],[-98.8897,30.039],[-98.8905,30.0426],[-98.8832,30.0411],[-98.8819,30.0422],[-98.888,30.0469],[-98.8809,30.0459],[-98.8855,30.0508],[-98.8902,30.0513],[-98.8861,30.0545],[-98.8885,30.056],[-98.8889,30.0605],[-98.8932,30.0606],[-98.8944,30.0643],[-98.8896,30.0613],[-98.8871,30.0651],[-98.8873,30.0596],[-98.8848,30.0579],[-98.8815,30.0585],[-98.883,30.0556],[-98.8771,30.0499],[-98.8755,30.0502],[-98.8778,30.0557],[-98.8757,30.0559],[-98.8732,30.0526],[-98.8742,30.0504],[-98.8706,30.0481],[-98.8743,30.0463],[-98.8753,30.0434],[-98.8689,30.0422],[-98.8729,30.0385],[-98.8692,30.0394],[-98.8689,30.0374],[-98.8654,30.0379],[-98.8679,30.0339],[-98.8706,30.033],[-98.8646,30.0309],[-98.8685,30.0266],[-98.8664,30.0234],[-98.8657,30.0247],[-98.862,30.024],[-98.8644,30.0287],[-98.8594,30.0292],[-98.862,30.0308],[-98.8619,30.0335],[-98.8648,30.0336],[-98.8644,30.0359],[-98.8614,30.0377],[-98.8592,30.0351],[-98.8578,30.0358],[-98.858,30.0404],[-98.8632,30.039],[-98.8638,30.0409],[-98.8663,30.0413],[-98.8598,30.0438],[-98.8607,30.0472],[-98.864,30.0478],[-98.8609,30.0488],[-98.8534,30.0469],[-98.8561,30.0511],[-98.8584,30.0513],[-98.8587,30.0536],[-98.864,30.0502],[-98.8631,30.0529],[-98.8672,30.0511],[-98.8673,30.0533],[-98.8701,30.0528],[-98.8711,30.0568],[-98.8666,30.0552],[-98.8604,30.0565],[-98.86,30.0577],[-98.865,30.0581],[-98.8585,30.063],[-98.8642,30.0637],[-98.8666,30.0614],[-98.8728,30.0604],[-98.8705,30.0632],[-98.8764,30.0614],[-98.8793,30.0644],[-98.8784,30.0658],[-98.876,30.0645],[-98.8723,30.0665],[-98.866,30.0665],[-98.8681,30.0689],[-98.8772,30.0695],[-98.8721,30.0714],[-98.8627,30.0686],[-98.8618,30.0728],[-98.8582,30.0689],[-98.853,30.0683],[-98.8538,30.0716],[-98.8601,30.0761],[-98.865,30.0742],[-98.8643,30.0788],[-98.8668,30.0817],[-98.8687,30.0812],[-98.8692,30.0773],[-98.8716,30.0789],[-98.8777,30.0755],[-98.8717,30.0812],[-98.8765,30.0847],[-98.8884,30.0752],[-98.8873,30.0786],[-98.8825,30.082],[-98.8845,30.0845],[-98.8807,30.0847],[-98.8807,30.0865],[-98.8959,30.0865],[-98.8984,30.081],[-98.8982,30.09],[-98.9075,30.0869],[-98.9095,30.0879],[-98.9019,30.0907],[-98.9036,30.0957],[-98.9003,30.0958],[-98.8982,30.0917],[-98.8895,30.0921],[-98.8946,30.0966],[-98.8947,30.0993],[-98.8876,30.0957],[-98.8864,30.0918],[-98.884,30.0917],[-98.8833,30.0939],[-98.8798,30.0925],[-98.8792,30.0945],[-98.8829,30.1],[-98.888,30.1012],[-98.8851,30.1015],[-98.8842,30.1037],[-98.8801,30.1032],[-98.8829,30.1104],[-98.8808,30.1147],[-98.8792,30.1091],[-98.8764,30.1091],[-98.8784,30.1066],[-98.8769,30.1058],[-98.8771,30.0977],[-98.8697,30.0894],[-98.8703,30.0949],[-98.8677,30.0936],[-98.8664,30.0952],[-98.8649,30.0883],[-98.8627,30.0868],[-98.8577,30.0885],[-98.861,30.0922],[-98.8565,30.0926],[-98.8591,30.0966],[-98.865,30.1005],[-98.8633,30.1023],[-98.8636,30.1066],[-98.8617,30.1016],[-98.8565,30.0991],[-98.8557,30.1032],[-98.8515,30.102],[-98.854,30.0968],[-98.8511,30.0886],[-98.848,30.0972],[-98.8466,30.0916],[-98.8443,30.0905],[-98.8449,30.0995],[-98.8428,30.1007],[-98.8426,30.104],[-98.8397,30.1004],[-98.8414,30.0987],[-98.8394,30.092],[-98.8353,30.0932],[-98.8354,30.0982],[-98.8329,30.097],[-98.8338,30.0997],[-98.8321,30.1007],[-98.8307,30.0973],[-98.8321,30.0939],[-98.8282,30.0942],[-98.8351,30.0851],[-98.8308,30.0785],[-98.8294,30.0787],[-98.8302,30.0869],[-98.8271,30.0857],[-98.8264,30.0898],[-98.8225,30.0834],[-98.8204,30.0846],[-98.8211,30.0894],[-98.824,30.0923],[-98.8193,30.0926],[-98.8242,30.0988],[-98.82,30.0971],[-98.8178,30.0994],[-98.8157,30.0915],[-98.8146,30.0972],[-98.8126,30.0926],[-98.8109,30.093],[-98.8105,30.0989],[-98.8068,30.0949],[-98.7987,30.0991],[-98.7961,30.0988],[-98.798,30.0962],[-98.7967,30.0934],[-98.8005,30.0945],[-98.7993,30.0916],[-98.8028,30.0922],[-98.8065,30.0898],[-98.8048,30.0863],[-98.8086,30.0875],[-98.8102,30.0864],[-98.8077,30.0836],[-98.8098,30.0798],[-98.8092,30.0782],[-98.8076,30.0797],[-98.8058,30.0788],[-98.8025,30.0838],[-98.8044,30.0779],[-98.8033,30.0751],[-98.7957,30.0843],[-98.7965,30.0787],[-98.7931,30.0792],[-98.7936,30.0766],[-98.7966,30.0766],[-98.7978,30.0741],[-98.801,30.0745],[-98.801,30.0707],[-98.8036,30.0718],[-98.8058,30.0705],[-98.8092,30.0725],[-98.8123,30.068],[-98.8078,30.0678],[-98.8071,30.0647],[-98.8043,30.0655],[-98.8007,30.0636],[-98.7971,30.0646],[-98.796,30.0678],[-98.7932,30.0657],[-98.7882,30.0688],[-98.7866,30.0673],[-98.789,30.066],[-98.7877,30.0632],[-98.7935,30.0643],[-98.795,30.0633],[-98.794,30.0608],[-98.7973,30.0602],[-98.7929,30.0539],[-98.7944,30.0508],[-98.7956,30.0545],[-98.7996,30.0573],[-98.8045,30.0567],[-98.8058,30.0541],[-98.8015,30.0542],[-98.8004,30.0524],[-98.8018,30.0507],[-98.7986,30.0467],[-98.8028,30.0479],[-98.8035,30.0453],[-98.8062,30.0444],[-98.8057,30.0396],[-98.8034,30.0385],[-98.8009,30.0428],[-98.7983,30.0424],[-98.7997,30.0392],[-98.7957,30.0349],[-98.7997,30.0297],[-98.7917,30.0332],[-98.7928,30.036],[-98.7854,30.0338],[-98.7858,30.0302],[-98.7904,30.03],[-98.7882,30.0278],[-98.7896,30.0242],[-98.7931,30.0232],[-98.7944,30.026],[-98.7972,30.0234],[-98.7937,30.0158],[-98.792,30.0168],[-98.7921,30.0199],[-98.7875,30.0178],[-98.7869,30.0218],[-98.7828,30.019],[-98.7847,30.0164],[-98.7836,30.0153],[-98.7776,30.0215],[-98.7832,30.0224],[-98.7848,30.0254],[-98.7809,30.0258],[-98.7821,30.0313],[-98.7761,30.0355],[-98.7768,30.0381],[-98.7819,30.0341],[-98.7838,30.0361],[-98.7813,30.0387],[-98.7869,30.0376],[-98.7917,30.0393],[-98.7828,30.0411],[-98.7899,30.0452],[-98.7815,30.0448],[-98.7797,30.0485],[-98.7809,30.0499],[-98.79,30.0483],[-98.7869,30.0519],[-98.7842,30.0523],[-98.7877,30.0592],[-98.7805,30.0547],[-98.7799,30.0591],[-98.7817,30.0603],[-98.7798,30.0635],[-98.777,30.0585],[-98.7776,30.0535],[-98.7758,30.0529],[-98.7723,30.0548],[-98.7733,30.0567],[-98.7693,30.0574],[-98.7742,30.0612],[-98.7679,30.0609],[-98.7719,30.0623],[-98.7708,30.0648],[-98.7764,30.0662],[-98.7774,30.0682],[-98.7741,30.0715],[-98.7807,30.0786],[-98.7736,30.0746],[-98.7716,30.0727],[-98.7725,30.0706],[-98.77,30.0702],[-98.7712,30.0688],[-98.767,30.0657],[-98.7648,30.0659],[-98.765,30.0704],[-98.7615,30.0641],[-98.7587,30.0657],[-98.7615,30.0705],[-98.7657,30.0732],[-98.7677,30.0725],[-98.7701,30.0792],[-98.7725,30.0775],[-98.7739,30.0796],[-98.7764,30.0792],[-98.7782,30.0843],[-98.7741,30.0832],[-98.7731,30.0878],[-98.7772,30.0875],[-98.7787,30.0858],[-98.7832,30.0876],[-98.7779,30.0914],[-98.7828,30.0916],[-98.7822,30.0957],[-98.7857,30.0997],[-98.7808,30.0983],[-98.7789,30.1024],[-98.7777,30.0961],[-98.7721,30.091],[-98.771,30.0928],[-98.7728,30.0942],[-98.7733,30.103],[-98.7752,30.1052],[-98.7707,30.1038],[-98.7696,30.0973],[-98.7673,30.0993],[-98.7654,30.0982],[-98.7636,30.1035],[-98.765,30.0908],[-98.7625,30.0906],[-98.7621,30.093],[-98.7547,30.086],[-98.7557,30.0839],[-98.7519,30.0823],[-98.7502,30.0853],[-98.7565,30.0899],[-98.7541,30.0917],[-98.7585,30.0974],[-98.7537,30.0998],[-98.7536,30.0951],[-98.7519,30.094],[-98.7498,30.1],[-98.7489,30.094],[-98.7421,30.0878],[-98.7392,30.0876],[-98.7458,30.0963],[-98.7459,30.1032],[-98.7438,30.1024],[-98.7426,30.096],[-98.7391,30.0966],[-98.7389,30.0939],[-98.7374,30.0937],[-98.7365,30.0974],[-98.7399,30.1034],[-98.7391,30.1048],[-98.7375,30.1021],[-98.7339,30.1022],[-98.7337,30.1055],[-98.7293,30.1024],[-98.7318,30.1013],[-98.7318,30.0956],[-98.727,30.098],[-98.7295,30.091],[-98.7254,30.0901],[-98.7228,30.0924],[-98.7231,30.0855],[-98.7202,30.0861],[-98.7194,30.0928],[-98.7217,30.1014],[-98.7184,30.0992],[-98.7166,30.094],[-98.7135,30.0956],[-98.713,30.0945],[-98.7163,30.0927],[-98.718,30.0872],[-98.7113,30.0897],[-98.7099,30.0921],[-98.7088,30.09],[-98.7052,30.092],[-98.7057,30.09],[-98.7029,30.0886],[-98.7078,30.0877],[-98.709,30.0864],[-98.7059,30.0856],[-98.7066,30.0845],[-98.7105,30.0841],[-98.7124,30.0859],[-98.7139,30.0848],[-98.7132,30.0811],[-98.708,30.0812],[-98.7112,30.077],[-98.7171,30.0806],[-98.7222,30.078],[-98.7149,30.0775],[-98.7162,30.0736],[-98.7191,30.0734],[-98.7138,30.0717],[-98.7167,30.0668],[-98.7097,30.0656],[-98.7136,30.0636],[-98.7134,30.0606],[-98.7071,30.0626],[-98.7086,30.0602],[-98.7066,30.0584],[-98.7019,30.0598],[-98.7041,30.0621],[-98.7032,30.0641],[-98.7063,30.066],[-98.7055,30.0681],[-98.7088,30.0685],[-98.7101,30.0725],[-98.7057,30.073],[-98.7055,30.0709],[-98.6995,30.0683],[-98.6999,30.0736],[-98.7053,30.0767],[-98.7008,30.0767],[-98.6982,30.082],[-98.6962,30.0767],[-98.6942,30.0765],[-98.691,30.0817],[-98.6914,30.0781],[-98.6872,30.0786],[-98.6923,30.0741],[-98.6929,30.0708],[-98.6891,30.0634],[-98.6872,30.0647],[-98.6875,30.0686],[-98.6854,30.069],[-98.6891,30.0721],[-98.6873,30.0754],[-98.686,30.0722],[-98.6822,30.0736],[-98.6827,30.0695],[-98.6796,30.0746],[-98.6791,30.0718],[-98.676,30.0714],[-98.6745,30.0683],[-98.673,30.0695],[-98.6741,30.074],[-98.6708,30.073],[-98.6706,30.0676],[-98.6672,30.0664],[-98.6695,30.0639],[-98.6668,30.062],[-98.6652,30.0644],[-98.6631,30.0644],[-98.6654,30.069],[-98.6623,30.0696],[-98.6624,30.0672],[-98.6587,30.0675],[-98.6621,30.062],[-98.6593,30.0611],[-98.6604,30.0588],[-98.6649,30.0588],[-98.6683,30.0505],[-98.6621,30.0514],[-98.6613,30.0556],[-98.6593,30.0523],[-98.6576,30.0523],[-98.6551,30.0561],[-98.6583,30.0581],[-98.6558,30.059],[-98.6543,30.0632],[-98.6535,30.0567],[-98.6507,30.0597],[-98.6442,30.0546],[-98.65,30.0549],[-98.6527,30.0534],[-98.6478,30.0514],[-98.6538,30.0498],[-98.6549,30.0443],[-98.6499,30.0468],[-98.6475,30.0458],[-98.6466,30.0477],[-98.6444,30.043],[-98.6415,30.0457],[-98.6436,30.0496],[-98.6393,30.0538],[-98.6388,30.0473],[-98.6357,30.05],[-98.6327,30.048],[-98.6336,30.0457],[-98.6274,30.0471],[-98.627,30.0448],[-98.6311,30.0439],[-98.6314,30.0386],[-98.6335,30.0437],[-98.6385,30.0436],[-98.6376,30.039],[-98.645,30.0343],[-98.6373,30.0335],[-98.6383,30.0291],[-98.6427,30.0304],[-98.6422,30.0253],[-98.645,30.0277],[-98.6459,30.0267],[-98.643,30.0221],[-98.6436,30.0203],[-98.6488,30.0248],[-98.6514,30.0239],[-98.6484,30.0276],[-98.6493,30.0293],[-98.6564,30.0238],[-98.6554,30.0165],[-98.6646,30.0231],[-98.6649,30.0195],[-98.6562,30.0132],[-98.6495,30.0141],[-98.6528,30.0156],[-98.653,30.019],[-98.6496,30.0207],[-98.6496,30.0185],[-98.644,30.0163],[-98.6437,30.0145],[-98.6407,30.0138],[-98.6398,30.0165],[-98.6365,30.0158],[-98.6366,30.0184],[-98.6414,30.0188],[-98.6393,30.0208],[-98.6409,30.0235],[-98.6356,30.0238],[-98.6389,30.0265],[-98.6347,30.028],[-98.6323,30.0349],[-98.6302,30.0351],[-98.63,30.0298],[-98.6258,30.033],[-98.6246,30.0367],[-98.6209,30.0353],[-98.6253,30.0289],[-98.6237,30.0248],[-98.6199,30.0276],[-98.6217,30.0292],[-98.6184,30.0295],[-98.619,30.0318],[-98.6159,30.0331],[-98.6132,30.0313],[-98.6083,30.0346],[-98.6106,30.0298],[-98.6162,30.0273],[-98.6152,30.0256],[-98.6114,30.0265],[-98.6089,30.0228],[-98.6154,30.0205],[-98.6138,30.0173],[-98.6105,30.0165],[-98.6026,30.0257],[-98.6041,30.0268],[-98.6064,30.0254],[-98.6083,30.0275],[-98.6054,30.0277],[-98.6058,30.0302],[-98.6032,30.0301],[-98.6029,30.0327],[-98.6006,30.0288],[-98.5919,30.0302],[-98.5926,30.026],[-98.5881,30.0282],[-98.5897,30.032],[-98.5975,30.0321],[-98.5913,30.0348],[-98.5915,30.0361],[-98.5963,30.0368],[-98.6006,30.0339],[-98.5989,30.0368],[-98.602,30.0366],[-98.6019,30.0382],[-98.5972,30.0391],[-98.5987,30.0421],[-98.5971,30.0439],[-98.5932,30.0451],[-98.5921,30.0428],[-98.5944,30.0418],[-98.5928,30.0402],[-98.5891,30.0397],[-98.5884,30.0442],[-98.5868,30.0418],[-98.5849,30.0433],[-98.5826,30.0412],[-98.5875,30.0397],[-98.5845,30.0364],[-98.5833,30.0384],[-98.5794,30.0391],[-98.5803,30.0318],[-98.5752,30.0381],[-98.5751,30.0346],[-98.5727,30.0324],[-98.57,30.0335],[-98.5691,30.03],[-98.5651,30.0301],[-98.5627,30.0242],[-98.5635,30.0217],[-98.5666,30.0218],[-98.565,30.0154],[-98.5677,30.014],[-98.5644,30.0106],[-98.5603,30.0096],[-98.5628,30.0133],[-98.5618,30.0163],[-98.5557,30.0139],[-98.5548,30.0168],[-98.5522,30.0161],[-98.5495,30.0181],[-98.5477,30.0172],[-98.5497,30.0094],[-98.5372,30.0047],[-98.5369,30.0068],[-98.5426,30.0102],[-98.5326,30.0092],[-98.5344,30.0118],[-98.5333,30.0135],[-98.5366,30.0151],[-98.5344,30.0166],[-98.5347,30.0205],[-98.5315,30.0134],[-98.5278,30.0099],[-98.5224,30.0119],[-98.5238,30.0149],[-98.5266,30.0146],[-98.5257,30.0171],[-98.5276,30.0195],[-98.5231,30.0176],[-98.5218,30.0189],[-98.5178,30.0154],[-98.5141,30.0169],[-98.519,30.0185],[-98.5181,30.0212],[-98.5208,30.0221],[-98.5169,30.0236],[-98.5174,30.0248],[-98.523,30.0229],[-98.5298,30.0235],[-98.5279,30.0267],[-98.525,30.0254],[-98.5242,30.0278],[-98.5215,30.0278],[-98.5265,30.0304],[-98.5267,30.0346],[-98.5211,30.0319],[-98.5177,30.0322],[-98.5171,30.0297],[-98.5142,30.0293],[-98.5092,30.0243],[-98.5114,30.0298],[-98.505,30.0316],[-98.5053,30.0352],[-98.5112,30.0331],[-98.516,30.0337],[-98.5124,30.0357],[-98.5181,30.0388],[-98.5103,30.0391],[-98.5149,30.0406],[-98.5129,30.0448],[-98.5175,30.0454],[-98.5124,30.047],[-98.5098,30.0448],[-98.5066,30.0451],[-98.5061,30.0466],[-98.5108,30.0501],[-98.5088,30.0521],[-98.5035,30.0496],[-98.4973,30.0509],[-98.4941,30.0567],[-98.4962,30.0574],[-98.501,30.0541],[-98.504,30.0551],[-98.5004,30.0574],[-98.5045,30.0588],[-98.503,30.0657],[-98.5053,30.0661],[-98.5059,30.0687],[-98.5043,30.0695],[-98.4977,30.0655],[-98.4975,30.0686],[-98.4917,30.0695],[-98.493,30.0736],[-98.4989,30.0699],[-98.5025,30.07],[-98.5054,30.0738],[-98.5006,30.0739],[-98.5021,30.0757],[-98.5003,30.0778],[-98.5049,30.0794],[-98.507,30.0753],[-98.512,30.0757],[-98.5128,30.0711],[-98.5098,30.0718],[-98.5091,30.069],[-98.5131,30.0645],[-98.5086,30.0651],[-98.5098,30.0624],[-98.5075,30.0586],[-98.5096,30.0593],[-98.5127,30.057],[-98.5106,30.0553],[-98.5126,30.0532],[-98.5164,30.0545],[-98.5147,30.0519],[-98.5155,30.0485],[-98.5181,30.0476],[-98.5186,30.0497],[-98.5205,30.048],[-98.5238,30.038],[-98.5274,30.0377],[-98.5264,30.042],[-98.5286,30.0433],[-98.5262,30.0455],[-98.5283,30.0478],[-98.5308,30.0475],[-98.5322,30.0445],[-98.5311,30.0419],[-98.5353,30.0408],[-98.5303,30.0353],[-98.535,30.0367],[-98.5376,30.0352],[-98.5335,30.033],[-98.5379,30.0324],[-98.5354,30.0278],[-98.5368,30.0246],[-98.5394,30.0245],[-98.5421,30.0304],[-98.5457,30.0314],[-98.5472,30.0338],[-98.5497,30.0314],[-98.5437,30.0252],[-98.5463,30.0268],[-98.5466,30.0247],[-98.551,30.0253],[-98.5497,30.0283],[-98.5534,30.0305],[-98.5549,30.0265],[-98.5573,30.0268],[-98.5597,30.0243],[-98.5596,30.0281],[-98.5555,30.0299],[-98.5536,30.0337],[-98.5625,30.0358],[-98.5538,30.0375],[-98.5543,30.0408],[-98.5503,30.038],[-98.5475,30.0412],[-98.5427,30.0398],[-98.5421,30.0447],[-98.5459,30.0437],[-98.5463,30.0453],[-98.5499,30.0461],[-98.5522,30.0435],[-98.5523,30.0482],[-98.5428,30.0512],[-98.5433,30.0541],[-98.5384,30.0584],[-98.5448,30.059],[-98.5492,30.0534],[-98.5486,30.0565],[-98.5522,30.0582],[-98.5537,30.056],[-98.5521,30.0522],[-98.556,30.0498],[-98.5555,30.0448],[-98.5578,30.0466],[-98.5626,30.0444],[-98.5639,30.0465],[-98.5594,30.0494],[-98.5602,30.0506],[-98.5623,30.0497],[-98.5625,30.0514],[-98.5582,30.0525],[-98.5569,30.058],[-98.5611,30.0569],[-98.5627,30.0537],[-98.5651,30.0549],[-98.5668,30.052],[-98.5677,30.0549],[-98.5636,30.0579],[-98.5683,30.0596],[-98.5659,30.063],[-98.563,30.0602],[-98.5601,30.0602],[-98.5629,30.0647],[-98.5598,30.0652],[-98.5588,30.0672],[-98.5541,30.0669],[-98.5549,30.07],[-98.5482,30.0689],[-98.5504,30.0731],[-98.5477,30.0778],[-98.5503,30.0777],[-98.5525,30.0751],[-98.5541,30.0774],[-98.5568,30.0739],[-98.556,30.0786],[-98.5602,30.0767],[-98.5606,30.0814],[-98.5646,30.0846],[-98.5673,30.0845],[-98.5598,30.0734],[-98.5607,30.071],[-98.5639,30.0734],[-98.5678,30.0674],[-98.5665,30.0776],[-98.5732,30.0743],[-98.5706,30.0804],[-98.5745,30.0785],[-98.5773,30.069],[-98.573,30.0697],[-98.5731,30.0668],[-98.5705,30.0653],[-98.5724,30.0621],[-98.5688,30.0488],[-98.5696,30.0437],[-98.5713,30.0454],[-98.5738,30.0448],[-98.5707,30.0489],[-98.5722,30.0516],[-98.5751,30.0495],[-98.5773,30.0509],[-98.5846,30.0492],[-98.584,30.0518],[-98.5762,30.0525],[-98.5743,30.0547],[-98.5756,30.0575],[-98.5806,30.0561],[-98.5857,30.0574],[-98.577,30.0593],[-98.5785,30.064],[-98.5806,30.0612],[-98.5815,30.0633],[-98.5843,30.0601],[-98.5902,30.0601],[-98.5905,30.0563],[-98.5941,30.0579],[-98.5959,30.0549],[-98.5941,30.0502],[-98.5985,30.053],[-98.6001,30.0475],[-98.605,30.0445],[-98.6016,30.0529],[-98.6063,30.0528],[-98.6074,30.0545],[-98.6043,30.0562],[-98.6035,30.0547],[-98.6007,30.0553],[-98.5948,30.0629],[-98.5852,30.0663],[-98.5856,30.068],[-98.5917,30.0674],[-98.5877,30.0703],[-98.5839,30.07],[-98.5856,30.0724],[-98.5829,30.0764],[-98.5857,30.0781],[-98.5882,30.0758],[-98.5901,30.0777],[-98.5865,30.0815],[-98.5873,30.0837],[-98.5828,30.0874],[-98.5847,30.0878],[-98.5938,30.084],[-98.5925,30.0804],[-98.5962,30.0815],[-98.5972,30.0745],[-98.5986,30.0765],[-98.6011,30.0748],[-98.5973,30.0866],[-98.5992,30.0883],[-98.5953,30.0915],[-98.6003,30.094],[-98.6033,30.088],[-98.6018,30.084],[-98.6034,30.0792],[-98.605,30.0847],[-98.6083,30.0789],[-98.6119,30.077],[-98.609,30.0764],[-98.6091,30.0736],[-98.6137,30.0735],[-98.6135,30.0704],[-98.6085,30.0668],[-98.6124,30.0654],[-98.6142,30.0622],[-98.612,30.0623],[-98.6107,30.0598],[-98.6149,30.0597],[-98.6163,30.0569],[-98.614,30.056],[-98.6125,30.0518],[-98.6175,30.0541],[-98.6222,30.0468],[-98.6225,30.0508],[-98.6192,30.0557],[-98.6202,30.0568],[-98.6244,30.055],[-98.6198,30.059],[-98.6248,30.0598],[-98.6194,30.063],[-98.6187,30.0697],[-98.6203,30.0708],[-98.6232,30.0693],[-98.6242,30.0665],[-98.6286,30.067],[-98.6324,30.0642],[-98.6339,30.0598],[-98.6362,30.0609],[-98.6359,30.0654],[-98.6325,30.071],[-98.635,30.0729],[-98.6341,30.0741],[-98.6293,30.0714],[-98.6289,30.0735],[-98.6242,30.0747],[-98.6261,30.0769],[-98.6197,30.0783],[-98.6226,30.083],[-98.62,30.0834],[-98.6199,30.0853],[-98.6171,30.0842],[-98.6174,30.0866],[-98.6123,30.0897],[-98.6134,30.0917],[-98.6179,30.0894],[-98.6196,30.0907],[-98.6169,30.0929],[-98.6193,30.0959],[-98.614,30.0971],[-98.6147,30.0995],[-98.6186,30.1],[-98.6222,30.0983],[-98.625,30.0926],[-98.6235,30.0882],[-98.6256,30.0879],[-98.6258,30.0847],[-98.6279,30.0878],[-98.6336,30.0844],[-98.6335,30.0824],[-98.6365,30.0815],[-98.6376,30.0833],[-98.6435,30.0724],[-98.6458,30.074],[-98.6491,30.0731],[-98.6419,30.0814],[-98.6428,30.0838],[-98.6401,30.0869],[-98.6338,30.0876],[-98.6318,30.0919],[-98.6293,30.0926],[-98.63,30.096],[-98.6271,30.096],[-98.6269,30.1043],[-98.6341,30.1041],[-98.6364,30.1019],[-98.6383,30.1047],[-98.6396,30.1023],[-98.6422,30.1034],[-98.6432,30.1015],[-98.6408,30.1009],[-98.6426,30.0982],[-98.6449,30.0992],[-98.6452,30.0941],[-98.6469,30.0967],[-98.6501,30.0949],[-98.6508,30.0963],[-98.6482,30.0988],[-98.6468,30.1065],[-98.6524,30.1069],[-98.6522,30.1049],[-98.6552,30.1039],[-98.6606,30.1045],[-98.6599,30.0962],[-98.6562,30.0901],[-98.6581,30.09],[-98.66,30.0865],[-98.6598,30.0925],[-98.664,30.1006],[-98.6657,30.0948],[-98.6674,30.097],[-98.668,30.0938],[-98.6706,30.0924],[-98.6697,30.0892],[-98.6762,30.0887],[-98.6765,30.0861],[-98.6779,30.0887],[-98.6763,30.0942],[-98.6785,30.0963],[-98.6723,30.0982],[-98.6761,30.1028],[-98.6702,30.1017],[-98.6705,30.1045],[-98.6676,30.1044],[-98.667,30.107],[-98.6734,30.1088],[-98.6757,30.1065],[-98.6803,30.1063],[-98.6843,30.1027],[-98.684,30.1079],[-98.6887,30.1094],[-98.6887,30.1117],[-98.6854,30.1101],[-98.6752,30.1137],[-98.6755,30.1192],[-98.6731,30.115],[-98.6717,30.1168],[-98.6658,30.1155],[-98.6622,30.1099],[-98.6626,30.1136],[-98.6594,30.1134],[-98.6598,30.1159],[-98.6685,30.1199],[-98.6607,30.1188],[-98.6633,30.1239],[-98.6579,30.1225],[-98.6583,30.1276],[-98.6541,30.1161],[-98.646,30.1149],[-98.6514,30.1229],[-98.6515,30.1311],[-98.6494,30.1304],[-98.6483,30.1318],[-98.6477,30.1288],[-98.6458,30.1288],[-98.648,30.1255],[-98.6438,30.1261],[-98.6464,30.122],[-98.6432,30.1199],[-98.6395,30.1225],[-98.6376,30.1202],[-98.6386,30.1164],[-98.6347,30.1185],[-98.6349,30.1242],[-98.6328,30.1262],[-98.6345,30.1313],[-98.6304,30.1317],[-98.632,30.1291],[-98.6302,30.1266],[-98.6247,30.1278],[-98.6289,30.1247],[-98.6274,30.1203],[-98.622,30.1241],[-98.6226,30.1215],[-98.6206,30.1204],[-98.6233,30.1154],[-98.6163,30.1138],[-98.6148,30.116],[-98.6179,30.1187],[-98.6148,30.1192],[-98.6088,30.1163],[-98.6168,30.1214],[-98.6166,30.1243],[-98.6097,30.1216],[-98.6118,30.125],[-98.6172,30.128],[-98.6124,30.1283],[-98.6042,30.1234],[-98.6064,30.1257],[-98.6021,30.1253],[-98.6019,30.1279],[-98.6088,30.1321],[-98.6033,30.1312],[-98.605,30.1346],[-98.6022,30.1348],[-98.6017,30.137],[-98.595,30.1225],[-98.5927,30.1233],[-98.592,30.1287],[-98.5899,30.1234],[-98.5873,30.1242],[-98.5865,30.1277],[-98.5848,30.1295],[-98.5829,30.1289],[-98.583,30.1316],[-98.5803,30.1278],[-98.5826,30.1262],[-98.5821,30.1233],[-98.5799,30.1233],[-98.5786,30.1204],[-98.5735,30.1195],[-98.573,30.1232],[-98.5759,30.1222],[-98.5761,30.1249],[-98.5781,30.1239],[-98.5765,30.127],[-98.5784,30.1284],[-98.5792,30.1345],[-98.5697,30.1254],[-98.5671,30.1273],[-98.5722,30.1307],[-98.5716,30.1325],[-98.5748,30.1336],[-98.5774,30.1405],[-98.5736,30.1377],[-98.5721,30.141],[-98.5705,30.1406],[-98.5676,30.1351],[-98.5628,30.1426],[-98.5617,30.1386],[-98.5579,30.14],[-98.5617,30.1337],[-98.555,30.1359],[-98.5555,30.1325],[-98.554,30.1333],[-98.551,30.1314],[-98.5484,30.1333],[-98.5464,30.1286],[-98.5482,30.1251],[-98.5453,30.1237],[-98.5452,30.1256],[-98.5415,30.1266],[-98.5401,30.1241],[-98.5367,30.1277],[-98.5427,30.1291],[-98.5455,30.1317],[-98.5449,30.135],[-98.5423,30.1347],[-98.5434,30.1371],[-98.542,30.138],[-98.5521,30.1385],[-98.548,30.1401],[-98.5471,30.1428],[-98.5515,30.1445],[-98.553,30.143],[-98.5534,30.146],[-98.5575,30.1474],[-98.5535,30.1486],[-98.5534,30.1507],[-98.5521,30.1479],[-98.5476,30.1494],[-98.5408,30.145],[-98.5451,30.153],[-98.5427,30.1512],[-98.5409,30.1519],[-98.539,30.149],[-98.5369,30.1515],[-98.5316,30.1496],[-98.5344,30.1486],[-98.5332,30.1426],[-98.5312,30.1423],[-98.5298,30.1449],[-98.5223,30.1438],[-98.5223,30.1455],[-98.5279,30.1475],[-98.5254,30.1481],[-98.5205,30.148],[-98.5162,30.1441],[-98.5138,30.1481],[-98.5189,30.1493],[-98.5192,30.1525],[-98.522,30.15],[-98.5222,30.1516],[-98.5268,30.1508],[-98.5241,30.1534],[-98.5274,30.1555],[-98.5231,30.1558],[-98.5265,30.1592],[-98.5248,30.1608],[-98.5221,30.1602],[-98.5184,30.1559],[-98.5172,30.1599],[-98.5117,30.1535],[-98.5149,30.1594],[-98.5127,30.1611],[-98.5143,30.1635],[-98.5073,30.1622],[-98.5106,30.1599],[-98.5056,30.1561],[-98.5019,30.1598],[-98.5011,30.1632],[-98.4987,30.1633],[-98.5007,30.1567],[-98.499,30.1549],[-98.501,30.1528],[-98.4975,30.1505],[-98.5018,30.1473],[-98.4997,30.1457],[-98.498,30.1481],[-98.4954,30.1478],[-98.4944,30.1513],[-98.4919,30.1502],[-98.4915,30.1533],[-98.489,30.1535],[-98.487,30.1499],[-98.4835,30.1523],[-98.4856,30.1549],[-98.4953,30.1569],[-98.4941,30.1592],[-98.4924,30.1574],[-98.4887,30.158],[-98.4917,30.164],[-98.4871,30.1622],[-98.4856,30.1583],[-98.4818,30.1642],[-98.4807,30.1605],[-98.4782,30.1625],[-98.4764,30.1604],[-98.4776,30.1576],[-98.4699,30.1591],[-98.4686,30.1578],[-98.47,30.1554],[-98.4654,30.1557],[-98.4657,30.1506],[-98.4585,30.1501],[-98.4573,30.1482],[-98.4552,30.1503],[-98.4492,30.1455],[-98.4489,30.1486],[-98.4432,30.1457],[-98.4424,30.1467],[-98.447,30.1506],[-98.4454,30.1542],[-98.4393,30.1515],[-98.4389,30.1495],[-98.436,30.1502],[-98.4342,30.1449],[-98.4313,30.1473],[-98.4286,30.1448],[-98.4236,30.1447],[-98.419,30.1388],[-98.4202,30.1361],[-98.4167,30.1339],[-98.415,30.1356],[-98.4108,30.1356],[-98.4111,30.1372],[-98.4157,30.1383],[-98.4143,30.1398],[-98.4157,30.1408],[-98.4125,30.1399],[-98.4089,30.1422],[-98.4058,30.1415],[-98.4095,30.1441],[-98.4081,30.1459],[-98.4109,30.1468],[-98.4148,30.1433],[-98.415,30.1465],[-98.417,30.1461],[-98.4184,30.1429],[-98.4197,30.1453],[-98.4269,30.1474],[-98.4234,30.1475],[-98.4232,30.1491],[-98.4216,30.1474],[-98.418,30.1485],[-98.42,30.1502],[-98.4194,30.1521],[-98.415,30.1505],[-98.4169,30.1528],[-98.4153,30.1557],[-98.4125,30.1516],[-98.4102,30.1544],[-98.4075,30.1529],[-98.4058,30.155],[-98.4071,30.1562],[-98.4028,30.1566],[-98.405,30.1594],[-98.412,30.1574],[-98.4125,30.1588],[-98.4081,30.161],[-98.4131,30.1612],[-98.4123,30.1636],[-98.4023,30.166],[-98.406,30.1669],[-98.402,30.1718],[-98.3996,30.1722],[-98.4005,30.1737],[-98.3974,30.1765],[-98.4036,30.1733],[-98.4061,30.1755],[-98.4093,30.1723],[-98.4121,30.1764],[-98.4145,30.1715],[-98.4114,30.1699],[-98.4124,30.1668],[-98.4156,30.1675],[-98.4165,30.1645],[-98.4192,30.1654],[-98.4192,30.1684],[-98.4213,30.1654],[-98.4198,30.1614],[-98.4166,30.1621],[-98.4176,30.1598],[-98.416,30.158],[-98.4211,30.1537],[-98.4278,30.1523],[-98.4258,30.1565],[-98.4212,30.1584],[-98.4265,30.1585],[-98.4248,30.1602],[-98.4264,30.1622],[-98.4294,30.1614],[-98.4295,30.1572],[-98.4318,30.1589],[-98.4314,30.1552],[-98.4345,30.1567],[-98.4351,30.1528],[-98.4371,30.1528],[-98.438,30.1572],[-98.4411,30.156],[-98.4386,30.1599],[-98.4358,30.1599],[-98.4381,30.162],[-98.4362,30.1665],[-98.4432,30.1565],[-98.4496,30.1537],[-98.4518,30.1539],[-98.4461,30.1583],[-98.4442,30.163],[-98.451,30.1611],[-98.4522,30.159],[-98.46,30.1574],[-98.4531,30.163],[-98.4593,30.1631],[-98.4568,30.1649],[-98.4576,30.1661],[-98.4476,30.1655],[-98.4469,30.1674],[-98.4519,30.1701],[-98.4486,30.1712],[-98.4468,30.17],[-98.4465,30.172],[-98.443,30.1709],[-98.4408,30.1715],[-98.4444,30.1741],[-98.4499,30.1749],[-98.4574,30.1717],[-98.458,30.1693],[-98.4618,30.1699],[-98.4637,30.1668],[-98.4677,30.1663],[-98.4686,30.1646],[-98.4697,30.1668],[-98.4722,30.1671],[-98.4664,30.1694],[-98.4673,30.1732],[-98.4644,30.1727],[-98.4536,30.1776],[-98.4577,30.1787],[-98.4685,30.1758],[-98.4665,30.1773],[-98.4686,30.1793],[-98.4643,30.1783],[-98.4589,30.1816],[-98.4591,30.1838],[-98.4561,30.1812],[-98.453,30.1813],[-98.4522,30.1832],[-98.4469,30.1805],[-98.4466,30.1827],[-98.4492,30.1846],[-98.4477,30.1865],[-98.4393,30.1797],[-98.4388,30.1839],[-98.4423,30.1843],[-98.4431,30.1869],[-98.4385,30.1872],[-98.4394,30.1891],[-98.4341,30.1911],[-98.4346,30.1925],[-98.439,30.1918],[-98.4353,30.1953],[-98.4362,30.1966],[-98.4388,30.1957],[-98.4405,30.1917],[-98.4447,30.19],[-98.4429,30.193],[-98.4438,30.1977],[-98.4476,30.1905],[-98.4471,30.1947],[-98.4507,30.1957],[-98.4523,30.1887],[-98.4548,30.19],[-98.4556,30.1873],[-98.4582,30.1885],[-98.4578,30.1907],[-98.4609,30.1909],[-98.4651,30.1846],[-98.4637,30.1874],[-98.4649,30.1904],[-98.4701,30.1895],[-98.4708,30.186],[-98.472,30.1883],[-98.4749,30.1882],[-98.4742,30.1918],[-98.4726,30.1901],[-98.4691,30.1917],[-98.471,30.1947],[-98.4666,30.1928],[-98.457,30.1964],[-98.4626,30.1987],[-98.4667,30.1978],[-98.4649,30.1999],[-98.4691,30.1998],[-98.4661,30.2019],[-98.4686,30.2027],[-98.4651,30.2037],[-98.4594,30.2011],[-98.4585,30.2025],[-98.461,30.2054],[-98.4556,30.2024],[-98.4553,30.2041],[-98.4519,30.2049],[-98.4578,30.2069],[-98.4514,30.2089],[-98.4536,30.2109],[-98.4594,30.208],[-98.4613,30.2097],[-98.4576,30.2117],[-98.4599,30.2122],[-98.4691,30.2066],[-98.4748,30.2078],[-98.468,30.2084],[-98.4674,30.2109],[-98.4704,30.2133],[-98.4649,30.2138],[-98.4659,30.2178],[-98.4619,30.2157],[-98.4619,30.2178],[-98.4574,30.2175],[-98.4562,30.2195],[-98.4504,30.2164],[-98.4528,30.2212],[-98.4468,30.2214],[-98.4504,30.2246],[-98.4593,30.2208],[-98.4685,30.2217],[-98.4704,30.2169],[-98.4848,30.2144],[-98.4879,30.2102],[-98.4826,30.208],[-98.4803,30.2052],[-98.4813,30.2029],[-98.4791,30.202],[-98.4823,30.2005],[-98.4825,30.1959],[-98.4801,30.1953],[-98.4817,30.1926],[-98.479,30.1853],[-98.4823,30.1831],[-98.4816,30.1857],[-98.4849,30.1861],[-98.4868,30.1822],[-98.4857,30.1765],[-98.4877,30.1774],[-98.4905,30.1746],[-98.487,30.1683],[-98.4919,30.1698],[-98.4935,30.1686],[-98.494,30.1735],[-98.4971,30.1696],[-98.4989,30.1795],[-98.5037,30.1814],[-98.5052,30.1792],[-98.5018,30.1782],[-98.5056,30.1745],[-98.503,30.1721],[-98.503,30.1689],[-98.506,30.1717],[-98.5099,30.1711],[-98.5115,30.1695],[-98.5108,30.1669],[-98.5126,30.1669],[-98.5148,30.1692],[-98.514,30.1707],[-98.5166,30.1707],[-98.5197,30.1676],[-98.5172,30.1653],[-98.52,30.1634],[-98.5234,30.1646],[-98.5248,30.1686],[-98.5261,30.1637],[-98.5321,30.1615],[-98.5311,30.1573],[-98.5336,30.1586],[-98.5342,30.1545],[-98.5368,30.1561],[-98.539,30.1537],[-98.5397,30.157],[-98.5423,30.1552],[-98.5465,30.158],[-98.5437,30.1587],[-98.5454,30.1604],[-98.54,30.1652],[-98.5442,30.1655],[-98.5463,30.168],[-98.5508,30.1656],[-98.5525,30.1719],[-98.5584,30.1723],[-98.5609,30.1816],[-98.5637,30.1806],[-98.5617,30.1726],[-98.5662,30.1744],[-98.5668,30.1768],[-98.5704,30.1784],[-98.5711,30.1861],[-98.5743,30.1859],[-98.574,30.1796],[-98.5719,30.1766],[-98.5686,30.1766],[-98.5684,30.1717],[-98.5634,30.1691],[-98.5649,30.1649],[-98.5553,30.1656],[-98.5562,30.163],[-98.5521,30.1616],[-98.5567,30.1595],[-98.5553,30.157],[-98.5569,30.1551],[-98.5598,30.1556],[-98.5604,30.153],[-98.5647,30.156],[-98.5644,30.1533],[-98.5678,30.1517],[-98.5642,30.1505],[-98.5641,30.1478],[-98.5691,30.1436],[-98.5735,30.1462],[-98.584,30.1445],[-98.5874,30.1412],[-98.5911,30.1471],[-98.5867,30.1503],[-98.5881,30.1523],[-98.5957,30.1477],[-98.5944,30.144],[-98.5959,30.1414],[-98.6024,30.143],[-98.6051,30.1386],[-98.6082,30.1402],[-98.6157,30.1364],[-98.6169,30.139],[-98.613,30.1409],[-98.6132,30.143],[-98.6181,30.1438],[-98.6217,30.1478],[-98.6228,30.1463],[-98.6193,30.1378],[-98.6203,30.1336],[-98.6236,30.1409],[-98.6258,30.1399],[-98.6288,30.1434],[-98.6342,30.1383],[-98.636,30.1406],[-98.6389,30.1406],[-98.6326,30.1454],[-98.6351,30.1497],[-98.6354,30.1449],[-98.6379,30.1469],[-98.6432,30.1432],[-98.6449,30.146],[-98.6475,30.1433],[-98.6477,30.1462],[-98.651,30.1424],[-98.6526,30.143],[-98.6539,30.1455],[-98.6509,30.1485],[-98.6483,30.1502],[-98.6445,30.1492],[-98.6437,30.1528],[-98.6472,30.1543],[-98.6411,30.1575],[-98.6403,30.1602],[-98.6419,30.1622],[-98.6459,30.1621],[-98.6442,30.1674],[-98.6469,30.1681],[-98.6488,30.1726],[-98.6513,30.1721],[-98.6508,30.1689],[-98.6552,30.1705],[-98.6564,30.1692],[-98.6496,30.1641],[-98.6476,30.1592],[-98.6492,30.1552],[-98.652,30.1617],[-98.6547,30.1607],[-98.6573,30.1625],[-98.6602,30.1567],[-98.661,30.162],[-98.6634,30.1579],[-98.6665,30.1624],[-98.6685,30.1558],[-98.6661,30.1541],[-98.6691,30.1538],[-98.6699,30.1517],[-98.6682,30.1464],[-98.6705,30.1468],[-98.6722,30.1508],[-98.6763,30.1478],[-98.6726,30.1536],[-98.6745,30.1552],[-98.6729,30.1595],[-98.6796,30.1546],[-98.6763,30.1627],[-98.6731,30.1637],[-98.6741,30.1662],[-98.6778,30.1632],[-98.6845,30.1626],[-98.6858,30.1662],[-98.6901,30.1635],[-98.6937,30.1691],[-98.6996,30.163],[-98.7021,30.1643],[-98.7049,30.1612],[-98.7011,30.16],[-98.6987,30.1568],[-98.6947,30.1594],[-98.6926,30.1572],[-98.6938,30.1551],[-98.6916,30.1507],[-98.696,30.1477],[-98.6944,30.1448],[-98.69,30.1442],[-98.6976,30.1421],[-98.6892,30.1395],[-98.6848,30.1293],[-98.6875,30.1285],[-98.69,30.1334],[-98.693,30.1326],[-98.6937,30.1357],[-98.696,30.1348],[-98.6967,30.1366],[-98.6991,30.1357],[-98.7006,30.1374],[-98.6985,30.1265],[-98.6997,30.1255],[-98.7024,30.1302],[-98.7062,30.131],[-98.7043,30.1321],[-98.7063,30.1327],[-98.7066,30.1353],[-98.7118,30.1349],[-98.7075,30.1394],[-98.7107,30.1408],[-98.7132,30.1392],[-98.7161,30.1409],[-98.7169,30.1394],[-98.7148,30.138],[-98.7163,30.1333],[-98.7141,30.1336],[-98.7134,30.1305],[-98.7112,30.1303],[-98.7125,30.1268],[-98.7086,30.1265],[-98.7105,30.1246],[-98.7079,30.1216],[-98.7123,30.1176],[-98.7114,30.1233],[-98.7139,30.1242],[-98.7166,30.1226],[-98.7197,30.1286],[-98.7227,30.1279],[-98.7222,30.1244],[-98.7248,30.1255],[-98.7267,30.1235],[-98.7219,30.1154],[-98.7224,30.1115],[-98.7254,30.1171],[-98.7285,30.116],[-98.7286,30.1188],[-98.7316,30.1216],[-98.7411,30.1108],[-98.7432,30.1126],[-98.74,30.1139],[-98.7396,30.1176],[-98.7372,30.1193],[-98.7389,30.1226],[-98.7356,30.1224],[-98.737,30.1257],[-98.7357,30.1286],[-98.7327,30.1286],[-98.7328,30.1313],[-98.7306,30.1327],[-98.7333,30.134],[-98.7314,30.1368],[-98.7364,30.1412],[-98.7387,30.1353],[-98.7365,30.1337],[-98.7406,30.1318],[-98.742,30.1287],[-98.7434,30.1289],[-98.7435,30.1344],[-98.7484,30.1345],[-98.7473,30.1308],[-98.7493,30.1292],[-98.7474,30.1272],[-98.7495,30.1271],[-98.7467,30.1215],[-98.7495,30.1175],[-98.7508,30.127],[-98.753,30.1279],[-98.7519,30.1308],[-98.7554,30.1268],[-98.7594,30.1271],[-98.7593,30.1237],[-98.7622,30.1236],[-98.763,30.1181],[-98.7635,30.1217],[-98.7656,30.1227],[-98.7639,30.1242],[-98.7655,30.127],[-98.7632,30.1284],[-98.7637,30.1308],[-98.7596,30.1318],[-98.7619,30.1343],[-98.7586,30.1343],[-98.7561,30.1372],[-98.7623,30.1387],[-98.7585,30.1419],[-98.7549,30.1415],[-98.7546,30.1437],[-98.7514,30.1436],[-98.7565,30.1495],[-98.7581,30.1484],[-98.7569,30.1451],[-98.7613,30.1451],[-98.7612,30.1474],[-98.7628,30.1471],[-98.7635,30.1412],[-98.7672,30.1421],[-98.7678,30.1378],[-98.7713,30.1402],[-98.7747,30.1394],[-98.7688,30.1444],[-98.7681,30.1475],[-98.772,30.1484],[-98.7733,30.1442],[-98.7764,30.143],[-98.7781,30.1468],[-98.781,30.1473],[-98.7795,30.1434],[-98.7836,30.1437],[-98.7857,30.141],[-98.781,30.1393],[-98.7832,30.1378],[-98.7783,30.1312],[-98.7816,30.1327],[-98.7828,30.1306],[-98.787,30.1349],[-98.7889,30.1341],[-98.788,30.1364],[-98.7915,30.1406],[-98.7928,30.1402],[-98.7918,30.1379],[-98.7937,30.1374],[-98.7924,30.1343],[-98.7965,30.1366],[-98.797,30.1401],[-98.7993,30.14],[-98.7977,30.1322],[-98.7949,30.1315],[-98.792,30.1276],[-98.7887,30.1275],[-98.7917,30.1247],[-98.798,30.1285],[-98.8002,30.1271],[-98.8007,30.1299],[-98.8039,30.1304],[-98.8039,30.1369],[-98.8082,30.1409],[-98.8068,30.1359],[-98.8103,30.1354],[-98.8124,30.1326],[-98.8096,30.1318],[-98.8099,30.1268],[-98.8068,30.1255],[-98.8047,30.122],[-98.811,30.1252],[-98.813,30.1216],[-98.8154,30.1211],[-98.8085,30.1119],[-98.8153,30.1171],[-98.8183,30.1165],[-98.8175,30.1103],[-98.8196,30.1046],[-98.8208,30.1101],[-98.8254,30.1091],[-98.8222,30.1121],[-98.8218,30.1159],[-98.8237,30.1163],[-98.8214,30.1182],[-98.8221,30.1198],[-98.8293,30.1191],[-98.8318,30.1145],[-98.8337,30.1152],[-98.8332,30.1179],[-98.8389,30.1186],[-98.8459,30.1142],[-98.8472,30.1159],[-98.8389,30.1239],[-98.8283,30.1236],[-98.8242,30.1262],[-98.8238,30.1291],[-98.8339,30.133],[-98.8365,30.1305],[-98.8405,30.1338],[-98.8365,30.1353],[-98.8362,30.1381],[-98.8303,30.1365],[-98.8273,30.1387],[-98.8272,30.1407],[-98.8324,30.1401],[-98.8322,30.1429],[-98.8339,30.1404],[-98.8384,30.1417],[-98.8454,30.1371],[-98.8462,30.1396],[-98.8514,30.1404],[-98.8454,30.1428],[-98.8447,30.1458],[-98.8413,30.146],[-98.841,30.1484],[-98.8363,30.1494],[-98.8426,30.1501],[-98.8449,30.152],[-98.8493,30.1484],[-98.8507,30.1503],[-98.8487,30.1519],[-98.8494,30.1536],[-98.8404,30.1573],[-98.843,30.1626],[-98.8378,30.1605],[-98.8344,30.1615],[-98.8318,30.1653],[-98.8281,30.1659],[-98.8267,30.1632],[-98.8228,30.1645],[-98.8221,30.1664],[-98.8188,30.1659],[-98.8161,30.1689],[-98.8169,30.1725],[-98.812,30.1749],[-98.8088,30.1745],[-98.804,30.1788],[-98.8097,30.1847],[-98.8087,30.1807],[-98.8124,30.1812],[-98.8135,30.183],[-98.816,30.1818],[-98.8165,30.178],[-98.8194,30.1767],[-98.818,30.1736],[-98.8277,30.1713],[-98.8237,30.1749],[-98.8224,30.1796],[-98.8238,30.1823],[-98.8206,30.1855],[-98.8259,30.1873],[-98.8248,30.1837],[-98.8303,30.1802],[-98.8306,30.177],[-98.8327,30.1771],[-98.8345,30.1734],[-98.8386,30.1748],[-98.8395,30.1717],[-98.8419,30.1708],[-98.8416,30.1776],[-98.8435,30.1769],[-98.8435,30.1731],[-98.8462,30.1727],[-98.8444,30.1692],[-98.8464,30.1682],[-98.8491,30.1693],[-98.8491,30.1717],[-98.8517,30.1717],[-98.854,30.1709],[-98.8522,30.1685],[-98.8561,30.1653],[-98.8602,30.1652],[-98.8582,30.1588],[-98.8531,30.1616],[-98.856,30.1567],[-98.8573,30.1486],[-98.8609,30.1478],[-98.8582,30.1503],[-98.8573,30.1544],[-98.8617,30.1566],[-98.8643,30.1551],[-98.8642,30.1518],[-98.8669,30.1536],[-98.8708,30.1525],[-98.8711,30.1586],[-98.8687,30.1614],[-98.8706,30.1625],[-98.8723,30.16],[-98.8744,30.16],[-98.8749,30.156],[-98.8722,30.1479],[-98.8739,30.1469],[-98.8769,30.1501],[-98.8794,30.1477],[-98.8792,30.1559],[-98.8817,30.1521],[-98.8855,30.1511],[-98.8863,30.1469],[-98.8894,30.1505],[-98.8844,30.1548],[-98.8862,30.1575],[-98.8819,30.1585],[-98.8821,30.1607],[-98.8857,30.1607],[-98.8831,30.1647],[-98.8868,30.1643],[-98.893,30.1602],[-98.8955,30.1606],[-98.8966,30.1584],[-98.8988,30.1604],[-98.8971,30.1628],[-98.8984,30.1646],[-98.8925,30.1663],[-98.8984,30.1682],[-98.8953,30.1689],[-98.8973,30.1731],[-98.8924,30.1706],[-98.8906,30.1722],[-98.8878,30.1704],[-98.8849,30.1714],[-98.8868,30.1761],[-98.8924,30.1762],[-98.8967,30.1784],[-98.89,30.1791],[-98.8861,30.1814],[-98.8882,30.1841],[-98.8907,30.1839],[-98.8916,30.187],[-98.886,30.1892],[-98.8856,30.1913],[-98.8888,30.192],[-98.8955,30.1878],[-98.8963,30.1844],[-98.9006,30.1866],[-98.9016,30.184],[-98.9041,30.1849],[-98.9062,30.1834],[-98.9028,30.1923],[-98.9077,30.1901],[-98.9088,30.1857],[-98.9105,30.1882],[-98.9144,30.1879],[-98.9165,30.185],[-98.9123,30.1804],[-98.9183,30.1825],[-98.9208,30.1815],[-98.9233,30.1873],[-98.9275,30.1861],[-98.9244,30.1829],[-98.9255,30.1791],[-98.9187,30.1786],[-98.9179,30.1753],[-98.913,30.174],[-98.9169,30.1703],[-98.9225,30.1697],[-98.9239,30.1626],[-98.9199,30.1629],[-98.9182,30.1655],[-98.914,30.1644],[-98.9117,30.1675],[-98.9099,30.1646],[-98.917,30.1581],[-98.9143,30.1574],[-98.9153,30.1556],[-98.9134,30.1538],[-98.9073,30.1551],[-98.9064,30.1532],[-98.9091,30.15],[-98.9087,30.1479],[-98.9055,30.1452],[-98.9027,30.1451],[-98.902,30.1399],[-98.8994,30.1387],[-98.9022,30.1365],[-98.9028,30.1308],[-98.9055,30.1276],[-98.9058,30.139],[-98.9089,30.1405],[-98.9123,30.1386],[-98.9112,30.1423],[-98.9153,30.1428],[-98.9186,30.1483],[-98.9201,30.1485],[-98.9231,30.1431],[-98.9213,30.1388],[-98.9241,30.1341],[-98.926,30.1405],[-98.9316,30.1351],[-98.9297,30.1397],[-98.9324,30.1419],[-98.9299,30.1428],[-98.9311,30.148],[-98.9287,30.1485],[-98.9288,30.1522],[-98.9299,30.1542],[-98.9319,30.1523],[-98.9344,30.1527],[-98.9357,30.1573],[-98.9373,30.1555],[-98.9348,30.1496],[-98.939,30.1495],[-98.9379,30.1455],[-98.9391,30.1446],[-98.9465,30.1486],[-98.9439,30.1375],[-98.9502,30.1414],[-98.9537,30.1361],[-98.9519,30.1323],[-98.957,30.1331],[-98.9554,30.1251],[-98.9591,30.1182],[-98.9619,30.1198],[-98.9635,30.1251],[-98.9622,30.1301],[-98.9659,30.1327],[-98.9733,30.1315],[-98.9816,30.1274],[-98.9793,30.1294],[-98.9793,30.1328],[-98.9669,30.1358],[-98.964,30.1393],[-98.9637,30.1413],[-98.9696,30.143],[-98.9706,30.1453],[-98.9664,30.1443],[-98.9617,30.1464],[-98.9617,30.148],[-98.9699,30.1527],[-98.9621,30.153],[-98.9616,30.1571],[-98.9595,30.1582],[-98.9571,30.1553],[-98.9511,30.1629],[-98.9521,30.164],[-98.9567,30.1622],[-98.9555,30.1663],[-98.9569,30.1705],[-98.9623,30.1635],[-98.9637,30.1687],[-98.9682,30.1678],[-98.9717,30.1644],[-98.9718,30.1683],[-98.9694,30.1687],[-98.9649,30.175],[-98.9716,30.1734],[-98.9717,30.1759],[-98.9766,30.1748],[-98.9743,30.178],[-98.9772,30.1795],[-98.9692,30.1804],[-98.9738,30.1839],[-98.974,30.1861],[-98.9797,30.1846],[-98.9811,30.1817],[-98.9857,30.1843],[-98.9846,30.181],[-98.987,30.1786],[-98.9828,30.1768],[-98.9842,30.1741],[-98.9816,30.1718],[-98.9898,30.1739],[-98.9914,30.1696],[-98.989,30.1694],[-98.9854,30.1622],[-98.9915,30.1648],[-98.9946,30.1632],[-98.995,30.168],[-98.9986,30.1681],[-99.0,30.172],[-99.0,30.1498],[-98.999,30.1496],[-99.0,30.1462],[-99.0,30.0893],[-98.998,30.0843],[-98.9997,30.0788],[-99.0,30.0784]],[[-98.8412,30.1259],[-98.8448,30.1235],[-98.8468,30.1266],[-98.8529,30.1264],[-98.846,30.1294],[-98.8412,30.1259]]],[[[-99.0,30.2589],[-99.0,30.2472],[-98.9975,30.2469],[-98.9986,30.2418],[-98.9968,30.2409],[-98.9962,30.2473],[-98.9919,30.2484],[-98.9969,30.2483],[-98.9968,30.2516],[-98.9926,30.2529],[-98.9925,30.2546],[-98.9985,30.2551],[-98.9977,30.2586],[-99.0,30.2589]]],[[[-99.0,30.2638],[-99.0,30.2617],[-98.9987,30.2627],[-99.0,30.2638]]],[[[-99.0,30.2874],[-99.0,30.2652],[-98.9986,30.2657],[-98.9961,30.2639],[-98.9946,30.2666],[-98.9935,30.2625],[-98.9914,30.2618],[-98.9883,30.2697],[-98.9861,30.2647],[-98.9869,30.2609],[-98.9832,30.2618],[-98.9793,30.2547],[-98.9779,30.2578],[-98.9828,30.2662],[-98.9785,30.266],[-98.9789,30.2675],[-98.9724,30.2706],[-98.9678,30.2669],[-98.9622,30.2697],[-98.9589,30.2693],[-98.9574,30.267],[-98.9535,30.2675],[-98.9516,30.2647],[-98.9502,30.2677],[-98.9537,30.2709],[-98.9502,30.2733],[-98.9556,30.2744],[-98.9577,30.2715],[-98.9657,30.2705],[-98.9627,30.2836],[-98.9635,30.2895],[-98.9665,30.2872],[-98.9687,30.2811],[-98.9741,30.2767],[-98.9764,30.2788],[-98.9741,30.2802],[-98.9735,30.2868],[-98.9819,30.2832],[-98.9851,30.2845],[-98.9816,30.2872],[-98.987,30.2884],[-98.9876,30.287],[-98.9908,30.2908],[-98.991,30.2858],[-98.9956,30.2831],[-98.9945,30.2878],[-99.0,30.2874]]],[[[-99.0,30.2981],[-99.0,30.2878],[-98.9968,30.2909],[-98.9984,30.2927],[-98.9964,30.2937],[-98.9985,30.2946],[-98.997,30.2957],[-99.0,30.2981]]],[[[-99.0,30.3363],[-99.0,30.3038],[-98.9992,30.304],[-98.998,30.3059],[-98.9957,30.3005],[-98.9932,30.3049],[-98.9923,30.3004],[-98.9869,30.3012],[-98.9843,30.2966],[-98.9797,30.2975],[-98.982,30.3023],[-98.9796,30.307],[-98.9759,30.3015],[-98.9742,30.3021],[-98.9739,30.307],[-98.9692,30.307],[-98.9676,30.3041],[-98.9651,30.3038],[-98.9676,30.3072],[-98.9665,30.3096],[-98.9741,30.3109],[-98.9722,30.3132],[-98.9733,30.3153],[-98.9699,30.3182],[-98.974,30.318],[-98.9763,30.3147],[-98.9778,30.3166],[-98.9815,30.3157],[-98.9765,30.32],[-98.9768,30.3219],[-98.9743,30.3223],[-98.9747,30.324],[-98.9775,30.3258],[-98.9833,30.3236],[-98.9812,30.3268],[-98.9853,30.3282],[-98.9844,30.3296],[-98.9897,30.3311],[-98.9921,30.3291],[-99.0,30.3363]]],[[[-99.0,30.4892],[-99.0,30.3388],[-98.9985,30.3394],[-98.9954,30.3345],[-98.9877,30.3355],[-98.9746,30.331],[-98.9741,30.3354],[-98.9759,30.3376],[-98.9746,30.3428],[-98.9788,30.3449],[-98.9757,30.3464],[-98.9752,30.3499],[-98.9736,30.3445],[-98.9713,30.3443],[-98.9684,30.3505],[-98.9688,30.3456],[-98.9673,30.3447],[-98.9697,30.342],[-98.9671,30.3364],[-98.9684,30.3348],[-98.9662,30.3317],[-98.9669,30.3298],[-98.9635,30.3273],[-98.9595,30.3341],[-98.9554,30.335],[-98.9577,30.3324],[-98.9554,30.3304],[-98.9585,30.329],[-98.9557,30.3273],[-98.9593,30.3262],[-98.9574,30.3243],[-98.9602,30.3217],[-98.9559,30.3191],[-98.9548,30.3217],[-98.9515,30.3216],[-98.9495,30.3256],[-98.9439,30.3228],[-98.9474,30.3214],[-98.9464,30.3194],[-98.9485,30.3179],[-98.9436,30.3159],[-98.9499,30.3147],[-98.9522,30.3122],[-98.9459,30.3132],[-98.9399,30.3113],[-98.9451,30.3089],[-98.9461,30.3051],[-98.9415,30.3039],[-98.942,30.3074],[-98.9363,30.3107],[-98.9383,30.3066],[-98.936,30.3068],[-98.9372,30.3041],[-98.9335,30.3028],[-98.9335,30.3071],[-98.9309,30.3083],[-98.9278,30.3013],[-98.9252,30.3015],[-98.9237,30.2997],[-98.9288,30.298],[-98.9228,30.2967],[-98.9145,30.2892],[-98.911,30.2882],[-98.9213,30.2967],[-98.9172,30.299],[-98.9195,30.301],[-98.9156,30.3024],[-98.9216,30.3026],[-98.9216,30.3049],[-98.9249,30.3039],[-98.9267,30.307],[-98.9238,30.3073],[-98.9236,30.3089],[-98.9181,30.3085],[-98.9175,30.311],[-98.9284,30.3109],[-98.919,30.3158],[-98.923,30.3181],[-98.9288,30.3158],[-98.931,30.3176],[-98.9265,30.3189],[-98.9283,30.3212],[-98.9257,30.3206],[-98.9216,30.3231],[-98.9175,30.3216],[-98.9216,30.3259],[-98.9312,30.3262],[-98.9234,30.3292],[-98.9261,30.3333],[-98.9367,30.3352],[-98.9304,30.3371],[-98.9334,30.3436],[-98.9366,30.3438],[-98.9378,30.3456],[-98.9319,30.3472],[-98.93,30.3455],[-98.9268,30.3491],[-98.9238,30.3496],[-98.9292,30.3452],[-98.9295,30.3417],[-98.9261,30.3385],[-98.9236,30.3406],[-98.9232,30.3374],[-98.92,30.3364],[-98.916,30.3279],[-98.9135,30.3292],[-98.9115,30.338],[-98.9093,30.3305],[-98.9048,30.3323],[-98.9037,30.3364],[-98.9034,30.3345],[-98.9009,30.3338],[-98.9076,30.3251],[-98.8974,30.3287],[-98.8932,30.3274],[-98.9004,30.3235],[-98.8968,30.3223],[-98.8981,30.3204],[-98.9033,30.3219],[-98.9064,30.3198],[-98.9027,30.3207],[-98.9004,30.3181],[-98.9033,30.3162],[-98.8977,30.3158],[-98.9017,30.3112],[-98.9003,30.3077],[-98.8981,30.3125],[-98.894,30.3117],[-98.8959,30.3176],[-98.8914,30.3181],[-98.8857,30.3237],[-98.8826,30.322],[-98.8854,30.3211],[-98.8861,30.3184],[-98.8841,30.3173],[-98.8872,30.3147],[-98.8837,30.3138],[-98.8861,30.3051],[-98.8835,30.3081],[-98.8815,30.318],[-98.878,30.3151],[-98.8767,30.3166],[-98.8742,30.3091],[-98.8718,30.3109],[-98.8712,30.3067],[-98.8669,30.3052],[-98.8672,30.3026],[-98.8655,30.3033],[-98.865,30.3006],[-98.8607,30.3016],[-98.858,30.3001],[-98.8583,30.2985],[-98.8559,30.299],[-98.8553,30.3008],[-98.8619,30.3039],[-98.858,30.3063],[-98.8646,30.3083],[-98.8636,30.3106],[-98.8603,30.3104],[-98.8587,30.3127],[-98.856,30.3123],[-98.8567,30.31],[-98.8538,30.3098],[-98.8524,30.3075],[-98.8508,30.3102],[-98.8531,30.3121],[-98.851,30.3125],[-98.8504,30.3158],[-98.8584,30.3156],[-98.8614,30.3135],[-98.8693,30.3123],[-98.8734,30.3161],[-98.8687,30.3149],[-98.8638,30.3186],[-98.8721,30.3182],[-98.8684,30.3205],[-98.8733,30.321],[-98.8705,30.3227],[-98.8726,30.3235],[-98.8714,30.3256],[-98.8596,30.3269],[-98.8603,30.3286],[-98.8663,30.3293],[-98.8757,30.3258],[-98.8726,30.3287],[-98.875,30.3325],[-98.8701,30.3365],[-98.872,30.3373],[-98.8763,30.3355],[-98.8781,30.3256],[-98.8802,30.3264],[-98.8798,30.3249],[-98.8821,30.325],[-98.882,30.3282],[-98.8795,30.3302],[-98.8799,30.3329],[-98.8836,30.3313],[-98.8842,30.3325],[-98.8811,30.3356],[-98.8823,30.3376],[-98.887,30.3359],[-98.8879,30.333],[-98.8906,30.3328],[-98.89,30.3366],[-98.8941,30.3374],[-98.891,30.3407],[-98.8892,30.3388],[-98.8852,30.3408],[-98.8861,30.3428],[-98.884,30.3419],[-98.8776,30.3437],[-98.8785,30.3463],[-98.8834,30.3451],[-98.8826,30.349],[-98.8863,30.3466],[-98.8888,30.3474],[-98.8862,30.3501],[-98.8875,30.351],[-98.8944,30.3462],[-98.8955,30.3472],[-98.8929,30.3508],[-98.9005,30.3525],[-98.8899,30.3542],[-98.8946,30.3576],[-98.8905,30.3582],[-98.893,30.362],[-98.8887,30.358],[-98.8836,30.3565],[-98.8855,30.3629],[-98.8823,30.36],[-98.8796,30.3605],[-98.8797,30.3554],[-98.8777,30.3573],[-98.8747,30.3524],[-98.872,30.3514],[-98.8706,30.3536],[-98.8645,30.3496],[-98.8742,30.3596],[-98.869,30.3599],[-98.8705,30.3622],[-98.8692,30.3643],[-98.8721,30.3673],[-98.8686,30.3676],[-98.8704,30.37],[-98.8699,30.3754],[-98.8643,30.3641],[-98.8597,30.3681],[-98.8572,30.3662],[-98.8608,30.3618],[-98.861,30.3583],[-98.8576,30.3608],[-98.8556,30.3577],[-98.8538,30.3577],[-98.8553,30.3622],[-98.8527,30.3616],[-98.8535,30.3648],[-98.8497,30.3697],[-98.8489,30.367],[-98.8443,30.368],[-98.8493,30.3639],[-98.8482,30.3576],[-98.8448,30.36],[-98.8432,30.3576],[-98.8446,30.3541],[-98.8482,30.3521],[-98.8451,30.3524],[-98.8439,30.3496],[-98.8465,30.3478],[-98.8475,30.3446],[-98.8455,30.3477],[-98.8417,30.3485],[-98.8386,30.3458],[-98.8393,30.3505],[-98.8428,30.3518],[-98.8395,30.3555],[-98.8356,30.3528],[-98.8326,30.3533],[-98.832,30.35],[-98.8302,30.3538],[-98.8331,30.3551],[-98.8287,30.3576],[-98.8353,30.357],[-98.839,30.3598],[-98.8352,30.3592],[-98.8305,30.3612],[-98.8358,30.3628],[-98.8303,30.3636],[-98.8349,30.3664],[-98.8314,30.3664],[-98.8328,30.3706],[-98.8281,30.3701],[-98.8283,30.3651],[-98.8261,30.3636],[-98.8251,30.3684],[-98.8211,30.3635],[-98.8191,30.3646],[-98.8201,30.368],[-98.8178,30.3658],[-98.815,30.3667],[-98.8174,30.3631],[-98.8164,30.3612],[-98.8218,30.3604],[-98.8219,30.3572],[-98.8182,30.3582],[-98.8162,30.3543],[-98.8181,30.3449],[-98.8135,30.3489],[-98.8094,30.3474],[-98.8076,30.3487],[-98.8112,30.3496],[-98.8096,30.353],[-98.8145,30.3531],[-98.812,30.3558],[-98.8146,30.358],[-98.8104,30.3583],[-98.8145,30.3603],[-98.8131,30.3635],[-98.8119,30.3641],[-98.8106,30.3616],[-98.8092,30.3643],[-98.8072,30.36],[-98.8041,30.3603],[-98.8061,30.3646],[-98.8024,30.3682],[-98.7998,30.3603],[-98.7972,30.3653],[-98.7949,30.3633],[-98.7961,30.361],[-98.793,30.3598],[-98.7942,30.3541],[-98.7959,30.3537],[-98.7944,30.3501],[-98.7917,30.3494],[-98.7932,30.3514],[-98.792,30.3536],[-98.7872,30.3516],[-98.7901,30.3549],[-98.7887,30.3566],[-98.7902,30.3589],[-98.7856,30.3573],[-98.784,30.3536],[-98.7826,30.3556],[-98.7795,30.3549],[-98.7778,30.3575],[-98.7755,30.3559],[-98.7791,30.3521],[-98.7732,30.3528],[-98.7746,30.3504],[-98.7807,30.3486],[-98.7786,30.3465],[-98.7837,30.3454],[-98.779,30.3439],[-98.7761,30.3452],[-98.7748,30.3443],[-98.7768,30.3423],[-98.7745,30.3398],[-98.7819,30.3409],[-98.7814,30.336],[-98.7854,30.3379],[-98.7869,30.3407],[-98.7892,30.3373],[-98.7854,30.3365],[-98.786,30.3333],[-98.7817,30.3342],[-98.7798,30.3327],[-98.7813,30.3302],[-98.7757,30.3277],[-98.7727,30.3288],[-98.7735,30.3305],[-98.7708,30.3302],[-98.7709,30.3331],[-98.7688,30.3316],[-98.766,30.3323],[-98.7713,30.3266],[-98.7702,30.3256],[-98.7743,30.3234],[-98.7712,30.3207],[-98.77,30.3225],[-98.7665,30.3182],[-98.7675,30.3214],[-98.7614,30.3212],[-98.7608,30.3227],[-98.7647,30.3249],[-98.76,30.3254],[-98.7639,30.327],[-98.7589,30.3269],[-98.7608,30.3313],[-98.7584,30.331],[-98.7561,30.3277],[-98.7569,30.3255],[-98.7552,30.3253],[-98.7575,30.3224],[-98.7571,30.3195],[-98.755,30.3232],[-98.7511,30.3207],[-98.7532,30.3194],[-98.7511,30.3188],[-98.7514,30.3164],[-98.7485,30.3183],[-98.7479,30.3149],[-98.7453,30.3136],[-98.7477,30.3069],[-98.7447,30.3076],[-98.7443,30.3016],[-98.7421,30.3023],[-98.7402,30.3096],[-98.737,30.3083],[-98.742,30.3137],[-98.7371,30.3123],[-98.7399,30.3147],[-98.7338,30.3176],[-98.7313,30.314],[-98.7277,30.3155],[-98.7298,30.3173],[-98.7289,30.3187],[-98.7218,30.3205],[-98.7241,30.3278],[-98.7268,30.3269],[-98.7286,30.3229],[-98.7384,30.3234],[-98.7358,30.3247],[-98.7382,30.3276],[-98.732,30.3263],[-98.7294,30.3325],[-98.7329,30.3362],[-98.7329,30.3383],[-98.7383,30.3452],[-98.7384,30.3474],[-98.7375,30.3454],[-98.7311,30.3425],[-98.7258,30.3358],[-98.7232,30.3354],[-98.7218,30.3363],[-98.7237,30.3428],[-98.7149,30.3406],[-98.7173,30.3486],[-98.7208,30.3492],[-98.7245,30.3573],[-98.7141,30.3524],[-98.7071,30.3463],[-98.7156,30.3578],[-98.716,30.3624],[-98.7109,30.3583],[-98.7061,30.3616],[-98.7042,30.3591],[-98.6981,30.3606],[-98.6963,30.3548],[-98.6909,30.3579],[-98.6941,30.36],[-98.6935,30.365],[-98.7002,30.365],[-98.7057,30.3682],[-98.7095,30.365],[-98.7138,30.3657],[-98.7158,30.3726],[-98.7224,30.3736],[-98.7224,30.3762],[-98.7171,30.378],[-98.7163,30.3801],[-98.7273,30.3778],[-98.7298,30.3723],[-98.732,30.3764],[-98.7291,30.3865],[-98.7328,30.3867],[-98.7332,30.3893],[-98.7387,30.3868],[-98.7406,30.3827],[-98.7509,30.3876],[-98.751,30.3918],[-98.7653,30.3862],[-98.7689,30.383],[-98.7691,30.3903],[-98.7716,30.3933],[-98.7694,30.3997],[-98.7527,30.4053],[-98.7489,30.4117],[-98.7489,30.4178],[-98.7536,30.424],[-98.7502,30.4274],[-98.7503,30.4238],[-98.7486,30.4211],[-98.7456,30.4219],[-98.7471,30.4203],[-98.7458,30.4193],[-98.7386,30.4214],[-98.7349,30.4278],[-98.7348,30.4321],[-98.73,30.4365],[-98.7297,30.4399],[-98.7254,30.4433],[-98.7242,30.4471],[-98.7218,30.4472],[-98.7217,30.4434],[-98.7164,30.4429],[-98.7198,30.4498],[-98.7299,30.4493],[-98.7315,30.4435],[-98.736,30.4391],[-98.7338,30.4379],[-98.7364,30.4358],[-98.7396,30.4375],[-98.742,30.4354],[-98.7451,30.4359],[-98.7492,30.4328],[-98.748,30.4296],[-98.7541,30.4273],[-98.7549,30.4237],[-98.7592,30.4228],[-98.7619,30.4193],[-98.7642,30.4238],[-98.7707,30.4201],[-98.7698,30.4226],[-98.7717,30.4224],[-98.7735,30.4248],[-98.7777,30.4243],[-98.7817,30.4262],[-98.7832,30.4242],[-98.7878,30.4244],[-98.7876,30.421],[-98.7927,30.4205],[-98.7959,30.4161],[-98.7907,30.4246],[-98.7926,30.4283],[-98.7973,30.4287],[-98.7987,30.4319],[-98.795,30.4348],[-98.794,30.4409],[-98.7959,30.4585],[-98.799,30.4632],[-98.8017,30.4624],[-98.8023,30.4598],[-98.8076,30.4588],[-98.8171,30.4691],[-98.8222,30.4702],[-98.821,30.4653],[-98.8233,30.4651],[-98.8337,30.4704],[-98.8409,30.4684],[-98.8439,30.4717],[-98.8478,30.4668],[-98.8518,30.4687],[-98.855,30.4665],[-98.8597,30.4662],[-98.8623,30.4671],[-98.8619,30.4733],[-98.8655,30.4755],[-98.8881,30.4758],[-98.8911,30.4807],[-98.8915,30.487],[-98.8954,30.4866],[-98.9018,30.4804],[-98.9069,30.4887],[-98.9149,30.4831],[-98.9195,30.4872],[-98.9229,30.4834],[-98.9285,30.4836],[-98.9278,30.4796],[-98.93,30.4782],[-98.9412,30.4752],[-98.9421,30.4768],[-98.9454,30.4752],[-98.9425,30.4813],[-98.9499,30.4835],[-98.9521,30.4792],[-98.95,30.4806],[-98.9497,30.4795],[-98.954,30.4777],[-98.9545,30.4729],[-98.9578,30.4716],[-98.9596,30.4748],[-98.9626,30.475],[-98.9662,30.4689],[-98.9648,30.4805],[-98.9686,30.4772],[-98.9702,30.4826],[-98.9685,30.4875],[-98.972,30.4837],[-98.9715,30.482],[-98.9738,30.4823],[-98.9767,30.4789],[-98.9812,30.4808],[-98.9788,30.4879],[-98.9885,30.4866],[-98.994,30.4877],[-98.9956,30.4838],[-98.9973,30.4892],[-99.0,30.4892]]]]}}
]
}
