{
"type": "FeatureCollection",
"name": "SELECT",
"xy_coordinate_resolution": 0.0001,
"features": [
{"type":"Feature","properties":{"name":"Luling Magnolia Substation","operator":"Lower Colorado River Authority","kv":69.0,"kind":"distribution"},"geometry":{"type":"Point","coordinates":[-97.7256,29.721]}},
{"type":"Feature","properties":{"name":"Freestone Tap","operator":"Oncor","kv":69.0,"kind":"transmission"},"geometry":{"type":"Point","coordinates":[-96.2417,31.5492]}},
{"type":"Feature","properties":{"name":"Waelder Substation","operator":"Lower Colorado River Authority","kv":69.0,"kind":"distribution"},"geometry":{"type":"Point","coordinates":[-97.3009,29.679]}},
{"type":"Feature","properties":{"name":"Darst Creek Substation","operator":"American Electric Power","kv":69.0,"kind":"distribution"},"geometry":{"type":"Point","coordinates":[-97.7785,29.5851]}},
{"type":"Feature","properties":{"name":"Nixon Substation","operator":"Lower Colorado River Authority","kv":138.0,"kind":"distribution"},"geometry":{"type":"Point","coordinates":[-97.7408,29.3081]}},
{"type":"Feature","properties":{"name":"Whitestone Substation","operator":"Pedernales Electric Cooperative","kv":138.0,"kind":"distribution"},"geometry":{"type":"Point","coordinates":[-97.8305,30.5201]}},
{"type":"Feature","properties":{"name":"Balcones Substation","operator":"Pedernales Electric Cooperative","kv":138.0,"kind":"distribution"},"geometry":{"type":"Point","coordinates":[-97.8302,30.461]}},
{"type":"Feature","properties":{"name":"Buttercup Substation","operator":"Pedernales Electric Cooperative","kv":138.0,"kind":"distribution"},"geometry":{"type":"Point","coordinates":[-97.8239,30.4869]}},
{"type":"Feature","properties":{"name":"Avery Ranch Substation","operator":"Lower Colorado River Authority","kv":138.0,"kind":"distribution"},"geometry":{"type":"Point","coordinates":[-97.7879,30.4914]}},
{"type":"Feature","properties":{"name":"Blockhouse Substation","operator":"Pedernales Electric Cooperative","kv":138.0,"kind":"distribution"},"geometry":{"type":"Point","coordinates":[-97.8382,30.5484]}},
{"type":"Feature","properties":{"name":"Hilltop Substation","operator":"San Marcos Electric Utilities","kv":138.0,"kind":"distribution"},"geometry":{"type":"Point","coordinates":[-97.9415,29.8986]}},
{"type":"Feature","properties":{"name":"Strahan Substation","operator":"San Marcos Electric Utilities","kv":138.0,"kind":"distribution"},"geometry":{"type":"Point","coordinates":[-97.9324,29.8897]}},
{"type":"Feature","properties":{"name":"Zorn Substation","operator":"Lower Colorado River Authority","kv":345.0,"kind":"transmission"},"geometry":{"type":"Point","coordinates":[-97.9498,29.7727]}},
{"type":"Feature","properties":{"name":"Spicewood Substation","operator":"Pedernales Electric Cooperative","kv":138.0,"kind":"distribution"},"geometry":{"type":"Point","coordinates":[-97.7969,30.4203]}},
{"type":"Feature","properties":{"name":"San Marcos Substation","operator":"San Marcos Electric Utilities","kv":138.0,"kind":"transmission"},"geometry":{"type":"Point","coordinates":[-97.918,29.8774]}},
{"type":"Feature","properties":{"name":"Redwood Substation","operator":"Lower Colorado River Authority","kv":138.0,"kind":"distribution"},"geometry":{"type":"Point","coordinates":[-97.9448,29.8505]}},
{"type":"Feature","properties":{"name":"Marshall Ford Lower Switchyard","operator":"Lower Colorado River Authority","kv":138.0,"kind":"transmission"},"geometry":{"type":"Point","coordinates":[-97.9076,30.39]}},
{"type":"Feature","properties":{"name":"","operator":"Pedernales Electric Cooperative","kv":138.0,"kind":"distribution"},"geometry":{"type":"Point","coordinates":[-98.0034,29.823]}},
{"type":"Feature","properties":{"name":"Wimberley Substation","operator":"Pedernales Electric Cooperative","kv":138.0,"kind":"distribution"},"geometry":{"type":"Point","coordinates":[-98.1027,29.9996]}},
{"type":"Feature","properties":{"name":"Canyon Substation","operator":"Lower Colorado River Authority","kv":138.0,"kind":"distribution"},"geometry":{"type":"Point","coordinates":[-97.9001,29.9115]}},
{"type":"Feature","properties":{"name":"Kirby Substation","operator":"CPS Energy","kv":138.0,"kind":"distribution"},"geometry":{"type":"Point","coordinates":[-98.3924,29.4654]}},
{"type":"Feature","properties":{"name":"Jack Creek Substation","operator":"Texas Municipal Power Agency","kv":345.0,"kind":"transmission"},"geometry":{"type":"Point","coordinates":[-96.2589,30.8589]}},
{"type":"Feature","properties":{"name":"Fayette Plant #1 Substation","operator":"Lower Colorado River Authority","kv":345.0,"kind":"transmission"},"geometry":{"type":"Point","coordinates":[-96.7552,29.9183]}},
{"type":"Feature","properties":{"name":"Fayette Plant 138 kV Substation","operator":"Lower Colorado River Authority","kv":138.0,"kind":"transmission"},"geometry":{"type":"Point","coordinates":[-96.7551,29.9123]}},
{"type":"Feature","properties":{"name":"Holman Substation","operator":"Austin Energy","kv":345.0,"kind":"transmission"},"geometry":{"type":"Point","coordinates":[-96.8784,29.7955]}},
{"type":"Feature","properties":{"name":"Peters Substation","operator":"CenterPoint Energy","kv":138.0,"kind":"transmission"},"geometry":{"type":"Point","coordinates":[-96.2006,29.8477]}},
{"type":"Feature","properties":{"name":"Fayetteville Substation","operator":"","kv":345.0,"kind":"transmission"},"geometry":{"type":"Point","coordinates":[-96.6876,29.9627]}},
{"type":"Feature","properties":{"name":"Bellville Substation","operator":"Lower Colorado River Authority","kv":138.0,"kind":"distribution"},"geometry":{"type":"Point","coordinates":[-96.2634,29.9593]}},
{"type":"Feature","properties":{"name":"Bellville South Substation","operator":"Lower Colorado River Authority","kv":138.0,"kind":"transmission"},"geometry":{"type":"Point","coordinates":[-96.2559,29.9243]}},
{"type":"Feature","properties":{"name":"Cagnon Road Substation","operator":"CPS Energy","kv":345.0,"kind":"transmission"},"geometry":{"type":"Point","coordinates":[-98.7182,29.4161]}},
{"type":"Feature","properties":{"name":"Anderson Substation","operator":"CPS Energy","kv":138.0,"kind":"distribution"},"geometry":{"type":"Point","coordinates":[-98.7184,29.4839]}},
{"type":"Feature","properties":{"name":"Helotes Substation","operator":"CPS Energy","kv":138.0,"kind":"distribution"},"geometry":{"type":"Point","coordinates":[-98.6819,29.5482]}},
{"type":"Feature","properties":{"name":"Chappel Hill Substation","operator":"Bluebonnet Electric Cooperative","kv":138.0,"kind":"distribution"},"geometry":{"type":"Point","coordinates":[-96.3254,30.1385]}},
{"type":"Feature","properties":{"name":"Highway 36 Substation","operator":"Lower Colorado River Authority","kv":138.0,"kind":"transmission"},"geometry":{"type":"Point","coordinates":[-96.3738,30.1226]}},
{"type":"Feature","properties":{"name":"Salem Substation","operator":"Lower Colorado River Authority","kv":345.0,"kind":"transmission"},"geometry":{"type":"Point","coordinates":[-96.4257,30.1112]}},
{"type":"Feature","properties":{"name":"Brenham Substation","operator":"Lower Colorado River Authority","kv":138.0,"kind":"distribution"},"geometry":{"type":"Point","coordinates":[-96.3946,30.1506]}},
{"type":"Feature","properties":{"name":"Glidden Substation","operator":"Lower Colorado River Authority","kv":138.0,"kind":"transmission"},"geometry":{"type":"Point","coordinates":[-96.5719,29.6969]}},
{"type":"Feature","properties":{"name":"Brenham North Substation","operator":"Lower Colorado River Authority","kv":138.0,"kind":"distribution"},"geometry":{"type":"Point","coordinates":[-96.3818,30.1818]}},
{"type":"Feature","properties":{"name":"Ball Park Substation","operator":"CPS Energy","kv":138.0,"kind":"distribution"},"geometry":{"type":"Point","coordinates":[-98.4889,29.3968]}},
{"type":"Feature","properties":{"name":"East Substation","operator":"Bryan Texas Utilities","kv":138.0,"kind":"transmission"},"geometry":{"type":"Point","coordinates":[-96.299,30.6594]}},
{"type":"Feature","properties":{"name":"College Station Switching Station","operator":"City of College Station","kv":138.0,"kind":"transmission"},"geometry":{"type":"Point","coordinates":[-96.2943,30.6277]}},
{"type":"Feature","properties":{"name":"Tabor Substation","operator":"Bryan Texas Utilities","kv":138.0,"kind":"transmission"},"geometry":{"type":"Point","coordinates":[-96.3647,30.716]}},
{"type":"Feature","properties":{"name":"Twin Oaks Substation","operator":"Oncor","kv":345.0,"kind":"transmission"},"geometry":{"type":"Point","coordinates":[-96.4841,31.1855]}},
{"type":"Feature","properties":{"name":"Dansby Substation","operator":"Bryan Texas Utilities","kv":138.0,"kind":"transmission"},"geometry":{"type":"Point","coordinates":[-96.4588,30.7221]}},
{"type":"Feature","properties":{"name":"Limestone Station","operator":"CenterPoint Energy","kv":345.0,"kind":"transmission"},"geometry":{"type":"Point","coordinates":[-96.2471,31.4244]}},
{"type":"Feature","properties":{"name":"Willow Springs Substation","operator":"Fayette Electric Cooperative","kv":138.0,"kind":"distribution"},"geometry":{"type":"Point","coordinates":[-96.614,29.9502]}},
{"type":"Feature","properties":{"name":"New Bremen Substation","operator":"Lower Colorado River Authority","kv":138.0,"kind":"distribution"},"geometry":{"type":"Point","coordinates":[-96.399,29.9198]}},
{"type":"Feature","properties":{"name":"Somerville Substation","operator":"Entergy","kv":69.0,"kind":"distribution"},"geometry":{"type":"Point","coordinates":[-96.5218,30.3386]}},
{"type":"Feature","properties":{"name":"Streich Road Substation","operator":"CPS Energy","kv":138.0,"kind":"distribution"},"geometry":{"type":"Point","coordinates":[-98.374,29.2758]}},
{"type":"Feature","properties":{"name":"Grissom Road Substation","operator":"CPS Energy","kv":138.0,"kind":"distribution"},"geometry":{"type":"Point","coordinates":[-98.6489,29.4764]}},
{"type":"Feature","properties":{"name":"Highland Hills Substation","operator":"CPS Energy","kv":138.0,"kind":"distribution"},"geometry":{"type":"Point","coordinates":[-98.4091,29.3589]}},
{"type":"Feature","properties":{"name":"Grandview Substation","operator":"CPS Energy","kv":138.0,"kind":"distribution"},"geometry":{"type":"Point","coordinates":[-98.4443,29.405]}},
{"type":"Feature","properties":{"name":"Toyota Substation","operator":"CPS Energy","kv":138.0,"kind":"industrial"},"geometry":{"type":"Point","coordinates":[-98.5373,29.269]}},
{"type":"Feature","properties":{"name":"Howard Substation","operator":"CPS Energy","kv":138.0,"kind":"transmission"},"geometry":{"type":"Point","coordinates":[-98.572,29.2805]}},
{"type":"Feature","properties":{"name":"Pipe Creek Substation","operator":"Bandera Electric Cooperative","kv":138.0,"kind":"distribution"},"geometry":{"type":"Point","coordinates":[-98.8988,29.7154]}},
{"type":"Feature","properties":{"name":"Summit Substation","operator":"Austin Energy","kv":138.0,"kind":"distribution"},"geometry":{"type":"Point","coordinates":[-97.7238,30.3981]}},
{"type":"Feature","properties":{"name":"Elmendorf Substation","operator":"CPS Energy","kv":138.0,"kind":"distribution"},"geometry":{"type":"Point","coordinates":[-98.3222,29.2702]}},
{"type":"Feature","properties":{"name":"Coliseum Substation","operator":"CPS Energy","kv":138.0,"kind":"distribution"},"geometry":{"type":"Point","coordinates":[-98.4443,29.4326]}},
{"type":"Feature","properties":{"name":"Holbrook Substation","operator":"CPS Energy","kv":138.0,"kind":"distribution"},"geometry":{"type":"Point","coordinates":[-98.4166,29.4635]}},
{"type":"Feature","properties":{"name":"Saint Hedwig Substation","operator":"CPS Energy","kv":138.0,"kind":"distribution"},"geometry":{"type":"Point","coordinates":[-98.3967,29.4272]}},
{"type":"Feature","properties":{"name":"Brooks Field Substation","operator":"CPS Energy","kv":138.0,"kind":"distribution"},"geometry":{"type":"Point","coordinates":[-98.4498,29.3345]}},
{"type":"Feature","properties":{"name":"Olmos Substation","operator":"CPS Energy","kv":138.0,"kind":"distribution"},"geometry":{"type":"Point","coordinates":[-98.4911,29.4842]}},
{"type":"Feature","properties":{"name":"Tenth Street Substation","operator":"CPS Energy","kv":138.0,"kind":"distribution"},"geometry":{"type":"Point","coordinates":[-98.4799,29.4327]}},
{"type":"Feature","properties":{"name":"Skyline Substation","operator":"CPS Energy","kv":345.0,"kind":"transmission"},"geometry":{"type":"Point","coordinates":[-98.4088,29.5806]}},
{"type":"Feature","properties":{"name":"Weiderstein Substation","operator":"Lower Colorado River Authority","kv":138.0,"kind":"distribution"},"geometry":{"type":"Point","coordinates":[-98.2653,29.5991]}},
{"type":"Feature","properties":{"name":"Westside Substation","operator":"CPS Energy","kv":138.0,"kind":"distribution"},"geometry":{"type":"Point","coordinates":[-98.5609,29.4398]}},
{"type":"Feature","properties":{"name":"Pinn Road Substation","operator":"CPS Energy","kv":138.0,"kind":"distribution"},"geometry":{"type":"Point","coordinates":[-98.6234,29.4133]}},
{"type":"Feature","properties":{"name":"Westover Hills Substation","operator":"CPS Energy","kv":138.0,"kind":"industrial"},"geometry":{"type":"Point","coordinates":[-98.6943,29.4811]}},
{"type":"Feature","properties":{"name":"VLSI Substation","operator":"CPS Energy","kv":138.0,"kind":"industrial"},"geometry":{"type":"Point","coordinates":[-98.6786,29.4735]}},
{"type":"Feature","properties":{"name":"De Zavala Road Substation","operator":"CPS Energy","kv":138.0,"kind":"distribution"},"geometry":{"type":"Point","coordinates":[-98.5664,29.5715]}},
{"type":"Feature","properties":{"name":"Medical Center Substation","operator":"CPS Energy","kv":138.0,"kind":"distribution"},"geometry":{"type":"Point","coordinates":[-98.5757,29.5208]}},
{"type":"Feature","properties":{"name":"Castle Hills Substation","operator":"CPS Energy","kv":138.0,"kind":"distribution"},"geometry":{"type":"Point","coordinates":[-98.5258,29.5385]}},
{"type":"Feature","properties":{"name":"La Sierra Substation","operator":"CPS Energy","kv":138.0,"kind":"distribution"},"geometry":{"type":"Point","coordinates":[-98.608,29.6172]}},
{"type":"Feature","properties":{"name":"UTSA Substation","operator":"CPS Energy","kv":138.0,"kind":"distribution"},"geometry":{"type":"Point","coordinates":[-98.6259,29.5865]}},
{"type":"Feature","properties":{"name":"Texas Research Substation","operator":"CPS Energy","kv":138.0,"kind":"distribution"},"geometry":{"type":"Point","coordinates":[-98.7878,29.4205]}},
{"type":"Feature","properties":{"name":"Quintana Road Substation","operator":"CPS Energy","kv":138.0,"kind":"distribution"},"geometry":{"type":"Point","coordinates":[-98.5565,29.373]}},
{"type":"Feature","properties":{"name":"South San Antonio Substation","operator":"CPS Energy","kv":138.0,"kind":"distribution"},"geometry":{"type":"Point","coordinates":[-98.5398,29.3677]}},
{"type":"Feature","properties":{"name":"Merida Street Substation","operator":"CPS Energy","kv":138.0,"kind":"distribution"},"geometry":{"type":"Point","coordinates":[-98.5398,29.4095]}},
{"type":"Feature","properties":{"name":"Hortontown Substation","operator":"New Braunfels Utilities","kv":138.0,"kind":"distribution"},"geometry":{"type":"Point","coordinates":[-98.0981,29.7133]}},
{"type":"Feature","properties":{"name":"GPI Substation","operator":"New Braunfels Utilities","kv":138.0,"kind":"transmission"},"geometry":{"type":"Point","coordinates":[-98.178,29.6771]}},
{"type":"Feature","properties":{"name":"Comal Substation","operator":"New Braunfels Utilities","kv":138.0,"kind":"transmission"},"geometry":{"type":"Point","coordinates":[-98.135,29.7068]}},
{"type":"Feature","properties":{"name":"TXI Substation","operator":"New Braunfels Utilities","kv":138.0,"kind":"industrial"},"geometry":{"type":"Point","coordinates":[-98.0406,29.8035]}},
{"type":"Feature","properties":{"name":"Henne Substation","operator":"New Braunfels Utilities","kv":138.0,"kind":"transmission"},"geometry":{"type":"Point","coordinates":[-98.051,29.7735]}},
{"type":"Feature","properties":{"name":"Highway 46 Substation","operator":"New Braunfels Utilities","kv":138.0,"kind":"distribution"},"geometry":{"type":"Point","coordinates":[-98.2452,29.7588]}},
{"type":"Feature","properties":{"name":"Lehigh Substation","operator":"Pedernales Electric Cooperative","kv":138.0,"kind":"transmission"},"geometry":{"type":"Point","coordinates":[-97.866,30.029]}},
{"type":"Feature","properties":{"name":"Georgetown Substation","operator":"Lower Colorado River Authority","kv":138.0,"kind":"distribution"},"geometry":{"type":"Point","coordinates":[-97.6871,30.6325]}},
{"type":"Feature","properties":{"name":"Gabriel Substation","operator":"Lower Colorado River Authority","kv":138.0,"kind":"transmission"},"geometry":{"type":"Point","coordinates":[-97.6609,30.6673]}},
{"type":"Feature","properties":{"name":"Hays Energy Station","operator":"Lower Colorado River Authority","kv":345.0,"kind":"transmission"},"geometry":{"type":"Point","coordinates":[-97.9901,29.783]}},
{"type":"Feature","properties":{"name":"Somerset Substation","operator":"CPS Energy","kv":138.0,"kind":"distribution"},"geometry":{"type":"Point","coordinates":[-98.6494,29.2421]}},
{"type":"Feature","properties":{"name":"Robinson Northwest Substation","operator":"Oncor","kv":138.0,"kind":"distribution"},"geometry":{"type":"Point","coordinates":[-97.1412,31.4732]}},
{"type":"Feature","properties":{"name":"Groesbeck Substation","operator":"Oncor","kv":138.0,"kind":"transmission"},"geometry":{"type":"Point","coordinates":[-96.6774,31.4376]}},
{"type":"Feature","properties":{"name":"Business Park Substation","operator":"Bryan Texas Utilities","kv":69.0,"kind":"distribution"},"geometry":{"type":"Point","coordinates":[-96.4225,30.7092]}},
{"type":"Feature","properties":{"name":"Farrar Substation","operator":"Brazos Electric","kv":138.0,"kind":"distribution"},"geometry":{"type":"Point","coordinates":[-96.282,31.3841]}},
{"type":"Feature","properties":{"name":"Rattlesnake Road Substation","operator":"","kv":345.0,"kind":"transmission"},"geometry":{"type":"Point","coordinates":[-96.9604,31.4735]}},
{"type":"Feature","properties":{"name":"Minerva Substation","operator":"","kv":138.0,"kind":"transmission"},"geometry":{"type":"Point","coordinates":[-96.9544,30.7458]}},
{"type":"Feature","properties":{"name":"Webberville Substation","operator":"Lower Colorado River Authority","kv":138.0,"kind":"distribution"},"geometry":{"type":"Point","coordinates":[-97.488,30.2488]}},
{"type":"Feature","properties":{"name":"Austrop Substation","operator":"Lower Colorado River Authority","kv":345.0,"kind":"transmission"},"geometry":{"type":"Point","coordinates":[-97.4873,30.2513]}},
{"type":"Feature","properties":{"name":"Sim Gideon Station","operator":"Lower Colorado River Authority","kv":138.0,"kind":"transmission"},"geometry":{"type":"Point","coordinates":[-97.2688,30.1461]}},
{"type":"Feature","properties":{"name":"Caterpillar Substation","operator":"Guadalupe Valley Electric Cooperative","kv":138.0,"kind":"industrial"},"geometry":{"type":"Point","coordinates":[-97.9972,29.5793]}},
{"type":"Feature","properties":{"name":"Seguin West Substation","operator":"Lower Colorado River Authority","kv":138.0,"kind":"distribution"},"geometry":{"type":"Point","coordinates":[-97.9876,29.5862]}},
{"type":"Feature","properties":{"name":"Five Points Substation","operator":"CPS Energy","kv":138.0,"kind":"distribution"},"geometry":{"type":"Point","coordinates":[-98.5068,29.4373]}},
{"type":"Feature","properties":{"name":"Laredo Street Substation","operator":"CPS Energy","kv":138.0,"kind":"distribution"},"geometry":{"type":"Point","coordinates":[-98.5016,29.4153]}},
{"type":"Feature","properties":{"name":"Fern Street Switchyard","operator":"CPS Energy","kv":138.0,"kind":"transition"},"geometry":{"type":"Point","coordinates":[-98.4795,29.4048]}},
{"type":"Feature","properties":{"name":"Encino Park Substation","operator":"CPS Energy","kv":138.0,"kind":"distribution"},"geometry":{"type":"Point","coordinates":[-98.4697,29.6156]}},
{"type":"Feature","properties":{"name":"Nacogdoches Road Substation","operator":"CPS Energy","kv":138.0,"kind":"distribution"},"geometry":{"type":"Point","coordinates":[-98.4243,29.5316]}},
{"type":"Feature","properties":{"name":"Talley Road Substation","operator":"CPS Energy","kv":138.0,"kind":"distribution"},"geometry":{"type":"Point","coordinates":[-98.8099,29.5235]}},
{"type":"Feature","properties":{"name":"Bergheim Substation","operator":"Pedernales Electric Cooperative","kv":138.0,"kind":"distribution"},"geometry":{"type":"Point","coordinates":[-98.5263,29.7887]}},
{"type":"Feature","properties":{"name":"Fair Oaks Substation","operator":"Pedernales Electric Cooperative","kv":138.0,"kind":"distribution"},"geometry":{"type":"Point","coordinates":[-98.5934,29.7949]}},
{"type":"Feature","properties":{"name":"Antler Substation","operator":"Pedernales Electric Cooperative","kv":138.0,"kind":"distribution"},"geometry":{"type":"Point","coordinates":[-98.4134,29.7768]}},
{"type":"Feature","properties":{"name":"Kendall Substation","operator":"Lower Colorado River Authority","kv":345.0,"kind":"transmission"},"geometry":{"type":"Point","coordinates":[-98.8867,29.9849]}},
{"type":"Feature","properties":{"name":"Boerne Substation","operator":"Lower Colorado River Authority","kv":138.0,"kind":"distribution"},"geometry":{"type":"Point","coordinates":[-98.7258,29.8042]}},
{"type":"Feature","properties":{"name":"Comfort Substation","operator":"Lower Colorado River Authority","kv":138.0,"kind":"transmission"},"geometry":{"type":"Point","coordinates":[-98.9032,29.978]}},
{"type":"Feature","properties":{"name":"Welfare Substation","operator":"Lower Colorado River Authority","kv":138.0,"kind":"distribution"},"geometry":{"type":"Point","coordinates":[-98.7607,29.8868]}},
{"type":"Feature","properties":{"name":"Horse Hollow Generation Tie","operator":"","kv":345.0,"kind":"compensation"},"geometry":{"type":"Point","coordinates":[-98.8877,29.988]}},
{"type":"Feature","properties":{"name":"Clear Springs Substation","operator":"Lower Colorado River Authority","kv":345.0,"kind":"transmission"},"geometry":{"type":"Point","coordinates":[-98.0173,29.6512]}},
{"type":"Feature","properties":{"name":"Lockhart Substation","operator":"Lower Colorado River Authority","kv":138.0,"kind":"transmission"},"geometry":{"type":"Point","coordinates":[-97.6613,29.8708]}},
{"type":"Feature","properties":{"name":"Brownwood South Substation","operator":"Oncor","kv":138.0,"kind":"distribution"},"geometry":{"type":"Point","coordinates":[-98.9819,31.676]}},
{"type":"Feature","properties":{"name":"Parsons Street Substation","operator":"CPS Energy","kv":138.0,"kind":"distribution"},"geometry":{"type":"Point","coordinates":[-98.4795,29.4121]}},
{"type":"Feature","properties":{"name":"Eagle Creek Substation","operator":"CPS Energy","kv":138.0,"kind":"distribution"},"geometry":{"type":"Point","coordinates":[-98.2539,29.2248]}},
{"type":"Feature","properties":{"name":"Dessau Substation","operator":"Austin Energy","kv":138.0,"kind":"industrial"},"geometry":{"type":"Point","coordinates":[-97.643,30.3735]}},
{"type":"Feature","properties":{"name":"Gilleland Creek Substation","operator":"Lower Colorado River Authority","kv":345.0,"kind":"transmission"},"geometry":{"type":"Point","coordinates":[-97.5742,30.4101]}},
{"type":"Feature","properties":{"name":"Hill Country Substation","operator":"CPS Energy","kv":345.0,"kind":"transmission"},"geometry":{"type":"Point","coordinates":[-98.5718,29.6194]}},
{"type":"Feature","properties":{"name":"Broadview Substation","operator":"CPS Energy","kv":138.0,"kind":"distribution"},"geometry":{"type":"Point","coordinates":[-98.5863,29.479]}},
{"type":"Feature","properties":{"name":"Stonegate Substation","operator":"CPS Energy","kv":138.0,"kind":"distribution"},"geometry":{"type":"Point","coordinates":[-98.4549,29.6792]}},
{"type":"Feature","properties":{"name":"Bandera Road Substation","operator":"CPS Energy","kv":138.0,"kind":"distribution"},"geometry":{"type":"Point","coordinates":[-98.6099,29.4987]}},
{"type":"Feature","properties":{"name":"Fredericksburg Road Substation","operator":"CPS Energy","kv":138.0,"kind":"distribution"},"geometry":{"type":"Point","coordinates":[-98.5599,29.5029]}},
{"type":"Feature","properties":{"name":"Chulie Substation","operator":"CPS Energy","kv":138.0,"kind":"distribution"},"geometry":{"type":"Point","coordinates":[-98.4771,29.5112]}},
{"type":"Feature","properties":{"name":"Leander Substation","operator":"Lower Colorado River Authority","kv":138.0,"kind":"distribution"},"geometry":{"type":"Point","coordinates":[-97.8416,30.5857]}},
{"type":"Feature","properties":{"name":"Harmony Hills Substation","operator":"CPS Energy","kv":138.0,"kind":"distribution"},"geometry":{"type":"Point","coordinates":[-98.506,29.554]}},
{"type":"Feature","properties":{"name":"Austin Road Substation","operator":"CPS Energy","kv":138.0,"kind":"distribution"},"geometry":{"type":"Point","coordinates":[-98.408,29.5039]}},
{"type":"Feature","properties":{"name":"Fratt Substation","operator":"CPS Energy","kv":138.0,"kind":"distribution"},"geometry":{"type":"Point","coordinates":[-98.3431,29.5485]}},
{"type":"Feature","properties":{"name":"Parkway Substation","operator":"Guadalupe Valley Electric Cooperative","kv":138.0,"kind":"distribution"},"geometry":{"type":"Point","coordinates":[-98.2899,29.5826]}},
{"type":"Feature","properties":{"name":"Valley Road Substation","operator":"CPS Energy","kv":138.0,"kind":"distribution"},"geometry":{"type":"Point","coordinates":[-98.4296,29.2387]}},
{"type":"Feature","properties":{"name":"Tradinghouse Substation","operator":"","kv":345.0,"kind":"transmission"},"geometry":{"type":"Point","coordinates":[-96.9642,31.5747]}},
{"type":"Feature","properties":{"name":"Temple Pecan Creek Substation","operator":"Oncor","kv":345.0,"kind":"transmission"},"geometry":{"type":"Point","coordinates":[-97.2611,31.1296]}},
{"type":"Feature","properties":{"name":"Temple Switching Station","operator":"Oncor","kv":345.0,"kind":"transmission"},"geometry":{"type":"Point","coordinates":[-97.3078,31.079]}},
{"type":"Feature","properties":{"name":"Oak Grove Substation","operator":"","kv":345.0,"kind":"transmission"},"geometry":{"type":"Point","coordinates":[-96.4844,31.1836]}},
{"type":"Feature","properties":{"name":"Bear Grass Substation","operator":"Brazos Electric","kv":138.0,"kind":"transmission"},"geometry":{"type":"Point","coordinates":[-96.2063,31.377]}},
{"type":"Feature","properties":{"name":"Sandow Station","operator":"Oncor","kv":345.0,"kind":"transmission"},"geometry":{"type":"Point","coordinates":[-97.0769,30.5774]}},
{"type":"Feature","properties":{"name":"Rogers Substation","operator":"Oncor","kv":138.0,"kind":"distribution"},"geometry":{"type":"Point","coordinates":[-97.2013,30.9192]}},
{"type":"Feature","properties":{"name":"Cedar Hill Substation","operator":"Lower Colorado River Authority","kv":138.0,"kind":"distribution"},"geometry":{"type":"Point","coordinates":[-97.3794,30.314]}},
{"type":"Feature","properties":{"name":"TNP One Substation","operator":"","kv":345.0,"kind":"transmission"},"geometry":{"type":"Point","coordinates":[-96.6936,31.0913]}},
{"type":"Feature","properties":{"name":"Lost Pines Station","operator":"Lower Colorado River Authority","kv":345.0,"kind":"transmission"},"geometry":{"type":"Point","coordinates":[-97.2728,30.1477]}},
{"type":"Feature","properties":{"name":"Garfield Substation","operator":"Austin Energy","kv":345.0,"kind":"transmission"},"geometry":{"type":"Point","coordinates":[-97.5454,30.1426]}},
{"type":"Feature","properties":{"name":"Bluebonnet Substation","operator":"Bluebonnet Electric Cooperative","kv":138.0,"kind":"distribution"},"geometry":{"type":"Point","coordinates":[-97.4343,30.122]}},
{"type":"Feature","properties":{"name":"Bastrop West Substation","operator":"Lower Colorado River Authority","kv":138.0,"kind":"distribution"},"geometry":{"type":"Point","coordinates":[-97.3352,30.1017]}},
{"type":"Feature","properties":{"name":"Tahitian Village Substation","operator":"Bluebonnet Electric Cooperative","kv":138.0,"kind":"distribution"},"geometry":{"type":"Point","coordinates":[-97.3059,30.0912]}},
{"type":"Feature","properties":{"name":"Bastrop Energy Switchyard","operator":"Bastrop Energy Partners","kv":345.0,"kind":"transmission"},"geometry":{"type":"Point","coordinates":[-97.5485,30.1455]}},
{"type":"Feature","properties":{"name":"Winchester Substation","operator":"Lower Colorado River Authority","kv":138.0,"kind":"transmission"},"geometry":{"type":"Point","coordinates":[-96.9865,30.0444]}},
{"type":"Feature","properties":{"name":"Green Mountain Substation","operator":"CPS Energy","kv":138.0,"kind":"distribution"},"geometry":{"type":"Point","coordinates":[-98.3329,29.6204]}},
{"type":"Feature","properties":{"name":"Hollywood Park Substation","operator":"CPS Energy","kv":138.0,"kind":"distribution"},"geometry":{"type":"Point","coordinates":[-98.4716,29.5949]}},
{"type":"Feature","properties":{"name":"Lytton Springs Substation","operator":"Austin Energy","kv":345.0,"kind":"transmission"},"geometry":{"type":"Point","coordinates":[-97.6743,30.0054]}},
{"type":"Feature","properties":{"name":"Mendoza Substation","operator":"Lower Colorado River Authority","kv":138.0,"kind":"distribution"},"geometry":{"type":"Point","coordinates":[-97.6676,30.0035]}},
{"type":"Feature","properties":{"name":"McCarty Lane Substation","operator":"Lower Colorado River Authority","kv":138.0,"kind":"transmission"},"geometry":{"type":"Point","coordinates":[-97.9648,29.8265]}},
{"type":"Feature","properties":{"name":"Killeen Substation","operator":"Oncor","kv":345.0,"kind":"transmission"},"geometry":{"type":"Point","coordinates":[-97.7229,31.0392]}},
{"type":"Feature","properties":{"name":"Salado Switching Station","operator":"Oncor","kv":345.0,"kind":"transmission"},"geometry":{"type":"Point","coordinates":[-97.5111,30.9721]}},
{"type":"Feature","properties":{"name":"Salado Substation","operator":"Oncor","kv":138.0,"kind":"distribution"},"geometry":{"type":"Point","coordinates":[-97.513,30.9712]}},
{"type":"Feature","properties":{"name":"Bell County Switching Station","operator":"Brazos Electric","kv":138.0,"kind":"transmission"},"geometry":{"type":"Point","coordinates":[-97.3935,31.01]}},
{"type":"Feature","properties":{"name":"Hutto Switching Station","operator":"Oncor","kv":345.0,"kind":"transmission"},"geometry":{"type":"Point","coordinates":[-97.5613,30.5512]}},
{"type":"Feature","properties":{"name":"Kendall CTEC Substation","operator":"Central Texas Electric Cooperative","kv":138.0,"kind":"distribution"},"geometry":{"type":"Point","coordinates":[-98.8848,29.9863]}},
{"type":"Feature","properties":{"name":"River Oaks Substation","operator":"Pedernales Electric Cooperative","kv":138.0,"kind":"distribution"},"geometry":{"type":"Point","coordinates":[-98.1059,29.7778]}},
{"type":"Feature","properties":{"name":"Rio Nogales Switchyard","operator":"CPS Energy","kv":345.0,"kind":"transmission"},"geometry":{"type":"Point","coordinates":[-97.9749,29.5931]}},
{"type":"Feature","properties":{"name":"Boerne Cico Substation","operator":"Lower Colorado River Authority","kv":138.0,"kind":"distribution"},"geometry":{"type":"Point","coordinates":[-98.7761,29.7712]}},
{"type":"Feature","properties":{"name":"Marion Substation","operator":"Lower Colorado River Authority","kv":345.0,"kind":"transmission"},"geometry":{"type":"Point","coordinates":[-98.1488,29.6208]}},
{"type":"Feature","properties":{"name":"Guadalupe Generating Station","operator":"","kv":345.0,"kind":"transmission"},"geometry":{"type":"Point","coordinates":[-98.1411,29.6232]}},
{"type":"Feature","properties":{"name":"Elm Creek Substation","operator":"CPS Energy","kv":345.0,"kind":"transmission"},"geometry":{"type":"Point","coordinates":[-97.9999,29.4673]}},
{"type":"Feature","properties":{"name":"Cibolo Substation","operator":"Guadalupe Valley Electric Cooperative","kv":138.0,"kind":"transmission"},"geometry":{"type":"Point","coordinates":[-98.2073,29.5782]}},
{"type":"Feature","properties":{"name":"O. W. Sommers Switchyard","operator":"CPS Energy","kv":138.0,"kind":"transmission"},"geometry":{"type":"Point","coordinates":[-98.3236,29.3103]}},
{"type":"Feature","properties":{"name":"Walzem Road Substation","operator":"CPS Energy","kv":138.0,"kind":"distribution"},"geometry":{"type":"Point","coordinates":[-98.3693,29.5096]}},
{"type":"Feature","properties":{"name":"Beck Road Substation","operator":"CPS Energy","kv":138.0,"kind":"distribution"},"geometry":{"type":"Point","coordinates":[-98.3185,29.382]}},
{"type":"Feature","properties":{"name":"Cypress Creek Substation","operator":"Bandera Electric Cooperative","kv":138.0,"kind":"distribution"},"geometry":{"type":"Point","coordinates":[-98.9133,29.9592]}},
{"type":"Feature","properties":{"name":"Little River Substation","operator":"Oncor","kv":69.0,"kind":"distribution"},"geometry":{"type":"Point","coordinates":[-97.3666,30.9859]}},
{"type":"Feature","properties":{"name":"Nameless Substation","operator":"Pedernales Electric Cooperative","kv":138.0,"kind":"distribution"},"geometry":{"type":"Point","coordinates":[-97.9284,30.5281]}},
{"type":"Feature","properties":{"name":"Brackenridge Substation","operator":"Austin Energy","kv":69.0,"kind":"distribution"},"geometry":{"type":"Point","coordinates":[-97.7329,30.2727]}},
{"type":"Feature","properties":{"name":"Pedernales Substation","operator":"Austin Energy","kv":138.0,"kind":"transmission"},"geometry":{"type":"Point","coordinates":[-97.7211,30.25]}},
{"type":"Feature","properties":{"name":"Escarpment Substation","operator":"Lower Colorado River Authority","kv":138.0,"kind":"distribution"},"geometry":{"type":"Point","coordinates":[-97.8946,30.18]}},
{"type":"Feature","properties":{"name":"Hamilton Wolfe Road Substation","operator":"CPS Energy","kv":138.0,"kind":"distribution"},"geometry":{"type":"Point","coordinates":[-98.5882,29.5153]}},
{"type":"Feature","properties":{"name":"Sheriff's Posse Substation","operator":"New Braunfels Utilities","kv":138.0,"kind":"distribution"},"geometry":{"type":"Point","coordinates":[-98.1626,29.6647]}},
{"type":"Feature","properties":{"name":"Adamsville Substation","operator":"Lower Colorado River Authority","kv":138.0,"kind":"distribution"},"geometry":{"type":"Point","coordinates":[-98.1593,31.2298]}},
{"type":"Feature","properties":{"name":"Seward Junction Substation","operator":"Pedernales Electric Cooperative","kv":138.0,"kind":"distribution"},"geometry":{"type":"Point","coordinates":[-97.8509,30.6345]}},
{"type":"Feature","properties":{"name":"Gillespie Substation","operator":"Lower Colorado River Authority","kv":138.0,"kind":"transmission"},"geometry":{"type":"Point","coordinates":[-98.9041,30.3054]}},
{"type":"Feature","properties":{"name":"Horseshoe Bay Substation","operator":"Pedernales Electric Cooperative","kv":138.0,"kind":"distribution"},"geometry":{"type":"Point","coordinates":[-98.3925,30.5328]}},
{"type":"Feature","properties":{"name":"Nimitz Substation","operator":"Lower Colorado River Authority","kv":138.0,"kind":"distribution"},"geometry":{"type":"Point","coordinates":[-98.8659,30.3068]}},
{"type":"Feature","properties":{"name":"Ferguson Substation","operator":"Lower Colorado River Authority","kv":138.0,"kind":"transmission"},"geometry":{"type":"Point","coordinates":[-98.3713,30.5555]}},
{"type":"Feature","properties":{"name":"Wirtz Substation","operator":"Lower Colorado River Authority","kv":138.0,"kind":"transmission"},"geometry":{"type":"Point","coordinates":[-98.3375,30.5597]}},
{"type":"Feature","properties":{"name":"Sandy Creek Substation","operator":"Lower Colorado River Authority","kv":138.0,"kind":"transmission"},"geometry":{"type":"Point","coordinates":[-98.4775,30.5692]}},
{"type":"Feature","properties":{"name":"Spring Creek Substation","operator":"City of College Station","kv":138.0,"kind":"distribution"},"geometry":{"type":"Point","coordinates":[-96.2665,30.5726]}},
{"type":"Feature","properties":{"name":"Engle Substation","operator":"Lower Colorado River Authority","kv":138.0,"kind":"distribution"},"geometry":{"type":"Point","coordinates":[-97.0131,29.6745]}},
{"type":"Feature","properties":{"name":"Flatonia Substation","operator":"Lower Colorado River Authority","kv":138.0,"kind":"transmission"},"geometry":{"type":"Point","coordinates":[-97.1059,29.6781]}},
{"type":"Feature","properties":{"name":"La Vernia Substation","operator":"Guadalupe Valley Electric Cooperative","kv":69.0,"kind":"distribution"},"geometry":{"type":"Point","coordinates":[-98.0543,29.3239]}},
{"type":"Feature","properties":{"name":"Olmos Substation","operator":"Guadalupe Valley Electric Cooperative","kv":138.0,"kind":"transmission"},"geometry":{"type":"Point","coordinates":[-98.0718,29.4006]}},
{"type":"Feature","properties":{"name":"Capote Substation","operator":"Guadalupe Valley Electric Cooperative","kv":138.0,"kind":"distribution"},"geometry":{"type":"Point","coordinates":[-97.8783,29.5684]}},
{"type":"Feature","properties":{"name":"Seguin Substation","operator":"Lower Colorado River Authority","kv":138.0,"kind":"transmission"},"geometry":{"type":"Point","coordinates":[-97.9564,29.5944]}},
{"type":"Feature","properties":{"name":"McQueeney Substation","operator":"Guadalupe Valley Electric Cooperative","kv":138.0,"kind":"transmission"},"geometry":{"type":"Point","coordinates":[-98.0496,29.5885]}},
{"type":"Feature","properties":{"name":"York Creek Substation","operator":"Guadalupe Valley Electric Cooperative","kv":138.0,"kind":"distribution"},"geometry":{"type":"Point","coordinates":[-97.9501,29.7375]}},
{"type":"Feature","properties":{"name":"Terrell Hills Substation","operator":"CPS Energy","kv":138.0,"kind":"distribution"},"geometry":{"type":"Point","coordinates":[-98.4468,29.4866]}},
{"type":"Feature","properties":{"name":"Wheless Lane Substation","operator":"Austin Energy","kv":138.0,"kind":"distribution"},"geometry":{"type":"Point","coordinates":[-97.685,30.313]}},
{"type":"Feature","properties":{"name":"","operator":"","kv":69.0,"kind":"industrial"},"geometry":{"type":"Point","coordinates":[-96.8015,31.0083]}},
{"type":"Feature","properties":{"name":"Seaholm Substation","operator":"Austin Energy","kv":138.0,"kind":"distribution"},"geometry":{"type":"Point","coordinates":[-97.7514,30.2669]}},
{"type":"Feature","properties":{"name":"Marshall Ford Upper Switchyard","operator":"Lower Colorado River Authority","kv":138.0,"kind":"transmission"},"geometry":{"type":"Point","coordinates":[-97.9091,30.3892]}},
{"type":"Feature","properties":{"name":"Angus Valley Substation","operator":"Austin Energy","kv":138.0,"kind":"distribution"},"geometry":{"type":"Point","coordinates":[-97.7777,30.4005]}},
{"type":"Feature","properties":{"name":"River Place Substation","operator":"Austin Energy","kv":138.0,"kind":"distribution"},"geometry":{"type":"Point","coordinates":[-97.8423,30.3987]}},
{"type":"Feature","properties":{"name":"Hidden Valley Substation","operator":"Austin Energy","kv":138.0,"kind":"distribution"},"geometry":{"type":"Point","coordinates":[-97.9002,30.3841]}},
{"type":"Feature","properties":{"name":"Commons Ford Substation","operator":"Austin Energy","kv":138.0,"kind":"distribution"},"geometry":{"type":"Point","coordinates":[-97.8548,30.3153]}},
{"type":"Feature","properties":{"name":"Paleface Substation","operator":"Lower Colorado River Authority","kv":138.0,"kind":"transmission"},"geometry":{"type":"Point","coordinates":[-98.1089,30.4268]}},
{"type":"Feature","properties":{"name":"Lakeway Substation","operator":"Pedernales Electric Cooperative","kv":138.0,"kind":"distribution"},"geometry":{"type":"Point","coordinates":[-97.9788,30.3587]}},
{"type":"Feature","properties":{"name":"Barton Substation","operator":"Austin Energy","kv":138.0,"kind":"distribution"},"geometry":{"type":"Point","coordinates":[-97.8195,30.2661]}},
{"type":"Feature","properties":{"name":"Salem Walk Substation","operator":"Austin Energy","kv":138.0,"kind":"distribution"},"geometry":{"type":"Point","coordinates":[-97.79,30.2158]}},
{"type":"Feature","properties":{"name":"Patton Lane Substation","operator":"Austin Energy","kv":138.0,"kind":"distribution"},"geometry":{"type":"Point","coordinates":[-97.8705,30.2383]}},
{"type":"Feature","properties":{"name":"Cedar Valley Substation","operator":"Pedernales Electric Cooperative","kv":138.0,"kind":"distribution"},"geometry":{"type":"Point","coordinates":[-97.9525,30.227]}},
{"type":"Feature","properties":{"name":"Bergstrom Substation","operator":"Austin Energy","kv":138.0,"kind":"distribution"},"geometry":{"type":"Point","coordinates":[-97.6726,30.2191]}},
{"type":"Feature","properties":{"name":"Sonterra Substation","operator":"Brazos Electric","kv":138.0,"kind":"distribution"},"geometry":{"type":"Point","coordinates":[-97.6076,30.8023]}},
{"type":"Feature","properties":{"name":"Jarrell Substation","operator":"Oncor","kv":69.0,"kind":"distribution"},"geometry":{"type":"Point","coordinates":[-97.5619,30.7965]}},
{"type":"Feature","properties":{"name":"Jarrell East Substation","operator":"Oncor","kv":138.0,"kind":"distribution"},"geometry":{"type":"Point","coordinates":[-97.6106,30.7962]}},
{"type":"Feature","properties":{"name":"Wolf Lane Substation","operator":"Lower Colorado River Authority","kv":138.0,"kind":"distribution"},"geometry":{"type":"Point","coordinates":[-97.5614,30.1395]}},
{"type":"Feature","properties":{"name":"Pilot Knob Substation","operator":"Austin Energy","kv":138.0,"kind":"transmission"},"geometry":{"type":"Point","coordinates":[-97.6816,30.1625]}},
{"type":"Feature","properties":{"name":"Colton Substation","operator":"Lower Colorado River Authority","kv":138.0,"kind":"distribution"},"geometry":{"type":"Point","coordinates":[-97.6789,30.139]}},
{"type":"Feature","properties":{"name":"USAA #2 Substation","operator":"CPS Energy","kv":138.0,"kind":"distribution"},"geometry":{"type":"Point","coordinates":[-98.5713,29.5305]}},
{"type":"Feature","properties":{"name":"USAA #1 Substation","operator":"CPS Energy","kv":138.0,"kind":"distribution"},"geometry":{"type":"Point","coordinates":[-98.5763,29.5333]}},
{"type":"Feature","properties":{"name":"Buckeye Substation","operator":"CPS Energy","kv":138.0,"kind":"distribution"},"geometry":{"type":"Point","coordinates":[-98.5246,29.4937]}},
{"type":"Feature","properties":{"name":"Austin Dam Substation","operator":"Austin Energy","kv":138.0,"kind":"distribution"},"geometry":{"type":"Point","coordinates":[-97.7844,30.2933]}},
{"type":"Feature","properties":{"name":"Bee Creek Substation","operator":"Austin Energy","kv":138.0,"kind":"distribution"},"geometry":{"type":"Point","coordinates":[-97.7895,30.2939]}},
{"type":"Feature","properties":{"name":"Kingsbery Substation","operator":"Austin Energy","kv":138.0,"kind":"transmission"},"geometry":{"type":"Point","coordinates":[-97.6872,30.2652]}},
{"type":"Feature","properties":{"name":"Carson Creek Substation","operator":"Austin Energy","kv":138.0,"kind":"distribution"},"geometry":{"type":"Point","coordinates":[-97.6871,30.2032]}},
{"type":"Feature","properties":{"name":"Bertram Substation","operator":"Pedernales Electric Cooperative","kv":138.0,"kind":"distribution"},"geometry":{"type":"Point","coordinates":[-98.0538,30.7549]}},
{"type":"Feature","properties":{"name":"Camp Gary Substation","operator":"Lower Colorado River Authority","kv":69.0,"kind":"distribution"},"geometry":{"type":"Point","coordinates":[-97.8664,29.8812]}},
{"type":"Feature","properties":{"name":"Reedville Substation","operator":"Bluebonnet Electric Cooperative","kv":69.0,"kind":"distribution"},"geometry":{"type":"Point","coordinates":[-97.8514,29.8754]}},
{"type":"Feature","properties":{"name":"Beback Substation","operator":"Bluebonnet Electric Cooperative","kv":138.0,"kind":"distribution"},"geometry":{"type":"Point","coordinates":[-97.9556,29.7971]}},
{"type":"Feature","properties":{"name":"Vega Substation","operator":"Austin Energy","kv":138.0,"kind":"industrial"},"geometry":{"type":"Point","coordinates":[-97.8683,30.2422]}},
{"type":"Feature","properties":{"name":"Fair Oaks Ranch Substation","operator":"CPS Energy","kv":138.0,"kind":"distribution"},"geometry":{"type":"Point","coordinates":[-98.6124,29.7328]}},
{"type":"Feature","properties":{"name":"Georgetown East Substation","operator":"Lower Colorado River Authority","kv":138.0,"kind":"distribution"},"geometry":{"type":"Point","coordinates":[-97.6449,30.6237]}},
{"type":"Feature","properties":{"name":"Magnesium Plant Substation","operator":"Austin Energy","kv":138.0,"kind":"distribution"},"geometry":{"type":"Point","coordinates":[-97.7226,30.3733]}},
{"type":"Feature","properties":{"name":"AMD Substation","operator":"CPS Energy","kv":138.0,"kind":"industrial"},"geometry":{"type":"Point","coordinates":[-98.6401,29.4495]}},
{"type":"Feature","properties":{"name":"Texas Cryptologic Center Substation","operator":"CPS Energy","kv":138.0,"kind":"industrial"},"geometry":{"type":"Point","coordinates":[-98.6387,29.448]}},
{"type":"Feature","properties":{"name":"Hamilton Substation","operator":"Austin Energy","kv":138.0,"kind":"distribution"},"geometry":{"type":"Point","coordinates":[-97.7441,30.4009]}},
{"type":"Feature","properties":{"name":"Steck Substation","operator":"Austin Energy","kv":138.0,"kind":"distribution"},"geometry":{"type":"Point","coordinates":[-97.7416,30.3673]}},
{"type":"Feature","properties":{"name":"Walnut Creek Substation","operator":"Austin Energy","kv":138.0,"kind":"distribution"},"geometry":{"type":"Point","coordinates":[-97.6531,30.2741]}},
{"type":"Feature","properties":{"name":"Cibolo Creek Substation","operator":"CPS Energy","kv":138.0,"kind":"distribution"},"geometry":{"type":"Point","coordinates":[-98.3852,29.6649]}},
{"type":"Feature","properties":{"name":"Bastrop Substation","operator":"Bastrop Substation","kv":138.0,"kind":"distribution"},"geometry":{"type":"Point","coordinates":[-97.3211,30.1303]}},
{"type":"Feature","properties":{"name":"Giddings Substation","operator":"Lower Colorado River Authority","kv":138.0,"kind":"distribution"},"geometry":{"type":"Point","coordinates":[-96.9511,30.1841]}},
{"type":"Feature","properties":{"name":"Decker Switchyard","operator":"Austin Energy","kv":138.0,"kind":"transmission"},"geometry":{"type":"Point","coordinates":[-97.6142,30.305]}},
{"type":"Feature","properties":{"name":"Southwest Research Institute Substation","operator":"CPS Energy","kv":138.0,"kind":"industrial"},"geometry":{"type":"Point","coordinates":[-98.6127,29.437]}},
{"type":"Feature","properties":{"name":"Luling City Substation","operator":"Lower Colorado River Authority","kv":138.0,"kind":"transmission"},"geometry":{"type":"Point","coordinates":[-97.6544,29.6975]}},
{"type":"Feature","properties":{"name":"Harwood Substation","operator":"Lower Colorado River Authority","kv":69.0,"kind":"distribution"},"geometry":{"type":"Point","coordinates":[-97.5046,29.6611]}},
{"type":"Feature","properties":{"name":"Waelder Substation","operator":"Lower Colorado River Authority","kv":69.0,"kind":"distribution"},"geometry":{"type":"Point","coordinates":[-97.3878,29.671]}},
{"type":"Feature","properties":{"name":"Moulton Substation","operator":"Lower Colorado River Authority","kv":138.0,"kind":"distribution"},"geometry":{"type":"Point","coordinates":[-97.1402,29.5743]}},
{"type":"Feature","properties":{"name":"Yoakum Gaetner Road Substation","operator":"Lower Colorado River Authority","kv":138.0,"kind":"distribution"},"geometry":{"type":"Point","coordinates":[-97.1566,29.2798]}},
{"type":"Feature","properties":{"name":"Hallettsville Substation","operator":"Lower Colorado River Authority","kv":138.0,"kind":"transmission"},"geometry":{"type":"Point","coordinates":[-96.9873,29.4288]}},
{"type":"Feature","properties":{"name":"Menger Creek Substation","operator":"Lower Colorado River Authority","kv":138.0,"kind":"distribution"},"geometry":{"type":"Point","coordinates":[-98.7203,29.7627]}},
{"type":"Feature","properties":{"name":"Centex Substation","operator":"Pedernales Electric Cooperative","kv":69.0,"kind":"industrial"},"geometry":{"type":"Point","coordinates":[-97.8589,30.054]}},
{"type":"Feature","properties":{"name":"Mueller Substation","operator":"Austin Energy","kv":138.0,"kind":"distribution"},"geometry":{"type":"Point","coordinates":[-97.6896,30.29]}},
{"type":"Feature","properties":{"name":"Killeen Substation","operator":"Oncor","kv":138.0,"kind":"distribution"},"geometry":{"type":"Point","coordinates":[-97.7387,31.1041]}},
{"type":"Feature","properties":{"name":"Hunt Lane Substation","operator":"CPS Energy","kv":138.0,"kind":"distribution"},"geometry":{"type":"Point","coordinates":[-98.6671,29.415]}},
{"type":"Feature","properties":{"name":"Pearsall Road Substation","operator":"CPS Energy","kv":138.0,"kind":"distribution"},"geometry":{"type":"Point","coordinates":[-98.6014,29.3569]}},
{"type":"Feature","properties":{"name":"Ed Bluestein Substation","operator":"Austin Energy","kv":138.0,"kind":"industrial"},"geometry":{"type":"Point","coordinates":[-97.6621,30.2705]}},
{"type":"Feature","properties":{"name":"Killeen Park Street Substation","operator":"Oncor","kv":138.0,"kind":"distribution"},"geometry":{"type":"Point","coordinates":[-97.7295,31.1257]}},
{"type":"Feature","properties":{"name":"Castroville Substation","operator":"CPS Energy","kv":138.0,"kind":"distribution"},"geometry":{"type":"Point","coordinates":[-98.8159,29.3588]}},
{"type":"Feature","properties":{"name":"Lytle Substation","operator":"CPS Energy","kv":138.0,"kind":"distribution"},"geometry":{"type":"Point","coordinates":[-98.8042,29.2507]}},
{"type":"Feature","properties":{"name":"Leon Creek Switchyard","operator":"CPS Energy","kv":138.0,"kind":"transmission"},"geometry":{"type":"Point","coordinates":[-98.5752,29.3503]}},
{"type":"Feature","properties":{"name":"Medina Base Substation","operator":"CPS Energy","kv":138.0,"kind":"distribution"},"geometry":{"type":"Point","coordinates":[-98.6347,29.3807]}},
{"type":"Feature","properties":{"name":"OCI Alamo 1","operator":"CPS Energy","kv":138.0,"kind":"transmission"},"geometry":{"type":"Point","coordinates":[-98.4557,29.2714]}},
{"type":"Feature","properties":{"name":"Panther Springs Substation","operator":"CPS Energy","kv":138.0,"kind":"distribution"},"geometry":{"type":"Point","coordinates":[-98.5176,29.6655]}},
{"type":"Feature","properties":{"name":"Cardinal Lane Substation","operator":"Austin Energy","kv":138.0,"kind":"distribution"},"geometry":{"type":"Point","coordinates":[-97.7688,30.2338]}},
{"type":"Feature","properties":{"name":"Braunig Switchyard","operator":"CPS Energy","kv":138.0,"kind":"transmission"},"geometry":{"type":"Point","coordinates":[-98.3827,29.258]}},
{"type":"Feature","properties":{"name":"Arthur Von Rosenberg Switchyard","operator":"CPS Energy","kv":345.0,"kind":"transmission"},"geometry":{"type":"Point","coordinates":[-98.3842,29.2582]}},
{"type":"Feature","properties":{"name":"Tri-County Substation","operator":"CPS Energy","kv":138.0,"kind":"distribution"},"geometry":{"type":"Point","coordinates":[-98.2708,29.61]}},
{"type":"Feature","properties":{"name":"Harlandale Substation","operator":"CPS Energy","kv":138.0,"kind":"distribution"},"geometry":{"type":"Point","coordinates":[-98.4958,29.3633]}},
{"type":"Feature","properties":{"name":"Los Angeles Heights Substation","operator":"CPS Energy","kv":138.0,"kind":"distribution"},"geometry":{"type":"Point","coordinates":[-98.5265,29.4668]}},
{"type":"Feature","properties":{"name":"Dresden Drive Substation","operator":"CPS Energy","kv":138.0,"kind":"distribution"},"geometry":{"type":"Point","coordinates":[-98.5083,29.4987]}},
{"type":"Feature","properties":{"name":"Hot Wells Substation","operator":"CPS Energy","kv":138.0,"kind":"distribution"},"geometry":{"type":"Point","coordinates":[-98.4546,29.3702]}},
{"type":"Feature","properties":{"name":"36th Street Substation","operator":"CPS Energy","kv":138.0,"kind":"distribution"},"geometry":{"type":"Point","coordinates":[-98.569,29.3981]}},
{"type":"Feature","properties":{"name":"Fort Sam Substation","operator":"CPS Energy","kv":138.0,"kind":"distribution"},"geometry":{"type":"Point","coordinates":[-98.438,29.4554]}},
{"type":"Feature","properties":{"name":"Pearson Substation","operator":"South Texas Electric Cooperative","kv":138.0,"kind":"transmission"},"geometry":{"type":"Point","coordinates":[-98.9243,29.263]}},
{"type":"Feature","properties":{"name":"Lytle Substation","operator":"American Electric Power","kv":138.0,"kind":"transmission"},"geometry":{"type":"Point","coordinates":[-98.8447,29.2167]}},
{"type":"Feature","properties":{"name":"Capitol Cement Substation","operator":"CPS Energy","kv":138.0,"kind":"industrial"},"geometry":{"type":"Point","coordinates":[-98.4197,29.548]}},
{"type":"Feature","properties":{"name":"Mauermann Road Substation","operator":"CPS Energy","kv":138.0,"kind":"distribution"},"geometry":{"type":"Point","coordinates":[-98.5075,29.2845]}},
{"type":"Feature","properties":{"name":"Palo Alto Substation","operator":"CPS Energy","kv":138.0,"kind":"distribution"},"geometry":{"type":"Point","coordinates":[-98.5497,29.3182]}},
{"type":"Feature","properties":{"name":"Trumbo Substation","operator":"CPS Energy","kv":138.0,"kind":"distribution"},"geometry":{"type":"Point","coordinates":[-98.5046,29.2102]}},
{"type":"Feature","properties":{"name":"Schertz Substation","operator":"Guadalupe Valley Electric Cooperative","kv":138.0,"kind":"distribution"},"geometry":{"type":"Point","coordinates":[-98.2615,29.5636]}},
{"type":"Feature","properties":{"name":"Medina Lake Substation","operator":"Bandera Electric Cooperative","kv":138.0,"kind":"distribution"},"geometry":{"type":"Point","coordinates":[-98.9332,29.6125]}},
{"type":"Feature","properties":{"name":"Tuttle Switchyard","operator":"CPS Energy","kv":138.0,"kind":"transmission"},"geometry":{"type":"Point","coordinates":[-98.4187,29.5292]}},
{"type":"Feature","properties":{"name":"Alamo Cement Substation","operator":"CPS Energy","kv":138.0,"kind":"industrial"},"geometry":{"type":"Point","coordinates":[-98.3744,29.6118]}},
{"type":"Feature","properties":{"name":"Jett Substation","operator":"Austin Energy","kv":138.0,"kind":"distribution"},"geometry":{"type":"Point","coordinates":[-97.8065,30.3747]}},
{"type":"Feature","properties":{"name":"Devil's Hill Substation","operator":"Pedernales Electric Cooperative","kv":138.0,"kind":"distribution"},"geometry":{"type":"Point","coordinates":[-98.4123,29.9223]}},
{"type":"Feature","properties":{"name":"Lexington Substation","operator":"Lower Colorado River Authority","kv":138.0,"kind":"distribution"},"geometry":{"type":"Point","coordinates":[-97.0033,30.4159]}},
{"type":"Feature","properties":{"name":"Fredericksburg Substation","operator":"Lower Colorado River Authority","kv":138.0,"kind":"transmission"},"geometry":{"type":"Point","coordinates":[-98.8852,30.2597]}},
{"type":"Feature","properties":{"name":"Miller Creek Substation","operator":"Lower Colorado River Authority","kv":138.0,"kind":"transmission"},"geometry":{"type":"Point","coordinates":[-98.2985,30.262]}},
{"type":"Feature","properties":{"name":"Mountain Top Substation","operator":"Pedernales Electric Cooperative","kv":138.0,"kind":"transmission"},"geometry":{"type":"Point","coordinates":[-98.3703,30.2299]}},
{"type":"Feature","properties":{"name":"Castell Substation","operator":"Central Texas Electric Cooperative","kv":138.0,"kind":"distribution"},"geometry":{"type":"Point","coordinates":[-98.9632,30.7384]}},
{"type":"Feature","properties":{"name":"Guy Burks Substation","operator":"Bluebonnet Electric Cooperative","kv":138.0,"kind":"distribution"},"geometry":{"type":"Point","coordinates":[-96.4229,30.1481]}},
{"type":"Feature","properties":{"name":"Cheapside Substation","operator":"Guadalupe Valley Electric Cooperative","kv":138.0,"kind":"distribution"},"geometry":{"type":"Point","coordinates":[-97.3953,29.309]}},
{"type":"Feature","properties":{"name":"Gonzales Substation","operator":"Lower Colorado River Authority","kv":138.0,"kind":"transmission"},"geometry":{"type":"Point","coordinates":[-97.4681,29.5179]}},
{"type":"Feature","properties":{"name":"Oak Hill Substation","operator":"Austin Energy","kv":138.0,"kind":"distribution"},"geometry":{"type":"Point","coordinates":[-97.8595,30.2338]}},
{"type":"Feature","properties":{"name":"Hearne Substation","operator":"Brazos Electric","kv":138.0,"kind":"transmission"},"geometry":{"type":"Point","coordinates":[-96.6259,30.8841]}},
{"type":"Feature","properties":{"name":"Pisek Substation","operator":"Lower Colorado River Authority","kv":138.0,"kind":"distribution"},"geometry":{"type":"Point","coordinates":[-96.5719,29.9211]}},
{"type":"Feature","properties":{"name":"Welcome Substation","operator":"Bluebonnet Electric Cooperative","kv":138.0,"kind":"distribution"},"geometry":{"type":"Point","coordinates":[-96.4785,30.0327]}},
{"type":"Feature","properties":{"name":"Met Center Substation","operator":"Austin Energy","kv":138.0,"kind":"distribution"},"geometry":{"type":"Point","coordinates":[-97.6932,30.211]}},
{"type":"Feature","properties":{"name":"AMD Substation","operator":"Austin Energy","kv":138.0,"kind":"industrial"},"geometry":{"type":"Point","coordinates":[-97.7237,30.2147]}},
{"type":"Feature","properties":{"name":"Grove Substation","operator":"Austin Energy","kv":138.0,"kind":"industrial"},"geometry":{"type":"Point","coordinates":[-97.711,30.2165]}},
{"type":"Feature","properties":{"name":"Burleson Substation","operator":"Austin Energy","kv":138.0,"kind":"distribution"},"geometry":{"type":"Point","coordinates":[-97.7367,30.2147]}},
{"type":"Feature","properties":{"name":"Hi Cross Substation","operator":"Austin Energy","kv":138.0,"kind":"transmission"},"geometry":{"type":"Point","coordinates":[-97.7691,30.1862]}},
{"type":"Feature","properties":{"name":"Jollyville Substation","operator":"Austin Energy","kv":138.0,"kind":"distribution"},"geometry":{"type":"Point","coordinates":[-97.7817,30.4796]}},
{"type":"Feature","properties":{"name":"Howard Lane Substation","operator":"Austin Energy","kv":138.0,"kind":"distribution"},"geometry":{"type":"Point","coordinates":[-97.6888,30.4331]}},
{"type":"Feature","properties":{"name":"Tech Ridge Substation","operator":"Austin Energy","kv":138.0,"kind":"distribution"},"geometry":{"type":"Point","coordinates":[-97.6658,30.4197]}},
{"type":"Feature","properties":{"name":"Williamson Substation","operator":"Austin Energy","kv":138.0,"kind":"distribution"},"geometry":{"type":"Point","coordinates":[-97.7502,30.4372]}},
{"type":"Feature","properties":{"name":"Northwest Substation","operator":"Austin Energy","kv":138.0,"kind":"distribution"},"geometry":{"type":"Point","coordinates":[-97.7573,30.4646]}},
{"type":"Feature","properties":{"name":"Round Rock South Substation","operator":"Oncor","kv":138.0,"kind":"distribution"},"geometry":{"type":"Point","coordinates":[-97.6942,30.4742]}},
{"type":"Feature","properties":{"name":"Round Rock Substation","operator":"Oncor","kv":138.0,"kind":"distribution"},"geometry":{"type":"Point","coordinates":[-97.7022,30.5212]}},
{"type":"Feature","properties":{"name":"Fiskville Substation","operator":"Austin Energy","kv":138.0,"kind":"distribution"},"geometry":{"type":"Point","coordinates":[-97.6831,30.3621]}},
{"type":"Feature","properties":{"name":"Justin Lane Substation","operator":"Austin Energy","kv":69.0,"kind":"distribution"},"geometry":{"type":"Point","coordinates":[-97.7162,30.3435]}},
{"type":"Feature","properties":{"name":"Wells Branch Substation","operator":"Austin Energy","kv":138.0,"kind":"distribution"},"geometry":{"type":"Point","coordinates":[-97.6891,30.4461]}},
{"type":"Feature","properties":{"name":"Harris Branch Substation","operator":"Lower Colorado River Authority","kv":138.0,"kind":"distribution"},"geometry":{"type":"Point","coordinates":[-97.5809,30.3712]}},
{"type":"Feature","properties":{"name":"Sprinkle Substation","operator":"Austin Energy","kv":138.0,"kind":"distribution"},"geometry":{"type":"Point","coordinates":[-97.6455,30.3531]}},
{"type":"Feature","properties":{"name":"Geronimo Substation","operator":"Guadalupe Valley Electric Cooperative","kv":138.0,"kind":"distribution"},"geometry":{"type":"Point","coordinates":[-97.9706,29.6275]}},
{"type":"Feature","properties":{"name":"New Berlin Substation","operator":"Guadalupe Valley Electric Cooperative","kv":138.0,"kind":"distribution"},"geometry":{"type":"Point","coordinates":[-98.044,29.4876]}},
{"type":"Feature","properties":{"name":"Schumansville Substation","operator":"Guadalupe Valley Electric Cooperative","kv":138.0,"kind":"distribution"},"geometry":{"type":"Point","coordinates":[-98.0971,29.6538]}},
{"type":"Feature","properties":{"name":"Randolph Field Substation","operator":"CPS Energy","kv":138.0,"kind":"distribution"},"geometry":{"type":"Point","coordinates":[-98.2907,29.5435]}},
{"type":"Feature","properties":{"name":"College Station Junction","operator":"Entergy","kv":138.0,"kind":"transmission"},"geometry":{"type":"Point","coordinates":[-96.2925,30.6291]}},
{"type":"Feature","properties":{"name":"Robertson Substation","operator":"Brazos Electric","kv":138.0,"kind":"transmission"},"geometry":{"type":"Point","coordinates":[-96.5693,30.9451]}},
{"type":"Feature","properties":{"name":"Elliot Substation","operator":"Brazos Electric","kv":69.0,"kind":"distribution"},"geometry":{"type":"Point","coordinates":[-96.5759,30.9514]}},
{"type":"Feature","properties":{"name":"Franklin Substation","operator":"Brazos Electric","kv":69.0,"kind":"distribution"},"geometry":{"type":"Point","coordinates":[-96.4921,31.0421]}},
{"type":"Feature","properties":{"name":"Central Austin Substation","operator":"Austin Energy","kv":69.0,"kind":"distribution"},"geometry":{"type":"Point","coordinates":[-97.7339,30.3107]}},
{"type":"Feature","properties":{"name":"Balcones Substation","operator":"Austin Energy","kv":138.0,"kind":"distribution"},"geometry":{"type":"Point","coordinates":[-97.7302,30.391]}},
{"type":"Feature","properties":{"name":"Koenig Lane Substation","operator":"Austin Energy","kv":69.0,"kind":"distribution"},"geometry":{"type":"Point","coordinates":[-97.727,30.3284]}},
{"type":"Feature","properties":{"name":"Northland Substation","operator":"Austin Energy","kv":138.0,"kind":"transmission"},"geometry":{"type":"Point","coordinates":[-97.7547,30.3354]}},
{"type":"Feature","properties":{"name":"Lakeshore Substation","operator":"Austin Energy","kv":138.0,"kind":"distribution"},"geometry":{"type":"Point","coordinates":[-97.7805,30.3152]}},
{"type":"Feature","properties":{"name":"Glasscock Substation","operator":"Lower Colorado River Authority","kv":138.0,"kind":"distribution"},"geometry":{"type":"Point","coordinates":[-97.6941,30.7396]}},
{"type":"Feature","properties":{"name":"Rivery Substation","operator":"Lower Colorado River Authority","kv":138.0,"kind":"distribution"},"geometry":{"type":"Point","coordinates":[-97.6896,30.6485]}},
{"type":"Feature","properties":{"name":"Chief Brady Substation","operator":"Lower Colorado River Authority","kv":138.0,"kind":"distribution"},"geometry":{"type":"Point","coordinates":[-97.6959,30.5918]}},
{"type":"Feature","properties":{"name":"Kent Substation","operator":"Pedernales Electric Cooperative","kv":138.0,"kind":"distribution"},"geometry":{"type":"Point","coordinates":[-97.8084,30.4953]}},
{"type":"Feature","properties":{"name":"Elgin Switching Station","operator":"Oncor","kv":138.0,"kind":"transmission"},"geometry":{"type":"Point","coordinates":[-97.3591,30.417]}},
{"type":"Feature","properties":{"name":"Taylor Substation","operator":"","kv":138.0,"kind":"transmission"},"geometry":{"type":"Point","coordinates":[-97.3973,30.5671]}},
{"type":"Feature","properties":{"name":"Bee Creek Substation","operator":"Pedernales Electric Cooperative","kv":138.0,"kind":"distribution"},"geometry":{"type":"Point","coordinates":[-98.0043,30.347]}},
{"type":"Feature","properties":{"name":"Cushman Substation","operator":"Lower Colorado River Authority","kv":138.0,"kind":"distribution"},"geometry":{"type":"Point","coordinates":[-97.9457,29.5742]}},
{"type":"Feature","properties":{"name":"Hickory Forest Substation","operator":"Guadalupe Valley Electric Cooperative","kv":138.0,"kind":"distribution"},"geometry":{"type":"Point","coordinates":[-97.8642,29.4684]}},
{"type":"Feature","properties":{"name":"Highway 123 Substation","operator":"Lower Colorado River Authority","kv":138.0,"kind":"transmission"},"geometry":{"type":"Point","coordinates":[-97.9585,29.494]}},
{"type":"Feature","properties":{"name":"Sutherland Springs Substation","operator":"CPS Energy","kv":138.0,"kind":"distribution"},"geometry":{"type":"Point","coordinates":[-98.064,29.2669]}},
{"type":"Feature","properties":{"name":"Wilson Substation","operator":"Guadalupe Valley Electric Cooperative","kv":138.0,"kind":"distribution"},"geometry":{"type":"Point","coordinates":[-98.1728,29.3377]}},
{"type":"Feature","properties":{"name":"Rutherford Substation","operator":"Pedernales Electric Cooperative","kv":138.0,"kind":"distribution"},"geometry":{"type":"Point","coordinates":[-97.9857,30.1177]}},
{"type":"Feature","properties":{"name":"Phillips Johnson City Substation","operator":"Lower Colorado River Authority","kv":138.0,"kind":"distribution"},"geometry":{"type":"Point","coordinates":[-98.2394,30.2819]}},
{"type":"Feature","properties":{"name":"Dripping Springs Substation","operator":"Pedernales Electric Cooperative","kv":138.0,"kind":"distribution"},"geometry":{"type":"Point","coordinates":[-98.0837,30.1738]}},
{"type":"Feature","properties":{"name":"Lago Vista Substation","operator":"Pedernales Electric Cooperative","kv":138.0,"kind":"distribution"},"geometry":{"type":"Point","coordinates":[-97.9786,30.4607]}},
{"type":"Feature","properties":{"name":"Manchaca Substation","operator":"Pedernales Electric Cooperative","kv":138.0,"kind":"distribution"},"geometry":{"type":"Point","coordinates":[-97.8506,30.1352]}},
{"type":"Feature","properties":{"name":"Henly Substation","operator":"Pedernales Electric Cooperative","kv":138.0,"kind":"distribution"},"geometry":{"type":"Point","coordinates":[-98.1568,30.2028]}},
{"type":"Feature","properties":{"name":"Brodie Lane Substation","operator":"Austin Energy","kv":138.0,"kind":"distribution"},"geometry":{"type":"Point","coordinates":[-97.8482,30.1877]}},
{"type":"Feature","properties":{"name":"Slaughter Lane Substation","operator":"Austin Energy","kv":138.0,"kind":"distribution"},"geometry":{"type":"Point","coordinates":[-97.8115,30.1722]}},
{"type":"Feature","properties":{"name":"Turnersville Substation","operator":"Lower Colorado River Authority","kv":138.0,"kind":"transmission"},"geometry":{"type":"Point","coordinates":[-97.783,30.0738]}},
{"type":"Feature","properties":{"name":"Warren Substation","operator":"Austin Energy","kv":138.0,"kind":"distribution"},"geometry":{"type":"Point","coordinates":[-97.7582,30.3107]}},
{"type":"Feature","properties":{"name":"Bader Substation","operator":"South Texas Electric Cooperative","kv":69.0,"kind":"distribution"},"geometry":{"type":"Point","coordinates":[-98.9425,29.3706]}},
{"type":"Feature","properties":{"name":"Castroville Substation","operator":"South Texas Electric Cooperative","kv":69.0,"kind":"distribution"},"geometry":{"type":"Point","coordinates":[-98.8869,29.3766]}},
{"type":"Feature","properties":{"name":"Natalia Substation","operator":"South Texas Electric Cooperative","kv":69.0,"kind":"distribution"},"geometry":{"type":"Point","coordinates":[-98.9052,29.2072]}},
{"type":"Feature","properties":{"name":"Barclay Substation","operator":"Brazos Electric","kv":69.0,"kind":"distribution"},"geometry":{"type":"Point","coordinates":[-97.115,31.0759]}},
{"type":"Feature","properties":{"name":"Temple Taylor Valley Substation","operator":"Oncor","kv":69.0,"kind":"distribution"},"geometry":{"type":"Point","coordinates":[-97.4042,31.0348]}},
{"type":"Feature","properties":{"name":"Lake Belton Substation","operator":"Oncor","kv":138.0,"kind":"distribution"},"geometry":{"type":"Point","coordinates":[-97.4341,31.1414]}},
{"type":"Feature","properties":{"name":"Temple Southeast Substation","operator":"Oncor","kv":138.0,"kind":"distribution"},"geometry":{"type":"Point","coordinates":[-97.355,31.0712]}},
{"type":"Feature","properties":{"name":"Scott and White Substation","operator":"","kv":138.0,"kind":"distribution"},"geometry":{"type":"Point","coordinates":[-97.3601,31.0758]}},
{"type":"Feature","properties":{"name":"Temple Substation","operator":"Oncor","kv":138.0,"kind":"distribution"},"geometry":{"type":"Point","coordinates":[-97.3315,31.0881]}},
{"type":"Feature","properties":{"name":"Seaton Substation","operator":"Brazos Electric","kv":138.0,"kind":"transmission"},"geometry":{"type":"Point","coordinates":[-97.2825,31.081]}},
{"type":"Feature","properties":{"name":"Bartlett Substation","operator":"Oncor","kv":69.0,"kind":"distribution"},"geometry":{"type":"Point","coordinates":[-97.4267,30.7914]}},
{"type":"Feature","properties":{"name":"Granger Substation","operator":"Oncor","kv":69.0,"kind":"distribution"},"geometry":{"type":"Point","coordinates":[-97.4466,30.7234]}},
{"type":"Feature","properties":{"name":"Holland Substation","operator":"Oncor","kv":69.0,"kind":"distribution"},"geometry":{"type":"Point","coordinates":[-97.4033,30.8755]}},
{"type":"Feature","properties":{"name":"Temple Elm Creek Substation","operator":"Oncor","kv":138.0,"kind":"distribution"},"geometry":{"type":"Point","coordinates":[-97.33,31.1309]}},
{"type":"Feature","properties":{"name":"Round Rock Northeast Substation","operator":"Oncor","kv":138.0,"kind":"distribution"},"geometry":{"type":"Point","coordinates":[-97.6489,30.5415]}},
{"type":"Feature","properties":{"name":"Taylor West Substation","operator":"Oncor","kv":138.0,"kind":"distribution"},"geometry":{"type":"Point","coordinates":[-97.4866,30.557]}},
{"type":"Feature","properties":{"name":"Georgetown South Substation","operator":"Lower Colorado River Authority","kv":138.0,"kind":"distribution"},"geometry":{"type":"Point","coordinates":[-97.6832,30.5885]}},
{"type":"Feature","properties":{"name":"Round Rock Westinghouse Substation","operator":"Oncor","kv":138.0,"kind":"distribution"},"geometry":{"type":"Point","coordinates":[-97.6985,30.567]}},
{"type":"Feature","properties":{"name":"Goldthwaite Substation","operator":"Lower Colorado River Authority","kv":138.0,"kind":"transmission"},"geometry":{"type":"Point","coordinates":[-98.5663,31.4311]}},
{"type":"Feature","properties":{"name":"Trading Post Substation","operator":"Austin Energy","kv":138.0,"kind":"distribution"},"geometry":{"type":"Point","coordinates":[-97.9713,30.313]}},
{"type":"Feature","properties":{"name":"","operator":"","kv":138.0,"kind":"transmission"},"geometry":{"type":"Point","coordinates":[-98.195,29.8705]}},
{"type":"Feature","properties":{"name":"Crane's Mill Substation","operator":"Pedernales Electric Cooperative","kv":138.0,"kind":"distribution"},"geometry":{"type":"Point","coordinates":[-98.2833,29.8525]}},
{"type":"Feature","properties":{"name":"Sattler Substation","operator":"Pedernales Electric Cooperative","kv":138.0,"kind":"distribution"},"geometry":{"type":"Point","coordinates":[-98.1712,29.8497]}},
{"type":"Feature","properties":{"name":"Fischer Substation","operator":"Pedernales Electric Cooperative","kv":138.0,"kind":"distribution"},"geometry":{"type":"Point","coordinates":[-98.2058,29.9331]}},
{"type":"Feature","properties":{"name":"Highway 32 Substation","operator":"Pedernales Electric Cooperative","kv":138.0,"kind":"distribution"},"geometry":{"type":"Point","coordinates":[-98.0936,29.9457]}},
{"type":"Feature","properties":{"name":"Cemex Substation","operator":"New Braunfels Utilities","kv":138.0,"kind":"industrial"},"geometry":{"type":"Point","coordinates":[-98.1808,29.675]}},
{"type":"Feature","properties":{"name":"EC Mornhinweg Substation","operator":"New Braunfels Utilities","kv":138.0,"kind":"distribution"},"geometry":{"type":"Point","coordinates":[-98.2029,29.6582]}},
{"type":"Feature","properties":{"name":"Freiheit Road Substation","operator":"New Braunfels Utilities","kv":138.0,"kind":"distribution"},"geometry":{"type":"Point","coordinates":[-98.0859,29.704]}},
{"type":"Feature","properties":{"name":"Loop 337 Substation","operator":"New Braunfels Utilities","kv":138.0,"kind":"distribution"},"geometry":{"type":"Point","coordinates":[-98.16,29.7022]}},
{"type":"Feature","properties":{"name":"Hearne Southwest Substation","operator":"Brazos Electric","kv":69.0,"kind":"distribution"},"geometry":{"type":"Point","coordinates":[-96.6073,30.8619]}},
{"type":"Feature","properties":{"name":"Hearne Substation","operator":"Entergy","kv":69.0,"kind":"distribution"},"geometry":{"type":"Point","coordinates":[-96.6011,30.8599]}},
{"type":"Feature","properties":{"name":"Pooley Road Substation","operator":"Bluebonnet Electric Cooperative","kv":138.0,"kind":"distribution"},"geometry":{"type":"Point","coordinates":[-97.7471,29.6956]}},
{"type":"Feature","properties":{"name":"Thompson Creek Substation","operator":"Bryan Texas Utilities","kv":138.0,"kind":"distribution"},"geometry":{"type":"Point","coordinates":[-96.4174,30.5951]}},
{"type":"Feature","properties":{"name":"Greens Prairie Substation","operator":"City of College Station","kv":138.0,"kind":"distribution"},"geometry":{"type":"Point","coordinates":[-96.2578,30.5542]}},
{"type":"Feature","properties":{"name":"Ranch Road 12 Substation","operator":"San Marcos Electric Utilities","kv":138.0,"kind":"distribution"},"geometry":{"type":"Point","coordinates":[-97.9918,29.9006]}},
{"type":"Feature","properties":{"name":"J. K. Spruce Switchyard","operator":"CPS Energy","kv":345.0,"kind":"transmission"},"geometry":{"type":"Point","coordinates":[-98.3202,29.3124]}},
{"type":"Feature","properties":{"name":"McGregor Substation","operator":"Oncor","kv":69.0,"kind":"industrial"},"geometry":{"type":"Point","coordinates":[-97.403,31.439]}},
{"type":"Feature","properties":{"name":"Waco Sanger Avenue Substation","operator":"Oncor","kv":138.0,"kind":"distribution"},"geometry":{"type":"Point","coordinates":[-97.197,31.5225]}},
{"type":"Feature","properties":{"name":"Waco Woodway Substation","operator":"Oncor","kv":138.0,"kind":"distribution"},"geometry":{"type":"Point","coordinates":[-97.2222,31.5122]}},
{"type":"Feature","properties":{"name":"Belton Substation","operator":"Oncor","kv":138.0,"kind":"distribution"},"geometry":{"type":"Point","coordinates":[-97.4587,31.0831]}},
{"type":"Feature","properties":{"name":"Waco Atco Substation","operator":"Oncor","kv":138.0,"kind":"distribution"},"geometry":{"type":"Point","coordinates":[-97.2508,31.4853]}},
{"type":"Feature","properties":{"name":"Hilltop Lakes Substation","operator":"Brazos Electric","kv":138.0,"kind":"transmission"},"geometry":{"type":"Point","coordinates":[-96.2222,31.08]}},
{"type":"Feature","properties":{"name":"Petteway Substation","operator":"Brazos Electric","kv":69.0,"kind":"distribution"},"geometry":{"type":"Point","coordinates":[-96.5245,31.1666]}},
{"type":"Feature","properties":{"name":"Ranchtown Substation","operator":"CPS Energy","kv":138.0,"kind":"distribution"},"geometry":{"type":"Point","coordinates":[-98.736,29.6178]}},
{"type":"Feature","properties":{"name":"Robinson Substation","operator":"Oncor","kv":138.0,"kind":"distribution"},"geometry":{"type":"Point","coordinates":[-97.1076,31.4455]}},
{"type":"Feature","properties":{"name":"Waco M&M Mars 1 Substation","operator":"Oncor","kv":138.0,"kind":"distribution"},"geometry":{"type":"Point","coordinates":[-97.1965,31.4881]}},
{"type":"Feature","properties":{"name":"Waco East Substation","operator":"Oncor","kv":138.0,"kind":"distribution"},"geometry":{"type":"Point","coordinates":[-97.1198,31.5596]}},
{"type":"Feature","properties":{"name":"Waco Northwest Substation","operator":"Oncor","kv":138.0,"kind":"distribution"},"geometry":{"type":"Point","coordinates":[-97.2051,31.5439]}},
{"type":"Feature","properties":{"name":"McGregor Substation","operator":"Brazos Electric","kv":138.0,"kind":"distribution"},"geometry":{"type":"Point","coordinates":[-97.4258,31.4421]}},
{"type":"Feature","properties":{"name":"Crawford Substation","operator":"Brazos Electric","kv":138.0,"kind":"distribution"},"geometry":{"type":"Point","coordinates":[-97.4089,31.5402]}},
{"type":"Feature","properties":{"name":"Bellmead Substation","operator":"Oncor","kv":138.0,"kind":"distribution"},"geometry":{"type":"Point","coordinates":[-97.1104,31.6118]}},
{"type":"Feature","properties":{"name":"Waco North Substation","operator":"Oncor","kv":138.0,"kind":"distribution"},"geometry":{"type":"Point","coordinates":[-97.1793,31.5774]}},
{"type":"Feature","properties":{"name":"Lorena Substation","operator":"Brazos Electric","kv":69.0,"kind":"distribution"},"geometry":{"type":"Point","coordinates":[-97.2129,31.3553]}},
{"type":"Feature","properties":{"name":"Eddy Substation","operator":"Oncor","kv":69.0,"kind":"distribution"},"geometry":{"type":"Point","coordinates":[-97.2605,31.292]}},
{"type":"Feature","properties":{"name":"Lorena Substation","operator":"Oncor","kv":69.0,"kind":"distribution"},"geometry":{"type":"Point","coordinates":[-97.2116,31.3769]}},
{"type":"Feature","properties":{"name":"Harker Heights South Substation","operator":"Oncor","kv":138.0,"kind":"distribution"},"geometry":{"type":"Point","coordinates":[-97.637,31.0539]}},
{"type":"Feature","properties":{"name":"Belton Southwest Substation","operator":"Oncor","kv":138.0,"kind":"distribution"},"geometry":{"type":"Point","coordinates":[-97.4763,31.0614]}},
{"type":"Feature","properties":{"name":"Kyle Substation","operator":"Pedernales Electric Cooperative","kv":138.0,"kind":"distribution"},"geometry":{"type":"Point","coordinates":[-97.8843,29.9499]}},
{"type":"Feature","properties":{"name":"Pflugerville Substation","operator":"Oncor","kv":138.0,"kind":"distribution"},"geometry":{"type":"Point","coordinates":[-97.5999,30.454]}},
{"type":"Feature","properties":{"name":"Bartlett Substation","operator":"Brazos Electric","kv":69.0,"kind":"distribution"},"geometry":{"type":"Point","coordinates":[-97.4284,30.801]}},
{"type":"Feature","properties":{"name":"Killeen Elms Road Substation","operator":"Oncor","kv":138.0,"kind":"distribution"},"geometry":{"type":"Point","coordinates":[-97.7194,31.0764]}},
{"type":"Feature","properties":{"name":"Shadow Glen Substation","operator":"Bluebonnet Electric Cooperative","kv":138.0,"kind":"distribution"},"geometry":{"type":"Point","coordinates":[-97.5355,30.357]}},
{"type":"Feature","properties":{"name":"Chavaneaux Road Substation","operator":"CPS Energy","kv":138.0,"kind":"distribution"},"geometry":{"type":"Point","coordinates":[-98.5104,29.335]}},
{"type":"Feature","properties":{"name":"McGregor Phillips Substation","operator":"Oncor","kv":138.0,"kind":"transmission"},"geometry":{"type":"Point","coordinates":[-97.3945,31.4173]}},
{"type":"Feature","properties":{"name":"Round Rock Southeast Substation","operator":"Oncor","kv":138.0,"kind":"distribution"},"geometry":{"type":"Point","coordinates":[-97.645,30.4853]}},
{"type":"Feature","properties":{"name":"Coryell County Substation","operator":"Texas-New Mexico Power","kv":69.0,"kind":"distribution"},"geometry":{"type":"Point","coordinates":[-97.7417,31.4619]}},
{"type":"Feature","properties":{"name":"Sycamore Substation","operator":"Texas-New Mexico Power","kv":69.0,"kind":"distribution"},"geometry":{"type":"Point","coordinates":[-97.72,31.4753]}},
{"type":"Feature","properties":{"name":"South Substation","operator":"Bryan Texas Utilities","kv":138.0,"kind":"distribution"},"geometry":{"type":"Point","coordinates":[-96.3111,30.5916]}},
{"type":"Feature","properties":{"name":"South Switching Station","operator":"Bryan Texas Utilities","kv":138.0,"kind":"distribution"},"geometry":{"type":"Point","coordinates":[-96.311,30.5937]}},
{"type":"Feature","properties":{"name":"Shiner Substation","operator":"Guadalupe Valley Electric Cooperative","kv":69.0,"kind":"distribution"},"geometry":{"type":"Point","coordinates":[-97.1922,29.4444]}},
{"type":"Feature","properties":{"name":"Webberville Solar Substation","operator":"Lower Colorado River Authority","kv":138.0,"kind":"transmission"},"geometry":{"type":"Point","coordinates":[-97.5023,30.2432]}},
{"type":"Feature","properties":{"name":"Shiner Substation","operator":"Lower Colorado River Authority","kv":138.0,"kind":"distribution"},"geometry":{"type":"Point","coordinates":[-97.1547,29.4326]}},
{"type":"Feature","properties":{"name":"Post Oak Substation","operator":"City of College Station","kv":138.0,"kind":"distribution"},"geometry":{"type":"Point","coordinates":[-96.3064,30.6223]}},
{"type":"Feature","properties":{"name":"Texas A&M University Substation","operator":"Texas A&M University","kv":138.0,"kind":"distribution"},"geometry":{"type":"Point","coordinates":[-96.3511,30.6166]}},
{"type":"Feature","properties":{"name":"Onion Creek Substation","operator":"Austin Energy","kv":138.0,"kind":"transmission"},"geometry":{"type":"Point","coordinates":[-97.6171,30.2103]}},
{"type":"Feature","properties":{"name":"Sand Hill Switchyard","operator":"Austin Energy","kv":138.0,"kind":"transmission"},"geometry":{"type":"Point","coordinates":[-97.6141,30.2096]}},
{"type":"Feature","properties":{"name":"Sam Rayburn Substation","operator":"Bryan Texas Utilities","kv":69.0,"kind":"distribution"},"geometry":{"type":"Point","coordinates":[-96.3384,30.6819]}},
{"type":"Feature","properties":{"name":"Nall Lane Substation","operator":"Bryan Texas Utilities","kv":69.0,"kind":"distribution"},"geometry":{"type":"Point","coordinates":[-96.3476,30.6713]}},
{"type":"Feature","properties":{"name":"Shady Lane Substation","operator":"Bryan Texas Utilities","kv":69.0,"kind":"distribution"},"geometry":{"type":"Point","coordinates":[-96.3356,30.6305]}},
{"type":"Feature","properties":{"name":"Nixon Substation","operator":"Guadalupe Valley Electric Cooperative","kv":69.0,"kind":"distribution"},"geometry":{"type":"Point","coordinates":[-97.7665,29.2892]}},
{"type":"Feature","properties":{"name":"Comal Street Substation","operator":"CPS Energy","kv":138.0,"kind":"distribution"},"geometry":{"type":"Point","coordinates":[-98.5086,29.4216]}},
{"type":"Feature","properties":{"name":"Deer Creek Substation","operator":"Lower Colorado River Authority","kv":138.0,"kind":"transmission"},"geometry":{"type":"Point","coordinates":[-97.7837,29.5552]}},
{"type":"Feature","properties":{"name":"Malone Substation","operator":"American Electric Power","kv":69.0,"kind":"distribution"},"geometry":{"type":"Point","coordinates":[-97.7213,29.6266]}},
{"type":"Feature","properties":{"name":"Nash Creek Substation","operator":"Guadalupe Valley Electric Cooperative","kv":69.0,"kind":"distribution"},"geometry":{"type":"Point","coordinates":[-97.7574,29.544]}},
{"type":"Feature","properties":{"name":"Nixon Substation","operator":"American Electric Power","kv":138.0,"kind":"distribution"},"geometry":{"type":"Point","coordinates":[-97.7439,29.2798]}},
{"type":"Feature","properties":{"name":"Cost Substation","operator":"Guadalupe Valley Electric Cooperative","kv":69.0,"kind":"distribution"},"geometry":{"type":"Point","coordinates":[-97.5278,29.4385]}},
{"type":"Feature","properties":{"name":"Lakewood Substation","operator":"Guadalupe Valley Electric Cooperative","kv":69.0,"kind":"distribution"},"geometry":{"type":"Point","coordinates":[-97.5008,29.4834]}},
{"type":"Feature","properties":{"name":"Smiley Substation","operator":"Guadalupe Valley Electric Cooperative","kv":69.0,"kind":"distribution"},"geometry":{"type":"Point","coordinates":[-97.6303,29.317]}},
{"type":"Feature","properties":{"name":"Dale Substation","operator":"Lower Colorado River Authority","kv":69.0,"kind":"distribution"},"geometry":{"type":"Point","coordinates":[-97.5852,29.9396]}},
{"type":"Feature","properties":{"name":"Gonzales Substation","operator":"Guadalupe Valley Electric Cooperative","kv":69.0,"kind":"distribution"},"geometry":{"type":"Point","coordinates":[-97.4552,29.5194]}},
{"type":"Feature","properties":{"name":"Hochheim Substation","operator":"American Electric Power","kv":69.0,"kind":"distribution"},"geometry":{"type":"Point","coordinates":[-97.2992,29.2766]}},
{"type":"Feature","properties":{"name":"Magnolia Mercer Substation","operator":"Lower Colorado River Authority","kv":69.0,"kind":"distribution"},"geometry":{"type":"Point","coordinates":[-97.7056,29.7594]}},
{"type":"Feature","properties":{"name":"Ottine Substation","operator":"Guadalupe Valley Electric Cooperative","kv":69.0,"kind":"distribution"},"geometry":{"type":"Point","coordinates":[-97.4785,29.6137]}},
{"type":"Feature","properties":{"name":"Red Rock Substation","operator":"Lower Colorado River Authority","kv":138.0,"kind":"distribution"},"geometry":{"type":"Point","coordinates":[-97.4521,29.962]}},
{"type":"Feature","properties":{"name":"Blanco Substation","operator":"Pedernales Electric Cooperative","kv":69.0,"kind":"distribution"},"geometry":{"type":"Point","coordinates":[-98.4122,30.0826]}},
{"type":"Feature","properties":{"name":"Blanco Tap","operator":"Pedernales Electric Cooperative","kv":69.0,"kind":"transmission"},"geometry":{"type":"Point","coordinates":[-98.3601,30.2846]}},
{"type":"Feature","properties":{"name":"Johnson City Substation","operator":"Pedernales Electric Cooperative","kv":69.0,"kind":"distribution"},"geometry":{"type":"Point","coordinates":[-98.3985,30.3006]}},
{"type":"Feature","properties":{"name":"McGregor Hercules Substation","operator":"Oncor","kv":69.0,"kind":"industrial"},"geometry":{"type":"Point","coordinates":[-97.4711,31.3991]}},
{"type":"Feature","properties":{"name":"East Bell County Substation","operator":"Oncor","kv":345.0,"kind":"transmission"},"geometry":{"type":"Point","coordinates":[-97.2595,31.0045]}},
{"type":"Feature","properties":{"name":"Sutton Substation","operator":"Brazos Electric","kv":69.0,"kind":"distribution"},"geometry":{"type":"Point","coordinates":[-96.5277,30.8153]}},
{"type":"Feature","properties":{"name":"Steep Hollow Substation","operator":"Bryan Texas Utilities","kv":138.0,"kind":"distribution"},"geometry":{"type":"Point","coordinates":[-96.2695,30.6877]}},
{"type":"Feature","properties":{"name":"Spring Valley Substation","operator":"Brazos Electric","kv":138.0,"kind":"distribution"},"geometry":{"type":"Point","coordinates":[-97.2786,31.3804]}},
{"type":"Feature","properties":{"name":"Cotton Belt Substation","operator":"Brazos Electric","kv":138.0,"kind":"distribution"},"geometry":{"type":"Point","coordinates":[-97.3175,31.4279]}},
{"type":"Feature","properties":{"name":"Baylor Substation","operator":"","kv":138.0,"kind":"distribution"},"geometry":{"type":"Point","coordinates":[-97.1043,31.5508]}},
{"type":"Feature","properties":{"name":"Troy Substation","operator":"Oncor","kv":69.0,"kind":"distribution"},"geometry":{"type":"Point","coordinates":[-97.3075,31.2097]}},
{"type":"Feature","properties":{"name":"Temple Northwest Substation","operator":"Oncor","kv":138.0,"kind":"distribution"},"geometry":{"type":"Point","coordinates":[-97.4023,31.1094]}},
{"type":"Feature","properties":{"name":"Temple North Substation","operator":"Oncor","kv":138.0,"kind":"distribution"},"geometry":{"type":"Point","coordinates":[-97.3362,31.1342]}},
{"type":"Feature","properties":{"name":"Moffat Substation","operator":"Brazos Electric","kv":138.0,"kind":"distribution"},"geometry":{"type":"Point","coordinates":[-97.4376,31.2039]}},
{"type":"Feature","properties":{"name":"Moody Substation","operator":"Brazos Electric","kv":138.0,"kind":"distribution"},"geometry":{"type":"Point","coordinates":[-97.3758,31.2753]}},
{"type":"Feature","properties":{"name":"Bosque Substation","operator":"Brazos Electric","kv":138.0,"kind":"distribution"},"geometry":{"type":"Point","coordinates":[-97.375,31.6859]}},
{"type":"Feature","properties":{"name":"China Spring Substation","operator":"Brazos Electric","kv":138.0,"kind":"distribution"},"geometry":{"type":"Point","coordinates":[-97.3034,31.6717]}},
{"type":"Feature","properties":{"name":"China Spring Substation","operator":"Oncor","kv":138.0,"kind":"distribution"},"geometry":{"type":"Point","coordinates":[-97.3042,31.6711]}},
{"type":"Feature","properties":{"name":"Perry Substation","operator":"Brazos Electric","kv":138.0,"kind":"transmission"},"geometry":{"type":"Point","coordinates":[-96.8762,31.4402]}},
{"type":"Feature","properties":{"name":"Mexia Substation","operator":"Oncor","kv":138.0,"kind":"transmission"},"geometry":{"type":"Point","coordinates":[-96.4864,31.683]}},
{"type":"Feature","properties":{"name":"Groesbeck Main Substation","operator":"Oncor","kv":138.0,"kind":"distribution"},"geometry":{"type":"Point","coordinates":[-96.541,31.5212]}},
{"type":"Feature","properties":{"name":"Groesbeck Substation","operator":"Brazos Electric","kv":69.0,"kind":"distribution"},"geometry":{"type":"Point","coordinates":[-96.4755,31.5141]}},
{"type":"Feature","properties":{"name":"Ben Hur Substation","operator":"Brazos Electric","kv":69.0,"kind":"distribution"},"geometry":{"type":"Point","coordinates":[-96.6868,31.5034]}},
{"type":"Feature","properties":{"name":"Windsor Substation","operator":"Brazos Electric","kv":138.0,"kind":"distribution"},"geometry":{"type":"Point","coordinates":[-97.301,31.5078]}},
{"type":"Feature","properties":{"name":"Waco M&M Mars 2 Substation","operator":"Oncor","kv":138.0,"kind":"distribution"},"geometry":{"type":"Point","coordinates":[-97.1958,31.4871]}},
{"type":"Feature","properties":{"name":"Waco Lasalle Substation","operator":"Oncor","kv":138.0,"kind":"distribution"},"geometry":{"type":"Point","coordinates":[-97.0718,31.5431]}},
{"type":"Feature","properties":{"name":"Waco South Substation","operator":"Oncor","kv":138.0,"kind":"distribution"},"geometry":{"type":"Point","coordinates":[-97.1323,31.526]}},
{"type":"Feature","properties":{"name":"Waco Colonial Avenue Substation","operator":"Oncor","kv":138.0,"kind":"distribution"},"geometry":{"type":"Point","coordinates":[-97.1618,31.5474]}},
{"type":"Feature","properties":{"name":"Northcrest Substation","operator":"Oncor","kv":138.0,"kind":"distribution"},"geometry":{"type":"Point","coordinates":[-97.0936,31.6425]}},
{"type":"Feature","properties":{"name":"Waco Katy Substation","operator":"Oncor","kv":69.0,"kind":"distribution"},"geometry":{"type":"Point","coordinates":[-97.1,31.5843]}},
{"type":"Feature","properties":{"name":"Hallsburg Substation","operator":"Brazos Electric","kv":138.0,"kind":"distribution"},"geometry":{"type":"Point","coordinates":[-97.0057,31.5243]}},
{"type":"Feature","properties":{"name":"Prairie Hill Substation","operator":"Brazos Electric","kv":69.0,"kind":"distribution"},"geometry":{"type":"Point","coordinates":[-96.775,31.6521]}},
{"type":"Feature","properties":{"name":"Santa Fe Switching Station","operator":"Brazos Electric","kv":69.0,"kind":"transmission"},"geometry":{"type":"Point","coordinates":[-97.63,31.3864]}},
{"type":"Feature","properties":{"name":"Santa Fe Substation","operator":"Brazos Electric","kv":69.0,"kind":"distribution"},"geometry":{"type":"Point","coordinates":[-97.5838,31.4375]}},
{"type":"Feature","properties":{"name":"Fort Gates Substation","operator":"Brazos Electric","kv":69.0,"kind":"distribution"},"geometry":{"type":"Point","coordinates":[-97.7085,31.4146]}},
{"type":"Feature","properties":{"name":"","operator":"","kv":138.0,"kind":"distribution"},"geometry":{"type":"Point","coordinates":[-97.8307,31.1308]}},
{"type":"Feature","properties":{"name":"Killeen Clarke Road Substation","operator":"Oncor","kv":138.0,"kind":"transmission"},"geometry":{"type":"Point","coordinates":[-97.8434,31.1103]}},
{"type":"Feature","properties":{"name":"Killeen Clear Creek Substation","operator":"Oncor","kv":138.0,"kind":"distribution"},"geometry":{"type":"Point","coordinates":[-97.8211,31.11]}},
{"type":"Feature","properties":{"name":"Killeen Fort Hood West Substation","operator":"Oncor","kv":138.0,"kind":"distribution"},"geometry":{"type":"Point","coordinates":[-97.8128,31.1091]}},
{"type":"Feature","properties":{"name":"Killeen South Substation","operator":"Oncor","kv":138.0,"kind":"distribution"},"geometry":{"type":"Point","coordinates":[-97.7684,31.063]}},
{"type":"Feature","properties":{"name":"Gatesville Switching Station","operator":"Oncor","kv":69.0,"kind":"transmission"},"geometry":{"type":"Point","coordinates":[-97.6218,31.3785]}},
{"type":"Feature","properties":{"name":"Leon Junction Substation","operator":"Brazos Electric","kv":69.0,"kind":"distribution"},"geometry":{"type":"Point","coordinates":[-97.5837,31.3418]}},
{"type":"Feature","properties":{"name":"Gatesville Army Substation","operator":"Oncor","kv":69.0,"kind":"distribution"},"geometry":{"type":"Point","coordinates":[-97.689,31.3626]}},
{"type":"Feature","properties":{"name":"Cedar Valley Substation","operator":"Brazos Electric","kv":138.0,"kind":"distribution"},"geometry":{"type":"Point","coordinates":[-97.6863,30.9293]}},
{"type":"Feature","properties":{"name":"Ding Dong Substation","operator":"Brazos Electric","kv":138.0,"kind":"distribution"},"geometry":{"type":"Point","coordinates":[-97.7667,30.9874]}},
{"type":"Feature","properties":{"name":"Trimmer Substation","operator":"Brazos Electric","kv":138.0,"kind":"distribution"},"geometry":{"type":"Point","coordinates":[-97.6815,31.0079]}},
{"type":"Feature","properties":{"name":"Killeen Fort Hood Substation","operator":"Oncor","kv":138.0,"kind":"distribution"},"geometry":{"type":"Point","coordinates":[-97.7665,31.1325]}},
{"type":"Feature","properties":{"name":"Nolanville Substation","operator":"Oncor","kv":138.0,"kind":"distribution"},"geometry":{"type":"Point","coordinates":[-97.5449,31.0871]}},
{"type":"Feature","properties":{"name":"Harker Heights Substation","operator":"Oncor","kv":138.0,"kind":"distribution"},"geometry":{"type":"Point","coordinates":[-97.6718,31.0978]}},
{"type":"Feature","properties":{"name":"Killeen Taft Street Substation","operator":"Oncor","kv":138.0,"kind":"distribution"},"geometry":{"type":"Point","coordinates":[-97.7076,31.1012]}},
{"type":"Feature","properties":{"name":"Temple South Substation","operator":"Oncor","kv":138.0,"kind":"distribution"},"geometry":{"type":"Point","coordinates":[-97.3744,31.0767]}},
{"type":"Feature","properties":{"name":"Cameron Substation","operator":"Oncor","kv":69.0,"kind":"distribution"},"geometry":{"type":"Point","coordinates":[-96.9895,30.8494]}},
{"type":"Feature","properties":{"name":"Marak Substation","operator":"Oncor","kv":69.0,"kind":"distribution"},"geometry":{"type":"Point","coordinates":[-97.0491,30.8934]}},
{"type":"Feature","properties":{"name":"Panda Temple 1 Substation","operator":"Panda Power","kv":345.0,"kind":"transmission"},"geometry":{"type":"Point","coordinates":[-97.3151,31.0571]}},
{"type":"Feature","properties":{"name":"Panda Temple 2 Substation","operator":"Panda Power","kv":345.0,"kind":"transmission"},"geometry":{"type":"Point","coordinates":[-97.3166,31.0575]}},
{"type":"Feature","properties":{"name":"Knob Creek Switching Station","operator":"Oncor","kv":345.0,"kind":"transmission"},"geometry":{"type":"Point","coordinates":[-97.3127,31.0563]}},
{"type":"Feature","properties":{"name":"Silver City Substation","operator":"Brazos Electric","kv":69.0,"kind":"distribution"},"geometry":{"type":"Point","coordinates":[-96.9276,30.9169]}},
{"type":"Feature","properties":{"name":"Manor Substation","operator":"Bluebonnet Electric Cooperative","kv":138.0,"kind":"distribution"},"geometry":{"type":"Point","coordinates":[-97.5093,30.3495]}},
{"type":"Feature","properties":{"name":"Swiftex Substation","operator":"Lower Colorado River Authority","kv":138.0,"kind":"distribution"},"geometry":{"type":"Point","coordinates":[-97.3126,30.2026]}},
{"type":"Feature","properties":{"name":"Elgin Substation","operator":"Oncor","kv":138.0,"kind":"distribution"},"geometry":{"type":"Point","coordinates":[-97.3405,30.3347]}},
{"type":"Feature","properties":{"name":"Hillbig Substation","operator":"Lower Colorado River Authority","kv":138.0,"kind":"distribution"},"geometry":{"type":"Point","coordinates":[-97.4044,30.0056]}},
{"type":"Feature","properties":{"name":"Wyldwood Substation","operator":"Bluebonnet Electric Cooperative","kv":138.0,"kind":"distribution"},"geometry":{"type":"Point","coordinates":[-97.4737,30.131]}},
{"type":"Feature","properties":{"name":"Stoney Ridge Substation","operator":"Austin Energy","kv":138.0,"kind":"distribution"},"geometry":{"type":"Point","coordinates":[-97.6357,30.1589]}},
{"type":"Feature","properties":{"name":"Elroy Substation","operator":"Austin Energy","kv":138.0,"kind":"distribution"},"geometry":{"type":"Point","coordinates":[-97.6243,30.1413]}},
{"type":"Feature","properties":{"name":"Dunlap Substation","operator":"Austin Energy","kv":345.0,"kind":"transmission"},"geometry":{"type":"Point","coordinates":[-97.5397,30.2754]}},
{"type":"Feature","properties":{"name":"Webberville Solar Substation","operator":"RES America","kv":138.0,"kind":"transmission"},"geometry":{"type":"Point","coordinates":[-97.5026,30.2426]}},
{"type":"Feature","properties":{"name":"Alum Creek Substation","operator":"Lower Colorado River Authority","kv":138.0,"kind":"distribution"},"geometry":{"type":"Point","coordinates":[-97.2331,30.0658]}},
{"type":"Feature","properties":{"name":"Simsboro Magnolia Substation","operator":"Oncor","kv":69.0,"kind":"distribution"},"geometry":{"type":"Point","coordinates":[-96.3147,31.6734]}},
{"type":"Feature","properties":{"name":"Bulverde Substation","operator":"CPS Energy","kv":138.0,"kind":"distribution"},"geometry":{"type":"Point","coordinates":[-98.4412,29.7319]}},
{"type":"Feature","properties":{"name":"Blossom Substation","operator":"CPS Energy","kv":138.0,"kind":"distribution"},"geometry":{"type":"Point","coordinates":[-98.4594,29.5464]}},
{"type":"Feature","properties":{"name":"Greens Prairie Substation","operator":"Bryan Texas Utilities","kv":138.0,"kind":"distribution"},"geometry":{"type":"Point","coordinates":[-96.2578,30.5537]}},
{"type":"Feature","properties":{"name":"Independence Substation","operator":"Entergy","kv":69.0,"kind":"distribution"},"geometry":{"type":"Point","coordinates":[-96.4058,30.3158]}},
{"type":"Feature","properties":{"name":"Caldwell Industrial Substation","operator":"Entergy","kv":69.0,"kind":"distribution"},"geometry":{"type":"Point","coordinates":[-96.7138,30.5272]}},
{"type":"Feature","properties":{"name":"","operator":"","kv":138.0,"kind":"industrial"},"geometry":{"type":"Point","coordinates":[-96.4483,30.726]}},
{"type":"Feature","properties":{"name":"Triangle Park Substation","operator":"Bryan Texas Utilities","kv":138.0,"kind":"transmission"},"geometry":{"type":"Point","coordinates":[-96.4492,30.7254]}},
{"type":"Feature","properties":{"name":"Kurten Substation","operator":"Bryan Texas Utilities","kv":138.0,"kind":"distribution"},"geometry":{"type":"Point","coordinates":[-96.2928,30.7998]}},
{"type":"Feature","properties":{"name":"Speedway Substation","operator":"Entergy","kv":138.0,"kind":"distribution"},"geometry":{"type":"Point","coordinates":[-96.2165,30.5419]}},
{"type":"Feature","properties":{"name":"Bryan Substation","operator":"Entergy","kv":138.0,"kind":"transmission"},"geometry":{"type":"Point","coordinates":[-96.4097,30.7445]}},
{"type":"Feature","properties":{"name":"Industrial Park Substation","operator":"Bryan Texas Utilities","kv":69.0,"kind":"distribution"},"geometry":{"type":"Point","coordinates":[-96.4078,30.656]}},
{"type":"Feature","properties":{"name":"North Substation","operator":"Bryan Texas Utilities","kv":69.0,"kind":"distribution"},"geometry":{"type":"Point","coordinates":[-96.3945,30.6912]}},
{"type":"Feature","properties":{"name":"Goehmann Lane Substation","operator":"Lower Colorado River Authority","kv":69.0,"kind":"distribution"},"geometry":{"type":"Point","coordinates":[-98.8433,30.262]}},
{"type":"Feature","properties":{"name":"Fredericksburg Phillips Substation","operator":"","kv":69.0,"kind":"industrial"},"geometry":{"type":"Point","coordinates":[-98.8473,30.4718]}},
{"type":"Feature","properties":{"name":"Hollmig Substation","operator":"Lower Colorado River Authority","kv":138.0,"kind":"distribution"},"geometry":{"type":"Point","coordinates":[-98.882,30.2523]}},
{"type":"Feature","properties":{"name":"Live Oak Substation","operator":"Central Texas Electric Cooperative","kv":138.0,"kind":"distribution"},"geometry":{"type":"Point","coordinates":[-98.8882,30.2659]}},
{"type":"Feature","properties":{"name":"Kingsland 1 Substation","operator":"Central Texas Electric Cooperative","kv":69.0,"kind":"distribution"},"geometry":{"type":"Point","coordinates":[-98.4519,30.6533]}},
{"type":"Feature","properties":{"name":"Kingsland 2 Substation","operator":"Central Texas Electric Cooperative","kv":69.0,"kind":"distribution"},"geometry":{"type":"Point","coordinates":[-98.4579,30.6791]}},
{"type":"Feature","properties":{"name":"Bluffton Substation","operator":"Central Texas Electric Cooperative","kv":69.0,"kind":"distribution"},"geometry":{"type":"Point","coordinates":[-98.4814,30.8261]}},
{"type":"Feature","properties":{"name":"Buchanan Substation","operator":"Central Texas Electric Cooperative","kv":69.0,"kind":"transmission"},"geometry":{"type":"Point","coordinates":[-98.4481,30.7355]}},
{"type":"Feature","properties":{"name":"Sunrise Beach Substation","operator":"Central Texas Electric Cooperative","kv":69.0,"kind":"distribution"},"geometry":{"type":"Point","coordinates":[-98.4436,30.5911]}},
{"type":"Feature","properties":{"name":"Pitsburg Substation","operator":"Lower Colorado River Authority","kv":138.0,"kind":"transmission"},"geometry":{"type":"Point","coordinates":[-98.6774,30.7663]}},
{"type":"Feature","properties":{"name":"Sandstone Mountain Substation","operator":"Lower Colorado River Authority","kv":69.0,"kind":"transmission"},"geometry":{"type":"Point","coordinates":[-98.6107,30.7363]}},
{"type":"Feature","properties":{"name":"Nebo Substation","operator":"Central Texas Electric Cooperative","kv":69.0,"kind":"distribution"},"geometry":{"type":"Point","coordinates":[-98.7473,30.4389]}},
{"type":"Feature","properties":{"name":"Lakeway Tap","operator":"Lower Colorado River Authority","kv":138.0,"kind":"transmission"},"geometry":{"type":"Point","coordinates":[-97.9424,30.3777]}},
{"type":"Feature","properties":{"name":"Lakeway Substation","operator":"Austin Energy","kv":138.0,"kind":"distribution"},"geometry":{"type":"Point","coordinates":[-97.9449,30.3721]}},
{"type":"Feature","properties":{"name":"Marble Falls Substation","operator":"Lower Colorado River Authority","kv":138.0,"kind":"transmission"},"geometry":{"type":"Point","coordinates":[-98.2578,30.5552]}},
{"type":"Feature","properties":{"name":"Starcke Substation","operator":"Lower Colorado River Authority","kv":138.0,"kind":"distribution"},"geometry":{"type":"Point","coordinates":[-98.2614,30.5523]}},
{"type":"Feature","properties":{"name":"Flatrock Substation","operator":"Pedernales Electric Cooperative","kv":138.0,"kind":"distribution"},"geometry":{"type":"Point","coordinates":[-98.206,30.5098]}},
{"type":"Feature","properties":{"name":"Granite Mountain Substation","operator":"Pedernales Electric Cooperative","kv":138.0,"kind":"distribution"},"geometry":{"type":"Point","coordinates":[-98.2938,30.588]}},
{"type":"Feature","properties":{"name":"Buchanan Substation","operator":"Lower Colorado River Authority","kv":69.0,"kind":"generation"},"geometry":{"type":"Point","coordinates":[-98.4178,30.7508]}},
{"type":"Feature","properties":{"name":"","operator":"Lower Colorado River Authority","kv":138.0,"kind":"distribution"},"geometry":{"type":"Point","coordinates":[-98.3926,30.6884]}},
{"type":"Feature","properties":{"name":"Sherwood Shores Substation","operator":"Pedernales Electric Cooperative","kv":138.0,"kind":"distribution"},"geometry":{"type":"Point","coordinates":[-98.38,30.6098]}},
{"type":"Feature","properties":{"name":"Inks Dam Substation","operator":"Lower Colorado River Authority","kv":69.0,"kind":"transmission"},"geometry":{"type":"Point","coordinates":[-98.3857,30.7314]}},
{"type":"Feature","properties":{"name":"Coronado Substation","operator":"Lower Colorado River Authority","kv":138.0,"kind":"transmission"},"geometry":{"type":"Point","coordinates":[-98.4166,30.75]}},
{"type":"Feature","properties":{"name":"Fairland Substation","operator":"Pedernales Electric Cooperative","kv":138.0,"kind":"distribution"},"geometry":{"type":"Point","coordinates":[-98.2581,30.6453]}},
{"type":"Feature","properties":{"name":"Andice Substation","operator":"Pedernales Electric Cooperative","kv":138.0,"kind":"transmission"},"geometry":{"type":"Point","coordinates":[-97.8758,30.749]}},
{"type":"Feature","properties":{"name":"Burnet Substation","operator":"Lower Colorado River Authority","kv":138.0,"kind":"transmission"},"geometry":{"type":"Point","coordinates":[-98.2375,30.7591]}},
{"type":"Feature","properties":{"name":"Copperas Cove East Substation","operator":"Oncor","kv":138.0,"kind":"distribution"},"geometry":{"type":"Point","coordinates":[-97.8752,31.1119]}},
{"type":"Feature","properties":{"name":"Copperas Cove Substation","operator":"Oncor","kv":138.0,"kind":"distribution"},"geometry":{"type":"Point","coordinates":[-97.907,31.1132]}},
{"type":"Feature","properties":{"name":"Lampasas Substation","operator":"Lower Colorado River Authority","kv":138.0,"kind":"transmission"},"geometry":{"type":"Point","coordinates":[-98.1837,31.0845]}},
{"type":"Feature","properties":{"name":"Copperas Cove Substation","operator":"Pedernales Electric Cooperative","kv":138.0,"kind":"distribution"},"geometry":{"type":"Point","coordinates":[-97.9609,31.1098]}},
{"type":"Feature","properties":{"name":"Kempner Substation","operator":"Brazos Electric","kv":138.0,"kind":"distribution"},"geometry":{"type":"Point","coordinates":[-98.054,31.0913]}},
{"type":"Feature","properties":{"name":"Naruna Substation","operator":"Lower Colorado River Authority","kv":138.0,"kind":"distribution"},"geometry":{"type":"Point","coordinates":[-98.1908,31.0476]}},
{"type":"Feature","properties":{"name":"E. Babe Smith Substation","operator":"Pedernales Electric Cooperative","kv":138.0,"kind":"distribution"},"geometry":{"type":"Point","coordinates":[-98.1982,30.9916]}},
{"type":"Feature","properties":{"name":"Dobbyville Substation","operator":"Pedernales Electric Cooperative","kv":138.0,"kind":"distribution"},"geometry":{"type":"Point","coordinates":[-98.2626,30.9526]}},
{"type":"Feature","properties":{"name":"Graphine Mine Substation","operator":"Pedernales Electric Cooperative","kv":138.0,"kind":"distribution"},"geometry":{"type":"Point","coordinates":[-98.3533,30.8066]}},
{"type":"Feature","properties":{"name":"Lometa Substation","operator":"Lower Colorado River Authority","kv":138.0,"kind":"distribution"},"geometry":{"type":"Point","coordinates":[-98.3908,31.2153]}},
{"type":"Feature","properties":{"name":"San Saba Substation","operator":"Lower Colorado River Authority","kv":138.0,"kind":"distribution"},"geometry":{"type":"Point","coordinates":[-98.6903,31.192]}},
{"type":"Feature","properties":{"name":"Goldthwaite Wind Substation","operator":"Invenergy","kv":138.0,"kind":"generation"},"geometry":{"type":"Point","coordinates":[-98.5119,31.415]}},
{"type":"Feature","properties":{"name":"Evant Substation","operator":"Lower Colorado River Authority","kv":138.0,"kind":"distribution"},"geometry":{"type":"Point","coordinates":[-98.1732,31.4336]}},
{"type":"Feature","properties":{"name":"Richland Springs Substation","operator":"Sharyland Utilities","kv":69.0,"kind":"distribution"},"geometry":{"type":"Point","coordinates":[-98.9316,31.2954]}},
{"type":"Feature","properties":{"name":"Terry Substation","operator":"Sharyland Utilities","kv":69.0,"kind":"distribution"},"geometry":{"type":"Point","coordinates":[-98.6746,31.2373]}},
{"type":"Feature","properties":{"name":"San Saba Switching Substation","operator":"Lower Colorado River Authority","kv":138.0,"kind":"transmission"},"geometry":{"type":"Point","coordinates":[-98.6718,31.2359]}},
{"type":"Feature","properties":{"name":"Camp Bowie Substation","operator":"Lower Colorado River Authority","kv":138.0,"kind":"distribution"},"geometry":{"type":"Point","coordinates":[-98.9605,31.6362]}},
{"type":"Feature","properties":{"name":"Brownwood Switching Station","operator":"Oncor","kv":138.0,"kind":"transmission"},"geometry":{"type":"Point","coordinates":[-98.9204,31.6608]}},
{"type":"Feature","properties":{"name":"Valley Mills Substation","operator":"Texas-New Mexico Power","kv":69.0,"kind":"distribution"},"geometry":{"type":"Point","coordinates":[-97.4724,31.6545]}},
{"type":"Feature","properties":{"name":"Gatesville #1 Substation","operator":"Texas-New Mexico Power","kv":69.0,"kind":"distribution"},"geometry":{"type":"Point","coordinates":[-97.7343,31.4382]}},
{"type":"Feature","properties":{"name":"Gatesville #2 Substation","operator":"Texas-New Mexico Power","kv":69.0,"kind":"distribution"},"geometry":{"type":"Point","coordinates":[-97.7465,31.4392]}},
{"type":"Feature","properties":{"name":"Gatesville Substation","operator":"Brazos Electric","kv":69.0,"kind":"distribution"},"geometry":{"type":"Point","coordinates":[-97.7626,31.5038]}},
{"type":"Feature","properties":{"name":"Pancake Substation","operator":"Brazos Electric","kv":69.0,"kind":"transmission"},"geometry":{"type":"Point","coordinates":[-97.7977,31.5356]}},
{"type":"Feature","properties":{"name":"Jonesboro Substation","operator":"Texas-New Mexico Power","kv":69.0,"kind":"distribution"},"geometry":{"type":"Point","coordinates":[-97.8942,31.6152]}},
{"type":"Feature","properties":{"name":"Hamilton Substation","operator":"Brazos Electric","kv":69.0,"kind":"distribution"},"geometry":{"type":"Point","coordinates":[-98.1186,31.6823]}},
{"type":"Feature","properties":{"name":"Indian Gap Substation","operator":"Brazos Electric","kv":69.0,"kind":"distribution"},"geometry":{"type":"Point","coordinates":[-98.419,31.6625]}},
{"type":"Feature","properties":{"name":"Friendship Substation","operator":"Pedernales Electric Cooperative","kv":138.0,"kind":"distribution"},"geometry":{"type":"Point","coordinates":[-97.9452,30.1668]}},
{"type":"Feature","properties":{"name":"Buda Substation","operator":"Pedernales Electric Cooperative","kv":138.0,"kind":"transmission"},"geometry":{"type":"Point","coordinates":[-97.8511,30.0754]}},
{"type":"Feature","properties":{"name":"Goforth Substation","operator":"Pedernales Electric Cooperative","kv":138.0,"kind":"distribution"},"geometry":{"type":"Point","coordinates":[-97.8415,29.9926]}},
{"type":"Feature","properties":{"name":"Rohr Substation","operator":"Pedernales Electric Cooperative","kv":138.0,"kind":"industrial"},"geometry":{"type":"Point","coordinates":[-97.8789,29.9356]}},
{"type":"Feature","properties":{"name":"Holly Plant Switchyard","operator":"Austin Energy","kv":69.0,"kind":"transmission"},"geometry":{"type":"Point","coordinates":[-97.7197,30.2509]}},
{"type":"Feature","properties":{"name":"Harris Substation","operator":"University of Texas at Austin","kv":69.0,"kind":"distribution"},"geometry":{"type":"Point","coordinates":[-97.7326,30.2883]}},
{"type":"Feature","properties":{"name":"Fiesta Substation","operator":"Austin Energy","kv":69.0,"kind":"distribution"},"geometry":{"type":"Point","coordinates":[-97.7187,30.295]}},
{"type":"Feature","properties":{"name":"Bullick Hollow Substation","operator":"Austin Energy","kv":138.0,"kind":"distribution"},"geometry":{"type":"Point","coordinates":[-97.8569,30.4032]}},
{"type":"Feature","properties":{"name":"McNeil Substation","operator":"Austin Energy","kv":138.0,"kind":"transmission"},"geometry":{"type":"Point","coordinates":[-97.6893,30.393]}},
{"type":"Feature","properties":{"name":"McNeil Substation","operator":"Lower Colorado River Authority","kv":138.0,"kind":"transmission"},"geometry":{"type":"Point","coordinates":[-97.6891,30.3948]}},
{"type":"Feature","properties":{"name":"Cameron Substation","operator":"Austin Energy","kv":138.0,"kind":"distribution"},"geometry":{"type":"Point","coordinates":[-97.6864,30.3396]}},
{"type":"Feature","properties":{"name":"Daffan Gin Substation","operator":"Austin Energy","kv":138.0,"kind":"distribution"},"geometry":{"type":"Point","coordinates":[-97.6154,30.3097]}},
{"type":"Feature","properties":{"name":"Paige Substation","operator":"Bluebonnet Electric Cooperative","kv":138.0,"kind":"distribution"},"geometry":{"type":"Point","coordinates":[-97.1347,30.2144]}},
{"type":"Feature","properties":{"name":"Butler Substation","operator":"Bluebonnet Electric Cooperative","kv":138.0,"kind":"distribution"},"geometry":{"type":"Point","coordinates":[-97.3247,30.3894]}},
{"type":"Feature","properties":{"name":"Smithville Substation","operator":"Lower Colorado River Authority","kv":138.0,"kind":"transmission"},"geometry":{"type":"Point","coordinates":[-97.158,30.0205]}},
{"type":"Feature","properties":{"name":"Rosanky Substation","operator":"Bluebonnet Electric Cooperative","kv":69.0,"kind":"distribution"},"geometry":{"type":"Point","coordinates":[-97.3113,29.9293]}},
{"type":"Feature","properties":{"name":"Potranco Substation","operator":"CPS Energy","kv":138.0,"kind":"distribution"},"geometry":{"type":"Point","coordinates":[-98.6574,29.4462]}},
{"type":"Feature","properties":{"name":"","operator":"","kv":138.0,"kind":"transmission"},"geometry":{"type":"Point","coordinates":[-97.0668,30.5666]}},
{"type":"Feature","properties":{"name":"Buckholts Substation","operator":"Brazos Electric","kv":69.0,"kind":"distribution"},"geometry":{"type":"Point","coordinates":[-97.1945,30.8505]}},
{"type":"Feature","properties":{"name":"Talbert Ridge Substation","operator":"Brazos Electric","kv":138.0,"kind":"distribution"},"geometry":{"type":"Point","coordinates":[-96.968,30.6845]}},
{"type":"Feature","properties":{"name":"Rockdale Substation","operator":"Oncor","kv":138.0,"kind":"distribution"},"geometry":{"type":"Point","coordinates":[-97.0189,30.6711]}},
{"type":"Feature","properties":{"name":"Rockdale North Substation","operator":"Oncor","kv":69.0,"kind":"distribution"},"geometry":{"type":"Point","coordinates":[-97.0192,30.6729]}},
{"type":"Feature","properties":{"name":"Salty Substation","operator":"Brazos Electric","kv":138.0,"kind":"distribution"},"geometry":{"type":"Point","coordinates":[-97.1326,30.5963]}},
{"type":"Feature","properties":{"name":"Thorndale North Substation","operator":"Oncor","kv":138.0,"kind":"distribution"},"geometry":{"type":"Point","coordinates":[-97.2111,30.62]}},
{"type":"Feature","properties":{"name":"Atkins Substation","operator":"Bryan Texas Utilities","kv":69.0,"kind":"distribution"},"geometry":{"type":"Point","coordinates":[-96.3742,30.6466]}},
{"type":"Feature","properties":{"name":"Briarcrest Substation","operator":"Bryan Texas Utilities","kv":69.0,"kind":"distribution"},"geometry":{"type":"Point","coordinates":[-96.3373,30.6567]}},
{"type":"Feature","properties":{"name":"Steele Store Substation","operator":"Bryan Texas Utilities","kv":69.0,"kind":"distribution"},"geometry":{"type":"Point","coordinates":[-96.5327,30.6395]}},
{"type":"Feature","properties":{"name":"Texas A&M Annex Substation","operator":"Bryan Texas Utilities","kv":69.0,"kind":"distribution"},"geometry":{"type":"Point","coordinates":[-96.4648,30.6519]}},
{"type":"Feature","properties":{"name":"Wellborn Switching Station","operator":"Bryan Texas Utilities","kv":138.0,"kind":"transmission"},"geometry":{"type":"Point","coordinates":[-96.2527,30.5008]}},
{"type":"Feature","properties":{"name":"Millican Substation","operator":"Bryan Texas Utilities","kv":138.0,"kind":"transmission"},"geometry":{"type":"Point","coordinates":[-96.2159,30.4757]}},
{"type":"Feature","properties":{"name":"Millican Substation","operator":"Bryan Texas Utilities","kv":69.0,"kind":"distribution"},"geometry":{"type":"Point","coordinates":[-96.2044,30.4728]}},
{"type":"Feature","properties":{"name":"Koppe Bridge Substation","operator":"Bryan Texas Utilities","kv":138.0,"kind":"distribution"},"geometry":{"type":"Point","coordinates":[-96.3112,30.5329]}},
{"type":"Feature","properties":{"name":"Snook Substation","operator":"Bryan Texas Utilities","kv":138.0,"kind":"distribution"},"geometry":{"type":"Point","coordinates":[-96.4498,30.5366]}},
{"type":"Feature","properties":{"name":"Dowling Road Substation","operator":"City of College Station","kv":138.0,"kind":"distribution"},"geometry":{"type":"Point","coordinates":[-96.3334,30.5857]}},
{"type":"Feature","properties":{"name":"Southwood Valley Substation","operator":"City of College Station","kv":138.0,"kind":"distribution"},"geometry":{"type":"Point","coordinates":[-96.3104,30.594]}},
{"type":"Feature","properties":{"name":"Sinclair Hearne Substation","operator":"Entergy","kv":69.0,"kind":"industrial"},"geometry":{"type":"Point","coordinates":[-96.5855,30.9399]}},
{"type":"Feature","properties":{"name":"Calvert Substation","operator":"Brazos Electric","kv":69.0,"kind":"distribution"},"geometry":{"type":"Point","coordinates":[-96.802,31.0085]}},
{"type":"Feature","properties":{"name":"Tesco Tap","operator":"Entergy","kv":69.0,"kind":"distribution"},"geometry":{"type":"Point","coordinates":[-96.4751,30.7888]}},
{"type":"Feature","properties":{"name":"Humble Hearne Substation","operator":"Entergy","kv":69.0,"kind":"industrial"},"geometry":{"type":"Point","coordinates":[-96.5702,30.8565]}},
{"type":"Feature","properties":{"name":"APL Hearne Substation","operator":"Entergy","kv":69.0,"kind":"industrial"},"geometry":{"type":"Point","coordinates":[-96.5212,30.8859]}},
{"type":"Feature","properties":{"name":"Texas Hearne Substation","operator":"Entergy","kv":69.0,"kind":"industrial"},"geometry":{"type":"Point","coordinates":[-96.5791,30.8629]}},
{"type":"Feature","properties":{"name":"Calvert Substation","operator":"Entergy","kv":69.0,"kind":"distribution"},"geometry":{"type":"Point","coordinates":[-96.6728,30.9747]}},
{"type":"Feature","properties":{"name":"Phillips Coal Substation","operator":"Brazos Electric","kv":138.0,"kind":"industrial"},"geometry":{"type":"Point","coordinates":[-96.6728,31.0965]}},
{"type":"Feature","properties":{"name":"","operator":"Brazos Electric","kv":138.0,"kind":"industrial"},"geometry":{"type":"Point","coordinates":[-96.6865,31.0443]}},
{"type":"Feature","properties":{"name":"Branchville Substation","operator":"Brazos Electric","kv":69.0,"kind":"distribution"},"geometry":{"type":"Point","coordinates":[-96.7697,30.8734]}},
{"type":"Feature","properties":{"name":"Milano Substation","operator":"Brazos Electric","kv":138.0,"kind":"distribution"},"geometry":{"type":"Point","coordinates":[-96.8635,30.7636]}},
{"type":"Feature","properties":{"name":"Fayette Plant #2 Substation","operator":"Lower Colorado River Authority","kv":345.0,"kind":"transmission"},"geometry":{"type":"Point","coordinates":[-96.7562,29.9136]}},
{"type":"Feature","properties":{"name":"La Grange Substation","operator":"Lower Colorado River Authority","kv":138.0,"kind":"distribution"},"geometry":{"type":"Point","coordinates":[-96.8743,29.9328]}},
{"type":"Feature","properties":{"name":"Riverside Substation","operator":"Fayette Electric Cooperative","kv":138.0,"kind":"distribution"},"geometry":{"type":"Point","coordinates":[-96.9199,29.9275]}},
{"type":"Feature","properties":{"name":"Pilot Grove Substation","operator":"Guadalupe Valley Electric Cooperative","kv":138.0,"kind":"industrial"},"geometry":{"type":"Point","coordinates":[-97.0881,29.324]}},
{"type":"Feature","properties":{"name":"Sweet Home Substation","operator":"Lower Colorado River Authority","kv":138.0,"kind":"distribution"},"geometry":{"type":"Point","coordinates":[-97.0413,29.358]}},
{"type":"Feature","properties":{"name":"Mont Substation","operator":"Guadalupe Valley Electric Cooperative","kv":138.0,"kind":"distribution"},"geometry":{"type":"Point","coordinates":[-97.0091,29.401]}},
{"type":"Feature","properties":{"name":"Hallettsville Substation","operator":"Guadalupe Valley Electric Cooperative","kv":138.0,"kind":"distribution"},"geometry":{"type":"Point","coordinates":[-96.9876,29.4294]}},
{"type":"Feature","properties":{"name":"Kokernut Substation","operator":"Guadalupe Valley Electric Cooperative","kv":69.0,"kind":"distribution"},"geometry":{"type":"Point","coordinates":[-97.2692,29.462]}},
{"type":"Feature","properties":{"name":"Moulton Substation","operator":"Guadalupe Valley Electric Cooperative","kv":69.0,"kind":"distribution"},"geometry":{"type":"Point","coordinates":[-97.1396,29.5373]}},
{"type":"Feature","properties":{"name":"Weimar Substation","operator":"Lower Colorado River Authority","kv":138.0,"kind":"distribution"},"geometry":{"type":"Point","coordinates":[-96.7837,29.6837]}},
{"type":"Feature","properties":{"name":"Schulenburg Substation","operator":"Lower Colorado River Authority","kv":138.0,"kind":"distribution"},"geometry":{"type":"Point","coordinates":[-96.9078,29.6724]}},
{"type":"Feature","properties":{"name":"Plum Substation","operator":"Lower Colorado River Authority","kv":138.0,"kind":"distribution"},"geometry":{"type":"Point","coordinates":[-97.012,29.9441]}},
{"type":"Feature","properties":{"name":"Winchester Power Park Substation","operator":"Lower Colorado River Authority","kv":138.0,"kind":"transmission"},"geometry":{"type":"Point","coordinates":[-96.9949,30.0255]}},
{"type":"Feature","properties":{"name":"Gillette Substation","operator":"Lower Colorado River Authority","kv":138.0,"kind":"transmission"},"geometry":{"type":"Point","coordinates":[-97.7279,29.2327]}},
{"type":"Feature","properties":{"name":"Gay Hill Substation","operator":"Bluebonnet Electric Cooperative","kv":138.0,"kind":"distribution"},"geometry":{"type":"Point","coordinates":[-96.4717,30.2711]}},
{"type":"Feature","properties":{"name":"Lyons Substation","operator":"Lower Colorado River Authority","kv":138.0,"kind":"distribution"},"geometry":{"type":"Point","coordinates":[-96.5733,30.3943]}},
{"type":"Feature","properties":{"name":"Deanville Substation","operator":"Bluebonnet Electric Cooperative","kv":138.0,"kind":"distribution"},"geometry":{"type":"Point","coordinates":[-96.8013,30.4271]}},
{"type":"Feature","properties":{"name":"Warda Substation","operator":"Lower Colorado River Authority","kv":138.0,"kind":"distribution"},"geometry":{"type":"Point","coordinates":[-96.9209,30.0503]}},
{"type":"Feature","properties":{"name":"Fayette River Pump Substation","operator":"Lower Colorado River Authority","kv":138.0,"kind":"industrial"},"geometry":{"type":"Point","coordinates":[-96.7754,29.8684]}},
{"type":"Feature","properties":{"name":"Frelsburg Substation","operator":"San Benard Electric Cooperative","kv":138.0,"kind":"distribution"},"geometry":{"type":"Point","coordinates":[-96.6159,29.8357]}},
{"type":"Feature","properties":{"name":"Round Top Substation","operator":"Fayette Electric Cooperative","kv":138.0,"kind":"distribution"},"geometry":{"type":"Point","coordinates":[-96.7106,30.0778]}},
{"type":"Feature","properties":{"name":"Sandy Hill Substation","operator":"Bluebonnet Electric Cooperative","kv":138.0,"kind":"distribution"},"geometry":{"type":"Point","coordinates":[-96.3273,30.278]}},
{"type":"Feature","properties":{"name":"Mill Creek Substation","operator":"Bluebonnet Electric Cooperative","kv":138.0,"kind":"distribution"},"geometry":{"type":"Point","coordinates":[-96.5798,30.1828]}},
{"type":"Feature","properties":{"name":"","operator":"","kv":138.0,"kind":"industrial"},"geometry":{"type":"Point","coordinates":[-96.4996,31.2838]}},
{"type":"Feature","properties":{"name":"Kosse Substation","operator":"Brazos Electric","kv":69.0,"kind":"distribution"},"geometry":{"type":"Point","coordinates":[-96.5112,31.3039]}},
{"type":"Feature","properties":{"name":"Otto Junction Substation","operator":"Oncor","kv":69.0,"kind":"distribution"},"geometry":{"type":"Point","coordinates":[-96.7813,31.3769]}},
{"type":"Feature","properties":{"name":"Marlin Substation","operator":"Oncor","kv":69.0,"kind":"distribution"},"geometry":{"type":"Point","coordinates":[-96.8944,31.3142]}},
{"type":"Feature","properties":{"name":"Marlin South Substation","operator":"Oncor","kv":69.0,"kind":"distribution"},"geometry":{"type":"Point","coordinates":[-96.8905,31.2945]}},
{"type":"Feature","properties":{"name":"Marlin South Tap","operator":"Oncor","kv":69.0,"kind":"transmission"},"geometry":{"type":"Point","coordinates":[-96.8801,31.2854]}},
{"type":"Feature","properties":{"name":"Lott Substation","operator":"Oncor","kv":69.0,"kind":"distribution"},"geometry":{"type":"Point","coordinates":[-97.0317,31.1989]}},
{"type":"Feature","properties":{"name":"Pleasant Grove Substation","operator":"Brazos Electric","kv":69.0,"kind":"distribution"},"geometry":{"type":"Point","coordinates":[-96.9031,31.1315]}},
{"type":"Feature","properties":{"name":"Midway Substation","operator":"Brazos Electric","kv":69.0,"kind":"distribution"},"geometry":{"type":"Point","coordinates":[-96.9935,31.2929]}},
{"type":"Feature","properties":{"name":"Round Mott Substation","operator":"South Texas Electric Cooperative","kv":69.0,"kind":"distribution"},"geometry":{"type":"Point","coordinates":[-96.4172,29.2301]}},
{"type":"Feature","properties":{"name":"Industrial Park Substation","operator":"South Texas Electric Cooperative","kv":69.0,"kind":"distribution"},"geometry":{"type":"Point","coordinates":[-96.2514,29.2061]}},
{"type":"Feature","properties":{"name":"El Campo Substation","operator":"South Texas Electric Cooperative","kv":69.0,"kind":"distribution"},"geometry":{"type":"Point","coordinates":[-96.2688,29.2351]}},
{"type":"Feature","properties":{"name":"Ricebird Substation","operator":"South Texas Electric Cooperative","kv":138.0,"kind":"transmission"},"geometry":{"type":"Point","coordinates":[-96.2785,29.2339]}},
{"type":"Feature","properties":{"name":"Glidden Substation","operator":"San Bernard Electric Cooperative","kv":69.0,"kind":"distribution"},"geometry":{"type":"Point","coordinates":[-96.5727,29.6964]}},
{"type":"Feature","properties":{"name":"Bernardo Substation","operator":"San Bernard Electric Cooperative","kv":69.0,"kind":"distribution"},"geometry":{"type":"Point","coordinates":[-96.3992,29.7541]}},
{"type":"Feature","properties":{"name":"Sky Global Power One Substation","operator":"Sky Global Partners","kv":138.0,"kind":"transmission"},"geometry":{"type":"Point","coordinates":[-96.5385,29.5503]}},
{"type":"Feature","properties":{"name":"Rock Island Substation","operator":"San Bernard Electric Cooperative","kv":138.0,"kind":"transmission"},"geometry":{"type":"Point","coordinates":[-96.5379,29.5501]}},
{"type":"Feature","properties":{"name":"Sheridan Substation","operator":"San Bernard Electric Cooperative","kv":138.0,"kind":"distribution"},"geometry":{"type":"Point","coordinates":[-96.6666,29.4972]}},
{"type":"Feature","properties":{"name":"Colorado Substation","operator":"San Bernard Electric Cooperative","kv":138.0,"kind":"distribution"},"geometry":{"type":"Point","coordinates":[-96.6198,29.4672]}},
{"type":"Feature","properties":{"name":"Garwood Ideal Substation","operator":"American Electric Power","kv":69.0,"kind":"distribution"},"geometry":{"type":"Point","coordinates":[-96.4533,29.4949]}},
{"type":"Feature","properties":{"name":"Pioneer Substation","operator":"South Texas Electric Cooperative","kv":69.0,"kind":"distribution"},"geometry":{"type":"Point","coordinates":[-96.4596,29.5048]}},
{"type":"Feature","properties":{"name":"Garwood Pump Substation","operator":"American Electric Power","kv":69.0,"kind":"distribution"},"geometry":{"type":"Point","coordinates":[-96.409,29.5157]}},
{"type":"Feature","properties":{"name":"B&B Gravel Substation","operator":"American Electric Power","kv":69.0,"kind":"distribution"},"geometry":{"type":"Point","coordinates":[-96.4162,29.5202]}},
{"type":"Feature","properties":{"name":"Garwood Relift Substation","operator":"American Electric Power","kv":69.0,"kind":"distribution"},"geometry":{"type":"Point","coordinates":[-96.4652,29.5144]}},
{"type":"Feature","properties":{"name":"Garwood Lone Star Substation","operator":"American Electric Power","kv":69.0,"kind":"distribution"},"geometry":{"type":"Point","coordinates":[-96.3465,29.4197]}},
{"type":"Feature","properties":{"name":"Eagle Lake Substation","operator":"American Electric Power","kv":69.0,"kind":"distribution"},"geometry":{"type":"Point","coordinates":[-96.3327,29.5801]}},
{"type":"Feature","properties":{"name":"Prairie Pump Substation","operator":"American Electric Power","kv":69.0,"kind":"distribution"},"geometry":{"type":"Point","coordinates":[-96.3785,29.6024]}},
{"type":"Feature","properties":{"name":"Parker Substation","operator":"American Electric Power","kv":69.0,"kind":"distribution"},"geometry":{"type":"Point","coordinates":[-96.3841,29.5719]}},
{"type":"Feature","properties":{"name":"Garwood City Substation","operator":"American Electric Power","kv":69.0,"kind":"distribution"},"geometry":{"type":"Point","coordinates":[-96.3919,29.4478]}},
{"type":"Feature","properties":{"name":"Matthews Substation","operator":"American Electric Power","kv":69.0,"kind":"distribution"},"geometry":{"type":"Point","coordinates":[-96.3327,29.5068]}},
{"type":"Feature","properties":{"name":"Lakeside Pump Substation","operator":"American Electric Power","kv":69.0,"kind":"distribution"},"geometry":{"type":"Point","coordinates":[-96.3347,29.5592]}},
{"type":"Feature","properties":{"name":"Columbus Substation","operator":"American Electric Power","kv":69.0,"kind":"distribution"},"geometry":{"type":"Point","coordinates":[-96.5428,29.6984]}},
{"type":"Feature","properties":{"name":"Stafford Hill Substation","operator":"American Electric Power","kv":69.0,"kind":"distribution"},"geometry":{"type":"Point","coordinates":[-96.5157,29.6498]}},
{"type":"Feature","properties":{"name":"Riverside Pump Substation","operator":"American Electric Power","kv":69.0,"kind":"distribution"},"geometry":{"type":"Point","coordinates":[-96.4018,29.5702]}},
{"type":"Feature","properties":{"name":"Altair Substation","operator":"Lower Colorado River Authority","kv":69.0,"kind":"transmission"},"geometry":{"type":"Point","coordinates":[-96.4625,29.5643]}},
{"type":"Feature","properties":{"name":"Nada Substation","operator":"Lower Colorado River Authority","kv":138.0,"kind":"transmission"},"geometry":{"type":"Point","coordinates":[-96.387,29.3921]}},
{"type":"Feature","properties":{"name":"Mockingbird Substation","operator":"American Electric Power","kv":138.0,"kind":"distribution"},"geometry":{"type":"Point","coordinates":[-96.5737,29.7012]}},
{"type":"Feature","properties":{"name":"Quanex Substation","operator":"San Bernard Electric Cooperative","kv":69.0,"kind":"distribution"},"geometry":{"type":"Point","coordinates":[-96.2125,29.9021]}},
{"type":"Feature","properties":{"name":"Moulton South Substation","operator":"Guadalupe Valley Electric Cooperative","kv":138.0,"kind":"transmission"},"geometry":{"type":"Point","coordinates":[-97.1402,29.5311]}},
{"type":"Feature","properties":{"name":"Ridge Substation","operator":"Brazos Electric","kv":138.0,"kind":"distribution"},"geometry":{"type":"Point","coordinates":[-96.2946,31.1048]}},
{"type":"Feature","properties":{"name":"Limestone Substation","operator":"","kv":138.0,"kind":"distribution"},"geometry":{"type":"Point","coordinates":[-96.2463,31.4219]}},
{"type":"Feature","properties":{"name":"Olethea Substation","operator":"Brazos Electric","kv":138.0,"kind":"distribution"},"geometry":{"type":"Point","coordinates":[-96.4265,31.4009]}},
{"type":"Feature","properties":{"name":"Teague Main Substation","operator":"Oncor","kv":138.0,"kind":"distribution"},"geometry":{"type":"Point","coordinates":[-96.2968,31.6473]}},
{"type":"Feature","properties":{"name":"Freestone Substation","operator":"Brazos Electric","kv":69.0,"kind":"distribution"},"geometry":{"type":"Point","coordinates":[-96.2483,31.5438]}},
{"type":"Feature","properties":{"name":"Tater Hill Substation","operator":"Innergex;BlackRock","kv":345.0,"kind":"generation"},"geometry":{"type":"Point","coordinates":[-98.6037,31.6844]}},
{"type":"Feature","properties":{"name":"Rafter Substation","operator":"CPS Energy","kv":138.0,"kind":"industrial"},"geometry":{"type":"Point","coordinates":[-98.8062,29.4167]}},
{"type":"Feature","properties":{"name":"Martinez Substation","operator":"CPS Energy","kv":138.0,"kind":"distribution"},"geometry":{"type":"Point","coordinates":[-98.3224,29.4507]}},
{"type":"Feature","properties":{"name":"Bergheim Substation","operator":"Lower Colorado River Authority","kv":345.0,"kind":"transmission"},"geometry":{"type":"Point","coordinates":[-98.5276,29.7901]}},
{"type":"Feature","properties":{"name":"","operator":"","kv":138.0,"kind":"generation"},"geometry":{"type":"Point","coordinates":[-97.0694,30.5674]}},
{"type":"Feature","properties":{"name":"","operator":"","kv":138.0,"kind":"generation"},"geometry":{"type":"Point","coordinates":[-97.0697,30.5689]}},
{"type":"Feature","properties":{"name":"","operator":"","kv":345.0,"kind":"transmission"},"geometry":{"type":"Point","coordinates":[-96.9823,30.0434]}},
{"type":"Feature","properties":{"name":"Esperanza Substation","operator":"Lower Colorado River Authority","kv":138.0,"kind":"distribution"},"geometry":{"type":"Point","coordinates":[-98.665,29.8006]}},
{"type":"Feature","properties":{"name":"","operator":"","kv":69.0,"kind":"switchyard"},"geometry":{"type":"Point","coordinates":[-96.2118,29.9221]}},
{"type":"Feature","properties":{"name":"","operator":"","kv":69.0,"kind":"industrial"},"geometry":{"type":"Point","coordinates":[-97.582,31.4378]}},
{"type":"Feature","properties":{"name":"Southton Substation","operator":"CPS Energy","kv":138.0,"kind":"distribution"},"geometry":{"type":"Point","coordinates":[-98.4091,29.3132]}},
{"type":"Feature","properties":{"name":"","operator":"Lower Colorado River Authority","kv":138.0,"kind":"transmission"},"geometry":{"type":"Point","coordinates":[-98.9143,29.9598]}},
{"type":"Feature","properties":{"name":"Rainey Street Substation","operator":"Austin Energy","kv":138.0,"kind":"distribution"},"geometry":{"type":"Point","coordinates":[-97.738,30.2569]}},
{"type":"Feature","properties":{"name":"","operator":"","kv":138.0,"kind":"generation"},"geometry":{"type":"Point","coordinates":[-97.8787,30.7522]}},
{"type":"Feature","properties":{"name":"","operator":"","kv":345.0,"kind":"generation"},"geometry":{"type":"Point","coordinates":[-96.8127,31.5677]}},
{"type":"Feature","properties":{"name":"","operator":"","kv":345.0,"kind":"transmission"},"geometry":{"type":"Point","coordinates":[-96.941,31.5411]}},
{"type":"Feature","properties":{"name":"","operator":"","kv":345.0,"kind":"generation"},"geometry":{"type":"Point","coordinates":[-98.4793,31.5621]}},
{"type":"Feature","properties":{"name":"","operator":"","kv":345.0,"kind":"transmission"},"geometry":{"type":"Point","coordinates":[-98.5402,31.427]}},
{"type":"Feature","properties":{"name":"","operator":"","kv":345.0,"kind":"transmission"},"geometry":{"type":"Point","coordinates":[-97.2701,29.8949]}},
{"type":"Feature","properties":{"name":"","operator":"","kv":345.0,"kind":"generation"},"geometry":{"type":"Point","coordinates":[-97.2698,29.8961]}},
{"type":"Feature","properties":{"name":"","operator":"","kv":138.0,"kind":"transmission"},"geometry":{"type":"Point","coordinates":[-97.5743,30.4121]}},
{"type":"Feature","properties":{"name":"","operator":"","kv":138.0,"kind":"distribution"},"geometry":{"type":"Point","coordinates":[-97.8105,30.5848]}},
{"type":"Feature","properties":{"name":"","operator":"","kv":138.0,"kind":"distribution"},"geometry":{"type":"Point","coordinates":[-97.7824,30.5443]}},
{"type":"Feature","properties":{"name":"Hornsby Substation","operator":"Lower Colorado River Authority","kv":345.0,"kind":"industrial"},"geometry":{"type":"Point","coordinates":[-97.6139,30.232]}},
{"type":"Feature","properties":{"name":"Tesla Battery Substation","operator":"","kv":345.0,"kind":"generation"},"geometry":{"type":"Point","coordinates":[-97.6158,30.2314]}},
{"type":"Feature","properties":{"name":"Ashton Woods","operator":"Austin Energy","kv":138.0,"kind":"distribution"},"geometry":{"type":"Point","coordinates":[-97.705,30.4432]}},
{"type":"Feature","properties":{"name":"","operator":"","kv":138.0,"kind":"transmission"},"geometry":{"type":"Point","coordinates":[-97.4629,30.5467]}},
{"type":"Feature","properties":{"name":"","operator":"","kv":138.0,"kind":"industrial"},"geometry":{"type":"Point","coordinates":[-97.4496,30.5448]}},
{"type":"Feature","properties":{"name":"","operator":"","kv":138.0,"kind":"transmission"},"geometry":{"type":"Point","coordinates":[-96.2129,31.6954]}},
{"type":"Feature","properties":{"name":"","operator":"CPS Energy","kv":138.0,"kind":"industrial"},"geometry":{"type":"Point","coordinates":[-98.6402,29.4513]}},
{"type":"Feature","properties":{"name":"Verde Circle Substation","operator":"CPS Energy","kv":138.0,"kind":"industrial"},"geometry":{"type":"Point","coordinates":[-98.682,29.474]}},
{"type":"Feature","properties":{"name":"Shepherd Substation","operator":"","kv":138.0,"kind":"minor_distribution"},"geometry":{"type":"Point","coordinates":[-98.7207,29.2971]}},
{"type":"Feature","properties":{"name":"","operator":"","kv":138.0,"kind":"transmission"},"geometry":{"type":"Point","coordinates":[-97.3571,30.416]}},
{"type":"Feature","properties":{"name":"","operator":"","kv":138.0,"kind":"generation"},"geometry":{"type":"Point","coordinates":[-97.3563,30.4148]}},
{"type":"Feature","properties":{"name":"","operator":"","kv":138.0,"kind":"distribution"},"geometry":{"type":"Point","coordinates":[-97.3528,30.4695]}},
{"type":"Feature","properties":{"name":"","operator":"","kv":138.0,"kind":"transmission"},"geometry":{"type":"Point","coordinates":[-97.4632,30.5454]}},
{"type":"Feature","properties":{"name":"","operator":"","kv":138.0,"kind":"transmission"},"geometry":{"type":"Point","coordinates":[-97.1809,31.5115]}},
{"type":"Feature","properties":{"name":"","operator":"","kv":138.0,"kind":"distribution"},"geometry":{"type":"Point","coordinates":[-97.1821,31.5102]}},
{"type":"Feature","properties":{"name":"Tezel Substation","operator":"CPS Energy","kv":138.0,"kind":"distribution"},"geometry":{"type":"Point","coordinates":[-98.6579,29.5186]}},
{"type":"Feature","properties":{"name":"","operator":"","kv":345.0,"kind":"transmission"},"geometry":{"type":"Point","coordinates":[-98.572,29.2784]}},
{"type":"Feature","properties":{"name":"","operator":"","kv":138.0,"kind":"distribution"},"geometry":{"type":"Point","coordinates":[-98.4793,29.2703]}},
{"type":"Feature","properties":{"name":"","operator":"","kv":138.0,"kind":"generation"},"geometry":{"type":"Point","coordinates":[-98.4543,29.2709]}},
{"type":"Feature","properties":{"name":"","operator":"","kv":138.0,"kind":"generation"},"geometry":{"type":"Point","coordinates":[-98.3244,29.3378]}},
{"type":"Feature","properties":{"name":"","operator":"","kv":138.0,"kind":"generation"},"geometry":{"type":"Point","coordinates":[-98.3347,29.62]}},
{"type":"Feature","properties":{"name":"","operator":"","kv":345.0,"kind":"transmission"},"geometry":{"type":"Point","coordinates":[-97.5219,30.5453]}},
{"type":"Feature","properties":{"name":"","operator":"","kv":138.0,"kind":"industrial"},"geometry":{"type":"Point","coordinates":[-97.0799,30.5729]}},
{"type":"Feature","properties":{"name":"","operator":"","kv":345.0,"kind":"transmission"},"geometry":{"type":"Point","coordinates":[-96.8572,31.0472]}},
{"type":"Feature","properties":{"name":"","operator":"","kv":345.0,"kind":"generation"},"geometry":{"type":"Point","coordinates":[-96.8589,31.0466]}},
{"type":"Feature","properties":{"name":"","operator":"","kv":345.0,"kind":"transmission"},"geometry":{"type":"Point","coordinates":[-96.9324,31.0284]}},
{"type":"Feature","properties":{"name":"","operator":"","kv":345.0,"kind":"generation"},"geometry":{"type":"Point","coordinates":[-96.9326,31.0275]}},
{"type":"Feature","properties":{"name":"","operator":"","kv":345.0,"kind":"transmission"},"geometry":{"type":"Point","coordinates":[-96.9973,30.9979]}},
{"type":"Feature","properties":{"name":"","operator":"","kv":345.0,"kind":"generation"},"geometry":{"type":"Point","coordinates":[-96.9983,30.9979]}},
{"type":"Feature","properties":{"name":"","operator":"","kv":138.0,"kind":"distribution"},"geometry":{"type":"Point","coordinates":[-98.9937,29.3785]}},
{"type":"Feature","properties":{"name":"","operator":"","kv":138.0,"kind":"distribution"},"geometry":{"type":"Point","coordinates":[-97.7134,31.0442]}},
{"type":"Feature","properties":{"name":"","operator":"","kv":138.0,"kind":"generation"},"geometry":{"type":"Point","coordinates":[-98.0141,29.6531]}},
{"type":"Feature","properties":{"name":"","operator":"","kv":138.0,"kind":"distribution"},"geometry":{"type":"Point","coordinates":[-97.9618,29.6143]}},
{"type":"Feature","properties":{"name":"","operator":"","kv":138.0,"kind":""},"geometry":{"type":"Point","coordinates":[-96.489,31.2787]}},
{"type":"Feature","properties":{"name":"Scenic Loop Substation","operator":"CPS Energy","kv":138.0,"kind":"distribution"},"geometry":{"type":"Point","coordinates":[-98.6807,29.6762]}},
{"type":"Feature","properties":{"name":"","operator":"","kv":138.0,"kind":""},"geometry":{"type":"Point","coordinates":[-98.7333,31.0685]}},
{"type":"Feature","properties":{"name":"","operator":"","kv":138.0,"kind":""},"geometry":{"type":"Point","coordinates":[-98.7345,31.0705]}},
{"type":"Feature","properties":{"name":"","operator":"","kv":138.0,"kind":"transmission"},"geometry":{"type":"Point","coordinates":[-98.8904,30.2659]}},
{"type":"Feature","properties":{"name":"Chillingham Substation","operator":"","kv":345.0,"kind":"generation"},"geometry":{"type":"Point","coordinates":[-97.2634,31.0053]}},
{"type":"Feature","properties":{"name":"Five Wells Substation","operator":"","kv":345.0,"kind":"generation"},"geometry":{"type":"Point","coordinates":[-97.2558,31.0011]}},
{"type":"Feature","properties":{"name":"","operator":"","kv":69.0,"kind":"distribution"},"geometry":{"type":"Point","coordinates":[-98.7385,30.4327]}},
{"type":"Feature","properties":{"name":"","operator":"CPS Energy","kv":138.0,"kind":"distribution"},"geometry":{"type":"Point","coordinates":[-98.7895,29.4205]}},
{"type":"Feature","properties":{"name":"CMC/SMI Substation","operator":"Guadalupe Valley Electric Cooperative","kv":138.0,"kind":"industrial"},"geometry":{"type":"Point","coordinates":[-98.0323,29.5783]}},
{"type":"Feature","properties":{"name":"Lake Creek Substation","operator":"Oncor","kv":345.0,"kind":"transmission"},"geometry":{"type":"Point","coordinates":[-96.9857,31.4667]}},
{"type":"Feature","properties":{"name":"Waco West Substation","operator":"Oncor","kv":138.0,"kind":"transmission"},"geometry":{"type":"Point","coordinates":[-97.1825,31.5111]}},
{"type":"Feature","properties":{"name":"Elm Mott Substation","operator":"Oncor","kv":345.0,"kind":"transmission"},"geometry":{"type":"Point","coordinates":[-97.1002,31.6993]}},
{"type":"Feature","properties":{"name":"Poage Substation","operator":"Brazos Electric","kv":69.0,"kind":"transmission"},"geometry":{"type":"Point","coordinates":[-97.4404,31.0641]}}
]
}
