{
"type": "FeatureCollection",
"name": "SELECT",
"xy_coordinate_resolution": 0.0001,
"features": [
{"type":"Feature","properties":{"kv":138,"owner":"ONCOR ELECTRIC DELIVERY CO.","status":"IN SERVICE"},"geometry":{"type":"LineString","coordinates":[[-97.8509,30.6345],[-97.854,30.6495],[-97.8577,30.6629],[-97.8646,30.6815],[-97.8681,30.6895],[-97.8651,30.6968],[-97.8668,30.7111],[-97.8758,30.749]]}},
{"type":"Feature","properties":{"kv":138,"owner":"ONCOR ELECTRIC DELIVERY CO.","status":"IN SERVICE"},"geometry":{"type":"LineString","coordinates":[[-97.723,31.039],[-97.724,31.0401],[-97.7246,31.04],[-97.7246,31.0394],[-97.7301,31.0378],[-97.7624,31.0521],[-97.7645,31.0522],[-97.766,31.0557],[-97.7667,31.0593],[-97.7684,31.0631]]}},
{"type":"Feature","properties":{"kv":138,"owner":"ONCOR ELECTRIC DELIVERY CO.","status":"IN SERVICE"},"geometry":{"type":"LineString","coordinates":[[-97.7195,31.0764],[-97.7141,31.0842],[-97.7122,31.0906],[-97.7079,31.0903],[-97.7041,31.1007]]}},
{"type":"Feature","properties":{"kv":138,"owner":"ONCOR ELECTRIC DELIVERY CO.","status":"IN SERVICE"},"geometry":{"type":"LineString","coordinates":[[-97.9069,31.1133],[-97.9148,31.1138],[-97.9306,31.1157],[-98.054,31.0914]]}},
{"type":"Feature","properties":{"kv":138,"owner":"ONCOR ELECTRIC DELIVERY CO.","status":"IN SERVICE"},"geometry":{"type":"LineString","coordinates":[[-97.8433,31.1102],[-97.8427,31.1229],[-97.8434,31.123],[-97.8433,31.1264],[-97.8368,31.1264],[-97.8365,31.1301],[-97.8315,31.1298],[-97.8314,31.1307],[-97.8307,31.1308]]}},
{"type":"Feature","properties":{"kv":138,"owner":"ONCOR ELECTRIC DELIVERY CO.","status":"NOT AVAILABLE"},"geometry":{"type":"LineString","coordinates":[[-97.7343,31.4382],[-97.7378,31.4416],[-97.7375,31.4481],[-97.7334,31.4586],[-97.7317,31.4643],[-97.7224,31.4708],[-97.7126,31.4927],[-97.71,31.4939],[-97.7067,31.5002],[-97.6868,31.5399],[-97.6868,31.5415],[-97.6789,31.5576],[-97.6775,31.5602],[-97.6766,31.5607],[-97.6706,31.5721],[-97.6438,31.6261],[-97.6374,31.6458],[-97.63,31.6528],[-97.6165,31.6814],[-97.6104,31.6922],[-97.6031,31.6959],[-97.6024,31.7]]}},
{"type":"Feature","properties":{"kv":138,"owner":"ONCOR ELECTRIC DELIVERY CO.","status":"NOT AVAILABLE"},"geometry":{"type":"LineString","coordinates":[[-97.6777,31.4258],[-97.6882,31.4328],[-97.7278,31.4835],[-97.7325,31.4864],[-97.7318,31.488],[-97.7613,31.5031],[-97.7706,31.511],[-97.7794,31.5201],[-97.7974,31.5365],[-97.7978,31.5356]]}},
{"type":"Feature","properties":{"kv":138,"owner":"ONCOR ELECTRIC DELIVERY CO.","status":"IN SERVICE"},"geometry":{"type":"LineString","coordinates":[[-96.8762,31.4402],[-96.886,31.4359],[-96.9434,31.4438],[-96.9572,31.4469],[-96.9832,31.4486],[-96.9945,31.4598],[-96.9886,31.4656],[-96.9872,31.4656],[-96.9867,31.4652]]}},
{"type":"Feature","properties":{"kv":161,"owner":"ONCOR ELECTRIC DELIVERY CO.","status":"IN SERVICE"},"geometry":{"type":"LineString","coordinates":[[-97.1793,31.5774],[-97.1786,31.5757],[-97.1699,31.5632],[-97.172,31.5621],[-97.1604,31.5457],[-97.1527,31.5392],[-97.1517,31.5402],[-97.148,31.5372],[-97.1452,31.5358],[-97.1372,31.5291],[-97.1362,31.5299],[-97.1325,31.5267],[-97.1323,31.526]]}},
{"type":"Feature","properties":{"kv":161,"owner":"ONCOR ELECTRIC DELIVERY CO.","status":"IN SERVICE"},"geometry":{"type":"LineString","coordinates":[[-97.1323,31.526],[-97.1339,31.5263],[-97.1352,31.5274],[-97.151,31.5136],[-97.1596,31.5067]]}},
{"type":"Feature","properties":{"kv":138,"owner":"ONCOR ELECTRIC DELIVERY CO.","status":"NOT AVAILABLE"},"geometry":{"type":"LineString","coordinates":[[-96.7591,31.7],[-96.7752,31.6524],[-96.7737,31.65],[-96.768,31.6347],[-96.7211,31.56],[-96.687,31.5033]]}},
{"type":"Feature","properties":{"kv":138,"owner":"ONCOR ELECTRIC DELIVERY CO.","status":"IN SERVICE"},"geometry":{"type":"LineString","coordinates":[[-96.687,31.5033],[-96.6706,31.4737],[-96.6556,31.4448],[-96.6541,31.4292],[-96.6352,31.3307],[-96.6023,31.3031],[-96.6005,31.3001]]}},
{"type":"Feature","properties":{"kv":115,"owner":"ONCOR ELECTRIC DELIVERY CO.","status":"NOT AVAILABLE"},"geometry":{"type":"LineString","coordinates":[[-96.4865,31.683],[-96.4879,31.6827],[-96.4856,31.6603],[-96.5051,31.6192],[-96.5185,31.594],[-96.534,31.5612],[-96.5425,31.5404],[-96.5437,31.5383],[-96.5471,31.5277],[-96.5422,31.5206]]}},
{"type":"Feature","properties":{"kv":115,"owner":"ONCOR ELECTRIC DELIVERY CO.","status":"IN SERVICE"},"geometry":{"type":"LineString","coordinates":[[-96.4865,31.683],[-96.4868,31.6817],[-96.4606,31.6836],[-96.4434,31.6788],[-96.4293,31.6756],[-96.4183,31.6761],[-96.4107,31.6776],[-96.3944,31.6664],[-96.3909,31.6649],[-96.366,31.6581],[-96.3467,31.6538],[-96.3282,31.6506],[-96.3177,31.6411],[-96.306,31.6415],[-96.2722,31.6618],[-96.2548,31.6657],[-96.2475,31.6682],[-96.2443,31.6785],[-96.2396,31.6814]]}},
{"type":"Feature","properties":{"kv":138,"owner":"ONCOR ELECTRIC DELIVERY CO.","status":"NOT AVAILABLE"},"geometry":{"type":"LineString","coordinates":[[-96.2,31.1756],[-96.2702,31.1232]]}},
{"type":"Feature","properties":{"kv":115,"owner":"ONCOR ELECTRIC DELIVERY CO.","status":"IN SERVICE"},"geometry":{"type":"LineString","coordinates":[[-96.2039,31.7],[-96.2128,31.6954]]}},
{"type":"Feature","properties":{"kv":138,"owner":"ONCOR ELECTRIC DELIVERY CO.","status":"IN SERVICE"},"geometry":{"type":"LineString","coordinates":[[-97.9709,30.313],[-97.9714,30.3123],[-97.9722,30.3145],[-97.9726,30.3378],[-97.9714,30.3396],[-97.9714,30.3409],[-97.9661,30.3499],[-97.9604,30.3586],[-97.9601,30.3681],[-97.9125,30.3929],[-97.9092,30.3892]]}},
{"type":"Feature","properties":{"kv":115,"owner":"NOT AVAILABLE","status":"IN SERVICE"},"geometry":{"type":"LineString","coordinates":[[-96.5693,30.9452],[-96.5765,30.9547],[-96.5828,30.9583],[-96.5983,30.9719],[-96.6267,31.0007],[-96.6557,31.0281],[-96.6694,31.0387],[-96.6769,31.0492],[-96.6855,31.0772],[-96.6708,31.0927],[-96.6733,31.0963],[-96.6727,31.0965]]}},
{"type":"Feature","properties":{"kv":138,"owner":"NOT AVAILABLE","status":"IN SERVICE"},"geometry":{"type":"LineString","coordinates":[[-96.4098,30.7444],[-96.4071,30.7465],[-96.3644,30.8422],[-96.3214,30.936],[-96.2,30.9969]]}},
{"type":"Feature","properties":{"kv":138,"owner":"ONCOR ELECTRIC DELIVERY CO.","status":"IN SERVICE"},"geometry":{"type":"LineString","coordinates":[[-97.5999,30.4541],[-97.6021,30.4556],[-97.5962,30.4649],[-97.5952,30.4671],[-97.5942,30.4725],[-97.5953,30.4743],[-97.6195,30.4852],[-97.6247,30.4867],[-97.6253,30.4881],[-97.6348,30.4895],[-97.639,30.4892],[-97.6456,30.4875],[-97.645,30.4853]]}},
{"type":"Feature","properties":{"kv":115,"owner":"ONCOR ELECTRIC DELIVERY CO.","status":"IN SERVICE"},"geometry":{"type":"LineString","coordinates":[[-96.6769,31.0492],[-96.6865,31.0443]]}},
{"type":"Feature","properties":{"kv":138,"owner":"ONCOR ELECTRIC DELIVERY CO.","status":"IN SERVICE"},"geometry":{"type":"LineString","coordinates":[[-97.645,30.4853],[-97.6456,30.4875],[-97.6376,30.4894],[-97.6322,30.4893],[-97.6271,30.4885],[-97.6253,30.4881],[-97.6247,30.4867],[-97.6195,30.4852],[-97.6085,30.4803],[-97.6049,30.479],[-97.5953,30.4743],[-97.5946,30.4754],[-97.5929,30.4755],[-97.591,30.4763],[-97.5893,30.4783],[-97.5861,30.4849],[-97.5835,30.497],[-97.5825,30.4997],[-97.5771,30.5094],[-97.5765,30.5118],[-97.5764,30.5146],[-97.574,30.5147],[-97.5712,30.5197],[-97.5663,30.5445],[-97.564,30.5442],[-97.5628,30.5503],[-97.5614,30.5512]]}},
{"type":"Feature","properties":{"kv":138,"owner":"NOT AVAILABLE","status":"IN SERVICE"},"geometry":{"type":"LineString","coordinates":[[-96.5733,30.3943],[-96.5711,30.3961],[-96.5488,30.3771],[-96.539,30.3693],[-96.5232,30.3559],[-96.5204,30.3519],[-96.5078,30.3422],[-96.4854,30.3266],[-96.481,30.3254],[-96.4785,30.3022],[-96.4729,30.282],[-96.4683,30.275],[-96.4691,30.2709],[-96.4716,30.2712]]}},
{"type":"Feature","properties":{"kv":138,"owner":"ENTERGY TEXAS, INC.","status":"IN SERVICE"},"geometry":{"type":"LineString","coordinates":[[-96.5733,30.3943],[-96.5717,30.3956],[-96.5704,30.3952],[-96.5444,30.3729],[-96.5234,30.3557],[-96.5163,30.3409],[-96.5218,30.3386]]}},
{"type":"Feature","properties":{"kv":138,"owner":"NOT AVAILABLE","status":"IN SERVICE"},"geometry":{"type":"LineString","coordinates":[[-96.7754,29.8684],[-96.7752,29.8736],[-96.7621,29.8852],[-96.76,29.8888],[-96.7565,29.8924],[-96.7534,29.8975],[-96.7523,29.9025],[-96.7534,29.9075],[-96.7533,29.9121],[-96.7551,29.9123]]}},
{"type":"Feature","properties":{"kv":138,"owner":"AEP TEXAS CENTRAL CO.","status":"IN SERVICE"},"geometry":{"type":"LineString","coordinates":[[-96.4533,29.4949],[-96.4642,29.5148],[-96.4652,29.5144]]}},
{"type":"Feature","properties":{"kv":138,"owner":"NOT AVAILABLE","status":"IN SERVICE"},"geometry":{"type":"LineString","coordinates":[[-96.3871,29.3921],[-96.3074,29.2477],[-96.2807,29.2375],[-96.2785,29.234]]}},
{"type":"Feature","properties":{"kv":138,"owner":"NOT AVAILABLE","status":"IN SERVICE"},"geometry":{"type":"LineString","coordinates":[[-96.2531,29.2],[-96.2531,29.2021],[-96.254,29.205],[-96.2514,29.206]]}},
{"type":"Feature","properties":{"kv":138,"owner":"NOT AVAILABLE","status":"IN SERVICE"},"geometry":{"type":"LineString","coordinates":[[-96.2514,29.206],[-96.254,29.205],[-96.2775,29.2335],[-96.2785,29.234]]}},
{"type":"Feature","properties":{"kv":138,"owner":"NOT AVAILABLE","status":"IN SERVICE"},"geometry":{"type":"LineString","coordinates":[[-96.44,29.5272],[-96.4492,29.5411],[-96.4627,29.5634],[-96.4629,29.5642]]}},
{"type":"Feature","properties":{"kv":138,"owner":"ONCOR ELECTRIC DELIVERY CO.","status":"NOT AVAILABLE"},"geometry":{"type":"LineString","coordinates":[[-97.1748,31.5051],[-97.1769,31.5026],[-97.1799,31.4978],[-97.1877,31.4903],[-97.192,31.4812]]}},
{"type":"Feature","properties":{"kv":138,"owner":"NOT AVAILABLE","status":"NOT AVAILABLE"},"geometry":{"type":"LineString","coordinates":[[-97.1037,31.555],[-97.1199,31.5598]]}},
{"type":"Feature","properties":{"kv":138,"owner":"ONCOR ELECTRIC DELIVERY CO.","status":"NOT AVAILABLE"},"geometry":{"type":"LineString","coordinates":[[-97.33,31.1309],[-97.3287,31.1299],[-97.319,31.1265],[-97.3192,31.1281],[-97.3181,31.1287],[-97.319,31.1318],[-97.3183,31.1519],[-97.321,31.1678],[-97.3216,31.1686],[-97.3213,31.1696],[-97.3395,31.277],[-97.3439,31.3028],[-97.3669,31.4059],[-97.3799,31.4249]]}},
{"type":"Feature","properties":{"kv":138,"owner":"ONCOR ELECTRIC DELIVERY CO.","status":"IN SERVICE"},"geometry":{"type":"LineString","coordinates":[[-97.3344,31.3973],[-97.3387,31.3913],[-97.3589,31.3703]]}},
{"type":"Feature","properties":{"kv":345,"owner":"ONCOR ELECTRIC DELIVERY CO.","status":"IN SERVICE"},"geometry":{"type":"LineString","coordinates":[[-96.6935,31.0912],[-96.6913,31.0898],[-96.6892,31.091],[-96.6934,31.1031],[-96.695,31.1052],[-96.7106,31.0974],[-96.7595,31.0955],[-96.7745,31.0878],[-96.8022,31.0777],[-96.8359,31.06],[-96.8356,31.0568],[-96.9058,31.0207],[-96.9382,31.032],[-96.993,31.004],[-96.9952,31.0021],[-96.9965,30.9902],[-97.0301,30.9733],[-97.0607,30.9605],[-97.069,30.9627],[-97.0693,30.9643],[-97.091,30.9705],[-97.1352,30.9599],[-97.1733,30.9852],[-97.2002,30.9945],[-97.2035,30.9956],[-97.2407,31.0023],[-97.2587,31.0026]]}},
{"type":"Feature","properties":{"kv":345,"owner":"ONCOR ELECTRIC DELIVERY CO.","status":"IN SERVICE"},"geometry":{"type":"LineString","coordinates":[[-96.6936,31.0913],[-96.6913,31.09],[-96.689,31.0909],[-96.6934,31.1031],[-96.695,31.1054],[-96.7106,31.0974],[-96.7595,31.0955],[-96.7745,31.0878],[-96.8022,31.0777],[-96.8361,31.0601],[-96.8356,31.0568],[-96.9058,31.0207],[-96.9382,31.032],[-96.9652,31.0185],[-96.993,31.004],[-96.9952,31.0021],[-96.9965,30.9902],[-97.0059,30.9861],[-97.0552,30.9628],[-97.0607,30.9605],[-97.069,30.9627],[-97.0693,30.9643],[-97.091,30.9705],[-97.1352,30.9599],[-97.1733,30.9852],[-97.2068,30.9966],[-97.2407,31.0023],[-97.2587,31.0026]]}},
{"type":"Feature","properties":{"kv":138,"owner":"CITY OF BRYAN - (TX)","status":"NOT AVAILABLE"},"geometry":{"type":"LineString","coordinates":[[-96.4844,31.1836],[-96.4879,31.1819]]}},
{"type":"Feature","properties":{"kv":345,"owner":"ONCOR ELECTRIC DELIVERY CO.","status":"NOT AVAILABLE"},"geometry":{"type":"LineString","coordinates":[[-97.3078,31.0791],[-97.3075,31.0782],[-97.3082,31.0754],[-97.3068,31.0729],[-97.193,30.9064],[-97.1899,30.9013],[-97.128,30.7517],[-97.1269,30.75],[-97.1229,30.7396],[-97.0979,30.6522],[-97.0759,30.5783],[-97.0759,30.5776],[-97.0768,30.5777]]}},
{"type":"Feature","properties":{"kv":138,"owner":"NOT AVAILABLE","status":"NOT AVAILABLE"},"geometry":{"type":"LineString","coordinates":[[-96.5733,30.3943],[-96.5722,30.3963],[-96.5871,30.41],[-96.6627,30.4726],[-96.6846,30.4911],[-96.6872,30.4925],[-96.691,30.4957],[-96.6911,30.497],[-96.7199,30.5216],[-96.7138,30.5269],[-96.7042,30.532],[-96.7014,30.534],[-96.6934,30.542],[-96.6903,30.5395],[-96.6894,30.5377],[-96.6866,30.5356],[-96.6499,30.5628],[-96.6389,30.5705],[-96.6368,30.5726],[-96.6051,30.5962],[-96.6028,30.5969],[-96.6002,30.5983],[-96.5996,30.5991],[-96.5933,30.6019],[-96.5912,30.6066],[-96.5489,30.638],[-96.5199,30.6633],[-96.5133,30.6645],[-96.4121,30.7399],[-96.4132,30.7407],[-96.4074,30.7458],[-96.3951,30.7732],[-96.3777,30.7607],[-96.3674,30.7542],[-96.3508,30.7438],[-96.3423,30.7399],[-96.3412,30.7429],[-96.3394,30.7503],[-96.3386,30.7571],[-96.3343,30.7669],[-96.3324,30.7697],[-96.299,30.7995],[-96.2969,30.7995],[-96.2968,30.8001],[-96.2936,30.8001],[-96.2935,30.7993],[-96.2927,30.7993],[-96.2928,30.7998]]}},
{"type":"Feature","properties":{"kv":138,"owner":"MID-SOUTH ELECTRIC COOP ASSN","status":"NOT AVAILABLE"},"geometry":{"type":"LineString","coordinates":[[-96.5807,30.8667],[-96.5788,30.8641],[-96.5793,30.8633],[-96.5791,30.8629]]}},
{"type":"Feature","properties":{"kv":138,"owner":"CITY OF BRYAN - (TX)","status":"IN SERVICE"},"geometry":{"type":"LineString","coordinates":[[-96.4641,30.6511],[-96.4639,30.6512]]}},
{"type":"Feature","properties":{"kv":138,"owner":"CITY OF BRYAN - (TX)","status":"IN SERVICE"},"geometry":{"type":"MultiLineString","coordinates":[[[-96.4227,30.5916],[-96.4216,30.591],[-96.4177,30.5944],[-96.418,30.5949],[-96.4174,30.5951]],[[-96.4227,30.5916],[-96.4335,30.6013],[-96.4258,30.6081],[-96.434,30.6248],[-96.4329,30.6259],[-96.4344,30.627],[-96.4353,30.6323],[-96.4396,30.6436],[-96.4431,30.6512],[-96.443,30.6539],[-96.4451,30.6583],[-96.445,30.659],[-96.4487,30.6675],[-96.4496,30.6722],[-96.4575,30.6948],[-96.4594,30.7014],[-96.466,30.7173],[-96.4669,30.7205],[-96.462,30.7229],[-96.458,30.7225],[-96.4549,30.7242],[-96.5175,30.7784],[-96.5635,30.8308],[-96.5711,30.8406],[-96.5735,30.8445],[-96.5812,30.8468],[-96.6043,30.8605],[-96.6073,30.8619]]]}},
{"type":"Feature","properties":{"kv":138,"owner":"CITY OF BRYAN - (TX)","status":"IN SERVICE"},"geometry":{"type":"LineString","coordinates":[[-96.3746,30.6465],[-96.3762,30.6462],[-96.3818,30.6411],[-96.383,30.6365],[-96.3833,30.6247],[-96.3824,30.6211],[-96.3798,30.5971],[-96.4198,30.5599],[-96.4243,30.5583],[-96.4328,30.5544],[-96.4448,30.5434],[-96.4458,30.5395],[-96.4495,30.5362],[-96.4498,30.5366]]}},
{"type":"Feature","properties":{"kv":138,"owner":"CITY OF BRYAN - (TX)","status":"IN SERVICE"},"geometry":{"type":"LineString","coordinates":[[-96.3746,30.6465],[-96.3762,30.6459],[-96.3813,30.6412],[-96.3788,30.6398],[-96.3787,30.6385],[-96.3772,30.6353],[-96.3757,30.6284],[-96.3712,30.6323],[-96.3663,30.6282],[-96.3634,30.6308],[-96.3513,30.6175],[-96.3511,30.6167]]}},
{"type":"Feature","properties":{"kv":138,"owner":"NOT AVAILABLE","status":"NOT AVAILABLE"},"geometry":{"type":"LineString","coordinates":[[-96.2925,30.6291],[-96.294,30.6297],[-96.3244,30.6638],[-96.333,30.6722],[-96.3368,30.6778],[-96.3491,30.6917],[-96.3615,30.7011],[-96.3721,30.7095],[-96.3724,30.71],[-96.3733,30.7104],[-96.3779,30.7139],[-96.4692,30.7846],[-96.4827,30.7848],[-96.5204,30.8108],[-96.5509,30.8283],[-96.5748,30.843],[-96.5832,30.8476],[-96.5888,30.8456],[-96.5974,30.8444],[-96.6067,30.8478],[-96.6144,30.8543],[-96.6196,30.8533],[-96.6283,30.856],[-96.6273,30.8722],[-96.6259,30.8841]]}},
{"type":"Feature","properties":{"kv":138,"owner":"ONCOR ELECTRIC DELIVERY CO.","status":"IN SERVICE"},"geometry":{"type":"LineString","coordinates":[[-97.694,30.4742],[-97.6912,30.46]]}},
{"type":"Feature","properties":{"kv":138,"owner":"PEDERNALES ELECTRIC COOP, INC","status":"IN SERVICE"},"geometry":{"type":"LineString","coordinates":[[-98.371,30.5556],[-98.3703,30.5554],[-98.3711,30.5518],[-98.3711,30.5494],[-98.3693,30.5432],[-98.3656,30.5439],[-98.3599,30.5414],[-98.353,30.5432],[-98.3494,30.5436],[-98.3417,30.5426],[-98.3381,30.5428],[-98.3364,30.5538],[-98.3359,30.5552],[-98.3378,30.5587],[-98.338,30.5596],[-98.3374,30.5596]]}},
{"type":"Feature","properties":{"kv":138,"owner":"ONCOR ELECTRIC DELIVERY CO.","status":"IN SERVICE"},"geometry":{"type":"LineString","coordinates":[[-96.9545,30.7457],[-96.9527,30.7459],[-96.9538,30.7367],[-96.9437,30.7326],[-96.9242,30.7342],[-96.9028,30.7397],[-96.7862,30.8105],[-96.7199,30.8524],[-96.6966,30.8708],[-96.6992,30.8737]]}},
{"type":"Feature","properties":{"kv":138,"owner":"NOT AVAILABLE","status":"NOT AVAILABLE"},"geometry":{"type":"LineString","coordinates":[[-96.2702,31.1232],[-96.2993,31.1013],[-96.4045,31.0311],[-96.5525,30.9548],[-96.5694,30.9455],[-96.5693,30.9452]]}},
{"type":"Feature","properties":{"kv":138,"owner":"BANDERA ELECTRIC COOP, INC","status":"IN SERVICE"},"geometry":{"type":"LineString","coordinates":[[-99.0,29.3784],[-98.9843,29.3819],[-98.9785,29.3805],[-98.9631,29.3805],[-98.9598,29.3785],[-98.9337,29.3784],[-98.9317,29.3782],[-98.9266,29.3762],[-98.9007,29.376],[-98.8985,29.3746],[-98.8812,29.3747],[-98.8804,29.3756],[-98.8655,29.3756],[-98.8607,29.3742],[-98.8568,29.3799],[-98.8524,29.3823],[-98.8365,29.3828],[-98.8146,29.3829],[-98.8145,29.374],[-98.8184,29.374],[-98.8184,29.3691],[-98.8193,29.3691],[-98.8192,29.3604],[-98.8164,29.3594],[-98.8163,29.3589],[-98.8159,29.3588]]}},
{"type":"Feature","properties":{"kv":138,"owner":"BANDERA ELECTRIC COOP, INC","status":"NOT AVAILABLE"},"geometry":{"type":"LineString","coordinates":[[-99.0,29.3788],[-98.9843,29.3819],[-98.9786,29.3805],[-98.9631,29.3805],[-98.9599,29.3785],[-98.934,29.3785],[-98.9315,29.3783],[-98.9264,29.3762],[-98.9109,29.3762],[-98.9132,29.3705],[-98.9157,29.3696],[-98.9205,29.3711],[-98.9425,29.3711],[-98.9425,29.3706]]}},
{"type":"Feature","properties":{"kv":138,"owner":"NOT AVAILABLE","status":"IN SERVICE"},"geometry":{"type":"LineString","coordinates":[[-97.8942,31.6151],[-97.9068,31.62],[-97.9228,31.6271],[-98.0495,31.6789],[-98.0835,31.6907],[-98.0883,31.6992],[-98.088,31.7]]}},
{"type":"Feature","properties":{"kv":138,"owner":"NOT AVAILABLE","status":"NOT AVAILABLE"},"geometry":{"type":"LineString","coordinates":[[-97.7978,31.5356],[-97.7976,31.5367],[-97.8148,31.5557],[-97.8225,31.5636],[-97.8315,31.5723],[-97.8526,31.5915],[-97.8812,31.5995],[-97.8893,31.5941],[-97.9245,31.5921],[-97.9544,31.6034],[-97.9744,31.6089],[-98.0211,31.6235],[-98.0575,31.6607],[-98.1129,31.6808],[-98.1186,31.6824]]}},
{"type":"Feature","properties":{"kv":138,"owner":"ONCOR ELECTRIC DELIVERY CO.","status":"NOT AVAILABLE"},"geometry":{"type":"MultiLineString","coordinates":[[[-98.9819,31.676],[-98.9818,31.6765]],[[-98.9818,31.6765],[-98.9818,31.6765],[-98.9819,31.6765],[-98.9818,31.6765]],[[-98.9818,31.6765],[-98.9751,31.6765],[-98.9752,31.6803],[-98.9705,31.683],[-98.9644,31.6896],[-98.9613,31.6905],[-98.9598,31.6918],[-98.9591,31.6934],[-98.9515,31.7]]]}},
{"type":"Feature","properties":{"kv":138,"owner":"ONCOR ELECTRIC DELIVERY COMPANY LLC","status":"IN SERVICE"},"geometry":{"type":"LineString","coordinates":[[-96.6992,30.8737],[-96.6953,30.8824],[-96.6521,30.8961]]}},
{"type":"Feature","properties":{"kv":138,"owner":"BANDERA ELECTRIC COOP, INC","status":"IN SERVICE"},"geometry":{"type":"LineString","coordinates":[[-98.5748,29.3866],[-98.575,29.3865],[-98.5746,29.3865],[-98.5753,29.3919],[-98.5745,29.3983],[-98.5737,29.3994],[-98.5693,29.3987],[-98.569,29.3983]]}},
{"type":"Feature","properties":{"kv":138,"owner":"CITY OF BRYAN - (TX)","status":"NOT AVAILABLE"},"geometry":{"type":"LineString","coordinates":[[-96.2944,30.6277],[-96.2946,30.6283],[-96.2937,30.629],[-96.2977,30.6334],[-96.2983,30.6336],[-96.3091,30.624],[-96.307,30.6223],[-96.3064,30.6223]]}},
{"type":"Feature","properties":{"kv":138,"owner":"CITY OF BRYAN - (TX)","status":"NOT AVAILABLE"},"geometry":{"type":"LineString","coordinates":[[-96.2842,30.6181],[-96.2919,30.6111]]}},
{"type":"Feature","properties":{"kv":138,"owner":"CITY OF BRYAN - (TX)","status":"NOT AVAILABLE"},"geometry":{"type":"LineString","coordinates":[[-96.3064,30.6223],[-96.3063,30.6218],[-96.3041,30.6199],[-96.2996,30.6239],[-96.293,30.6135],[-96.2919,30.6111]]}},
{"type":"Feature","properties":{"kv":138,"owner":"CITY OF BRYAN - (TX)","status":"NOT AVAILABLE"},"geometry":{"type":"LineString","coordinates":[[-96.334,30.5866],[-96.3332,30.5865],[-96.3326,30.5859],[-96.3319,30.5844],[-96.3314,30.5841],[-96.3288,30.5779],[-96.3228,30.582],[-96.3219,30.5812],[-96.3173,30.5855],[-96.3106,30.5905],[-96.3109,30.5911]]}},
{"type":"Feature","properties":{"kv":138,"owner":"CITY OF BRYAN - (TX)","status":"NOT AVAILABLE"},"geometry":{"type":"LineString","coordinates":[[-96.2919,30.6111],[-96.2984,30.6054],[-96.3,30.6049],[-96.3028,30.6029],[-96.3035,30.6018],[-96.3029,30.6002],[-96.3035,30.5991],[-96.3099,30.5938],[-96.3114,30.5937],[-96.3116,30.5916],[-96.3109,30.5911]]}},
{"type":"Feature","properties":{"kv":138,"owner":"CITY OF BRYAN - (TX)","status":"NOT AVAILABLE"},"geometry":{"type":"LineString","coordinates":[[-96.3334,30.5858],[-96.334,30.5866]]}},
{"type":"Feature","properties":{"kv":138,"owner":"CITY OF BRYAN - (TX)","status":"NOT AVAILABLE"},"geometry":{"type":"LineString","coordinates":[[-96.3481,30.5884],[-96.3487,30.5877],[-96.3477,30.5867],[-96.3442,30.5859],[-96.334,30.5866]]}},
{"type":"Feature","properties":{"kv":138,"owner":"CITY OF BRYAN - (TX)","status":"NOT AVAILABLE"},"geometry":{"type":"LineString","coordinates":[[-96.3111,30.5916],[-96.3109,30.5911]]}},
{"type":"Feature","properties":{"kv":138,"owner":"CITY OF BRYAN - (TX)","status":"NOT AVAILABLE"},"geometry":{"type":"LineString","coordinates":[[-96.2578,30.5539],[-96.2572,30.5532],[-96.259,30.5533],[-96.2591,30.5544],[-96.2871,30.5792],[-96.288,30.5797],[-96.2969,30.5799],[-96.3058,30.5873],[-96.3072,30.5881],[-96.3086,30.5897],[-96.3109,30.5911]]}},
{"type":"Feature","properties":{"kv":138,"owner":"BLUEBONNET ELECTRIC COOP, INC","status":"IN SERVICE"},"geometry":{"type":"LineString","coordinates":[[-97.9918,29.9006],[-97.9902,29.9026],[-97.9729,29.918],[-97.9628,29.9117],[-97.9491,29.9052],[-97.942,29.8986],[-97.9415,29.8986]]}},
{"type":"Feature","properties":{"kv":138,"owner":"BANDERA ELECTRIC COOP, INC","status":"IN SERVICE"},"geometry":{"type":"LineString","coordinates":[[-98.6016,29.3569],[-98.5764,29.3527],[-98.5775,29.3516],[-98.5753,29.35],[-98.5751,29.3503]]}},
{"type":"Feature","properties":{"kv":138,"owner":"ONCOR ELECTRIC DELIVERY CO.","status":"IN SERVICE"},"geometry":{"type":"LineString","coordinates":[[-97.7511,30.265],[-97.7505,30.2662],[-97.7514,30.2668]]}},
{"type":"Feature","properties":{"kv":138,"owner":"ONCOR ELECTRIC DELIVERY CO.","status":"IN SERVICE"},"geometry":{"type":"LineString","coordinates":[[-97.6216,31.3786],[-97.6535,31.4091],[-97.6777,31.4258]]}},
{"type":"Feature","properties":{"kv":138,"owner":"ONCOR ELECTRIC DELIVERY CO.","status":"IN SERVICE"},"geometry":{"type":"LineString","coordinates":[[-97.8128,31.1092],[-97.7897,31.1081]]}},
{"type":"Feature","properties":{"kv":138,"owner":"ONCOR ELECTRIC DELIVERY CO.","status":"IN SERVICE"},"geometry":{"type":"LineString","coordinates":[[-97.7897,31.1081],[-97.7746,31.0893],[-97.7768,31.0837],[-97.7684,31.0631]]}},
{"type":"Feature","properties":{"kv":138,"owner":"ONCOR ELECTRIC DELIVERY CO.","status":"IN SERVICE"},"geometry":{"type":"LineString","coordinates":[[-97.7897,31.1081],[-97.7687,31.1295],[-97.7676,31.1298],[-97.7665,31.1325]]}},
{"type":"Feature","properties":{"kv":138,"owner":"ONCOR ELECTRIC DELIVERY CO.","status":"IN SERVICE"},"geometry":{"type":"LineString","coordinates":[[-97.7666,30.9874],[-97.7637,30.9901],[-97.7596,30.9914],[-97.754,30.9937],[-97.752,30.9981],[-97.7352,31.0025],[-97.73,31.0017],[-97.7262,31.0019],[-97.7085,31.0074],[-97.7081,31.0094],[-97.704,31.0107],[-97.6992,31.0095],[-97.6958,30.9976],[-97.6889,30.9916],[-97.6903,30.9874],[-97.6859,30.9783],[-97.6861,30.9702],[-97.682,30.9673],[-97.6783,30.9641],[-97.6755,30.9609],[-97.6733,30.9563],[-97.6777,30.9549],[-97.676,30.9507],[-97.6854,30.948],[-97.6787,30.9321],[-97.6846,30.9302],[-97.6863,30.9293]]}},
{"type":"Feature","properties":{"kv":138,"owner":"ONCOR ELECTRIC DELIVERY CO.","status":"IN SERVICE"},"geometry":{"type":"LineString","coordinates":[[-98.2576,30.5552],[-98.2575,30.5546],[-98.2533,30.5593],[-98.2427,30.5773],[-98.2097,30.6123]]}},
{"type":"Feature","properties":{"kv":138,"owner":"ONCOR ELECTRIC DELIVERY CO.","status":"IN SERVICE"},"geometry":{"type":"LineString","coordinates":[[-98.2971,30.5712],[-98.2935,30.5767],[-98.2939,30.5796],[-98.2925,30.5856],[-98.2941,30.5875],[-98.2937,30.588]]}},
{"type":"Feature","properties":{"kv":138,"owner":"ONCOR ELECTRIC DELIVERY CO.","status":"IN SERVICE"},"geometry":{"type":"LineString","coordinates":[[-98.2972,30.5713],[-98.2935,30.5767],[-98.2939,30.5796],[-98.2925,30.5856],[-98.2941,30.5875],[-98.2937,30.588]]}},
{"type":"Feature","properties":{"kv":138,"owner":"GUADALUPE VALLEY ELEC COOP INC","status":"IN SERVICE"},"geometry":{"type":"LineString","coordinates":[[-98.1682,29.6614],[-98.208,29.6367],[-98.243,29.614],[-98.2539,29.6063],[-98.2547,29.6064],[-98.2591,29.6035],[-98.2653,29.5991]]}},
{"type":"Feature","properties":{"kv":138,"owner":"BANDERA ELECTRIC COOP, INC","status":"IN SERVICE"},"geometry":{"type":"LineString","coordinates":[[-98.4422,29.6878],[-98.4437,29.6877],[-98.4482,29.6896],[-98.4502,29.6925],[-98.4509,29.693],[-98.4535,29.6937],[-98.4545,29.6955],[-98.4547,29.7012],[-98.4519,29.7015],[-98.4506,29.7085],[-98.4433,29.7229],[-98.4421,29.728],[-98.4423,29.731],[-98.442,29.7325],[-98.441,29.732]]}},
{"type":"Feature","properties":{"kv":138,"owner":"GUADALUPE VALLEY ELEC COOP INC","status":"IN SERVICE"},"geometry":{"type":"LineString","coordinates":[[-98.1967,29.6707],[-98.1981,29.672],[-98.2063,29.6849]]}},
{"type":"Feature","properties":{"kv":138,"owner":"GUADALUPE VALLEY ELEC COOP INC","status":"IN SERVICE"},"geometry":{"type":"LineString","coordinates":[[-98.2706,29.6526],[-98.2063,29.6849]]}},
{"type":"Feature","properties":{"kv":138,"owner":"GUADALUPE VALLEY ELEC COOP INC","status":"IN SERVICE"},"geometry":{"type":"LineString","coordinates":[[-98.2063,29.6849],[-98.1785,29.6991]]}},
{"type":"Feature","properties":{"kv":138,"owner":"ONCOR ELECTRIC DELIVERY CO.","status":"IN SERVICE"},"geometry":{"type":"LineString","coordinates":[[-97.1505,31.5859],[-97.1609,31.5862],[-97.179,31.5771],[-97.1793,31.5774]]}},
{"type":"Feature","properties":{"kv":138,"owner":"ONCOR ELECTRIC DELIVERY CO.","status":"IN SERVICE"},"geometry":{"type":"LineString","coordinates":[[-97.1199,31.5598],[-97.1207,31.5612],[-97.1221,31.5615],[-97.136,31.5704],[-97.1401,31.5715],[-97.1505,31.5859]]}},
{"type":"Feature","properties":{"kv":138,"owner":"BLUEBONNET ELECTRIC COOP, INC","status":"IN SERVICE"},"geometry":{"type":"LineString","coordinates":[[-97.9495,29.7726],[-97.9502,29.7733],[-97.9502,29.7741],[-97.9574,29.7758],[-97.9579,29.82],[-97.9649,29.8259],[-97.9648,29.8265]]}},
{"type":"Feature","properties":{"kv":138,"owner":"NOT AVAILABLE","status":"NOT AVAILABLE"},"geometry":{"type":"LineString","coordinates":[[-96.3273,30.278],[-96.3269,30.2804],[-96.3616,30.2817],[-96.4592,30.2691],[-96.4716,30.2712]]}},
{"type":"Feature","properties":{"kv":138,"owner":"BANDERA ELECTRIC COOP, INC","status":"IN SERVICE"},"geometry":{"type":"LineString","coordinates":[[-98.6099,29.4987],[-98.6116,29.4952],[-98.6139,29.4931],[-98.6161,29.4887],[-98.6181,29.4874],[-98.6209,29.4842],[-98.6245,29.4816],[-98.6283,29.4801],[-98.6385,29.4936],[-98.6819,29.5482]]}},
{"type":"Feature","properties":{"kv":138,"owner":"ONCOR ELECTRIC DELIVERY CO.","status":"NOT AVAILABLE"},"geometry":{"type":"LineString","coordinates":[[-97.3114,31.4268],[-97.2758,31.4722],[-97.2508,31.4853]]}},
{"type":"Feature","properties":{"kv":138,"owner":"ONCOR ELECTRIC DELIVERY CO.","status":"IN SERVICE"},"geometry":{"type":"LineString","coordinates":[[-97.6621,30.2705],[-97.6608,30.2713],[-97.6592,30.2711],[-97.6574,30.2754],[-97.6547,30.2752],[-97.6529,30.2747],[-97.6515,30.275],[-97.6359,30.2993],[-97.6152,30.305],[-97.6142,30.305]]}},
{"type":"Feature","properties":{"kv":138,"owner":"AEP TEXAS CENTRAL CO.","status":"IN SERVICE"},"geometry":{"type":"LineString","coordinates":[[-96.5429,29.6984],[-96.5712,29.6967],[-96.572,29.6969]]}},
{"type":"Feature","properties":{"kv":138,"owner":"GUADALUPE VALLEY ELEC COOP INC","status":"IN SERVICE"},"geometry":{"type":"LineString","coordinates":[[-98.1779,29.6771],[-98.1705,29.6723],[-98.1657,29.6631],[-98.1682,29.6614],[-98.1563,29.6388],[-98.1497,29.6216],[-98.1487,29.6205]]}},
{"type":"Feature","properties":{"kv":138,"owner":"BLUEBONNET ELECTRIC COOP, INC","status":"IN SERVICE"},"geometry":{"type":"LineString","coordinates":[[-96.9949,30.0255],[-96.9957,30.0257],[-97.014,29.979],[-97.0124,29.945],[-97.012,29.9441]]}},
{"type":"Feature","properties":{"kv":138,"owner":"BLUEBONNET ELECTRIC COOP, INC","status":"IN SERVICE"},"geometry":{"type":"LineString","coordinates":[[-97.9564,29.5943],[-97.9572,29.5948],[-97.9572,29.5976],[-97.9669,29.6277],[-97.9676,29.629],[-97.9706,29.6274]]}},
{"type":"Feature","properties":{"kv":138,"owner":"BANDERA ELECTRIC COOP, INC","status":"IN SERVICE"},"geometry":{"type":"LineString","coordinates":[[-98.408,29.5039],[-98.4069,29.5033],[-98.4001,29.5033],[-98.4069,29.4711],[-98.3972,29.4705],[-98.3928,29.4734],[-98.3927,29.4661],[-98.3924,29.4653]]}},
{"type":"Feature","properties":{"kv":345,"owner":"BLUEBONNET ELECTRIC COOP, INC","status":"NOT AVAILABLE"},"geometry":{"type":"LineString","coordinates":[[-96.7552,29.9183],[-96.7563,29.9141],[-96.7562,29.9136]]}},
{"type":"Feature","properties":{"kv":138,"owner":"BLUEBONNET ELECTRIC COOP, INC","status":"IN SERVICE"},"geometry":{"type":"LineString","coordinates":[[-97.9972,29.5793],[-97.998,29.58],[-97.9884,29.5865],[-97.9876,29.5862]]}},
{"type":"Feature","properties":{"kv":138,"owner":"ONCOR ELECTRIC DELIVERY CO.","status":"IN SERVICE"},"geometry":{"type":"LineString","coordinates":[[-97.9003,30.3839],[-97.8993,30.3842],[-97.8971,30.3843],[-97.8859,30.3834],[-97.8702,30.3892],[-97.8617,30.3962],[-97.8422,30.3986]]}},
{"type":"Feature","properties":{"kv":138,"owner":"BANDERA ELECTRIC COOP, INC","status":"IN SERVICE"},"geometry":{"type":"LineString","coordinates":[[-98.4911,29.4842],[-98.491,29.4883],[-98.4881,29.4882],[-98.475,29.5115],[-98.4771,29.5113]]}},
{"type":"Feature","properties":{"kv":138,"owner":"CITY OF BRYAN - (TX)","status":"NOT AVAILABLE"},"geometry":{"type":"LineString","coordinates":[[-96.299,30.6594],[-96.3007,30.658],[-96.3024,30.6501],[-96.3078,30.6454]]}},
{"type":"Feature","properties":{"kv":345,"owner":"ONCOR ELECTRIC DELIVERY CO.","status":"IN SERVICE"},"geometry":{"type":"LineString","coordinates":[[-96.3405,31.7],[-96.3406,31.6748],[-96.3432,31.6465],[-96.3422,31.6275],[-96.3416,31.5938],[-96.332,31.5598],[-96.332,31.5495],[-96.3194,31.5317],[-96.2988,31.5067],[-96.2973,31.5043],[-96.2913,31.4975],[-96.272,31.4675],[-96.2577,31.4504],[-96.2477,31.4354],[-96.248,31.4324],[-96.2445,31.4258],[-96.2466,31.4251],[-96.247,31.4242]]}},
{"type":"Feature","properties":{"kv":345,"owner":"ONCOR ELECTRIC DELIVERY CO.","status":"IN SERVICE"},"geometry":{"type":"LineString","coordinates":[[-96.6954,31.0924],[-96.6935,31.0912]]}},
{"type":"Feature","properties":{"kv":345,"owner":"BANDERA ELECTRIC COOP, INC","status":"IN SERVICE"},"geometry":{"type":"LineString","coordinates":[[-98.8867,29.985],[-98.8861,29.9845],[-98.8882,29.9836],[-98.8886,29.9843],[-98.8915,29.9828],[-98.8927,29.9818],[-98.8911,29.9709],[-98.8858,29.9594],[-98.8821,29.9448],[-98.8646,29.9093],[-98.8488,29.8864],[-98.836,29.8668],[-98.8273,29.8523],[-98.8162,29.8355],[-98.7989,29.8114],[-98.7758,29.7762],[-98.7754,29.7706],[-98.7761,29.7706],[-98.7763,29.7696],[-98.7659,29.7563],[-98.7516,29.7319],[-98.749,29.7272],[-98.7481,29.7245],[-98.7473,29.7218],[-98.747,29.7165],[-98.7441,29.7141],[-98.7442,29.7108],[-98.7436,29.7077],[-98.7452,29.6462],[-98.7397,29.6353],[-98.7503,29.6354],[-98.7504,29.6274],[-98.7616,29.6219],[-98.7742,29.621],[-98.7794,29.6192],[-98.7821,29.6192],[-98.7823,29.6185],[-98.7858,29.6179],[-98.7857,29.6154],[-98.7845,29.6125],[-98.7808,29.609],[-98.7796,29.6067],[-98.7788,29.603],[-98.7788,29.6001],[-98.7805,29.5947],[-98.7883,29.5738],[-98.796,29.5558],[-98.7975,29.5538],[-98.7993,29.5524],[-98.8064,29.5483],[-98.8088,29.5463],[-98.8104,29.5443],[-98.8122,29.5396],[-98.8103,29.5306],[-98.8087,29.528],[-98.8094,29.4724],[-98.8094,29.4631],[-98.8088,29.4599],[-98.8074,29.4569],[-98.8057,29.4547],[-98.8013,29.4504],[-98.7913,29.4421],[-98.7894,29.4397],[-98.7838,29.4296],[-98.783,29.4271],[-98.7829,29.4217],[-98.7621,29.4219],[-98.7602,29.42],[-98.7591,29.4177],[-98.7574,29.4164],[-98.7495,29.4129],[-98.7416,29.4079],[-98.7384,29.4073],[-98.7367,29.406],[-98.7354,29.4041],[-98.7308,29.401],[-98.7207,29.401],[-98.7205,29.4149],[-98.7202,29.4159],[-98.7182,29.4161]]}},
{"type":"Feature","properties":{"kv":138,"owner":"CITY OF BRYAN - (TX)","status":"IN SERVICE"},"geometry":{"type":"LineString","coordinates":[[-96.4078,30.656],[-96.4081,30.6552],[-96.4297,30.6731],[-96.45,30.7198],[-96.4545,30.7237],[-96.458,30.7222],[-96.4589,30.7222]]}},
{"type":"Feature","properties":{"kv":138,"owner":"BANDERA ELECTRIC COOP, INC","status":"NOT AVAILABLE"},"geometry":{"type":"LineString","coordinates":[[-98.3236,29.3102],[-98.3228,29.3081]]}},
{"type":"Feature","properties":{"kv":138,"owner":"PEDERNALES ELECTRIC COOP, INC","status":"IN SERVICE"},"geometry":{"type":"LineString","coordinates":[[-98.1568,30.2028],[-98.1567,30.2031],[-98.1692,30.2081],[-98.2588,30.2471],[-98.2988,30.2616],[-98.2984,30.262]]}},
{"type":"Feature","properties":{"kv":138,"owner":"BANDERA ELECTRIC COOP, INC","status":"IN SERVICE"},"geometry":{"type":"LineString","coordinates":[[-98.6785,29.4736],[-98.6789,29.4731],[-98.6816,29.4734],[-98.6835,29.473],[-98.6854,29.4742],[-98.6868,29.4731],[-98.6892,29.4746],[-98.69,29.4738],[-98.6927,29.4732],[-98.6931,29.4768],[-98.6923,29.4777],[-98.6955,29.4795],[-98.6944,29.4811]]}},
{"type":"Feature","properties":{"kv":138,"owner":"AEP TEXAS CENTRAL CO.","status":"NOT AVAILABLE"},"geometry":{"type":"LineString","coordinates":[[-96.384,29.5786],[-96.3841,29.5719]]}},
{"type":"Feature","properties":{"kv":138,"owner":"ONCOR ELECTRIC DELIVERY CO.","status":"IN SERVICE"},"geometry":{"type":"LineString","coordinates":[[-97.8418,30.5857],[-97.8419,30.5859],[-97.847,30.5852],[-97.8905,30.571],[-97.9262,30.5324],[-97.9284,30.5281]]}},
{"type":"Feature","properties":{"kv":138,"owner":"ONCOR ELECTRIC DELIVERY CO.","status":"IN SERVICE"},"geometry":{"type":"LineString","coordinates":[[-96.2517,31.4234],[-96.247,31.4242]]}},
{"type":"Feature","properties":{"kv":138,"owner":"BANDERA ELECTRIC COOP, INC","status":"IN SERVICE"},"geometry":{"type":"LineString","coordinates":[[-98.5599,29.5029],[-98.5592,29.5032],[-98.5556,29.5016],[-98.554,29.502],[-98.5521,29.5006],[-98.5523,29.4994],[-98.5483,29.4951],[-98.5479,29.4939],[-98.5459,29.4927],[-98.5261,29.4929],[-98.5259,29.4935],[-98.5246,29.4937]]}},
{"type":"Feature","properties":{"kv":138,"owner":"BANDERA ELECTRIC COOP, INC","status":"NOT AVAILABLE"},"geometry":{"type":"LineString","coordinates":[[-98.3236,29.3102],[-98.3242,29.3081]]}},
{"type":"Feature","properties":{"kv":138,"owner":"BANDERA ELECTRIC COOP, INC","status":"IN SERVICE"},"geometry":{"type":"LineString","coordinates":[[-98.4547,29.3701],[-98.4549,29.3707],[-98.4589,29.3742],[-98.4605,29.3743],[-98.4607,29.3755],[-98.4731,29.3866],[-98.4783,29.3926],[-98.4795,29.3933],[-98.489,29.3945],[-98.4907,29.3975],[-98.4954,29.3992],[-98.4949,29.4005],[-98.4951,29.4055],[-98.4963,29.4095],[-98.5022,29.4119],[-98.5027,29.4125]]}},
{"type":"Feature","properties":{"kv":138,"owner":"BLUEBONNET ELECTRIC COOP, INC","status":"IN SERVICE"},"geometry":{"type":"LineString","coordinates":[[-97.9564,29.5943],[-97.9523,29.6105],[-97.9464,29.6375],[-97.9347,29.64],[-97.9441,29.7077],[-97.9491,29.7365],[-97.9493,29.7375],[-97.9501,29.7375]]}},
{"type":"Feature","properties":{"kv":138,"owner":"ONCOR ELECTRIC DELIVERY CO.","status":"NOT AVAILABLE"},"geometry":{"type":"LineString","coordinates":[[-96.9645,31.5747],[-96.9753,31.5739],[-96.9813,31.5674],[-96.9806,31.5271],[-96.9808,31.4979],[-96.9832,31.4712],[-96.9848,31.4681]]}},
{"type":"Feature","properties":{"kv":138,"owner":"ONCOR ELECTRIC DELIVERY CO.","status":"IN SERVICE"},"geometry":{"type":"LineString","coordinates":[[-97.2728,30.1477],[-97.2688,30.146]]}},
{"type":"Feature","properties":{"kv":138,"owner":"CITY OF SAN ANTONIO - (TX)","status":"IN SERVICE"},"geometry":{"type":"LineString","coordinates":[[-98.6124,29.7328],[-98.6124,29.7334],[-98.6118,29.7331],[-98.6117,29.7623],[-98.6054,29.7698],[-98.6035,29.7728],[-98.6017,29.7783],[-98.6004,29.785],[-98.5985,29.7876],[-98.5981,29.7906],[-98.595,29.7953],[-98.658,29.8016],[-98.6614,29.8024],[-98.7255,29.8058],[-98.7252,29.8044],[-98.7258,29.8042]]}},
{"type":"Feature","properties":{"kv":138,"owner":"NOT AVAILABLE","status":"NOT AVAILABLE"},"geometry":{"type":"LineString","coordinates":[[-97.8942,31.6151],[-97.894,31.62],[-97.8539,31.6345],[-97.8198,31.6668],[-97.77,31.6824],[-97.7395,31.6996],[-97.7381,31.7]]}},
{"type":"Feature","properties":{"kv":138,"owner":"PEDERNALES ELECTRIC COOP, INC","status":"IN SERVICE"},"geometry":{"type":"LineString","coordinates":[[-98.3856,30.7314],[-98.39,30.7328],[-98.3934,30.7352],[-98.4128,30.7456],[-98.4162,30.7494],[-98.4164,30.7501]]}},
{"type":"Feature","properties":{"kv":138,"owner":"CITY OF BRYAN - (TX)","status":"NOT AVAILABLE"},"geometry":{"type":"LineString","coordinates":[[-96.3724,30.6476],[-96.3746,30.6465]]}},
{"type":"Feature","properties":{"kv":138,"owner":"BANDERA ELECTRIC COOP, INC","status":"IN SERVICE"},"geometry":{"type":"LineString","coordinates":[[-98.4088,29.5806],[-98.4098,29.5811],[-98.4196,29.591],[-98.4327,29.6065],[-98.4658,29.6156],[-98.4694,29.6162],[-98.4697,29.6156]]}},
{"type":"Feature","properties":{"kv":138,"owner":"BLUEBONNET ELECTRIC COOP, INC","status":"IN SERVICE"},"geometry":{"type":"LineString","coordinates":[[-97.6612,29.8709],[-97.6609,29.8715],[-97.6615,29.8718],[-97.6646,29.8865],[-97.6631,29.8922],[-97.663,29.8936],[-97.6611,29.8934],[-97.5852,29.9396]]}},
{"type":"Feature","properties":{"kv":138,"owner":"ONCOR ELECTRIC DELIVERY CO.","status":"IN SERVICE"},"geometry":{"type":"LineString","coordinates":[[-97.6887,30.4332],[-97.6901,30.4334],[-97.6996,30.4382],[-97.7007,30.44],[-97.7025,30.4413],[-97.7116,30.4446],[-97.715,30.4463],[-97.7177,30.4483],[-97.7215,30.4544],[-97.7199,30.4711],[-97.7208,30.4727],[-97.7237,30.4751],[-97.7305,30.4767],[-97.7344,30.4766],[-97.7372,30.4764],[-97.7434,30.4746],[-97.7501,30.4738],[-97.7537,30.4745],[-97.7673,30.4795],[-97.77,30.4796],[-97.7807,30.479],[-97.7816,30.4795]]}},
{"type":"Feature","properties":{"kv":138,"owner":"MID-SOUTH ELECTRIC COOP ASSN","status":"IN SERVICE"},"geometry":{"type":"LineString","coordinates":[[-96.5218,30.3386],[-96.5157,30.341],[-96.4545,30.3074],[-96.2655,30.3424],[-96.2,30.359]]}},
{"type":"Feature","properties":{"kv":138,"owner":"BANDERA ELECTRIC COOP, INC","status":"IN SERVICE"},"geometry":{"type":"LineString","coordinates":[[-98.3827,29.258],[-98.3829,29.2585],[-98.3779,29.2739],[-98.3553,29.2936],[-98.3687,29.3],[-98.3791,29.3069],[-98.4007,29.3187],[-98.4086,29.3235],[-98.4322,29.3209],[-98.4406,29.3209],[-98.4461,29.3231],[-98.4498,29.3346]]}},
{"type":"Feature","properties":{"kv":138,"owner":"ONCOR ELECTRIC DELIVERY CO.","status":"NOT AVAILABLE"},"geometry":{"type":"LineString","coordinates":[[-97.7161,30.3436],[-97.7166,30.3435],[-97.7154,30.343],[-97.725,30.3278],[-97.7262,30.3284],[-97.727,30.3283]]}},
{"type":"Feature","properties":{"kv":138,"owner":"BANDERA ELECTRIC COOP, INC","status":"IN SERVICE"},"geometry":{"type":"LineString","coordinates":[[-98.5264,29.4668],[-98.5259,29.4672],[-98.5244,29.4671],[-98.5244,29.4794],[-98.5239,29.4808],[-98.5225,29.4809],[-98.5224,29.4928],[-98.5079,29.4927],[-98.5077,29.4984],[-98.5083,29.4987]]}},
{"type":"Feature","properties":{"kv":138,"owner":"ONCOR ELECTRIC DELIVERY CO.","status":"IN SERVICE"},"geometry":{"type":"LineString","coordinates":[[-97.8594,30.2338],[-97.859,30.2335],[-97.8582,30.2346],[-97.857,30.2327],[-97.8613,30.2282],[-97.8604,30.2274],[-97.8632,30.223],[-97.851,30.2171],[-97.852,30.2154],[-97.8568,30.2116],[-97.8621,30.206],[-97.8662,30.199],[-97.8557,30.1962],[-97.8579,30.1928],[-97.8481,30.1881],[-97.8482,30.1877]]}},
{"type":"Feature","properties":{"kv":345,"owner":"ONCOR ELECTRIC DELIVERY CO.","status":"IN SERVICE"},"geometry":{"type":"LineString","coordinates":[[-97.0002,31.7],[-96.9974,31.6785],[-96.994,31.6647],[-96.9886,31.638],[-96.9881,31.6299],[-96.9605,31.5866],[-96.9641,31.575],[-96.9645,31.5747]]}},
{"type":"Feature","properties":{"kv":138,"owner":"ONCOR ELECTRIC DELIVERY CO.","status":"NOT AVAILABLE"},"geometry":{"type":"LineString","coordinates":[[-96.6992,30.8737],[-96.7082,30.8665],[-96.7145,30.8689],[-96.7698,30.8743],[-96.8036,30.8805],[-96.8942,30.9011],[-96.9231,30.9124],[-96.9275,30.917]]}},
{"type":"Feature","properties":{"kv":138,"owner":"BLUEBONNET ELECTRIC COOP, INC","status":"IN SERVICE"},"geometry":{"type":"LineString","coordinates":[[-97.783,30.0738],[-97.7894,30.071]]}},
{"type":"Feature","properties":{"kv":138,"owner":"BLUEBONNET ELECTRIC COOP, INC","status":"IN SERVICE"},"geometry":{"type":"LineString","coordinates":[[-96.4255,30.1112],[-96.4253,30.1123],[-96.4248,30.1127],[-96.4243,30.1124],[-96.4234,30.1133],[-96.4048,30.1152],[-96.3765,30.1257],[-96.3739,30.1226]]}},
{"type":"Feature","properties":{"kv":138,"owner":"GUADALUPE VALLEY ELEC COOP INC","status":"IN SERVICE"},"geometry":{"type":"LineString","coordinates":[[-98.3664,29.6021],[-98.3329,29.6204]]}},
{"type":"Feature","properties":{"kv":138,"owner":"BANDERA ELECTRIC COOP, INC","status":"IN SERVICE"},"geometry":{"type":"LineString","coordinates":[[-98.9032,29.978],[-98.9032,29.9785],[-98.9378,29.9826],[-98.9485,29.9827],[-98.971,29.99],[-99.0,30.0009]]}},
{"type":"Feature","properties":{"kv":138,"owner":"KARNES ELECTRIC COOP INC","status":"NOT AVAILABLE"},"geometry":{"type":"LineString","coordinates":[[-98.6895,29.2],[-98.6894,29.203],[-98.6949,29.2029],[-98.6948,29.2115],[-98.6953,29.2137],[-98.6939,29.216],[-98.6935,29.2184],[-98.6934,29.233],[-98.6891,29.233],[-98.6798,29.2341],[-98.6625,29.2344],[-98.6628,29.241],[-98.653,29.2411],[-98.652,29.2417],[-98.6494,29.2421]]}},
{"type":"Feature","properties":{"kv":138,"owner":"BANDERA ELECTRIC COOP, INC","status":"IN SERVICE"},"geometry":{"type":"LineString","coordinates":[[-98.736,29.6178],[-98.7389,29.6182],[-98.7396,29.6356],[-98.7449,29.6463],[-98.7434,29.7049],[-98.7441,29.7108],[-98.744,29.7141],[-98.7469,29.7166],[-98.7473,29.7219],[-98.7489,29.7272],[-98.7622,29.7503],[-98.7554,29.753],[-98.7467,29.7532],[-98.7435,29.7565],[-98.7411,29.7569],[-98.7258,29.7569],[-98.7249,29.7599],[-98.7205,29.7623],[-98.7203,29.7629]]}},
{"type":"Feature","properties":{"kv":138,"owner":"BLUEBONNET ELECTRIC COOP, INC","status":"IN SERVICE"},"geometry":{"type":"LineString","coordinates":[[-97.783,30.0738],[-97.7816,30.0744],[-97.7825,30.1059],[-97.7712,30.1627],[-97.7798,30.1688],[-97.7796,30.1715],[-97.7825,30.1717],[-97.7843,30.1684],[-97.7854,30.1689],[-97.7876,30.1669],[-97.7934,30.1675],[-97.7949,30.1683],[-97.8017,30.174],[-97.8109,30.1738],[-97.8115,30.1736],[-97.8115,30.1722]]}},
{"type":"Feature","properties":{"kv":138,"owner":"AEP TEXAS CENTRAL CO.","status":"NOT AVAILABLE"},"geometry":{"type":"LineString","coordinates":[[-96.384,29.5786],[-96.3914,29.5777]]}},
{"type":"Feature","properties":{"kv":345,"owner":"ONCOR ELECTRIC DELIVERY CO.","status":"IN SERVICE"},"geometry":{"type":"LineString","coordinates":[[-97.0687,30.5683],[-97.0777,30.5783],[-97.092,30.5748],[-97.1269,30.5564],[-97.1495,30.5313],[-97.1686,30.5136],[-97.2491,30.4236],[-97.2892,30.3811],[-97.3384,30.335],[-97.3843,30.3049],[-97.3927,30.3024],[-97.4436,30.2771],[-97.4777,30.2673],[-97.4858,30.2544],[-97.4873,30.2513]]}},
{"type":"Feature","properties":{"kv":138,"owner":"BANDERA ELECTRIC COOP, INC","status":"IN SERVICE"},"geometry":{"type":"LineString","coordinates":[[-98.506,29.554],[-98.5132,29.5552],[-98.5161,29.5594],[-98.5183,29.5646],[-98.5212,29.5677],[-98.5314,29.5758],[-98.5335,29.5767],[-98.5381,29.5816],[-98.538,29.5837],[-98.5315,29.5899],[-98.5312,29.6178],[-98.5594,29.6179],[-98.5692,29.6173],[-98.5723,29.6179]]}},
{"type":"Feature","properties":{"kv":345,"owner":"GUADALUPE VALLEY ELEC COOP INC","status":"NOT AVAILABLE"},"geometry":{"type":"LineString","coordinates":[[-98.2237,29.2],[-98.2303,29.2179],[-98.2528,29.2677],[-98.2558,29.275],[-98.2764,29.3196],[-98.3175,29.3162],[-98.3204,29.3137],[-98.3204,29.3124]]}},
{"type":"Feature","properties":{"kv":138,"owner":"BANDERA ELECTRIC COOP, INC","status":"NOT AVAILABLE"},"geometry":{"type":"LineString","coordinates":[[-99.0,29.7558],[-98.9923,29.7536],[-98.9886,29.7501],[-98.9828,29.75],[-98.9403,29.7393],[-98.9281,29.732],[-98.9292,29.7195],[-98.9126,29.7179],[-98.9013,29.7151],[-98.8988,29.7154]]}},
{"type":"Feature","properties":{"kv":138,"owner":"ONCOR ELECTRIC DELIVERY CO.","status":"NOT AVAILABLE"},"geometry":{"type":"LineString","coordinates":[[-97.4042,31.0348],[-97.4374,31.0466],[-97.4393,31.0638],[-97.4404,31.064]]}},
{"type":"Feature","properties":{"kv":345,"owner":"NAVASOTA VALLEY ELEC COOP, INC","status":"IN SERVICE"},"geometry":{"type":"LineString","coordinates":[[-96.4844,31.1855],[-96.485,31.1877],[-96.4949,31.2018],[-96.5037,31.2078],[-96.5157,31.2186],[-96.5053,31.254],[-96.5089,31.2678],[-96.5157,31.2781],[-96.5087,31.2894],[-96.4907,31.2986],[-96.4623,31.3415],[-96.4455,31.3797],[-96.4456,31.3975],[-96.4439,31.4027],[-96.3089,31.3852],[-96.277,31.3835],[-96.2712,31.3755],[-96.2541,31.3656],[-96.2328,31.3794],[-96.2,31.3758]]}},
{"type":"Feature","properties":{"kv":138,"owner":"AEP TEXAS CENTRAL CO.","status":"IN SERVICE"},"geometry":{"type":"LineString","coordinates":[[-97.7256,29.7211],[-97.7228,29.7222],[-97.699,29.7156],[-97.6571,29.7005],[-97.6543,29.6985],[-97.6543,29.6975]]}},
{"type":"Feature","properties":{"kv":138,"owner":"BLUEBONNET ELECTRIC COOP, INC","status":"NOT AVAILABLE"},"geometry":{"type":"LineString","coordinates":[[-97.9901,29.7813],[-97.9901,29.783]]}},
{"type":"Feature","properties":{"kv":345,"owner":"BANDERA ELECTRIC COOP, INC","status":"IN SERVICE"},"geometry":{"type":"LineString","coordinates":[[-98.3843,29.2582],[-98.3853,29.2585],[-98.3846,29.2629],[-98.3867,29.2708],[-98.4228,29.2611],[-98.4592,29.2714],[-98.4639,29.2713],[-98.4729,29.2692],[-98.529,29.2702],[-98.5569,29.2719],[-98.5695,29.2791],[-98.5749,29.2811],[-98.6044,29.2853],[-98.6227,29.3035],[-98.6288,29.318],[-98.6419,29.3225],[-98.6441,29.3246],[-98.6978,29.3637],[-98.7104,29.3785],[-98.7106,29.3896],[-98.7203,29.3895],[-98.7199,29.415],[-98.7182,29.4161]]}},
{"type":"Feature","properties":{"kv":138,"owner":"BANDERA ELECTRIC COOP, INC","status":"NOT AVAILABLE"},"geometry":{"type":"LineString","coordinates":[[-98.6387,29.448],[-98.6324,29.4367],[-98.6303,29.4362],[-98.6072,29.436],[-98.5995,29.4349],[-98.5989,29.4348],[-98.5989,29.4351],[-98.5668,29.4321],[-98.5659,29.4402],[-98.5613,29.4398],[-98.5624,29.4317],[-98.5609,29.4398]]}},
{"type":"Feature","properties":{"kv":138,"owner":"GUADALUPE VALLEY ELEC COOP INC","status":"IN SERVICE"},"geometry":{"type":"LineString","coordinates":[[-98.2833,29.8525],[-98.2836,29.8526],[-98.2835,29.8517],[-98.2853,29.85],[-98.2856,29.8489],[-98.2896,29.8465],[-98.3301,29.8565],[-98.3456,29.8584],[-98.3531,29.8651],[-98.3591,29.8732],[-98.3626,29.8737],[-98.3654,29.8762],[-98.3731,29.8818],[-98.4079,29.913],[-98.4106,29.913],[-98.412,29.9141],[-98.4121,29.9215],[-98.4124,29.9223]]}},
{"type":"Feature","properties":{"kv":138,"owner":"ONCOR ELECTRIC DELIVERY CO.","status":"IN SERVICE"},"geometry":{"type":"LineString","coordinates":[[-97.8382,30.5484],[-97.8384,30.5488],[-97.8377,30.5491],[-97.8312,30.5511],[-97.8353,30.5609],[-97.8325,30.5618],[-97.8421,30.5853],[-97.8418,30.5857]]}},
{"type":"Feature","properties":{"kv":138,"owner":"BLUEBONNET ELECTRIC COOP, INC","status":"IN SERVICE"},"geometry":{"type":"LineString","coordinates":[[-98.0496,29.5885],[-98.0503,29.5891],[-98.1281,29.5727],[-98.1386,29.5656],[-98.1955,29.5586],[-98.2082,29.578],[-98.2077,29.5782]]}},
{"type":"Feature","properties":{"kv":138,"owner":"ONCOR ELECTRIC DELIVERY CO.","status":"IN SERVICE"},"geometry":{"type":"LineString","coordinates":[[-97.7198,30.251],[-97.72,30.2505]]}},
{"type":"Feature","properties":{"kv":138,"owner":"ONCOR ELECTRIC DELIVERY CO.","status":"IN SERVICE"},"geometry":{"type":"LineString","coordinates":[[-97.8509,30.6345],[-97.8429,30.5953],[-97.8424,30.5861],[-97.8418,30.5857]]}},
{"type":"Feature","properties":{"kv":138,"owner":"ONCOR ELECTRIC DELIVERY CO.","status":"NOT AVAILABLE"},"geometry":{"type":"LineString","coordinates":[[-97.0671,30.5668],[-97.064,30.5659]]}},
{"type":"Feature","properties":{"kv":138,"owner":"ONCOR ELECTRIC DELIVERY CO.","status":"IN SERVICE"},"geometry":{"type":"LineString","coordinates":[[-97.8946,30.18],[-97.8948,30.1795],[-97.8893,30.1756],[-97.8864,30.1724],[-97.8862,30.1714],[-97.8805,30.1619],[-97.882,30.1615],[-97.8808,30.1595],[-97.877,30.1539],[-97.8759,30.1547],[-97.8677,30.1457],[-97.8647,30.1382],[-97.8614,30.1335],[-97.8551,30.1326],[-97.8517,30.1356],[-97.8508,30.1351],[-97.8504,30.1353]]}},
{"type":"Feature","properties":{"kv":138,"owner":"CITY OF BRYAN - (TX)","status":"NOT AVAILABLE"},"geometry":{"type":"LineString","coordinates":[[-96.6259,30.8841],[-96.6274,30.8882],[-96.6278,30.8928],[-96.6194,30.8976],[-96.6104,30.8853],[-96.6158,30.8756],[-96.6146,30.8665],[-96.6073,30.8619]]}},
{"type":"Feature","properties":{"kv":138,"owner":"ONCOR ELECTRIC DELIVERY CO.","status":"IN SERVICE"},"geometry":{"type":"LineString","coordinates":[[-97.6831,30.3622],[-97.6839,30.3615],[-97.6865,30.3573],[-97.6846,30.3559],[-97.6862,30.3541],[-97.687,30.3523],[-97.6863,30.3465],[-97.6864,30.3396]]}},
{"type":"Feature","properties":{"kv":138,"owner":"BANDERA ELECTRIC COOP, INC","status":"IN SERVICE"},"geometry":{"type":"LineString","coordinates":[[-98.8042,29.2507],[-98.7549,29.2388],[-98.6494,29.2421]]}},
{"type":"Feature","properties":{"kv":138,"owner":"BLUEBONNET ELECTRIC COOP, INC","status":"IN SERVICE"},"geometry":{"type":"LineString","coordinates":[[-96.3739,30.1226],[-96.3737,30.1229],[-96.3746,30.124],[-96.366,30.1255],[-96.3227,30.1241],[-96.3283,30.1502],[-96.3497,30.1675],[-96.3561,30.176],[-96.363,30.1772],[-96.3694,30.1769],[-96.3766,30.1807],[-96.3805,30.1811],[-96.3818,30.1818]]}},
{"type":"Feature","properties":{"kv":138,"owner":"BANDERA ELECTRIC COOP, INC","status":"NOT AVAILABLE"},"geometry":{"type":"LineString","coordinates":[[-98.408,29.5039],[-98.4167,29.5126],[-98.4176,29.5154],[-98.4178,29.5279],[-98.4185,29.5293]]}},
{"type":"Feature","properties":{"kv":138,"owner":"ONCOR ELECTRIC DELIVERY CO.","status":"IN SERVICE"},"geometry":{"type":"LineString","coordinates":[[-97.6077,30.8023],[-97.6107,30.7962]]}},
{"type":"Feature","properties":{"kv":138,"owner":"ONCOR ELECTRIC DELIVERY CO.","status":"IN SERVICE"},"geometry":{"type":"LineString","coordinates":[[-97.8239,30.4869],[-97.8305,30.5201]]}},
{"type":"Feature","properties":{"kv":345,"owner":"ONCOR ELECTRIC DELIVERY COMPANY LLC","status":"IN SERVICE"},"geometry":{"type":"LineString","coordinates":[[-99.0,31.5426],[-98.9821,31.5425],[-98.9676,31.5553],[-98.9522,31.5424],[-98.9348,31.5433],[-98.9275,31.5498],[-98.9213,31.5447],[-98.9146,31.5507],[-98.8696,31.5807],[-98.8584,31.5806],[-98.8248,31.5745],[-98.8175,31.5809],[-98.8129,31.5822],[-98.7869,31.5824],[-98.7841,31.575],[-98.777,31.5731],[-98.776,31.5673],[-98.7759,31.562],[-98.772,31.5595],[-98.7721,31.5479],[-98.7343,31.5481],[-98.7307,31.5443],[-98.7159,31.5443],[-98.677,31.5117],[-98.6602,31.4987],[-98.6079,31.4613],[-98.6079,31.4504],[-98.6024,31.4486],[-98.5901,31.4488],[-98.5696,31.4317],[-98.5659,31.4321],[-98.5584,31.4295],[-98.5471,31.4266],[-98.5372,31.4269],[-98.5336,31.4218],[-98.5184,31.4175],[-98.393,31.4123],[-98.3922,31.4108],[-98.3892,31.4093],[-98.3837,31.4054],[-98.3764,31.3878],[-98.36,31.387],[-98.3503,31.3794],[-98.3447,31.3662],[-98.3411,31.3425],[-98.3396,31.3366],[-98.3448,31.3315],[-98.3359,31.3185],[-98.323,31.3118],[-98.3209,31.3081],[-98.3191,31.3005],[-98.3196,31.2978],[-98.319,31.2918],[-98.3173,31.2871],[-98.3157,31.2846],[-98.3155,31.2811],[-98.3134,31.2785],[-98.3105,31.273],[-98.3057,31.2625],[-98.3061,31.2528],[-98.3026,31.2513],[-98.2918,31.2429],[-98.2565,31.2114],[-98.2552,31.2083],[-98.2527,31.2073],[-98.2272,31.1868],[-98.2046,31.1668],[-98.2058,31.1624],[-98.2064,31.1584],[-98.2059,31.1465],[-98.1838,31.1447],[-98.1763,31.1432],[-98.1667,31.1407],[-98.1678,31.1187],[-98.1715,31.1083],[-98.1712,31.1066],[-98.1773,31.0887],[-98.1751,31.0846],[-98.169,31.0824],[-98.1615,31.0792],[-98.1443,31.0801],[-98.1402,31.0788],[-98.1341,31.0807],[-98.095,31.083],[-98.0302,31.0958],[-98.0164,31.0886],[-98.0136,31.086],[-98.0116,31.0815],[-98.0057,31.0751],[-98.0037,31.0757],[-98.0014,31.0736],[-97.9971,31.0715],[-97.9953,31.0698],[-97.9924,31.0626],[-97.9849,31.0649],[-97.9842,31.0624],[-97.9731,31.0658],[-97.9681,31.0533],[-97.9654,31.0509],[-97.9588,31.0352],[-97.9377,31.0418],[-97.9345,31.0414],[-97.9214,31.0454],[-97.916,31.048],[-97.913,31.0489],[-97.9104,31.0476],[-97.9085,31.0456],[-97.8964,31.0456],[-97.8932,31.0466],[-97.8839,31.0468],[-97.8679,31.0519],[-97.8638,31.042],[-97.857,31.044],[-97.8558,31.0413],[-97.8503,31.0374],[-97.8483,31.035],[-97.8379,31.0105],[-97.8288,31.0134],[-97.8223,30.9974],[-97.8025,30.9967],[-97.8,30.9911],[-97.7989,30.9896],[-97.7989,30.9878],[-97.7977,30.985],[-97.7923,30.9852],[-97.7867,30.9871],[-97.7754,30.9881],[-97.7712,30.9863],[-97.7667,30.9854],[-97.762,30.9903],[-97.7539,30.9933],[-97.7522,30.997],[-97.7493,30.9981],[-97.7459,30.9994],[-97.7363,31.0018],[-97.7332,31.0019],[-97.7298,31.0014],[-97.7258,31.0013],[-97.7204,31.0031],[-97.718,31.0053],[-97.7245,31.0209],[-97.7171,31.0232],[-97.7231,31.0381],[-97.723,31.039]]}},
{"type":"Feature","properties":{"kv":138,"owner":"ONCOR ELECTRIC DELIVERY CO.","status":"IN SERVICE"},"geometry":{"type":"LineString","coordinates":[[-98.3926,30.6885],[-98.392,30.6883],[-98.3937,30.6781],[-98.418,30.65],[-98.416,30.6439],[-98.4149,30.6425],[-98.4111,30.6299],[-98.3799,30.6099]]}},
{"type":"Feature","properties":{"kv":138,"owner":"BLUEBONNET ELECTRIC COOP, INC","status":"NOT AVAILABLE"},"geometry":{"type":"LineString","coordinates":[[-98.1568,30.2028],[-98.1565,30.203],[-98.0926,30.1772],[-98.0891,30.1749],[-98.0866,30.1747],[-98.0837,30.1738]]}},
{"type":"Feature","properties":{"kv":138,"owner":"ONCOR ELECTRIC DELIVERY CO.","status":"IN SERVICE"},"geometry":{"type":"LineString","coordinates":[[-97.6891,30.4461],[-97.6887,30.4471],[-97.6912,30.46]]}},
{"type":"Feature","properties":{"kv":138,"owner":"ONCOR ELECTRIC DELIVERY CO.","status":"NOT AVAILABLE"},"geometry":{"type":"LineString","coordinates":[[-97.8687,30.243],[-97.8688,30.2423],[-97.8683,30.2422]]}},
{"type":"Feature","properties":{"kv":138,"owner":"ONCOR ELECTRIC DELIVERY CO.","status":"IN SERVICE"},"geometry":{"type":"LineString","coordinates":[[-97.6893,30.3939],[-97.69,30.3932],[-97.6908,30.3931],[-97.7238,30.3982]]}},
{"type":"Feature","properties":{"kv":138,"owner":"BANDERA ELECTRIC COOP, INC","status":"IN SERVICE"},"geometry":{"type":"LineString","coordinates":[[-98.6621,29.4149],[-98.6614,29.415],[-98.6614,29.4176],[-98.6681,29.4412],[-98.6666,29.4422],[-98.6414,29.4519],[-98.6401,29.4494]]}},
{"type":"Feature","properties":{"kv":138,"owner":"ONCOR ELECTRIC DELIVERY CO.","status":"NOT AVAILABLE"},"geometry":{"type":"LineString","coordinates":[[-97.2688,30.146],[-97.2706,30.1455]]}},
{"type":"Feature","properties":{"kv":138,"owner":"ONCOR ELECTRIC DELIVERY CO.","status":"IN SERVICE"},"geometry":{"type":"LineString","coordinates":[[-97.79,30.2158],[-97.7929,30.2241],[-97.8043,30.2469],[-97.8195,30.2661]]}},
{"type":"Feature","properties":{"kv":345,"owner":"ONCOR ELECTRIC DELIVERY CO.","status":"IN SERVICE"},"geometry":{"type":"LineString","coordinates":[[-96.9607,31.4735],[-96.9572,31.4744]]}},
{"type":"Feature","properties":{"kv":345,"owner":"ONCOR ELECTRIC DELIVERY COMPANY LLC","status":"NOT AVAILABLE"},"geometry":{"type":"LineString","coordinates":[[-99.0,31.5425],[-98.9821,31.5424],[-98.9676,31.5552],[-98.9523,31.5423],[-98.9348,31.5432],[-98.9275,31.5497],[-98.9213,31.5445],[-98.9146,31.5506],[-98.8696,31.5806],[-98.8584,31.5805],[-98.8247,31.5744],[-98.8175,31.5809],[-98.8129,31.5821],[-98.7869,31.5823],[-98.7842,31.5749],[-98.7771,31.573],[-98.7761,31.5673],[-98.776,31.5619],[-98.7721,31.5594],[-98.7722,31.5478],[-98.7343,31.548],[-98.7307,31.5442],[-98.7159,31.5442],[-98.6771,31.5117],[-98.6603,31.4986],[-98.608,31.4613],[-98.608,31.4503],[-98.6024,31.4485],[-98.5901,31.4487],[-98.5694,31.4316],[-98.566,31.432],[-98.5585,31.4294],[-98.5471,31.4265],[-98.5372,31.4268],[-98.5336,31.4217],[-98.5184,31.4174],[-98.3931,31.4122],[-98.3922,31.4108],[-98.3893,31.4092],[-98.3838,31.4054],[-98.3765,31.3877],[-98.3601,31.3869],[-98.3504,31.3794],[-98.3448,31.3662],[-98.3412,31.3425],[-98.3397,31.3366],[-98.345,31.3315],[-98.336,31.3184],[-98.323,31.3117],[-98.321,31.3081],[-98.3192,31.3005],[-98.3197,31.2978],[-98.3191,31.2918],[-98.3174,31.2871],[-98.3158,31.2845],[-98.3156,31.281],[-98.3135,31.2785],[-98.3106,31.273],[-98.3058,31.2624],[-98.3062,31.2528],[-98.3026,31.2512],[-98.2919,31.2428],[-98.2566,31.2113],[-98.2553,31.2082],[-98.2527,31.2072],[-98.2273,31.1867],[-98.2047,31.1668],[-98.2059,31.1624],[-98.2065,31.1584],[-98.206,31.1464],[-98.1839,31.1446],[-98.1763,31.1431],[-98.1668,31.1406],[-98.1679,31.1187],[-98.1716,31.1083],[-98.1713,31.1067],[-98.1774,31.0887],[-98.1751,31.0845],[-98.1691,31.0824],[-98.1618,31.0792],[-98.1443,31.08],[-98.1402,31.0787],[-98.1341,31.0806],[-98.095,31.0829],[-98.0302,31.0956],[-98.0165,31.0886],[-98.0137,31.086],[-98.0117,31.0814],[-98.0057,31.075],[-98.0037,31.0756],[-98.0014,31.0736],[-97.9972,31.0714],[-97.9953,31.0697],[-97.9924,31.0625],[-97.9849,31.0648],[-97.9842,31.0623],[-97.9731,31.0657],[-97.9682,31.0532],[-97.9655,31.0509],[-97.9589,31.0351],[-97.9377,31.0417],[-97.9344,31.0413],[-97.9214,31.0453],[-97.916,31.0479],[-97.9127,31.0487],[-97.9104,31.0475],[-97.9085,31.0455],[-97.8963,31.0455],[-97.8932,31.0465],[-97.8839,31.0467],[-97.868,31.0518],[-97.8638,31.0419],[-97.8571,31.0438],[-97.8559,31.0412],[-97.8504,31.0374],[-97.8484,31.035],[-97.8379,31.0103],[-97.8288,31.0132],[-97.8223,30.9973],[-97.8025,30.9966],[-97.8001,30.9911],[-97.799,30.9896],[-97.799,30.9878],[-97.7978,30.9849],[-97.7922,30.9851],[-97.7867,30.987],[-97.7754,30.988],[-97.7712,30.9862],[-97.7667,30.9853],[-97.7619,30.9903],[-97.7538,30.9932],[-97.7521,30.9969],[-97.7492,30.998],[-97.7459,30.9993],[-97.7363,31.0017],[-97.7332,31.0018],[-97.7298,31.0013],[-97.7258,31.0012],[-97.7203,31.003],[-97.7179,31.0053],[-97.7243,31.0209],[-97.7172,31.0231],[-97.723,31.0381],[-97.723,31.039]]}},
{"type":"Feature","properties":{"kv":138,"owner":"ONCOR ELECTRIC DELIVERY CO.","status":"IN SERVICE"},"geometry":{"type":"LineString","coordinates":[[-97.7691,30.1862],[-97.7681,30.187],[-97.7679,30.1894],[-97.7655,30.1887],[-97.7621,30.1933],[-97.7624,30.1947],[-97.7589,30.1975],[-97.7573,30.1962],[-97.7549,30.2],[-97.7546,30.2025],[-97.7493,30.211],[-97.7421,30.2076],[-97.7378,30.2143],[-97.7369,30.2143],[-97.7367,30.2147]]}},
{"type":"Feature","properties":{"kv":138,"owner":"ONCOR ELECTRIC DELIVERY CO.","status":"NOT AVAILABLE"},"geometry":{"type":"LineString","coordinates":[[-97.72,30.2505],[-97.7211,30.2499]]}},
{"type":"Feature","properties":{"kv":138,"owner":"ONCOR ELECTRIC DELIVERY CO.","status":"IN SERVICE"},"geometry":{"type":"LineString","coordinates":[[-97.6142,30.305],[-97.6126,30.304]]}},
{"type":"Feature","properties":{"kv":115,"owner":"ONCOR ELECTRIC DELIVERY CO.","status":"IN SERVICE"},"geometry":{"type":"LineString","coordinates":[[-97.3042,31.6711],[-97.3046,31.6707],[-97.3173,31.6891],[-97.3275,31.6901],[-97.3379,31.6848],[-97.3564,31.6867],[-97.3747,31.6873]]}},
{"type":"Feature","properties":{"kv":138,"owner":"BANDERA ELECTRIC COOP, INC","status":"IN SERVICE"},"geometry":{"type":"LineString","coordinates":[[-98.5664,29.5715],[-98.5667,29.5718],[-98.567,29.5709],[-98.5758,29.5636],[-98.5834,29.5556],[-98.5897,29.5559],[-98.5881,29.5494],[-98.5881,29.5445],[-98.5859,29.544],[-98.5809,29.5319],[-98.5757,29.5208]]}},
{"type":"Feature","properties":{"kv":138,"owner":"ONCOR ELECTRIC DELIVERY CO.","status":"IN SERVICE"},"geometry":{"type":"LineString","coordinates":[[-97.5355,30.357],[-97.5351,30.3576],[-97.5089,30.3498],[-97.5093,30.3495]]}},
{"type":"Feature","properties":{"kv":138,"owner":"BANDERA ELECTRIC COOP, INC","status":"IN SERVICE"},"geometry":{"type":"LineString","coordinates":[[-98.3222,29.2702],[-98.3236,29.3102]]}},
{"type":"Feature","properties":{"kv":138,"owner":"ONCOR ELECTRIC DELIVERY CO.","status":"IN SERVICE"},"geometry":{"type":"LineString","coordinates":[[-97.7548,30.3356],[-97.7551,30.335],[-97.7545,30.3348],[-97.754,30.3355],[-97.7511,30.3343],[-97.7503,30.3343],[-97.746,30.3359],[-97.7401,30.3347],[-97.7273,30.3287],[-97.727,30.3283]]}},
{"type":"Feature","properties":{"kv":345,"owner":"BLUEBONNET ELECTRIC COOP, INC","status":"NOT AVAILABLE"},"geometry":{"type":"LineString","coordinates":[[-97.1059,29.678],[-97.1055,29.6783],[-97.0983,29.6775],[-97.0802,29.7024],[-97.0531,29.781],[-97.0259,29.886],[-97.0234,29.9003],[-97.012,29.9441]]}},
{"type":"Feature","properties":{"kv":138,"owner":"BANDERA ELECTRIC COOP, INC","status":"IN SERVICE"},"geometry":{"type":"LineString","coordinates":[[-98.4697,29.6156],[-98.4698,29.6162],[-98.4721,29.6166],[-98.4924,29.6174],[-98.4953,29.6185],[-98.5104,29.618],[-98.5595,29.6181],[-98.5707,29.6174],[-98.5708,29.6179],[-98.5723,29.6179]]}},
{"type":"Feature","properties":{"kv":138,"owner":"BANDERA ELECTRIC COOP, INC","status":"IN SERVICE"},"geometry":{"type":"LineString","coordinates":[[-98.3967,29.4271],[-98.3926,29.4589],[-98.3927,29.4649],[-98.3924,29.4653]]}},
{"type":"Feature","properties":{"kv":138,"owner":"ONCOR ELECTRIC DELIVERY CO.","status":"IN SERVICE"},"geometry":{"type":"LineString","coordinates":[[-97.7691,30.1862],[-97.7694,30.1867],[-97.7828,30.1933],[-97.79,30.2158]]}},
{"type":"Feature","properties":{"kv":138,"owner":"BLUEBONNET ELECTRIC COOP, INC","status":"NOT AVAILABLE"},"geometry":{"type":"LineString","coordinates":[[-97.7472,29.6956],[-97.7468,29.6952],[-97.7482,29.6935],[-97.7441,29.6894],[-97.7601,29.6772],[-97.9346,29.64],[-97.944,29.7077],[-97.9469,29.7252],[-97.9517,29.7499],[-97.9553,29.7547],[-97.95,29.7694],[-97.9501,29.77],[-97.9514,29.7718],[-97.9509,29.7733],[-97.9495,29.7726]]}},
{"type":"Feature","properties":{"kv":138,"owner":"ONCOR ELECTRIC DELIVERY CO.","status":"IN SERVICE"},"geometry":{"type":"LineString","coordinates":[[-97.6871,30.2034],[-97.6867,30.2033],[-97.6824,30.1635],[-97.6817,30.1629]]}},
{"type":"Feature","properties":{"kv":138,"owner":"BLUEBONNET ELECTRIC COOP, INC","status":"NOT AVAILABLE"},"geometry":{"type":"LineString","coordinates":[[-98.2899,29.5827],[-98.2901,29.5822],[-98.2876,29.5799],[-98.2871,29.5766],[-98.2853,29.5741],[-98.2863,29.5705],[-98.2844,29.5673],[-98.2784,29.5668],[-98.2777,29.5656],[-98.2717,29.5686],[-98.2672,29.5677],[-98.2642,29.5661],[-98.2633,29.5665],[-98.2615,29.5636]]}},
{"type":"Feature","properties":{"kv":138,"owner":"ONCOR ELECTRIC DELIVERY CO.","status":"NOT AVAILABLE"},"geometry":{"type":"LineString","coordinates":[[-97.685,30.2873],[-97.6888,30.2887],[-97.6898,30.2895],[-97.6895,30.29]]}},
{"type":"Feature","properties":{"kv":138,"owner":"BLUEBONNET ELECTRIC COOP, INC","status":"IN SERVICE"},"geometry":{"type":"LineString","coordinates":[[-96.6139,29.9502],[-96.6575,29.9541],[-96.6878,29.9628]]}},
{"type":"Feature","properties":{"kv":138,"owner":"ONCOR ELECTRIC DELIVERY CO.","status":"NOT AVAILABLE"},"geometry":{"type":"LineString","coordinates":[[-97.7583,30.3106],[-97.7586,30.3103],[-97.7575,30.3069],[-97.7581,30.3031],[-97.7576,30.2996],[-97.7584,30.2966],[-97.7594,30.2958],[-97.7597,30.2948],[-97.7589,30.2947],[-97.7591,30.2935],[-97.7605,30.2905],[-97.7666,30.2797],[-97.7671,30.277],[-97.766,30.2744],[-97.7638,30.2723],[-97.7558,30.2688],[-97.7548,30.2687],[-97.7517,30.2676],[-97.7512,30.2672],[-97.7514,30.2668]]}},
{"type":"Feature","properties":{"kv":138,"owner":"NOT AVAILABLE","status":"IN SERVICE"},"geometry":{"type":"LineString","coordinates":[[-96.5245,31.1667],[-96.5305,31.1908],[-96.5342,31.1971],[-96.5761,31.2604],[-96.5877,31.2787],[-96.6005,31.3001]]}},
{"type":"Feature","properties":{"kv":138,"owner":"ONCOR ELECTRIC DELIVERY CO.","status":"IN SERVICE"},"geometry":{"type":"LineString","coordinates":[[-97.685,30.3131],[-97.685,30.2873]]}},
{"type":"Feature","properties":{"kv":138,"owner":"NOT AVAILABLE","status":"IN SERVICE"},"geometry":{"type":"LineString","coordinates":[[-96.2044,30.4729],[-96.2205,30.4761],[-96.2262,30.4759],[-96.253,30.5],[-96.2528,30.5008]]}},
{"type":"Feature","properties":{"kv":138,"owner":"BANDERA ELECTRIC COOP, INC","status":"IN SERVICE"},"geometry":{"type":"LineString","coordinates":[[-98.7258,29.8042],[-98.7256,29.8059],[-98.6898,29.804],[-98.7255,29.8571],[-98.7465,29.8687],[-98.7602,29.8869],[-98.7606,29.8868]]}},
{"type":"Feature","properties":{"kv":138,"owner":"ENTERGY TEXAS INC.","status":"IN SERVICE"},"geometry":{"type":"LineString","coordinates":[[-96.2,30.0846],[-96.2149,30.0881],[-96.256,30.1013],[-96.3148,30.1239],[-96.3227,30.1241],[-96.3255,30.1384]]}},
{"type":"Feature","properties":{"kv":345,"owner":"ONCOR ELECTRIC DELIVERY CO.","status":"IN SERVICE"},"geometry":{"type":"LineString","coordinates":[[-97.3078,31.0791],[-97.3094,31.0755],[-97.3068,31.072],[-97.3117,31.0586],[-97.313,31.0563]]}},
{"type":"Feature","properties":{"kv":138,"owner":"ONCOR ELECTRIC DELIVERY CO.","status":"IN SERVICE"},"geometry":{"type":"LineString","coordinates":[[-97.6871,30.6325],[-97.692,30.6438],[-97.6896,30.6485]]}},
{"type":"Feature","properties":{"kv":138,"owner":"ONCOR ELECTRIC DELIVERY CO.","status":"NOT AVAILABLE"},"geometry":{"type":"LineString","coordinates":[[-97.2611,31.1296],[-97.2625,31.1287],[-97.286,31.135],[-97.2867,31.1333],[-97.2926,31.1333],[-97.2954,31.134],[-97.2968,31.1303],[-97.3018,31.1296],[-97.3168,31.1334],[-97.3188,31.1316],[-97.3179,31.1287],[-97.319,31.128],[-97.319,31.1265],[-97.33,31.1302],[-97.33,31.1309]]}},
{"type":"Feature","properties":{"kv":138,"owner":"BANDERA ELECTRIC COOP, INC","status":"NOT AVAILABLE"},"geometry":{"type":"LineString","coordinates":[[-98.3843,29.2582],[-98.3841,29.257]]}},
{"type":"Feature","properties":{"kv":138,"owner":"ONCOR ELECTRIC DELIVERY CO.","status":"IN SERVICE"},"geometry":{"type":"LineString","coordinates":[[-97.6891,30.4461],[-97.6882,30.4472],[-97.6883,30.4485],[-97.6899,30.4586],[-97.6949,30.4801],[-97.7008,30.5105],[-97.7014,30.521],[-97.7022,30.5212]]}},
{"type":"Feature","properties":{"kv":138,"owner":"BANDERA ELECTRIC COOP, INC","status":"IN SERVICE"},"geometry":{"type":"LineString","coordinates":[[-98.7182,29.4161],[-98.7166,29.416],[-98.7167,29.4174],[-98.7198,29.4174],[-98.7188,29.4837],[-98.7182,29.4835],[-98.7184,29.4838]]}},
{"type":"Feature","properties":{"kv":138,"owner":"BANDERA ELECTRIC COOP, INC","status":"NOT AVAILABLE"},"geometry":{"type":"LineString","coordinates":[[-98.5398,29.3677],[-98.5394,29.3633],[-98.5254,29.3631],[-98.4958,29.3633]]}},
{"type":"Feature","properties":{"kv":138,"owner":"ONCOR ELECTRIC DELIVERY CO.","status":"NOT AVAILABLE"},"geometry":{"type":"LineString","coordinates":[[-97.754,30.338],[-97.7548,30.3356]]}},
{"type":"Feature","properties":{"kv":138,"owner":"CITY OF BRYAN - (TX)","status":"IN SERVICE"},"geometry":{"type":"LineString","coordinates":[[-96.2666,30.5726],[-96.2546,30.5847],[-96.2928,30.6279],[-96.294,30.6268],[-96.2946,30.6274],[-96.2943,30.6277]]}},
{"type":"Feature","properties":{"kv":138,"owner":"ONCOR ELECTRIC DELIVERY CO.","status":"NOT AVAILABLE"},"geometry":{"type":"LineString","coordinates":[[-97.2129,31.3553],[-97.2125,31.3549],[-97.2227,31.3449],[-97.2247,31.3377],[-97.227,31.3333],[-97.2281,31.3287],[-97.2338,31.3222],[-97.2335,31.3212],[-97.2383,31.3174],[-97.2419,31.3116],[-97.243,31.3116],[-97.2479,31.3059],[-97.253,31.3036],[-97.2544,31.3026],[-97.2594,31.2936],[-97.2586,31.2923],[-97.2604,31.2918]]}},
{"type":"Feature","properties":{"kv":138,"owner":"ONCOR ELECTRIC DELIVERY CO.","status":"IN SERVICE"},"geometry":{"type":"LineString","coordinates":[[-97.685,30.2873],[-97.685,30.2792],[-97.6854,30.2784],[-97.6867,30.2659],[-97.688,30.2658],[-97.6872,30.2653]]}},
{"type":"Feature","properties":{"kv":138,"owner":"AEP TEXAS CENTRAL CO.","status":"NOT AVAILABLE"},"geometry":{"type":"LineString","coordinates":[[-96.44,29.5272],[-96.4653,29.5146],[-96.4652,29.5144]]}},
{"type":"Feature","properties":{"kv":138,"owner":"PEDERNALES ELECTRIC COOP, INC","status":"IN SERVICE"},"geometry":{"type":"LineString","coordinates":[[-98.4164,30.7501],[-98.4177,30.7507]]}},
{"type":"Feature","properties":{"kv":138,"owner":"BLUEBONNET ELECTRIC COOP, INC","status":"IN SERVICE"},"geometry":{"type":"LineString","coordinates":[[-97.1581,30.0206],[-97.1572,30.021],[-97.1584,30.0764],[-97.1216,30.0763],[-97.0238,30.052],[-97.0022,30.0475],[-96.9966,30.0458],[-96.9959,30.0467],[-96.9858,30.0445],[-96.9865,30.0444]]}},
{"type":"Feature","properties":{"kv":138,"owner":"ONCOR ELECTRIC DELIVERY CO.","status":"IN SERVICE"},"geometry":{"type":"LineString","coordinates":[[-97.5809,30.3713],[-97.5979,30.3757],[-97.6883,30.3925],[-97.6884,30.3934],[-97.6893,30.3939]]}},
{"type":"Feature","properties":{"kv":115,"owner":"ONCOR ELECTRIC DELIVERY CO.","status":"IN SERVICE"},"geometry":{"type":"LineString","coordinates":[[-96.2128,31.6954],[-96.2396,31.6814]]}},
{"type":"Feature","properties":{"kv":138,"owner":"ONCOR ELECTRIC DELIVERY CO.","status":"IN SERVICE"},"geometry":{"type":"LineString","coordinates":[[-97.7214,30.2494],[-97.7215,30.2499],[-97.7211,30.2499]]}},
{"type":"Feature","properties":{"kv":138,"owner":"BLUEBONNET ELECTRIC COOP, INC","status":"IN SERVICE"},"geometry":{"type":"LineString","coordinates":[[-96.4255,30.1112],[-96.4256,30.1124],[-96.4251,30.113],[-96.4231,30.1273],[-96.4203,30.1315],[-96.4236,30.1458],[-96.4229,30.1481]]}},
{"type":"Feature","properties":{"kv":138,"owner":"PEDERNALES ELECTRIC COOP, INC","status":"IN SERVICE"},"geometry":{"type":"LineString","coordinates":[[-98.3856,30.7314],[-98.3928,30.7365],[-98.39,30.7426],[-98.391,30.7436],[-98.3952,30.7446],[-98.3986,30.7459],[-98.4129,30.7462],[-98.4164,30.7501]]}},
{"type":"Feature","properties":{"kv":138,"owner":"BLUEBONNET ELECTRIC COOP, INC","status":"IN SERVICE"},"geometry":{"type":"LineString","coordinates":[[-97.9556,29.7971],[-97.9557,29.7968],[-97.9576,29.7968],[-97.9578,29.82],[-97.9648,29.8259],[-97.9648,29.8265]]}},
{"type":"Feature","properties":{"kv":138,"owner":"GUADALUPE VALLEY ELEC COOP INC","status":"IN SERVICE"},"geometry":{"type":"LineString","coordinates":[[-98.1779,29.6771],[-98.1808,29.675]]}},
{"type":"Feature","properties":{"kv":138,"owner":"ONCOR ELECTRIC DELIVERY CO.","status":"IN SERVICE"},"geometry":{"type":"LineString","coordinates":[[-97.5999,30.4541],[-97.5995,30.4537],[-97.5984,30.4538],[-97.5799,30.4441],[-97.5792,30.4426],[-97.5792,30.4405],[-97.5779,30.4389],[-97.5829,30.4309],[-97.5771,30.4282],[-97.5813,30.4215],[-97.5822,30.4207],[-97.5845,30.4171],[-97.5838,30.4141],[-97.5843,30.4127],[-97.5837,30.4103],[-97.5822,30.4096],[-97.5741,30.4099]]}},
{"type":"Feature","properties":{"kv":138,"owner":"BANDERA ELECTRIC COOP, INC","status":"IN SERVICE"},"geometry":{"type":"LineString","coordinates":[[-98.5609,29.4398],[-98.5605,29.4394],[-98.5607,29.4372],[-98.5576,29.4367],[-98.5444,29.4355],[-98.5444,29.4359],[-98.5193,29.4337],[-98.5188,29.438],[-98.5067,29.4369],[-98.5067,29.4373]]}},
{"type":"Feature","properties":{"kv":138,"owner":"AEP TEXAS CENTRAL COMPANY","status":"IN SERVICE"},"geometry":{"type":"LineString","coordinates":[[-97.7248,29.2],[-97.721,29.2092],[-97.7294,29.2414],[-97.7347,29.2657],[-97.744,29.2788],[-97.7439,29.2798]]}},
{"type":"Feature","properties":{"kv":138,"owner":"PEDERNALES ELECTRIC COOP, INC","status":"IN SERVICE"},"geometry":{"type":"LineString","coordinates":[[-98.371,30.5556],[-98.3714,30.5554],[-98.3715,30.5483],[-98.3797,30.5482],[-98.3796,30.5344],[-98.3887,30.5335],[-98.3925,30.5328]]}},
{"type":"Feature","properties":{"kv":138,"owner":"BANDERA ELECTRIC COOP, INC","status":"NOT AVAILABLE"},"geometry":{"type":"LineString","coordinates":[[-98.3204,29.3124],[-98.3203,29.3097]]}},
{"type":"Feature","properties":{"kv":345,"owner":"ONCOR ELECTRIC DELIVERY CO.","status":"IN SERVICE"},"geometry":{"type":"LineString","coordinates":[[-97.5111,30.9721],[-97.5096,30.9716],[-97.5099,30.9707],[-97.4965,30.967],[-97.4957,30.9654],[-97.5119,30.9223],[-97.5166,30.908],[-97.472,30.8955],[-97.4856,30.8598],[-97.4874,30.8569],[-97.4941,30.8387],[-97.4918,30.8293],[-97.4984,30.8109],[-97.497,30.8086],[-97.507,30.7826],[-97.5141,30.7802],[-97.527,30.7648],[-97.5185,30.7446],[-97.5188,30.7371],[-97.5167,30.7297],[-97.5186,30.7287],[-97.5185,30.7245],[-97.5221,30.7176],[-97.5213,30.715],[-97.523,30.7122],[-97.5208,30.7041],[-97.5204,30.6987],[-97.5153,30.6868],[-97.5205,30.6732],[-97.5167,30.6641],[-97.5135,30.6608],[-97.5081,30.6484],[-97.5068,30.6469],[-97.5018,30.6354],[-97.5014,30.6297],[-97.5043,30.6215],[-97.5019,30.6156],[-97.5088,30.6134],[-97.5125,30.6137],[-97.5402,30.6053],[-97.5374,30.5982],[-97.5412,30.5946],[-97.5467,30.5915],[-97.549,30.5908],[-97.5521,30.5909],[-97.5625,30.5876],[-97.5578,30.5758],[-97.5629,30.5743],[-97.5592,30.5657],[-97.5582,30.5594],[-97.5595,30.5518],[-97.5608,30.552],[-97.5614,30.5512]]}},
{"type":"Feature","properties":{"kv":138,"owner":"BLUEBONNET ELECTRIC COOP, INC","status":"IN SERVICE"},"geometry":{"type":"LineString","coordinates":[[-96.9209,30.0504],[-96.8971,30.0551],[-96.8702,30.0622],[-96.7717,30.0932],[-96.7659,30.0942],[-96.7598,30.0969],[-96.737,30.104]]}},
{"type":"Feature","properties":{"kv":138,"owner":"ONCOR ELECTRIC DELIVERY CO.","status":"IN SERVICE"},"geometry":{"type":"LineString","coordinates":[[-97.694,30.4742],[-97.7031,30.5205],[-97.7022,30.5212]]}},
{"type":"Feature","properties":{"kv":138,"owner":"PEDERNALES ELECTRIC COOP, INC","status":"IN SERVICE"},"geometry":{"type":"LineString","coordinates":[[-98.2984,30.262],[-98.308,30.258],[-98.3411,30.243],[-98.3572,30.2363],[-98.3703,30.2299]]}},
{"type":"Feature","properties":{"kv":345,"owner":"BLUEBONNET ELECTRIC COOP, INC","status":"IN SERVICE"},"geometry":{"type":"LineString","coordinates":[[-96.6878,29.9628],[-96.6862,29.9627],[-96.6775,29.9713],[-96.6754,29.973],[-96.6463,30.0009],[-96.586,30.0321],[-96.5475,30.048],[-96.4605,30.1094],[-96.4526,30.1065],[-96.4471,30.1054],[-96.4268,30.1112],[-96.4255,30.1112]]}},
{"type":"Feature","properties":{"kv":345,"owner":"KARNES ELECTRIC COOP INC","status":"IN SERVICE"},"geometry":{"type":"LineString","coordinates":[[-98.5045,29.2102],[-98.5048,29.2402],[-98.5035,29.2424],[-98.5131,29.2503],[-98.5179,29.2573],[-98.5212,29.2612],[-98.5155,29.2644],[-98.5075,29.2648],[-98.5079,29.2695],[-98.5285,29.2698],[-98.5753,29.3243],[-98.5762,29.3254],[-98.5736,29.3466],[-98.5748,29.3474],[-98.5745,29.3498],[-98.5756,29.35],[-98.5751,29.3503]]}},
{"type":"Feature","properties":{"kv":138,"owner":"ONCOR ELECTRIC DELIVERY CO.","status":"IN SERVICE"},"geometry":{"type":"LineString","coordinates":[[-97.8433,31.1102],[-97.8128,31.1093]]}},
{"type":"Feature","properties":{"kv":345,"owner":"ONCOR ELECTRIC DELIVERY CO.","status":"IN SERVICE"},"geometry":{"type":"LineString","coordinates":[[-97.5614,30.5512],[-97.561,30.5523],[-97.5596,30.5521],[-97.5583,30.5594],[-97.5593,30.5657],[-97.563,30.5743],[-97.5579,30.5759],[-97.5626,30.5877],[-97.5521,30.591],[-97.5491,30.5909],[-97.5467,30.5916],[-97.5413,30.5946],[-97.5375,30.5982],[-97.5404,30.6053],[-97.5125,30.6138],[-97.5088,30.6135],[-97.502,30.6157],[-97.5045,30.6215],[-97.5015,30.6297],[-97.5019,30.6354],[-97.5069,30.6469],[-97.5082,30.6484],[-97.5135,30.6607],[-97.5168,30.6641],[-97.5206,30.6732],[-97.5154,30.6868],[-97.5205,30.6987],[-97.5209,30.7041],[-97.5232,30.7122],[-97.5214,30.715],[-97.5222,30.7176],[-97.5186,30.7245],[-97.5187,30.7287],[-97.5168,30.7297],[-97.5189,30.7371],[-97.5186,30.7446],[-97.5271,30.7648],[-97.5142,30.7803],[-97.5071,30.7827],[-97.4971,30.8085],[-97.4985,30.8109],[-97.4919,30.8293],[-97.4942,30.8387],[-97.4874,30.8569],[-97.4857,30.8599],[-97.4721,30.8955],[-97.5167,30.908],[-97.512,30.9223],[-97.4958,30.9654],[-97.4966,30.9669],[-97.5101,30.9707],[-97.5098,30.9714],[-97.5111,30.9721]]}},
{"type":"Feature","properties":{"kv":138,"owner":"BLUEBONNET ELECTRIC COOP, INC","status":"IN SERVICE"},"geometry":{"type":"LineString","coordinates":[[-97.5046,29.6611],[-97.5287,29.6669],[-97.64,29.6974],[-97.6479,29.6973],[-97.6539,29.6983],[-97.6543,29.6975]]}},
{"type":"Feature","properties":{"kv":138,"owner":"ONCOR ELECTRIC DELIVERY CO.","status":"IN SERVICE"},"geometry":{"type":"LineString","coordinates":[[-97.6893,30.3939],[-97.6881,30.4314]]}},
{"type":"Feature","properties":{"kv":138,"owner":"HOUSTON COUNTY ELEC COOP INC","status":"NOT AVAILABLE"},"geometry":{"type":"LineString","coordinates":[[-96.2222,31.08],[-96.2317,31.0753],[-96.2244,31.062],[-96.2219,31.0562],[-96.2069,31.0199],[-96.2,31.0163]]}},
{"type":"Feature","properties":{"kv":138,"owner":"ONCOR ELECTRIC DELIVERY CO.","status":"NOT AVAILABLE"},"geometry":{"type":"LineString","coordinates":[[-97.1832,31.5106],[-97.1657,31.4935],[-97.1713,31.4882],[-97.1743,31.4816],[-97.1798,31.4819],[-97.192,31.4812],[-97.1965,31.4881]]}},
{"type":"Feature","properties":{"kv":138,"owner":"CENTRAL TEXAS ELEC COOP, INC","status":"IN SERVICE"},"geometry":{"type":"LineString","coordinates":[[-98.8848,29.9863],[-98.8673,29.9962],[-98.8055,30.0213],[-98.8013,30.0258],[-98.7849,30.0346],[-98.7567,30.053],[-98.7138,30.0735],[-98.7084,30.0781],[-98.6888,30.084],[-98.6594,30.0991],[-98.6344,30.1107],[-98.6191,30.1148],[-98.5946,30.1235],[-98.5884,30.127],[-98.5583,30.1399],[-98.5321,30.153],[-98.4775,30.1793],[-98.4428,30.1888],[-98.4185,30.2067],[-98.3814,30.2242],[-98.3703,30.2299]]}},
{"type":"Feature","properties":{"kv":138,"owner":"ONCOR ELECTRIC DELIVERY CO.","status":"IN SERVICE"},"geometry":{"type":"LineString","coordinates":[[-97.6881,30.4314],[-97.6885,30.4075],[-97.6893,30.3939]]}},
{"type":"Feature","properties":{"kv":138,"owner":"ONCOR ELECTRIC DELIVERY CO.","status":"IN SERVICE"},"geometry":{"type":"LineString","coordinates":[[-97.6142,30.305],[-97.6141,30.3054],[-97.6229,30.3098],[-97.6296,30.3115],[-97.6448,30.3189],[-97.6437,30.3287],[-97.6455,30.3408],[-97.6456,30.3532]]}},
{"type":"Feature","properties":{"kv":138,"owner":"BANDERA ELECTRIC COOP, INC","status":"NOT AVAILABLE"},"geometry":{"type":"LineString","coordinates":[[-98.9243,29.263],[-98.9241,29.2635],[-98.9237,29.2635],[-98.9239,29.2623],[-98.9222,29.2617],[-98.9222,29.2491],[-98.9115,29.2275],[-98.9056,29.2112],[-98.9052,29.2072]]}},
{"type":"Feature","properties":{"kv":138,"owner":"ONCOR ELECTRIC DELIVERY CO.","status":"NOT AVAILABLE"},"geometry":{"type":"LineString","coordinates":[[-97.2013,30.9192],[-97.1901,30.9027],[-97.1719,30.8586]]}},
{"type":"Feature","properties":{"kv":138,"owner":"PEDERNALES ELECTRIC COOP, INC","status":"IN SERVICE"},"geometry":{"type":"LineString","coordinates":[[-98.4775,30.5692],[-98.4825,30.5733],[-98.4894,30.5815],[-98.5287,30.6251],[-98.6274,30.7151],[-98.6448,30.7556],[-98.6501,30.7658],[-98.6574,30.7667],[-98.6772,30.7668],[-98.6775,30.7664]]}},
{"type":"Feature","properties":{"kv":138,"owner":"BANDERA ELECTRIC COOP, INC","status":"NOT AVAILABLE"},"geometry":{"type":"LineString","coordinates":[[-98.3664,29.6021],[-98.4055,29.5812],[-98.4069,29.5801],[-98.4085,29.5796],[-98.4088,29.5806]]}},
{"type":"Feature","properties":{"kv":138,"owner":"BLUEBONNET ELECTRIC COOP, INC","status":"IN SERVICE"},"geometry":{"type":"LineString","coordinates":[[-96.2633,29.9591],[-96.2641,29.9596],[-96.2646,29.9623],[-96.3314,30.0776],[-96.3739,30.1226]]}},
{"type":"Feature","properties":{"kv":138,"owner":"BANDERA ELECTRIC COOP, INC","status":"IN SERVICE"},"geometry":{"type":"LineString","coordinates":[[-98.2907,29.5435],[-98.2912,29.5438],[-98.3091,29.571],[-98.384,29.5226],[-98.3896,29.5263],[-98.3926,29.5307],[-98.4148,29.5307],[-98.4185,29.5293]]}},
{"type":"Feature","properties":{"kv":138,"owner":"ONCOR ELECTRIC DELIVERY CO.","status":"NOT AVAILABLE"},"geometry":{"type":"LineString","coordinates":[[-96.9607,31.4735],[-96.9848,31.4681]]}},
{"type":"Feature","properties":{"kv":345,"owner":"PEDERNALES ELECTRIC COOP, INC","status":"IN SERVICE"},"geometry":{"type":"LineString","coordinates":[[-97.9901,29.783],[-98.0152,29.7895],[-98.0228,29.796],[-98.0448,29.801],[-98.0612,29.7883],[-98.0924,29.7768],[-98.1141,29.778],[-98.1384,29.7733],[-98.1899,29.7711],[-98.2107,29.7592],[-98.2144,29.7581],[-98.2433,29.7591],[-98.2633,29.752],[-98.3089,29.7665],[-98.4402,29.7798],[-98.4401,29.7842],[-98.4551,29.7843],[-98.463,29.782],[-98.658,29.8017],[-98.6614,29.8024],[-98.6897,29.804],[-98.7254,29.8572],[-98.7465,29.8687],[-98.7611,29.8882],[-98.7855,29.9043],[-98.8064,29.9166],[-98.872,29.9768],[-98.8867,29.985]]}},
{"type":"Feature","properties":{"kv":138,"owner":"BLUEBONNET ELECTRIC COOP, INC","status":"IN SERVICE"},"geometry":{"type":"LineString","coordinates":[[-97.8511,30.0754],[-97.8514,30.0758],[-97.8519,30.0753],[-97.8513,30.0748],[-97.8507,30.0674],[-97.8589,30.054]]}},
{"type":"Feature","properties":{"kv":138,"owner":"CITY OF BELLVILLE - (TX)","status":"NOT AVAILABLE"},"geometry":{"type":"LineString","coordinates":[[-96.2006,29.8478],[-96.2016,29.8482],[-96.2042,29.8548],[-96.2198,29.8618],[-96.2406,29.8753],[-96.2711,29.8807],[-96.28,29.888],[-96.2591,29.9065],[-96.2559,29.9242]]}},
{"type":"Feature","properties":{"kv":138,"owner":"BLUEBONNET ELECTRIC COOP, INC","status":"IN SERVICE"},"geometry":{"type":"LineString","coordinates":[[-97.9856,30.1177],[-97.9856,30.1181],[-97.9449,30.1488],[-97.9452,30.1668]]}},
{"type":"Feature","properties":{"kv":138,"owner":"ONCOR ELECTRIC DELIVERY CO.","status":"NOT AVAILABLE"},"geometry":{"type":"LineString","coordinates":[[-97.7691,30.1862],[-97.7829,30.1933],[-97.793,30.2241],[-97.8043,30.2469],[-97.8189,30.2654],[-97.8195,30.2656],[-97.8202,30.2672],[-97.862,30.3202],[-97.9028,30.3824],[-97.908,30.3896],[-97.9075,30.39]]}},
{"type":"Feature","properties":{"kv":138,"owner":"AEP TEXAS CENTRAL CO.","status":"NOT AVAILABLE"},"geometry":{"type":"LineString","coordinates":[[-96.3914,29.5777],[-96.3792,29.6001],[-96.3785,29.6023]]}},
{"type":"Feature","properties":{"kv":138,"owner":"BANDERA ELECTRIC COOP, INC","status":"IN SERVICE"},"geometry":{"type":"LineString","coordinates":[[-98.9032,29.978],[-98.9031,29.9786],[-98.906,29.9787],[-98.9378,29.9827],[-98.9485,29.9828],[-98.971,29.9901],[-98.9821,29.9942],[-99.0,30.0009]]}},
{"type":"Feature","properties":{"kv":138,"owner":"BANDERA ELECTRIC COOP, INC","status":"IN SERVICE"},"geometry":{"type":"LineString","coordinates":[[-98.5763,29.5333],[-98.5808,29.5317],[-98.5759,29.5214],[-98.574,29.5216],[-98.5726,29.5228],[-98.5715,29.5217],[-98.5685,29.5247]]}},
{"type":"Feature","properties":{"kv":138,"owner":"BANDERA ELECTRIC COOP, INC","status":"IN SERVICE"},"geometry":{"type":"LineString","coordinates":[[-98.6819,29.5482],[-98.683,29.5486],[-98.7037,29.565],[-98.7051,29.5809],[-98.711,29.5875],[-98.7181,29.5881],[-98.7245,29.5939],[-98.7216,29.5992],[-98.7386,29.6179],[-98.736,29.6178]]}},
{"type":"Feature","properties":{"kv":138,"owner":"BANDERA ELECTRIC COOP, INC","status":"IN SERVICE"},"geometry":{"type":"LineString","coordinates":[[-98.4166,29.4635],[-98.4162,29.4634],[-98.4162,29.4628],[-98.4106,29.466],[-98.408,29.4701],[-98.4054,29.4701],[-98.4037,29.4705],[-98.3971,29.4705],[-98.3928,29.4733],[-98.3928,29.4654],[-98.3924,29.4653]]}},
{"type":"Feature","properties":{"kv":138,"owner":"ONCOR ELECTRIC DELIVERY CO.","status":"IN SERVICE"},"geometry":{"type":"LineString","coordinates":[[-98.3374,30.5596],[-98.3348,30.5557],[-98.3346,30.5547],[-98.3153,30.5607],[-98.3104,30.5616],[-98.2803,30.5565],[-98.2615,30.5521],[-98.2581,30.5502],[-98.2061,30.5097]]}},
{"type":"Feature","properties":{"kv":138,"owner":"ONCOR ELECTRIC DELIVERY CO.","status":"IN SERVICE"},"geometry":{"type":"LineString","coordinates":[[-97.0671,30.5668],[-97.0682,30.5667],[-97.07,30.5702],[-97.0763,30.5751],[-97.0771,30.5752],[-97.0774,30.5762],[-97.077,30.5763],[-97.0768,30.5777]]}},
{"type":"Feature","properties":{"kv":138,"owner":"BANDERA ELECTRIC COOP, INC","status":"IN SERVICE"},"geometry":{"type":"LineString","coordinates":[[-98.6347,29.3808],[-98.6351,29.381],[-98.6344,29.3813],[-98.6432,29.3975],[-98.6432,29.4103],[-98.6491,29.4103],[-98.6502,29.4099],[-98.6615,29.4099],[-98.6616,29.4144],[-98.6671,29.415]]}},
{"type":"Feature","properties":{"kv":138,"owner":"GUADALUPE VALLEY ELEC COOP INC","status":"NOT AVAILABLE"},"geometry":{"type":"LineString","coordinates":[[-96.9873,29.4289],[-96.9874,29.4282],[-97.0063,29.4055],[-97.0097,29.3993],[-97.034,29.3672],[-97.0501,29.348],[-97.0593,29.3372],[-97.071,29.3258],[-97.1208,29.2738],[-97.1245,29.2681],[-97.1427,29.2715],[-97.1504,29.2748],[-97.1566,29.2798]]}},
{"type":"Feature","properties":{"kv":138,"owner":"BANDERA ELECTRIC COOP, INC","status":"IN SERVICE"},"geometry":{"type":"LineString","coordinates":[[-98.6944,29.4811],[-98.6959,29.4795],[-98.698,29.4801],[-98.7011,29.477],[-98.7071,29.4809],[-98.7087,29.4808],[-98.7163,29.4837],[-98.7184,29.4833],[-98.7184,29.4838]]}},
{"type":"Feature","properties":{"kv":138,"owner":"BLUEBONNET ELECTRIC COOP, INC","status":"IN SERVICE"},"geometry":{"type":"LineString","coordinates":[[-97.0037,30.4157],[-97.001,30.4168],[-96.9916,30.4138],[-96.9687,30.3591],[-96.9681,30.357],[-96.9782,30.3414],[-96.9651,30.3124],[-96.9476,30.2687],[-96.9421,30.2322],[-96.9392,30.2183],[-96.9426,30.2102],[-96.9485,30.2067],[-96.9472,30.2002],[-96.9489,30.1944],[-96.949,30.1925],[-96.9506,30.1872],[-96.9511,30.1841]]}},
{"type":"Feature","properties":{"kv":138,"owner":"BLUEBONNET ELECTRIC COOP, INC","status":"IN SERVICE"},"geometry":{"type":"LineString","coordinates":[[-97.012,29.9441],[-96.9749,29.9379],[-96.9441,29.9335],[-96.9183,29.9272],[-96.8742,29.9328]]}},
{"type":"Feature","properties":{"kv":345,"owner":"BLUEBONNET ELECTRIC COOP, INC","status":"IN SERVICE"},"geometry":{"type":"LineString","coordinates":[[-96.8783,29.7957],[-96.8845,29.7955],[-96.8931,29.794],[-96.9301,29.7934],[-97.0627,29.837],[-97.3734,29.9216],[-97.4599,29.9571],[-97.468,29.9598],[-97.4706,29.9614],[-97.5171,29.9804],[-97.6088,29.995],[-97.6172,29.9952],[-97.6252,29.9977],[-97.6482,30.0022],[-97.6648,30.0041],[-97.6733,30.0043],[-97.6742,30.0054]]}},
{"type":"Feature","properties":{"kv":138,"owner":"SHARYLAND UTILITIES, LP","status":"NOT AVAILABLE"},"geometry":{"type":"LineString","coordinates":[[-98.6684,31.2344],[-98.6775,31.2151],[-98.6791,31.2018],[-98.6902,31.1922]]}},
{"type":"Feature","properties":{"kv":138,"owner":"ONCOR ELECTRIC DELIVERY CO.","status":"IN SERVICE"},"geometry":{"type":"LineString","coordinates":[[-97.7156,30.2069],[-97.7064,30.207],[-97.6942,30.2091],[-97.6928,30.2104],[-97.6936,30.2111],[-97.6932,30.211]]}},
{"type":"Feature","properties":{"kv":138,"owner":"GUADALUPE VALLEY ELEC COOP INC","status":"NOT AVAILABLE"},"geometry":{"type":"LineString","coordinates":[[-98.0981,29.7133],[-98.0982,29.7128],[-98.0935,29.7105],[-98.0897,29.7065],[-98.0859,29.704]]}},
{"type":"Feature","properties":{"kv":138,"owner":"BANDERA ELECTRIC COOP, INC","status":"IN SERVICE"},"geometry":{"type":"LineString","coordinates":[[-98.6785,29.4736],[-98.6787,29.4773],[-98.6713,29.4773],[-98.6649,29.4646],[-98.6551,29.4741],[-98.6488,29.4754],[-98.6492,29.4762],[-98.6489,29.4765]]}},
{"type":"Feature","properties":{"kv":345,"owner":"CITY OF BRYAN - (TX)","status":"IN SERVICE"},"geometry":{"type":"LineString","coordinates":[[-96.4844,31.1855],[-96.4837,31.1855],[-96.4785,31.1781],[-96.4738,31.1734],[-96.4453,31.1328],[-96.4281,31.1123],[-96.4251,31.1074],[-96.4185,31.098],[-96.4073,31.0889],[-96.4002,31.0787],[-96.3922,31.0686],[-96.3832,31.0495],[-96.3659,31.0302],[-96.3623,31.0253],[-96.3322,30.9774],[-96.307,30.943],[-96.3046,30.9307],[-96.2609,30.8628],[-96.2593,30.8602],[-96.259,30.859]]}},
{"type":"Feature","properties":{"kv":138,"owner":"BLUEBONNET ELECTRIC COOP, INC","status":"IN SERVICE"},"geometry":{"type":"LineString","coordinates":[[-96.9078,29.6723],[-96.908,29.6732],[-96.866,29.6783],[-96.7837,29.6836]]}},
{"type":"Feature","properties":{"kv":138,"owner":"GUADALUPE VALLEY ELEC COOP INC","status":"IN SERVICE"},"geometry":{"type":"LineString","coordinates":[[-98.3431,29.5485],[-98.3432,29.5492],[-98.2907,29.5829],[-98.2899,29.5827]]}},
{"type":"Feature","properties":{"kv":138,"owner":"NOT AVAILABLE","status":"NOT AVAILABLE"},"geometry":{"type":"LineString","coordinates":[[-96.2928,30.7998],[-96.2926,30.7994],[-96.2921,30.7994],[-96.2921,30.8005],[-96.2877,30.8],[-96.2858,30.7995],[-96.2843,30.8017],[-96.2686,30.8159],[-96.2711,30.8176],[-96.2732,30.8198],[-96.2686,30.8241],[-96.2689,30.8254],[-96.2711,30.8273],[-96.2711,30.8278],[-96.2502,30.8466],[-96.259,30.859]]}},
{"type":"Feature","properties":{"kv":138,"owner":"ONCOR ELECTRIC DELIVERY CO.","status":"IN SERVICE"},"geometry":{"type":"LineString","coordinates":[[-97.0687,30.5683],[-97.0698,30.5704],[-97.0756,30.5756],[-97.0758,30.5765],[-97.0766,30.5764],[-97.0768,30.5777]]}},
{"type":"Feature","properties":{"kv":138,"owner":"BANDERA ELECTRIC COOP, INC","status":"IN SERVICE"},"geometry":{"type":"LineString","coordinates":[[-98.7182,29.4161],[-98.7165,29.4159],[-98.7163,29.4151],[-98.663,29.415],[-98.6615,29.4148],[-98.6614,29.41],[-98.6502,29.4099],[-98.6491,29.4104],[-98.643,29.4104],[-98.6398,29.4131],[-98.6235,29.4133]]}},
{"type":"Feature","properties":{"kv":138,"owner":"ONCOR ELECTRIC DELIVERY CO.","status":"IN SERVICE"},"geometry":{"type":"LineString","coordinates":[[-97.6872,30.2653],[-97.687,30.2628],[-97.6886,30.2478],[-97.6893,30.2448],[-97.69,30.2343],[-97.6895,30.2295],[-97.6886,30.2294],[-97.6837,30.2342],[-97.6819,30.2289],[-97.6795,30.2248],[-97.6784,30.2237],[-97.6719,30.2203],[-97.672,30.2196],[-97.6725,30.219]]}},
{"type":"Feature","properties":{"kv":138,"owner":"ONCOR ELECTRIC DELIVERY CO.","status":"IN SERVICE"},"geometry":{"type":"LineString","coordinates":[[-97.6891,30.4461],[-97.6892,30.4459],[-97.6883,30.4452],[-97.6885,30.4334],[-97.6887,30.4332]]}},
{"type":"Feature","properties":{"kv":138,"owner":"ONCOR ELECTRIC DELIVERY CO.","status":"IN SERVICE"},"geometry":{"type":"LineString","coordinates":[[-97.7226,30.3733],[-97.7232,30.3736],[-97.7196,30.3805],[-97.7245,30.3825],[-97.7233,30.3875],[-97.72,30.3975]]}},
{"type":"Feature","properties":{"kv":138,"owner":"BANDERA ELECTRIC COOP, INC","status":"IN SERVICE"},"geometry":{"type":"LineString","coordinates":[[-98.5723,29.6179],[-98.5733,29.6178],[-98.5737,29.6172],[-98.5817,29.6167],[-98.6055,29.6168],[-98.634,29.6137],[-98.6414,29.6089],[-98.6404,29.6044],[-98.6401,29.6037],[-98.6345,29.6036],[-98.6289,29.6001],[-98.629,29.5982],[-98.6252,29.5972],[-98.6246,29.5944],[-98.6226,29.5926],[-98.6261,29.5884],[-98.6259,29.5865]]}},
{"type":"Feature","properties":{"kv":138,"owner":"ONCOR ELECTRIC DELIVERY CO.","status":"IN SERVICE"},"geometry":{"type":"LineString","coordinates":[[-97.7514,30.2668],[-97.7518,30.2676],[-97.7548,30.2687],[-97.7558,30.2687],[-97.7562,30.2682],[-97.7589,30.2698],[-97.7635,30.2717],[-97.7649,30.2732],[-97.7671,30.2743],[-97.7682,30.2747],[-97.7704,30.2746],[-97.7737,30.2766],[-97.7743,30.2771],[-97.7733,30.2785],[-97.7836,30.2923],[-97.7839,30.2935],[-97.7844,30.2933]]}},
{"type":"Feature","properties":{"kv":138,"owner":"ONCOR ELECTRIC DELIVERY CO.","status":"IN SERVICE"},"geometry":{"type":"LineString","coordinates":[[-97.7573,30.4646],[-97.7577,30.4637],[-97.7564,30.4628],[-97.7552,30.4612],[-97.752,30.4537],[-97.7509,30.4524],[-97.7453,30.448],[-97.7427,30.4436],[-97.7537,30.4394],[-97.7502,30.4372]]}},
{"type":"Feature","properties":{"kv":138,"owner":"PEDERNALES ELECTRIC COOP, INC","status":"IN SERVICE"},"geometry":{"type":"LineString","coordinates":[[-98.371,30.5556],[-98.3702,30.5554],[-98.371,30.5518],[-98.371,30.5499],[-98.3691,30.5433],[-98.3656,30.544],[-98.3598,30.5415],[-98.353,30.5433],[-98.3494,30.5437],[-98.3417,30.5427],[-98.3383,30.5429],[-98.3365,30.5538],[-98.336,30.5551],[-98.338,30.5587],[-98.3381,30.5596],[-98.3374,30.5596]]}},
{"type":"Feature","properties":{"kv":138,"owner":"NOT AVAILABLE","status":"IN SERVICE"},"geometry":{"type":"LineString","coordinates":[[-96.341,29.2],[-96.3414,29.2083],[-96.3405,29.2129],[-96.3409,29.2262],[-96.3419,29.2309],[-96.3558,29.2406],[-96.3628,29.245],[-96.3712,29.2512],[-96.4173,29.2829],[-96.405,29.3637],[-96.4412,29.4287],[-96.4493,29.4364],[-96.4752,29.4835],[-96.4794,29.49],[-96.4929,29.5143],[-96.4971,29.5125],[-96.5215,29.5572],[-96.5303,29.5627],[-96.5325,29.5723],[-96.5484,29.5943],[-96.5544,29.6069],[-96.5557,29.6329],[-96.552,29.6503],[-96.5616,29.661],[-96.5808,29.6793],[-96.6244,29.7042],[-96.6355,29.7073],[-96.6692,29.7159],[-96.6974,29.7191],[-96.7373,29.7423],[-96.771,29.7419],[-96.799,29.7482],[-96.8307,29.7545],[-96.8394,29.7566],[-96.8643,29.7612],[-96.8772,29.7918],[-96.8782,29.7941],[-96.8783,29.7957]]}},
{"type":"Feature","properties":{"kv":138,"owner":"ONCOR ELECTRIC DELIVERY CO.","status":"IN SERVICE"},"geometry":{"type":"LineString","coordinates":[[-97.6864,30.3396],[-97.6868,30.3391],[-97.6855,30.3385],[-97.6851,30.3357],[-97.6855,30.3333],[-97.6851,30.3328],[-97.685,30.3131]]}},
{"type":"Feature","properties":{"kv":138,"owner":"BANDERA ELECTRIC COOP, INC","status":"NOT AVAILABLE"},"geometry":{"type":"LineString","coordinates":[[-98.3827,29.258],[-98.3832,29.2584],[-98.3866,29.2712],[-98.423,29.2614],[-98.454,29.2703],[-98.4557,29.2708],[-98.4557,29.2714]]}},
{"type":"Feature","properties":{"kv":345,"owner":"ONCOR ELECTRIC DELIVERY CO.","status":"IN SERVICE"},"geometry":{"type":"LineString","coordinates":[[-97.5614,30.5512],[-97.5613,30.5503],[-97.5627,30.5506],[-97.598,30.5478],[-97.6489,30.5414]]}},
{"type":"Feature","properties":{"kv":138,"owner":"BANDERA ELECTRIC COOP, INC","status":"IN SERVICE"},"geometry":{"type":"LineString","coordinates":[[-98.6621,29.4149],[-98.6625,29.4152],[-98.6615,29.4152],[-98.6615,29.4176],[-98.6727,29.457],[-98.6649,29.4646],[-98.6713,29.4772],[-98.6786,29.4772],[-98.6785,29.4736]]}},
{"type":"Feature","properties":{"kv":138,"owner":"BANDERA ELECTRIC COOP, INC","status":"IN SERVICE"},"geometry":{"type":"LineString","coordinates":[[-98.3827,29.258],[-98.3829,29.2585],[-98.3778,29.2738],[-98.3552,29.2936],[-98.3687,29.3],[-98.3791,29.3069],[-98.4007,29.3188],[-98.4083,29.3235],[-98.4073,29.3239],[-98.406,29.337],[-98.4052,29.3386],[-98.4057,29.3405],[-98.3991,29.4058],[-98.4198,29.4058],[-98.4278,29.4053],[-98.4429,29.4053],[-98.4442,29.4049]]}},
{"type":"Feature","properties":{"kv":138,"owner":"BANDERA ELECTRIC COOP, INC","status":"IN SERVICE"},"geometry":{"type":"LineString","coordinates":[[-98.3185,29.382],[-98.3185,29.3825],[-98.318,29.3829],[-98.3199,29.3968],[-98.3233,29.4061],[-98.3238,29.4692],[-98.3291,29.4673],[-98.3361,29.4678],[-98.3445,29.4673],[-98.3591,29.4631],[-98.3692,29.4596],[-98.3819,29.4595],[-98.3847,29.4585],[-98.3847,29.4557],[-98.3932,29.4544],[-98.3926,29.4589],[-98.3924,29.4653]]}},
{"type":"Feature","properties":{"kv":138,"owner":"BANDERA ELECTRIC COOP, INC","status":"IN SERVICE"},"geometry":{"type":"LineString","coordinates":[[-98.4889,29.3967],[-98.4897,29.396],[-98.4889,29.3945],[-98.4795,29.3933],[-98.4782,29.3926],[-98.473,29.3866],[-98.4606,29.3755],[-98.4605,29.3744],[-98.4588,29.3743],[-98.4548,29.3706],[-98.453,29.3705],[-98.4488,29.3667],[-98.4457,29.3646],[-98.4403,29.3618],[-98.433,29.3593],[-98.4304,29.3572],[-98.4289,29.3553],[-98.4258,29.3538],[-98.4259,29.3505],[-98.4206,29.3407],[-98.4135,29.3407],[-98.4125,29.3421],[-98.3964,29.3422],[-98.3764,29.3292],[-98.371,29.3312],[-98.3597,29.3363],[-98.3529,29.3305],[-98.3453,29.3262],[-98.3373,29.3186],[-98.3253,29.3158],[-98.3235,29.3145],[-98.3234,29.3133],[-98.3229,29.3132],[-98.3232,29.3103],[-98.3236,29.3102]]}},
{"type":"Feature","properties":{"kv":138,"owner":"ONCOR ELECTRIC DELIVERY CO.","status":"NOT AVAILABLE"},"geometry":{"type":"LineString","coordinates":[[-97.7226,30.3733],[-97.7221,30.3752],[-97.7194,30.3806],[-97.7189,30.3834],[-97.7196,30.3851],[-97.7178,30.3878],[-97.7165,30.3929],[-97.7149,30.3967]]}},
{"type":"Feature","properties":{"kv":138,"owner":"BLUEBONNET ELECTRIC COOP, INC","status":"IN SERVICE"},"geometry":{"type":"LineString","coordinates":[[-96.4255,30.1112],[-96.4268,30.1107],[-96.4265,30.1104],[-96.4493,30.0815],[-96.4782,30.0325],[-96.4785,30.0327]]}},
{"type":"Feature","properties":{"kv":138,"owner":"GUADALUPE VALLEY ELEC COOP INC","status":"IN SERVICE"},"geometry":{"type":"LineString","coordinates":[[-98.4134,29.7768],[-98.4403,29.7797],[-98.4401,29.7841],[-98.4551,29.7842],[-98.4629,29.7819],[-98.5263,29.7883],[-98.5263,29.7887]]}},
{"type":"Feature","properties":{"kv":138,"owner":"ONCOR ELECTRIC DELIVERY CO.","status":"NOT AVAILABLE"},"geometry":{"type":"LineString","coordinates":[[-97.0193,30.673],[-96.9637,30.6859],[-96.9645,30.7426],[-96.9545,30.7457]]}},
{"type":"Feature","properties":{"kv":138,"owner":"GUADALUPE VALLEY ELEC COOP INC","status":"IN SERVICE"},"geometry":{"type":"LineString","coordinates":[[-98.1626,29.6647],[-98.1682,29.6614],[-98.1562,29.6388],[-98.1498,29.6224],[-98.1487,29.6205]]}},
{"type":"Feature","properties":{"kv":138,"owner":"ONCOR ELECTRIC DELIVERY CO.","status":"IN SERVICE"},"geometry":{"type":"LineString","coordinates":[[-97.7149,30.3967],[-97.69,30.3928],[-97.6893,30.3939]]}},
{"type":"Feature","properties":{"kv":138,"owner":"BLUEBONNET ELECTRIC COOP, INC","status":"NOT AVAILABLE"},"geometry":{"type":"LineString","coordinates":[[-98.2615,29.5636],[-98.2608,29.5629],[-98.2528,29.5668],[-98.2467,29.5663],[-98.2435,29.5669],[-98.2368,29.5661],[-98.2314,29.5664],[-98.2083,29.5783],[-98.2077,29.5782]]}},
{"type":"Feature","properties":{"kv":138,"owner":"ONCOR ELECTRIC DELIVERY CO.","status":"IN SERVICE"},"geometry":{"type":"LineString","coordinates":[[-97.7022,30.5212],[-97.7014,30.5212],[-97.7031,30.5482],[-97.6994,30.5483],[-97.6991,30.5693],[-97.696,30.5918]]}},
{"type":"Feature","properties":{"kv":138,"owner":"BLUEBONNET ELECTRIC COOP, INC","status":"IN SERVICE"},"geometry":{"type":"LineString","coordinates":[[-97.9876,29.5862],[-97.9883,29.5865],[-97.9836,29.5903],[-97.9744,29.5964],[-97.9704,29.5981],[-97.9663,29.5987],[-97.9577,29.5987],[-97.9573,29.5947],[-97.9566,29.5947],[-97.9564,29.5943]]}},
{"type":"Feature","properties":{"kv":138,"owner":"AEP TEXAS CENTRAL CO.","status":"NOT AVAILABLE"},"geometry":{"type":"LineString","coordinates":[[-96.3328,29.5801],[-96.3466,29.5833],[-96.384,29.5786]]}},
{"type":"Feature","properties":{"kv":138,"owner":"AEP TEXAS CENTRAL CO.","status":"IN SERVICE"},"geometry":{"type":"LineString","coordinates":[[-96.409,29.5157],[-96.4124,29.5164],[-96.4202,29.5242],[-96.4339,29.5185],[-96.44,29.5272]]}},
{"type":"Feature","properties":{"kv":138,"owner":"BANDERA ELECTRIC COOP, INC","status":"IN SERVICE"},"geometry":{"type":"LineString","coordinates":[[-98.5599,29.5029],[-98.5596,29.5038],[-98.5481,29.5155],[-98.5567,29.522],[-98.5586,29.5202],[-98.5667,29.5265],[-98.5715,29.5216],[-98.5726,29.5227],[-98.574,29.5215],[-98.5756,29.5214],[-98.5757,29.5208]]}},
{"type":"Feature","properties":{"kv":345,"owner":"BLUEBONNET ELECTRIC COOP, INC","status":"NOT AVAILABLE"},"geometry":{"type":"LineString","coordinates":[[-98.1487,29.6205],[-98.1477,29.6194],[-98.1409,29.6202],[-98.082,29.5731],[-98.0458,29.5275],[-98.0327,29.5115],[-98.0029,29.4784],[-98.0018,29.4695],[-97.9991,29.4688],[-97.9999,29.4673]]}},
{"type":"Feature","properties":{"kv":138,"owner":"BLUEBONNET ELECTRIC COOP, INC","status":"IN SERVICE"},"geometry":{"type":"LineString","coordinates":[[-97.9972,29.5793],[-97.9977,29.5792],[-97.998,29.58],[-97.9999,29.579],[-98.0013,29.5799],[-98.0238,29.5789],[-98.0312,29.5789],[-98.0322,29.5789],[-98.0324,29.5786]]}},
{"type":"Feature","properties":{"kv":138,"owner":"PEDERNALES ELECTRIC COOP, INC","status":"NOT AVAILABLE"},"geometry":{"type":"LineString","coordinates":[[-98.4124,29.9223],[-98.4121,29.9291],[-98.4126,29.9315],[-98.4119,29.9393],[-98.4118,29.9726],[-98.4094,29.9811],[-98.4098,29.9973],[-98.412,30.001],[-98.4126,30.0087],[-98.4114,30.0617],[-98.4152,30.0631],[-98.4116,30.0723],[-98.4121,30.0827]]}},
{"type":"Feature","properties":{"kv":345,"owner":"ONCOR ELECTRIC DELIVERY CO.","status":"IN SERVICE"},"geometry":{"type":"LineString","coordinates":[[-97.3059,30.0912],[-97.3062,30.0907],[-97.2966,30.0936],[-97.2939,30.1116],[-97.2948,30.1149],[-97.2722,30.1419],[-97.2673,30.1424],[-97.2672,30.1458],[-97.2689,30.1458],[-97.2688,30.146]]}},
{"type":"Feature","properties":{"kv":138,"owner":"BANDERA ELECTRIC COOP, INC","status":"IN SERVICE"},"geometry":{"type":"LineString","coordinates":[[-98.5264,29.4668],[-98.5259,29.4676],[-98.5259,29.4934],[-98.5245,29.4935],[-98.5246,29.4937]]}},
{"type":"Feature","properties":{"kv":138,"owner":"BLUEBONNET ELECTRIC COOP, INC","status":"IN SERVICE"},"geometry":{"type":"LineString","coordinates":[[-97.9457,29.5742],[-97.9463,29.574],[-97.9464,29.5747],[-97.9481,29.5747],[-97.9482,29.5788],[-97.9501,29.5788],[-97.9505,29.5854],[-97.9552,29.5853],[-97.9553,29.5946],[-97.9564,29.5943]]}},
{"type":"Feature","properties":{"kv":345,"owner":"ONCOR ELECTRIC DELIVERY CO.","status":"IN SERVICE"},"geometry":{"type":"LineString","coordinates":[[-96.9645,31.5747],[-96.9655,31.5751],[-96.9804,31.5743],[-96.9999,31.5654],[-97.0089,31.5586],[-97.0126,31.5569],[-97.015,31.5571],[-97.0212,31.5803],[-97.0212,31.5823],[-97.0431,31.6638],[-97.0952,31.6959],[-97.1002,31.6997]]}},
{"type":"Feature","properties":{"kv":138,"owner":"ONCOR ELECTRIC DELIVERY CO.","status":"IN SERVICE"},"geometry":{"type":"LineString","coordinates":[[-98.3799,30.6099],[-98.3791,30.6097],[-98.3565,30.5952],[-98.3305,30.5847],[-98.3418,30.5678],[-98.3389,30.5633],[-98.3383,30.5597],[-98.3374,30.5596]]}},
{"type":"Feature","properties":{"kv":138,"owner":"ONCOR ELECTRIC DELIVERY CO.","status":"IN SERVICE"},"geometry":{"type":"LineString","coordinates":[[-97.513,30.9712],[-97.4973,30.967],[-97.4961,30.9654],[-97.5123,30.9224],[-97.5201,30.8994],[-97.5594,30.8655],[-97.6025,30.8122],[-97.6077,30.8023]]}},
{"type":"Feature","properties":{"kv":138,"owner":"BANDERA ELECTRIC COOP, INC","status":"NOT AVAILABLE"},"geometry":{"type":"LineString","coordinates":[[-98.6387,29.448],[-98.6367,29.4441],[-98.6378,29.4425],[-98.6377,29.4421],[-98.6355,29.4406],[-98.6331,29.4377],[-98.6318,29.4369],[-98.629,29.4364],[-98.6112,29.4362],[-98.6127,29.437]]}},
{"type":"Feature","properties":{"kv":345,"owner":"NOT AVAILABLE","status":"IN SERVICE"},"geometry":{"type":"LineString","coordinates":[[-97.6974,29.2],[-97.7945,29.2473],[-97.9191,29.3785],[-97.9984,29.4634],[-98.0006,29.4652],[-97.998,29.468],[-97.9983,29.4683],[-97.9989,29.4676],[-97.9999,29.4673]]}},
{"type":"Feature","properties":{"kv":345,"owner":"GUADALUPE VALLEY ELEC COOP INC","status":"IN SERVICE"},"geometry":{"type":"LineString","coordinates":[[-97.9999,29.4673],[-98.0014,29.4658],[-98.0354,29.4957],[-98.0442,29.5039],[-98.0845,29.5371],[-98.1084,29.5601],[-98.1293,29.578],[-98.153,29.5972],[-98.1681,29.6075],[-98.1774,29.6168],[-98.2512,29.6072],[-98.2659,29.6087],[-98.3148,29.6108],[-98.3268,29.6082],[-98.3394,29.6057],[-98.3425,29.6056],[-98.3584,29.6023],[-98.3747,29.598],[-98.4035,29.5826],[-98.408,29.5813],[-98.4088,29.5806]]}},
{"type":"Feature","properties":{"kv":345,"owner":"ONCOR ELECTRIC DELIVERY COMPANY LLC","status":"IN SERVICE"},"geometry":{"type":"LineString","coordinates":[[-97.9495,29.7726],[-97.9485,29.7726],[-97.9485,29.7735],[-97.9421,29.7756],[-97.845,29.8675],[-97.699,29.9835],[-97.6756,30.0033],[-97.6743,30.0046],[-97.6742,30.0054]]}},
{"type":"Feature","properties":{"kv":138,"owner":"BLUEBONNET ELECTRIC COOP, INC","status":"IN SERVICE"},"geometry":{"type":"LineString","coordinates":[[-98.1411,29.6232],[-98.1414,29.6228],[-98.1422,29.6231],[-98.1459,29.6213],[-98.1487,29.6205]]}},
{"type":"Feature","properties":{"kv":138,"owner":"BANDERA ELECTRIC COOP, INC","status":"IN SERVICE"},"geometry":{"type":"LineString","coordinates":[[-98.5664,29.5715],[-98.5635,29.5735],[-98.5754,29.5898],[-98.5753,29.5986],[-98.5702,29.5985],[-98.5702,29.617],[-98.571,29.6169],[-98.571,29.6174],[-98.5731,29.6172],[-98.5731,29.6177],[-98.5723,29.6179]]}},
{"type":"Feature","properties":{"kv":138,"owner":"ONCOR ELECTRIC DELIVERY CO.","status":"IN SERVICE"},"geometry":{"type":"LineString","coordinates":[[-97.6456,30.3532],[-97.6478,30.3638],[-97.648,30.3661],[-97.6448,30.3738],[-97.6435,30.3732],[-97.643,30.3736]]}},
{"type":"Feature","properties":{"kv":138,"owner":"ONCOR ELECTRIC DELIVERY CO.","status":"NOT AVAILABLE"},"geometry":{"type":"LineString","coordinates":[[-97.3591,30.417],[-97.2484,30.4241],[-97.1685,30.5134],[-97.1507,30.5299],[-97.146,30.5348],[-97.0952,30.5915],[-97.0785,30.5766],[-97.0768,30.5777]]}},
{"type":"Feature","properties":{"kv":138,"owner":"ONCOR ELECTRIC DELIVERY CO.","status":"IN SERVICE"},"geometry":{"type":"LineString","coordinates":[[-97.7816,30.4795],[-97.7814,30.4787],[-97.7688,30.4794],[-97.7655,30.4787],[-97.7648,30.4772],[-97.7648,30.4755],[-97.761,30.4668],[-97.7601,30.4655],[-97.7583,30.464],[-97.7573,30.4646]]}},
{"type":"Feature","properties":{"kv":138,"owner":"CITY OF BRYAN - (TX)","status":"IN SERVICE"},"geometry":{"type":"LineString","coordinates":[[-96.6259,30.8841],[-96.6277,30.8879],[-96.6281,30.8928],[-96.6192,30.8979],[-96.5942,30.9317],[-96.5947,30.9324],[-96.5759,30.9513]]}},
{"type":"Feature","properties":{"kv":138,"owner":"ONCOR ELECTRIC DELIVERY CO.","status":"NOT AVAILABLE"},"geometry":{"type":"LineString","coordinates":[[-97.7896,30.2938],[-97.7894,30.2946],[-97.7898,30.2964],[-97.7891,30.2993],[-97.7861,30.3033],[-97.7854,30.3028],[-97.7847,30.3029],[-97.7823,30.3063],[-97.7803,30.312],[-97.7807,30.3124],[-97.7805,30.3152]]}},
{"type":"Feature","properties":{"kv":138,"owner":"BANDERA ELECTRIC COOP, INC","status":"IN SERVICE"},"geometry":{"type":"LineString","coordinates":[[-98.5398,29.3677],[-98.5389,29.3693],[-98.5391,29.3713],[-98.5422,29.3831],[-98.5415,29.3889],[-98.5394,29.3915],[-98.5291,29.3986],[-98.5329,29.4001],[-98.5359,29.4018],[-98.5438,29.4037],[-98.5432,29.408],[-98.5403,29.4079],[-98.5398,29.4095]]}},
{"type":"Feature","properties":{"kv":138,"owner":"MID-SOUTH ELECTRIC COOP ASSN","status":"IN SERVICE"},"geometry":{"type":"LineString","coordinates":[[-96.2,30.6504],[-96.226,30.649],[-96.2392,30.6529],[-96.2429,30.656],[-96.2529,30.6623],[-96.2623,30.671],[-96.265,30.6844],[-96.2688,30.6876],[-96.2694,30.6877]]}},
{"type":"Feature","properties":{"kv":138,"owner":"BLUEBONNET ELECTRIC COOP, INC","status":"IN SERVICE"},"geometry":{"type":"LineString","coordinates":[[-97.918,29.8774],[-97.9183,29.8779],[-97.8969,29.9095],[-97.9001,29.9115]]}},
{"type":"Feature","properties":{"kv":138,"owner":"ONCOR ELECTRIC DELIVERY CO.","status":"IN SERVICE"},"geometry":{"type":"LineString","coordinates":[[-97.7878,30.4914],[-97.7883,30.4911],[-97.7889,30.4915],[-97.8005,30.4879],[-97.8032,30.4944],[-97.805,30.4947],[-97.8076,30.4944],[-97.8083,30.4953]]}},
{"type":"Feature","properties":{"kv":138,"owner":"ONCOR ELECTRIC DELIVERY CO.","status":"IN SERVICE"},"geometry":{"type":"LineString","coordinates":[[-97.4344,30.122],[-97.3352,30.1017]]}},
{"type":"Feature","properties":{"kv":138,"owner":"BANDERA ELECTRIC COOP, INC","status":"IN SERVICE"},"geometry":{"type":"LineString","coordinates":[[-98.6081,29.6172],[-98.6083,29.6165],[-98.634,29.6138],[-98.6521,29.6022],[-98.6629,29.5928],[-98.6626,29.5719],[-98.6629,29.5624],[-98.6706,29.556],[-98.6812,29.5503],[-98.6825,29.5487],[-98.6819,29.5482]]}},
{"type":"Feature","properties":{"kv":138,"owner":"BLUEBONNET ELECTRIC COOP, INC","status":"IN SERVICE"},"geometry":{"type":"LineString","coordinates":[[-97.8783,29.5684],[-97.8786,29.5682],[-97.9282,29.5978],[-97.9282,29.5986],[-97.9311,29.5989],[-97.9551,29.5986],[-97.9555,29.5937],[-97.9565,29.5937],[-97.9564,29.5943]]}},
{"type":"Feature","properties":{"kv":138,"owner":"BLUEBONNET ELECTRIC COOP, INC","status":"IN SERVICE"},"geometry":{"type":"LineString","coordinates":[[-98.0034,29.823],[-98.0029,29.8228],[-97.9838,29.8382],[-97.9729,29.8293],[-97.9709,29.831],[-97.9653,29.8263],[-97.9648,29.8265]]}},
{"type":"Feature","properties":{"kv":138,"owner":"BLUEBONNET ELECTRIC COOP, INC","status":"IN SERVICE"},"geometry":{"type":"LineString","coordinates":[[-96.7106,30.0778],[-96.7165,30.0818],[-96.726,30.0891],[-96.737,30.104]]}},
{"type":"Feature","properties":{"kv":138,"owner":"ONCOR ELECTRIC DELIVERY CO.","status":"IN SERVICE"},"geometry":{"type":"LineString","coordinates":[[-97.2688,30.146],[-97.2688,30.1451],[-97.2677,30.145],[-97.2677,30.1426],[-97.2726,30.1421],[-97.2951,30.1153],[-97.313,30.1295],[-97.3207,30.1294],[-97.3212,30.1295],[-97.3214,30.1303],[-97.3211,30.1303]]}},
{"type":"Feature","properties":{"kv":138,"owner":"BANDERA ELECTRIC COOP, INC","status":"IN SERVICE"},"geometry":{"type":"LineString","coordinates":[[-98.5863,29.479],[-98.5858,29.4792],[-98.5853,29.4788],[-98.5838,29.4799],[-98.5598,29.5036],[-98.5599,29.5029]]}},
{"type":"Feature","properties":{"kv":138,"owner":"BANDERA ELECTRIC COOP, INC","status":"IN SERVICE"},"geometry":{"type":"LineString","coordinates":[[-98.9032,29.978],[-98.903,29.9785],[-98.9024,29.9786],[-98.8994,29.979],[-98.8942,29.9814],[-98.8886,29.9845],[-98.8867,29.985]]}},
{"type":"Feature","properties":{"kv":138,"owner":"ONCOR ELECTRIC DELIVERY CO.","status":"IN SERVICE"},"geometry":{"type":"LineString","coordinates":[[-97.5355,30.357],[-97.5352,30.3577],[-97.5809,30.3713]]}},
{"type":"Feature","properties":{"kv":138,"owner":"BLUEBONNET ELECTRIC COOP, INC","status":"IN SERVICE"},"geometry":{"type":"LineString","coordinates":[[-97.2728,30.1477],[-97.2726,30.1558],[-97.2709,30.1576],[-97.2642,30.1526],[-97.2253,30.1294],[-97.2006,30.1151],[-97.1771,30.1022],[-97.1396,30.0784],[-97.1365,30.0768],[-97.1216,30.0767],[-97.0236,30.0524],[-97.0096,30.0495],[-96.9863,30.0457],[-96.976,30.0423],[-96.9272,30.0322],[-96.8987,30.027],[-96.8545,30.0173],[-96.7481,29.9809],[-96.753,29.9699],[-96.7536,29.9411],[-96.7552,29.9183]]}},
{"type":"Feature","properties":{"kv":138,"owner":"CITY OF SAN ANTONIO - (TX)","status":"IN SERVICE"},"geometry":{"type":"LineString","coordinates":[[-98.5263,29.7887],[-98.5267,29.7885],[-98.5929,29.7951],[-98.5932,29.7949]]}},
{"type":"Feature","properties":{"kv":345,"owner":"GUADALUPE VALLEY ELEC COOP INC","status":"IN SERVICE"},"geometry":{"type":"LineString","coordinates":[[-98.4088,29.5806],[-98.4035,29.5825],[-98.3747,29.5979],[-98.3583,29.6022],[-98.3425,29.6055],[-98.3393,29.6056],[-98.3268,29.6081],[-98.3148,29.6107],[-98.2659,29.6086],[-98.2512,29.6071],[-98.1639,29.6185],[-98.1489,29.6199],[-98.1487,29.6205]]}},
{"type":"Feature","properties":{"kv":138,"owner":"BANDERA ELECTRIC COOP, INC","status":"IN SERVICE"},"geometry":{"type":"LineString","coordinates":[[-98.3236,29.3102],[-98.3204,29.3124]]}},
{"type":"Feature","properties":{"kv":138,"owner":"ONCOR ELECTRIC DELIVERY CO.","status":"IN SERVICE"},"geometry":{"type":"LineString","coordinates":[[-97.3344,31.3973],[-97.3335,31.3965],[-97.281,31.3841],[-97.2786,31.3804]]}},
{"type":"Feature","properties":{"kv":138,"owner":"BANDERA ELECTRIC COOP, INC","status":"NOT AVAILABLE"},"geometry":{"type":"LineString","coordinates":[[-98.4795,29.4048],[-98.4798,29.406],[-98.4794,29.4081],[-98.4795,29.4121]]}},
{"type":"Feature","properties":{"kv":345,"owner":"BANDERA ELECTRIC COOP, INC","status":"IN SERVICE"},"geometry":{"type":"LineString","coordinates":[[-98.3204,29.3124],[-98.3209,29.3126],[-98.321,29.3136],[-98.3183,29.3161],[-98.3196,29.3274],[-98.3233,29.334],[-98.3154,29.3674],[-98.3194,29.3969],[-98.3227,29.4062],[-98.3234,29.4786],[-98.3453,29.5121],[-98.3449,29.5187],[-98.3488,29.5323],[-98.3503,29.5341],[-98.3582,29.5342],[-98.3656,29.5413],[-98.3743,29.5481],[-98.3761,29.5474],[-98.4068,29.5782],[-98.4072,29.5804],[-98.4088,29.5806]]}},
{"type":"Feature","properties":{"kv":138,"owner":"ONCOR ELECTRIC DELIVERY CO.","status":"IN SERVICE"},"geometry":{"type":"LineString","coordinates":[[-97.7367,30.2147],[-97.7361,30.2149],[-97.7254,30.2096]]}},
{"type":"Feature","properties":{"kv":138,"owner":"BANDERA ELECTRIC COOP, INC","status":"IN SERVICE"},"geometry":{"type":"LineString","coordinates":[[-98.6099,29.4987],[-98.6116,29.4952],[-98.6138,29.493],[-98.616,29.4887],[-98.618,29.4873],[-98.6209,29.4841],[-98.6244,29.4815],[-98.6319,29.4784],[-98.6485,29.4753],[-98.6489,29.4765]]}},
{"type":"Feature","properties":{"kv":138,"owner":"CITY OF BRYAN - (TX)","status":"NOT AVAILABLE"},"geometry":{"type":"LineString","coordinates":[[-96.4589,30.7222],[-96.4608,30.7216]]}},
{"type":"Feature","properties":{"kv":138,"owner":"BANDERA ELECTRIC COOP, INC","status":"IN SERVICE"},"geometry":{"type":"LineString","coordinates":[[-98.6347,29.3808],[-98.6342,29.3811],[-98.6432,29.3975],[-98.6432,29.4103],[-98.6409,29.4122],[-98.6398,29.4131],[-98.6151,29.413],[-98.6118,29.4132],[-98.6085,29.4118],[-98.5856,29.4214],[-98.5799,29.4209],[-98.5805,29.4161],[-98.5716,29.4153],[-98.5736,29.4001],[-98.5745,29.3983],[-98.5753,29.3919],[-98.5748,29.3866]]}},
{"type":"Feature","properties":{"kv":138,"owner":"ONCOR ELECTRIC DELIVERY CO.","status":"IN SERVICE"},"geometry":{"type":"LineString","coordinates":[[-97.2688,30.146],[-97.2687,30.1454],[-97.2676,30.1454],[-97.2676,30.1425],[-97.2726,30.142],[-97.295,30.1153],[-97.2331,30.0659]]}},
{"type":"Feature","properties":{"kv":345,"owner":"ONCOR ELECTRIC DELIVERY CO.","status":"IN SERVICE"},"geometry":{"type":"LineString","coordinates":[[-97.723,31.039],[-97.7153,31.0203],[-97.7088,31.0081],[-97.6783,30.9958],[-97.6429,30.9789],[-97.6301,30.9829],[-97.6242,30.9887],[-97.6156,30.9915],[-97.6067,30.9984],[-97.5925,30.9933],[-97.5766,30.99],[-97.513,30.9717],[-97.5127,30.9725],[-97.5111,30.9721]]}},
{"type":"Feature","properties":{"kv":138,"owner":"PEDERNALES ELECTRIC COOP, INC","status":"IN SERVICE"},"geometry":{"type":"LineString","coordinates":[[-98.2058,29.9331],[-98.1921,29.9306],[-98.1777,29.93],[-98.1745,29.9303],[-98.1707,29.9315],[-98.1684,29.933],[-98.1605,29.9341],[-98.1564,29.934],[-98.1467,29.9357],[-98.1218,29.9366],[-98.1193,29.9372],[-98.1114,29.9414],[-98.1009,29.9434],[-98.0936,29.9458]]}},
{"type":"Feature","properties":{"kv":345,"owner":"BANDERA ELECTRIC COOP, INC","status":"IN SERVICE"},"geometry":{"type":"LineString","coordinates":[[-98.5717,29.6194],[-98.5705,29.6189],[-98.5705,29.6176],[-98.5595,29.6183],[-98.5104,29.6182],[-98.4953,29.6187],[-98.4924,29.6175],[-98.4721,29.6168],[-98.4658,29.6158],[-98.4326,29.6066],[-98.4194,29.5911],[-98.4112,29.5828],[-98.4092,29.5826],[-98.4088,29.5806]]}},
{"type":"Feature","properties":{"kv":138,"owner":"ONCOR ELECTRIC DELIVERY CO.","status":"NOT AVAILABLE"},"geometry":{"type":"LineString","coordinates":[[-97.2604,31.2918],[-97.2609,31.2917],[-97.2606,31.2912],[-97.2774,31.2832],[-97.2793,31.2779],[-97.2839,31.262],[-97.2974,31.245],[-97.3003,31.238],[-97.3047,31.2326],[-97.3046,31.222],[-97.3054,31.2157],[-97.3107,31.2032],[-97.3121,31.2025],[-97.3147,31.1959],[-97.3145,31.1889],[-97.3177,31.1785],[-97.3348,31.1339],[-97.33,31.1309]]}},
{"type":"Feature","properties":{"kv":138,"owner":"ONCOR ELECTRIC DELIVERY CO.","status":"IN SERVICE"},"geometry":{"type":"LineString","coordinates":[[-97.8571,30.4033],[-97.8564,30.4031],[-97.8467,30.4275],[-97.8373,30.4485],[-97.8301,30.461]]}},
{"type":"Feature","properties":{"kv":138,"owner":"ONCOR ELECTRIC DELIVERY CO.","status":"IN SERVICE"},"geometry":{"type":"LineString","coordinates":[[-97.3114,31.4268],[-97.3152,31.422],[-97.3158,31.4194],[-97.318,31.4183],[-97.3344,31.3973]]}},
{"type":"Feature","properties":{"kv":138,"owner":"BLUEBONNET ELECTRIC COOP, INC","status":"IN SERVICE"},"geometry":{"type":"LineString","coordinates":[[-97.6742,30.0054],[-97.6754,30.0059],[-97.6759,30.0055],[-97.6742,30.0039],[-97.6676,30.0035]]}},
{"type":"Feature","properties":{"kv":138,"owner":"ONCOR ELECTRIC DELIVERY CO.","status":"NOT AVAILABLE"},"geometry":{"type":"LineString","coordinates":[[-97.3612,31.0747],[-97.3607,31.0758],[-97.3601,31.0758]]}},
{"type":"Feature","properties":{"kv":138,"owner":"BANDERA ELECTRIC COOP, INC","status":"IN SERVICE"},"geometry":{"type":"LineString","coordinates":[[-98.4442,29.4049],[-98.4428,29.4054],[-98.4278,29.4054],[-98.4198,29.4059],[-98.3991,29.4058],[-98.3967,29.4271]]}},
{"type":"Feature","properties":{"kv":345,"owner":"ONCOR ELECTRIC DELIVERY COMPANY LLC","status":"IN SERVICE"},"geometry":{"type":"LineString","coordinates":[[-97.6742,30.0054],[-97.6743,30.0047],[-97.6757,30.0034],[-97.699,29.9836],[-97.8451,29.8676],[-97.9422,29.7757],[-97.9486,29.7736],[-97.9486,29.7727],[-97.9495,29.7726]]}},
{"type":"Feature","properties":{"kv":138,"owner":"BLUEBONNET ELECTRIC COOP, INC","status":"IN SERVICE"},"geometry":{"type":"LineString","coordinates":[[-96.3255,30.1384],[-96.3282,30.1502],[-96.3497,30.1676],[-96.356,30.1761],[-96.363,30.1772],[-96.3694,30.177],[-96.3766,30.1808],[-96.3805,30.1811],[-96.3818,30.1818]]}},
{"type":"Feature","properties":{"kv":138,"owner":"ONCOR ELECTRIC DELIVERY CO.","status":"IN SERVICE"},"geometry":{"type":"LineString","coordinates":[[-97.8115,30.1722],[-97.8118,30.172],[-97.8119,30.1738],[-97.825,30.1735],[-97.8272,30.1739],[-97.8281,30.1748],[-97.8315,30.1764],[-97.8358,30.1766],[-97.8498,30.1833],[-97.847,30.1876],[-97.8479,30.188],[-97.8482,30.1877]]}},
{"type":"Feature","properties":{"kv":345,"owner":"ONCOR ELECTRIC DELIVERY CO.","status":"IN SERVICE"},"geometry":{"type":"LineString","coordinates":[[-96.9645,31.5747],[-96.9606,31.5866],[-96.9882,31.6299],[-96.9887,31.638],[-96.9941,31.6647],[-96.9975,31.6785],[-97.0003,31.7]]}},
{"type":"Feature","properties":{"kv":345,"owner":"ONCOR ELECTRIC DELIVERY CO.","status":"IN SERVICE"},"geometry":{"type":"LineString","coordinates":[[-96.9848,31.4681],[-96.9842,31.4684],[-96.982,31.4713],[-96.961,31.4727],[-96.9611,31.4733],[-96.9607,31.4735]]}},
{"type":"Feature","properties":{"kv":138,"owner":"BLUEBONNET ELECTRIC COOP, INC","status":"IN SERVICE"},"geometry":{"type":"LineString","coordinates":[[-97.9501,29.7375],[-97.9493,29.7376],[-97.9518,29.7499],[-97.9554,29.7547],[-97.9501,29.7694],[-97.9501,29.77],[-97.9515,29.7719],[-97.951,29.7733],[-97.9495,29.7726]]}},
{"type":"Feature","properties":{"kv":345,"owner":"KARNES ELECTRIC COOP INC","status":"IN SERVICE"},"geometry":{"type":"LineString","coordinates":[[-98.5045,29.2],[-98.5045,29.2102]]}},
{"type":"Feature","properties":{"kv":138,"owner":"ONCOR ELECTRIC DELIVERY CO.","status":"IN SERVICE"},"geometry":{"type":"LineString","coordinates":[[-97.6893,30.3939],[-97.6896,30.3945],[-97.6892,30.4022],[-97.6941,30.4066],[-97.708,30.4091],[-97.7229,30.4068],[-97.7262,30.4058],[-97.7293,30.4058],[-97.7584,30.4013],[-97.826,30.4013],[-97.8633,30.3968],[-97.8865,30.3851],[-97.9009,30.3849],[-97.9038,30.3863],[-97.9077,30.3875],[-97.9092,30.3892]]}},
{"type":"Feature","properties":{"kv":345,"owner":"BLUEBONNET ELECTRIC COOP, INC","status":"NOT AVAILABLE"},"geometry":{"type":"MultiLineString","coordinates":[[[-97.9999,29.4673],[-97.9987,29.4688],[-97.9995,29.4693],[-98.0016,29.4696],[-98.0028,29.4784],[-98.0326,29.5115],[-98.0457,29.5276],[-98.082,29.5731],[-98.0914,29.5808]],[[-98.1487,29.6205],[-98.1478,29.6198],[-98.1408,29.6203],[-98.0914,29.5808]]]}},
{"type":"Feature","properties":{"kv":138,"owner":"ONCOR ELECTRIC DELIVERY CO.","status":"NOT AVAILABLE"},"geometry":{"type":"LineString","coordinates":[[-96.9848,31.4681],[-96.9833,31.4713],[-96.9809,31.4979],[-96.9807,31.5271],[-96.9814,31.5674],[-96.9753,31.574],[-96.9645,31.5747]]}},
{"type":"Feature","properties":{"kv":138,"owner":"BANDERA ELECTRIC COOP, INC","status":"IN SERVICE"},"geometry":{"type":"LineString","coordinates":[[-98.5565,29.373],[-98.5568,29.3719],[-98.561,29.3667],[-98.5626,29.3537],[-98.5738,29.3547],[-98.5744,29.3504],[-98.5775,29.3516],[-98.5764,29.3527],[-98.6062,29.3576],[-98.6153,29.3658],[-98.6148,29.3683],[-98.6283,29.3701],[-98.6342,29.381],[-98.6347,29.3808]]}},
{"type":"Feature","properties":{"kv":138,"owner":"BLUEBONNET ELECTRIC COOP, INC","status":"IN SERVICE"},"geometry":{"type":"LineString","coordinates":[[-96.3991,29.754],[-96.4783,29.7161],[-96.4881,29.7146],[-96.4878,29.7121],[-96.5141,29.7026],[-96.5287,29.6978],[-96.5298,29.699],[-96.5367,29.6989],[-96.572,29.6969]]}},
{"type":"Feature","properties":{"kv":138,"owner":"BLUEBONNET ELECTRIC COOP, INC","status":"NOT AVAILABLE"},"geometry":{"type":"LineString","coordinates":[[-96.7837,29.6836],[-96.7376,29.6865],[-96.7189,29.6872],[-96.7092,29.6881],[-96.7057,29.6862],[-96.6999,29.6877],[-96.6968,29.689],[-96.656,29.6916],[-96.6522,29.6923],[-96.6467,29.6927],[-96.6447,29.6924],[-96.6415,29.6924],[-96.575,29.6965],[-96.5727,29.6971],[-96.5719,29.6971],[-96.572,29.6969]]}},
{"type":"Feature","properties":{"kv":138,"owner":"ONCOR ELECTRIC DELIVERY CO.","status":"IN SERVICE"},"geometry":{"type":"LineString","coordinates":[[-97.8548,30.3153],[-97.8538,30.3181],[-97.8518,30.3212],[-97.8871,30.37],[-97.9014,30.3834],[-97.9003,30.3839]]}},
{"type":"Feature","properties":{"kv":138,"owner":"PEDERNALES ELECTRIC COOP, INC","status":"IN SERVICE"},"geometry":{"type":"LineString","coordinates":[[-98.3925,30.5328],[-98.3795,30.5344],[-98.3797,30.5481],[-98.3714,30.5483],[-98.3714,30.554],[-98.371,30.5556]]}},
{"type":"Feature","properties":{"kv":138,"owner":"PEDERNALES ELECTRIC COOP, INC","status":"IN SERVICE"},"geometry":{"type":"LineString","coordinates":[[-98.371,30.5556],[-98.3701,30.5555],[-98.3709,30.5518],[-98.3709,30.5499],[-98.3691,30.5433],[-98.3656,30.544],[-98.3598,30.5415],[-98.353,30.5433],[-98.3494,30.5437],[-98.3417,30.5428],[-98.3383,30.5429],[-98.3365,30.5539],[-98.336,30.5551],[-98.338,30.5586],[-98.3382,30.5596],[-98.3374,30.5596]]}},
{"type":"Feature","properties":{"kv":138,"owner":"ONCOR ELECTRIC DELIVERY CO.","status":"IN SERVICE"},"geometry":{"type":"LineString","coordinates":[[-97.6142,30.305],[-97.6142,30.3053],[-97.6159,30.3064],[-97.6229,30.3098],[-97.6296,30.3115],[-97.6448,30.3188],[-97.6437,30.3287],[-97.6456,30.3408],[-97.6459,30.3536],[-97.6479,30.3637],[-97.648,30.3661],[-97.6473,30.3685],[-97.6407,30.3828],[-97.641,30.3836],[-97.6884,30.3924],[-97.6893,30.3931],[-97.6893,30.3939]]}},
{"type":"Feature","properties":{"kv":138,"owner":"BLUEBONNET ELECTRIC COOP, INC","status":"IN SERVICE"},"geometry":{"type":"LineString","coordinates":[[-97.918,29.8774],[-97.9168,29.876],[-97.9448,29.8505]]}},
{"type":"Feature","properties":{"kv":345,"owner":"GUADALUPE VALLEY ELEC COOP INC","status":"IN SERVICE"},"geometry":{"type":"LineString","coordinates":[[-98.5717,29.6194],[-98.5715,29.6208],[-98.5708,29.6212],[-98.5702,29.621],[-98.5702,29.6179],[-98.5595,29.6185],[-98.512,29.6185],[-98.4883,29.623],[-98.4855,29.631],[-98.465,29.6333],[-98.4602,29.6318],[-98.452,29.6327],[-98.4388,29.6328],[-98.4116,29.6382],[-98.2843,29.6529],[-98.2745,29.6558],[-98.2684,29.6555],[-98.257,29.6609],[-98.2498,29.6634],[-98.2457,29.6654],[-98.2373,29.6528],[-98.2161,29.6506],[-98.1991,29.6357],[-98.1933,29.6315],[-98.1823,29.6213],[-98.1769,29.6168],[-98.1501,29.62],[-98.1487,29.6205]]}},
{"type":"Feature","properties":{"kv":138,"owner":"GUADALUPE VALLEY ELEC COOP INC","status":"IN SERVICE"},"geometry":{"type":"LineString","coordinates":[[-98.0511,29.7736],[-98.0696,29.7647],[-98.1128,29.7417],[-98.14,29.7226],[-98.1388,29.7151],[-98.1364,29.7089],[-98.135,29.7069]]}},
{"type":"Feature","properties":{"kv":138,"owner":"ONCOR ELECTRIC DELIVERY CO.","status":"NOT AVAILABLE"},"geometry":{"type":"LineString","coordinates":[[-97.711,30.2165],[-97.7116,30.2159],[-97.7142,30.2171],[-97.7159,30.2137],[-97.7237,30.2147]]}},
{"type":"Feature","properties":{"kv":138,"owner":"ONCOR ELECTRIC DELIVERY CO.","status":"IN SERVICE"},"geometry":{"type":"LineString","coordinates":[[-97.6142,30.305],[-97.6178,30.3037],[-97.6185,30.3008],[-97.61,30.284],[-97.6035,30.2767],[-97.6101,30.2553],[-97.6118,30.2468],[-97.6087,30.2444],[-97.6139,30.2367],[-97.6164,30.2237],[-97.6165,30.2116],[-97.6173,30.2111]]}},
{"type":"Feature","properties":{"kv":138,"owner":"BANDERA ELECTRIC COOP, INC","status":"IN SERVICE"},"geometry":{"type":"LineString","coordinates":[[-98.5373,29.269],[-98.5375,29.2688],[-98.5377,29.2709],[-98.5568,29.272],[-98.5694,29.2791],[-98.5722,29.2802],[-98.5723,29.2806]]}},
{"type":"Feature","properties":{"kv":138,"owner":"AEP TEXAS CENTRAL COMPANY","status":"NOT AVAILABLE"},"geometry":{"type":"LineString","coordinates":[[-98.0718,29.4006],[-98.0711,29.4007],[-98.0703,29.3784],[-98.0724,29.3596],[-98.0743,29.3553],[-98.0564,29.3255],[-98.0543,29.3239]]}},
{"type":"Feature","properties":{"kv":138,"owner":"PEDERNALES ELECTRIC COOP, INC","status":"IN SERVICE"},"geometry":{"type":"LineString","coordinates":[[-98.2374,30.7592],[-98.2613,30.7446],[-98.2994,30.7431],[-98.3858,30.7597],[-98.4145,30.7548],[-98.4165,30.7507],[-98.4164,30.7501]]}},
{"type":"Feature","properties":{"kv":138,"owner":"BANDERA ELECTRIC COOP, INC","status":"NOT AVAILABLE"},"geometry":{"type":"LineString","coordinates":[[-98.4889,29.3967],[-98.4896,29.3963],[-98.4907,29.3976],[-98.4953,29.3993],[-98.4949,29.4005],[-98.495,29.4055],[-98.4962,29.4095],[-98.5022,29.4118],[-98.5044,29.4137],[-98.5055,29.4143],[-98.5077,29.4145],[-98.5089,29.416],[-98.5072,29.4287],[-98.5074,29.4303],[-98.5083,29.4319],[-98.5048,29.4602],[-98.5039,29.4623],[-98.4966,29.4729],[-98.4917,29.4816],[-98.4916,29.4838],[-98.4911,29.4842]]}},
{"type":"Feature","properties":{"kv":138,"owner":"ONCOR ELECTRIC DELIVERY CO.","status":"IN SERVICE"},"geometry":{"type":"LineString","coordinates":[[-97.6142,30.2096],[-97.6169,30.2111],[-97.6162,30.2113],[-97.6152,30.2093],[-97.6142,30.2096],[-97.6151,30.2097],[-97.6162,30.2115],[-97.6173,30.2111]]}},
{"type":"Feature","properties":{"kv":138,"owner":"BANDERA ELECTRIC COOP, INC","status":"IN SERVICE"},"geometry":{"type":"LineString","coordinates":[[-98.7878,29.4205],[-98.7873,29.4207],[-98.7873,29.4211],[-98.7832,29.421],[-98.7831,29.4216],[-98.7621,29.4218],[-98.7603,29.4199],[-98.7593,29.4176],[-98.7576,29.4163],[-98.7495,29.4127],[-98.7417,29.4077],[-98.7385,29.4071],[-98.7369,29.4059],[-98.7356,29.404],[-98.7309,29.4008],[-98.7205,29.4008],[-98.7203,29.4173],[-98.7174,29.4173],[-98.7174,29.4166],[-98.7182,29.4161]]}},
{"type":"Feature","properties":{"kv":138,"owner":"ONCOR ELECTRIC DELIVERY CO.","status":"IN SERVICE"},"geometry":{"type":"LineString","coordinates":[[-97.5614,30.5512],[-97.5612,30.5505],[-97.5605,30.5504],[-97.5604,30.5508],[-97.5578,30.551],[-97.4865,30.557]]}},
{"type":"Feature","properties":{"kv":138,"owner":"BLUEBONNET ELECTRIC COOP, INC","status":"IN SERVICE"},"geometry":{"type":"LineString","coordinates":[[-97.9585,29.494],[-97.9574,29.4944],[-97.9572,29.4934],[-97.9549,29.4945],[-97.9381,29.4986],[-97.9381,29.4972],[-97.9067,29.4971],[-97.9068,29.4999],[-97.8852,29.4999],[-97.8852,29.4974],[-97.8763,29.4975],[-97.8755,29.4724],[-97.8646,29.4725],[-97.8645,29.4687],[-97.8642,29.4684]]}},
{"type":"Feature","properties":{"kv":138,"owner":"ONCOR ELECTRIC DELIVERY CO.","status":"IN SERVICE"},"geometry":{"type":"LineString","coordinates":[[-97.4865,30.557],[-97.4049,30.5641],[-97.3964,30.5637],[-97.3976,30.5664],[-97.3972,30.5666]]}},
{"type":"Feature","properties":{"kv":138,"owner":"BANDERA ELECTRIC COOP, INC","status":"IN SERVICE"},"geometry":{"type":"LineString","coordinates":[[-98.374,29.2758],[-98.374,29.2761],[-98.3747,29.2763],[-98.3482,29.2993],[-98.3406,29.2996],[-98.3342,29.3049],[-98.3275,29.3066],[-98.3258,29.311],[-98.3233,29.3109],[-98.3236,29.3102]]}},
{"type":"Feature","properties":{"kv":138,"owner":"BLUEBONNET ELECTRIC COOP, INC","status":"IN SERVICE"},"geometry":{"type":"LineString","coordinates":[[-97.9648,29.8265],[-97.9654,29.8264],[-97.9709,29.8311],[-97.9729,29.8294],[-97.9837,29.8382],[-97.9798,29.8414],[-98.0014,29.8598],[-97.9965,29.8649],[-97.9941,29.8988],[-97.9918,29.9006]]}},
{"type":"Feature","properties":{"kv":138,"owner":"BANDERA ELECTRIC COOP, INC","status":"IN SERVICE"},"geometry":{"type":"LineString","coordinates":[[-98.6099,29.4987],[-98.591,29.5175],[-98.5882,29.5153]]}},
{"type":"Feature","properties":{"kv":345,"owner":"BLUEBONNET ELECTRIC COOP, INC","status":"IN SERVICE"},"geometry":{"type":"LineString","coordinates":[[-98.1487,29.6205],[-98.1478,29.62],[-98.0846,29.6267],[-98.0589,29.6308],[-98.0374,29.6316],[-97.9884,29.674],[-97.978,29.6966],[-97.9699,29.7111],[-97.9662,29.7233],[-97.9493,29.7706],[-97.949,29.7722],[-97.9495,29.7726]]}},
{"type":"Feature","properties":{"kv":138,"owner":"CITY OF SAN ANTONIO - (TX)","status":"IN SERVICE"},"geometry":{"type":"LineString","coordinates":[[-98.5932,29.7949],[-98.595,29.7953],[-98.5975,29.7915],[-98.5981,29.7906],[-98.5985,29.7876],[-98.6004,29.785],[-98.6016,29.7783],[-98.6035,29.7728],[-98.6054,29.7698],[-98.6117,29.7623],[-98.6117,29.7324],[-98.6124,29.7324],[-98.6124,29.7328]]}},
{"type":"Feature","properties":{"kv":138,"owner":"ONCOR ELECTRIC DELIVERY CO.","status":"IN SERVICE"},"geometry":{"type":"LineString","coordinates":[[-97.6359,30.1589],[-97.6364,30.1589],[-97.6363,30.1584],[-97.6817,30.1629]]}},
{"type":"Feature","properties":{"kv":138,"owner":"CENTRAL TEXAS ELEC COOP, INC","status":"NOT AVAILABLE"},"geometry":{"type":"LineString","coordinates":[[-98.4121,30.0827],[-98.4123,30.0833],[-98.406,30.0875],[-98.3869,30.1332],[-98.3809,30.1435],[-98.3796,30.1469],[-98.3664,30.1619],[-98.3683,30.1739],[-98.366,30.219],[-98.3669,30.2309],[-98.3701,30.2295],[-98.3703,30.2299]]}},
{"type":"Feature","properties":{"kv":138,"owner":"BANDERA ELECTRIC COOP, INC","status":"IN SERVICE"},"geometry":{"type":"LineString","coordinates":[[-98.6489,29.4765],[-98.6486,29.4764],[-98.6484,29.4754],[-98.6319,29.4785],[-98.6283,29.48],[-98.6385,29.4935],[-98.6819,29.5482]]}},
{"type":"Feature","properties":{"kv":138,"owner":"BANDERA ELECTRIC COOP, INC","status":"IN SERVICE"},"geometry":{"type":"LineString","coordinates":[[-98.5083,29.4987],[-98.5077,29.4986],[-98.5077,29.4933],[-98.5064,29.493],[-98.5022,29.493],[-98.5011,29.4912],[-98.4996,29.4908],[-98.4988,29.4895],[-98.4911,29.4895],[-98.491,29.4884],[-98.4881,29.4882],[-98.475,29.5115],[-98.4657,29.5114],[-98.4632,29.516],[-98.4614,29.518],[-98.4599,29.518],[-98.4437,29.5343],[-98.4449,29.5352],[-98.4392,29.5389],[-98.4377,29.5406],[-98.4406,29.5425],[-98.4397,29.5435],[-98.4324,29.5486],[-98.4152,29.5688],[-98.4071,29.5756],[-98.4104,29.5784],[-98.4092,29.5791],[-98.4094,29.5797],[-98.4088,29.5806]]}},
{"type":"Feature","properties":{"kv":138,"owner":"ONCOR ELECTRIC DELIVERY CO.","status":"IN SERVICE"},"geometry":{"type":"LineString","coordinates":[[-98.3374,30.5596],[-98.3381,30.5598],[-98.3388,30.5633],[-98.3417,30.5678],[-98.3233,30.5954],[-98.337,30.6167],[-98.3353,30.6202],[-98.2613,30.7445],[-98.2374,30.7592]]}},
{"type":"Feature","properties":{"kv":138,"owner":"BANDERA ELECTRIC COOP, INC","status":"IN SERVICE"},"geometry":{"type":"LineString","coordinates":[[-98.5043,29.4139],[-98.5055,29.4144],[-98.5077,29.4146],[-98.5088,29.4161],[-98.5071,29.4287],[-98.5074,29.4304],[-98.5082,29.4319],[-98.5077,29.4368],[-98.5067,29.4373]]}},
{"type":"Feature","properties":{"kv":138,"owner":"GUADALUPE VALLEY ELEC COOP INC","status":"IN SERVICE"},"geometry":{"type":"LineString","coordinates":[[-98.2029,29.6582],[-98.2031,29.6593],[-98.2051,29.6612],[-98.2051,29.6617],[-98.2035,29.6624],[-98.2023,29.664],[-98.2044,29.667],[-98.1934,29.6723],[-98.1836,29.6788],[-98.1779,29.6771]]}},
{"type":"Feature","properties":{"kv":138,"owner":"ONCOR ELECTRIC DELIVERY CO.","status":"IN SERVICE"},"geometry":{"type":"LineString","coordinates":[[-97.6489,30.5414],[-97.6802,30.5373],[-97.684,30.5351],[-97.6854,30.5335],[-97.6967,30.5252]]}},
{"type":"Feature","properties":{"kv":138,"owner":"BANDERA ELECTRIC COOP, INC","status":"IN SERVICE"},"geometry":{"type":"LineString","coordinates":[[-98.3827,29.258],[-98.3776,29.2737],[-98.3747,29.2762],[-98.374,29.2758]]}},
{"type":"Feature","properties":{"kv":138,"owner":"ONCOR ELECTRIC DELIVERY CO.","status":"IN SERVICE"},"geometry":{"type":"LineString","coordinates":[[-97.7691,30.1862],[-97.7687,30.1857],[-97.7678,30.1858],[-97.7311,30.1673],[-97.682,30.1627],[-97.6817,30.1629]]}},
{"type":"Feature","properties":{"kv":138,"owner":"BANDERA ELECTRIC COOP, INC","status":"IN SERVICE"},"geometry":{"type":"LineString","coordinates":[[-98.9032,29.978],[-98.9042,29.9772],[-98.9042,29.9697],[-98.91,29.9607],[-98.9109,29.9586],[-98.913,29.9587],[-98.9133,29.9592]]}},
{"type":"Feature","properties":{"kv":138,"owner":"CITY OF BRYAN - (TX)","status":"NOT AVAILABLE"},"geometry":{"type":"LineString","coordinates":[[-96.2,30.6179],[-96.2004,30.6182],[-96.2073,30.6216],[-96.2142,30.6275],[-96.2235,30.6286],[-96.2248,30.6312],[-96.2544,30.6495],[-96.2693,30.6542],[-96.2751,30.6485],[-96.2749,30.6465],[-96.2934,30.6292],[-96.2926,30.6284],[-96.2938,30.6274],[-96.2943,30.6277]]}},
{"type":"Feature","properties":{"kv":138,"owner":"ONCOR ELECTRIC DELIVERY CO.","status":"IN SERVICE"},"geometry":{"type":"LineString","coordinates":[[-97.9525,30.227],[-97.9544,30.2304],[-97.9604,30.2333],[-97.9635,30.2631],[-97.972,30.3043],[-97.972,30.3062],[-97.9709,30.3108],[-97.9714,30.3122],[-97.9709,30.313]]}},
{"type":"Feature","properties":{"kv":138,"owner":"GUADALUPE VALLEY ELEC COOP INC","status":"IN SERVICE"},"geometry":{"type":"LineString","coordinates":[[-98.0406,29.8035],[-98.0418,29.8024],[-98.0388,29.7999],[-98.037,29.8014],[-98.0354,29.8005],[-98.0322,29.7976],[-98.044,29.7887],[-98.0493,29.7838],[-98.045,29.779],[-98.0511,29.774],[-98.0511,29.7736]]}},
{"type":"Feature","properties":{"kv":138,"owner":"BANDERA ELECTRIC COOP, INC","status":"IN SERVICE"},"geometry":{"type":"LineString","coordinates":[[-98.4549,29.6792],[-98.4555,29.679],[-98.4555,29.6797],[-98.4863,29.6796],[-98.5173,29.6651],[-98.5176,29.6655]]}},
{"type":"Feature","properties":{"kv":138,"owner":"ONCOR ELECTRIC DELIVERY CO.","status":"NOT AVAILABLE"},"geometry":{"type":"LineString","coordinates":[[-98.2572,30.5559],[-98.2576,30.5552]]}},
{"type":"Feature","properties":{"kv":138,"owner":"ONCOR ELECTRIC DELIVERY CO.","status":"IN SERVICE"},"geometry":{"type":"LineString","coordinates":[[-97.7688,30.2338],[-97.7692,30.2342],[-97.7649,30.2418],[-97.764,30.2452],[-97.7569,30.2563],[-97.7563,30.2578],[-97.7563,30.2594],[-97.7555,30.2607],[-97.7555,30.2624],[-97.7524,30.2654],[-97.7511,30.265]]}},
{"type":"Feature","properties":{"kv":345,"owner":"BLUEBONNET ELECTRIC COOP, INC","status":"IN SERVICE"},"geometry":{"type":"LineString","coordinates":[[-97.9495,29.7726],[-97.9484,29.7725],[-97.9483,29.7732],[-97.9382,29.7733],[-97.9191,29.7901],[-97.8647,29.8306],[-97.847,29.8123],[-97.8347,29.8215],[-97.8312,29.8341],[-97.8116,29.8488],[-97.8229,29.8597],[-97.8142,29.866],[-97.8033,29.8732],[-97.7802,29.8723],[-97.7646,29.8839],[-97.7499,29.8915],[-97.7418,29.9153],[-97.7515,29.9611],[-97.7412,29.966],[-97.7462,29.9913],[-97.7223,30.0106],[-97.7243,30.0694],[-97.7024,30.077],[-97.6894,30.0773],[-97.6836,30.0827],[-97.6858,30.0845],[-97.6724,30.0966],[-97.6664,30.1037],[-97.6592,30.1158],[-97.6586,30.1176],[-97.6583,30.1209],[-97.6647,30.1364],[-97.663,30.1404],[-97.6589,30.1467],[-97.6518,30.1614],[-97.6475,30.1657],[-97.6378,30.1737],[-97.6257,30.1814],[-97.6186,30.1881],[-97.6162,30.1964],[-97.6205,30.2007],[-97.6207,30.2063],[-97.6197,30.2127],[-97.6172,30.214],[-97.6167,30.2172],[-97.6167,30.2237],[-97.615,30.2334],[-97.6137,30.2343],[-97.6133,30.2366],[-97.5897,30.2731],[-97.5799,30.2811],[-97.5705,30.2895],[-97.5702,30.2904],[-97.5674,30.3026],[-97.5678,30.3069],[-97.5689,30.3103],[-97.5752,30.3231],[-97.5784,30.3395],[-97.5736,30.347],[-97.5865,30.3571],[-97.5846,30.3611],[-97.5803,30.3671],[-97.5773,30.387],[-97.5772,30.3921],[-97.5808,30.4014],[-97.5829,30.4088],[-97.5741,30.409],[-97.5741,30.4099]]}},
{"type":"Feature","properties":{"kv":138,"owner":"PEDERNALES ELECTRIC COOP, INC","status":"IN SERVICE"},"geometry":{"type":"LineString","coordinates":[[-97.9495,29.7726],[-97.9506,29.7736],[-97.9896,29.7827],[-98.0147,29.7893],[-98.0154,29.7894],[-98.017,29.7909],[-98.014,29.7941],[-97.9682,29.8284],[-97.9652,29.826],[-97.9648,29.8265]]}},
{"type":"Feature","properties":{"kv":138,"owner":"BLUEBONNET ELECTRIC COOP, INC","status":"IN SERVICE"},"geometry":{"type":"LineString","coordinates":[[-97.8783,29.5684],[-97.8786,29.5676],[-97.8816,29.5675],[-97.882,29.5616],[-97.8816,29.5539],[-97.8817,29.5385],[-97.8857,29.5322],[-97.8851,29.4975],[-97.8762,29.4975],[-97.8754,29.4724],[-97.8645,29.4726],[-97.8642,29.4684]]}},
{"type":"Feature","properties":{"kv":138,"owner":"ONCOR ELECTRIC DELIVERY CO.","status":"NOT AVAILABLE"},"geometry":{"type":"LineString","coordinates":[[-97.3078,31.0791],[-97.3085,31.0799],[-97.3076,31.0856],[-97.2897,31.0805],[-97.2885,31.0829],[-97.2824,31.0809]]}},
{"type":"Feature","properties":{"kv":345,"owner":"AEP TEXAS CENTRAL COMPANY","status":"NOT AVAILABLE"},"geometry":{"type":"LineString","coordinates":[[-97.9999,29.4673],[-98.0011,29.4655],[-98.0011,29.4641],[-97.9978,29.4392],[-97.9686,29.3468],[-97.9968,29.3104],[-98.0045,29.2999],[-98.0525,29.2382],[-98.0644,29.2149],[-98.0734,29.2]]}},
{"type":"Feature","properties":{"kv":345,"owner":"BLUEBONNET ELECTRIC COOP, INC","status":"IN SERVICE"},"geometry":{"type":"LineString","coordinates":[[-96.4255,30.1112],[-96.4258,30.1119],[-96.4268,30.1113],[-96.4471,30.1054],[-96.4525,30.1066],[-96.4605,30.1095],[-96.5476,30.048],[-96.586,30.0321],[-96.6464,30.001],[-96.6755,29.973],[-96.6775,29.9714],[-96.6862,29.9628],[-96.6874,29.9636],[-96.6897,29.9637],[-96.7478,29.9808],[-96.7528,29.9699],[-96.7534,29.9411],[-96.7544,29.9221],[-96.7547,29.9188],[-96.7552,29.9183]]}},
{"type":"Feature","properties":{"kv":138,"owner":"BLUEBONNET ELECTRIC COOP, INC","status":"IN SERVICE"},"geometry":{"type":"LineString","coordinates":[[-98.0937,29.9461],[-98.0935,29.9464],[-98.0928,29.946],[-98.047,29.9386],[-98.0184,29.9329],[-98.0053,29.934],[-97.9544,29.9279],[-97.944,29.924],[-97.9336,29.9215],[-97.9217,29.9166],[-97.9132,29.9137],[-97.906,29.9119],[-97.9048,29.9125],[-97.9013,29.9111],[-97.901,29.9118],[-97.9001,29.9115]]}},
{"type":"Feature","properties":{"kv":138,"owner":"BLUEBONNET ELECTRIC COOP, INC","status":"IN SERVICE"},"geometry":{"type":"LineString","coordinates":[[-96.4255,30.1112],[-96.4254,30.1123],[-96.4239,30.1136],[-96.3951,30.1504],[-96.3945,30.1506]]}},
{"type":"Feature","properties":{"kv":138,"owner":"CENTRAL TEXAS ELEC COOP, INC","status":"IN SERVICE"},"geometry":{"type":"LineString","coordinates":[[-98.8867,29.985],[-98.8886,29.9848],[-98.8878,29.9867],[-98.8888,29.9881],[-98.8671,30.008],[-98.8518,30.0119],[-98.8224,30.101],[-98.8821,30.2523]]}},
{"type":"Feature","properties":{"kv":138,"owner":"ONCOR ELECTRIC DELIVERY CO.","status":"IN SERVICE"},"geometry":{"type":"LineString","coordinates":[[-97.7022,30.5212],[-97.6967,30.5252]]}},
{"type":"Feature","properties":{"kv":138,"owner":"BANDERA ELECTRIC COOP, INC","status":"NOT AVAILABLE"},"geometry":{"type":"LineString","coordinates":[[-98.4187,29.5302],[-98.4185,29.5293]]}},
{"type":"Feature","properties":{"kv":138,"owner":"BANDERA ELECTRIC COOP, INC","status":"IN SERVICE"},"geometry":{"type":"LineString","coordinates":[[-98.4442,29.4049],[-98.446,29.4043],[-98.4471,29.4033],[-98.4505,29.4027],[-98.4761,29.4028],[-98.4763,29.4055],[-98.4791,29.4054],[-98.4795,29.4048]]}},
{"type":"Feature","properties":{"kv":138,"owner":"BLUEBONNET ELECTRIC COOP, INC","status":"NOT AVAILABLE"},"geometry":{"type":"LineString","coordinates":[[-98.1026,29.9998],[-98.1019,29.9985],[-98.1048,29.9941],[-98.1056,29.9937],[-98.1037,29.9903],[-98.0999,29.9799],[-98.1015,29.9711],[-98.0991,29.9645],[-98.0967,29.9546],[-98.0937,29.9461]]}},
{"type":"Feature","properties":{"kv":138,"owner":"BANDERA ELECTRIC COOP, INC","status":"IN SERVICE"},"geometry":{"type":"LineString","coordinates":[[-98.4443,29.4326],[-98.4437,29.4331],[-98.4422,29.4359],[-98.4417,29.4395],[-98.4353,29.4489],[-98.4311,29.4537],[-98.4295,29.4552],[-98.4105,29.4659],[-98.4079,29.4701],[-98.4054,29.47],[-98.4037,29.4705],[-98.3971,29.4704],[-98.3929,29.4733],[-98.3928,29.4653],[-98.3924,29.4653]]}},
{"type":"Feature","properties":{"kv":138,"owner":"BANDERA ELECTRIC COOP, INC","status":"IN SERVICE"},"geometry":{"type":"LineString","coordinates":[[-98.8042,29.2507],[-98.8043,29.2513],[-98.8011,29.2515],[-98.7986,29.2548],[-98.7975,29.2555],[-98.7975,29.2582],[-98.796,29.2613],[-98.7961,29.2686],[-98.7986,29.2716],[-98.7986,29.2752],[-98.7952,29.2769],[-98.7951,29.2958],[-98.7957,29.2981],[-98.7986,29.2981],[-98.7986,29.3126],[-98.8012,29.3138],[-98.8009,29.33],[-98.8026,29.3315],[-98.8056,29.3316],[-98.8125,29.3343],[-98.8154,29.3365],[-98.8151,29.359],[-98.8159,29.3588]]}},
{"type":"Feature","properties":{"kv":345,"owner":"ONCOR ELECTRIC DELIVERY CO.","status":"IN SERVICE"},"geometry":{"type":"LineString","coordinates":[[-97.5741,30.4099],[-97.5746,30.4109],[-97.5743,30.4114],[-97.5731,30.4108],[-97.5721,30.4099],[-97.5114,30.4125],[-97.3763,30.4158],[-97.3591,30.417]]}},
{"type":"Feature","properties":{"kv":138,"owner":"ONCOR ELECTRIC DELIVERY CO.","status":"IN SERVICE"},"geometry":{"type":"LineString","coordinates":[[-97.9788,30.3587],[-97.9124,30.3932],[-97.9101,30.3935],[-97.9075,30.39]]}},
{"type":"Feature","properties":{"kv":138,"owner":"BANDERA ELECTRIC COOP, INC","status":"IN SERVICE"},"geometry":{"type":"LineString","coordinates":[[-98.569,29.3983],[-98.5686,29.3987],[-98.5718,29.3991],[-98.5706,29.4084],[-98.5436,29.4059],[-98.5433,29.4082],[-98.5403,29.4079],[-98.5398,29.4095]]}},
{"type":"Feature","properties":{"kv":138,"owner":"ONCOR ELECTRIC DELIVERY CO.","status":"IN SERVICE"},"geometry":{"type":"LineString","coordinates":[[-97.7442,30.4008],[-97.8249,30.4008],[-97.8412,30.3989],[-97.8423,30.399],[-97.8435,30.3986],[-97.8552,30.3971],[-97.8569,30.3975],[-97.8633,30.3968],[-97.8865,30.3851],[-97.8991,30.3846],[-97.9061,30.3882],[-97.9075,30.39]]}},
{"type":"Feature","properties":{"kv":138,"owner":"BLUEBONNET ELECTRIC COOP, INC","status":"IN SERVICE"},"geometry":{"type":"LineString","coordinates":[[-98.2899,29.5827],[-98.29,29.5835],[-98.2648,29.5999],[-98.2713,29.6096],[-98.2709,29.61]]}},
{"type":"Feature","properties":{"kv":138,"owner":"BANDERA ELECTRIC COOP, INC","status":"IN SERVICE"},"geometry":{"type":"LineString","coordinates":[[-98.3236,29.3102],[-98.3239,29.3105],[-98.3201,29.3273],[-98.3238,29.3339],[-98.3159,29.3674],[-98.318,29.3828],[-98.3185,29.382]]}},
{"type":"Feature","properties":{"kv":138,"owner":"ONCOR ELECTRIC DELIVERY CO.","status":"IN SERVICE"},"geometry":{"type":"LineString","coordinates":[[-97.5485,30.1455],[-97.548,30.1459],[-97.5437,30.1437],[-97.5445,30.1424],[-97.5454,30.1426]]}},
{"type":"Feature","properties":{"kv":138,"owner":"ONCOR ELECTRIC DELIVERY CO.","status":"IN SERVICE"},"geometry":{"type":"LineString","coordinates":[[-97.8422,30.3986],[-97.825,30.4007],[-97.7442,30.4008]]}},
{"type":"Feature","properties":{"kv":345,"owner":"BLUEBONNET ELECTRIC COOP, INC","status":"IN SERVICE"},"geometry":{"type":"LineString","coordinates":[[-97.9495,29.7726],[-97.9498,29.7738],[-97.9901,29.783]]}},
{"type":"Feature","properties":{"kv":345,"owner":"ONCOR ELECTRIC DELIVERY CO.","status":"IN SERVICE"},"geometry":{"type":"LineString","coordinates":[[-97.4164,31.5008],[-97.4201,31.486],[-97.4234,31.4843],[-97.4276,31.4446],[-97.4258,31.4421]]}},
{"type":"Feature","properties":{"kv":138,"owner":"PEDERNALES ELECTRIC COOP, INC","status":"IN SERVICE"},"geometry":{"type":"LineString","coordinates":[[-98.0034,29.823],[-98.0039,29.8221],[-98.0209,29.8368],[-98.035,29.8338],[-98.0701,29.8642],[-98.0828,29.8528],[-98.1243,29.856],[-98.1587,29.8445],[-98.1617,29.8439],[-98.1663,29.8514],[-98.1713,29.8494],[-98.1712,29.8497]]}},
{"type":"Feature","properties":{"kv":138,"owner":"GUADALUPE VALLEY ELEC COOP INC","status":"IN SERVICE"},"geometry":{"type":"LineString","coordinates":[[-98.2452,29.7588],[-98.2454,29.7584],[-98.2633,29.752],[-98.309,29.7666],[-98.413,29.777],[-98.4134,29.7768]]}},
{"type":"Feature","properties":{"kv":138,"owner":"BANDERA ELECTRIC COOP, INC","status":"IN SERVICE"},"geometry":{"type":"LineString","coordinates":[[-98.4547,29.3701],[-98.4548,29.3706],[-98.453,29.3704],[-98.4488,29.3667],[-98.4458,29.3645],[-98.4403,29.3618],[-98.433,29.3592],[-98.4305,29.3571],[-98.4289,29.3552],[-98.4259,29.3538],[-98.4259,29.3505],[-98.4206,29.3406],[-98.4135,29.3407],[-98.4125,29.342],[-98.3965,29.3421],[-98.3764,29.3291],[-98.371,29.3312],[-98.3597,29.3363],[-98.3529,29.3305],[-98.3454,29.3261],[-98.3373,29.3185],[-98.3253,29.3157],[-98.3235,29.3145],[-98.3231,29.3112],[-98.3232,29.3104],[-98.3236,29.3102]]}},
{"type":"Feature","properties":{"kv":138,"owner":"BLUEBONNET ELECTRIC COOP, INC","status":"IN SERVICE"},"geometry":{"type":"LineString","coordinates":[[-97.9452,30.1668],[-97.9454,30.2046],[-97.9468,30.2089],[-97.9448,30.2139],[-97.9476,30.2224],[-97.9525,30.227]]}},
{"type":"Feature","properties":{"kv":345,"owner":"BLUEBONNET ELECTRIC COOP, INC","status":"IN SERVICE"},"geometry":{"type":"LineString","coordinates":[[-96.7562,29.9136],[-96.7567,29.913],[-96.7566,29.9125],[-96.7947,29.8763],[-96.837,29.833],[-96.8782,29.7962],[-96.8845,29.7956],[-96.8931,29.7941],[-96.9301,29.7935],[-97.0627,29.837],[-97.3734,29.9216],[-97.4599,29.9571],[-97.468,29.9599],[-97.4705,29.9614],[-97.5171,29.9805],[-97.6088,29.9951],[-97.6172,29.9952],[-97.6252,29.9978],[-97.6482,30.0022],[-97.6648,30.0041],[-97.6731,30.0045],[-97.6742,30.0054]]}},
{"type":"Feature","properties":{"kv":138,"owner":"PEDERNALES ELECTRIC COOP, INC","status":"NOT AVAILABLE"},"geometry":{"type":"LineString","coordinates":[[-98.2015,31.075],[-98.2313,31.0152],[-98.2471,30.9866],[-98.2858,30.9141],[-98.3496,30.8164],[-98.3666,30.7882],[-98.3889,30.7777],[-98.3925,30.775],[-98.3979,30.7719],[-98.3989,30.7726],[-98.3996,30.7725],[-98.3994,30.7711],[-98.4052,30.7676],[-98.4107,30.7603],[-98.4168,30.7552],[-98.4172,30.7519],[-98.4177,30.7507]]}},
{"type":"Feature","properties":{"kv":138,"owner":"BANDERA ELECTRIC COOP, INC","status":"NOT AVAILABLE"},"geometry":{"type":"LineString","coordinates":[[-98.4795,29.4048],[-98.4798,29.406],[-98.4794,29.4081],[-98.4795,29.4121]]}},
{"type":"Feature","properties":{"kv":138,"owner":"CITY OF BELLVILLE - (TX)","status":"IN SERVICE"},"geometry":{"type":"LineString","coordinates":[[-96.2559,29.9242],[-96.2563,29.9239],[-96.2569,29.9216],[-96.268,29.9355],[-96.2626,29.9522],[-96.2639,29.9584],[-96.2633,29.9591]]}},
{"type":"Feature","properties":{"kv":138,"owner":"AEP TEXAS CENTRAL CO.","status":"NOT AVAILABLE"},"geometry":{"type":"LineString","coordinates":[[-96.3347,29.5592],[-96.3338,29.5591],[-96.3328,29.5801]]}},
{"type":"Feature","properties":{"kv":138,"owner":"ONCOR ELECTRIC DELIVERY CO.","status":"IN SERVICE"},"geometry":{"type":"LineString","coordinates":[[-97.6891,30.4461],[-97.6881,30.4454],[-97.6881,30.4314]]}},
{"type":"Feature","properties":{"kv":138,"owner":"BANDERA ELECTRIC COOP, INC","status":"NOT AVAILABLE"},"geometry":{"type":"LineString","coordinates":[[-98.4891,29.3981],[-98.4889,29.3967]]}},
{"type":"Feature","properties":{"kv":138,"owner":"ONCOR ELECTRIC DELIVERY CO.","status":"NOT AVAILABLE"},"geometry":{"type":"LineString","coordinates":[[-97.1793,31.5774],[-97.1791,31.5771],[-97.1957,31.5681],[-97.2012,31.5534],[-97.2054,31.5438],[-97.2051,31.5439]]}},
{"type":"Feature","properties":{"kv":138,"owner":"GUADALUPE VALLEY ELEC COOP INC","status":"NOT AVAILABLE"},"geometry":{"type":"LineString","coordinates":[[-98.135,29.7069],[-98.1352,29.7076],[-98.1342,29.7088],[-98.1295,29.7088],[-98.1235,29.7128],[-98.1161,29.7166],[-98.1087,29.7181],[-98.0984,29.7129],[-98.0981,29.7133]]}},
{"type":"Feature","properties":{"kv":138,"owner":"AEP TEXAS CENTRAL COMPANY","status":"IN SERVICE"},"geometry":{"type":"LineString","coordinates":[[-97.2072,29.2],[-97.1761,29.2445],[-97.1627,29.2659],[-97.1587,29.2769],[-97.1565,29.2789],[-97.1566,29.2798]]}},
{"type":"Feature","properties":{"kv":138,"owner":"BANDERA ELECTRIC COOP, INC","status":"IN SERVICE"},"geometry":{"type":"LineString","coordinates":[[-98.7203,29.7629],[-98.7249,29.7599],[-98.7258,29.757],[-98.7411,29.757],[-98.7436,29.7565],[-98.7467,29.7532],[-98.7554,29.753],[-98.7622,29.7504],[-98.7658,29.7563],[-98.7753,29.768],[-98.7763,29.7696],[-98.7761,29.7711]]}},
{"type":"Feature","properties":{"kv":138,"owner":"NOT AVAILABLE","status":"IN SERVICE"},"geometry":{"type":"LineString","coordinates":[[-96.2514,29.206],[-96.2465,29.2084],[-96.2411,29.202],[-96.234,29.2022],[-96.2282,29.2003],[-96.2281,29.2]]}},
{"type":"Feature","properties":{"kv":345,"owner":"ONCOR ELECTRIC DELIVERY CO.","status":"IN SERVICE"},"geometry":{"type":"LineString","coordinates":[[-96.247,31.4242],[-96.2468,31.4253],[-96.2447,31.4259],[-96.2481,31.4324],[-96.2478,31.4353],[-96.2578,31.4504],[-96.2721,31.4674],[-96.2914,31.4975],[-96.2974,31.5042],[-96.2989,31.5066],[-96.3194,31.5317],[-96.3321,31.5495],[-96.3321,31.5598],[-96.3417,31.5938],[-96.3423,31.6275],[-96.3433,31.6465],[-96.3407,31.6748],[-96.3406,31.7]]}},
{"type":"Feature","properties":{"kv":138,"owner":"ONCOR ELECTRIC DELIVERY CO.","status":"IN SERVICE"},"geometry":{"type":"LineString","coordinates":[[-97.7816,30.4795],[-97.7819,30.4785],[-97.785,30.4793],[-97.7868,30.4808],[-97.7879,30.4828],[-97.7881,30.485],[-97.7874,30.4906],[-97.788,30.4909],[-97.7878,30.4914]]}},
{"type":"Feature","properties":{"kv":138,"owner":"ONCOR ELECTRIC DELIVERY CO.","status":"IN SERVICE"},"geometry":{"type":"LineString","coordinates":[[-97.7339,30.3107],[-97.7336,30.3104],[-97.7342,30.3093],[-97.7384,30.3027],[-97.7249,30.2965],[-97.7231,30.2966],[-97.719,30.2946],[-97.7186,30.295]]}},
{"type":"Feature","properties":{"kv":345,"owner":"BLUEBONNET ELECTRIC COOP, INC","status":"IN SERVICE"},"geometry":{"type":"LineString","coordinates":[[-96.6878,29.9628],[-96.6876,29.9633],[-96.6927,29.9645],[-96.7478,29.9807],[-96.7527,29.9699],[-96.7543,29.9188],[-96.7552,29.9183]]}},
{"type":"Feature","properties":{"kv":138,"owner":"ONCOR ELECTRIC DELIVERY CO.","status":"IN SERVICE"},"geometry":{"type":"LineString","coordinates":[[-97.6725,30.219],[-97.6727,30.2193],[-97.6722,30.2198],[-97.6749,30.2212],[-97.6764,30.2218],[-97.6796,30.2222],[-97.6927,30.2105],[-97.6932,30.211]]}},
{"type":"Feature","properties":{"kv":138,"owner":"BANDERA ELECTRIC COOP, INC","status":"IN SERVICE"},"geometry":{"type":"LineString","coordinates":[[-98.3827,29.258],[-98.3833,29.2581],[-98.3866,29.2711],[-98.423,29.2613],[-98.4276,29.2625],[-98.4263,29.2527],[-98.4309,29.2391],[-98.4296,29.2387]]}},
{"type":"Feature","properties":{"kv":138,"owner":"ONCOR ELECTRIC DELIVERY CO.","status":"NOT AVAILABLE"},"geometry":{"type":"LineString","coordinates":[[-97.3078,31.0791],[-97.3189,31.0726],[-97.3314,31.0739],[-97.3473,31.0657],[-97.3518,31.067],[-97.3536,31.0702],[-97.355,31.0712]]}},
{"type":"Feature","properties":{"kv":138,"owner":"BLUEBONNET ELECTRIC COOP, INC","status":"IN SERVICE"},"geometry":{"type":"LineString","coordinates":[[-98.2077,29.5782],[-98.207,29.5789],[-98.1923,29.5861],[-98.1902,29.5894],[-98.1873,29.5963],[-98.1856,29.5979],[-98.1826,29.6031],[-98.1603,29.6145],[-98.1531,29.6162],[-98.1494,29.6196],[-98.1493,29.621],[-98.1487,29.6205]]}},
{"type":"Feature","properties":{"kv":138,"owner":"ONCOR ELECTRIC DELIVERY CO.","status":"IN SERVICE"},"geometry":{"type":"LineString","coordinates":[[-97.7195,31.0764],[-97.721,31.074],[-97.7229,31.0692],[-97.7179,31.0569],[-97.7177,31.0552],[-97.7129,31.043],[-97.7229,31.0401],[-97.723,31.039]]}},
{"type":"Feature","properties":{"kv":138,"owner":"BANDERA ELECTRIC COOP, INC","status":"IN SERVICE"},"geometry":{"type":"LineString","coordinates":[[-98.5723,29.6179],[-98.573,29.6177],[-98.5702,29.6173],[-98.5702,29.5986],[-98.5752,29.5987],[-98.5754,29.59],[-98.5634,29.5737],[-98.5664,29.5715]]}},
{"type":"Feature","properties":{"kv":138,"owner":"BLUEBONNET ELECTRIC COOP, INC","status":"IN SERVICE"},"geometry":{"type":"LineString","coordinates":[[-97.4681,29.5179],[-97.4657,29.5206],[-97.4655,29.5215],[-97.4691,29.5295],[-97.5044,29.66],[-97.5102,29.6608],[-97.5506,29.6632],[-97.5938,29.6743],[-97.5937,29.6758],[-97.626,29.6786],[-97.6322,29.6847],[-97.6452,29.6936],[-97.6489,29.6959],[-97.6543,29.6975]]}},
{"type":"Feature","properties":{"kv":138,"owner":"BLUEBONNET ELECTRIC COOP, INC","status":"IN SERVICE"},"geometry":{"type":"LineString","coordinates":[[-96.4785,30.0327],[-96.4783,30.0324],[-96.5095,29.9787],[-96.5713,29.9212],[-96.5719,29.9211]]}},
{"type":"Feature","properties":{"kv":138,"owner":"ONCOR ELECTRIC DELIVERY CO.","status":"IN SERVICE"},"geometry":{"type":"LineString","coordinates":[[-97.8422,30.3986],[-97.8249,30.4007],[-97.79,30.4007],[-97.7914,30.3992],[-97.8069,30.3745],[-97.8065,30.3748]]}},
{"type":"Feature","properties":{"kv":138,"owner":"BLUEBONNET ELECTRIC COOP, INC","status":"IN SERVICE"},"geometry":{"type":"LineString","coordinates":[[-97.8589,30.054],[-97.8507,30.0673],[-97.8513,30.0741],[-97.8507,30.0748],[-97.8511,30.0754]]}},
{"type":"Feature","properties":{"kv":345,"owner":"CITY OF BRYAN - (TX)","status":"NOT AVAILABLE"},"geometry":{"type":"LineString","coordinates":[[-96.4844,31.1855],[-96.4856,31.1852],[-96.4875,31.1877],[-96.4901,31.1901],[-96.4904,31.1934],[-96.4965,31.2019],[-96.5043,31.2073],[-96.5153,31.2172],[-96.5226,31.222],[-96.5794,31.1935],[-96.5901,31.1545],[-96.594,31.144],[-96.6645,31.1088],[-96.6735,31.0978],[-96.6914,31.0884],[-96.6939,31.0905],[-96.6935,31.0912]]}},
{"type":"Feature","properties":{"kv":138,"owner":"CITY OF LLANO - (TX)","status":"NOT AVAILABLE"},"geometry":{"type":"LineString","coordinates":[[-98.3705,30.558],[-98.371,30.5556]]}},
{"type":"Feature","properties":{"kv":138,"owner":"GUADALUPE VALLEY ELEC COOP INC","status":"IN SERVICE"},"geometry":{"type":"LineString","coordinates":[[-98.1712,29.8497],[-98.1718,29.8502],[-98.1818,29.8462],[-98.1866,29.8432],[-98.1888,29.8424],[-98.1911,29.8421],[-98.1996,29.8453],[-98.2008,29.8456],[-98.2024,29.8454],[-98.2137,29.8411],[-98.2164,29.8395],[-98.2281,29.8386],[-98.2366,29.8355],[-98.2432,29.8335],[-98.2447,29.8333],[-98.2471,29.8336],[-98.249,29.8346],[-98.2513,29.8379],[-98.2528,29.8389],[-98.2682,29.844],[-98.2699,29.846],[-98.2727,29.8467],[-98.276,29.8456],[-98.2811,29.8532],[-98.2829,29.8523],[-98.2833,29.8525]]}},
{"type":"Feature","properties":{"kv":138,"owner":"GUADALUPE VALLEY ELEC COOP INC","status":"IN SERVICE"},"geometry":{"type":"LineString","coordinates":[[-98.4124,29.9223],[-98.413,29.9223],[-98.413,29.9215],[-98.4122,29.9215],[-98.4118,29.9106],[-98.4209,29.9034],[-98.4196,29.8895],[-98.4263,29.8668],[-98.4306,29.8436],[-98.5041,29.8067],[-98.526,29.7908],[-98.5263,29.7887]]}},
{"type":"Feature","properties":{"kv":345,"owner":"ONCOR ELECTRIC DELIVERY CO.","status":"IN SERVICE"},"geometry":{"type":"LineString","coordinates":[[-97.3718,31.7],[-97.391,31.6168],[-97.4093,31.5406],[-97.4073,31.538],[-97.4164,31.5008]]}},
{"type":"Feature","properties":{"kv":345,"owner":"BLUEBONNET ELECTRIC COOP, INC","status":"IN SERVICE"},"geometry":{"type":"LineString","coordinates":[[-96.7531,29.917],[-96.7552,29.9183]]}},
{"type":"Feature","properties":{"kv":138,"owner":"NOT AVAILABLE","status":"IN SERVICE"},"geometry":{"type":"LineString","coordinates":[[-96.2694,30.6877],[-96.2735,30.6914],[-96.2768,30.6929],[-96.3048,30.7169],[-96.3284,30.729],[-96.3373,30.7348],[-96.3409,30.7393],[-96.3421,30.7399],[-96.3426,30.7385],[-96.3631,30.7204],[-96.3639,30.719],[-96.3657,30.7173],[-96.3646,30.716]]}},
{"type":"Feature","properties":{"kv":138,"owner":"BANDERA ELECTRIC COOP, INC","status":"NOT AVAILABLE"},"geometry":{"type":"LineString","coordinates":[[-98.6401,29.4494],[-98.6387,29.448]]}},
{"type":"Feature","properties":{"kv":138,"owner":"PEDERNALES ELECTRIC COOP, INC","status":"IN SERVICE"},"geometry":{"type":"LineString","coordinates":[[-98.371,30.5556],[-98.3704,30.5554],[-98.3711,30.5518],[-98.3711,30.5494],[-98.3694,30.5431],[-98.3656,30.5438],[-98.3599,30.5414],[-98.353,30.5432],[-98.3494,30.5435],[-98.3417,30.5426],[-98.338,30.5427],[-98.3363,30.5538],[-98.3358,30.5552],[-98.3378,30.5587],[-98.3379,30.5595],[-98.3374,30.5596]]}},
{"type":"Feature","properties":{"kv":138,"owner":"ONCOR ELECTRIC DELIVERY CO.","status":"IN SERVICE"},"geometry":{"type":"LineString","coordinates":[[-97.6242,30.1411],[-97.6167,30.1414],[-97.5723,30.1409],[-97.5671,30.1407],[-97.5639,30.1392],[-97.5622,30.1391],[-97.5614,30.1394]]}},
{"type":"Feature","properties":{"kv":138,"owner":"BANDERA ELECTRIC COOP, INC","status":"IN SERVICE"},"geometry":{"type":"LineString","coordinates":[[-98.4094,29.3589],[-98.4096,29.3617],[-98.4036,29.3617],[-98.3992,29.4057],[-98.4198,29.4058],[-98.4278,29.4052],[-98.4442,29.4049]]}},
{"type":"Feature","properties":{"kv":138,"owner":"BANDERA ELECTRIC COOP, INC","status":"IN SERVICE"},"geometry":{"type":"LineString","coordinates":[[-98.6494,29.2421],[-98.5844,29.2378],[-98.573,29.2382],[-98.5731,29.2594],[-98.5715,29.264],[-98.5728,29.2801],[-98.5727,29.2806],[-98.5723,29.2806]]}},
{"type":"Feature","properties":{"kv":138,"owner":"GUADALUPE VALLEY ELEC COOP INC","status":"IN SERVICE"},"geometry":{"type":"LineString","coordinates":[[-98.2907,29.5435],[-98.3091,29.571],[-98.267,29.5985],[-98.2656,29.5992],[-98.2653,29.5991]]}},
{"type":"Feature","properties":{"kv":138,"owner":"ONCOR ELECTRIC DELIVERY CO.","status":"IN SERVICE"},"geometry":{"type":"LineString","coordinates":[[-97.79,30.2158],[-97.7828,30.1933],[-97.7698,30.1868],[-97.7694,30.1869],[-97.7691,30.1862]]}},
{"type":"Feature","properties":{"kv":138,"owner":"NOT AVAILABLE","status":"NOT AVAILABLE"},"geometry":{"type":"LineString","coordinates":[[-96.5798,30.1828],[-96.5797,30.1832],[-96.5038,30.2279],[-96.4716,30.2712]]}},
{"type":"Feature","properties":{"kv":138,"owner":"BANDERA ELECTRIC COOP, INC","status":"IN SERVICE"},"geometry":{"type":"LineString","coordinates":[[-98.8159,29.3588],[-98.8163,29.3595],[-98.8192,29.3605],[-98.8193,29.369],[-98.8183,29.369],[-98.8184,29.3739],[-98.8145,29.3739],[-98.8145,29.3829],[-98.8122,29.3829],[-98.8123,29.4237],[-98.7999,29.4236],[-98.7999,29.4212],[-98.7881,29.4212],[-98.7878,29.4205]]}},
{"type":"Feature","properties":{"kv":138,"owner":"BANDERA ELECTRIC COOP, INC","status":"IN SERVICE"},"geometry":{"type":"LineString","coordinates":[[-98.9243,29.263],[-98.9243,29.2623],[-98.9454,29.2705],[-99.0,29.2779]]}},
{"type":"Feature","properties":{"kv":138,"owner":"BANDERA ELECTRIC COOP, INC","status":"IN SERVICE"},"geometry":{"type":"LineString","coordinates":[[-98.506,29.554],[-98.5035,29.5517],[-98.4972,29.5576],[-98.4842,29.5578],[-98.4776,29.5591],[-98.4734,29.5563],[-98.4582,29.545],[-98.4551,29.5459],[-98.4527,29.5482],[-98.4495,29.5497],[-98.4466,29.5546],[-98.437,29.5645],[-98.4106,29.5785],[-98.4096,29.5791],[-98.4103,29.5803],[-98.4099,29.5807],[-98.4088,29.5806]]}},
{"type":"Feature","properties":{"kv":138,"owner":"ONCOR ELECTRIC DELIVERY CO.","status":"IN SERVICE"},"geometry":{"type":"LineString","coordinates":[[-97.9788,30.3587],[-98.0003,30.3475],[-98.0034,30.3474],[-98.0043,30.3471]]}},
{"type":"Feature","properties":{"kv":138,"owner":"ONCOR ELECTRIC DELIVERY CO.","status":"NOT AVAILABLE"},"geometry":{"type":"LineString","coordinates":[[-98.184,31.0846],[-98.1869,31.0841],[-98.1944,31.0774],[-98.2015,31.075]]}},
{"type":"Feature","properties":{"kv":345,"owner":"BLUEBONNET ELECTRIC COOP, INC","status":"IN SERVICE"},"geometry":{"type":"LineString","coordinates":[[-97.6742,30.0054],[-97.6728,30.0058],[-97.5785,30.0857],[-97.5453,30.1414],[-97.5454,30.1426]]}},
{"type":"Feature","properties":{"kv":138,"owner":"AEP TEXAS CENTRAL COMPANY","status":"IN SERVICE"},"geometry":{"type":"LineString","coordinates":[[-98.1728,29.3377],[-98.1725,29.3374],[-98.1716,29.3412],[-98.1697,29.3422],[-98.1666,29.3526],[-98.1634,29.352],[-98.16,29.3531],[-98.1565,29.3559],[-98.1507,29.3584],[-98.1455,29.3591],[-98.132,29.365],[-98.1253,29.3683],[-98.1234,29.3727],[-98.1196,29.3746],[-98.1173,29.3742],[-98.1002,29.3826],[-98.0979,29.3874],[-98.0884,29.3957],[-98.0851,29.3979],[-98.0829,29.4003],[-98.0732,29.4003],[-98.0718,29.4006]]}},
{"type":"Feature","properties":{"kv":138,"owner":"ONCOR ELECTRIC DELIVERY CO.","status":"IN SERVICE"},"geometry":{"type":"LineString","coordinates":[[-97.7367,30.2147],[-97.7376,30.2147],[-97.7368,30.216],[-97.734,30.2201],[-97.7317,30.221],[-97.7235,30.2339],[-97.7228,30.234],[-97.7148,30.2467],[-97.7187,30.2505],[-97.7192,30.2495],[-97.7211,30.2499]]}},
{"type":"Feature","properties":{"kv":138,"owner":"GUADALUPE VALLEY ELEC COOP INC","status":"IN SERVICE"},"geometry":{"type":"LineString","coordinates":[[-98.3329,29.6204],[-98.333,29.6213],[-98.3357,29.6252],[-98.3391,29.6336],[-98.3473,29.6471],[-98.3553,29.6574],[-98.3614,29.6547],[-98.3703,29.6606],[-98.377,29.6586],[-98.385,29.6618],[-98.3843,29.6646],[-98.3852,29.6649]]}},
{"type":"Feature","properties":{"kv":138,"owner":"BLUEBONNET ELECTRIC COOP, INC","status":"IN SERVICE"},"geometry":{"type":"LineString","coordinates":[[-97.783,30.0738],[-97.7894,30.0711],[-97.8457,30.0701],[-97.8511,30.0754]]}},
{"type":"Feature","properties":{"kv":138,"owner":"PEDERNALES ELECTRIC COOP, INC","status":"IN SERVICE"},"geometry":{"type":"LineString","coordinates":[[-98.371,30.5556],[-98.3715,30.5555],[-98.3716,30.5484],[-98.3799,30.5483],[-98.3797,30.5345],[-98.3888,30.5336],[-98.4025,30.5307],[-98.4278,30.5272],[-98.4775,30.5692]]}},
{"type":"Feature","properties":{"kv":138,"owner":"ONCOR ELECTRIC DELIVERY CO.","status":"IN SERVICE"},"geometry":{"type":"LineString","coordinates":[[-96.6005,31.3001],[-96.5995,31.3007],[-96.5538,31.2922],[-96.5274,31.301],[-96.5161,31.3043],[-96.5112,31.3039]]}},
{"type":"Feature","properties":{"kv":138,"owner":"NOT AVAILABLE","status":"IN SERVICE"},"geometry":{"type":"LineString","coordinates":[[-96.392,29.4478],[-96.417,29.2845],[-96.3408,29.2305],[-96.2968,29.2]]}},
{"type":"Feature","properties":{"kv":138,"owner":"BANDERA ELECTRIC COOP, INC","status":"IN SERVICE"},"geometry":{"type":"LineString","coordinates":[[-98.4468,29.4866],[-98.4466,29.4879],[-98.4297,29.4958],[-98.4271,29.4967],[-98.4219,29.4996],[-98.4072,29.4996],[-98.4072,29.5033],[-98.4081,29.5037],[-98.408,29.5039]]}},
{"type":"Feature","properties":{"kv":345,"owner":"BLUEBONNET ELECTRIC COOP, INC","status":"IN SERVICE"},"geometry":{"type":"LineString","coordinates":[[-96.9949,30.0255],[-96.9956,30.0258],[-96.9865,30.0444]]}},
{"type":"Feature","properties":{"kv":138,"owner":"ONCOR ELECTRIC DELIVERY CO.","status":"IN SERVICE"},"geometry":{"type":"LineString","coordinates":[[-97.8301,30.461],[-97.8236,30.4757],[-97.8199,30.4768],[-97.8184,30.4796],[-97.8194,30.482],[-97.8209,30.4815],[-97.8227,30.4857],[-97.8239,30.4869]]}},
{"type":"Feature","properties":{"kv":345,"owner":"ONCOR ELECTRIC DELIVERY CO.","status":"IN SERVICE"},"geometry":{"type":"LineString","coordinates":[[-97.313,31.0563],[-97.3124,31.0565],[-97.3066,31.072],[-97.3092,31.0756],[-97.3078,31.0791]]}},
{"type":"Feature","properties":{"kv":138,"owner":"ONCOR ELECTRIC DELIVERY CO.","status":"NOT AVAILABLE"},"geometry":{"type":"LineString","coordinates":[[-97.4711,31.3991],[-97.4255,31.4062],[-97.3952,31.4173],[-97.3799,31.4249]]}},
{"type":"Feature","properties":{"kv":138,"owner":"ONCOR ELECTRIC DELIVERY CO.","status":"IN SERVICE"},"geometry":{"type":"LineString","coordinates":[[-97.2611,31.1296],[-97.2607,31.1292],[-97.2608,31.1286],[-97.2635,31.1268],[-97.2906,31.0938],[-97.3067,31.0804],[-97.3073,31.0792],[-97.3078,31.0791]]}},
{"type":"Feature","properties":{"kv":345,"owner":"NOT AVAILABLE","status":"IN SERVICE"},"geometry":{"type":"LineString","coordinates":[[-98.8877,29.988],[-98.8875,29.9884],[-98.8885,29.9892],[-98.8882,30.038],[-98.8917,30.0426],[-98.901,30.0503],[-98.9017,30.0661],[-98.9181,30.067],[-98.9219,30.0666],[-98.9241,30.065],[-98.9331,30.067],[-98.9342,30.0681],[-98.9415,30.0863],[-98.9499,30.0988],[-98.956,30.102],[-98.9903,30.1028],[-99.0,30.1026]]}},
{"type":"Feature","properties":{"kv":345,"owner":"ONCOR ELECTRIC DELIVERY CO.","status":"IN SERVICE"},"geometry":{"type":"LineString","coordinates":[[-96.2,31.3759],[-96.2328,31.3795],[-96.2541,31.3657],[-96.2711,31.3756],[-96.2769,31.3836],[-96.3088,31.3854],[-96.445,31.403],[-96.5583,31.4193],[-96.6079,31.428],[-96.77,31.4497],[-96.8419,31.4596],[-96.8864,31.4645],[-96.9211,31.4688],[-96.9539,31.4724],[-96.9606,31.4727],[-96.9607,31.4735]]}},
{"type":"Feature","properties":{"kv":138,"owner":"BANDERA ELECTRIC COOP, INC","status":"IN SERVICE"},"geometry":{"type":"LineString","coordinates":[[-98.7182,29.4161],[-98.7167,29.4163],[-98.7167,29.4174],[-98.7198,29.4174],[-98.7188,29.4862],[-98.7098,29.5042],[-98.7095,29.5063],[-98.6991,29.527],[-98.6828,29.5482],[-98.6819,29.5482]]}},
{"type":"Feature","properties":{"kv":138,"owner":"ONCOR ELECTRIC DELIVERY CO.","status":"IN SERVICE"},"geometry":{"type":"LineString","coordinates":[[-98.2061,30.5097],[-98.1951,30.5012],[-98.1711,30.4782],[-98.1187,30.4349],[-98.1139,30.4317],[-98.1089,30.4272],[-98.1088,30.4268]]}},
{"type":"Feature","properties":{"kv":345,"owner":"BLUEBONNET ELECTRIC COOP, INC","status":"IN SERVICE"},"geometry":{"type":"LineString","coordinates":[[-97.5485,30.1455],[-97.5455,30.1415],[-97.5786,30.0858],[-97.6728,30.0059],[-97.6742,30.0054]]}},
{"type":"Feature","properties":{"kv":345,"owner":"BLUEBONNET ELECTRIC COOP, INC","status":"IN SERVICE"},"geometry":{"type":"LineString","coordinates":[[-98.0171,29.6512],[-98.0181,29.6522],[-98.015,29.6549],[-98.0152,29.6945],[-97.9706,29.7368],[-97.9674,29.7453],[-97.9675,29.77],[-97.9479,29.7703],[-97.9478,29.7732],[-97.9381,29.7732],[-97.919,29.79],[-97.8647,29.8306],[-97.847,29.8123],[-97.8347,29.8215],[-97.8312,29.8341],[-97.8116,29.8488],[-97.8229,29.8597],[-97.8141,29.866],[-97.8033,29.8732],[-97.7802,29.8723],[-97.7646,29.8838],[-97.7499,29.8914],[-97.7417,29.9153],[-97.7514,29.9611],[-97.7412,29.966],[-97.7462,29.9913],[-97.7222,30.0106],[-97.7242,30.0694],[-97.7024,30.077],[-97.6894,30.0772],[-97.6835,30.0827],[-97.6857,30.0845],[-97.6723,30.0965],[-97.6664,30.1037],[-97.6592,30.1158],[-97.6585,30.1176],[-97.6582,30.1209],[-97.6646,30.1364],[-97.663,30.1404],[-97.6588,30.1467],[-97.6518,30.1614],[-97.6475,30.1657],[-97.6378,30.1737],[-97.6256,30.1813],[-97.6186,30.188],[-97.6162,30.1965],[-97.6204,30.2008],[-97.6207,30.2063],[-97.6196,30.2127],[-97.6171,30.214],[-97.6167,30.2172],[-97.6166,30.2237],[-97.6149,30.2333],[-97.6137,30.2343],[-97.6133,30.2366],[-97.5897,30.2731],[-97.5798,30.2811],[-97.5705,30.2894],[-97.5701,30.2904],[-97.5673,30.3026],[-97.5678,30.3069],[-97.5688,30.3103],[-97.5751,30.3231],[-97.5783,30.3395],[-97.5736,30.347],[-97.5864,30.3571],[-97.5846,30.3611],[-97.5802,30.3671],[-97.5773,30.387],[-97.5771,30.3921],[-97.5808,30.4014],[-97.5828,30.4087],[-97.5741,30.4089],[-97.5741,30.4099]]}},
{"type":"Feature","properties":{"kv":345,"owner":"BANDERA ELECTRIC COOP, INC","status":"IN SERVICE"},"geometry":{"type":"LineString","coordinates":[[-98.7182,29.4161],[-98.72,29.4171],[-98.7189,29.4862],[-98.71,29.5042],[-98.7096,29.5064],[-98.6992,29.5271],[-98.6813,29.5504],[-98.6707,29.5561],[-98.6631,29.5624],[-98.6628,29.5719],[-98.6631,29.5929],[-98.6522,29.6023],[-98.6341,29.6139],[-98.6055,29.617],[-98.5818,29.6169],[-98.5739,29.6174],[-98.5735,29.6194],[-98.5717,29.6194]]}},
{"type":"Feature","properties":{"kv":138,"owner":"ONCOR ELECTRIC DELIVERY CO.","status":"IN SERVICE"},"geometry":{"type":"LineString","coordinates":[[-97.6659,30.4197],[-97.6665,30.42],[-97.6659,30.4215],[-97.6863,30.4315],[-97.6888,30.4328],[-97.6887,30.4332]]}},
{"type":"Feature","properties":{"kv":138,"owner":"ONCOR ELECTRIC DELIVERY CO.","status":"IN SERVICE"},"geometry":{"type":"LineString","coordinates":[[-97.3612,31.0747],[-97.3614,31.0741],[-97.3643,31.0747],[-97.3659,31.0759],[-97.4251,31.082],[-97.4586,31.0832]]}},
{"type":"Feature","properties":{"kv":138,"owner":"MID-SOUTH ELECTRIC COOP ASSN","status":"IN SERVICE"},"geometry":{"type":"LineString","coordinates":[[-96.299,30.6594],[-96.2953,30.6589],[-96.2795,30.6474],[-96.2735,30.6437],[-96.2527,30.6285],[-96.2311,30.6131],[-96.2,30.6137]]}},
{"type":"Feature","properties":{"kv":138,"owner":"GUADALUPE VALLEY ELEC COOP INC","status":"IN SERVICE"},"geometry":{"type":"LineString","coordinates":[[-98.195,29.8705],[-98.1953,29.8706],[-98.1961,29.8724],[-98.1934,29.8787],[-98.1929,29.8898],[-98.1967,29.9002],[-98.2052,29.9114],[-98.2058,29.9251],[-98.2058,29.9331]]}},
{"type":"Feature","properties":{"kv":138,"owner":"BANDERA ELECTRIC COOP, INC","status":"IN SERVICE"},"geometry":{"type":"LineString","coordinates":[[-98.8099,29.5235],[-98.8088,29.5235],[-98.8095,29.4724],[-98.8095,29.4631],[-98.8089,29.4598],[-98.8074,29.4569],[-98.8057,29.4546],[-98.8014,29.4503],[-98.7914,29.4421],[-98.7895,29.4397],[-98.7852,29.4322],[-98.7831,29.427],[-98.7832,29.4211],[-98.7874,29.4212],[-98.7878,29.4205]]}},
{"type":"Feature","properties":{"kv":138,"owner":"BANDERA ELECTRIC COOP, INC","status":"IN SERVICE"},"geometry":{"type":"LineString","coordinates":[[-98.8867,29.985],[-98.8871,29.9878],[-98.8877,29.988]]}},
{"type":"Feature","properties":{"kv":138,"owner":"CITY OF FREDERICKSBURG - (TX)","status":"IN SERVICE"},"geometry":{"type":"LineString","coordinates":[[-98.8821,30.2523],[-98.8852,30.2597]]}},
{"type":"Feature","properties":{"kv":138,"owner":"BLUEBONNET ELECTRIC COOP, INC","status":"IN SERVICE"},"geometry":{"type":"LineString","coordinates":[[-97.9706,29.6274],[-97.9706,29.6278],[-97.9676,29.6291],[-97.9668,29.6277],[-97.9571,29.5976],[-97.9571,29.5949],[-97.9564,29.5943]]}},
{"type":"Feature","properties":{"kv":138,"owner":"ONCOR ELECTRIC DELIVERY CO.","status":"NOT AVAILABLE"},"geometry":{"type":"LineString","coordinates":[[-97.2508,31.4853],[-97.2492,31.4859],[-97.2485,31.4879],[-97.2472,31.4888],[-97.2387,31.493],[-97.215,31.5205],[-97.2113,31.5224],[-97.208,31.5214],[-97.1944,31.5226],[-97.1877,31.5174],[-97.1858,31.5185],[-97.1848,31.5165]]}},
{"type":"Feature","properties":{"kv":138,"owner":"BLUEBONNET ELECTRIC COOP, INC","status":"IN SERVICE"},"geometry":{"type":"LineString","coordinates":[[-98.044,29.4876],[-98.0413,29.4824],[-98.0264,29.4881],[-98.0044,29.469],[-97.994,29.4806],[-97.9882,29.4865],[-97.9808,29.4883],[-97.9704,29.4902],[-97.9591,29.4931],[-97.9593,29.4939],[-97.9585,29.494]]}},
{"type":"Feature","properties":{"kv":138,"owner":"GUADALUPE VALLEY ELEC COOP INC","status":"IN SERVICE"},"geometry":{"type":"LineString","coordinates":[[-98.1779,29.6771],[-98.1778,29.6823],[-98.1658,29.689],[-98.1776,29.698],[-98.1785,29.6991],[-98.1662,29.7053],[-98.1599,29.7022]]}},
{"type":"Feature","properties":{"kv":138,"owner":"ONCOR ELECTRIC DELIVERY CO.","status":"IN SERVICE"},"geometry":{"type":"LineString","coordinates":[[-97.6616,30.6673],[-97.6633,30.6666],[-97.6702,30.6703],[-97.6716,30.6679],[-97.6872,30.6515],[-97.6896,30.6485]]}},
{"type":"Feature","properties":{"kv":138,"owner":"GUADALUPE VALLEY ELEC COOP INC","status":"IN SERVICE"},"geometry":{"type":"LineString","coordinates":[[-98.3222,29.2702],[-98.3469,29.2862],[-98.3484,29.2868],[-98.3548,29.2934],[-98.3775,29.2736],[-98.3812,29.2623],[-98.3821,29.2582],[-98.3827,29.258]]}},
{"type":"Feature","properties":{"kv":138,"owner":"BANDERA ELECTRIC COOP, INC","status":"IN SERVICE"},"geometry":{"type":"LineString","coordinates":[[-98.4549,29.6792],[-98.455,29.6797],[-98.4472,29.6798],[-98.4469,29.6809],[-98.4476,29.6827],[-98.442,29.6828],[-98.4425,29.6841],[-98.4422,29.6878],[-98.4125,29.6921],[-98.4086,29.6878],[-98.4088,29.6842],[-98.4055,29.6809],[-98.4029,29.6813],[-98.4006,29.681],[-98.3984,29.6796],[-98.398,29.6763],[-98.3888,29.6737],[-98.388,29.6725],[-98.3847,29.6727],[-98.3827,29.6714],[-98.3822,29.6682],[-98.3838,29.6668],[-98.3843,29.6647],[-98.3848,29.665],[-98.3852,29.6649]]}},
{"type":"Feature","properties":{"kv":138,"owner":"CENTRAL TEXAS ELEC COOP, INC","status":"IN SERVICE"},"geometry":{"type":"LineString","coordinates":[[-98.3925,30.5328],[-98.4067,30.53],[-98.6969,30.4886],[-98.7311,30.449],[-98.7542,30.4318],[-98.8226,30.3661],[-98.8415,30.3512],[-98.8849,30.3185],[-98.8925,30.3109],[-98.902,30.3033],[-98.9032,30.3061],[-98.9042,30.3057],[-98.9041,30.3054]]}},
{"type":"Feature","properties":{"kv":138,"owner":"BANDERA ELECTRIC COOP, INC","status":"NOT AVAILABLE"},"geometry":{"type":"LineString","coordinates":[[-99.0,29.9509],[-98.9601,29.9492],[-98.9581,29.9496],[-98.9369,29.9502],[-98.9311,29.955],[-98.9213,29.9598],[-98.9181,29.961],[-98.9147,29.9595],[-98.9133,29.9592]]}},
{"type":"Feature","properties":{"kv":138,"owner":"ONCOR ELECTRIC DELIVERY CO.","status":"IN SERVICE"},"geometry":{"type":"LineString","coordinates":[[-97.5449,31.0871],[-97.5644,31.088],[-97.6034,31.0914],[-97.7386,31.1041]]}},
{"type":"Feature","properties":{"kv":138,"owner":"ONCOR ELECTRIC DELIVERY CO.","status":"IN SERVICE"},"geometry":{"type":"LineString","coordinates":[[-97.6449,30.6238],[-97.6442,30.6241],[-97.644,30.6247],[-97.6419,30.6603],[-97.6605,30.6675],[-97.6616,30.6673]]}},
{"type":"Feature","properties":{"kv":138,"owner":"ONCOR ELECTRIC DELIVERY CO.","status":"IN SERVICE"},"geometry":{"type":"LineString","coordinates":[[-97.8065,30.3748],[-97.7914,30.3992],[-97.7898,30.4007],[-97.7774,30.4006]]}},
{"type":"Feature","properties":{"kv":138,"owner":"ONCOR ELECTRIC DELIVERY CO.","status":"IN SERVICE"},"geometry":{"type":"LineString","coordinates":[[-97.9092,30.3892],[-97.9078,30.3874],[-97.9038,30.3862],[-97.8997,30.3843],[-97.8859,30.3835],[-97.8702,30.3893],[-97.8617,30.3962],[-97.8593,30.3964],[-97.8591,30.3976],[-97.8572,30.3988],[-97.8557,30.4017],[-97.8565,30.4025],[-97.8565,30.403],[-97.8571,30.4033]]}},
{"type":"Feature","properties":{"kv":138,"owner":"PEDERNALES ELECTRIC COOP, INC","status":"IN SERVICE"},"geometry":{"type":"LineString","coordinates":[[-98.0511,29.7736],[-98.0179,29.79],[-98.014,29.7941],[-97.9682,29.8285],[-97.9653,29.8262],[-97.9648,29.8265]]}},
{"type":"Feature","properties":{"kv":345,"owner":"CITY OF BRYAN - (TX)","status":"NOT AVAILABLE"},"geometry":{"type":"LineString","coordinates":[[-96.6935,31.0912],[-96.6936,31.0906],[-96.6914,31.0887],[-96.6736,31.0979],[-96.6646,31.1089],[-96.5941,31.1441],[-96.5902,31.1545],[-96.5795,31.1936],[-96.5226,31.2221],[-96.5153,31.2172],[-96.5042,31.2073],[-96.4964,31.202],[-96.4903,31.1934],[-96.49,31.1902],[-96.4855,31.1854],[-96.4844,31.1855]]}},
{"type":"Feature","properties":{"kv":138,"owner":"BANDERA ELECTRIC COOP, INC","status":"IN SERVICE"},"geometry":{"type":"LineString","coordinates":[[-98.4798,29.4327],[-98.4769,29.434],[-98.4526,29.4341],[-98.4499,29.4332],[-98.4495,29.4338],[-98.4441,29.4322],[-98.4443,29.4326]]}},
{"type":"Feature","properties":{"kv":138,"owner":"BANDERA ELECTRIC COOP, INC","status":"IN SERVICE"},"geometry":{"type":"LineString","coordinates":[[-98.7184,29.4838],[-98.7182,29.4839],[-98.7188,29.4838],[-98.7187,29.4862],[-98.7098,29.5042],[-98.7094,29.5063],[-98.6991,29.527],[-98.6828,29.5482],[-98.6822,29.5479],[-98.6819,29.5482]]}},
{"type":"Feature","properties":{"kv":138,"owner":"BANDERA ELECTRIC COOP, INC","status":"IN SERVICE"},"geometry":{"type":"LineString","coordinates":[[-98.6127,29.437],[-98.6113,29.436],[-98.6116,29.4269],[-98.609,29.4233],[-98.5999,29.4233],[-98.5999,29.426],[-98.5973,29.4249],[-98.5963,29.426],[-98.5878,29.426],[-98.5875,29.4293],[-98.5813,29.4287],[-98.5797,29.4417],[-98.5609,29.4398]]}},
{"type":"Feature","properties":{"kv":138,"owner":"ONCOR ELECTRIC DELIVERY CO.","status":"IN SERVICE"},"geometry":{"type":"LineString","coordinates":[[-97.7367,30.2147],[-97.7373,30.2144],[-97.7511,30.2154],[-97.7553,30.2167],[-97.7543,30.2184],[-97.7615,30.2222],[-97.7673,30.226],[-97.7718,30.2282],[-97.7685,30.2334],[-97.7688,30.2338]]}},
{"type":"Feature","properties":{"kv":138,"owner":"ONCOR ELECTRIC DELIVERY COMPANY LLC","status":"IN SERVICE"},"geometry":{"type":"LineString","coordinates":[[-96.6521,30.8961],[-96.6459,30.8818],[-96.6269,30.8864],[-96.6259,30.8841]]}},
{"type":"Feature","properties":{"kv":138,"owner":"ONCOR ELECTRIC DELIVERY CO.","status":"NOT AVAILABLE"},"geometry":{"type":"LineString","coordinates":[[-98.9463,31.7],[-98.9285,31.6874],[-98.8071,31.6261]]}},
{"type":"Feature","properties":{"kv":138,"owner":"ONCOR ELECTRIC DELIVERY CO.","status":"IN SERVICE"},"geometry":{"type":"LineString","coordinates":[[-97.1327,30.5963],[-97.1365,30.5974],[-97.1462,30.6079],[-97.1779,30.6175],[-97.1913,30.625],[-97.2111,30.6201]]}},
{"type":"Feature","properties":{"kv":138,"owner":"BANDERA ELECTRIC COOP, INC","status":"IN SERVICE"},"geometry":{"type":"LineString","coordinates":[[-98.6671,29.415],[-98.7169,29.4148],[-98.7169,29.4154],[-98.7182,29.4161]]}},
{"type":"Feature","properties":{"kv":345,"owner":"ONCOR ELECTRIC DELIVERY CO.","status":"IN SERVICE"},"geometry":{"type":"LineString","coordinates":[[-97.2688,30.146],[-97.2688,30.1465],[-97.2675,30.1465],[-97.2482,30.1575],[-97.1397,30.2203],[-97.1448,30.2266],[-97.1948,30.2687],[-97.2311,30.3028],[-97.2574,30.3297],[-97.283,30.3421],[-97.2782,30.3497],[-97.3237,30.3887],[-97.359,30.4153],[-97.3593,30.4163],[-97.3591,30.417]]}},
{"type":"Feature","properties":{"kv":138,"owner":"ONCOR ELECTRIC DELIVERY CO.","status":"NOT AVAILABLE"},"geometry":{"type":"LineString","coordinates":[[-97.7186,30.295],[-97.7186,30.2945],[-97.7164,30.2934],[-97.7161,30.2929],[-97.7136,30.2917],[-97.7183,30.2844],[-97.7153,30.2713],[-97.7193,30.2707],[-97.7191,30.2695],[-97.726,30.2543],[-97.72,30.2523],[-97.7202,30.2516],[-97.7195,30.2513],[-97.7198,30.251]]}},
{"type":"Feature","properties":{"kv":138,"owner":"CITY OF BRYAN - (TX)","status":"NOT AVAILABLE"},"geometry":{"type":"LineString","coordinates":[[-96.2943,30.6277],[-96.2938,30.6272],[-96.2924,30.6284],[-96.2932,30.6292],[-96.2925,30.63],[-96.2831,30.6392],[-96.2749,30.6465],[-96.2751,30.6486],[-96.2693,30.6542],[-96.2752,30.656],[-96.2759,30.6554],[-96.2872,30.6587],[-96.2962,30.6597],[-96.299,30.6604],[-96.299,30.6594]]}},
{"type":"Feature","properties":{"kv":138,"owner":"ONCOR ELECTRIC DELIVERY CO.","status":"IN SERVICE"},"geometry":{"type":"LineString","coordinates":[[-97.7969,30.4203],[-97.7969,30.4189],[-97.8005,30.4014],[-97.826,30.4014],[-97.8633,30.3968],[-97.8865,30.3852],[-97.899,30.3849],[-97.9054,30.388],[-97.9075,30.39]]}},
{"type":"Feature","properties":{"kv":138,"owner":"ONCOR ELECTRIC DELIVERY CO.","status":"IN SERVICE"},"geometry":{"type":"LineString","coordinates":[[-97.7302,30.391],[-97.7304,30.3921],[-97.7279,30.3986]]}},
{"type":"Feature","properties":{"kv":138,"owner":"AEP TEXAS CENTRAL CO.","status":"NOT AVAILABLE"},"geometry":{"type":"LineString","coordinates":[[-96.3914,29.5777],[-96.4026,29.5763]]}},
{"type":"Feature","properties":{"kv":138,"owner":"PEDERNALES ELECTRIC COOP, INC","status":"NOT AVAILABLE"},"geometry":{"type":"LineString","coordinates":[[-98.9041,30.3054],[-98.9464,30.2651],[-98.9945,30.2169],[-99.0,30.2116]]}},
{"type":"Feature","properties":{"kv":138,"owner":"CITY OF BELLVILLE - (TX)","status":"NOT AVAILABLE"},"geometry":{"type":"LineString","coordinates":[[-96.2,29.8502],[-96.2004,29.8495],[-96.2011,29.8481],[-96.2006,29.8478]]}},
{"type":"Feature","properties":{"kv":138,"owner":"AEP TEXAS CENTRAL COMPANY","status":"NOT AVAILABLE"},"geometry":{"type":"LineString","coordinates":[[-97.3045,29.2792],[-97.2946,29.2]]}},
{"type":"Feature","properties":{"kv":138,"owner":"CITY OF FREDERICKSBURG - (TX)","status":"NOT AVAILABLE"},"geometry":{"type":"LineString","coordinates":[[-98.8658,30.3069],[-98.8668,30.307],[-98.8689,30.309],[-98.871,30.312],[-98.8751,30.3137],[-98.884,30.3122],[-98.8874,30.3108],[-98.8918,30.3109],[-98.8925,30.3112],[-98.902,30.3034],[-98.9029,30.3056],[-98.9041,30.3054]]}},
{"type":"Feature","properties":{"kv":138,"owner":"BLUEBONNET ELECTRIC COOP, INC","status":"IN SERVICE"},"geometry":{"type":"LineString","coordinates":[[-97.6676,30.0035],[-97.665,30.003],[-97.6647,30.0004],[-97.6644,29.9786],[-97.6641,29.9754],[-97.6631,29.8936],[-97.6631,29.8922],[-97.6646,29.8865],[-97.6615,29.8718],[-97.661,29.8714],[-97.6612,29.8709]]}},
{"type":"Feature","properties":{"kv":138,"owner":"BANDERA ELECTRIC COOP, INC","status":"IN SERVICE"},"geometry":{"type":"LineString","coordinates":[[-98.4185,29.5293],[-98.4192,29.5291],[-98.4199,29.5301],[-98.4233,29.5317],[-98.4243,29.5316]]}},
{"type":"Feature","properties":{"kv":138,"owner":"ONCOR ELECTRIC DELIVERY CO.","status":"IN SERVICE"},"geometry":{"type":"LineString","coordinates":[[-98.1982,30.9915],[-98.2112,30.8899],[-98.2207,30.8427],[-98.2383,30.7599],[-98.2374,30.7592]]}},
{"type":"Feature","properties":{"kv":138,"owner":"BLUEBONNET ELECTRIC COOP, INC","status":"IN SERVICE"},"geometry":{"type":"LineString","coordinates":[[-96.2559,29.9242],[-96.2591,29.9065],[-96.2784,29.8893],[-96.2801,29.8881],[-96.2914,29.8973],[-96.3813,29.9141],[-96.3999,29.9198],[-96.51,29.9385],[-96.5494,29.9418],[-96.5988,29.9489],[-96.6139,29.9502]]}},
{"type":"Feature","properties":{"kv":138,"owner":"CITY OF BRYAN - (TX)","status":"NOT AVAILABLE"},"geometry":{"type":"LineString","coordinates":[[-96.2943,30.6277],[-96.2925,30.6291]]}},
{"type":"Feature","properties":{"kv":138,"owner":"BANDERA ELECTRIC COOP, INC","status":"IN SERVICE"},"geometry":{"type":"LineString","coordinates":[[-98.6127,29.437],[-98.613,29.437],[-98.6113,29.4359],[-98.6117,29.4269]]}},
{"type":"Feature","properties":{"kv":345,"owner":"ONCOR ELECTRIC DELIVERY CO.","status":"IN SERVICE"},"geometry":{"type":"LineString","coordinates":[[-97.4873,30.2513],[-97.4885,30.2501],[-97.4946,30.2185],[-97.5002,30.2099],[-97.5085,30.2],[-97.5446,30.1429],[-97.5454,30.1426]]}},
{"type":"Feature","properties":{"kv":138,"owner":"BLUEBONNET ELECTRIC COOP, INC","status":"IN SERVICE"},"geometry":{"type":"LineString","coordinates":[[-97.9495,29.7726],[-97.9501,29.7733],[-97.95,29.7742],[-97.9574,29.7759],[-97.9576,29.7967],[-97.9556,29.7968],[-97.9556,29.7971]]}},
{"type":"Feature","properties":{"kv":138,"owner":"ONCOR ELECTRIC DELIVERY CO.","status":"IN SERVICE"},"geometry":{"type":"LineString","coordinates":[[-98.1088,30.4268],[-98.1083,30.4267],[-98.0791,30.4004],[-98.066,30.3891],[-98.0146,30.3474],[-98.0003,30.3476],[-97.9788,30.3587]]}},
{"type":"Feature","properties":{"kv":138,"owner":"BANDERA ELECTRIC COOP, INC","status":"NOT AVAILABLE"},"geometry":{"type":"LineString","coordinates":[[-98.9425,29.3706],[-98.9427,29.3197],[-98.9343,29.3121],[-98.922,29.2999],[-98.9274,29.2902],[-98.928,29.2838],[-98.928,29.2686],[-98.929,29.2677],[-98.9289,29.2642],[-98.9248,29.2627],[-98.9246,29.2635],[-98.9243,29.2635],[-98.9243,29.263]]}},
{"type":"Feature","properties":{"kv":138,"owner":"BANDERA ELECTRIC COOP, INC","status":"NOT AVAILABLE"},"geometry":{"type":"LineString","coordinates":[[-98.4185,29.5293],[-98.4187,29.5285],[-98.4202,29.5285],[-98.4217,29.5278],[-98.4247,29.5311],[-98.4238,29.532],[-98.4246,29.5325],[-98.4266,29.5355],[-98.4224,29.5392],[-98.4219,29.5404],[-98.4166,29.5459],[-98.4199,29.5481]]}},
{"type":"Feature","properties":{"kv":138,"owner":"ONCOR ELECTRIC DELIVERY CO.","status":"IN SERVICE"},"geometry":{"type":"LineString","coordinates":[[-97.5454,30.1426],[-97.5467,30.1427],[-97.555,30.1469],[-97.5903,30.1539],[-97.6816,30.1626],[-97.6817,30.1629]]}},
{"type":"Feature","properties":{"kv":138,"owner":"BANDERA ELECTRIC COOP, INC","status":"IN SERVICE"},"geometry":{"type":"LineString","coordinates":[[-98.6347,29.3808],[-98.6348,29.3804],[-98.6341,29.3807],[-98.6283,29.3701],[-98.6149,29.3683],[-98.6154,29.3658],[-98.6062,29.3576],[-98.6016,29.3569]]}},
{"type":"Feature","properties":{"kv":138,"owner":"BANDERA ELECTRIC COOP, INC","status":"IN SERVICE"},"geometry":{"type":"LineString","coordinates":[[-98.5176,29.6655],[-98.5177,29.665],[-98.5203,29.6637],[-98.5215,29.658],[-98.5213,29.6546],[-98.5188,29.6489],[-98.5185,29.6454],[-98.5189,29.6433],[-98.5378,29.627],[-98.5509,29.6271],[-98.5509,29.6295],[-98.561,29.6295],[-98.5655,29.6257],[-98.5716,29.6225],[-98.5736,29.6196],[-98.5739,29.6181],[-98.5723,29.6179]]}},
{"type":"Feature","properties":{"kv":138,"owner":"ONCOR ELECTRIC DELIVERY CO.","status":"IN SERVICE"},"geometry":{"type":"LineString","coordinates":[[-97.4873,30.2513],[-97.4881,30.2525],[-97.4892,30.253],[-97.4897,30.2522],[-97.5119,30.263],[-97.529,30.2726],[-97.5414,30.2786],[-97.5757,30.2934],[-97.5938,30.3065],[-97.6076,30.3069],[-97.6159,30.3065],[-97.617,30.3076],[-97.6154,30.3097]]}},
{"type":"Feature","properties":{"kv":138,"owner":"BLUEBONNET ELECTRIC COOP, INC","status":"IN SERVICE"},"geometry":{"type":"LineString","coordinates":[[-97.9325,29.8897],[-97.9312,29.8893],[-97.9299,29.8882],[-97.9304,29.8878],[-97.918,29.8774]]}},
{"type":"Feature","properties":{"kv":138,"owner":"ONCOR ELECTRIC DELIVERY CO.","status":"IN SERVICE"},"geometry":{"type":"LineString","coordinates":[[-97.5619,30.7965],[-97.5141,30.8115],[-97.4794,30.8169],[-97.4692,30.8138],[-97.4687,30.8147]]}},
{"type":"Feature","properties":{"kv":138,"owner":"BLUEBONNET ELECTRIC COOP, INC","status":"NOT AVAILABLE"},"geometry":{"type":"LineString","coordinates":[[-97.9324,29.5373],[-97.9321,29.5376]]}},
{"type":"Feature","properties":{"kv":138,"owner":"NOT AVAILABLE","status":"IN SERVICE"},"geometry":{"type":"LineString","coordinates":[[-96.2528,30.5008],[-96.254,30.5009],[-96.2567,30.5034],[-96.257,30.5323],[-96.2586,30.5531],[-96.2578,30.5539]]}},
{"type":"Feature","properties":{"kv":138,"owner":"ONCOR ELECTRIC DELIVERY CO.","status":"IN SERVICE"},"geometry":{"type":"LineString","coordinates":[[-97.9788,30.3587],[-97.9124,30.3931],[-97.9092,30.3892]]}},
{"type":"Feature","properties":{"kv":138,"owner":"NOT AVAILABLE","status":"NOT AVAILABLE"},"geometry":{"type":"LineString","coordinates":[[-96.3646,30.716],[-96.3648,30.7181],[-96.3631,30.7204],[-96.3426,30.7385],[-96.3399,30.7481],[-96.3386,30.7571],[-96.3343,30.7668],[-96.3324,30.7697],[-96.2989,30.7995],[-96.2968,30.7995],[-96.2968,30.8001],[-96.2936,30.8002],[-96.2935,30.7994],[-96.2929,30.7994],[-96.2928,30.7998]]}},
{"type":"Feature","properties":{"kv":138,"owner":"GUADALUPE VALLEY ELEC COOP INC","status":"NOT AVAILABLE"},"geometry":{"type":"LineString","coordinates":[[-98.195,29.8705],[-98.1947,29.8705]]}},
{"type":"Feature","properties":{"kv":345,"owner":"ONCOR ELECTRIC DELIVERY CO.","status":"IN SERVICE"},"geometry":{"type":"LineString","coordinates":[[-97.5485,30.1455],[-97.5446,30.143],[-97.5086,30.2],[-97.5002,30.2099],[-97.4947,30.2185],[-97.4886,30.2502],[-97.4873,30.2513]]}},
{"type":"Feature","properties":{"kv":138,"owner":"ONCOR ELECTRIC DELIVERY CO.","status":"IN SERVICE"},"geometry":{"type":"LineString","coordinates":[[-97.6872,30.2653],[-97.6868,30.2654],[-97.6863,30.2651],[-97.6821,30.2662],[-97.6647,30.2639],[-97.6602,30.2642],[-97.6589,30.2648],[-97.6613,30.2661],[-97.6595,30.2705],[-97.661,30.271],[-97.6621,30.2705]]}},
{"type":"Feature","properties":{"kv":138,"owner":"ONCOR ELECTRIC DELIVERY CO.","status":"IN SERVICE"},"geometry":{"type":"LineString","coordinates":[[-97.694,30.4742],[-97.6912,30.46]]}},
{"type":"Feature","properties":{"kv":138,"owner":"BANDERA ELECTRIC COOP, INC","status":"IN SERVICE"},"geometry":{"type":"LineString","coordinates":[[-98.3222,29.2702],[-98.3236,29.3102]]}},
{"type":"Feature","properties":{"kv":138,"owner":"ONCOR ELECTRIC DELIVERY CO.","status":"IN SERVICE"},"geometry":{"type":"LineString","coordinates":[[-97.5741,30.4099],[-97.5731,30.4091],[-97.5665,30.4094],[-97.56,30.4202],[-97.5379,30.4545],[-97.5304,30.4589],[-97.5268,30.4782],[-97.5235,30.4815],[-97.5211,30.4957],[-97.5267,30.4983],[-97.5206,30.5309],[-97.5252,30.5403],[-97.5223,30.5546],[-97.5336,30.5571],[-97.5484,30.559],[-97.5585,30.5565],[-97.5595,30.5516],[-97.5608,30.5518],[-97.5614,30.5512]]}},
{"type":"Feature","properties":{"kv":138,"owner":"BANDERA ELECTRIC COOP, INC","status":"NOT AVAILABLE"},"geometry":{"type":"LineString","coordinates":[[-99.0,29.2151],[-98.9814,29.2]]}},
{"type":"Feature","properties":{"kv":345,"owner":"ONCOR ELECTRIC DELIVERY CO.","status":"IN SERVICE"},"geometry":{"type":"LineString","coordinates":[[-97.5397,30.2755],[-97.5396,30.2758],[-97.5406,30.2762],[-97.5397,30.2776],[-97.5764,30.2935],[-97.5939,30.3062],[-97.6076,30.3066],[-97.6136,30.3053],[-97.6142,30.305]]}},
{"type":"Feature","properties":{"kv":138,"owner":"GUADALUPE VALLEY ELEC COOP INC","status":"IN SERVICE"},"geometry":{"type":"LineString","coordinates":[[-98.1058,29.7778],[-98.0924,29.7768],[-98.0684,29.7856],[-98.0537,29.7728],[-98.0511,29.7736]]}},
{"type":"Feature","properties":{"kv":138,"owner":"BANDERA ELECTRIC COOP, INC","status":"IN SERVICE"},"geometry":{"type":"LineString","coordinates":[[-98.8988,29.7154],[-98.8978,29.7154],[-98.8527,29.7336],[-98.8358,29.7439],[-98.8228,29.7481],[-98.8108,29.7548],[-98.7938,29.7605],[-98.7908,29.7659],[-98.783,29.7653],[-98.7806,29.7676],[-98.778,29.7688],[-98.7776,29.7705],[-98.7763,29.7707],[-98.7761,29.7711]]}},
{"type":"Feature","properties":{"kv":138,"owner":"MID-SOUTH ELECTRIC COOP ASSN","status":"NOT AVAILABLE"},"geometry":{"type":"LineString","coordinates":[[-96.2578,30.5539],[-96.2576,30.5546],[-96.2589,30.5545],[-96.2589,30.5571],[-96.2593,30.5577],[-96.259,30.5589],[-96.2569,30.5601],[-96.2533,30.5632],[-96.2041,30.6073],[-96.2011,30.6136],[-96.2,30.6137]]}},
{"type":"Feature","properties":{"kv":345,"owner":"ENTERGY TEXAS INC.","status":"IN SERVICE"},"geometry":{"type":"LineString","coordinates":[[-96.2,30.816],[-96.2439,30.8386],[-96.2554,30.8544],[-96.2571,30.8572],[-96.2579,30.8593],[-96.2591,30.8603],[-96.2608,30.8628],[-96.3045,30.9307],[-96.3069,30.9431],[-96.3321,30.9775],[-96.3622,31.0253],[-96.3658,31.0302],[-96.3832,31.0496],[-96.3922,31.0687],[-96.4002,31.0787],[-96.4072,31.089],[-96.4184,31.0981],[-96.425,31.1075],[-96.428,31.1123],[-96.4452,31.1329],[-96.4737,31.1735],[-96.4784,31.1782],[-96.4835,31.1856],[-96.4844,31.1855]]}},
{"type":"Feature","properties":{"kv":138,"owner":"ONCOR ELECTRIC DELIVERY CO.","status":"NOT AVAILABLE"},"geometry":{"type":"LineString","coordinates":[[-97.7805,30.3152],[-97.7801,30.3154],[-97.7793,30.3204],[-97.7796,30.3245],[-97.7812,30.3271],[-97.7829,30.3273],[-97.7851,30.3291],[-97.7882,30.3306],[-97.7858,30.3344],[-97.7866,30.3347],[-97.7863,30.3352],[-97.7822,30.3382],[-97.7763,30.3405],[-97.7761,30.3398],[-97.7751,30.3395],[-97.7739,30.34],[-97.7722,30.3396],[-97.7709,30.3409],[-97.7692,30.3414],[-97.7682,30.3406],[-97.767,30.3403],[-97.7638,30.3425],[-97.7629,30.3427],[-97.76,30.3405],[-97.7591,30.3393],[-97.7588,30.3383],[-97.7573,30.3374],[-97.7561,30.3392],[-97.754,30.338]]}},
{"type":"Feature","properties":{"kv":138,"owner":"ONCOR ELECTRIC DELIVERY CO.","status":"IN SERVICE"},"geometry":{"type":"LineString","coordinates":[[-97.6616,30.6673],[-97.6629,30.6671],[-97.6702,30.6704],[-97.6605,30.6905],[-97.6558,30.6975],[-97.6532,30.704],[-97.6588,30.7109],[-97.6656,30.7207],[-97.6681,30.7232],[-97.6733,30.7267],[-97.6891,30.7351],[-97.6942,30.7388],[-97.6938,30.7393],[-97.6941,30.7396]]}},
{"type":"Feature","properties":{"kv":138,"owner":"ONCOR ELECTRIC DELIVERY CO.","status":"IN SERVICE"},"geometry":{"type":"LineString","coordinates":[[-97.2728,30.1477],[-97.2732,30.148],[-97.2733,30.1492],[-97.2731,30.156],[-97.2713,30.1578],[-97.2767,30.1617],[-97.282,30.1649],[-97.2895,30.1643],[-97.2926,30.1595],[-97.2932,30.1446],[-97.3054,30.1447],[-97.319,30.1604],[-97.3696,30.1966],[-97.4078,30.2258],[-97.4547,30.2352],[-97.4857,30.2503],[-97.4854,30.2518],[-97.4866,30.2523],[-97.4873,30.2513]]}},
{"type":"Feature","properties":{"kv":138,"owner":"BANDERA ELECTRIC COOP, INC","status":"IN SERVICE"},"geometry":{"type":"LineString","coordinates":[[-98.5685,29.5247],[-98.5667,29.5265],[-98.5586,29.5203],[-98.5567,29.5221],[-98.5481,29.5155],[-98.5258,29.5376],[-98.5255,29.5381],[-98.5258,29.5385]]}},
{"type":"Feature","properties":{"kv":138,"owner":"ONCOR ELECTRIC DELIVERY CO.","status":"NOT AVAILABLE"},"geometry":{"type":"LineString","coordinates":[[-97.8594,30.2338],[-97.8604,30.2357],[-97.862,30.236],[-97.8657,30.2346],[-97.869,30.235],[-97.8705,30.2383]]}},
{"type":"Feature","properties":{"kv":138,"owner":"BANDERA ELECTRIC COOP, INC","status":"IN SERVICE"},"geometry":{"type":"LineString","coordinates":[[-98.7606,29.8868],[-98.7604,29.8871],[-98.7612,29.8881],[-98.7856,29.9042],[-98.8065,29.9166],[-98.8721,29.9768],[-98.8844,29.9838],[-98.8861,29.9843],[-98.8867,29.985]]}},
{"type":"Feature","properties":{"kv":138,"owner":"ONCOR ELECTRIC DELIVERY CO.","status":"NOT AVAILABLE"},"geometry":{"type":"LineString","coordinates":[[-97.7279,30.3986],[-97.7302,30.391]]}},
{"type":"Feature","properties":{"kv":138,"owner":"ONCOR ELECTRIC DELIVERY CO.","status":"IN SERVICE"},"geometry":{"type":"LineString","coordinates":[[-97.7156,30.2069],[-97.7102,30.2154],[-97.7114,30.216],[-97.711,30.2165]]}},
{"type":"Feature","properties":{"kv":138,"owner":"PEDERNALES ELECTRIC COOP, INC","status":"IN SERVICE"},"geometry":{"type":"LineString","coordinates":[[-98.6106,30.7364],[-98.6231,30.7425],[-98.6465,30.7594],[-98.6498,30.7654],[-98.6775,30.7656],[-98.6775,30.7664]]}},
{"type":"Feature","properties":{"kv":138,"owner":"BLUEBONNET ELECTRIC COOP, INC","status":"IN SERVICE"},"geometry":{"type":"LineString","coordinates":[[-98.0496,29.5885],[-98.0497,29.5892],[-98.0475,29.5912],[-98.0966,29.6541],[-98.097,29.6539]]}},
{"type":"Feature","properties":{"kv":138,"owner":"PEDERNALES ELECTRIC COOP, INC","status":"IN SERVICE"},"geometry":{"type":"LineString","coordinates":[[-97.9495,29.7726],[-97.9505,29.7736],[-97.9909,29.783],[-98.0179,29.79],[-98.0511,29.7736]]}},
{"type":"Feature","properties":{"kv":138,"owner":"ONCOR ELECTRIC DELIVERY CO.","status":"IN SERVICE"},"geometry":{"type":"LineString","coordinates":[[-97.7416,30.3672],[-97.7547,30.3366],[-97.7548,30.3356]]}},
{"type":"Feature","properties":{"kv":138,"owner":"ONCOR ELECTRIC DELIVERY CO.","status":"NOT AVAILABLE"},"geometry":{"type":"LineString","coordinates":[[-97.8687,30.243],[-97.8674,30.2436],[-97.8634,30.2432],[-97.8616,30.2425],[-97.8611,30.241],[-97.8581,30.242],[-97.857,30.2428],[-97.8527,30.2497],[-97.8497,30.2483],[-97.846,30.2538],[-97.8411,30.2515],[-97.8374,30.2575],[-97.8195,30.2661]]}},
{"type":"Feature","properties":{"kv":138,"owner":"ONCOR ELECTRIC DELIVERY CO.","status":"NOT AVAILABLE"},"geometry":{"type":"LineString","coordinates":[[-96.5422,31.5206],[-96.6121,31.4807],[-96.6153,31.4791],[-96.6162,31.4791],[-96.6191,31.4763],[-96.639,31.4636],[-96.6499,31.4574],[-96.658,31.4522],[-96.6684,31.4432],[-96.6774,31.4376]]}},
{"type":"Feature","properties":{"kv":138,"owner":"BANDERA ELECTRIC COOP, INC","status":"IN SERVICE"},"geometry":{"type":"LineString","coordinates":[[-98.3692,29.2737],[-98.371,29.2738],[-98.3725,29.2757],[-98.374,29.2758]]}},
{"type":"Feature","properties":{"kv":345,"owner":"BLUEBONNET ELECTRIC COOP, INC","status":"IN SERVICE"},"geometry":{"type":"LineString","coordinates":[[-97.9749,29.5931],[-97.9757,29.593],[-97.9781,29.5955],[-97.9793,29.6015],[-97.9793,29.6357],[-98.0012,29.6487],[-98.0157,29.6488],[-98.0177,29.6504],[-98.0171,29.6512]]}},
{"type":"Feature","properties":{"kv":138,"owner":"BANDERA ELECTRIC COOP, INC","status":"IN SERVICE"},"geometry":{"type":"LineString","coordinates":[[-98.4185,29.5293],[-98.4178,29.5291],[-98.4148,29.5307],[-98.3926,29.5306],[-98.3896,29.5262],[-98.384,29.5226],[-98.3858,29.5215],[-98.3912,29.5145],[-98.3911,29.4984],[-98.3927,29.4964],[-98.3927,29.4671],[-98.3924,29.4653]]}},
{"type":"Feature","properties":{"kv":138,"owner":"ONCOR ELECTRIC DELIVERY CO.","status":"IN SERVICE"},"geometry":{"type":"LineString","coordinates":[[-97.488,30.2488],[-97.4865,30.2492],[-97.4859,30.2501],[-97.4853,30.2499],[-97.4548,30.235],[-97.4079,30.2256],[-97.3698,30.1964],[-97.3192,30.1602],[-97.3055,30.1445],[-97.278,30.144],[-97.2724,30.1465],[-97.2702,30.1464],[-97.2694,30.1469],[-97.2688,30.146]]}},
{"type":"Feature","properties":{"kv":138,"owner":"PEDERNALES ELECTRIC COOP, INC","status":"IN SERVICE"},"geometry":{"type":"LineString","coordinates":[[-98.9632,30.7384],[-98.8933,30.7505],[-98.7722,30.7709],[-98.7275,30.7715],[-98.6877,30.7658],[-98.6783,30.7656],[-98.6775,30.7664]]}},
{"type":"Feature","properties":{"kv":138,"owner":"ONCOR ELECTRIC DELIVERY CO.","status":"IN SERVICE"},"geometry":{"type":"LineString","coordinates":[[-97.6893,30.3939],[-97.6896,30.3946],[-97.6892,30.4022],[-97.6941,30.4066],[-97.708,30.4092],[-97.7229,30.4069],[-97.7262,30.4058],[-97.7293,30.4059],[-97.7584,30.4014],[-97.8004,30.4014],[-97.7968,30.4189],[-97.7969,30.4203]]}},
{"type":"Feature","properties":{"kv":138,"owner":"ONCOR ELECTRIC DELIVERY CO.","status":"IN SERVICE"},"geometry":{"type":"LineString","coordinates":[[-97.5093,30.3495],[-97.5088,30.3497],[-97.4837,30.3422],[-97.4122,30.3224],[-97.4039,30.3191],[-97.3796,30.3133],[-97.3794,30.314]]}},
{"type":"Feature","properties":{"kv":138,"owner":"ONCOR ELECTRIC DELIVERY CO.","status":"IN SERVICE"},"geometry":{"type":"LineString","coordinates":[[-97.4586,31.0832],[-97.5449,31.0871]]}},
{"type":"Feature","properties":{"kv":138,"owner":"ONCOR ELECTRIC DELIVERY CO.","status":"IN SERVICE"},"geometry":{"type":"LineString","coordinates":[[-97.7156,30.2069],[-97.7201,30.2071],[-97.7254,30.2096]]}},
{"type":"Feature","properties":{"kv":138,"owner":"NOT AVAILABLE","status":"NOT AVAILABLE"},"geometry":{"type":"LineString","coordinates":[[-98.0543,29.3239],[-97.7727,29.2903],[-97.7664,29.289],[-97.7408,29.3082]]}},
{"type":"Feature","properties":{"kv":138,"owner":"ONCOR ELECTRIC DELIVERY CO.","status":"NOT AVAILABLE"},"geometry":{"type":"LineString","coordinates":[[-97.1793,31.5774],[-97.1494,31.5873],[-97.1482,31.5888],[-97.1219,31.6027],[-97.1177,31.6021],[-97.1143,31.6108],[-97.1112,31.6101],[-97.1109,31.612],[-97.1104,31.6118]]}},
{"type":"Feature","properties":{"kv":138,"owner":"ONCOR ELECTRIC DELIVERY CO.","status":"NOT AVAILABLE"},"geometry":{"type":"LineString","coordinates":[[-97.4404,31.064],[-97.4229,31.0618],[-97.417,31.0696],[-97.4055,31.0679],[-97.3963,31.0651],[-97.3427,31.0517],[-97.3079,31.042],[-97.2885,31.0829],[-97.2824,31.0809]]}},
{"type":"Feature","properties":{"kv":345,"owner":"ONCOR ELECTRIC DELIVERY CO.","status":"IN SERVICE"},"geometry":{"type":"LineString","coordinates":[[-97.4044,30.0056],[-97.3988,30.0098],[-97.3752,30.0301],[-97.3489,30.0533],[-97.3235,30.0766],[-97.3182,30.0831],[-97.317,30.0874],[-97.3064,30.0906],[-97.3059,30.0912]]}},
{"type":"Feature","properties":{"kv":138,"owner":"ONCOR ELECTRIC DELIVERY CO.","status":"IN SERVICE"},"geometry":{"type":"LineString","coordinates":[[-98.2576,30.5552],[-98.2607,30.5523],[-98.2612,30.5524]]}},
{"type":"Feature","properties":{"kv":138,"owner":"BANDERA ELECTRIC COOP, INC","status":"IN SERVICE"},"geometry":{"type":"LineString","coordinates":[[-98.3924,29.4653],[-98.3926,29.4964],[-98.3911,29.4984],[-98.3911,29.5145],[-98.3858,29.5214],[-98.3439,29.5484],[-98.3431,29.5485]]}},
{"type":"Feature","properties":{"kv":138,"owner":"ONCOR ELECTRIC DELIVERY CO.","status":"IN SERVICE"},"geometry":{"type":"LineString","coordinates":[[-97.3126,30.2027],[-97.3116,30.2031],[-97.3104,30.2118],[-97.3325,30.3023]]}},
{"type":"Feature","properties":{"kv":138,"owner":"ONCOR ELECTRIC DELIVERY CO.","status":"NOT AVAILABLE"},"geometry":{"type":"LineString","coordinates":[[-97.72,30.2505],[-97.7198,30.251]]}},
{"type":"Feature","properties":{"kv":138,"owner":"GUADALUPE VALLEY ELEC COOP INC","status":"IN SERVICE"},"geometry":{"type":"LineString","coordinates":[[-98.3329,29.6204],[-98.2931,29.641],[-98.2754,29.6144],[-98.2738,29.6134],[-98.2715,29.61],[-98.2709,29.61]]}},
{"type":"Feature","properties":{"kv":138,"owner":"BLUEBONNET ELECTRIC COOP, INC","status":"IN SERVICE"},"geometry":{"type":"LineString","coordinates":[[-97.866,30.029],[-97.8612,30.0474],[-97.8589,30.054]]}},
{"type":"Feature","properties":{"kv":345,"owner":"BLUEBONNET ELECTRIC COOP, INC","status":"IN SERVICE"},"geometry":{"type":"LineString","coordinates":[[-98.0171,29.6512],[-98.0175,29.6505],[-98.0157,29.6489],[-98.0012,29.6488],[-97.9792,29.6358],[-97.9792,29.6015],[-97.978,29.5955],[-97.9757,29.5933],[-97.9749,29.5931]]}},
{"type":"Feature","properties":{"kv":138,"owner":"ONCOR ELECTRIC DELIVERY CO.","status":"NOT AVAILABLE"},"geometry":{"type":"LineString","coordinates":[[-97.7442,30.4008],[-97.7774,30.4006]]}},
{"type":"Feature","properties":{"kv":138,"owner":"BANDERA ELECTRIC COOP, INC","status":"NOT AVAILABLE"},"geometry":{"type":"LineString","coordinates":[[-98.5104,29.335],[-98.5107,29.3352],[-98.5109,29.3345],[-98.5109,29.3219],[-98.5414,29.3218],[-98.5414,29.3211],[-98.5474,29.3211],[-98.5496,29.3206],[-98.5497,29.3183]]}},
{"type":"Feature","properties":{"kv":138,"owner":"ONCOR ELECTRIC DELIVERY CO.","status":"IN SERVICE"},"geometry":{"type":"LineString","coordinates":[[-97.7502,30.4372],[-97.7541,30.4395],[-97.7687,30.4348],[-97.7688,30.4331],[-97.7653,30.4305],[-97.7581,30.4262],[-97.7559,30.4228],[-97.7478,30.4152],[-97.7477,30.4095],[-97.7481,30.407],[-97.7475,30.4045],[-97.7482,30.4033],[-97.7442,30.4014],[-97.7442,30.4008]]}},
{"type":"Feature","properties":{"kv":138,"owner":"BLUEBONNET ELECTRIC COOP, INC","status":"IN SERVICE"},"geometry":{"type":"LineString","coordinates":[[-97.8415,29.9925],[-97.837,29.9994],[-97.8172,30.0251],[-97.7928,30.0595],[-97.7915,30.0617],[-97.7894,30.071]]}},
{"type":"Feature","properties":{"kv":138,"owner":"ONCOR ELECTRIC DELIVERY CO.","status":"IN SERVICE"},"geometry":{"type":"LineString","coordinates":[[-97.8195,30.2661],[-97.8545,30.3107],[-97.8548,30.3153]]}},
{"type":"Feature","properties":{"kv":138,"owner":"CITY OF BRYAN - (TX)","status":"NOT AVAILABLE"},"geometry":{"type":"LineString","coordinates":[[-96.5759,30.9513],[-96.5555,30.9729],[-96.5139,31.02],[-96.4922,31.0421]]}},
{"type":"Feature","properties":{"kv":138,"owner":"BANDERA ELECTRIC COOP, INC","status":"IN SERVICE"},"geometry":{"type":"LineString","coordinates":[[-98.5083,29.4987],[-98.5082,29.4989],[-98.5096,29.4991],[-98.5185,29.499],[-98.5257,29.5076],[-98.5264,29.508],[-98.527,29.5097],[-98.5303,29.5241],[-98.5315,29.5263],[-98.5344,29.529],[-98.5258,29.5375],[-98.5254,29.5382],[-98.5258,29.5385]]}},
{"type":"Feature","properties":{"kv":138,"owner":"ONCOR ELECTRIC DELIVERY CO.","status":"IN SERVICE"},"geometry":{"type":"LineString","coordinates":[[-97.2111,30.6201],[-97.2528,30.6099],[-97.3479,30.5824],[-97.3505,30.5802],[-97.3617,30.5781],[-97.3648,30.5731],[-97.3969,30.5672],[-97.3967,30.5667],[-97.3972,30.5666]]}},
{"type":"Feature","properties":{"kv":138,"owner":"CENTERPOINT ENERGY HOUSTON ELECTRIC, LLC","status":"NOT AVAILABLE"},"geometry":{"type":"LineString","coordinates":[[-96.2,29.8453],[-96.2007,29.8469],[-96.2006,29.8478]]}},
{"type":"Feature","properties":{"kv":138,"owner":"BLUEBONNET ELECTRIC COOP, INC","status":"IN SERVICE"},"geometry":{"type":"LineString","coordinates":[[-96.7551,29.9123],[-96.7533,29.9121],[-96.7422,29.9095],[-96.7332,29.9118],[-96.7217,29.9116],[-96.7074,29.9203],[-96.6995,29.9276],[-96.6896,29.9383],[-96.6774,29.9502],[-96.6878,29.9624],[-96.6878,29.9628]]}},
{"type":"Feature","properties":{"kv":138,"owner":"GUADALUPE VALLEY ELEC COOP INC","status":"IN SERVICE"},"geometry":{"type":"LineString","coordinates":[[-98.1599,29.7022],[-98.1599,29.7019],[-98.1561,29.6987],[-98.1397,29.7104],[-98.1375,29.7112],[-98.1363,29.7078],[-98.135,29.7069]]}},
{"type":"Feature","properties":{"kv":138,"owner":"BLUEBONNET ELECTRIC COOP, INC","status":"IN SERVICE"},"geometry":{"type":"LineString","coordinates":[[-97.7086,29.8668],[-97.7079,29.867],[-97.7083,29.8681],[-97.6925,29.8669],[-97.6663,29.8713],[-97.6616,29.8718],[-97.6612,29.8709]]}},
{"type":"Feature","properties":{"kv":138,"owner":"AEP TEXAS CENTRAL CO.","status":"NOT AVAILABLE"},"geometry":{"type":"LineString","coordinates":[[-96.4026,29.5763],[-96.4018,29.5702]]}},
{"type":"Feature","properties":{"kv":138,"owner":"BLUEBONNET ELECTRIC COOP, INC","status":"NOT AVAILABLE"},"geometry":{"type":"LineString","coordinates":[[-98.2615,29.5636],[-98.2608,29.5629],[-98.2528,29.5668],[-98.2467,29.5663],[-98.2435,29.5669],[-98.2368,29.5661],[-98.2314,29.5664],[-98.2083,29.5783],[-98.2077,29.5782]]}},
{"type":"Feature","properties":{"kv":138,"owner":"BANDERA ELECTRIC COOP, INC","status":"IN SERVICE"},"geometry":{"type":"LineString","coordinates":[[-98.4771,29.5113],[-98.4658,29.5114],[-98.4633,29.516],[-98.4615,29.5181],[-98.4599,29.5181],[-98.4438,29.5343],[-98.445,29.5352],[-98.4392,29.5389],[-98.4378,29.5406],[-98.4407,29.5425],[-98.4397,29.5436],[-98.4325,29.5487],[-98.4152,29.5688],[-98.4072,29.5756],[-98.4105,29.5784],[-98.4094,29.5791],[-98.4099,29.5798],[-98.4088,29.5806]]}},
{"type":"Feature","properties":{"kv":138,"owner":"AEP TEXAS CENTRAL COMPANY","status":"NOT AVAILABLE"},"geometry":{"type":"LineString","coordinates":[[-98.064,29.2669],[-98.0645,29.2671],[-98.0666,29.2662],[-98.0914,29.2536],[-98.0828,29.2408],[-98.0688,29.218],[-98.0918,29.2]]}},
{"type":"Feature","properties":{"kv":138,"owner":"ONCOR ELECTRIC DELIVERY CO.","status":"IN SERVICE"},"geometry":{"type":"LineString","coordinates":[[-98.3374,30.5596],[-98.3378,30.5598],[-98.3387,30.5633],[-98.3416,30.5677],[-98.3303,30.5847],[-98.2721,30.5611],[-98.2612,30.5524]]}},
{"type":"Feature","properties":{"kv":138,"owner":"BANDERA ELECTRIC COOP, INC","status":"NOT AVAILABLE"},"geometry":{"type":"LineString","coordinates":[[-98.5027,29.4125],[-98.5043,29.4139]]}},
{"type":"Feature","properties":{"kv":345,"owner":"NOT AVAILABLE","status":"NOT AVAILABLE"},"geometry":{"type":"LineString","coordinates":[[-97.9999,29.4673],[-97.9985,29.4686],[-97.9977,29.4681],[-98.0003,29.4652],[-97.9984,29.4635],[-97.919,29.3785],[-97.7944,29.2474],[-97.6972,29.2]]}},
{"type":"Feature","properties":{"kv":138,"owner":"BLUEBONNET ELECTRIC COOP, INC","status":"IN SERVICE"},"geometry":{"type":"LineString","coordinates":[[-97.9648,29.8265],[-97.965,29.8268],[-97.9654,29.8265],[-97.9679,29.8287],[-97.9448,29.8505]]}},
{"type":"Feature","properties":{"kv":138,"owner":"BANDERA ELECTRIC COOP, INC","status":"IN SERVICE"},"geometry":{"type":"LineString","coordinates":[[-98.4243,29.5316],[-98.4245,29.5322],[-98.4266,29.5332],[-98.43,29.5373],[-98.4369,29.5403],[-98.4405,29.5425],[-98.4494,29.5497],[-98.4465,29.5545],[-98.4369,29.5644],[-98.4106,29.5785],[-98.4095,29.5791],[-98.4103,29.5803],[-98.4088,29.5806]]}},
{"type":"Feature","properties":{"kv":138,"owner":"BANDERA ELECTRIC COOP, INC","status":"IN SERVICE"},"geometry":{"type":"LineString","coordinates":[[-98.4088,29.5806],[-98.4089,29.5796],[-98.3761,29.547],[-98.3744,29.5477],[-98.3659,29.5411],[-98.3584,29.5339],[-98.3505,29.5338],[-98.3491,29.5322],[-98.3453,29.5187],[-98.3456,29.5134],[-98.3545,29.5055],[-98.3633,29.5077],[-98.3648,29.5095],[-98.3684,29.5099],[-98.3693,29.5097]]}},
{"type":"Feature","properties":{"kv":138,"owner":"BANDERA ELECTRIC COOP, INC","status":"IN SERVICE"},"geometry":{"type":"LineString","coordinates":[[-98.8867,29.985],[-98.8883,29.9841],[-98.8886,29.9845],[-98.8942,29.9813],[-98.8994,29.9789],[-98.9024,29.9786],[-98.9024,29.9782],[-98.9032,29.978]]}},
{"type":"Feature","properties":{"kv":138,"owner":"ONCOR ELECTRIC DELIVERY CO.","status":"IN SERVICE"},"geometry":{"type":"LineString","coordinates":[[-97.5614,30.1394],[-97.5615,30.1397],[-97.5569,30.1471],[-97.5532,30.1463],[-97.5478,30.1437],[-97.5469,30.1438],[-97.5462,30.1449],[-97.4734,30.1301],[-97.4736,30.131]]}},
{"type":"Feature","properties":{"kv":138,"owner":"BANDERA ELECTRIC COOP, INC","status":"IN SERVICE"},"geometry":{"type":"LineString","coordinates":[[-98.4088,29.5806],[-98.4099,29.5811],[-98.4196,29.591],[-98.4327,29.6064],[-98.437,29.6076],[-98.4365,29.597],[-98.4426,29.5955],[-98.4513,29.5954],[-98.462,29.5905],[-98.4655,29.591],[-98.4705,29.5951],[-98.4711,29.5951],[-98.4712,29.5946],[-98.4716,29.5949]]}},
{"type":"Feature","properties":{"kv":138,"owner":"ONCOR ELECTRIC DELIVERY CO.","status":"NOT AVAILABLE"},"geometry":{"type":"LineString","coordinates":[[-97.3211,30.1303],[-97.3214,30.1305],[-97.3214,30.1359],[-97.3182,30.1438],[-97.3143,30.1665],[-97.3151,30.1768],[-97.3116,30.2029],[-97.3126,30.2027]]}},
{"type":"Feature","properties":{"kv":345,"owner":"BLUEBONNET ELECTRIC COOP, INC","status":"NOT AVAILABLE"},"geometry":{"type":"LineString","coordinates":[[-97.0131,29.6745],[-97.0983,29.6775],[-97.1059,29.678]]}},
{"type":"Feature","properties":{"kv":345,"owner":"ONCOR ELECTRIC DELIVERY CO.","status":"IN SERVICE"},"geometry":{"type":"LineString","coordinates":[[-97.6142,30.305],[-97.6137,30.3054],[-97.6077,30.3068],[-97.5938,30.3064],[-97.5757,30.2934],[-97.5395,30.2777],[-97.5404,30.2763],[-97.5395,30.2758],[-97.5397,30.2755]]}},
{"type":"Feature","properties":{"kv":138,"owner":"ONCOR ELECTRIC DELIVERY CO.","status":"NOT AVAILABLE"},"geometry":{"type":"LineString","coordinates":[[-97.7978,31.5356],[-97.7983,31.5334],[-97.7757,31.5129],[-97.7717,31.4992],[-97.7599,31.4913],[-97.7421,31.4741],[-97.7432,31.4664],[-97.745,31.463],[-97.7417,31.462]]}},
{"type":"Feature","properties":{"kv":138,"owner":"ONCOR ELECTRIC DELIVERY CO.","status":"IN SERVICE"},"geometry":{"type":"LineString","coordinates":[[-97.3078,31.0791],[-97.3071,31.0791],[-97.3066,31.0803],[-97.2905,31.0937],[-97.2634,31.1267],[-97.2606,31.1285],[-97.2603,31.1292],[-97.2611,31.1296]]}},
{"type":"Feature","properties":{"kv":138,"owner":"BANDERA ELECTRIC COOP, INC","status":"IN SERVICE"},"geometry":{"type":"LineString","coordinates":[[-98.5075,29.2845],[-98.5082,29.2849],[-98.5085,29.2841],[-98.5115,29.2841],[-98.5115,29.2745],[-98.5129,29.2723],[-98.513,29.2702],[-98.5375,29.2709],[-98.5373,29.269]]}},
{"type":"Feature","properties":{"kv":138,"owner":"BLUEBONNET ELECTRIC COOP, INC","status":"IN SERVICE"},"geometry":{"type":"LineString","coordinates":[[-97.6742,30.0054],[-97.6752,30.0056],[-97.6759,30.005],[-97.6753,30.0044],[-97.6764,30.0035],[-97.6858,30.0053],[-97.6886,30.0067],[-97.7054,30.021],[-97.7078,30.0241],[-97.7126,30.0265],[-97.7289,30.0404],[-97.748,30.0585],[-97.7815,30.0744],[-97.7824,30.1059],[-97.7678,30.1795],[-97.7678,30.1855],[-97.7691,30.1862]]}},
{"type":"Feature","properties":{"kv":138,"owner":"ONCOR ELECTRIC DELIVERY CO.","status":"NOT AVAILABLE"},"geometry":{"type":"LineString","coordinates":[[-97.7896,30.2938],[-97.789,30.294],[-97.7844,30.2933]]}},
{"type":"Feature","properties":{"kv":138,"owner":"BANDERA ELECTRIC COOP, INC","status":"IN SERVICE"},"geometry":{"type":"LineString","coordinates":[[-98.6235,29.4133],[-98.6151,29.413],[-98.6118,29.4133],[-98.6119,29.4165],[-98.6099,29.4176],[-98.6087,29.4194],[-98.609,29.4233],[-98.6117,29.4269]]}},
{"type":"Feature","properties":{"kv":138,"owner":"CENTERPOINT ENERGY","status":"IN SERVICE"},"geometry":{"type":"LineString","coordinates":[[-96.2559,29.9242],[-96.2558,29.9229],[-96.2468,29.9198],[-96.2184,29.9467],[-96.2162,29.9478],[-96.2058,29.9582],[-96.2,29.9647]]}},
{"type":"Feature","properties":{"kv":345,"owner":"BLUEBONNET ELECTRIC COOP, INC","status":"IN SERVICE"},"geometry":{"type":"LineString","coordinates":[[-98.1487,29.6205],[-98.146,29.6204],[-98.0846,29.6268],[-98.0589,29.6309],[-98.0374,29.6317],[-98.0171,29.6494],[-98.0181,29.6503],[-98.0171,29.6512]]}},
{"type":"Feature","properties":{"kv":345,"owner":"BANDERA ELECTRIC COOP, INC","status":"IN SERVICE"},"geometry":{"type":"LineString","coordinates":[[-98.3204,29.3124],[-98.3194,29.3119],[-98.3195,29.3136],[-98.3172,29.3156],[-98.3117,29.3161],[-98.3014,29.3152],[-98.2987,29.3073],[-98.2975,29.2931],[-98.2964,29.2887],[-98.2974,29.2879],[-98.2952,29.2804],[-98.2898,29.2684],[-98.3429,29.2403],[-98.38,29.2398],[-98.3906,29.2452],[-98.3944,29.2464],[-98.3983,29.2483],[-98.4021,29.2509],[-98.4225,29.261],[-98.3868,29.2707],[-98.3847,29.2629],[-98.3854,29.2583],[-98.3843,29.2582]]}},
{"type":"Feature","properties":{"kv":138,"owner":"BLUEBONNET ELECTRIC COOP, INC","status":"IN SERVICE"},"geometry":{"type":"LineString","coordinates":[[-97.9564,29.5943],[-97.9555,29.5949],[-97.9551,29.5987],[-97.9311,29.5989],[-97.9281,29.5986],[-97.9282,29.5978],[-97.8787,29.5683],[-97.8783,29.5684]]}},
{"type":"Feature","properties":{"kv":138,"owner":"BANDERA ELECTRIC COOP, INC","status":"IN SERVICE"},"geometry":{"type":"LineString","coordinates":[[-98.3827,29.258],[-98.3777,29.2738],[-98.3483,29.2994],[-98.3406,29.2996],[-98.3342,29.305],[-98.3276,29.3066],[-98.3258,29.311],[-98.3247,29.3111],[-98.3246,29.3104],[-98.3236,29.3102]]}},
{"type":"Feature","properties":{"kv":345,"owner":"ONCOR ELECTRIC DELIVERY CO.","status":"IN SERVICE"},"geometry":{"type":"LineString","coordinates":[[-97.2611,31.1296],[-97.2602,31.1296],[-97.2601,31.1305],[-97.2568,31.1347],[-97.144,31.2714],[-97.1194,31.3025],[-97.0424,31.3963],[-96.9944,31.4563],[-96.9937,31.4598],[-96.9848,31.4681]]}},
{"type":"Feature","properties":{"kv":138,"owner":"BANDERA ELECTRIC COOP, INC","status":"IN SERVICE"},"geometry":{"type":"LineString","coordinates":[[-98.5246,29.4937],[-98.5224,29.4938],[-98.5224,29.4928],[-98.5079,29.4927],[-98.5077,29.4933],[-98.5064,29.493],[-98.5022,29.493],[-98.5011,29.4912],[-98.4996,29.4907],[-98.4988,29.4895],[-98.4911,29.4895],[-98.4911,29.4842]]}},
{"type":"Feature","properties":{"kv":138,"owner":"MID-SOUTH ELECTRIC COOP ASSN","status":"NOT AVAILABLE"},"geometry":{"type":"LineString","coordinates":[[-96.4098,30.7444],[-96.4072,30.7466],[-96.3215,30.936],[-96.3452,30.924],[-96.4073,30.9112],[-96.4217,30.9087],[-96.4856,30.895],[-96.5137,30.8869],[-96.5145,30.8863],[-96.5783,30.868],[-96.5972,30.858],[-96.601,30.8599]]}},
{"type":"Feature","properties":{"kv":345,"owner":"ONCOR ELECTRIC DELIVERY CO.","status":"IN SERVICE"},"geometry":{"type":"LineString","coordinates":[[-97.4873,30.2513],[-97.4876,30.2521],[-97.4778,30.2674],[-97.4437,30.2772],[-97.3927,30.3025],[-97.3844,30.305],[-97.3385,30.3351],[-97.2893,30.3812],[-97.2491,30.4237],[-97.1687,30.5136],[-97.1495,30.5313],[-97.127,30.5565],[-97.092,30.5749],[-97.0776,30.5785],[-97.0768,30.5777]]}},
{"type":"Feature","properties":{"kv":138,"owner":"BLUEBONNET ELECTRIC COOP, INC","status":"IN SERVICE"},"geometry":{"type":"LineString","coordinates":[[-98.0718,29.4006],[-98.0711,29.4007],[-98.0712,29.4135],[-98.0705,29.4162],[-98.0637,29.4884],[-98.044,29.4876]]}},
{"type":"Feature","properties":{"kv":138,"owner":"BANDERA ELECTRIC COOP, INC","status":"NOT AVAILABLE"},"geometry":{"type":"LineString","coordinates":[[-98.8988,29.7154],[-98.9031,29.7076],[-98.9165,29.7004],[-98.9152,29.6884],[-98.9161,29.6595],[-98.9184,29.6574],[-98.9185,29.6504],[-98.9302,29.6323],[-98.9332,29.6125]]}},
{"type":"Feature","properties":{"kv":345,"owner":"BANDERA ELECTRIC COOP, INC","status":"IN SERVICE"},"geometry":{"type":"LineString","coordinates":[[-98.4088,29.5806],[-98.408,29.58],[-98.4069,29.5781],[-98.3761,29.5473],[-98.3743,29.548],[-98.3657,29.5412],[-98.3583,29.5341],[-98.3504,29.534],[-98.3489,29.5323],[-98.345,29.5187],[-98.3454,29.5121],[-98.3235,29.4785],[-98.3228,29.4062],[-98.3195,29.3969],[-98.3155,29.3674],[-98.3234,29.334],[-98.3196,29.3273],[-98.3184,29.3162],[-98.3211,29.3137],[-98.3214,29.3124],[-98.3204,29.3124]]}},
{"type":"Feature","properties":{"kv":138,"owner":"ONCOR ELECTRIC DELIVERY CO.","status":"NOT AVAILABLE"},"geometry":{"type":"LineString","coordinates":[[-96.9867,31.4652],[-96.9866,31.4656],[-96.9927,31.4685],[-97.0025,31.4809],[-97.0223,31.4997],[-97.0312,31.501],[-97.0441,31.5204],[-97.0651,31.5403],[-97.0854,31.5495],[-97.0899,31.5512],[-97.1158,31.559],[-97.1199,31.5598]]}},
{"type":"Feature","properties":{"kv":138,"owner":"ONCOR ELECTRIC DELIVERY CO.","status":"NOT AVAILABLE"},"geometry":{"type":"LineString","coordinates":[[-97.1965,31.4881],[-97.1751,31.4803],[-97.1796,31.4716],[-97.1813,31.4661],[-97.183,31.4626],[-97.1884,31.448],[-97.1951,31.4255],[-97.1924,31.4204],[-97.1933,31.4172],[-97.1963,31.4128],[-97.2015,31.4011],[-97.2048,31.3956],[-97.2118,31.3766],[-97.21,31.3738],[-97.2086,31.3682],[-97.2065,31.3637],[-97.2063,31.3616],[-97.2124,31.355],[-97.2129,31.3553]]}},
{"type":"Feature","properties":{"kv":138,"owner":"BANDERA ELECTRIC COOP, INC","status":"IN SERVICE"},"geometry":{"type":"LineString","coordinates":[[-98.3827,29.258],[-98.3829,29.2585],[-98.3779,29.2738],[-98.3552,29.2936],[-98.3687,29.3],[-98.3791,29.3069],[-98.4007,29.3188],[-98.4084,29.3235],[-98.4074,29.3239],[-98.4061,29.337],[-98.4053,29.3386],[-98.4057,29.3405],[-98.4036,29.3616],[-98.4096,29.3616],[-98.4094,29.3589]]}},
{"type":"Feature","properties":{"kv":138,"owner":"GUADALUPE VALLEY ELEC COOP INC","status":"NOT AVAILABLE"},"geometry":{"type":"LineString","coordinates":[[-98.4088,29.5806],[-98.4035,29.5825],[-98.3242,29.6249],[-98.2931,29.641],[-98.2754,29.6144],[-98.2738,29.6134],[-98.2714,29.6098],[-98.2709,29.61]]}},
{"type":"Feature","properties":{"kv":138,"owner":"ONCOR ELECTRIC DELIVERY CO.","status":"IN SERVICE"},"geometry":{"type":"LineString","coordinates":[[-97.7254,30.2096],[-97.7233,30.213],[-97.7241,30.2144],[-97.7237,30.2147]]}},
{"type":"Feature","properties":{"kv":138,"owner":"BANDERA ELECTRIC COOP, INC","status":"IN SERVICE"},"geometry":{"type":"LineString","coordinates":[[-98.5398,29.4095],[-98.5395,29.41],[-98.5475,29.4107],[-98.5478,29.4086],[-98.5664,29.4104],[-98.5655,29.4174],[-98.5646,29.4173],[-98.5629,29.4316],[-98.5625,29.4317],[-98.5614,29.4396],[-98.5609,29.4398]]}},
{"type":"Feature","properties":{"kv":138,"owner":"BLUEBONNET ELECTRIC COOP, INC","status":"NOT AVAILABLE"},"geometry":{"type":"LineString","coordinates":[[-98.2709,29.61],[-98.2714,29.6098],[-98.2648,29.5999],[-98.2653,29.5991]]}},
{"type":"Feature","properties":{"kv":138,"owner":"BANDERA ELECTRIC COOP, INC","status":"IN SERVICE"},"geometry":{"type":"LineString","coordinates":[[-98.5258,29.5385],[-98.5253,29.5383],[-98.522,29.5416],[-98.5173,29.5379],[-98.5036,29.5516],[-98.5059,29.5535],[-98.506,29.554]]}},
{"type":"Feature","properties":{"kv":138,"owner":"ONCOR ELECTRIC DELIVERY CO.","status":"NOT AVAILABLE"},"geometry":{"type":"LineString","coordinates":[[-97.7416,30.3672],[-97.7406,30.3686],[-97.7384,30.3738],[-97.7366,30.3765],[-97.7309,30.3908],[-97.7302,30.391]]}},
{"type":"Feature","properties":{"kv":138,"owner":"PEDERNALES ELECTRIC COOP, INC","status":"IN SERVICE"},"geometry":{"type":"LineString","coordinates":[[-98.4481,30.7355],[-98.4443,30.7353],[-98.4186,30.74],[-98.4143,30.7436],[-98.413,30.7454],[-98.4179,30.7503],[-98.4177,30.7507]]}},
{"type":"Feature","properties":{"kv":138,"owner":"BLUEBONNET ELECTRIC COOP, INC","status":"IN SERVICE"},"geometry":{"type":"LineString","coordinates":[[-98.044,29.4876],[-98.0637,29.4885],[-98.0622,29.505],[-98.0589,29.5219],[-98.0541,29.5835],[-98.0494,29.5877],[-98.0496,29.5885]]}},
{"type":"Feature","properties":{"kv":138,"owner":"ONCOR ELECTRIC DELIVERY CO.","status":"NOT AVAILABLE"},"geometry":{"type":"LineString","coordinates":[[-97.2051,31.5439],[-97.2087,31.5363],[-97.2113,31.5226]]}},
{"type":"Feature","properties":{"kv":138,"owner":"NOT AVAILABLE","status":"NOT AVAILABLE"},"geometry":{"type":"LineString","coordinates":[[-97.3045,29.2792],[-97.3049,29.2815],[-97.441,29.4618],[-97.4494,29.4868],[-97.45,29.4901],[-97.4532,29.4961],[-97.4547,29.4971],[-97.4553,29.4983],[-97.4692,29.5295],[-97.5048,29.6604],[-97.5506,29.6632],[-97.5923,29.6739],[-97.5938,29.6745],[-97.5937,29.6757],[-97.626,29.6786],[-97.6306,29.6836],[-97.6413,29.6905],[-97.6482,29.6956],[-97.6536,29.698],[-97.6543,29.6975]]}},
{"type":"Feature","properties":{"kv":138,"owner":"ONCOR ELECTRIC DELIVERY CO.","status":"IN SERVICE"},"geometry":{"type":"LineString","coordinates":[[-97.6142,30.305],[-97.6146,30.3044],[-97.6151,30.3047],[-97.6178,30.3036],[-97.6184,30.3008],[-97.6099,30.284],[-97.6035,30.2767],[-97.6101,30.2553],[-97.6118,30.2468],[-97.6086,30.2444],[-97.6138,30.2367],[-97.6163,30.2237],[-97.6164,30.2116],[-97.616,30.2116],[-97.615,30.2098],[-97.6142,30.2096]]}},
{"type":"Feature","properties":{"kv":138,"owner":"BLUEBONNET ELECTRIC COOP, INC","status":"IN SERVICE"},"geometry":{"type":"LineString","coordinates":[[-97.783,30.0738],[-97.7816,30.0743],[-97.7481,30.0584],[-97.7289,30.0403],[-97.7126,30.0265],[-97.7079,30.024],[-97.7054,30.0209],[-97.6887,30.0067],[-97.6858,30.0053],[-97.6764,30.0034],[-97.6752,30.0044],[-97.6758,30.005],[-97.6752,30.0055],[-97.6742,30.0054]]}},
{"type":"Feature","properties":{"kv":138,"owner":"GUADALUPE VALLEY ELEC COOP INC","status":"IN SERVICE"},"geometry":{"type":"LineString","coordinates":[[-98.2452,29.7588],[-98.2449,29.7586],[-98.2433,29.7592],[-98.2145,29.7582],[-98.2107,29.7593],[-98.1899,29.7711],[-98.1385,29.7733],[-98.1141,29.7781],[-98.1058,29.7778]]}},
{"type":"Feature","properties":{"kv":138,"owner":"ONCOR ELECTRIC DELIVERY CO.","status":"NOT AVAILABLE"},"geometry":{"type":"LineString","coordinates":[[-97.8705,30.2383],[-97.8721,30.2411],[-97.8687,30.243]]}},
{"type":"Feature","properties":{"kv":138,"owner":"BLUEBONNET ELECTRIC COOP, INC","status":"IN SERVICE"},"geometry":{"type":"LineString","coordinates":[[-96.6878,29.9628],[-96.7458,29.9798],[-96.8545,30.0171],[-96.8988,30.0268],[-96.9308,30.0326],[-96.9858,30.044],[-96.9865,30.0444]]}},
{"type":"Feature","properties":{"kv":138,"owner":"BANDERA ELECTRIC COOP, INC","status":"IN SERVICE"},"geometry":{"type":"LineString","coordinates":[[-98.3236,29.3102],[-98.32,29.3273],[-98.3237,29.3339],[-98.3158,29.3674],[-98.3198,29.3968],[-98.3232,29.4061],[-98.3238,29.4692],[-98.3291,29.4674],[-98.3361,29.4678],[-98.3445,29.4673],[-98.3591,29.4631],[-98.3692,29.4597],[-98.3819,29.4595],[-98.3847,29.4585],[-98.3847,29.4558],[-98.3932,29.4545],[-98.3926,29.4589],[-98.3926,29.4648],[-98.392,29.4651],[-98.3924,29.4653]]}},
{"type":"Feature","properties":{"kv":138,"owner":"ONCOR ELECTRIC DELIVERY CO.","status":"IN SERVICE"},"geometry":{"type":"LineString","coordinates":[[-97.9284,30.5281],[-97.9302,30.5271],[-97.9346,30.523],[-97.9426,30.5212],[-97.9556,30.5006],[-97.9589,30.4948],[-97.9665,30.4831],[-97.9667,30.4804],[-97.9726,30.4717],[-97.9695,30.4697],[-97.9713,30.4636],[-97.9768,30.4614],[-97.978,30.4604],[-97.9787,30.4606]]}},
{"type":"Feature","properties":{"kv":138,"owner":"BANDERA ELECTRIC COOP, INC","status":"IN SERVICE"},"geometry":{"type":"LineString","coordinates":[[-98.4798,29.4327],[-98.4769,29.434],[-98.4526,29.434],[-98.4498,29.4331],[-98.4495,29.4338],[-98.4429,29.4318],[-98.443,29.4093],[-98.4436,29.4072],[-98.4449,29.4055],[-98.4442,29.4049]]}},
{"type":"Feature","properties":{"kv":138,"owner":"ONCOR ELECTRIC DELIVERY CO.","status":"IN SERVICE"},"geometry":{"type":"LineString","coordinates":[[-98.2612,30.5524],[-98.2721,30.5611],[-98.3303,30.5846],[-98.3416,30.5677],[-98.3387,30.5634],[-98.3374,30.5596]]}},
{"type":"Feature","properties":{"kv":138,"owner":"ONCOR ELECTRIC DELIVERY CO.","status":"IN SERVICE"},"geometry":{"type":"MultiLineString","coordinates":[[[-97.6896,30.6485],[-97.6875,30.6516],[-97.6716,30.6681],[-97.6702,30.6704]],[[-97.6702,30.6704],[-97.6629,30.6671],[-97.6616,30.6673]]]}},
{"type":"Feature","properties":{"kv":345,"owner":"NAVASOTA VALLEY ELEC COOP, INC","status":"IN SERVICE"},"geometry":{"type":"LineString","coordinates":[[-96.4844,31.1855],[-96.4831,31.1856],[-96.478,31.1784],[-96.4752,31.1763],[-96.4579,31.1826],[-96.4347,31.1924],[-96.402,31.2289],[-96.3194,31.311],[-96.3035,31.3301],[-96.3018,31.3321],[-96.2979,31.3494],[-96.2972,31.3751],[-96.256,31.4076],[-96.2507,31.4111],[-96.245,31.4175],[-96.2451,31.4226],[-96.2457,31.4247],[-96.247,31.4242]]}},
{"type":"Feature","properties":{"kv":138,"owner":"BLUEBONNET ELECTRIC COOP, INC","status":"IN SERVICE"},"geometry":{"type":"LineString","coordinates":[[-97.7894,30.071],[-97.8457,30.0701],[-97.8511,30.0754]]}},
{"type":"Feature","properties":{"kv":138,"owner":"ONCOR ELECTRIC DELIVERY CO.","status":"IN SERVICE"},"geometry":{"type":"LineString","coordinates":[[-97.6142,30.305],[-97.6139,30.3058],[-97.6143,30.3059],[-97.6135,30.3071],[-97.6118,30.3072],[-97.6107,30.308],[-97.6151,30.3102],[-97.6152,30.3108],[-97.6051,30.3264],[-97.6198,30.3286],[-97.6185,30.3309],[-97.6201,30.332],[-97.6236,30.3315],[-97.6164,30.3428],[-97.6165,30.3434],[-97.6303,30.3498],[-97.6308,30.3505],[-97.6384,30.3526],[-97.6386,30.353],[-97.6307,30.36],[-97.6272,30.369],[-97.6273,30.3695],[-97.6249,30.3727],[-97.6383,30.3798],[-97.6406,30.3816],[-97.6405,30.3838],[-97.6365,30.4024],[-97.6407,30.4044],[-97.6422,30.4067],[-97.6483,30.4096],[-97.6494,30.4105],[-97.6499,30.412],[-97.6543,30.4143],[-97.6566,30.4169],[-97.6642,30.4207],[-97.6646,30.4193],[-97.6659,30.4197]]}},
{"type":"Feature","properties":{"kv":138,"owner":"ONCOR ELECTRIC DELIVERY CO.","status":"NOT AVAILABLE"},"geometry":{"type":"LineString","coordinates":[[-97.3078,31.0791],[-97.3091,31.0763],[-97.3085,31.0759],[-97.2612,31.0068],[-97.2623,31.004],[-97.2585,31.0029],[-97.2013,30.9192]]}},
{"type":"Feature","properties":{"kv":138,"owner":"ONCOR ELECTRIC DELIVERY CO.","status":"IN SERVICE"},"geometry":{"type":"LineString","coordinates":[[-97.1965,31.4881],[-97.1959,31.4872]]}},
{"type":"Feature","properties":{"kv":138,"owner":"BANDERA ELECTRIC COOP, INC","status":"IN SERVICE"},"geometry":{"type":"LineString","coordinates":[[-98.5067,29.4373],[-98.5064,29.4379],[-98.521,29.4393],[-98.5211,29.4382],[-98.5414,29.4401],[-98.5417,29.4377],[-98.5532,29.4389],[-98.5531,29.4394],[-98.5567,29.4398],[-98.5637,29.4402],[-98.5794,29.4418],[-98.5783,29.45],[-98.5814,29.4505],[-98.5814,29.4562],[-98.6025,29.4564],[-98.6024,29.4744],[-98.5856,29.4787],[-98.5863,29.479]]}},
{"type":"Feature","properties":{"kv":345,"owner":"MID-SOUTH ELECTRIC COOP ASSN","status":"IN SERVICE"},"geometry":{"type":"LineString","coordinates":[[-96.2,30.8159],[-96.244,30.8385],[-96.2501,30.8466],[-96.2581,30.8583],[-96.259,30.859]]}},
{"type":"Feature","properties":{"kv":345,"owner":"ONCOR ELECTRIC DELIVERY CO.","status":"IN SERVICE"},"geometry":{"type":"LineString","coordinates":[[-97.6489,30.5414],[-97.598,30.5479],[-97.5627,30.5506],[-97.5614,30.5512]]}},
{"type":"Feature","properties":{"kv":138,"owner":"BLUEBONNET ELECTRIC COOP, INC","status":"IN SERVICE"},"geometry":{"type":"LineString","coordinates":[[-97.9585,29.494],[-97.9588,29.4943],[-97.9594,29.4942],[-97.9608,29.4978],[-97.9629,29.5046],[-97.9638,29.5111],[-97.9675,29.5221],[-97.9614,29.5236],[-97.9596,29.5259],[-97.9576,29.5376],[-97.9543,29.5398],[-97.9547,29.5408],[-97.9521,29.5452],[-97.9509,29.5452],[-97.9491,29.5458],[-97.9492,29.5502],[-97.9445,29.5581],[-97.9454,29.5585],[-97.9446,29.5598],[-97.9448,29.564],[-97.9458,29.564],[-97.9458,29.5669],[-97.9449,29.5669],[-97.9449,29.5677],[-97.9454,29.5696],[-97.9457,29.5742]]}},
{"type":"Feature","properties":{"kv":138,"owner":"BANDERA ELECTRIC COOP, INC","status":"IN SERVICE"},"geometry":{"type":"LineString","coordinates":[[-98.6117,29.4269],[-98.6156,29.4298],[-98.6188,29.4311],[-98.6211,29.4314],[-98.627,29.4331],[-98.6282,29.4338],[-98.6294,29.4335],[-98.6305,29.4345],[-98.6304,29.4361],[-98.6322,29.4371],[-98.635,29.4402],[-98.6377,29.4424],[-98.6349,29.4462],[-98.6371,29.4478],[-98.6387,29.448]]}},
{"type":"Feature","properties":{"kv":138,"owner":"ONCOR ELECTRIC DELIVERY CO.","status":"IN SERVICE"},"geometry":{"type":"LineString","coordinates":[[-97.7214,30.2494],[-97.7225,30.248],[-97.7258,30.2482],[-97.7281,30.249],[-97.73,30.2505],[-97.7342,30.252],[-97.7355,30.2527],[-97.7362,30.2539],[-97.7365,30.2553],[-97.7373,30.2556],[-97.7379,30.2574],[-97.7393,30.2578],[-97.7397,30.2581],[-97.7395,30.2586],[-97.7403,30.2593],[-97.7409,30.2593],[-97.7416,30.2611],[-97.7467,30.2636],[-97.7511,30.265]]}},
{"type":"Feature","properties":{"kv":138,"owner":"BANDERA ELECTRIC COOP, INC","status":"IN SERVICE"},"geometry":{"type":"LineString","coordinates":[[-98.5685,29.5247],[-98.5702,29.5255],[-98.5733,29.5281],[-98.5713,29.5305]]}},
{"type":"Feature","properties":{"kv":345,"owner":"CENTRAL TEXAS ELEC COOP, INC","status":"IN SERVICE"},"geometry":{"type":"LineString","coordinates":[[-98.8867,29.985],[-98.8866,29.9863],[-98.8913,29.9857],[-98.9082,29.9857],[-98.9082,29.9903],[-98.9112,29.9918],[-98.927,29.9906],[-98.9294,29.9919],[-98.9452,30.005],[-98.9471,30.006],[-98.9586,30.0151],[-98.9611,30.0222],[-98.9664,30.0307],[-98.975,30.0335],[-98.9797,30.0365],[-99.0,30.0476]]}},
{"type":"Feature","properties":{"kv":138,"owner":"PEDERNALES ELECTRIC COOP, INC","status":"NOT AVAILABLE"},"geometry":{"type":"LineString","coordinates":[[-98.1088,30.4268],[-98.1095,30.4254],[-98.1322,30.3972],[-98.1762,30.3453],[-98.1791,30.3416],[-98.1797,30.3342],[-98.1907,30.3262],[-98.2003,30.3136],[-98.226,30.2924],[-98.2291,30.2801],[-98.2393,30.2819]]}},
{"type":"Feature","properties":{"kv":345,"owner":"ONCOR ELECTRIC DELIVERY CO.","status":"IN SERVICE"},"geometry":{"type":"LineString","coordinates":[[-97.313,31.0563],[-97.3125,31.0559],[-97.3138,31.0527],[-97.3216,31.0477],[-97.4198,30.9975],[-97.45,30.9834],[-97.4962,30.9671],[-97.5096,30.9708],[-97.5092,30.9719],[-97.5111,30.9721]]}},
{"type":"Feature","properties":{"kv":115,"owner":"ONCOR ELECTRIC DELIVERY CO.","status":"IN SERVICE"},"geometry":{"type":"LineString","coordinates":[[-97.3009,31.5078],[-97.3038,31.5063],[-97.3139,31.5101],[-97.3256,31.5041],[-97.3344,31.5035],[-97.3393,31.5058],[-97.3486,31.503],[-97.4092,31.4991],[-97.4164,31.5008]]}},
{"type":"Feature","properties":{"kv":138,"owner":"AEP TEXAS CENTRAL CO.","status":"NOT AVAILABLE"},"geometry":{"type":"LineString","coordinates":[[-96.4026,29.5763],[-96.4185,29.5743],[-96.4253,29.5714],[-96.4266,29.5733],[-96.4608,29.5691],[-96.4606,29.5677],[-96.4594,29.566],[-96.4629,29.5645],[-96.4629,29.5642]]}},
{"type":"Feature","properties":{"kv":138,"owner":"AEP TEXAS CENTRAL COMPANY","status":"IN SERVICE"},"geometry":{"type":"LineString","coordinates":[[-98.064,29.2669],[-98.064,29.2674],[-98.0645,29.2674],[-98.0947,29.2523],[-98.1131,29.2801],[-98.1108,29.2812],[-98.1167,29.2901],[-98.1492,29.2966],[-98.1519,29.3019],[-98.1535,29.3103],[-98.1538,29.3161],[-98.1571,29.3205],[-98.1608,29.3277],[-98.1703,29.3293],[-98.1706,29.3298],[-98.1753,29.3307],[-98.1735,29.3376],[-98.1728,29.3377]]}},
{"type":"Feature","properties":{"kv":138,"owner":"BANDERA ELECTRIC COOP, INC","status":"IN SERVICE"},"geometry":{"type":"LineString","coordinates":[[-98.4716,29.5949],[-98.4712,29.5954],[-98.4705,29.5951],[-98.4655,29.5911],[-98.4621,29.5906],[-98.4514,29.5954],[-98.4426,29.5956],[-98.4366,29.597],[-98.4371,29.6076],[-98.4658,29.6156],[-98.4721,29.6167],[-98.4924,29.6174],[-98.4952,29.6185],[-98.5104,29.6181],[-98.5595,29.6181],[-98.5707,29.6174],[-98.5708,29.6185],[-98.5725,29.6185],[-98.5723,29.6179]]}},
{"type":"Feature","properties":{"kv":138,"owner":"ONCOR ELECTRIC DELIVERY CO.","status":"IN SERVICE"},"geometry":{"type":"LineString","coordinates":[[-97.7238,30.3982],[-97.7407,30.4007],[-97.7442,30.4008]]}},
{"type":"Feature","properties":{"kv":138,"owner":"CENTRAL TEXAS ELEC COOP, INC","status":"IN SERVICE"},"geometry":{"type":"LineString","coordinates":[[-99.0,30.7477],[-98.9632,30.7384]]}},
{"type":"Feature","properties":{"kv":138,"owner":"BANDERA ELECTRIC COOP, INC","status":"IN SERVICE"},"geometry":{"type":"LineString","coordinates":[[-98.4798,29.4327],[-98.4802,29.4322],[-98.4793,29.4315],[-98.4747,29.4315],[-98.4747,29.4289],[-98.4499,29.4289],[-98.4498,29.433],[-98.4444,29.4314],[-98.4423,29.4359],[-98.4418,29.4395],[-98.4353,29.4489],[-98.4328,29.4519],[-98.4356,29.4553],[-98.438,29.4554]]}},
{"type":"Feature","properties":{"kv":138,"owner":"ONCOR ELECTRIC DELIVERY CO.","status":"NOT AVAILABLE"},"geometry":{"type":"LineString","coordinates":[[-97.0687,30.5683],[-97.0767,30.577],[-97.0761,30.5771],[-97.0762,30.5775],[-97.0768,30.5777]]}},
{"type":"Feature","properties":{"kv":138,"owner":"ONCOR ELECTRIC DELIVERY CO.","status":"IN SERVICE"},"geometry":{"type":"LineString","coordinates":[[-98.0043,30.3471],[-98.0066,30.3474],[-98.0147,30.3473],[-98.0795,30.4002],[-98.1088,30.4268]]}},
{"type":"Feature","properties":{"kv":138,"owner":"CITY OF FREDERICKSBURG - (TX)","status":"NOT AVAILABLE"},"geometry":{"type":"LineString","coordinates":[[-98.9041,30.3054],[-98.8852,30.2597]]}},
{"type":"Feature","properties":{"kv":138,"owner":"BLUEBONNET ELECTRIC COOP, INC","status":"IN SERVICE"},"geometry":{"type":"LineString","coordinates":[[-97.9452,30.1668],[-97.9449,30.1663],[-97.9421,30.1675],[-97.9413,30.1684],[-97.9349,30.1729],[-97.9315,30.1731],[-97.9291,30.1745],[-97.928,30.1731],[-97.9223,30.1729],[-97.9161,30.1763],[-97.9075,30.1765],[-97.9047,30.1779],[-97.8969,30.179],[-97.8946,30.18]]}},
{"type":"Feature","properties":{"kv":138,"owner":"BLUEBONNET ELECTRIC COOP, INC","status":"IN SERVICE"},"geometry":{"type":"LineString","coordinates":[[-96.6878,29.9628],[-96.6875,29.9639],[-96.691,29.9751],[-96.6929,29.9951],[-96.7015,30.0095],[-96.7001,30.0451],[-96.7036,30.0474],[-96.7174,30.0593],[-96.7088,30.0673],[-96.7101,30.0773],[-96.7106,30.0778]]}},
{"type":"Feature","properties":{"kv":138,"owner":"ONCOR ELECTRIC DELIVERY CO.","status":"IN SERVICE"},"geometry":{"type":"LineString","coordinates":[[-97.6154,30.3097],[-97.6157,30.31],[-97.6174,30.3073],[-97.6229,30.3099],[-97.6296,30.3116],[-97.6447,30.3189],[-97.6436,30.3287],[-97.6455,30.3408],[-97.6455,30.353],[-97.6478,30.3638],[-97.6479,30.3661],[-97.6448,30.3736],[-97.6433,30.373],[-97.643,30.3736]]}},
{"type":"Feature","properties":{"kv":138,"owner":"NOT AVAILABLE","status":"NOT AVAILABLE"},"geometry":{"type":"LineString","coordinates":[[-98.147,31.7],[-98.1297,31.6854],[-98.1186,31.6824]]}},
{"type":"Feature","properties":{"kv":345,"owner":"NAVASOTA VALLEY ELEC COOP, INC","status":"IN SERVICE"},"geometry":{"type":"LineString","coordinates":[[-96.247,31.4242],[-96.2458,31.4245],[-96.2452,31.4226],[-96.2451,31.4175],[-96.2508,31.4112],[-96.2561,31.4077],[-96.2973,31.3752],[-96.298,31.3494],[-96.3019,31.3322],[-96.3035,31.3301],[-96.3195,31.3111],[-96.402,31.229],[-96.4348,31.1925],[-96.4579,31.1827],[-96.4752,31.1764],[-96.4779,31.1785],[-96.4829,31.1858],[-96.4844,31.1855]]}},
{"type":"Feature","properties":{"kv":138,"owner":"ONCOR ELECTRIC DELIVERY CO.","status":"IN SERVICE"},"geometry":{"type":"LineString","coordinates":[[-97.9788,30.3587],[-97.9124,30.393],[-97.9092,30.3892]]}},
{"type":"Feature","properties":{"kv":138,"owner":"CENTERPOINT ENERGY HOUSTON ELECTRIC, LLC","status":"IN SERVICE"},"geometry":{"type":"LineString","coordinates":[[-96.2,29.8465],[-96.2006,29.8478]]}},
{"type":"Feature","properties":{"kv":138,"owner":"BANDERA ELECTRIC COOP, INC","status":"IN SERVICE"},"geometry":{"type":"LineString","coordinates":[[-98.5723,29.2806],[-98.572,29.2808],[-98.5729,29.2811],[-98.573,29.2827],[-98.5762,29.3254],[-98.5736,29.3465],[-98.5748,29.3474],[-98.5748,29.3497],[-98.5755,29.3498],[-98.5751,29.3503]]}},
{"type":"Feature","properties":{"kv":138,"owner":"ONCOR ELECTRIC DELIVERY CO.","status":"NOT AVAILABLE"},"geometry":{"type":"LineString","coordinates":[[-97.1832,31.5106],[-97.1823,31.5113],[-97.1748,31.505],[-97.1632,31.5009],[-97.1618,31.5039],[-97.1596,31.5067],[-97.1537,31.5015],[-97.1429,31.5007],[-97.122,31.5017],[-97.0977,31.5052],[-97.0799,31.5144],[-97.0768,31.5223],[-97.0919,31.5515],[-97.1037,31.555],[-97.1043,31.5508]]}},
{"type":"Feature","properties":{"kv":138,"owner":"BLUEBONNET ELECTRIC COOP, INC","status":"IN SERVICE"},"geometry":{"type":"LineString","coordinates":[[-97.918,29.8774],[-97.9166,29.8761],[-97.912,29.8769],[-97.8654,29.8755],[-97.8659,29.8805],[-97.8664,29.8813]]}},
{"type":"Feature","properties":{"kv":138,"owner":"BANDERA ELECTRIC COOP, INC","status":"IN SERVICE"},"geometry":{"type":"LineString","coordinates":[[-98.5757,29.5208],[-98.5761,29.5214],[-98.5833,29.5213],[-98.5833,29.5192],[-98.5861,29.5188],[-98.5888,29.5159],[-98.5882,29.5153]]}},
{"type":"Feature","properties":{"kv":138,"owner":"BANDERA ELECTRIC COOP, INC","status":"IN SERVICE"},"geometry":{"type":"LineString","coordinates":[[-98.438,29.4554],[-98.4355,29.4554],[-98.4328,29.4519],[-98.4295,29.4552],[-98.4163,29.4628],[-98.4166,29.4635]]}},
{"type":"Feature","properties":{"kv":138,"owner":"BANDERA ELECTRIC COOP, INC","status":"IN SERVICE"},"geometry":{"type":"LineString","coordinates":[[-98.4557,29.2714],[-98.4559,29.2708],[-98.4592,29.2717],[-98.4639,29.2716],[-98.473,29.2695],[-98.5129,29.2702],[-98.5129,29.2723],[-98.5115,29.2744],[-98.5114,29.2841],[-98.5085,29.284],[-98.5075,29.2845]]}},
{"type":"Feature","properties":{"kv":138,"owner":"ONCOR ELECTRIC DELIVERY CO.","status":"IN SERVICE"},"geometry":{"type":"LineString","coordinates":[[-97.643,30.3736],[-97.6425,30.3742],[-97.6442,30.375],[-97.6405,30.3828],[-97.6409,30.3837],[-97.6883,30.3925],[-97.6893,30.3939]]}},
{"type":"Feature","properties":{"kv":345,"owner":"ONCOR ELECTRIC DELIVERY CO.","status":"IN SERVICE"},"geometry":{"type":"LineString","coordinates":[[-97.4873,30.2513],[-97.4888,30.2521],[-97.4883,30.2528],[-97.4854,30.2517],[-97.4858,30.2502],[-97.4547,30.2352],[-97.4078,30.2257],[-97.3697,30.1965],[-97.3191,30.1603],[-97.3054,30.1446],[-97.2931,30.1445],[-97.2925,30.1595],[-97.2894,30.1642],[-97.282,30.1648],[-97.2767,30.1617],[-97.2715,30.1578],[-97.2732,30.156],[-97.2734,30.1479],[-97.2728,30.1477]]}},
{"type":"Feature","properties":{"kv":138,"owner":"GUADALUPE VALLEY ELEC COOP INC","status":"IN SERVICE"},"geometry":{"type":"LineString","coordinates":[[-98.1712,29.8497],[-98.171,29.8499],[-98.1717,29.8515],[-98.1783,29.8529],[-98.1828,29.8548],[-98.1889,29.8666],[-98.1919,29.8693],[-98.1948,29.8695],[-98.1953,29.8705],[-98.195,29.8705]]}},
{"type":"Feature","properties":{"kv":138,"owner":"BANDERA ELECTRIC COOP, INC","status":"IN SERVICE"},"geometry":{"type":"LineString","coordinates":[[-98.408,29.5039],[-98.4071,29.5033],[-98.4071,29.4995],[-98.4219,29.4995],[-98.4271,29.4966],[-98.4465,29.4876],[-98.4465,29.4867],[-98.4468,29.4866]]}},
{"type":"Feature","properties":{"kv":138,"owner":"BANDERA ELECTRIC COOP, INC","status":"IN SERVICE"},"geometry":{"type":"LineString","coordinates":[[-98.5723,29.2806],[-98.6044,29.2854],[-98.6226,29.3035],[-98.6287,29.3181],[-98.6419,29.3226],[-98.644,29.3247],[-98.6977,29.3637],[-98.7103,29.3785],[-98.7104,29.3897],[-98.72,29.3897],[-98.7198,29.4149],[-98.717,29.4149],[-98.717,29.4153],[-98.7175,29.4153],[-98.7182,29.4161]]}},
{"type":"Feature","properties":{"kv":138,"owner":"ONCOR ELECTRIC DELIVERY CO.","status":"IN SERVICE"},"geometry":{"type":"LineString","coordinates":[[-97.6791,30.1391],[-97.6242,30.1411]]}},
{"type":"Feature","properties":{"kv":138,"owner":"MID-SOUTH ELECTRIC COOP ASSN","status":"NOT AVAILABLE"},"geometry":{"type":"LineString","coordinates":[[-96.2,30.641],[-96.221,30.6367],[-96.2253,30.6327],[-96.2441,30.6319],[-96.291,30.6286],[-96.2921,30.6296],[-96.2925,30.6291]]}},
{"type":"Feature","properties":{"kv":138,"owner":"GUADALUPE VALLEY ELEC COOP INC","status":"IN SERVICE"},"geometry":{"type":"LineString","coordinates":[[-98.2539,29.2248],[-98.3205,29.2694],[-98.3222,29.2702]]}},
{"type":"Feature","properties":{"kv":138,"owner":"ONCOR ELECTRIC DELIVERY CO.","status":"NOT AVAILABLE"},"geometry":{"type":"LineString","coordinates":[[-96.9545,30.7457],[-96.9647,30.7431],[-96.9661,30.749],[-96.9759,30.783],[-96.9875,30.8188],[-96.9947,30.8388],[-96.9896,30.8496],[-96.9951,30.8513],[-96.9937,30.8546],[-96.9983,30.8559],[-97.0308,30.879],[-97.1277,30.9546],[-97.1963,31.0001],[-97.2437,31.0322],[-97.2548,31.0392],[-97.2575,31.0415],[-97.3022,31.0719],[-97.3034,31.0689],[-97.3083,31.076],[-97.3113,31.0781]]}},
{"type":"Feature","properties":{"kv":138,"owner":"ONCOR ELECTRIC DELIVERY CO.","status":"IN SERVICE"},"geometry":{"type":"LineString","coordinates":[[-97.9075,30.39],[-97.9337,30.4225],[-97.9391,30.43],[-97.9564,30.4418],[-97.9787,30.4606]]}},
{"type":"Feature","properties":{"kv":138,"owner":"BLUEBONNET ELECTRIC COOP, INC","status":"IN SERVICE"},"geometry":{"type":"LineString","coordinates":[[-96.9865,30.0444],[-96.9426,30.0397],[-96.9219,30.0502],[-96.9209,30.0504]]}},
{"type":"Feature","properties":{"kv":138,"owner":"GUADALUPE VALLEY ELEC COOP INC","status":"IN SERVICE"},"geometry":{"type":"LineString","coordinates":[[-98.097,29.6539],[-98.0968,29.6543],[-98.1057,29.6658],[-98.1075,29.6672],[-98.1199,29.6562],[-98.136,29.6474],[-98.1412,29.6551],[-98.1512,29.6616],[-98.1543,29.6676],[-98.162,29.6645],[-98.1626,29.6647]]}},
{"type":"Feature","properties":{"kv":138,"owner":"COMANCHE COUNTY ELEC COOP ASSN","status":"NOT AVAILABLE"},"geometry":{"type":"LineString","coordinates":[[-98.5664,31.431],[-98.569,31.4315],[-98.5877,31.4476],[-98.6615,31.5002],[-98.6878,31.5212],[-98.7376,31.5629],[-98.7541,31.5628],[-98.7542,31.5772],[-98.7721,31.5935],[-98.775,31.5956],[-98.7796,31.6001],[-98.8083,31.6254],[-98.8464,31.6296],[-98.8612,31.6379],[-98.8659,31.632],[-98.8863,31.6363],[-98.9011,31.6383],[-98.9284,31.6351],[-98.9214,31.6602],[-98.9206,31.6609]]}},
{"type":"Feature","properties":{"kv":345,"owner":"BLUEBONNET ELECTRIC COOP, INC","status":"IN SERVICE"},"geometry":{"type":"LineString","coordinates":[[-96.8783,29.7957],[-96.8369,29.833],[-96.7947,29.8762],[-96.7565,29.9125],[-96.7562,29.9136]]}},
{"type":"Feature","properties":{"kv":138,"owner":"ONCOR ELECTRIC DELIVERY CO.","status":"IN SERVICE"},"geometry":{"type":"LineString","coordinates":[[-97.7238,30.3982],[-97.72,30.3975]]}},
{"type":"Feature","properties":{"kv":138,"owner":"GUADALUPE VALLEY ELEC COOP INC","status":"IN SERVICE"},"geometry":{"type":"LineString","coordinates":[[-98.135,29.7069],[-98.1363,29.7089],[-98.1387,29.7152],[-98.14,29.7225],[-98.1128,29.7417],[-98.0696,29.7647],[-98.0511,29.7736]]}},
{"type":"Feature","properties":{"kv":138,"owner":"PEDERNALES ELECTRIC COOP, INC","status":"IN SERVICE"},"geometry":{"type":"LineString","coordinates":[[-98.2393,30.2819],[-98.2614,30.2768],[-98.2984,30.262]]}},
{"type":"Feature","properties":{"kv":138,"owner":"BANDERA ELECTRIC COOP, INC","status":"IN SERVICE"},"geometry":{"type":"LineString","coordinates":[[-98.5027,29.4125],[-98.5012,29.4149],[-98.5016,29.4154]]}},
{"type":"Feature","properties":{"kv":138,"owner":"BANDERA ELECTRIC COOP, INC","status":"IN SERVICE"},"geometry":{"type":"LineString","coordinates":[[-98.7182,29.4161],[-98.7164,29.4162],[-98.7161,29.4153],[-98.6615,29.4152],[-98.6618,29.4191],[-98.6726,29.457],[-98.6551,29.4741],[-98.6488,29.4754],[-98.6489,29.4765]]}},
{"type":"Feature","properties":{"kv":138,"owner":"ONCOR ELECTRIC DELIVERY CO.","status":"IN SERVICE"},"geometry":{"type":"LineString","coordinates":[[-97.6872,30.2653],[-97.6869,30.2652],[-97.6868,30.2643],[-97.6886,30.2478],[-97.6892,30.2448],[-97.69,30.2343],[-97.6892,30.2239],[-97.6931,30.2204],[-97.6936,30.2204],[-97.6965,30.2222],[-97.7034,30.2251],[-97.7102,30.2154],[-97.711,30.2158],[-97.711,30.2165]]}},
{"type":"Feature","properties":{"kv":138,"owner":"BANDERA ELECTRIC COOP, INC","status":"IN SERVICE"},"geometry":{"type":"LineString","coordinates":[[-98.3236,29.3102],[-98.3227,29.3102],[-98.3226,29.3153],[-98.3199,29.3273],[-98.3236,29.3339],[-98.3157,29.3674],[-98.3197,29.3968],[-98.3231,29.4061],[-98.3237,29.4785],[-98.3456,29.512],[-98.3456,29.5133],[-98.3545,29.5054],[-98.3633,29.5077],[-98.3648,29.5094],[-98.3684,29.5099],[-98.3692,29.5093],[-98.3693,29.5097]]}},
{"type":"Feature","properties":{"kv":138,"owner":"BANDERA ELECTRIC COOP, INC","status":"IN SERVICE"},"geometry":{"type":"LineString","coordinates":[[-98.8042,29.2507],[-98.8049,29.2508],[-98.8082,29.2491],[-98.8442,29.2491]]}},
{"type":"Feature","properties":{"kv":138,"owner":"ONCOR ELECTRIC DELIVERY CO.","status":"IN SERVICE"},"geometry":{"type":"LineString","coordinates":[[-97.8083,30.4953],[-97.8077,30.4944],[-97.8129,30.4935],[-97.8149,30.4927],[-97.8205,30.4912],[-97.8237,30.4898],[-97.8236,30.487],[-97.8239,30.4869]]}},
{"type":"Feature","properties":{"kv":345,"owner":"ONCOR ELECTRIC DELIVERY CO.","status":"IN SERVICE"},"geometry":{"type":"LineString","coordinates":[[-97.5111,30.9721],[-97.5127,30.9722],[-97.5129,30.9716],[-97.5767,30.9899],[-97.5925,30.9932],[-97.6067,30.9983],[-97.6156,30.9914],[-97.6242,30.9886],[-97.63,30.9828],[-97.6429,30.9788],[-97.6783,30.9958],[-97.7089,31.008],[-97.7154,31.0203],[-97.723,31.039]]}},
{"type":"Feature","properties":{"kv":138,"owner":"BANDERA ELECTRIC COOP, INC","status":"IN SERVICE"},"geometry":{"type":"LineString","coordinates":[[-98.6819,29.5482],[-98.6818,29.5485],[-98.6824,29.5488],[-98.6812,29.5502],[-98.6705,29.5559],[-98.6628,29.5624],[-98.6626,29.5719],[-98.6629,29.5928],[-98.652,29.6021],[-98.6415,29.6089],[-98.6401,29.6036],[-98.6345,29.6036],[-98.629,29.6001],[-98.629,29.5981],[-98.6253,29.5972],[-98.6246,29.5944],[-98.6227,29.5926],[-98.6262,29.5884],[-98.6262,29.5863],[-98.6259,29.5865]]}},
{"type":"Feature","properties":{"kv":138,"owner":"BLUEBONNET ELECTRIC COOP, INC","status":"IN SERVICE"},"geometry":{"type":"LineString","coordinates":[[-97.4681,29.5179],[-97.4681,29.5187],[-97.4713,29.5267],[-97.4712,29.5359],[-97.4788,29.5619],[-97.4796,29.5664],[-97.5045,29.6586],[-97.5077,29.6619],[-97.5287,29.6669],[-97.64,29.6973],[-97.6479,29.6973],[-97.6538,29.6982],[-97.6543,29.6975]]}},
{"type":"Feature","properties":{"kv":138,"owner":"ONCOR ELECTRIC DELIVERY CO.","status":"IN SERVICE"},"geometry":{"type":"LineString","coordinates":[[-97.4873,30.2513],[-97.4887,30.2519],[-97.4893,30.2515],[-97.4898,30.252],[-97.5119,30.2629],[-97.529,30.2724],[-97.5375,30.2765],[-97.539,30.2742],[-97.5399,30.2746],[-97.5397,30.2755]]}},
{"type":"Feature","properties":{"kv":138,"owner":"BANDERA ELECTRIC COOP, INC","status":"IN SERVICE"},"geometry":{"type":"LineString","coordinates":[[-98.4088,29.5806],[-98.408,29.5791],[-98.3761,29.5471],[-98.3744,29.5478],[-98.3659,29.5411],[-98.3584,29.534],[-98.3505,29.5339],[-98.3491,29.5322],[-98.3452,29.5187],[-98.3456,29.512],[-98.3237,29.4785],[-98.323,29.4061],[-98.3197,29.3968],[-98.3157,29.3674],[-98.3236,29.334],[-98.3199,29.3273],[-98.3225,29.3153],[-98.3226,29.3101],[-98.3236,29.3102]]}},
{"type":"Feature","properties":{"kv":138,"owner":"NOT AVAILABLE","status":"NOT AVAILABLE"},"geometry":{"type":"LineString","coordinates":[[-97.0037,30.4157],[-97.001,30.4168],[-96.9939,30.418],[-96.9786,30.4219],[-96.9689,30.4268],[-96.9553,30.4248],[-96.9411,30.4192],[-96.92,30.4208],[-96.879,30.4204],[-96.8026,30.4257],[-96.8009,30.4275],[-96.7839,30.4231],[-96.7636,30.4193],[-96.7551,30.4158],[-96.7405,30.4158],[-96.7172,30.4098],[-96.6996,30.4075],[-96.6931,30.4059],[-96.6866,30.4057],[-96.6837,30.4053],[-96.6539,30.4057],[-96.6415,30.4034],[-96.6352,30.3996],[-96.6213,30.3996],[-96.5746,30.3933],[-96.5733,30.3943]]}},
{"type":"Feature","properties":{"kv":138,"owner":"CITY OF FREDERICKSBURG - (TX)","status":"NOT AVAILABLE"},"geometry":{"type":"LineString","coordinates":[[-98.9041,30.3054],[-98.9045,30.3059],[-98.9031,30.3063],[-98.9019,30.3035],[-98.8944,30.3095],[-98.885,30.3187],[-98.8417,30.3514],[-98.8228,30.3662],[-98.7472,30.4389]]}},
{"type":"Feature","properties":{"kv":138,"owner":"ONCOR ELECTRIC DELIVERY CO.","status":"IN SERVICE"},"geometry":{"type":"LineString","coordinates":[[-97.6872,30.2653],[-97.6864,30.265],[-97.6821,30.2661],[-97.6647,30.2638],[-97.6602,30.2641],[-97.6585,30.2649],[-97.6573,30.2662],[-97.6529,30.2729],[-97.6532,30.274]]}},
{"type":"Feature","properties":{"kv":138,"owner":"NOT AVAILABLE","status":"NOT AVAILABLE"},"geometry":{"type":"LineString","coordinates":[[-96.5693,30.9452],[-96.5695,30.9455],[-96.5841,30.9375],[-96.6378,30.9079],[-96.64,30.9064],[-96.6451,30.8983],[-96.6521,30.8961]]}},
{"type":"Feature","properties":{"kv":138,"owner":"ONCOR ELECTRIC DELIVERY CO.","status":"IN SERVICE"},"geometry":{"type":"LineString","coordinates":[[-97.723,31.039],[-97.723,31.0402],[-97.7129,31.043],[-97.7178,31.0552],[-97.7179,31.057],[-97.723,31.0692],[-97.7211,31.074],[-97.7195,31.0764]]}},
{"type":"Feature","properties":{"kv":138,"owner":"BLUEBONNET ELECTRIC COOP, INC","status":"IN SERVICE"},"geometry":{"type":"LineString","coordinates":[[-97.8511,30.0754],[-97.8519,30.0761],[-97.865,30.0816],[-97.8839,30.091],[-97.944,30.1145],[-97.9631,30.1229],[-97.9743,30.1266],[-97.9856,30.1177]]}},
{"type":"Feature","properties":{"kv":138,"owner":"BANDERA ELECTRIC COOP, INC","status":"IN SERVICE"},"geometry":{"type":"LineString","coordinates":[[-98.5016,29.4154],[-98.5021,29.4157],[-98.5041,29.4145],[-98.5043,29.4139]]}},
{"type":"Feature","properties":{"kv":138,"owner":"PEDERNALES ELECTRIC COOP, INC","status":"IN SERVICE"},"geometry":{"type":"LineString","coordinates":[[-98.4177,30.7507],[-98.4178,30.7503],[-98.4163,30.7493],[-98.4128,30.7456],[-98.3934,30.7352],[-98.3846,30.7289],[-98.3855,30.7261],[-98.3919,30.6885],[-98.3926,30.6885]]}},
{"type":"Feature","properties":{"kv":138,"owner":"BLUEBONNET ELECTRIC COOP, INC","status":"IN SERVICE"},"geometry":{"type":"LineString","coordinates":[[-98.0324,29.5786],[-98.0331,29.5808],[-98.0353,29.5834],[-98.0397,29.5829],[-98.0496,29.5885]]}},
{"type":"Feature","properties":{"kv":138,"owner":"BANDERA ELECTRIC COOP, INC","status":"NOT AVAILABLE"},"geometry":{"type":"LineString","coordinates":[[-98.4498,29.3346],[-98.4462,29.3231],[-98.4476,29.3236],[-98.4504,29.3224],[-98.479,29.3225],[-98.5089,29.3219],[-98.5107,29.3219],[-98.5109,29.3346],[-98.5104,29.335]]}},
{"type":"Feature","properties":{"kv":138,"owner":"ONCOR ELECTRIC DELIVERY CO.","status":"IN SERVICE"},"geometry":{"type":"LineString","coordinates":[[-97.4736,30.131],[-97.4733,30.13],[-97.4344,30.122]]}},
{"type":"Feature","properties":{"kv":138,"owner":"BANDERA ELECTRIC COOP, INC","status":"IN SERVICE"},"geometry":{"type":"LineString","coordinates":[[-98.5751,29.3503],[-98.5743,29.3502],[-98.574,29.3531],[-98.5625,29.3517],[-98.5623,29.3536],[-98.5531,29.3527],[-98.5405,29.3672],[-98.5398,29.3677]]}},
{"type":"Feature","properties":{"kv":138,"owner":"BLUEBONNET ELECTRIC COOP, INC","status":"IN SERVICE"},"geometry":{"type":"LineString","coordinates":[[-96.737,30.104],[-96.7262,30.1074],[-96.715,30.1074],[-96.7041,30.1118],[-96.6586,30.1219],[-96.636,30.1214],[-96.5869,30.1234],[-96.5626,30.1202],[-96.5392,30.1187],[-96.5132,30.1156],[-96.464,30.111],[-96.4524,30.1067],[-96.4471,30.1057],[-96.4267,30.1115],[-96.4257,30.1121],[-96.4255,30.1112]]}},
{"type":"Feature","properties":{"kv":138,"owner":"BANDERA ELECTRIC COOP, INC","status":"IN SERVICE"},"geometry":{"type":"LineString","coordinates":[[-98.5717,29.6194],[-98.5712,29.6193],[-98.5712,29.6188],[-98.5735,29.6185],[-98.5737,29.6172],[-98.5817,29.6168],[-98.6055,29.6168],[-98.6077,29.6166],[-98.6081,29.6172]]}},
{"type":"Feature","properties":{"kv":138,"owner":"ONCOR ELECTRIC DELIVERY CO.","status":"IN SERVICE"},"geometry":{"type":"LineString","coordinates":[[-97.6142,30.305],[-97.6152,30.305],[-97.6359,30.2993],[-97.6516,30.2748],[-97.6532,30.274]]}},
{"type":"Feature","properties":{"kv":138,"owner":"ONCOR ELECTRIC DELIVERY CO.","status":"NOT AVAILABLE"},"geometry":{"type":"LineString","coordinates":[[-97.7416,30.3672],[-97.7419,30.3653],[-97.7433,30.3619],[-97.7433,30.3609],[-97.754,30.338]]}},
{"type":"Feature","properties":{"kv":138,"owner":"GUADALUPE VALLEY ELEC COOP INC","status":"IN SERVICE"},"geometry":{"type":"LineString","coordinates":[[-98.1808,29.675],[-98.1779,29.6771]]}},
{"type":"Feature","properties":{"kv":345,"owner":"ONCOR ELECTRIC DELIVERY CO.","status":"IN SERVICE"},"geometry":{"type":"LineString","coordinates":[[-99.0,31.543],[-98.9823,31.5428],[-98.9675,31.5559],[-98.952,31.5428],[-98.935,31.5437],[-98.9275,31.5504],[-98.9213,31.5452],[-98.915,31.5509],[-98.8697,31.5811],[-98.8585,31.5809],[-98.8301,31.5912],[-98.8128,31.6061],[-98.8197,31.6186],[-98.8165,31.6273],[-98.8111,31.6367],[-98.8122,31.648],[-98.8124,31.6887],[-98.8121,31.7]]}},
{"type":"Feature","properties":{"kv":138,"owner":"CITY OF BRYAN - (TX)","status":"NOT AVAILABLE"},"geometry":{"type":"LineString","coordinates":[[-96.2666,30.5726],[-96.2546,30.5847],[-96.2435,30.5722],[-96.2558,30.5612],[-96.2591,30.559],[-96.2594,30.5577],[-96.259,30.5571],[-96.2589,30.5538],[-96.2578,30.5539]]}},
{"type":"Feature","properties":{"kv":138,"owner":"BLUEBONNET ELECTRIC COOP, INC","status":"IN SERVICE"},"geometry":{"type":"LineString","coordinates":[[-96.2559,29.9242],[-96.2568,29.9214],[-96.2057,29.8568],[-96.2014,29.8474],[-96.2618,29.8186],[-96.3148,29.7943],[-96.3991,29.754]]}},
{"type":"Feature","properties":{"kv":138,"owner":"ONCOR ELECTRIC DELIVERY CO.","status":"IN SERVICE"},"geometry":{"type":"LineString","coordinates":[[-97.4873,30.2513],[-97.4888,30.2512],[-97.4897,30.2521],[-97.5119,30.2629],[-97.529,30.2725],[-97.5376,30.2767],[-97.5385,30.2752],[-97.5394,30.2756],[-97.5397,30.2755]]}},
{"type":"Feature","properties":{"kv":138,"owner":"ONCOR ELECTRIC DELIVERY CO.","status":"IN SERVICE"},"geometry":{"type":"LineString","coordinates":[[-97.696,30.5918],[-97.6952,30.5976],[-97.6975,30.6033],[-97.6905,30.6166],[-97.6874,30.6181],[-97.6872,30.6222],[-97.6876,30.6275],[-97.6871,30.6325]]}},
{"type":"Feature","properties":{"kv":138,"owner":"ONCOR ELECTRIC DELIVERY CO.","status":"IN SERVICE"},"geometry":{"type":"LineString","coordinates":[[-97.723,31.039],[-97.7228,31.0399],[-97.7191,31.041],[-97.6703,31.0552],[-97.637,31.0538]]}},
{"type":"Feature","properties":{"kv":138,"owner":"ONCOR ELECTRIC DELIVERY CO.","status":"IN SERVICE"},"geometry":{"type":"LineString","coordinates":[[-97.2688,30.146],[-97.2688,30.1463],[-97.2675,30.1464],[-97.2481,30.1575],[-97.1397,30.2203],[-97.1348,30.2143]]}},
{"type":"Feature","properties":{"kv":345,"owner":"ONCOR ELECTRIC DELIVERY CO.","status":"IN SERVICE"},"geometry":{"type":"LineString","coordinates":[[-96.9848,31.4681],[-96.9854,31.4679],[-96.9938,31.4599],[-96.9945,31.4563],[-97.0425,31.3963],[-97.1195,31.3025],[-97.144,31.2715],[-97.2604,31.1305],[-97.2605,31.1297],[-97.2611,31.1296]]}},
{"type":"Feature","properties":{"kv":138,"owner":"BANDERA ELECTRIC COOP, INC","status":"NOT AVAILABLE"},"geometry":{"type":"LineString","coordinates":[[-98.5863,29.479],[-98.5861,29.4795],[-98.609,29.4974],[-98.6099,29.4987]]}},
{"type":"Feature","properties":{"kv":138,"owner":"ONCOR ELECTRIC DELIVERY CO.","status":"IN SERVICE"},"geometry":{"type":"LineString","coordinates":[[-98.2576,30.5552],[-98.2606,30.5522],[-98.2582,30.5501],[-98.1952,30.501],[-98.1712,30.478],[-98.1189,30.4348],[-98.114,30.4316],[-98.1088,30.4268]]}},
{"type":"Feature","properties":{"kv":138,"owner":"ONCOR ELECTRIC DELIVERY CO.","status":"IN SERVICE"},"geometry":{"type":"LineString","coordinates":[[-96.687,31.5033],[-96.7401,31.4853],[-96.773,31.4717],[-96.8132,31.4646],[-96.8176,31.4623],[-96.8379,31.4595],[-96.8383,31.458],[-96.8762,31.4402]]}},
{"type":"Feature","properties":{"kv":138,"owner":"BANDERA ELECTRIC COOP, INC","status":"IN SERVICE"},"geometry":{"type":"LineString","coordinates":[[-98.3744,29.6118],[-98.3743,29.61],[-98.3703,29.6093],[-98.3668,29.6038],[-98.3664,29.6021]]}},
{"type":"Feature","properties":{"kv":138,"owner":"BANDERA ELECTRIC COOP, INC","status":"NOT AVAILABLE"},"geometry":{"type":"LineString","coordinates":[[-98.8099,29.5235],[-98.8104,29.5229],[-98.8226,29.5226],[-98.8232,29.5257],[-98.8379,29.5252],[-98.8386,29.5249],[-98.8425,29.5311],[-98.8438,29.5322],[-98.8455,29.5329],[-98.8528,29.5335],[-98.8576,29.5355],[-98.8618,29.5368],[-98.8725,29.5373],[-98.8785,29.5382],[-98.8862,29.5405],[-98.8896,29.5428],[-98.8994,29.5452],[-98.9028,29.5483],[-98.9049,29.5525],[-98.9042,29.554],[-98.9044,29.5615],[-98.9028,29.5713],[-98.9019,29.5738],[-98.8996,29.5775],[-98.8993,29.5794],[-98.9016,29.586],[-98.9066,29.5906],[-98.9126,29.5891],[-98.9147,29.5893],[-98.9159,29.5898],[-98.9181,29.5921],[-98.923,29.5943],[-98.9275,29.5947],[-98.9288,29.5953],[-98.9298,29.5963],[-98.9305,29.5993],[-98.9296,29.604],[-98.93,29.6068],[-98.931,29.6095],[-98.9332,29.6125]]}},
{"type":"Feature","properties":{"kv":138,"owner":"ONCOR ELECTRIC DELIVERY CO.","status":"IN SERVICE"},"geometry":{"type":"LineString","coordinates":[[-97.6817,30.1629],[-97.7311,30.1674],[-97.7691,30.1862]]}},
{"type":"Feature","properties":{"kv":138,"owner":"ONCOR ELECTRIC DELIVERY CO.","status":"NOT AVAILABLE"},"geometry":{"type":"LineString","coordinates":[[-98.9206,31.6609],[-98.9214,31.6603],[-98.9229,31.6557],[-98.9284,31.6351],[-98.9583,31.6316],[-98.9663,31.6484],[-98.9817,31.6541],[-98.9823,31.6726],[-98.9819,31.676]]}},
{"type":"Feature","properties":{"kv":345,"owner":"ONCOR ELECTRIC DELIVERY CO.","status":"IN SERVICE"},"geometry":{"type":"LineString","coordinates":[[-97.3591,30.417],[-97.359,30.4189],[-97.3449,30.4512],[-97.3667,30.5045],[-97.3866,30.5507],[-97.3852,30.5537],[-97.392,30.568],[-97.3968,30.5671],[-97.3966,30.5666],[-97.3972,30.5666]]}},
{"type":"Feature","properties":{"kv":345,"owner":"BANDERA ELECTRIC COOP, INC","status":"IN SERVICE"},"geometry":{"type":"LineString","coordinates":[[-98.3204,29.3124],[-98.3196,29.3137],[-98.3173,29.3157],[-98.3117,29.3162],[-98.3013,29.3153],[-98.2986,29.3073],[-98.2974,29.2931],[-98.2963,29.2886],[-98.2973,29.2879],[-98.2951,29.2804],[-98.2897,29.2684],[-98.3429,29.2402],[-98.38,29.2397],[-98.3907,29.2451],[-98.3944,29.2463],[-98.3983,29.2482],[-98.4022,29.2508],[-98.4226,29.2609],[-98.4592,29.2713],[-98.4639,29.2712],[-98.4729,29.2691],[-98.529,29.2701],[-98.5569,29.2718],[-98.5695,29.279],[-98.5749,29.281],[-98.6044,29.2852],[-98.6228,29.3034],[-98.6289,29.3179],[-98.642,29.3224],[-98.6442,29.3245],[-98.6979,29.3636],[-98.7105,29.3785],[-98.7106,29.3895],[-98.7204,29.3895],[-98.72,29.415],[-98.7182,29.4161]]}},
{"type":"Feature","properties":{"kv":345,"owner":"BLUEBONNET ELECTRIC COOP, INC","status":"IN SERVICE"},"geometry":{"type":"LineString","coordinates":[[-96.7562,29.9136],[-96.7531,29.917]]}},
{"type":"Feature","properties":{"kv":138,"owner":"BANDERA ELECTRIC COOP, INC","status":"NOT AVAILABLE"},"geometry":{"type":"LineString","coordinates":[[-98.408,29.5039],[-98.4167,29.5126],[-98.4176,29.5154],[-98.4178,29.5279],[-98.4185,29.5293]]}},
{"type":"Feature","properties":{"kv":345,"owner":"CENTRAL TEXAS ELEC COOP, INC","status":"IN SERVICE"},"geometry":{"type":"LineString","coordinates":[[-99.0,30.0475],[-98.9798,30.0364],[-98.975,30.0335],[-98.9664,30.0306],[-98.9612,30.0222],[-98.9586,30.015],[-98.9472,30.0059],[-98.9452,30.0049],[-98.9295,29.9918],[-98.927,29.9905],[-98.9112,29.9917],[-98.9082,29.9902],[-98.9083,29.9856],[-98.8913,29.9856],[-98.8869,29.9861],[-98.8867,29.985]]}},
{"type":"Feature","properties":{"kv":138,"owner":"BANDERA ELECTRIC COOP, INC","status":"NOT AVAILABLE"},"geometry":{"type":"LineString","coordinates":[[-98.3236,29.3102],[-98.3244,29.3108],[-98.3284,29.3163],[-98.3374,29.3184],[-98.3454,29.3261],[-98.3513,29.3292],[-98.3547,29.3317],[-98.3597,29.3361],[-98.3815,29.3266],[-98.4027,29.3216],[-98.4052,29.3215],[-98.4086,29.3234],[-98.4322,29.3209],[-98.4406,29.3209],[-98.4476,29.3236],[-98.4504,29.3224],[-98.479,29.3225],[-98.5036,29.322],[-98.5038,29.3631],[-98.4958,29.3633]]}},
{"type":"Feature","properties":{"kv":138,"owner":"ONCOR ELECTRIC DELIVERY CO.","status":"IN SERVICE"},"geometry":{"type":"LineString","coordinates":[[-97.197,31.5225],[-97.1838,31.5144],[-97.1816,31.5127],[-97.1832,31.5106]]}},
{"type":"Feature","properties":{"kv":138,"owner":"BANDERA ELECTRIC COOP, INC","status":"IN SERVICE"},"geometry":{"type":"LineString","coordinates":[[-98.5664,29.5715],[-98.5758,29.5636],[-98.5833,29.5556],[-98.5896,29.5559],[-98.5881,29.5494],[-98.588,29.5445],[-98.5859,29.5441],[-98.5809,29.532],[-98.5769,29.5333],[-98.5763,29.5333]]}},
{"type":"Feature","properties":{"kv":138,"owner":"ONCOR ELECTRIC DELIVERY CO.","status":"IN SERVICE"},"geometry":{"type":"LineString","coordinates":[[-97.7583,30.3106],[-97.7584,30.311],[-97.7578,30.3107],[-97.7568,30.311],[-97.7555,30.3208],[-97.7553,30.3341],[-97.7551,30.3356],[-97.7548,30.3356]]}},
{"type":"Feature","properties":{"kv":138,"owner":"BLUEBONNET ELECTRIC COOP, INC","status":"IN SERVICE"},"geometry":{"type":"LineString","coordinates":[[-97.866,30.029],[-97.8664,30.0287],[-97.8676,30.0239],[-97.8717,30.0035],[-97.8684,30.0008],[-97.8736,29.9914],[-97.8747,29.986],[-97.8762,29.9654],[-97.8772,29.9608],[-97.8784,29.9559],[-97.8837,29.9511],[-97.8845,29.9502],[-97.8843,29.9499]]}},
{"type":"Feature","properties":{"kv":138,"owner":"ONCOR ELECTRIC DELIVERY CO.","status":"NOT AVAILABLE"},"geometry":{"type":"LineString","coordinates":[[-96.4755,31.5141],[-96.4757,31.5125],[-96.4771,31.5123],[-96.5319,31.5052],[-96.5572,31.5066],[-96.6178,31.5085],[-96.687,31.5033]]}},
{"type":"Feature","properties":{"kv":138,"owner":"GUADALUPE VALLEY ELEC COOP INC","status":"IN SERVICE"},"geometry":{"type":"LineString","coordinates":[[-98.2709,29.61],[-98.2715,29.6099],[-98.2738,29.6133],[-98.2755,29.6144],[-98.2931,29.641],[-98.3325,29.6203],[-98.3329,29.6204]]}},
{"type":"Feature","properties":{"kv":138,"owner":"BANDERA ELECTRIC COOP, INC","status":"IN SERVICE"},"geometry":{"type":"LineString","coordinates":[[-98.7182,29.4161],[-98.7167,29.4156],[-98.7164,29.415],[-98.663,29.415],[-98.6615,29.4147],[-98.6614,29.4099],[-98.6502,29.4099],[-98.6491,29.4104],[-98.643,29.4103],[-98.6398,29.4131],[-98.6151,29.413],[-98.6118,29.4132],[-98.6118,29.4164],[-98.6098,29.4176],[-98.6087,29.4194],[-98.609,29.4233],[-98.5999,29.4233],[-98.5999,29.4259],[-98.5973,29.4248],[-98.5963,29.4259],[-98.5878,29.4259],[-98.5816,29.4254],[-98.5796,29.4417],[-98.5609,29.4398]]}},
{"type":"Feature","properties":{"kv":138,"owner":"ONCOR ELECTRIC DELIVERY CO.","status":"IN SERVICE"},"geometry":{"type":"LineString","coordinates":[[-97.9787,30.4606],[-98.0043,30.4828],[-98.0071,30.4848],[-98.02,30.488],[-98.0358,30.4947],[-98.2581,30.6452]]}},
{"type":"Feature","properties":{"kv":345,"owner":"BLUEBONNET ELECTRIC COOP, INC","status":"IN SERVICE"},"geometry":{"type":"LineString","coordinates":[[-98.0171,29.6512],[-98.0172,29.6506],[-98.0164,29.65],[-97.9884,29.6741],[-97.9781,29.6966],[-97.97,29.7111],[-97.9663,29.7233],[-97.9494,29.7706],[-97.9492,29.7721],[-97.9495,29.7726]]}},
{"type":"Feature","properties":{"kv":138,"owner":"BLUEBONNET ELECTRIC COOP, INC","status":"IN SERVICE"},"geometry":{"type":"LineString","coordinates":[[-96.3945,30.1506],[-96.3947,30.1502],[-96.3838,30.1334],[-96.3765,30.126],[-96.3738,30.1229],[-96.3739,30.1226]]}},
{"type":"Feature","properties":{"kv":138,"owner":"ONCOR ELECTRIC DELIVERY CO.","status":"NOT AVAILABLE"},"geometry":{"type":"LineString","coordinates":[[-97.3175,31.4279],[-97.3168,31.4282],[-97.3114,31.4268]]}},
{"type":"Feature","properties":{"kv":138,"owner":"ONCOR ELECTRIC DELIVERY CO.","status":"IN SERVICE"},"geometry":{"type":"LineString","coordinates":[[-97.683,30.5886],[-97.6826,30.5879],[-97.6702,30.5918],[-97.6454,30.6005],[-97.6441,30.623],[-97.6442,30.6239],[-97.6449,30.6238]]}},
{"type":"Feature","properties":{"kv":138,"owner":"BLUEBONNET ELECTRIC COOP, INC","status":"IN SERVICE"},"geometry":{"type":"LineString","coordinates":[[-97.8504,30.1353],[-97.8498,30.1345],[-97.8497,30.131],[-97.8472,30.1279],[-97.8464,30.1246],[-97.846,30.1066],[-97.847,30.1008],[-97.847,30.0882],[-97.8496,30.079],[-97.8511,30.0754]]}},
{"type":"Feature","properties":{"kv":138,"owner":"CENTRAL TEXAS ELEC COOP, INC","status":"IN SERVICE"},"geometry":{"type":"LineString","coordinates":[[-98.9041,30.3054],[-98.9032,30.306],[-98.902,30.3032],[-98.8924,30.3109],[-98.8849,30.3185],[-98.8415,30.3512],[-98.8226,30.366],[-98.7541,30.4317],[-98.7311,30.449],[-98.6969,30.4885],[-98.4067,30.53],[-98.3925,30.5328]]}},
{"type":"Feature","properties":{"kv":138,"owner":"BANDERA ELECTRIC COOP, INC","status":"IN SERVICE"},"geometry":{"type":"LineString","coordinates":[[-98.3236,29.3102],[-98.3245,29.3104],[-98.3245,29.3111],[-98.3285,29.3163],[-98.3375,29.3184],[-98.3455,29.326],[-98.3513,29.3291],[-98.3548,29.3316],[-98.3597,29.3361],[-98.3815,29.3266],[-98.4027,29.3215],[-98.4051,29.3214],[-98.4086,29.3234],[-98.4322,29.3209],[-98.4406,29.3208],[-98.4476,29.3236],[-98.4504,29.3224],[-98.5037,29.3219],[-98.504,29.3631],[-98.5395,29.3632],[-98.5394,29.3674],[-98.5398,29.3677]]}},
{"type":"Feature","properties":{"kv":138,"owner":"ONCOR ELECTRIC DELIVERY CO.","status":"NOT AVAILABLE"},"geometry":{"type":"LineString","coordinates":[[-96.9275,30.917],[-96.9341,30.9281],[-96.9627,30.9795],[-96.9764,31.0021],[-96.9996,31.0439],[-97.0256,31.052],[-97.115,31.0759]]}},
{"type":"Feature","properties":{"kv":138,"owner":"BLUEBONNET ELECTRIC COOP, INC","status":"NOT AVAILABLE"},"geometry":{"type":"LineString","coordinates":[[-98.1411,29.6232],[-98.1394,29.6232]]}},
{"type":"Feature","properties":{"kv":138,"owner":"BLUEBONNET ELECTRIC COOP, INC","status":"IN SERVICE"},"geometry":{"type":"LineString","coordinates":[[-97.8415,29.9925],[-97.858,29.969],[-97.8969,29.9095],[-97.9001,29.9115]]}},
{"type":"Feature","properties":{"kv":138,"owner":"ONCOR ELECTRIC DELIVERY CO.","status":"IN SERVICE"},"geometry":{"type":"LineString","coordinates":[[-98.1982,30.9915],[-98.1905,31.0498],[-98.1982,31.0681],[-98.1977,31.0683],[-98.2004,31.0743],[-98.2015,31.075]]}},
{"type":"Feature","properties":{"kv":138,"owner":"ONCOR ELECTRIC DELIVERY CO.","status":"IN SERVICE"},"geometry":{"type":"LineString","coordinates":[[-97.7442,30.4008],[-97.7407,30.4008],[-97.7238,30.3982]]}},
{"type":"Feature","properties":{"kv":138,"owner":"BLUEBONNET ELECTRIC COOP, INC","status":"IN SERVICE"},"geometry":{"type":"LineString","coordinates":[[-96.5719,29.9211],[-96.5763,29.921],[-96.6588,29.9279],[-96.6878,29.9628]]}},
{"type":"Feature","properties":{"kv":138,"owner":"ONCOR ELECTRIC DELIVERY CO.","status":"IN SERVICE"},"geometry":{"type":"LineString","coordinates":[[-97.7022,30.5212],[-97.6854,30.5335],[-97.684,30.5351],[-97.6801,30.5373],[-97.6489,30.5414]]}},
{"type":"Feature","properties":{"kv":138,"owner":"BANDERA ELECTRIC COOP, INC","status":"IN SERVICE"},"geometry":{"type":"LineString","coordinates":[[-98.7761,29.7711],[-98.7756,29.7717],[-98.7759,29.7762],[-98.799,29.8113],[-98.8163,29.8355],[-98.8274,29.8522],[-98.8361,29.8668],[-98.8489,29.8864],[-98.8647,29.9092],[-98.8822,29.9448],[-98.8859,29.9593],[-98.8912,29.9709],[-98.8928,29.9817],[-98.9013,29.9779],[-98.9032,29.978]]}},
{"type":"Feature","properties":{"kv":138,"owner":"ONCOR ELECTRIC DELIVERY CO.","status":"NOT AVAILABLE"},"geometry":{"type":"LineString","coordinates":[[-98.9206,31.6609],[-98.9008,31.6787],[-98.8893,31.69],[-98.8752,31.7]]}},
{"type":"Feature","properties":{"kv":138,"owner":"ONCOR ELECTRIC DELIVERY CO.","status":"IN SERVICE"},"geometry":{"type":"LineString","coordinates":[[-97.6986,30.5672],[-97.6984,30.5709],[-97.6971,30.5785],[-97.6916,30.5789],[-97.6877,30.5802],[-97.6901,30.5856],[-97.6829,30.5878],[-97.683,30.5886]]}},
{"type":"Feature","properties":{"kv":345,"owner":"BLUEBONNET ELECTRIC COOP, INC","status":"IN SERVICE"},"geometry":{"type":"LineString","coordinates":[[-97.9495,29.7726],[-97.9497,29.7739],[-97.9901,29.783]]}},
{"type":"Feature","properties":{"kv":138,"owner":"ONCOR ELECTRIC DELIVERY CO.","status":"IN SERVICE"},"geometry":{"type":"LineString","coordinates":[[-98.2612,30.5524],[-98.1953,30.501],[-98.1713,30.478],[-98.1189,30.4348],[-98.1141,30.4315],[-98.1092,30.4268],[-98.1088,30.4268]]}},
{"type":"Feature","properties":{"kv":138,"owner":"COMANCHE COUNTY ELEC COOP ASSN","status":"NOT AVAILABLE"},"geometry":{"type":"LineString","coordinates":[[-98.5664,31.431],[-98.5687,31.431],[-98.5714,31.4251],[-98.5995,31.3601],[-98.6205,31.3137],[-98.6235,31.3027],[-98.6459,31.2706],[-98.6684,31.2344]]}},
{"type":"Feature","properties":{"kv":138,"owner":"AEP TEXAS CENTRAL COMPANY","status":"IN SERVICE"},"geometry":{"type":"LineString","coordinates":[[-98.2016,29.2],[-98.2389,29.2145],[-98.2539,29.2248]]}},
{"type":"Feature","properties":{"kv":138,"owner":"NOT AVAILABLE","status":"NOT AVAILABLE"},"geometry":{"type":"LineString","coordinates":[[-97.8942,31.6151],[-97.8853,31.6118],[-97.8193,31.5519],[-97.8165,31.5498],[-97.7986,31.5337],[-97.7978,31.5356]]}},
{"type":"Feature","properties":{"kv":138,"owner":"BLUEBONNET ELECTRIC COOP, INC","status":"IN SERVICE"},"geometry":{"type":"LineString","coordinates":[[-96.572,29.6969],[-96.5719,29.6973],[-96.573,29.6973],[-96.5732,29.7134],[-96.5742,29.7236],[-96.5744,29.7323],[-96.581,29.7434],[-96.583,29.7526],[-96.6186,29.8432],[-96.6223,29.8608],[-96.6245,29.8682],[-96.6254,29.8751],[-96.639,29.9052],[-96.6509,29.9149],[-96.6543,29.9222],[-96.6878,29.9628]]}},
{"type":"Feature","properties":{"kv":138,"owner":"NOT AVAILABLE","status":"NOT AVAILABLE"},"geometry":{"type":"LineString","coordinates":[[-98.5664,31.431],[-98.5659,31.4313],[-98.5184,31.4178],[-98.4926,31.4165],[-98.4494,31.4161],[-98.4254,31.415],[-98.3958,31.4153],[-98.3891,31.412],[-98.387,31.4131],[-98.373,31.4172],[-98.3562,31.4214],[-98.3249,31.4299],[-98.3056,31.4333],[-98.2497,31.4281],[-98.2444,31.4282],[-98.2248,31.4316],[-98.2036,31.4308],[-98.1897,31.4293],[-98.1809,31.4298],[-98.1736,31.4335],[-98.1729,31.4336]]}},
{"type":"Feature","properties":{"kv":138,"owner":"FAYETTE ELECTRIC COOP, INC","status":"IN SERVICE"},"geometry":{"type":"LineString","coordinates":[[-96.9873,29.4289],[-96.9867,29.4311],[-96.9966,29.4445],[-97.0003,29.4514],[-97.0354,29.5223],[-97.0459,29.5486],[-97.07,29.594],[-97.0852,29.6276],[-97.1069,29.6735],[-97.1066,29.677],[-97.1059,29.678]]}},
{"type":"Feature","properties":{"kv":138,"owner":"ONCOR ELECTRIC DELIVERY CO.","status":"IN SERVICE"},"geometry":{"type":"LineString","coordinates":[[-97.6893,30.3939],[-97.6895,30.3928],[-97.6889,30.3927],[-97.6891,30.3767],[-97.7004,30.3571],[-97.7103,30.3496],[-97.7152,30.3434],[-97.7161,30.3436]]}},
{"type":"Feature","properties":{"kv":345,"owner":"ONCOR ELECTRIC DELIVERY CO.","status":"IN SERVICE"},"geometry":{"type":"LineString","coordinates":[[-97.1002,31.6997],[-97.1007,31.7]]}},
{"type":"Feature","properties":{"kv":138,"owner":"BLUEBONNET ELECTRIC COOP, INC","status":"IN SERVICE"},"geometry":{"type":"LineString","coordinates":[[-96.7552,29.9183],[-96.7537,29.9411],[-96.7531,29.97],[-96.7481,29.9808],[-96.8545,30.0173],[-96.8987,30.027],[-96.9272,30.0321],[-96.976,30.0423],[-96.9863,30.0457],[-97.0096,30.0494],[-97.0236,30.0524],[-97.1216,30.0767],[-97.1365,30.0767],[-97.1396,30.0783],[-97.1771,30.1021],[-97.2006,30.1151],[-97.2253,30.1294],[-97.2642,30.1525],[-97.2709,30.1575],[-97.2726,30.1558],[-97.2728,30.1477]]}},
{"type":"Feature","properties":{"kv":138,"owner":"ONCOR ELECTRIC DELIVERY CO.","status":"IN SERVICE"},"geometry":{"type":"LineString","coordinates":[[-97.7214,30.2494],[-97.7225,30.248],[-97.7258,30.2482],[-97.7281,30.249],[-97.73,30.2505],[-97.7342,30.252],[-97.7354,30.2527],[-97.7362,30.2539],[-97.7364,30.2554],[-97.7373,30.2557],[-97.7379,30.2574],[-97.7393,30.2578],[-97.7396,30.2581],[-97.7394,30.2586],[-97.7403,30.2594],[-97.7409,30.2593],[-97.7416,30.2611],[-97.7467,30.2637],[-97.7517,30.2652],[-97.7509,30.2667],[-97.7514,30.2668]]}},
{"type":"Feature","properties":{"kv":138,"owner":"ONCOR ELECTRIC DELIVERY CO.","status":"IN SERVICE"},"geometry":{"type":"LineString","coordinates":[[-97.7367,30.2147],[-97.7201,30.2071],[-97.7189,30.2069],[-97.7064,30.207],[-97.6876,30.2102],[-97.6867,30.2036],[-97.6871,30.2034]]}},
{"type":"Feature","properties":{"kv":138,"owner":"BANDERA ELECTRIC COOP, INC","status":"IN SERVICE"},"geometry":{"type":"LineString","coordinates":[[-98.4889,29.3967],[-98.4836,29.396],[-98.4843,29.3989],[-98.4842,29.401],[-98.4802,29.4009],[-98.4802,29.4021],[-98.4793,29.4023],[-98.4795,29.4048]]}},
{"type":"Feature","properties":{"kv":138,"owner":"PEDERNALES ELECTRIC COOP, INC","status":"IN SERVICE"},"geometry":{"type":"LineString","coordinates":[[-98.4481,30.7355],[-98.454,30.7357],[-98.6066,30.7344],[-98.6106,30.7364]]}},
{"type":"Feature","properties":{"kv":345,"owner":"BLUEBONNET ELECTRIC COOP, INC","status":"IN SERVICE"},"geometry":{"type":"LineString","coordinates":[[-96.9865,30.0444],[-96.9875,30.0439],[-96.9963,30.0457],[-97.0021,30.0477],[-97.0236,30.0522],[-97.1215,30.0765],[-97.2119,30.0766],[-97.239,30.0821],[-97.2356,30.0943],[-97.2429,30.1095],[-97.2617,30.1461],[-97.2688,30.146]]}},
{"type":"Feature","properties":{"kv":138,"owner":"BLUEBONNET ELECTRIC COOP, INC","status":"IN SERVICE"},"geometry":{"type":"LineString","coordinates":[[-97.9706,29.6274],[-97.9707,29.6279],[-97.9676,29.6292],[-98.0108,29.655],[-98.0152,29.6514],[-98.0171,29.6512]]}},
{"type":"Feature","properties":{"kv":138,"owner":"BANDERA ELECTRIC COOP, INC","status":"IN SERVICE"},"geometry":{"type":"LineString","coordinates":[[-98.4296,29.2387],[-98.431,29.239],[-98.4264,29.2527],[-98.4278,29.2626],[-98.4592,29.2717],[-98.4639,29.2715],[-98.473,29.2694],[-98.5317,29.2705],[-98.5568,29.2721],[-98.5694,29.2792],[-98.5749,29.2811],[-98.6044,29.2854],[-98.6227,29.3035],[-98.6288,29.318],[-98.6419,29.3225],[-98.644,29.3246],[-98.6978,29.3637],[-98.7104,29.3785],[-98.7104,29.3897],[-98.7201,29.3897],[-98.7199,29.4149],[-98.7188,29.415],[-98.7182,29.4161]]}},
{"type":"Feature","properties":{"kv":345,"owner":"GUADALUPE VALLEY ELEC COOP INC","status":"IN SERVICE"},"geometry":{"type":"LineString","coordinates":[[-97.9999,29.4673],[-98.0007,29.4672],[-98.0017,29.4663],[-98.0354,29.4958],[-98.0441,29.504],[-98.0844,29.5372],[-98.1084,29.5601],[-98.1292,29.5781],[-98.153,29.5973],[-98.1681,29.6075],[-98.1773,29.6169],[-98.1933,29.6315],[-98.1992,29.6356],[-98.2162,29.6505],[-98.2373,29.6527],[-98.2458,29.6653],[-98.2498,29.6633],[-98.2569,29.6608],[-98.2683,29.6554],[-98.2745,29.6557],[-98.2842,29.6528],[-98.4116,29.6381],[-98.4388,29.6327],[-98.452,29.6326],[-98.4602,29.6317],[-98.465,29.6332],[-98.4854,29.6309],[-98.4882,29.6229],[-98.512,29.6184],[-98.5595,29.6184],[-98.5703,29.6177],[-98.5703,29.6203],[-98.5712,29.6205],[-98.5717,29.6194]]}},
{"type":"Feature","properties":{"kv":138,"owner":"ONCOR ELECTRIC DELIVERY CO.","status":"NOT AVAILABLE"},"geometry":{"type":"LineString","coordinates":[[-97.355,31.0712],[-97.3612,31.0747]]}},
{"type":"Feature","properties":{"kv":138,"owner":"ONCOR ELECTRIC DELIVERY CO.","status":"IN SERVICE"},"geometry":{"type":"LineString","coordinates":[[-97.9092,30.3892],[-97.9075,30.3898],[-97.9061,30.3881],[-97.8991,30.3844],[-97.886,30.3836],[-97.8736,30.3882],[-97.8626,30.3963],[-97.8556,30.3968],[-97.825,30.4006],[-97.7788,30.4006],[-97.7773,30.4003],[-97.7765,30.4006],[-97.7445,30.4006],[-97.7442,30.4008]]}},
{"type":"Feature","properties":{"kv":138,"owner":"ONCOR ELECTRIC DELIVERY CO.","status":"IN SERVICE"},"geometry":{"type":"LineString","coordinates":[[-97.9788,30.3587],[-98.0003,30.3475],[-98.0146,30.3473],[-98.0795,30.4003],[-98.1088,30.4268]]}},
{"type":"Feature","properties":{"kv":138,"owner":"CENTRAL TEXAS ELEC COOP, INC","status":"NOT AVAILABLE"},"geometry":{"type":"LineString","coordinates":[[-99.0,30.5478],[-98.9991,30.5466],[-98.9973,30.5421],[-98.9707,30.4753],[-98.9041,30.3054]]}},
{"type":"Feature","properties":{"kv":138,"owner":"BANDERA ELECTRIC COOP, INC","status":"IN SERVICE"},"geometry":{"type":"LineString","coordinates":[[-98.8442,29.2491],[-98.8897,29.2491],[-98.9242,29.2623],[-98.9243,29.263]]}},
{"type":"Feature","properties":{"kv":138,"owner":"ONCOR ELECTRIC DELIVERY CO.","status":"IN SERVICE"},"geometry":{"type":"LineString","coordinates":[[-97.6893,30.3939],[-97.6894,30.3929],[-97.6889,30.3927],[-97.6891,30.3733],[-97.6883,30.3647],[-97.6831,30.3622]]}},
{"type":"Feature","properties":{"kv":345,"owner":"AEP TEXAS CENTRAL COMPANY","status":"IN SERVICE"},"geometry":{"type":"LineString","coordinates":[[-97.9999,29.4673],[-97.9999,29.4665],[-98.0009,29.4653],[-98.0009,29.4641],[-97.9977,29.4392],[-97.9685,29.3468],[-97.9967,29.3104],[-98.0045,29.2999],[-98.0524,29.2381],[-98.0644,29.2149],[-98.0733,29.2]]}},
{"type":"Feature","properties":{"kv":138,"owner":"ONCOR ELECTRIC DELIVERY CO.","status":"IN SERVICE"},"geometry":{"type":"LineString","coordinates":[[-97.2331,30.0659],[-97.179,30.0229],[-97.1761,30.0191],[-97.1717,30.0167],[-97.1699,30.0166],[-97.1675,30.0187],[-97.1586,30.0199],[-97.1581,30.0206]]}},
{"type":"Feature","properties":{"kv":138,"owner":"ONCOR ELECTRIC DELIVERY CO.","status":"IN SERVICE"},"geometry":{"type":"LineString","coordinates":[[-97.6616,30.6673],[-97.6629,30.6672],[-97.6701,30.6704],[-97.6604,30.6905],[-97.6558,30.6975],[-97.6531,30.704],[-97.6534,30.7045],[-97.6528,30.7047],[-97.6515,30.7079],[-97.644,30.7344],[-97.6345,30.7735],[-97.5705,30.7941],[-97.5619,30.7965]]}},
{"type":"Feature","properties":{"kv":138,"owner":"BANDERA ELECTRIC COOP, INC","status":"IN SERVICE"},"geometry":{"type":"LineString","coordinates":[[-98.438,29.4554],[-98.4469,29.4857],[-98.4468,29.4866]]}},
{"type":"Feature","properties":{"kv":138,"owner":"ONCOR ELECTRIC DELIVERY CO.","status":"IN SERVICE"},"geometry":{"type":"LineString","coordinates":[[-97.6173,30.2111],[-97.6196,30.2102],[-97.6236,30.212],[-97.6262,30.2117],[-97.637,30.2169],[-97.639,30.2167],[-97.6407,30.2175],[-97.6415,30.2191],[-97.6574,30.2268],[-97.6601,30.2262],[-97.6695,30.2181],[-97.6725,30.219]]}},
{"type":"Feature","properties":{"kv":138,"owner":"BLUEBONNET ELECTRIC COOP, INC","status":"NOT AVAILABLE"},"geometry":{"type":"LineString","coordinates":[[-98.0324,29.5786],[-98.0226,29.5789],[-97.9865,29.5628],[-97.9602,29.5469],[-97.9324,29.5373]]}},
{"type":"Feature","properties":{"kv":138,"owner":"BLUEBONNET ELECTRIC COOP, INC","status":"IN SERVICE"},"geometry":{"type":"LineString","coordinates":[[-97.1348,30.2143],[-97.0832,30.1507],[-97.0642,30.1221],[-97.0096,30.0569],[-97.0,30.0471],[-96.9865,30.0444]]}},
{"type":"Feature","properties":{"kv":138,"owner":"ONCOR ELECTRIC DELIVERY CO.","status":"NOT AVAILABLE"},"geometry":{"type":"LineString","coordinates":[[-97.8509,30.6345],[-97.8531,30.6454],[-97.8539,30.6473],[-97.8732,30.6529],[-97.8744,30.6564],[-97.8763,30.6559],[-97.8773,30.6582],[-97.8786,30.6578],[-97.8808,30.6631],[-97.8804,30.6632],[-97.8813,30.6653],[-97.8809,30.6688],[-97.8791,30.6694],[-97.8781,30.6793],[-97.8775,30.6872],[-97.8779,30.691],[-97.8753,30.7243],[-97.8758,30.749]]}},
{"type":"Feature","properties":{"kv":138,"owner":"BANDERA ELECTRIC COOP, INC","status":"IN SERVICE"},"geometry":{"type":"LineString","coordinates":[[-98.5398,29.3677],[-98.539,29.3693],[-98.5398,29.3696],[-98.5525,29.3708],[-98.5523,29.3725],[-98.5565,29.373]]}},
{"type":"Feature","properties":{"kv":138,"owner":"MID-SOUTH ELECTRIC COOP ASSN","status":"NOT AVAILABLE"},"geometry":{"type":"LineString","coordinates":[[-96.2,30.5233],[-96.2909,30.6259],[-96.2926,30.6279],[-96.2916,30.629],[-96.292,30.6294],[-96.2925,30.6291]]}},
{"type":"Feature","properties":{"kv":138,"owner":"BLUEBONNET ELECTRIC COOP, INC","status":"IN SERVICE"},"geometry":{"type":"LineString","coordinates":[[-97.8589,30.054],[-97.8612,30.0474],[-97.8662,30.0295],[-97.866,30.029]]}},
{"type":"Feature","properties":{"kv":138,"owner":"ONCOR ELECTRIC DELIVERY CO.","status":"IN SERVICE"},"geometry":{"type":"LineString","coordinates":[[-97.4687,30.8147],[-97.4626,30.8243],[-97.4141,30.9553],[-97.3929,31.0094],[-97.3936,31.01]]}},
{"type":"Feature","properties":{"kv":138,"owner":"BLUEBONNET ELECTRIC COOP, INC","status":"NOT AVAILABLE"},"geometry":{"type":"LineString","coordinates":[[-98.0483,29.589],[-98.0475,29.5897],[-98.0467,29.5897],[-98.0433,29.5882],[-98.0419,29.5879],[-98.0417,29.5875],[-98.0321,29.5832],[-98.0317,29.5837],[-98.0237,29.5838]]}},
{"type":"Feature","properties":{"kv":138,"owner":"BANDERA ELECTRIC COOP, INC","status":"IN SERVICE"},"geometry":{"type":"LineString","coordinates":[[-98.5497,29.3183],[-98.5495,29.3196],[-98.5499,29.3206],[-98.5577,29.3208],[-98.5651,29.3219],[-98.5723,29.3209],[-98.5762,29.3254],[-98.5735,29.3466],[-98.5747,29.3474],[-98.5744,29.3499],[-98.5751,29.3503]]}},
{"type":"Feature","properties":{"kv":138,"owner":"BLUEBONNET ELECTRIC COOP, INC","status":"IN SERVICE"},"geometry":{"type":"LineString","coordinates":[[-98.0837,30.1738],[-98.0505,30.1579],[-98.0311,30.1506],[-98.019,30.1445],[-97.9866,30.1307],[-97.9745,30.1267],[-97.9858,30.1181],[-97.9856,30.1177]]}},
{"type":"Feature","properties":{"kv":138,"owner":"BLUEBONNET ELECTRIC COOP, INC","status":"IN SERVICE"},"geometry":{"type":"LineString","coordinates":[[-96.8742,29.9328],[-96.8735,29.9324],[-96.7821,29.9331],[-96.7718,29.9163],[-96.7551,29.9123]]}},
{"type":"Feature","properties":{"kv":138,"owner":"ONCOR ELECTRIC DELIVERY CO.","status":"IN SERVICE"},"geometry":{"type":"LineString","coordinates":[[-97.8305,30.5201],[-97.8316,30.5218],[-97.8278,30.5231],[-97.8316,30.5338],[-97.8383,30.5475],[-97.8382,30.5484]]}},
{"type":"Feature","properties":{"kv":138,"owner":"ONCOR ELECTRIC DELIVERY CO.","status":"IN SERVICE"},"geometry":{"type":"LineString","coordinates":[[-97.727,30.3283],[-97.7271,30.3281],[-97.7263,30.3283],[-97.7255,30.3279],[-97.7253,30.3273],[-97.7309,30.3185],[-97.7287,30.3176],[-97.7288,30.317],[-97.7319,30.3123],[-97.7339,30.3107]]}},
{"type":"Feature","properties":{"kv":345,"owner":"ONCOR ELECTRIC DELIVERY CO.","status":"IN SERVICE"},"geometry":{"type":"LineString","coordinates":[[-96.9645,31.5747],[-96.9532,31.5751],[-96.95,31.5748],[-96.9376,31.5623],[-96.9432,31.5526],[-96.946,31.4993],[-96.9774,31.4779],[-96.9848,31.4681]]}},
{"type":"Feature","properties":{"kv":138,"owner":"ONCOR ELECTRIC DELIVERY CO.","status":"IN SERVICE"},"geometry":{"type":"LineString","coordinates":[[-97.4586,31.0832],[-97.4652,31.0832],[-97.4688,31.0745],[-97.475,31.0653],[-97.4748,31.0625],[-97.4763,31.0614]]}},
{"type":"Feature","properties":{"kv":138,"owner":"GUADALUPE VALLEY ELEC COOP INC","status":"IN SERVICE"},"geometry":{"type":"LineString","coordinates":[[-98.0859,29.704],[-98.0749,29.697],[-98.0714,29.6959],[-98.0671,29.6919],[-98.0544,29.6813],[-98.011,29.655],[-98.0151,29.6515],[-98.0171,29.6512]]}},
{"type":"Feature","properties":{"kv":138,"owner":"ONCOR ELECTRIC DELIVERY CO.","status":"IN SERVICE"},"geometry":{"type":"LineString","coordinates":[[-97.6107,30.7962],[-97.6221,30.7672],[-97.615,30.7038],[-97.6419,30.6604],[-97.6605,30.6676],[-97.6616,30.6673]]}},
{"type":"Feature","properties":{"kv":138,"owner":"PEDERNALES ELECTRIC COOP, INC","status":"IN SERVICE"},"geometry":{"type":"LineString","coordinates":[[-98.2581,30.6452],[-98.3825,30.7288],[-98.3856,30.7314]]}},
{"type":"Feature","properties":{"kv":138,"owner":"ONCOR ELECTRIC DELIVERY CO.","status":"IN SERVICE"},"geometry":{"type":"LineString","coordinates":[[-97.72,30.3975],[-97.7149,30.3967]]}},
{"type":"Feature","properties":{"kv":138,"owner":"CITY OF BRYAN - (TX)","status":"NOT AVAILABLE"},"geometry":{"type":"LineString","coordinates":[[-96.3646,30.716],[-96.3654,30.7172],[-96.3611,30.7213],[-96.3564,30.7199],[-96.3414,30.7121],[-96.3306,30.6899],[-96.3288,30.6888],[-96.3276,30.6825],[-96.3253,30.6749],[-96.3276,30.6704],[-96.3164,30.6686],[-96.3135,30.6661],[-96.297,30.6599],[-96.2856,30.6584],[-96.2759,30.6554],[-96.2752,30.656],[-96.2693,30.6542],[-96.2751,30.6485],[-96.2749,30.6465],[-96.294,30.629],[-96.2946,30.6283],[-96.2943,30.6277]]}}
]
}
