{
"type": "FeatureCollection",
"name": "SELECT",
"xy_coordinate_resolution": 0.0001,
"features": [
{"type":"Feature","properties":{"permittee":"AQUA WSC","permit":"14982-001","outfall":"001","status":"C","dtype":"D","county":"LEE","segment":"1212"},"geometry":{"type":"Point","coordinates":[-97.1141,30.3687]}},
{"type":"Feature","properties":{"permittee":"XS RANCH MUNICIPAL UTILITY DISTRICT","permit":"14946-001","outfall":"001","status":"C","dtype":"D","county":"BASTROP","segment":"1434"},"geometry":{"type":"Point","coordinates":[-97.3775,30.1822]}},
{"type":"Feature","properties":{"permittee":"BYK USA INC","permit":"01925-000","outfall":"003","status":"C","dtype":"W","county":"GONZALES","segment":"1803"},"geometry":{"type":"Point","coordinates":[-97.3241,29.4905]}},
{"type":"Feature","properties":{"permittee":"CITY OF MORGAN'S POINT RESORT","permit":"10918-002","outfall":"001","status":"C","dtype":"D","county":"BELL","segment":"1220"},"geometry":{"type":"Point","coordinates":[-97.4731,31.1476]}},
{"type":"Feature","properties":{"permittee":"CORIX UTILITIES TEXAS INC","permit":"11982-001","outfall":"001","status":"C","dtype":"D","county":"LAMPASAS","segment":"1409"},"geometry":{"type":"Point","coordinates":[-98.3968,31.2038]}},
{"type":"Feature","properties":{"permittee":"HAYS CO WCID NO 1","permit":"14293-001","outfall":"002","status":"C","dtype":"D","county":"HAYS","segment":"1427"},"geometry":{"type":"Point","coordinates":[-97.9838,30.2029]}},
{"type":"Feature","properties":{"permittee":"SPIRIT OF AGGIELAND RV RESORT LLC","permit":"15632-001","outfall":"001","status":"C","dtype":"D","county":"BRAZOS","segment":"1209"},"geometry":{"type":"Point","coordinates":[-96.2512,30.6611]}},
{"type":"Feature","properties":{"permittee":"CITY OF PFLUGERVILLE","permit":"11845-005","outfall":"001","status":"C","dtype":"W","county":"TRAVIS","segment":"1434"},"geometry":{"type":"Point","coordinates":[-97.5404,30.3859]}},
{"type":"Feature","properties":{"permittee":"SAN ANTONIO WATER SYSTEM","permit":"10137-008","outfall":"001","status":"C","dtype":"W","county":"BEXAR","segment":"1911"},"geometry":{"type":"Point","coordinates":[-98.429,29.2756]}},
{"type":"Feature","properties":{"permittee":"SLR PROPERTY I, LP","permit":"00395-000","outfall":"001","status":"C","dtype":"W","county":"MILAM","segment":"1212"},"geometry":{"type":"Point","coordinates":[-97.0487,30.5743]}},
{"type":"Feature","properties":{"permittee":"CITY OF BOERNE","permit":"10066-001","outfall":"001","status":"C","dtype":"W","county":"KENDALL","segment":"1908"},"geometry":{"type":"Point","coordinates":[-98.7138,29.7884]}},
{"type":"Feature","properties":{"permittee":"TOWN OF BUCKHOLTS","permit":"11875-001","outfall":"001","status":"C","dtype":"D","county":"MILAM","segment":"1213"},"geometry":{"type":"Point","coordinates":[-97.1209,30.879]}},
{"type":"Feature","properties":{"permittee":"LENNAR HOMES OF TX LAND & CONSTRUCTION LTD * 2X WORLDWIDE LLC","permit":"16835-001","outfall":"001","status":"P","dtype":"D","county":"GUADALUPE","segment":"1808"},"geometry":{"type":"Point","coordinates":[-97.8907,29.6994]}},
{"type":"Feature","properties":{"permittee":"HYDER SYED NOORIDUN","permit":"11778-001","outfall":"001","status":"C","dtype":"D","county":"BRAZOS","segment":"1242"},"geometry":{"type":"Point","coordinates":[-96.4211,30.6227]}},
{"type":"Feature","properties":{"permittee":"CITY OF SOMERSET","permit":"11822-001","outfall":"001","status":"C","dtype":"D","county":"BEXAR","segment":"1903"},"geometry":{"type":"Point","coordinates":[-98.6497,29.2148]}},
{"type":"Feature","properties":{"permittee":"CITY OF PFLUGERVILLE","permit":"11845-002","outfall":"001","status":"C","dtype":"W","county":"TRAVIS","segment":"1428"},"geometry":{"type":"Point","coordinates":[-97.6044,30.419]}},
{"type":"Feature","properties":{"permittee":"CITY OF COPPERAS COVE","permit":"10045-003","outfall":"001","status":"C","dtype":"W","county":"CORYELL","segment":"1217"},"geometry":{"type":"Point","coordinates":[-97.9073,31.0915]}},
{"type":"Feature","properties":{"permittee":"CITY OF COPPERAS COVE","permit":"10045-004","outfall":"001","status":"C","dtype":"W","county":"CORYELL","segment":"1220"},"geometry":{"type":"Point","coordinates":[-97.8812,31.1302]}},
{"type":"Feature","properties":{"permittee":"CITY OF COPPERAS COVE","permit":"10045-005","outfall":"001","status":"C","dtype":"W","county":"CORYELL","segment":"1220"},"geometry":{"type":"Point","coordinates":[-97.9056,31.1493]}},
{"type":"Feature","properties":{"permittee":"CITY OF HEARNE","permit":"10046-002","outfall":"001","status":"C","dtype":"W","county":"ROBERTSON","segment":"1242"},"geometry":{"type":"Point","coordinates":[-96.6024,30.8567]}},
{"type":"Feature","properties":{"permittee":"CITY OF MARION","permit":"10048-001","outfall":"001","status":"C","dtype":"D","county":"GUADALUPE","segment":"1902"},"geometry":{"type":"Point","coordinates":[-98.1436,29.5652]}},
{"type":"Feature","properties":{"permittee":"HK REAL ESTATE DEVELOPMENT LLC","permit":"16150-001","outfall":"001","status":"P","dtype":"D","county":"WILSON","segment":"1911"},"geometry":{"type":"Point","coordinates":[-98.2109,29.2062]}},
{"type":"Feature","properties":{"permittee":"CIBOLO CREEK MUNICIPAL AUTHORITY","permit":"11269-001","outfall":"002","status":"C","dtype":"W","county":"BEXAR","segment":"1913"},"geometry":{"type":"Point","coordinates":[-98.2438,29.5566]}},
{"type":"Feature","properties":{"permittee":"BRAZOS PROPERTY HOLDINGS LLC","permit":"16181-001","outfall":"001","status":"C","dtype":"D","county":"LEE","segment":"1434"},"geometry":{"type":"Point","coordinates":[-96.9843,30.1832]}},
{"type":"Feature","properties":{"permittee":"CITY OF PFLUGERVILLE","permit":"11845-006","outfall":"001","status":"C","dtype":"D","county":"TRAVIS","segment":"1434"},"geometry":{"type":"Point","coordinates":[-97.57,30.4369]}},
{"type":"Feature","properties":{"permittee":"MIRALOMAS MUD","permit":"14712-001","outfall":"001","status":"C","dtype":"D","county":"KENDALL","segment":"1908"},"geometry":{"type":"Point","coordinates":[-98.7946,29.7622]}},
{"type":"Feature","properties":{"permittee":"LLIJ LLC","permit":"16372-001","outfall":"001","status":"P","dtype":"D","county":"WILLIAMSON","segment":"1244"},"geometry":{"type":"Point","coordinates":[-97.4671,30.4682]}},
{"type":"Feature","properties":{"permittee":"MANVILLE WATER SUPPLY CORPORATION","permit":"14978-001","outfall":"001","status":"C","dtype":"D","county":"LEE","segment":"1212"},"geometry":{"type":"Point","coordinates":[-97.1682,30.4496]}},
{"type":"Feature","properties":{"permittee":"CITY OF GEORGETOWN","permit":"10489-007","outfall":"001","status":"C","dtype":"W","county":"WILLIAMSON","segment":"1248"},"geometry":{"type":"Point","coordinates":[-97.7701,30.7398]}},
{"type":"Feature","properties":{"permittee":"HUBER CARBONATES LLC","permit":"04922-000","outfall":"001","status":"C","dtype":"M","county":"BURNET","segment":"1405"},"geometry":{"type":"Point","coordinates":[-98.2715,30.5516]}},
{"type":"Feature","properties":{"permittee":"US DEPT OF THE AIR FORCE","permit":"12074-001","outfall":"001","status":"C","dtype":"D","county":"COMAL","segment":"1805"},"geometry":{"type":"Point","coordinates":[-98.2219,29.8896]}},
{"type":"Feature","properties":{"permittee":"FAYETTE WSC","permit":"14985-001","outfall":"001","status":"C","dtype":"D","county":"FAYETTE","segment":"1402"},"geometry":{"type":"Point","coordinates":[-96.8372,29.9319]}},
{"type":"Feature","properties":{"permittee":"SAN ANTONIO WATER SYSTEM","permit":"10137-033","outfall":"005","status":"C","dtype":"W","county":"BEXAR","segment":"1911"},"geometry":{"type":"Point","coordinates":[-98.4854,29.421]}},
{"type":"Feature","properties":{"permittee":"SANDY CREEK ENERGY ASSOCIATES LP AND SANDY CREEK SERVICES LLC","permit":"04755-000","outfall":"001","status":"C","dtype":"W","county":"MCLENNAN","segment":"1242"},"geometry":{"type":"Point","coordinates":[-97.0003,31.4512]}},
{"type":"Feature","properties":{"permittee":"ILP COLLEGE STATION LLC","permit":"12296-001","outfall":"001","status":"C","dtype":"D","county":"BRAZOS","segment":"1209"},"geometry":{"type":"Point","coordinates":[-96.2607,30.643]}},
{"type":"Feature","properties":{"permittee":"CITY OF CEDAR PARK","permit":"12308-001","outfall":"001","status":"C","dtype":"W","county":"WILLIAMSON","segment":"1244"},"geometry":{"type":"Point","coordinates":[-97.8063,30.4948]}},
{"type":"Feature","properties":{"permittee":"LUTHERAN OUTDOORS MINISTRY OF TEXAS INC","permit":"12168-001","outfall":"001","status":"C","dtype":"D","county":"FAYETTE","segment":"1402"},"geometry":{"type":"Point","coordinates":[-96.8426,29.8961]}},
{"type":"Feature","properties":{"permittee":"CITY OF BURTON","permit":"12193-001","outfall":"001","status":"C","dtype":"D","county":"WASHINGTON","segment":"1202"},"geometry":{"type":"Point","coordinates":[-96.5951,30.1786]}},
{"type":"Feature","properties":{"permittee":"LUMINANT MINING CO LLC","permit":"04348-000","outfall":"001","status":"C","dtype":"M","county":"LEE","segment":"1212"},"geometry":{"type":"Point","coordinates":[-97.2221,30.3778]}},
{"type":"Feature","properties":{"permittee":"LUMINANT MINING CO LLC","permit":"04348-000","outfall":"002","status":"C","dtype":"M","county":"BASTROP","segment":"1434"},"geometry":{"type":"Point","coordinates":[-97.2789,30.3529]}},
{"type":"Feature","properties":{"permittee":"ACME BRICK CO","permit":"04384-000","outfall":"001","status":"C","dtype":"W","county":"WILLIAMSON","segment":"1244"},"geometry":{"type":"Point","coordinates":[-97.8509,30.5101]}},
{"type":"Feature","properties":{"permittee":"SAN ANTONIO WATER SYSTEM","permit":"04437-000","outfall":"001","status":"C","dtype":"W","county":"BEXAR","segment":"1912"},"geometry":{"type":"Point","coordinates":[-98.6344,29.32]}},
{"type":"Feature","properties":{"permittee":"CITY OF COLUMBUS","permit":"10025-002","outfall":"001","status":"C","dtype":"D","county":"COLORADO","segment":"1402"},"geometry":{"type":"Point","coordinates":[-96.5875,29.7189]}},
{"type":"Feature","properties":{"permittee":"CITY OF LYTLE","permit":"10096-001","outfall":"001","status":"C","dtype":"D","county":"ATASCOSA","segment":"2107"},"geometry":{"type":"Point","coordinates":[-98.7901,29.2181]}},
{"type":"Feature","properties":{"permittee":"CITY OF ELGIN","permit":"10100-001","outfall":"001","status":"C","dtype":"W","county":"BASTROP","segment":"1434"},"geometry":{"type":"Point","coordinates":[-97.376,30.3367]}},
{"type":"Feature","properties":{"permittee":"CITY OF FLATONIA","permit":"10101-001","outfall":"001","status":"C","dtype":"D","county":"FAYETTE","segment":"1803"},"geometry":{"type":"Point","coordinates":[-97.1041,29.7011]}},
{"type":"Feature","properties":{"permittee":"CITY OF SCHULENBURG","permit":"10115-001","outfall":"001","status":"C","dtype":"D","county":"FAYETTE","segment":"1605"},"geometry":{"type":"Point","coordinates":[-96.9112,29.6728]}},
{"type":"Feature","properties":{"permittee":"CITY OF SCHULENBURG","permit":"10115-002","outfall":"001","status":"C","dtype":"D","county":"FAYETTE","segment":"1605"},"geometry":{"type":"Point","coordinates":[-96.9203,29.6776]}},
{"type":"Feature","properties":{"permittee":"SAN ANTONIO WATER SYSTEM","permit":"10137-003","outfall":"002","status":"C","dtype":"W","county":"BEXAR","segment":"1903"},"geometry":{"type":"Point","coordinates":[-98.4956,29.2759]}},
{"type":"Feature","properties":{"permittee":"SAN ANTONIO WATER SYSTEM","permit":"10137-004","outfall":"001","status":"C","dtype":"D","county":"BEXAR","segment":"1903"},"geometry":{"type":"Point","coordinates":[-98.488,29.2712]}},
{"type":"Feature","properties":{"permittee":"SAN ANTONIO WATER SYSTEM","permit":"10137-033","outfall":"006","status":"C","dtype":"W","county":"BEXAR","segment":"1911"},"geometry":{"type":"Point","coordinates":[-98.429,29.2756]}},
{"type":"Feature","properties":{"permittee":"SAN ANTONIO WATER SYSTEM","permit":"10137-033","outfall":"002","status":"C","dtype":"W","county":"BEXAR","segment":"1911"},"geometry":{"type":"Point","coordinates":[-98.4688,29.4616]}},
{"type":"Feature","properties":{"permittee":"SAN ANTONIO WATER SYSTEM","permit":"10137-033","outfall":"003","status":"C","dtype":"W","county":"BEXAR","segment":"1911"},"geometry":{"type":"Point","coordinates":[-98.4807,29.4465]}},
{"type":"Feature","properties":{"permittee":"SAN ANTONIO WATER SYSTEM","permit":"10137-033","outfall":"004","status":"C","dtype":"W","county":"BEXAR","segment":"1910"},"geometry":{"type":"Point","coordinates":[-98.4168,29.4847]}},
{"type":"Feature","properties":{"permittee":"US SILICA COMPANY","permit":"01176-000","outfall":"001","status":"C","dtype":"W","county":"LIMESTONE","segment":"1209"},"geometry":{"type":"Point","coordinates":[-96.5053,31.3003]}},
{"type":"Feature","properties":{"permittee":"CITY OF HALLETTSVILLE","permit":"10013-001","outfall":"001","status":"C","dtype":"D","county":"LAVACA","segment":"1602"},"geometry":{"type":"Point","coordinates":[-96.9467,29.4378]}},
{"type":"Feature","properties":{"permittee":"CITY OF LEXINGTON","permit":"10016-001","outfall":"001","status":"C","dtype":"D","county":"LEE","segment":"1212"},"geometry":{"type":"Point","coordinates":[-97.0144,30.408]}},
{"type":"Feature","properties":{"permittee":"CITY OF LOTT","permit":"10017-001","outfall":"001","status":"C","dtype":"D","county":"FALLS","segment":"1242"},"geometry":{"type":"Point","coordinates":[-97.0411,31.209]}},
{"type":"Feature","properties":{"permittee":"CITY OF LA GRANGE","permit":"10019-001","outfall":"001","status":"C","dtype":"D","county":"FAYETTE","segment":"1402"},"geometry":{"type":"Point","coordinates":[-96.8825,29.8964]}},
{"type":"Feature","properties":{"permittee":"CITY OF COLLEGE STATION","permit":"10024-003","outfall":"001","status":"C","dtype":"W","county":"BRAZOS","segment":"1209"},"geometry":{"type":"Point","coordinates":[-96.2063,30.5588]}},
{"type":"Feature","properties":{"permittee":"CITY OF COLLEGE STATION","permit":"10024-006","outfall":"001","status":"C","dtype":"W","county":"BRAZOS","segment":"1209"},"geometry":{"type":"Point","coordinates":[-96.2762,30.6152]}},
{"type":"Feature","properties":{"permittee":"CITY OF COLUMBUS","permit":"10025-001","outfall":"001","status":"C","dtype":"D","county":"COLORADO","segment":"1402"},"geometry":{"type":"Point","coordinates":[-96.5322,29.6967]}},
{"type":"Feature","properties":{"permittee":"THE COLONY MUD 1A","permit":"14427-001","outfall":"001","status":"C","dtype":"D","county":"BASTROP","segment":"1434"},"geometry":{"type":"Point","coordinates":[-97.3608,30.1279]}},
{"type":"Feature","properties":{"permittee":"WALTON TEXAS LP","permit":"14439-001","outfall":"001","status":"C","dtype":"D","county":"CALDWELL","segment":"1810"},"geometry":{"type":"Point","coordinates":[-97.8039,29.94]}},
{"type":"Feature","properties":{"permittee":"LEE COUNTY FRESH WATER SUPPLY DISTRICT NO 1","permit":"12007-001","outfall":"001","status":"C","dtype":"D","county":"LEE","segment":"1212"},"geometry":{"type":"Point","coordinates":[-96.8114,30.3609]}},
{"type":"Feature","properties":{"permittee":"MANITOU LTD INCORPORATED AND 1980 ROLLING RIDGE LTD","permit":"12015-001","outfall":"001","status":"C","dtype":"D","county":"BRAZOS","segment":"1242"},"geometry":{"type":"Point","coordinates":[-96.3187,30.5582]}},
{"type":"Feature","properties":{"permittee":"CITY OF CALVERT","permit":"10095-001","outfall":"001","status":"C","dtype":"D","county":"ROBERTSON","segment":"1242"},"geometry":{"type":"Point","coordinates":[-96.6834,30.9704]}},
{"type":"Feature","properties":{"permittee":"BASTROP ENERGY PARTNERS LP","permit":"04211-000","outfall":"001","status":"C","dtype":"W","county":"TRAVIS","segment":"1428"},"geometry":{"type":"Point","coordinates":[-97.5017,30.2081]}},
{"type":"Feature","properties":{"permittee":"LUMINANT MINING CO LLC","permit":"02699-000","outfall":"001","status":"C","dtype":"M","county":"LIMESTONE","segment":"1209"},"geometry":{"type":"Point","coordinates":[-96.4707,31.3077]}},
{"type":"Feature","properties":{"permittee":"SWWC UTILITIES INC","permit":"11931-001","outfall":"001","status":"C","dtype":"W","county":"TRAVIS","segment":"1428"},"geometry":{"type":"Point","coordinates":[-97.641,30.4568]}},
{"type":"Feature","properties":{"permittee":"CITY OF HUTTO","permit":"11324-002","outfall":"001","status":"C","dtype":"W","county":"WILLIAMSON","segment":"1244"},"geometry":{"type":"Point","coordinates":[-97.5224,30.4948]}},
{"type":"Feature","properties":{"permittee":"AIRW 2017-7 LP","permit":"15878-001","outfall":"001","status":"C","dtype":"D","county":"WILLIAMSON","segment":"1248"},"geometry":{"type":"Point","coordinates":[-97.6314,30.5996]}},
{"type":"Feature","properties":{"permittee":"SOUTH CENTRAL WATER CO","permit":"14988-001","outfall":"001","status":"C","dtype":"D","county":"COMAL","segment":"1908"},"geometry":{"type":"Point","coordinates":[-98.4302,29.7378]}},
{"type":"Feature","properties":{"permittee":"TEXAS A & M UNIVERSITY","permit":"02585-000","outfall":"001","status":"C","dtype":"W","county":"BRAZOS","segment":"1242"},"geometry":{"type":"Point","coordinates":[-96.3543,30.5827]}},
{"type":"Feature","properties":{"permittee":"CITY OF TEMPLE","permit":"10470-002","outfall":"001","status":"C","dtype":"W","county":"BELL","segment":"1213"},"geometry":{"type":"Point","coordinates":[-97.3168,31.0772]}},
{"type":"Feature","properties":{"permittee":"CITY OF GONZALES","permit":"10488-001","outfall":"001","status":"C","dtype":"W","county":"GONZALES","segment":"1803"},"geometry":{"type":"Point","coordinates":[-97.4356,29.4886]}},
{"type":"Feature","properties":{"permittee":"CITY OF GEORGETOWN","permit":"10489-002","outfall":"001","status":"C","dtype":"W","county":"WILLIAMSON","segment":"1248"},"geometry":{"type":"Point","coordinates":[-97.6642,30.6519]}},
{"type":"Feature","properties":{"permittee":"CITY OF GEORGETOWN","permit":"10489-003","outfall":"001","status":"C","dtype":"W","county":"WILLIAMSON","segment":"1248"},"geometry":{"type":"Point","coordinates":[-97.6319,30.631]}},
{"type":"Feature","properties":{"permittee":"CITY OF GEORGETOWN","permit":"10489-005","outfall":"001","status":"C","dtype":"W","county":"WILLIAMSON","segment":"1248"},"geometry":{"type":"Point","coordinates":[-97.61,30.6731]}},
{"type":"Feature","properties":{"permittee":"CITY OF GEORGETOWN","permit":"10489-006","outfall":"001","status":"C","dtype":"D","county":"WILLIAMSON","segment":"1248"},"geometry":{"type":"Point","coordinates":[-97.6578,30.7026]}},
{"type":"Feature","properties":{"permittee":"CITY OF AUSTIN","permit":"10543-015","outfall":"001","status":"C","dtype":"D","county":"TRAVIS","segment":"1428"},"geometry":{"type":"Point","coordinates":[-97.5709,30.1655]}},
{"type":"Feature","properties":{"permittee":"CITY OF WAELDER","permit":"14252-001","outfall":"001","status":"C","dtype":"D","county":"GONZALES","segment":"1803"},"geometry":{"type":"Point","coordinates":[-97.2925,29.6841]}},
{"type":"Feature","properties":{"permittee":"CORIX UTILITIES TEXAS INC","permit":"14296-001","outfall":"001","status":"C","dtype":"D","county":"LAMPASAS","segment":"1409"},"geometry":{"type":"Point","coordinates":[-98.418,31.2275]}},
{"type":"Feature","properties":{"permittee":"CORIX UTILITIES TEXAS INC","permit":"14303-001","outfall":"001","status":"C","dtype":"D","county":"BASTROP","segment":"1428"},"geometry":{"type":"Point","coordinates":[-97.4487,30.1564]}},
{"type":"Feature","properties":{"permittee":"CITY OF AUSTIN","permit":"01887-000","outfall":"001","status":"C","dtype":"W","county":"TRAVIS","segment":"1428"},"geometry":{"type":"Point","coordinates":[-97.6091,30.308]}},
{"type":"Feature","properties":{"permittee":"CAMP FOR ALL FOUNDATION","permit":"13838-001","outfall":"001","status":"C","dtype":"D","county":"WASHINGTON","segment":"1212"},"geometry":{"type":"Point","coordinates":[-96.5778,30.2403]}},
{"type":"Feature","properties":{"permittee":"UTILITIES INVESTMENT CO INC","permit":"13850-001","outfall":"001","status":"C","dtype":"D","county":"BRAZOS","segment":"1209"},"geometry":{"type":"Point","coordinates":[-96.3052,30.5182]}},
{"type":"Feature","properties":{"permittee":"SWWC UTILITIES INC","permit":"13866-001","outfall":"001","status":"C","dtype":"W","county":"WILLIAMSON","segment":"1244"},"geometry":{"type":"Point","coordinates":[-97.5847,30.5068]}},
{"type":"Feature","properties":{"permittee":"CITY OF EAGLE LAKE","permit":"10505-001","outfall":"001","status":"C","dtype":"D","county":"COLORADO","segment":"1402"},"geometry":{"type":"Point","coordinates":[-96.3366,29.5847]}},
{"type":"Feature","properties":{"permittee":"CITY OF CRAWFORD","permit":"10656-001","outfall":"001","status":"C","dtype":"D","county":"MCLENNAN","segment":"1246"},"geometry":{"type":"Point","coordinates":[-97.4347,31.5307]}},
{"type":"Feature","properties":{"permittee":"CITY OF ROCKDALE","permit":"10658-001","outfall":"001","status":"C","dtype":"W","county":"MILAM","segment":"1212"},"geometry":{"type":"Point","coordinates":[-97.0015,30.6404]}},
{"type":"Feature","properties":{"permittee":"AQUA WATER SUPPLY CORP","permit":"15045-001","outfall":"001","status":"C","dtype":"D","county":"CALDWELL","segment":"1810"},"geometry":{"type":"Point","coordinates":[-97.5315,29.8452]}},
{"type":"Feature","properties":{"permittee":"CITY OF INDUSTRY","permit":"13897-001","outfall":"001","status":"C","dtype":"D","county":"AUSTIN","segment":"1202"},"geometry":{"type":"Point","coordinates":[-96.5181,29.9805]}},
{"type":"Feature","properties":{"permittee":"POLONIA WSC","permit":"14033-001","outfall":"001","status":"C","dtype":"D","county":"CALDWELL","segment":"1810"},"geometry":{"type":"Point","coordinates":[-97.5618,29.9212]}},
{"type":"Feature","properties":{"permittee":"POLONIA WSC","permit":"14033-002","outfall":"001","status":"C","dtype":"D","county":"CALDWELL","segment":"1810"},"geometry":{"type":"Point","coordinates":[-97.6358,29.8175]}},
{"type":"Feature","properties":{"permittee":"SAN ANTONIO RIVER AUTHORITY","permit":"14042-001","outfall":"001","status":"C","dtype":"D","county":"BEXAR","segment":"1902"},"geometry":{"type":"Point","coordinates":[-98.2905,29.459]}},
{"type":"Feature","properties":{"permittee":"SANDERSON FARMS LLC PRODUCTION DIVISION","permit":"05138-000","outfall":"001","status":"C","dtype":"W","county":"ROBERTSON","segment":"1209"},"geometry":{"type":"Point","coordinates":[-96.4024,31.0918]}},
{"type":"Feature","properties":{"permittee":"WALTON TEXAS LP","permit":"15080-001","outfall":"001","status":"C","dtype":"D","county":"CALDWELL","segment":"1434"},"geometry":{"type":"Point","coordinates":[-97.6839,30.0122]}},
{"type":"Feature","properties":{"permittee":"CAPITOL AGGREGATES INC","permit":"01510-000","outfall":"001","status":"C","dtype":"W","county":"BEXAR","segment":"1910"},"geometry":{"type":"Point","coordinates":[-98.4219,29.542]}},
{"type":"Feature","properties":{"permittee":"CAPITOL AGGREGATES INC","permit":"01510-000","outfall":"002","status":"C","dtype":"W","county":"BEXAR","segment":"1910"},"geometry":{"type":"Point","coordinates":[-98.4284,29.5454]}},
{"type":"Feature","properties":{"permittee":"CITY PUBLIC SERVICE OF SAN ANTONIO","permit":"01514-000","outfall":"001","status":"C","dtype":"W","county":"BEXAR","segment":"1911"},"geometry":{"type":"Point","coordinates":[-98.3343,29.3129]}},
{"type":"Feature","properties":{"permittee":"CITY PUBLIC SERVICE OF SAN ANTONIO","permit":"01514-000","outfall":"002","status":"C","dtype":"W","county":"BEXAR","segment":"1911"},"geometry":{"type":"Point","coordinates":[-98.3273,29.3053]}},
{"type":"Feature","properties":{"permittee":"CITY PUBLIC SERVICE OF SAN ANTONIO","permit":"01514-000","outfall":"006","status":"C","dtype":"S","county":"BEXAR","segment":"1911"},"geometry":{"type":"Point","coordinates":[-98.3257,29.3034]}},
{"type":"Feature","properties":{"permittee":"CITY PUBLIC SERVICE OF SAN ANTONIO","permit":"01514-000","outfall":"007","status":"C","dtype":"W","county":"BEXAR","segment":"1911"},"geometry":{"type":"Point","coordinates":[-98.2979,29.3337]}},
{"type":"Feature","properties":{"permittee":"CITY OF PFLUGERVILLE","permit":"14642-001","outfall":"001","status":"C","dtype":"W","county":"TRAVIS","segment":"1434"},"geometry":{"type":"Point","coordinates":[-97.5044,30.4075]}},
{"type":"Feature","properties":{"permittee":"CITY OF LIBERTY HILL","permit":"15000-001","outfall":"001","status":"C","dtype":"W","county":"WILLIAMSON","segment":"1251"},"geometry":{"type":"Point","coordinates":[-97.8423,30.6729]}},
{"type":"Feature","properties":{"permittee":"CITY PUBLIC SERVICE OF SAN ANTONIO","permit":"01514-000","outfall":"014","status":"C","dtype":"S","county":"BEXAR","segment":"1911"},"geometry":{"type":"Point","coordinates":[-98.3249,29.3025]}},
{"type":"Feature","properties":{"permittee":"CITY PUBLIC SERVICE OF SAN ANTONIO","permit":"01515-000","outfall":"003","status":"C","dtype":"S","county":"BEXAR","segment":"1911"},"geometry":{"type":"Point","coordinates":[-98.3875,29.2628]}},
{"type":"Feature","properties":{"permittee":"CITY PUBLIC SERVICE OF SAN ANTONIO","permit":"01515-000","outfall":"001","status":"C","dtype":"C","county":"BEXAR","segment":"1911"},"geometry":{"type":"Point","coordinates":[-98.3855,29.2565]}},
{"type":"Feature","properties":{"permittee":"UTILITIES INC. OF TEXAS","permit":"16982-001","outfall":"001","status":"C","dtype":"D","county":"BASTROP","segment":"1428"},"geometry":{"type":"Point","coordinates":[-97.4625,30.1418]}},
{"type":"Feature","properties":{"permittee":"CITY OF MARQUEZ","permit":"13980-001","outfall":"001","status":"C","dtype":"D","county":"LEON","segment":"1209"},"geometry":{"type":"Point","coordinates":[-96.2352,31.2284]}},
{"type":"Feature","properties":{"permittee":"BISTONE MUNICIPAL WATER SUPPLY DIST","permit":"14012-001","outfall":"001","status":"C","dtype":"D","county":"LIMESTONE","segment":"1252"},"geometry":{"type":"Point","coordinates":[-96.3383,31.5214]}},
{"type":"Feature","properties":{"permittee":"CITY OF MART","permit":"10645-001","outfall":"001","status":"C","dtype":"D","county":"MCLENNAN","segment":"1242"},"geometry":{"type":"Point","coordinates":[-96.8441,31.5323]}},
{"type":"Feature","properties":{"permittee":"NEW ULM WATER SUPPLY CORPORATION","permit":"13655-001","outfall":"001","status":"C","dtype":"D","county":"AUSTIN","segment":"1302"},"geometry":{"type":"Point","coordinates":[-96.4778,29.8854]}},
{"type":"Feature","properties":{"permittee":"KENDALL COUNTY WCID 1","permit":"10414-001","outfall":"001","status":"C","dtype":"D","county":"KENDALL","segment":"1806"},"geometry":{"type":"Point","coordinates":[-98.892,29.9715]}},
{"type":"Feature","properties":{"permittee":"CITY OF BRYAN","permit":"10426-001","outfall":"001","status":"C","dtype":"W","county":"BRAZOS","segment":"1209"},"geometry":{"type":"Point","coordinates":[-96.321,30.6415]}},
{"type":"Feature","properties":{"permittee":"CITY OF BRYAN","permit":"10426-002","outfall":"001","status":"C","dtype":"W","county":"BRAZOS","segment":"1242"},"geometry":{"type":"Point","coordinates":[-96.4142,30.6675]}},
{"type":"Feature","properties":{"permittee":"EAST CENTRAL ISD","permit":"13701-001","outfall":"001","status":"C","dtype":"D","county":"BEXAR","segment":"1911"},"geometry":{"type":"Point","coordinates":[-98.2953,29.3556]}},
{"type":"Feature","properties":{"permittee":"CORIX UTILITIES TEXAS INC","permit":"13740-001","outfall":"001","status":"C","dtype":"D","county":"COLORADO","segment":"1402"},"geometry":{"type":"Point","coordinates":[-96.4813,29.7096]}},
{"type":"Feature","properties":{"permittee":"CITY OF FRANKLIN","permit":"10440-001","outfall":"001","status":"C","dtype":"D","county":"ROBERTSON","segment":"1242"},"geometry":{"type":"Point","coordinates":[-96.4968,31.0162]}},
{"type":"Feature","properties":{"permittee":"CITY OF GIDDINGS","permit":"10456-001","outfall":"001","status":"C","dtype":"D","county":"LEE","segment":"1212"},"geometry":{"type":"Point","coordinates":[-96.95,30.1944]}},
{"type":"Feature","properties":{"permittee":"CITY OF GIDDINGS","permit":"10456-002","outfall":"001","status":"C","dtype":"D","county":"LEE","segment":"1434"},"geometry":{"type":"Point","coordinates":[-96.937,30.16]}},
{"type":"Feature","properties":{"permittee":"CITY OF GOLDTHWAITE","permit":"10459-001","outfall":"001","status":"C","dtype":"D","county":"MILLS","segment":"1410"},"geometry":{"type":"Point","coordinates":[-98.5825,31.4447]}},
{"type":"Feature","properties":{"permittee":"CITY OF GOLDTHWAITE","permit":"10459-003","outfall":"001","status":"C","dtype":"D","county":"MILLS","segment":"1410"},"geometry":{"type":"Point","coordinates":[-98.5894,31.4397]}},
{"type":"Feature","properties":{"permittee":"CITY OF YOAKUM","permit":"10463-001","outfall":"001","status":"C","dtype":"D","county":"DEWITT","segment":"1602"},"geometry":{"type":"Point","coordinates":[-97.1578,29.2731]}},
{"type":"Feature","properties":{"permittee":"SAN ANTONIO RIVER AUTHORITY","permit":"10749-008","outfall":"001","status":"C","dtype":"D","county":"BEXAR","segment":"1903"},"geometry":{"type":"Point","coordinates":[-98.7044,29.264]}},
{"type":"Feature","properties":{"permittee":"OAK GROVE MANAGEMENT CO LLC","permit":"01986-000","outfall":"001","status":"C","dtype":"W","county":"ROBERTSON","segment":"1209"},"geometry":{"type":"Point","coordinates":[-96.4974,31.2015]}},
{"type":"Feature","properties":{"permittee":"OAK GROVE MANAGEMENT CO LLC","permit":"01986-000","outfall":"002","status":"C","dtype":"W","county":"ROBERTSON","segment":"1209"},"geometry":{"type":"Point","coordinates":[-96.4881,31.1763]}},
{"type":"Feature","properties":{"permittee":"CITY OF BELLVILLE","permit":"10385-002","outfall":"001","status":"C","dtype":"D","county":"AUSTIN","segment":"1202"},"geometry":{"type":"Point","coordinates":[-96.2686,29.9421]}},
{"type":"Feature","properties":{"permittee":"CITY OF BRENHAM","permit":"10388-001","outfall":"001","status":"C","dtype":"W","county":"WASHINGTON","segment":"1202"},"geometry":{"type":"Point","coordinates":[-96.3794,30.1717]}},
{"type":"Feature","properties":{"permittee":"CITY OF JOHNSON CITY","permit":"10198-001","outfall":"001","status":"C","dtype":"D","county":"BLANCO","segment":"1414"},"geometry":{"type":"Point","coordinates":[-98.4021,30.2859]}},
{"type":"Feature","properties":{"permittee":"NORTH HAYS COUNTY MUD 1","permit":"14431-001","outfall":"001","status":"C","dtype":"D","county":"HAYS","segment":"1810"},"geometry":{"type":"Point","coordinates":[-97.8061,30.0431]}},
{"type":"Feature","properties":{"permittee":"GUADALUPE-BLANCO RIVER AUTHORITY","permit":"11378-001","outfall":"002","status":"C","dtype":"W","county":"GUADALUPE","segment":"1804"},"geometry":{"type":"Point","coordinates":[-98.0725,29.6628]}},
{"type":"Feature","properties":{"permittee":"TEXAS WATER UTILITIES LP","permit":"13138-001","outfall":"001","status":"C","dtype":"W","county":"TRAVIS","segment":"1428"},"geometry":{"type":"Point","coordinates":[-97.5923,30.2266]}},
{"type":"Feature","properties":{"permittee":"CITY OF COLLEGE STATION","permit":"13153-001","outfall":"001","status":"C","dtype":"D","county":"BRAZOS","segment":"1209"},"geometry":{"type":"Point","coordinates":[-96.2493,30.5966]}},
{"type":"Feature","properties":{"permittee":"AQUA TEXAS INC","permit":"13293-001","outfall":"001","status":"C","dtype":"D","county":"HAYS","segment":"1810"},"geometry":{"type":"Point","coordinates":[-97.8083,30.0241]}},
{"type":"Feature","properties":{"permittee":"BYK USA INC","permit":"01925-000","outfall":"001","status":"C","dtype":"W","county":"GONZALES","segment":"1803"},"geometry":{"type":"Point","coordinates":[-97.3376,29.4727]}},
{"type":"Feature","properties":{"permittee":"CITY OF TEAGUE & CITY OF FAIRFIELD","permit":"13579-001","outfall":"001","status":"C","dtype":"D","county":"FREESTONE","segment":"0804"},"geometry":{"type":"Point","coordinates":[-96.2036,31.6683]}},
{"type":"Feature","properties":{"permittee":"LUMINANT GENERATION CO LLC","permit":"01267-000","outfall":"001","status":"C","dtype":"W","county":"MCLENNAN","segment":"1242"},"geometry":{"type":"Point","coordinates":[-96.95,31.5703]}},
{"type":"Feature","properties":{"permittee":"UNIVERSAL SERVICES FORT HOOD INC","permit":"13358-001","outfall":"001","status":"C","dtype":"D","county":"BELL","segment":"1218"},"geometry":{"type":"Point","coordinates":[-97.7867,31.1135]}},
{"type":"Feature","properties":{"permittee":"UTILITIES, INC OF TEXAS","permit":"14833-001","outfall":"001","status":"C","dtype":"D","county":"BASTROP","segment":"1428"},"geometry":{"type":"Point","coordinates":[-97.4791,30.1767]}},
{"type":"Feature","properties":{"permittee":"SHERIDAN WATER SUPPLY CORPORATION","permit":"13452-001","outfall":"001","status":"C","dtype":"D","county":"COLORADO","segment":"1604"},"geometry":{"type":"Point","coordinates":[-96.6662,29.4953]}},
{"type":"Feature","properties":{"permittee":"TOWN OF ROUND TOP","permit":"15025-001","outfall":"001","status":"C","dtype":"D","county":"FAYETTE","segment":"1402"},"geometry":{"type":"Point","coordinates":[-96.6907,30.073]}},
{"type":"Feature","properties":{"permittee":"CHAPPELL HILL SERVICE CO LLC","permit":"15031-001","outfall":"001","status":"C","dtype":"D","county":"WASHINGTON","segment":"1202"},"geometry":{"type":"Point","coordinates":[-96.2513,30.1391]}},
{"type":"Feature","properties":{"permittee":"PLUM CREEK UTILITY COMPANY, LLC","permit":"15064-001","outfall":"001","status":"C","dtype":"W","county":"CALDWELL","segment":"1810"},"geometry":{"type":"Point","coordinates":[-97.7639,29.9006]}},
{"type":"Feature","properties":{"permittee":"US SILICA COMPANY","permit":"01176-000","outfall":"002","status":"C","dtype":"W","county":"LIMESTONE","segment":"1209"},"geometry":{"type":"Point","coordinates":[-96.5094,31.297]}},
{"type":"Feature","properties":{"permittee":"US SILICA COMPANY","permit":"01176-000","outfall":"004","status":"C","dtype":"W","county":"LIMESTONE","segment":"1209"},"geometry":{"type":"Point","coordinates":[-96.4967,31.3028]}},
{"type":"Feature","properties":{"permittee":"CITY OF ROUND ROCK CITY OF CEDAR PARK AND CITY OF AUSTIN","permit":"10264-001","outfall":"001","status":"C","dtype":"W","county":"WILLIAMSON","segment":"1244"},"geometry":{"type":"Point","coordinates":[-97.6654,30.5146]}},
{"type":"Feature","properties":{"permittee":"CITY OF ROUND ROCK, CITY OF CEDAR PARK, AND CITY OF AUSTIN","permit":"10264-002","outfall":"001","status":"C","dtype":"W","county":"WILLIAMSON","segment":"1244"},"geometry":{"type":"Point","coordinates":[-97.6174,30.5267]}},
{"type":"Feature","properties":{"permittee":"CITY OF SAN MARCOS","permit":"10273-002","outfall":"001","status":"C","dtype":"W","county":"HAYS","segment":"1814"},"geometry":{"type":"Point","coordinates":[-97.9262,29.8643]}},
{"type":"Feature","properties":{"permittee":"CITY OF SEGUIN","permit":"10277-001","outfall":"001","status":"C","dtype":"W","county":"GUADALUPE","segment":"1804"},"geometry":{"type":"Point","coordinates":[-97.9608,29.5592]}},
{"type":"Feature","properties":{"permittee":"CITY OF SEGUIN","permit":"10277-003","outfall":"001","status":"C","dtype":"W","county":"GUADALUPE","segment":"1804"},"geometry":{"type":"Point","coordinates":[-97.9137,29.5417]}},
{"type":"Feature","properties":{"permittee":"CITY OF SHINER","permit":"10280-001","outfall":"001","status":"C","dtype":"D","county":"LAVACA","segment":"1602"},"geometry":{"type":"Point","coordinates":[-97.1642,29.416]}},
{"type":"Feature","properties":{"permittee":"CITY OF SMITHVILLE","permit":"10286-003","outfall":"001","status":"C","dtype":"D","county":"BASTROP","segment":"1434"},"geometry":{"type":"Point","coordinates":[-97.1453,30.0158]}},
{"type":"Feature","properties":{"permittee":"CITY OF STOCKDALE","permit":"10292-001","outfall":"001","status":"C","dtype":"D","county":"WILSON","segment":"1902"},"geometry":{"type":"Point","coordinates":[-97.9797,29.2328]}},
{"type":"Feature","properties":{"permittee":"CITY OF TAYLOR","permit":"10299-001","outfall":"001","status":"C","dtype":"W","county":"WILLIAMSON","segment":"1244"},"geometry":{"type":"Point","coordinates":[-97.3874,30.5579]}},
{"type":"Feature","properties":{"permittee":"CITY OF TEAGUE","permit":"10300-001","outfall":"001","status":"C","dtype":"D","county":"FREESTONE","segment":"1252"},"geometry":{"type":"Point","coordinates":[-96.2968,31.6235]}},
{"type":"Feature","properties":{"permittee":"CITY OF THORNDALE","permit":"10302-001","outfall":"001","status":"C","dtype":"D","county":"MILAM","segment":"1244"},"geometry":{"type":"Point","coordinates":[-97.202,30.6063]}},
{"type":"Feature","properties":{"permittee":"CITY OF VALLEY MILLS","permit":"10307-001","outfall":"001","status":"C","dtype":"D","county":"BOSQUE","segment":"1226"},"geometry":{"type":"Point","coordinates":[-97.4631,31.6653]}},
{"type":"Feature","properties":{"permittee":"CITY OF WEIMAR","permit":"10311-001","outfall":"001","status":"C","dtype":"D","county":"COLORADO","segment":"1402"},"geometry":{"type":"Point","coordinates":[-96.7661,29.6979]}},
{"type":"Feature","properties":{"permittee":"MCLENNAN COUNTY WCID NO 2","permit":"15965-001","outfall":"001","status":"C","dtype":"D","county":"MCLENNAN","segment":"1242"},"geometry":{"type":"Point","coordinates":[-97.0825,31.6744]}},
{"type":"Feature","properties":{"permittee":"CORIX UTILITIES TEXAS INC","permit":"13548-001","outfall":"002","status":"C","dtype":"W","county":"BASTROP","segment":"1434"},"geometry":{"type":"Point","coordinates":[-97.3089,30.1622]}},
{"type":"Feature","properties":{"permittee":"BELL COUNTY WATER CONTROL AND IMPROVEMENT DISTRICT NO 1","permit":"10351-002","outfall":"001","status":"C","dtype":"W","county":"BELL","segment":"1218"},"geometry":{"type":"Point","coordinates":[-97.7026,31.1086]}},
{"type":"Feature","properties":{"permittee":"BELL COUNTY WCID 1","permit":"10351-001","outfall":"001","status":"C","dtype":"D","county":"BELL","segment":"1220"},"geometry":{"type":"Point","coordinates":[-97.5165,31.1247]}},
{"type":"Feature","properties":{"permittee":"BELL COUNTY WATER CONTROL AND IMPROVEMENT DISTRICT NO 1","permit":"10351-003","outfall":"001","status":"C","dtype":"W","county":"BELL","segment":"1218"},"geometry":{"type":"Point","coordinates":[-97.7044,31.1095]}},
{"type":"Feature","properties":{"permittee":"CITY OF SOMERVILLE","permit":"10371-001","outfall":"001","status":"C","dtype":"D","county":"BURLESON","segment":"1211"},"geometry":{"type":"Point","coordinates":[-96.5235,30.3501]}},
{"type":"Feature","properties":{"permittee":"LOWER COLORADO RIVER AUTHORITY","permit":"01369-000","outfall":"001","status":"C","dtype":"W","county":"LLANO","segment":"1406"},"geometry":{"type":"Point","coordinates":[-98.3697,30.5566]}},
{"type":"Feature","properties":{"permittee":"CITY OF SMITHVILLE","permit":"10286-001","outfall":"001","status":"C","dtype":"D","county":"BASTROP","segment":"1434"},"geometry":{"type":"Point","coordinates":[-97.1657,30.0097]}},
{"type":"Feature","properties":{"permittee":"SAN ANTONIO WATER SYSTEM","permit":"10137-033","outfall":"001","status":"C","dtype":"W","county":"BEXAR","segment":"1903"},"geometry":{"type":"Point","coordinates":[-98.4162,29.2358]}},
{"type":"Feature","properties":{"permittee":"SAN ANTONIO WATER SYSTEM","permit":"10137-040","outfall":"001","status":"C","dtype":"W","county":"BEXAR","segment":"1912"},"geometry":{"type":"Point","coordinates":[-98.6681,29.3989]}},
{"type":"Feature","properties":{"permittee":"COLORADO COUNTY WATER CONTROL AND IMPROVEMENT DISTRICT NO 2","permit":"10152-001","outfall":"001","status":"C","dtype":"D","county":"COLORADO","segment":"1402"},"geometry":{"type":"Point","coordinates":[-96.3917,29.4463]}},
{"type":"Feature","properties":{"permittee":"CITY OF HARKER HEIGHTS","permit":"10155-001","outfall":"001","status":"C","dtype":"W","county":"BELL","segment":"1218"},"geometry":{"type":"Point","coordinates":[-97.655,31.0923]}},
{"type":"Feature","properties":{"permittee":"CITY OF FREDERICKSBURG","permit":"14969-001","outfall":"001","status":"C","dtype":"W","county":"GILLESPIE","segment":"1414"},"geometry":{"type":"Point","coordinates":[-98.8456,30.2534]}},
{"type":"Feature","properties":{"permittee":"CITY OF LEANDER","permit":"12644-001","outfall":"001","status":"C","dtype":"W","county":"WILLIAMSON","segment":"1244"},"geometry":{"type":"Point","coordinates":[-97.8397,30.5819]}},
{"type":"Feature","properties":{"permittee":"CITY OF LAMPASAS","permit":"10205-002","outfall":"001","status":"C","dtype":"W","county":"LAMPASAS","segment":"1217"},"geometry":{"type":"Point","coordinates":[-98.1691,31.07]}},
{"type":"Feature","properties":{"permittee":"CITY OF LOCKHART & GUADALUPE-BLANCO RIVER AUTHORITY","permit":"10210-001","outfall":"001","status":"C","dtype":"W","county":"CALDWELL","segment":"1810"},"geometry":{"type":"Point","coordinates":[-97.6625,29.8845]}},
{"type":"Feature","properties":{"permittee":"CITY OF LOCKHART & GUADALUPE-BLANCO RIVER AUTHORITY","permit":"10210-002","outfall":"001","status":"C","dtype":"W","county":"CALDWELL","segment":"1810"},"geometry":{"type":"Point","coordinates":[-97.6197,29.8706]}},
{"type":"Feature","properties":{"permittee":"CITY OF MCGREGOR","permit":"10219-002","outfall":"001","status":"C","dtype":"W","county":"MCLENNAN","segment":"1246"},"geometry":{"type":"Point","coordinates":[-97.3961,31.4142]}},
{"type":"Feature","properties":{"permittee":"CITY OF MEXIA","permit":"10222-001","outfall":"001","status":"C","dtype":"W","county":"LIMESTONE","segment":"1253"},"geometry":{"type":"Point","coordinates":[-96.4792,31.6604]}},
{"type":"Feature","properties":{"permittee":"CITY OF MOODY","permit":"10225-001","outfall":"001","status":"C","dtype":"D","county":"MCLENNAN","segment":"1220"},"geometry":{"type":"Point","coordinates":[-97.3647,31.3101]}},
{"type":"Feature","properties":{"permittee":"CITY OF MOULTON","permit":"10227-001","outfall":"001","status":"C","dtype":"D","county":"LAVACA","segment":"1602"},"geometry":{"type":"Point","coordinates":[-97.1412,29.5706]}},
{"type":"Feature","properties":{"permittee":"NEW BRAUNFELS UTILITIES","permit":"10232-001","outfall":"001","status":"C","dtype":"W","county":"COMAL","segment":"1804"},"geometry":{"type":"Point","coordinates":[-98.0979,29.6873]}},
{"type":"Feature","properties":{"permittee":"NEW BRAUNFELS UTILITIES","permit":"10232-003","outfall":"001","status":"C","dtype":"W","county":"COMAL","segment":"1804"},"geometry":{"type":"Point","coordinates":[-98.0974,29.6873]}},
{"type":"Feature","properties":{"permittee":"CITY OF NIXON","permit":"10234-001","outfall":"001","status":"C","dtype":"D","county":"GONZALES","segment":"1803"},"geometry":{"type":"Point","coordinates":[-97.769,29.2842]}},
{"type":"Feature","properties":{"permittee":"CITY OF GATESVILLE","permit":"10176-002","outfall":"001","status":"C","dtype":"W","county":"CORYELL","segment":"1259"},"geometry":{"type":"Point","coordinates":[-97.7478,31.4441]}},
{"type":"Feature","properties":{"permittee":"CITY OF GATESVILLE","permit":"10176-005","outfall":"001","status":"C","dtype":"D","county":"BELL","segment":"1220"},"geometry":{"type":"Point","coordinates":[-97.5497,31.2397]}},
{"type":"Feature","properties":{"permittee":"CITY OF GATESVILLE","permit":"10176-004","outfall":"001","status":"C","dtype":"W","county":"CORYELL","segment":"1259"},"geometry":{"type":"Point","coordinates":[-97.7452,31.4268]}},
{"type":"Feature","properties":{"permittee":"CITY OF GROESBECK","permit":"10182-002","outfall":"001","status":"C","dtype":"D","county":"LIMESTONE","segment":"1253"},"geometry":{"type":"Point","coordinates":[-96.5204,31.5739]}},
{"type":"Feature","properties":{"permittee":"DTB INVESTMENTS LP","permit":"15092-001","outfall":"001","status":"C","dtype":"D","county":"COMAL","segment":"1908"},"geometry":{"type":"Point","coordinates":[-98.4814,29.7826]}},
{"type":"Feature","properties":{"permittee":"PAMPA INVESTMENT GROUP LP","permit":"15709-001","outfall":"001","status":"C","dtype":"D","county":"BELL","segment":"1243"},"geometry":{"type":"Point","coordinates":[-97.5299,30.9697]}},
{"type":"Feature","properties":{"permittee":"SLR PROPERTY I, LP","permit":"00395-000","outfall":"001A","status":"C","dtype":"W","county":"MILAM","segment":"1212"},"geometry":{"type":"Point","coordinates":[-97.0439,30.5936]}},
{"type":"Feature","properties":{"permittee":"RONAN BAILEY SMITH","permit":"15726-001","outfall":"001","status":"C","dtype":"D","county":"WASHINGTON","segment":"1202"},"geometry":{"type":"Point","coordinates":[-96.3574,30.1437]}},
{"type":"Feature","properties":{"permittee":"BASSICHIS DEVELOPMENT LLC","permit":"15721-001","outfall":"001","status":"C","dtype":"D","county":"BRAZOS","segment":"1209"},"geometry":{"type":"Point","coordinates":[-96.2904,30.5156]}},
{"type":"Feature","properties":{"permittee":"VICTOR DEE TURLEY AND ALEXIS HILL TURLEY","permit":"15728-001","outfall":"001","status":"C","dtype":"D","county":"BELL","segment":"1243"},"geometry":{"type":"Point","coordinates":[-97.508,30.9147]}},
{"type":"Feature","properties":{"permittee":"SAN ANTONIO WATER SYSTEM","permit":"10137-003","outfall":"001","status":"C","dtype":"W","county":"BEXAR","segment":"1906"},"geometry":{"type":"Point","coordinates":[-98.513,29.2753]}},
{"type":"Feature","properties":{"permittee":"CITY OF KOSSE","permit":"11405-001","outfall":"001","status":"C","dtype":"D","county":"LIMESTONE","segment":"1242"},"geometry":{"type":"Point","coordinates":[-96.626,31.3024]}},
{"type":"Feature","properties":{"permittee":"CITY OF WACO","permit":"14889-001","outfall":"001","status":"C","dtype":"W","county":"MCLENNAN","segment":"1242"},"geometry":{"type":"Point","coordinates":[-97.1762,31.398]}},
{"type":"Feature","properties":{"permittee":"CITY OF SNOOK","permit":"11430-001","outfall":"001","status":"C","dtype":"D","county":"BURLESON","segment":"1242"},"geometry":{"type":"Point","coordinates":[-96.4489,30.5043]}},
{"type":"Feature","properties":{"permittee":"WILLBARGER CREEK MUD NO 2","permit":"14189-001","outfall":"001","status":"C","dtype":"W","county":"TRAVIS","segment":"1434"},"geometry":{"type":"Point","coordinates":[-97.5397,30.3408]}},
{"type":"Feature","properties":{"permittee":"WAYNE-SANDERSON FARMS LLC","permit":"04784-000","outfall":"001","status":"C","dtype":"W","county":"MCLENNAN","segment":"1242"},"geometry":{"type":"Point","coordinates":[-97.0462,31.6239]}},
{"type":"Feature","properties":{"permittee":"SOUTH 9 LLC","permit":"15750-001","outfall":"001","status":"C","dtype":"D","county":"TRAVIS","segment":"1428"},"geometry":{"type":"Point","coordinates":[-97.7273,30.1208]}},
{"type":"Feature","properties":{"permittee":"PLUM CREEK CALDWELL LP","permit":"15738-001","outfall":"001","status":"C","dtype":"W","county":"CALDWELL","segment":"1808"},"geometry":{"type":"Point","coordinates":[-97.7988,29.8112]}},
{"type":"Feature","properties":{"permittee":"GUADALUPE-BLANCO RIVER AUTHORITY","permit":"11496-001","outfall":"001","status":"C","dtype":"D","county":"COMAL","segment":"1805"},"geometry":{"type":"Point","coordinates":[-98.2132,29.909]}},
{"type":"Feature","properties":{"permittee":"NEW BRAUNFELS UTILITIES","permit":"10232-004","outfall":"001","status":"C","dtype":"W","county":"GUADALUPE","segment":"1804"},"geometry":{"type":"Point","coordinates":[-98.0572,29.6514]}},
{"type":"Feature","properties":{"permittee":"KINGSLAND MUD","permit":"11549-001","outfall":"001","status":"C","dtype":"D","county":"LLANO","segment":"1406"},"geometry":{"type":"Point","coordinates":[-98.4355,30.662]}},
{"type":"Feature","properties":{"permittee":"TEXAS A & M UNIVERSITY","permit":"04002-000","outfall":"001","status":"C","dtype":"W","county":"BRAZOS","segment":"1209"},"geometry":{"type":"Point","coordinates":[-96.3328,30.621]}},
{"type":"Feature","properties":{"permittee":"CANYON REGIONAL WATER AUTHORITY","permit":"14872-001","outfall":"001","status":"C","dtype":"D","county":"GUADALUPE","segment":"1803"},"geometry":{"type":"Point","coordinates":[-97.8241,29.4519]}},
{"type":"Feature","properties":{"permittee":"LOWER COLORADO RIVER AUTHORITY","permit":"03516-000","outfall":"001","status":"C","dtype":"W","county":"TRAVIS","segment":"1403"},"geometry":{"type":"Point","coordinates":[-97.7847,30.2942]}},
{"type":"Feature","properties":{"permittee":"CITY OF AUSTIN","permit":"04351-000","outfall":"001","status":"C","dtype":"W","county":"TRAVIS","segment":"1428"},"geometry":{"type":"Point","coordinates":[-97.6144,30.2132]}},
{"type":"Feature","properties":{"permittee":"NEW BRAUNFELS UTILITIES","permit":"10232-004","outfall":"002","status":"C","dtype":"W","county":"GUADALUPE","segment":"1804"},"geometry":{"type":"Point","coordinates":[-98.0578,29.6506]}},
{"type":"Feature","properties":{"permittee":"BASTROP COUNTY MUD NO 1","permit":"13894-001","outfall":"001","status":"C","dtype":"D","county":"BASTROP","segment":"1434"},"geometry":{"type":"Point","coordinates":[-97.2767,30.0439]}},
{"type":"Feature","properties":{"permittee":"CITY OF LULING","permit":"10582-001","outfall":"001","status":"C","dtype":"D","county":"CALDWELL","segment":"1808"},"geometry":{"type":"Point","coordinates":[-97.6476,29.6595]}},
{"type":"Feature","properties":{"permittee":"CITY OF LULING","permit":"10582-002","outfall":"001","status":"C","dtype":"D","county":"CALDWELL","segment":"1810"},"geometry":{"type":"Point","coordinates":[-97.6283,29.6858]}},
{"type":"Feature","properties":{"permittee":"BNSF RAILWAY COMPANY","permit":"02545-000","outfall":"001","status":"C","dtype":"W","county":"BELL","segment":"1213"},"geometry":{"type":"Point","coordinates":[-97.332,31.0762]}},
{"type":"Feature","properties":{"permittee":"BNSF RAILWAY COMPANY","permit":"02545-000","outfall":"002","status":"C","dtype":"W","county":"BELL","segment":"1213"},"geometry":{"type":"Point","coordinates":[-97.3242,31.0564]}},
{"type":"Feature","properties":{"permittee":"WESTMORELAND JEWETT MINING LLC","permit":"02653-000","outfall":"001","status":"C","dtype":"M","county":"LEON","segment":"1252"},"geometry":{"type":"Point","coordinates":[-96.2406,31.4053]}},
{"type":"Feature","properties":{"permittee":"CITY OF BURNET","permit":"10793-002","outfall":"001","status":"C","dtype":"W","county":"BURNET","segment":"1404"},"geometry":{"type":"Point","coordinates":[-98.2293,30.7366]}},
{"type":"Feature","properties":{"permittee":"BELL COUNTY WCID 3","permit":"10797-001","outfall":"001","status":"C","dtype":"D","county":"BELL","segment":"1218"},"geometry":{"type":"Point","coordinates":[-97.605,31.069]}},
{"type":"Feature","properties":{"permittee":"CITY OF ROGERS","permit":"10804-001","outfall":"001","status":"C","dtype":"D","county":"BELL","segment":"1213"},"geometry":{"type":"Point","coordinates":[-97.2321,30.9222]}},
{"type":"Feature","properties":{"permittee":"VILLAGE OF SALADO","permit":"14898-001","outfall":"001","status":"C","dtype":"D","county":"BELL","segment":"1243"},"geometry":{"type":"Point","coordinates":[-97.5226,30.937]}},
{"type":"Feature","properties":{"permittee":"KT MINING LLC & TELESCOPE ENERGY SERVICES LLC","permit":"02881-000","outfall":"011","status":"C","dtype":"G","county":"ROBERTSON","segment":"1242"},"geometry":{"type":"Point","coordinates":[-96.6452,31.072]}},
{"type":"Feature","properties":{"permittee":"KT MINING LLC & TELESCOPE ENERGY SERVICES LLC","permit":"02881-000","outfall":"012","status":"C","dtype":"G","county":"ROBERTSON","segment":"1242"},"geometry":{"type":"Point","coordinates":[-96.6425,31.0797]}},
{"type":"Feature","properties":{"permittee":"SPANISH TRAIL UTILITY COMPANY LLC","permit":"14060-001","outfall":"001","status":"C","dtype":"D","county":"HAYS","segment":"1810"},"geometry":{"type":"Point","coordinates":[-97.8006,29.9953]}},
{"type":"Feature","properties":{"permittee":"AQUA TEXAS INC","permit":"14061-001","outfall":"001","status":"C","dtype":"D","county":"TRAVIS","segment":"1434"},"geometry":{"type":"Point","coordinates":[-97.5289,30.3259]}},
{"type":"Feature","properties":{"permittee":"AQUA WSC","permit":"14223-001","outfall":"001","status":"C","dtype":"D","county":"BASTROP","segment":"1434"},"geometry":{"type":"Point","coordinates":[-97.3061,30.1977]}},
{"type":"Feature","properties":{"permittee":"AQUA WSC","permit":"14224-001","outfall":"001","status":"C","dtype":"D","county":"BASTROP","segment":"1434"},"geometry":{"type":"Point","coordinates":[-97.3133,30.322]}},
{"type":"Feature","properties":{"permittee":"AQUA WSC","permit":"14225-001","outfall":"001","status":"C","dtype":"W","county":"BASTROP","segment":"1434"},"geometry":{"type":"Point","coordinates":[-97.3438,30.2941]}},
{"type":"Feature","properties":{"permittee":"CHILTON WATER SUPPLY AND SEWER SERVICE CORPORATION","permit":"10811-001","outfall":"001","status":"C","dtype":"D","county":"FALLS","segment":"1242"},"geometry":{"type":"Point","coordinates":[-97.0598,31.2686]}},
{"type":"Feature","properties":{"permittee":"CITY OF CALDWELL","permit":"10813-001","outfall":"001","status":"C","dtype":"D","county":"BURLESON","segment":"1211"},"geometry":{"type":"Point","coordinates":[-96.6815,30.531]}},
{"type":"Feature","properties":{"permittee":"CITY OF THORNTON","permit":"10824-001","outfall":"001","status":"C","dtype":"D","county":"LIMESTONE","segment":"1209"},"geometry":{"type":"Point","coordinates":[-96.5814,31.4018]}},
{"type":"Feature","properties":{"permittee":"CITY OF FAYETTEVILLE","permit":"10840-001","outfall":"001","status":"C","dtype":"D","county":"FAYETTE","segment":"1402"},"geometry":{"type":"Point","coordinates":[-96.6665,29.9054]}},
{"type":"Feature","properties":{"permittee":"CITY OF BRYAN","permit":"10426-004","outfall":"001","status":"C","dtype":"W","county":"BRAZOS","segment":"1242"},"geometry":{"type":"Point","coordinates":[-96.4229,30.5884]}},
{"type":"Feature","properties":{"permittee":"POLONIA WSC","permit":"14033-003","outfall":"001","status":"C","dtype":"D","county":"CALDWELL","segment":"1810"},"geometry":{"type":"Point","coordinates":[-97.5713,29.9068]}},
{"type":"Feature","properties":{"permittee":"SIGMAN GRAFTED LLC","permit":"16494-001","outfall":"001","status":"P","dtype":"D","county":"CALDWELL","segment":"1808"},"geometry":{"type":"Point","coordinates":[-97.8254,29.8455]}},
{"type":"Feature","properties":{"permittee":"NRG TEXAS POWER LLC","permit":"02430-000","outfall":"002","status":"C","dtype":"W","county":"FREESTONE","segment":"1252"},"geometry":{"type":"Point","coordinates":[-96.2435,31.4252]}},
{"type":"Feature","properties":{"permittee":"SANDERSON FARMS LLC PROCESSING DIVISION","permit":"03821-000","outfall":"001","status":"C","dtype":"W","county":"BRAZOS","segment":"1242"},"geometry":{"type":"Point","coordinates":[-96.4168,30.6434]}},
{"type":"Feature","properties":{"permittee":"FOREST GLEN UTILITY COMPANY","permit":"15030-001","outfall":"001","status":"C","dtype":"D","county":"MEDINA","segment":"1903"},"geometry":{"type":"Point","coordinates":[-98.8358,29.4237]}},
{"type":"Feature","properties":{"permittee":"AMERICAN WATER OPERATIONS AND MAINTENANCE LLC","permit":"14994-001","outfall":"001","status":"C","dtype":"D","county":"BELL","segment":"1218"},"geometry":{"type":"Point","coordinates":[-97.5522,31.1304]}},
{"type":"Feature","properties":{"permittee":"LEON ISD","permit":"14659-002","outfall":"001","status":"C","dtype":"D","county":"LEON","segment":"1209"},"geometry":{"type":"Point","coordinates":[-96.2093,31.3206]}},
{"type":"Feature","properties":{"permittee":"LUMINANT MINING CO LLC","permit":"04348-000","outfall":"004","status":"C","dtype":"M","county":"BASTROP","segment":"1434"},"geometry":{"type":"Point","coordinates":[-97.2765,30.3189]}},
{"type":"Feature","properties":{"permittee":"LUMINANT MINING CO LLC","permit":"04348-000","outfall":"005","status":"C","dtype":"M","county":"LEE","segment":"1212"},"geometry":{"type":"Point","coordinates":[-97.2268,30.3731]}},
{"type":"Feature","properties":{"permittee":"LANTANA AT ROUND TOP LLC AND ROUND TOP COMPOUND LLC","permit":"15751-001","outfall":"001","status":"C","dtype":"D","county":"FAYETTE","segment":"1402"},"geometry":{"type":"Point","coordinates":[-96.719,30.034]}},
{"type":"Feature","properties":{"permittee":"TWO SEVENTY SEVEN LIMITED AND GUADALUPE-BLANCO RIVER AUTHORITY","permit":"14959-001","outfall":"001","status":"C","dtype":"D","county":"COMAL","segment":"1908"},"geometry":{"type":"Point","coordinates":[-98.5166,29.8035]}},
{"type":"Feature","properties":{"permittee":"CITY OF BARTLETT","permit":"10880-001","outfall":"001","status":"C","dtype":"D","county":"BELL","segment":"1213"},"geometry":{"type":"Point","coordinates":[-97.4124,30.7976]}},
{"type":"Feature","properties":{"permittee":"CITY OF LA COSTE","permit":"10889-001","outfall":"001","status":"C","dtype":"D","county":"MEDINA","segment":"1903"},"geometry":{"type":"Point","coordinates":[-98.8049,29.3097]}},
{"type":"Feature","properties":{"permittee":"CITY OF GRANGER","permit":"10891-001","outfall":"001","status":"C","dtype":"D","county":"WILLIAMSON","segment":"1247"},"geometry":{"type":"Point","coordinates":[-97.433,30.7161]}},
{"type":"Feature","properties":{"permittee":"CITY OF HOLLAND","permit":"10897-001","outfall":"001","status":"C","dtype":"D","county":"BELL","segment":"1213"},"geometry":{"type":"Point","coordinates":[-97.3946,30.8789]}},
{"type":"Feature","properties":{"permittee":"CITY OF OGLESBY","permit":"10914-001","outfall":"001","status":"C","dtype":"D","county":"CORYELL","segment":"1221"},"geometry":{"type":"Point","coordinates":[-97.5137,31.415]}},
{"type":"Feature","properties":{"permittee":"CITY OF TEMPLE AND CITY OF BELTON","permit":"11318-001","outfall":"001","status":"C","dtype":"W","county":"BELL","segment":"1218"},"geometry":{"type":"Point","coordinates":[-97.4386,31.0432]}},
{"type":"Feature","properties":{"permittee":"CITY OF HUTTO ","permit":"11324-001","outfall":"001","status":"C","dtype":"W","county":"WILLIAMSON","segment":"1244"},"geometry":{"type":"Point","coordinates":[-97.5394,30.54]}},
{"type":"Feature","properties":{"permittee":"SOUTH CENTRAL WATER CO","permit":"14672-001","outfall":"001","status":"C","dtype":"D","county":"WILSON","segment":"1902"},"geometry":{"type":"Point","coordinates":[-98.0502,29.3271]}},
{"type":"Feature","properties":{"permittee":"BELL COUNTY WCID NO 1","permit":"14387-001","outfall":"002","status":"C","dtype":"W","county":"BELL","segment":"1216"},"geometry":{"type":"Point","coordinates":[-97.6684,31.0395]}},
{"type":"Feature","properties":{"permittee":"CITY OF WIMBERLY","permit":"13321-001","outfall":"001","status":"C","dtype":"D","county":"HAYS","segment":"1813"},"geometry":{"type":"Point","coordinates":[-98.0839,30.0042]}},
{"type":"Feature","properties":{"permittee":"JUDSON ISD","permit":"15141-001","outfall":"001","status":"C","dtype":"D","county":"BEXAR","segment":"1913"},"geometry":{"type":"Point","coordinates":[-98.3423,29.607]}},
{"type":"Feature","properties":{"permittee":"CITY PUBLIC SERVICE OF SAN ANTONIO","permit":"01515-000","outfall":"006","status":"C","dtype":"S","county":"BEXAR","segment":"1911"},"geometry":{"type":"Point","coordinates":[-98.3857,29.2585]}},
{"type":"Feature","properties":{"permittee":"AQUA WSC","permit":"14561-001","outfall":"001","status":"C","dtype":"D","county":"BASTROP","segment":"1434"},"geometry":{"type":"Point","coordinates":[-97.2102,30.2356]}},
{"type":"Feature","properties":{"permittee":"LEON SPRINGS UTILITY CO","permit":"14376-001","outfall":"001","status":"C","dtype":"D","county":"BEXAR","segment":"1907"},"geometry":{"type":"Point","coordinates":[-98.6126,29.6367]}},
{"type":"Feature","properties":{"permittee":"GUADALUPE-BLANCO RIVER AUTHORITY","permit":"14377-001","outfall":"001","status":"C","dtype":"D","county":"HAYS","segment":"1810"},"geometry":{"type":"Point","coordinates":[-97.7997,30.0838]}},
{"type":"Feature","properties":{"permittee":"WESTPHALIA WATER & SEWER SUPPLY CORP","permit":"14382-001","outfall":"001","status":"C","dtype":"D","county":"FALLS","segment":"1242"},"geometry":{"type":"Point","coordinates":[-97.1111,31.1209]}},
{"type":"Feature","properties":{"permittee":"BELL COUNTY WCID NO 1","permit":"14387-001","outfall":"001","status":"C","dtype":"W","county":"BELL","segment":"1218"},"geometry":{"type":"Point","coordinates":[-97.622,31.0788]}},
{"type":"Feature","properties":{"permittee":"AQUA TEXAS INC","permit":"15293-001","outfall":"001","status":"C","dtype":"W","county":"HAYS","segment":"1808"},"geometry":{"type":"Point","coordinates":[-97.8458,29.9235]}},
{"type":"Feature","properties":{"permittee":"CRYSTAL CLEAR SUD","permit":"15266-001","outfall":"001","status":"C","dtype":"D","county":"COMAL","segment":"1808"},"geometry":{"type":"Point","coordinates":[-98.0548,29.7797]}},
{"type":"Feature","properties":{"permittee":"CENTRAL TEXAS WATER SUPPLY CORPORATION","permit":"05146-000","outfall":"001","status":"C","dtype":"W","county":"BELL","segment":"1216"},"geometry":{"type":"Point","coordinates":[-97.6491,31.0204]}},
{"type":"Feature","properties":{"permittee":"CITY PUBLIC SERVICE OF SAN ANTONIO","permit":"01515-000","outfall":"007","status":"C","dtype":"S","county":"BEXAR","segment":"1911"},"geometry":{"type":"Point","coordinates":[-98.3856,29.2577]}},
{"type":"Feature","properties":{"permittee":"CITY PUBLIC SERVICE OF SAN ANTONIO","permit":"01515-000","outfall":"008","status":"C","dtype":"S","county":"BEXAR","segment":"1911"},"geometry":{"type":"Point","coordinates":[-98.3854,29.2568]}},
{"type":"Feature","properties":{"permittee":"CITY PUBLIC SERVICE OF SAN ANTONIO","permit":"01515-000","outfall":"011","status":"C","dtype":"S","county":"BEXAR","segment":"1911"},"geometry":{"type":"Point","coordinates":[-98.3815,29.2551]}},
{"type":"Feature","properties":{"permittee":"CITY PUBLIC SERVICE OF SAN ANTONIO","permit":"01515-000","outfall":"013","status":"C","dtype":"S","county":"BEXAR","segment":"1911"},"geometry":{"type":"Point","coordinates":[-98.3799,29.257]}},
{"type":"Feature","properties":{"permittee":"CITY PUBLIC SERVICE OF SAN ANTONIO","permit":"01515-000","outfall":"015","status":"C","dtype":"S","county":"BEXAR","segment":"1911"},"geometry":{"type":"Point","coordinates":[-98.3802,29.2561]}},
{"type":"Feature","properties":{"permittee":"STRUCTURAL METALS INC","permit":"01712-000","outfall":"001","status":"C","dtype":"W","county":"GUADALUPE","segment":"1804"},"geometry":{"type":"Point","coordinates":[-98.0321,29.5741]}},
{"type":"Feature","properties":{"permittee":"AUSTIN COUNTY WSC","permit":"14423-001","outfall":"001","status":"C","dtype":"D","county":"AUSTIN","segment":"1202"},"geometry":{"type":"Point","coordinates":[-96.2022,29.9215]}},
{"type":"Feature","properties":{"permittee":"LOWER COLORADO RIVER AUTHORITY","permit":"02105-000","outfall":"001","status":"C","dtype":"W","county":"FAYETTE","segment":"1402"},"geometry":{"type":"Point","coordinates":[-96.7511,29.9264]}},
{"type":"Feature","properties":{"permittee":"LOWER COLORADO RIVER AUTHORITY","permit":"02105-000","outfall":"002","status":"C","dtype":"W","county":"FAYETTE","segment":"1402"},"geometry":{"type":"Point","coordinates":[-96.7534,29.9168]}},
{"type":"Feature","properties":{"permittee":"LOWER COLORADO RIVER AUTHORITY","permit":"02105-000","outfall":"003","status":"C","dtype":"W","county":"FAYETTE","segment":"1402"},"geometry":{"type":"Point","coordinates":[-96.745,29.9094]}},
{"type":"Feature","properties":{"permittee":"LOWER COLORADO RIVER AUTHORITY","permit":"02105-000","outfall":"004","status":"C","dtype":"W","county":"FAYETTE","segment":"1402"},"geometry":{"type":"Point","coordinates":[-96.7605,29.9026]}},
{"type":"Feature","properties":{"permittee":"WALTON TEXAS LP","permit":"15323-001","outfall":"001","status":"C","dtype":"D","county":"HAYS","segment":"1810"},"geometry":{"type":"Point","coordinates":[-97.772,29.9897]}},
{"type":"Feature","properties":{"permittee":"CITY OF LLANO","permit":"10209-001","outfall":"001","status":"C","dtype":"D","county":"LLANO","segment":"1415"},"geometry":{"type":"Point","coordinates":[-98.6547,30.748]}},
{"type":"Feature","properties":{"permittee":"CIBOLO CREEK MUNICIPAL AUTHORITY","permit":"15334-001","outfall":"001","status":"C","dtype":"W","county":"BEXAR","segment":"1913"},"geometry":{"type":"Point","coordinates":[-98.189,29.5039]}},
{"type":"Feature","properties":{"permittee":"KT MINING LLC & TELESCOPE ENERGY SERVICES LLC","permit":"02881-000","outfall":"017","status":"C","dtype":"G","county":"ROBERTSON","segment":"1242"},"geometry":{"type":"Point","coordinates":[-96.6051,31.0674]}},
{"type":"Feature","properties":{"permittee":"SEALY HORIZON LP","permit":"16972-001","outfall":"001","status":"P","dtype":"D","county":"AUSTIN","segment":"1302"},"geometry":{"type":"Point","coordinates":[-96.2253,29.6858]}},
{"type":"Feature","properties":{"permittee":"CITY OF BRUCEVILLE-EDDY","permit":"15620-002","outfall":"001","status":"C","dtype":"D","county":"MCLENNAN","segment":"1242"},"geometry":{"type":"Point","coordinates":[-97.2367,31.3143]}},
{"type":"Feature","properties":{"permittee":"CITY OF SAN SABA","permit":"10687-001","outfall":"001","status":"C","dtype":"D","county":"SAN SABA","segment":"1416"},"geometry":{"type":"Point","coordinates":[-98.6811,31.2042]}},
{"type":"Feature","properties":{"permittee":"TEXAS DEPT OF AGING AND DISABILITES SERVICES","permit":"10717-001","outfall":"001","status":"C","dtype":"D","county":"LIMESTONE","segment":"1253"},"geometry":{"type":"Point","coordinates":[-96.5303,31.6932]}},
{"type":"Feature","properties":{"permittee":"CITY OF ROSEBUD","permit":"10731-001","outfall":"001","status":"C","dtype":"D","county":"FALLS","segment":"1242"},"geometry":{"type":"Point","coordinates":[-96.9902,31.0639]}},
{"type":"Feature","properties":{"permittee":"CITY OF BRYAN","permit":"02117-000","outfall":"001","status":"C","dtype":"W","county":"BRAZOS","segment":"1242"},"geometry":{"type":"Point","coordinates":[-96.4619,30.7228]}},
{"type":"Feature","properties":{"permittee":"CITY OF BRYAN","permit":"02117-000","outfall":"002","status":"C","dtype":"W","county":"BRAZOS","segment":"1242"},"geometry":{"type":"Point","coordinates":[-96.4595,30.723]}},
{"type":"Feature","properties":{"permittee":"CITY OF BRYAN","permit":"02117-000","outfall":"003","status":"C","dtype":"W","county":"BRAZOS","segment":"1242"},"geometry":{"type":"Point","coordinates":[-96.4615,30.7203]}},
{"type":"Feature","properties":{"permittee":"CITY OF BREMOND","permit":"10917-001","outfall":"001","status":"C","dtype":"D","county":"ROBERTSON","segment":"1242"},"geometry":{"type":"Point","coordinates":[-96.6737,31.1576]}},
{"type":"Feature","properties":{"permittee":"CITY OF LULING","permit":"10943-001","outfall":"001","status":"C","dtype":"D","county":"GONZALES","segment":"1808"},"geometry":{"type":"Point","coordinates":[-97.5836,29.5933]}},
{"type":"Feature","properties":{"permittee":"CITY OF FLORENCE","permit":"10944-001","outfall":"001","status":"C","dtype":"D","county":"WILLIAMSON","segment":"1243"},"geometry":{"type":"Point","coordinates":[-97.7784,30.8263]}},
{"type":"Feature","properties":{"permittee":"ELLINGER SEWER WSC","permit":"10945-001","outfall":"001","status":"C","dtype":"D","county":"FAYETTE","segment":"1402"},"geometry":{"type":"Point","coordinates":[-96.7101,29.8416]}},
{"type":"Feature","properties":{"permittee":"TEXAS A&M UNIVERSITY","permit":"10968-002","outfall":"001","status":"C","dtype":"D","county":"BRAZOS","segment":"1242"},"geometry":{"type":"Point","coordinates":[-96.4721,30.6291]}},
{"type":"Feature","properties":{"permittee":"GREEN VALLEY SPECIAL UTILITY DISTRICT","permit":"15360-001","outfall":"001","status":"C","dtype":"W","county":"GUADALUPE","segment":"1902"},"geometry":{"type":"Point","coordinates":[-98.1167,29.5257]}},
{"type":"Feature","properties":{"permittee":"WALKER AERO ENVIRONMENTAL LLC","permit":"05181-000","outfall":"001","status":"C","dtype":"W","county":"TRAVIS","segment":"1428"},"geometry":{"type":"Point","coordinates":[-97.626,30.249]}},
{"type":"Feature","properties":{"permittee":"AUSTIN SURF CLUB VENTURE LP","permit":"15418-001","outfall":"001","status":"C","dtype":"D","county":"TRAVIS","segment":"1428"},"geometry":{"type":"Point","coordinates":[-97.5828,30.1735]}},
{"type":"Feature","properties":{"permittee":"LENNAR HOMES OF TEXAS LAND AND CONSTRUCTION LTD","permit":"15095-001","outfall":"001","status":"C","dtype":"D","county":"COMAL","segment":"1908"},"geometry":{"type":"Point","coordinates":[-98.3993,29.7707]}},
{"type":"Feature","properties":{"permittee":"GONZALES COUNTY WSC","permit":"15650-001","outfall":"001","status":"C","dtype":"D","county":"GONZALES","segment":"1803"},"geometry":{"type":"Point","coordinates":[-97.4153,29.6174]}},
{"type":"Feature","properties":{"permittee":"GONZALES COUNTY WSC","permit":"15648-001","outfall":"001","status":"C","dtype":"D","county":"GONZALES","segment":"1808"},"geometry":{"type":"Point","coordinates":[-97.4896,29.6301]}},
{"type":"Feature","properties":{"permittee":"AQUA WSC","permit":"14361-001","outfall":"001","status":"C","dtype":"D","county":"CALDWELL","segment":"1803"},"geometry":{"type":"Point","coordinates":[-97.3816,29.8412]}},
{"type":"Feature","properties":{"permittee":"CITY OF LIBERTY HILL","permit":"14477-001","outfall":"001","status":"C","dtype":"W","county":"WILLIAMSON","segment":"1250"},"geometry":{"type":"Point","coordinates":[-97.8478,30.6174]}},
{"type":"Feature","properties":{"permittee":"TEXAS A&M UNIVERSITY","permit":"10968-003","outfall":"001","status":"C","dtype":"W","county":"BRAZOS","segment":"1242"},"geometry":{"type":"Point","coordinates":[-96.3734,30.547]}},
{"type":"Feature","properties":{"permittee":"CITY OF EVANT","permit":"11011-001","outfall":"001","status":"C","dtype":"D","county":"CORYELL","segment":"1220"},"geometry":{"type":"Point","coordinates":[-98.1461,31.4717]}},
{"type":"Feature","properties":{"permittee":"KHAWAR & SONS INC","permit":"15996-001","outfall":"001","status":"C","dtype":"D","county":"AUSTIN","segment":"1302"},"geometry":{"type":"Point","coordinates":[-96.258,29.7557]}},
{"type":"Feature","properties":{"permittee":"CITY OF GROESBECK","permit":"10182-001","outfall":"001","status":"C","dtype":"D","county":"LIMESTONE","segment":"1253"},"geometry":{"type":"Point","coordinates":[-96.5205,31.5291]}},
{"type":"Feature","properties":{"permittee":"R040062 LP","permit":"16008-001","outfall":"001","status":"C","dtype":"D","county":"WILLIAMSON","segment":"1248"},"geometry":{"type":"Point","coordinates":[-97.6196,30.6081]}},
{"type":"Feature","properties":{"permittee":"PRESERVE HUTTO LLC","permit":"16145-001","outfall":"001","status":"P","dtype":"D","county":"TRAVIS","segment":"1434"},"geometry":{"type":"Point","coordinates":[-97.5878,30.4957]}},
{"type":"Feature","properties":{"permittee":"BISTONE MUNICIPAL WATER SUPPLY DISTRICT","permit":"15425-001","outfall":"001","status":"C","dtype":"D","county":"LIMESTONE","segment":"1253"},"geometry":{"type":"Point","coordinates":[-96.5763,31.6459]}},
{"type":"Feature","properties":{"permittee":"CITY OF DRIPPING SPRINGS","permit":"14488-003","outfall":"001","status":"C","dtype":"W","county":"HAYS","segment":"1427"},"geometry":{"type":"Point","coordinates":[-98.091,30.1773]}},
{"type":"Feature","properties":{"permittee":"CITY OF BUDA AND GBRA","permit":"11060-001","outfall":"002","status":"C","dtype":"W","county":"HAYS","segment":"1810"},"geometry":{"type":"Point","coordinates":[-97.7885,30.0845]}},
{"type":"Feature","properties":{"permittee":"NRG TEXAS POWER LLC","permit":"02430-000","outfall":"001","status":"C","dtype":"W","county":"LIMESTONE","segment":"1252"},"geometry":{"type":"Point","coordinates":[-96.2478,31.4181]}},
{"type":"Feature","properties":{"permittee":"NRG TEXAS POWER LLC","permit":"02430-000","outfall":"003","status":"C","dtype":"W","county":"LIMESTONE","segment":"1252"},"geometry":{"type":"Point","coordinates":[-96.249,31.4205]}},
{"type":"Feature","properties":{"permittee":"NRG TEXAS POWER LLC","permit":"02430-000","outfall":"004","status":"C","dtype":"W","county":"LIMESTONE","segment":"1252"},"geometry":{"type":"Point","coordinates":[-96.2564,31.416]}},
{"type":"Feature","properties":{"permittee":"NRG TEXAS POWER LLC","permit":"02430-000","outfall":"005","status":"C","dtype":"W","county":"LIMESTONE","segment":"1252"},"geometry":{"type":"Point","coordinates":[-96.2564,31.416]}},
{"type":"Feature","properties":{"permittee":"NRG TEXAS POWER LLC","permit":"02430-000","outfall":"006","status":"C","dtype":"D","county":"LIMESTONE","segment":"1252"},"geometry":{"type":"Point","coordinates":[-96.2473,31.4201]}},
{"type":"Feature","properties":{"permittee":"NRG TEXAS POWER LLC","permit":"02430-000","outfall":"007","status":"C","dtype":"D","county":"FREESTONE","segment":"1252"},"geometry":{"type":"Point","coordinates":[-96.2424,31.4248]}},
{"type":"Feature","properties":{"permittee":"NRG TEXAS POWER LLC","permit":"02430-000","outfall":"008","status":"C","dtype":"W","county":"FREESTONE","segment":"1252"},"geometry":{"type":"Point","coordinates":[-96.2382,31.4259]}},
{"type":"Feature","properties":{"permittee":"HAILIANG COPPER TEXAS INC","permit":"02462-000","outfall":"001","status":"C","dtype":"W","county":"AUSTIN","segment":"1302"},"geometry":{"type":"Point","coordinates":[-96.2172,29.7599]}},
{"type":"Feature","properties":{"permittee":"CITY OF BUDA AND GBRA","permit":"11060-001","outfall":"001","status":"C","dtype":"W","county":"HAYS","segment":"1810"},"geometry":{"type":"Point","coordinates":[-97.8362,30.0575]}},
{"type":"Feature","properties":{"permittee":"CITY OF WACO","permit":"11071-001","outfall":"001","status":"C","dtype":"W","county":"MCLENNAN","segment":"1242"},"geometry":{"type":"Point","coordinates":[-97.0646,31.5195]}},
{"type":"Feature","properties":{"permittee":"AQUA WSC","permit":"14607-001","outfall":"001","status":"C","dtype":"D","county":"BASTROP","segment":"1434"},"geometry":{"type":"Point","coordinates":[-97.5713,30.1293]}},
{"type":"Feature","properties":{"permittee":"CITY OF AUSTIN","permit":"14459-001","outfall":"001","status":"C","dtype":"D","county":"TRAVIS","segment":"1428"},"geometry":{"type":"Point","coordinates":[-97.6715,30.1369]}},
{"type":"Feature","properties":{"permittee":"WINDY HILL UTILITY CO LLC","permit":"15478-001","outfall":"001","status":"C","dtype":"D","county":"HAYS","segment":"1810"},"geometry":{"type":"Point","coordinates":[-97.8065,30.0448]}},
{"type":"Feature","properties":{"permittee":"CITY OF MANOR","permit":"12900-001","outfall":"001","status":"C","dtype":"W","county":"TRAVIS","segment":"1434"},"geometry":{"type":"Point","coordinates":[-97.5491,30.3465]}},
{"type":"Feature","properties":{"permittee":"CITY OF AUSTIN","permit":"12971-001","outfall":"001","status":"C","dtype":"D","county":"TRAVIS","segment":"1428"},"geometry":{"type":"Point","coordinates":[-97.6396,30.4038]}},
{"type":"Feature","properties":{"permittee":"THE FALLS MUD","permit":"13018-001","outfall":"001","status":"C","dtype":"D","county":"COLORADO","segment":"1402"},"geometry":{"type":"Point","coordinates":[-96.5113,29.8457]}},
{"type":"Feature","properties":{"permittee":"AQUA TEXAS INC","permit":"11332-001","outfall":"001","status":"C","dtype":"D","county":"BURNET","segment":"1406"},"geometry":{"type":"Point","coordinates":[-98.4034,30.5896]}},
{"type":"Feature","properties":{"permittee":"AUS-TEX PARTS & SERVICES INC","permit":"14104-001","outfall":"001","status":"C","dtype":"D","county":"CALDWELL","segment":"1434"},"geometry":{"type":"Point","coordinates":[-97.6806,30.0302]}},
{"type":"Feature","properties":{"permittee":"CEMEX CONSTRUCTION MATERIALS SOUTH LLC","permit":"02179-000","outfall":"001","status":"C","dtype":"W","county":"COMAL","segment":"1811"},"geometry":{"type":"Point","coordinates":[-98.1757,29.6712]}},
{"type":"Feature","properties":{"permittee":"US DEPT OF THE ARMY","permit":"02233-000","outfall":"004","status":"C","dtype":"W","county":"BELL","segment":"1220"},"geometry":{"type":"Point","coordinates":[-97.7383,31.1487]}},
{"type":"Feature","properties":{"permittee":"US DEPT OF THE ARMY","permit":"02233-000","outfall":"005","status":"C","dtype":"W","county":"BELL","segment":"1220"},"geometry":{"type":"Point","coordinates":[-97.7424,31.1487]}},
{"type":"Feature","properties":{"permittee":"US DEPT OF THE ARMY","permit":"02233-000","outfall":"006","status":"C","dtype":"W","county":"CORYELL","segment":"1220"},"geometry":{"type":"Point","coordinates":[-97.8075,31.1706]}},
{"type":"Feature","properties":{"permittee":"CITY OF BOERNE","permit":"10066-002","outfall":"001","status":"C","dtype":"W","county":"KENDALL","segment":"1908"},"geometry":{"type":"Point","coordinates":[-98.7112,29.7767]}},
{"type":"Feature","properties":{"permittee":"CITY OF MANOR","permit":"14129-002","outfall":"001","status":"C","dtype":"D","county":"TRAVIS","segment":"1434"},"geometry":{"type":"Point","coordinates":[-97.4862,30.3495]}},
{"type":"Feature","properties":{"permittee":"CITY PUBLIC SERVICE OF SAN ANTONIO","permit":"01514-000","outfall":"015","status":"C","dtype":"S","county":"BEXAR","segment":"1911"},"geometry":{"type":"Point","coordinates":[-98.3241,29.3011]}},
{"type":"Feature","properties":{"permittee":"CITY PUBLIC SERVICE OF SAN ANTONIO","permit":"01514-000","outfall":"016","status":"C","dtype":"S","county":"BEXAR","segment":"1911"},"geometry":{"type":"Point","coordinates":[-98.323,29.2986]}},
{"type":"Feature","properties":{"permittee":"CITY PUBLIC SERVICE OF SAN ANTONIO","permit":"01514-000","outfall":"017","status":"C","dtype":"S","county":"BEXAR","segment":"1911"},"geometry":{"type":"Point","coordinates":[-98.3219,29.2961]}},
{"type":"Feature","properties":{"permittee":"CITY PUBLIC SERVICE OF SAN ANTONIO","permit":"01514-000","outfall":"018","status":"C","dtype":"S","county":"BEXAR","segment":"1911"},"geometry":{"type":"Point","coordinates":[-98.3144,29.3093]}},
{"type":"Feature","properties":{"permittee":"CITY PUBLIC SERVICE OF SAN ANTONIO","permit":"01515-000","outfall":"010","status":"C","dtype":"S","county":"BEXAR","segment":"1911"},"geometry":{"type":"Point","coordinates":[-98.3884,29.2684]}},
{"type":"Feature","properties":{"permittee":"CITY PUBLIC SERVICE OF SAN ANTONIO","permit":"01515-000","outfall":"019","status":"C","dtype":"S","county":"BEXAR","segment":"1911"},"geometry":{"type":"Point","coordinates":[-98.3826,29.2554]}},
{"type":"Feature","properties":{"permittee":"CITY PUBLIC SERVICE OF SAN ANTONIO","permit":"01515-000","outfall":"017","status":"C","dtype":"S","county":"BEXAR","segment":"1911"},"geometry":{"type":"Point","coordinates":[-98.3804,29.2558]}},
{"type":"Feature","properties":{"permittee":"GUADALUPE-BLANCO RIVER AUTHORITY","permit":"11378-001","outfall":"001","status":"C","dtype":"W","county":"GUADALUPE","segment":"1804"},"geometry":{"type":"Point","coordinates":[-98.0722,29.663]}},
{"type":"Feature","properties":{"permittee":"AQUA UTILITIES INC","permit":"14626-001","outfall":"001","status":"C","dtype":"D","county":"WILSON","segment":"1911"},"geometry":{"type":"Point","coordinates":[-98.2432,29.2414]}},
{"type":"Feature","properties":{"permittee":"HOLMES FOOD INC","permit":"04797-000","outfall":"001","status":"C","dtype":"W","county":"GONZALES","segment":"1803"},"geometry":{"type":"Point","coordinates":[-97.4765,29.3909]}},
{"type":"Feature","properties":{"permittee":"CITY OF CASTROVILLE","permit":"10952-001","outfall":"001","status":"C","dtype":"D","county":"MEDINA","segment":"1903"},"geometry":{"type":"Point","coordinates":[-98.8846,29.3416]}},
{"type":"Feature","properties":{"permittee":"SOUTHWEST MILAM WATER SUPPLY CORPORATION","permit":"14110-001","outfall":"001","status":"C","dtype":"D","county":"MILAM","segment":"1212"},"geometry":{"type":"Point","coordinates":[-96.9667,30.5933]}},
{"type":"Feature","properties":{"permittee":"COUPLAND WATER SUPPLY CORP","permit":"14499-001","outfall":"001","status":"C","dtype":"D","county":"WILLIAMSON","segment":"1244"},"geometry":{"type":"Point","coordinates":[-97.3871,30.4609]}},
{"type":"Feature","properties":{"permittee":"TXBR RAMBLEWOOD MHP LLC","permit":"11038-001","outfall":"001","status":"C","dtype":"D","county":"BRAZOS","segment":"1242"},"geometry":{"type":"Point","coordinates":[-96.4074,30.6281]}},
{"type":"Feature","properties":{"permittee":"CITY OF KYLE","permit":"11041-002","outfall":"001","status":"C","dtype":"W","county":"HAYS","segment":"1810"},"geometry":{"type":"Point","coordinates":[-97.833,29.9682]}},
{"type":"Feature","properties":{"permittee":"SOUTHWEST MILAM WATER SUPPLY CORPORATION","permit":"14508-001","outfall":"001","status":"C","dtype":"D","county":"MILAM","segment":"1213"},"geometry":{"type":"Point","coordinates":[-96.9011,30.6924]}},
{"type":"Feature","properties":{"permittee":"SOUTHWEST MILAM WATER SUPPLY CORP","permit":"14524-001","outfall":"001","status":"C","dtype":"D","county":"MILAM","segment":"1212"},"geometry":{"type":"Point","coordinates":[-96.9264,30.643]}},
{"type":"Feature","properties":{"permittee":"MAJOR OAK POWER LLC","permit":"02877-000","outfall":"004","status":"C","dtype":"S","county":"ROBERTSON","segment":"1242"},"geometry":{"type":"Point","coordinates":[-96.6831,31.1005]}},
{"type":"Feature","properties":{"permittee":"CITY PUBLIC SERVICE OF SAN ANTONIO","permit":"01515-000","outfall":"018","status":"C","dtype":"S","county":"BEXAR","segment":"1911"},"geometry":{"type":"Point","coordinates":[-98.3803,29.256]}},
{"type":"Feature","properties":{"permittee":"CITY PUBLIC SERVICE OF SAN ANTONIO","permit":"01515-000","outfall":"016","status":"C","dtype":"S","county":"BEXAR","segment":"1911"},"geometry":{"type":"Point","coordinates":[-98.3809,29.255]}},
{"type":"Feature","properties":{"permittee":"CITY PUBLIC SERVICE OF SAN ANTONIO","permit":"01515-000","outfall":"009","status":"C","dtype":"S","county":"BEXAR","segment":"1911"},"geometry":{"type":"Point","coordinates":[-98.386,29.2642]}},
{"type":"Feature","properties":{"permittee":"UNITED FRONT LLC","permit":"15563-001","outfall":"001","status":"C","dtype":"D","county":"COLORADO","segment":"1302"},"geometry":{"type":"Point","coordinates":[-96.3295,29.7422]}},
{"type":"Feature","properties":{"permittee":"CITY OF BLANCO","permit":"10549-003","outfall":"001","status":"C","dtype":"D","county":"BLANCO","segment":"1813"},"geometry":{"type":"Point","coordinates":[-98.4311,30.0934]}},
{"type":"Feature","properties":{"permittee":"CIELO GARDENS LP","permit":"16374-001","outfall":"001","status":"P","dtype":"D","county":"WILLIAMSON","segment":"1247"},"geometry":{"type":"Point","coordinates":[-97.5646,30.7779]}},
{"type":"Feature","properties":{"permittee":"SMILING MALLARD DEVELOPMENT LTD","permit":"15556-001","outfall":"001","status":"C","dtype":"D","county":"BRAZOS","segment":"1209"},"geometry":{"type":"Point","coordinates":[-96.2229,30.5097]}},
{"type":"Feature","properties":{"permittee":"PINE COVE INC","permit":"14779-001","outfall":"001","status":"C","dtype":"D","county":"COLORADO","segment":"1402"},"geometry":{"type":"Point","coordinates":[-96.6689,29.8075]}},
{"type":"Feature","properties":{"permittee":"CITY OF TEAGUE","permit":"10300-003","outfall":"001","status":"C","dtype":"D","county":"FREESTONE","segment":"0804"},"geometry":{"type":"Point","coordinates":[-96.2743,31.643]}},
{"type":"Feature","properties":{"permittee":"SAN ANTONIO RIVER AUTHORITY","permit":"10749-007","outfall":"001","status":"C","dtype":"W","county":"BEXAR","segment":"1902"},"geometry":{"type":"Point","coordinates":[-98.2499,29.441]}},
{"type":"Feature","properties":{"permittee":"NXP USA INC","permit":"02876-000","outfall":"001","status":"C","dtype":"W","county":"TRAVIS","segment":"1428"},"geometry":{"type":"Point","coordinates":[-97.6608,30.2731]}},
{"type":"Feature","properties":{"permittee":"MAJOR OAK POWER LLC","permit":"02877-000","outfall":"001","status":"C","dtype":"W","county":"ROBERTSON","segment":"1242"},"geometry":{"type":"Point","coordinates":[-96.6917,31.0827]}},
{"type":"Feature","properties":{"permittee":"MAJOR OAK POWER LLC","permit":"02877-000","outfall":"002","status":"C","dtype":"W","county":"ROBERTSON","segment":"1242"},"geometry":{"type":"Point","coordinates":[-96.6923,31.098]}},
{"type":"Feature","properties":{"permittee":"MAJOR OAK POWER LLC","permit":"02877-000","outfall":"003","status":"C","dtype":"S","county":"ROBERTSON","segment":"1242"},"geometry":{"type":"Point","coordinates":[-96.6815,31.0977]}},
{"type":"Feature","properties":{"permittee":"KT MINING LLC & TELESCOPE ENERGY SERVICES LLC","permit":"02881-000","outfall":"001","status":"C","dtype":"M","county":"ROBERTSON","segment":"1242"},"geometry":{"type":"Point","coordinates":[-96.6168,31.0853]}},
{"type":"Feature","properties":{"permittee":"CITY OF BASTROP","permit":"11076-001","outfall":"001","status":"C","dtype":"W","county":"BASTROP","segment":"1434"},"geometry":{"type":"Point","coordinates":[-97.3193,30.1026]}},
{"type":"Feature","properties":{"permittee":"CITY OF BASTROP","permit":"11076-002","outfall":"001","status":"C","dtype":"W","county":"BASTROP","segment":"1434"},"geometry":{"type":"Point","coordinates":[-97.3512,30.0873]}},
{"type":"Feature","properties":{"permittee":"BYK USA INC","permit":"03306-000","outfall":"001","status":"C","dtype":"M","county":"GONZALES","segment":"1803"},"geometry":{"type":"Point","coordinates":[-97.4279,29.3764]}},
{"type":"Feature","properties":{"permittee":"CITY OF ROBINSON","permit":"03466-000","outfall":"001","status":"C","dtype":"W","county":"MCLENNAN","segment":"1242"},"geometry":{"type":"Point","coordinates":[-97.0697,31.5216]}},
{"type":"Feature","properties":{"permittee":"LOWER COLORADO RIVER AUTHORITY","permit":"02052-000","outfall":"002","status":"C","dtype":"W","county":"BASTROP","segment":"1434"},"geometry":{"type":"Point","coordinates":[-97.272,30.1451]}},
{"type":"Feature","properties":{"permittee":"PLUM CREEK UTILITY CO LLC","permit":"15635-001","outfall":"001","status":"C","dtype":"D","county":"HAYS","segment":"1810"},"geometry":{"type":"Point","coordinates":[-97.8124,29.9604]}},
{"type":"Feature","properties":{"permittee":"TEXAS MILITARY DEPARTMENT","permit":"05247-000","outfall":"001","status":"C","dtype":"W","county":"CORYELL","segment":"1259"},"geometry":{"type":"Point","coordinates":[-97.7045,31.3771]}},
{"type":"Feature","properties":{"permittee":"GONZALES COUNTY WSC","permit":"15649-001","outfall":"001","status":"C","dtype":"D","county":"GONZALES","segment":"1803"},"geometry":{"type":"Point","coordinates":[-97.6387,29.4142]}},
{"type":"Feature","properties":{"permittee":"CITY OF AUSTIN","permit":"10543-014","outfall":"001","status":"C","dtype":"D","county":"TRAVIS","segment":"1428"},"geometry":{"type":"Point","coordinates":[-97.5543,30.267]}},
{"type":"Feature","properties":{"permittee":"RICE CISD","permit":"14846-001","outfall":"001","status":"C","dtype":"D","county":"COLORADO","segment":"1402"},"geometry":{"type":"Point","coordinates":[-96.502,29.564]}},
{"type":"Feature","properties":{"permittee":"DHJB DEVELOPMENT LLC","permit":"14975-001","outfall":"001","status":"C","dtype":"D","county":"COMAL","segment":"1908"},"geometry":{"type":"Point","coordinates":[-98.4218,29.7547]}},
{"type":"Feature","properties":{"permittee":"AGINUS HOLDINGS LLC AND BELLVILLE TUBE CO","permit":"03716-000","outfall":"004","status":"C","dtype":"W","county":"AUSTIN","segment":"1202"},"geometry":{"type":"Point","coordinates":[-96.2141,29.8984]}},
{"type":"Feature","properties":{"permittee":"BELL COUNTY WATER CONTROL & IMPROVEMENT DISTRICT NO 2","permit":"11091-001","outfall":"001","status":"C","dtype":"D","county":"BELL","segment":"1213"},"geometry":{"type":"Point","coordinates":[-97.3674,30.9829]}},
{"type":"Feature","properties":{"permittee":"LOWER COLORADO RIVER AUTHORITY","permit":"02052-000","outfall":"001","status":"C","dtype":"W","county":"BASTROP","segment":"1434"},"geometry":{"type":"Point","coordinates":[-97.2691,30.1577]}},
{"type":"Feature","properties":{"permittee":"CITY OF JARRELL","permit":"14594-001","outfall":"001","status":"C","dtype":"W","county":"WILLIAMSON","segment":"1213"},"geometry":{"type":"Point","coordinates":[-97.5456,30.8242]}},
{"type":"Feature","properties":{"permittee":"MEYER RANCH MUD OF COMAL COUNTY","permit":"15314-001","outfall":"001","status":"C","dtype":"D","county":"COMAL","segment":"1811"},"geometry":{"type":"Point","coordinates":[-98.2952,29.7948]}},
{"type":"Feature","properties":{"permittee":"US DEPT OF THE AIR FORCE","permit":"03955-000","outfall":"001","status":"C","dtype":"G","county":"BEXAR","segment":"1906"},"geometry":{"type":"Point","coordinates":[-98.5791,29.3612]}},
{"type":"Feature","properties":{"permittee":"CITY OF AUSTIN","permit":"10543-011","outfall":"001","status":"C","dtype":"W","county":"TRAVIS","segment":"1428"},"geometry":{"type":"Point","coordinates":[-97.6589,30.2626]}},
{"type":"Feature","properties":{"permittee":"CITY OF AUSTIN","permit":"10543-012","outfall":"001","status":"C","dtype":"W","county":"TRAVIS","segment":"1428"},"geometry":{"type":"Point","coordinates":[-97.5953,30.2081]}},
{"type":"Feature","properties":{"permittee":"CITY OF AUSTIN","permit":"10543-013","outfall":"001","status":"C","dtype":"W","county":"TRAVIS","segment":"1428"},"geometry":{"type":"Point","coordinates":[-97.5698,30.3171]}},
{"type":"Feature","properties":{"permittee":"CITY OF BLANCO","permit":"10549-002","outfall":"001","status":"C","dtype":"D","county":"BLANCO","segment":"1813"},"geometry":{"type":"Point","coordinates":[-98.411,30.1032]}},
{"type":"Feature","properties":{"permittee":"CITY OF BROWNWOOD","permit":"10565-001","outfall":"001","status":"C","dtype":"W","county":"BROWN","segment":"1431"},"geometry":{"type":"Point","coordinates":[-98.9481,31.6937]}},
{"type":"Feature","properties":{"permittee":"CITY OF SMILEY","permit":"10574-002","outfall":"001","status":"C","dtype":"D","county":"GONZALES","segment":"1803"},"geometry":{"type":"Point","coordinates":[-97.6389,29.2793]}},
{"type":"Feature","properties":{"permittee":"CITY OF LA VERNIA","permit":"11258-001","outfall":"001","status":"C","dtype":"D","county":"WILSON","segment":"1902"},"geometry":{"type":"Point","coordinates":[-98.1027,29.3581]}},
{"type":"Feature","properties":{"permittee":"CIBOLO CREEK MUNICIPAL AUTHORITY","permit":"11269-001","outfall":"001","status":"C","dtype":"W","county":"BEXAR","segment":"1913"},"geometry":{"type":"Point","coordinates":[-98.2485,29.5552]}},
{"type":"Feature","properties":{"permittee":"SAN ANTONIO RIVER AUTHORITY","permit":"10749-001","outfall":"001","status":"C","dtype":"W","county":"BEXAR","segment":"1902"},"geometry":{"type":"Point","coordinates":[-98.2987,29.5072]}},
{"type":"Feature","properties":{"permittee":"SAN ANTONIO RIVER AUTHORITY","permit":"10749-003","outfall":"001","status":"C","dtype":"W","county":"BEXAR","segment":"1902"},"geometry":{"type":"Point","coordinates":[-98.3283,29.4689]}},
{"type":"Feature","properties":{"permittee":"SAN ANTONIO RIVER AUTHORITY","permit":"10749-004","outfall":"001","status":"C","dtype":"W","county":"BEXAR","segment":"1902"},"geometry":{"type":"Point","coordinates":[-98.3188,29.4362]}},
{"type":"Feature","properties":{"permittee":"SAN ANTONIO RIVER AUTHORITY","permit":"10749-006","outfall":"001","status":"C","dtype":"D","county":"BEXAR","segment":"1911"},"geometry":{"type":"Point","coordinates":[-98.3322,29.2775]}},
{"type":"Feature","properties":{"permittee":"FAYETTE WSC","permit":"14537-001","outfall":"001","status":"C","dtype":"D","county":"FAYETTE","segment":"1402"},"geometry":{"type":"Point","coordinates":[-96.9186,29.811]}},
{"type":"Feature","properties":{"permittee":"ML DEV LP AND MR LOUIS TSAKIRIS","permit":"15664-002","outfall":"001","status":"C","dtype":"D","county":"BELL","segment":"1213"},"geometry":{"type":"Point","coordinates":[-97.5508,30.8808]}},
{"type":"Feature","properties":{"permittee":"STUDIO ESTATES LLC","permit":"15933-001","outfall":"001","status":"C","dtype":"D","county":"HAYS","segment":"1810"},"geometry":{"type":"Point","coordinates":[-97.7701,30.0206]}},
{"type":"Feature","properties":{"permittee":"CITY OF KYLE","permit":"05393-000","outfall":"001","status":"C","dtype":"S","county":"HAYS","segment":"1810"},"geometry":{"type":"Point","coordinates":[-97.8331,29.9667]}},
{"type":"Feature","properties":{"permittee":"GREAT ESCAPES OPPORTUNITY ZONE FUND LLC","permit":"15802-001","outfall":"001","status":"C","dtype":"D","county":"TRAVIS","segment":"1434"},"geometry":{"type":"Point","coordinates":[-97.4519,30.3484]}},
{"type":"Feature","properties":{"permittee":"OCEAN VIEW PROPERTY GROUP LTD","permit":"15949-001","outfall":"001","status":"C","dtype":"D","county":"COMAL","segment":"1908"},"geometry":{"type":"Point","coordinates":[-98.384,29.7974]}},
{"type":"Feature","properties":{"permittee":"NMV HACKBERRY UTILITY LLC & NMV HACKBERRY LANE PROPERTY INVESTORS LLC","permit":"16361-001","outfall":"001","status":"P","dtype":"D","county":"BELL","segment":"1213"},"geometry":{"type":"Point","coordinates":[-97.5008,30.8899]}},
{"type":"Feature","properties":{"permittee":"KENDALL WEST UTILITY LLC","permit":"15787-001","outfall":"001","status":"C","dtype":"D","county":"KENDALL","segment":"1908"},"geometry":{"type":"Point","coordinates":[-98.8078,29.7693]}},
{"type":"Feature","properties":{"permittee":"KENDALL WEST UTILITY LLC","permit":"15787-001","outfall":"002","status":"C","dtype":"D","county":"KENDALL","segment":"1908"},"geometry":{"type":"Point","coordinates":[-98.8118,29.7783]}},
{"type":"Feature","properties":{"permittee":"WILCO MUD 45 WWTP LLC","permit":"16146-001","outfall":"001","status":"P","dtype":"W","county":"WILLIAMSON","segment":"1244"},"geometry":{"type":"Point","coordinates":[-97.4661,30.5103]}},
{"type":"Feature","properties":{"permittee":"TERRELL TIMMERMANN FARMS LP","permit":"16229-001","outfall":"001","status":"P","dtype":"D","county":"WILLIAMSON","segment":"1248"},"geometry":{"type":"Point","coordinates":[-97.4839,30.653]}},
{"type":"Feature","properties":{"permittee":"SALADO CREEK LAND PARTNERS, LLC SOUTH CENTRAL WATER COMPANY","permit":"16658-001","outfall":"001","status":"P","dtype":"D","county":"BELL","segment":"1243"},"geometry":{"type":"Point","coordinates":[-97.6242,30.871]}},
{"type":"Feature","properties":{"permittee":"COUPLAND UTILITIES LLC AND LANDCROWD DEVELOPERS LLC","permit":"16446-001","outfall":"001","status":"P","dtype":"D","county":"WILLIAMSON","segment":"1248"},"geometry":{"type":"Point","coordinates":[-97.4777,30.6218]}},
{"type":"Feature","properties":{"permittee":"SANDOW MUNICIPAL UTILITY DISTRICT NO 1","permit":"16447-001","outfall":"001","status":"P","dtype":"D","county":"MILAM","segment":"1212"},"geometry":{"type":"Point","coordinates":[-97.0448,30.5934]}},
{"type":"Feature","properties":{"permittee":"ARCH RAY LLC","permit":"05452-000","outfall":"001","status":"P","dtype":"W","county":"GILLESPIE","segment":"1414"},"geometry":{"type":"Point","coordinates":[-98.8228,30.2325]}},
{"type":"Feature","properties":{"permittee":"HWY 3349 HOLDINGS LLC","permit":"16472-001","outfall":"001","status":"P","dtype":"D","county":"WILLIAMSON","segment":"1244"},"geometry":{"type":"Point","coordinates":[-97.5003,30.4914]}},
{"type":"Feature","properties":{"permittee":"CROSSROADS 10445 LP","permit":"15810-001","outfall":"001","status":"C","dtype":"D","county":"TRAVIS","segment":"1428"},"geometry":{"type":"Point","coordinates":[-97.6939,30.0998]}},
{"type":"Feature","properties":{"permittee":"WILLIAMSON COUNTY MUD NO 48 AND CATHY ALBRECHT MOORE ","permit":"16362-001","outfall":"001","status":"P","dtype":"W","county":"WILLIAMSON","segment":"1248"},"geometry":{"type":"Point","coordinates":[-97.4961,30.6281]}},
{"type":"Feature","properties":{"permittee":"ARMSTRONG LOOP UTILITY LLC, ARMSTRONG LOOP SALADO PROPERTY INVESTORS","permit":"16364-001","outfall":"001","status":"P","dtype":"D","county":"BELL","segment":"1213"},"geometry":{"type":"Point","coordinates":[-97.4767,30.901]}},
{"type":"Feature","properties":{"permittee":"SPACE EXPLORATION TECHNOLOGIES CORP","permit":"16453-001","outfall":"001","status":"P","dtype":"D","county":"BASTROP","segment":"1428"},"geometry":{"type":"Point","coordinates":[-97.4123,30.1591]}},
{"type":"Feature","properties":{"permittee":"705 LIMMERLOOP JV LLC","permit":"16260-001","outfall":"001","status":"P","dtype":"D","county":"WILLIAMSON","segment":"1244"},"geometry":{"type":"Point","coordinates":[-97.5942,30.5622]}},
{"type":"Feature","properties":{"permittee":"THE VILLAGE AT GRAPE CREEK LLC","permit":"16363-001","outfall":"001","status":"P","dtype":"D","county":"GILLESPIE","segment":"1414"},"geometry":{"type":"Point","coordinates":[-98.7094,30.2131]}},
{"type":"Feature","properties":{"permittee":"REIT GROUP LEANDER SPRINGS HOLDINGS LLC","permit":"05428-000","outfall":"001","status":"P","dtype":"W","county":"WILLIAMSON","segment":"1244"},"geometry":{"type":"Point","coordinates":[-97.8389,30.5798]}},
{"type":"Feature","properties":{"permittee":"JARRELL ESTATES TX WW LLC","permit":"16321-001","outfall":"001","status":"P","dtype":"D","county":"WILLIAMSON","segment":"1243"},"geometry":{"type":"Point","coordinates":[-97.6953,30.8347]}},
{"type":"Feature","properties":{"permittee":"SJWTX INC AND MARY JANE CIELENCKI","permit":"16052-001","outfall":"001","status":"C","dtype":"D","county":"COMAL","segment":"1806"},"geometry":{"type":"Point","coordinates":[-98.4127,29.9261]}},
{"type":"Feature","properties":{"permittee":"GREEN VALLEY SUD","permit":"15917-001","outfall":"001","status":"C","dtype":"D","county":"BEXAR","segment":"1902"},"geometry":{"type":"Point","coordinates":[-98.19,29.4705]}},
{"type":"Feature","properties":{"permittee":"CAMINO REAL UTILITY COMPANY, LLC","permit":"15981-001","outfall":"001","status":"C","dtype":"D","county":"TRAVIS","segment":"1434"},"geometry":{"type":"Point","coordinates":[-97.6996,30.0728]}},
{"type":"Feature","properties":{"permittee":"MUSKET CORPORATION","permit":"05436-000","outfall":"001","status":"P","dtype":"W","county":"BEXAR","segment":"1911"},"geometry":{"type":"Point","coordinates":[-98.3419,29.2586]}},
{"type":"Feature","properties":{"permittee":"AGUILAS ROBLES LLC","permit":"15843-001","outfall":"001","status":"C","dtype":"D","county":"COMAL","segment":"1808"},"geometry":{"type":"Point","coordinates":[-98.0576,29.791]}},
{"type":"Feature","properties":{"permittee":"CRYSTAL CLEAR SUD","permit":"15966-001","outfall":"001","status":"C","dtype":"D","county":"COMAL","segment":"1808"},"geometry":{"type":"Point","coordinates":[-98.0573,29.7665]}},
{"type":"Feature","properties":{"permittee":"RATTLER RIDGE LLC","permit":"16049-001","outfall":"001","status":"P","dtype":"D","county":"GUADALUPE","segment":"1808"},"geometry":{"type":"Point","coordinates":[-97.9233,29.7873]}},
{"type":"Feature","properties":{"permittee":"GREENWOOD VENTURES GROUP LLC","permit":"16148-001","outfall":"001","status":"P","dtype":"D","county":"CALDWELL","segment":"1810"},"geometry":{"type":"Point","coordinates":[-97.6997,29.7953]}},
{"type":"Feature","properties":{"permittee":"LENNAR HOMES OF TX LAND & CONSTRUCTION; B. J. NEFF; J. R. MORRIS","permit":"16660-001","outfall":"001","status":"P","dtype":"D","county":"COMAL","segment":"1805"},"geometry":{"type":"Point","coordinates":[-98.2602,29.9584]}},
{"type":"Feature","properties":{"permittee":"PHAU-LOCKHART 450 LLC","permit":"16107-001","outfall":"001","status":"C","dtype":"D","county":"CALDWELL","segment":"1810"},"geometry":{"type":"Point","coordinates":[-97.737,29.8766]}},
{"type":"Feature","properties":{"permittee":"AQUA TEXAS INC","permit":"16350-001","outfall":"001","status":"P","dtype":"D","county":"HAYS","segment":"1808"},"geometry":{"type":"Point","coordinates":[-97.8431,29.9248]}},
{"type":"Feature","properties":{"permittee":"EPITOME DEVELOPMENT LLC","permit":"16226-001","outfall":"001","status":"C","dtype":"D","county":"WILLIAMSON","segment":"1244"},"geometry":{"type":"Point","coordinates":[-97.4424,30.5235]}},
{"type":"Feature","properties":{"permittee":"BL 12 HOLDINGS LLC","permit":"16297-001","outfall":"001","status":"P","dtype":"D","county":"CALDWELL","segment":"1808"},"geometry":{"type":"Point","coordinates":[-97.7678,29.7749]}},
{"type":"Feature","properties":{"permittee":"WRIGHT ROAD 1327 LLC","permit":"16302-001","outfall":"001","status":"C","dtype":"D","county":"TRAVIS","segment":"1434"},"geometry":{"type":"Point","coordinates":[-97.7502,30.0974]}},
{"type":"Feature","properties":{"permittee":"BELL COUNTY WATER CONTROL & IMPROVEMENT DISTRICT NO 2","permit":"11090-001","outfall":"001","status":"C","dtype":"D","county":"BELL","segment":"1213"},"geometry":{"type":"Point","coordinates":[-97.3427,30.9716]}},
{"type":"Feature","properties":{"permittee":"SOUTH CENTRAL WATER COMPANY","permit":"16503-001","outfall":"001","status":"p","dtype":"D","county":"WILLIAMSON","segment":"1244"},"geometry":{"type":"Point","coordinates":[-97.4457,30.6106]}},
{"type":"Feature","properties":{"permittee":"Mustang Springs Utilities, LLC","permit":"16524-001","outfall":"001","status":"P","dtype":"D","county":"BELL","segment":"1243"},"geometry":{"type":"Point","coordinates":[-97.638,30.9351]}},
{"type":"Feature","properties":{"permittee":"BGICO, LLC","permit":"16568-001","outfall":"001","status":"P","dtype":"D","county":"TRAVIS","segment":"1428"},"geometry":{"type":"Point","coordinates":[-97.741,30.1004]}},
{"type":"Feature","properties":{"permittee":"GRBK EDGEWOOD LLC AND R & ROHDE FARMS LLD","permit":"16601-001","outfall":"001","status":"P","dtype":"D","county":"WILLIAMSON","segment":"1244"},"geometry":{"type":"Point","coordinates":[-97.479,30.5989]}},
{"type":"Feature","properties":{"permittee":"CTX MANAGEMENT HOLDINGS LLC","permit":"16016-001","outfall":"001","status":"C","dtype":"W","county":"BASTROP","segment":"1434"},"geometry":{"type":"Point","coordinates":[-97.5604,30.0883]}},
{"type":"Feature","properties":{"permittee":"S7 PARTNERSHIP GP INC","permit":"16467-001","outfall":"001","status":"P","dtype":"D","county":"WILLIAMSON","segment":"1248"},"geometry":{"type":"Point","coordinates":[-97.8233,30.8067]}},
{"type":"Feature","properties":{"permittee":"THE VANTAGE AUSTIN LLC","permit":"16132-001","outfall":"001","status":"C","dtype":"D","county":"WILLIAMSON","segment":"1248"},"geometry":{"type":"Point","coordinates":[-97.606,30.6959]}},
{"type":"Feature","properties":{"permittee":"TERRELL TIMMERMANN FARMS, LP","permit":"16842-001","outfall":"001","status":"P","dtype":"D","county":"WILLIAMSON","segment":"1244"},"geometry":{"type":"Point","coordinates":[-97.3983,30.4886]}},
{"type":"Feature","properties":{"permittee":"SOUTH CENTRAL WATER CO.","permit":"16585-001","outfall":"001","status":"P","dtype":"D","county":"WILLIAMSON","segment":"1248"},"geometry":{"type":"Point","coordinates":[-97.5922,30.6116]}},
{"type":"Feature","properties":{"permittee":"SOUTH CENTRAL WATER COMPANY","permit":"16886-001","outfall":"001","status":"P","dtype":"D","county":"BELL","segment":"1213"},"geometry":{"type":"Point","coordinates":[-97.3065,30.8249]}},
{"type":"Feature","properties":{"permittee":"CITY OF BULVERDE","permit":"15038-001","outfall":"001","status":"C","dtype":"D","county":"COMAL","segment":"1806"},"geometry":{"type":"Point","coordinates":[-98.4224,29.8116]}},
{"type":"Feature","properties":{"permittee":"ATLANTIS WKA BASTROP LLC","permit":"16210-001","outfall":"001","status":"P","dtype":"D","county":"BASTROP","segment":"1428"},"geometry":{"type":"Point","coordinates":[-97.5306,30.1602]}},
{"type":"Feature","properties":{"permittee":"CATALAUNIAN LLC AND CRYSTAL CLEAR SPECIAL UTILITY DISTRICT","permit":"16450-001","outfall":"001","status":"P","dtype":"D","county":"COMAL","segment":"1808"},"geometry":{"type":"Point","coordinates":[-98.056,29.7892]}},
{"type":"Feature","properties":{"permittee":"ALLIED DEVELOPMENT LLC","permit":"16475-001","outfall":"001","status":"P","dtype":"D","county":"HAYS","segment":"1427"},"geometry":{"type":"Point","coordinates":[-98.07,30.1584]}},
{"type":"Feature","properties":{"permittee":"CAMP FOR ALL FOUNDATION","permit":"16493-001","outfall":"001","status":"P","dtype":"D","county":"WASHINGTON","segment":"1202"},"geometry":{"type":"Point","coordinates":[-96.3135,30.1071]}},
{"type":"Feature","properties":{"permittee":"ELGIN 104 HOLDINGS, LLC","permit":"16520-001","outfall":"001","status":"P","dtype":"D","county":"TRAVIS","segment":"1434"},"geometry":{"type":"Point","coordinates":[-97.4191,30.3999]}},
{"type":"Feature","properties":{"permittee":"GUADALUPE-BLANCO RIVER AUTHORITY","permit":"14377-001","outfall":"002","status":"C","dtype":"W","county":"HAYS","segment":"1810"},"geometry":{"type":"Point","coordinates":[-97.8003,30.0663]}},
{"type":"Feature","properties":{"permittee":"GUADALUPE-BLANCO RIVER AUTHORITY","permit":"14377-001","outfall":"003","status":"C","dtype":"W","county":"HAYS","segment":"1810"},"geometry":{"type":"Point","coordinates":[-97.7963,30.0823]}},
{"type":"Feature","properties":{"permittee":"CAYETANO DEVELOPMENT LLC","permit":"16188-001","outfall":"001","status":"C","dtype":"D","county":"CALDWELL","segment":"1434"},"geometry":{"type":"Point","coordinates":[-97.6137,30.0366]}},
{"type":"Feature","properties":{"permittee":"ENTERPRISE PRODUCTS OPERATING LLC","permit":"05371-000","outfall":"001","status":"P","dtype":"W","county":"LAVACA","segment":"1602"},"geometry":{"type":"Point","coordinates":[-97.1069,29.3427]}},
{"type":"Feature","properties":{"permittee":"CITY OF MANOR","permit":"16712-001","outfall":"001","status":"P","dtype":"D","county":"TRAVIS","segment":"1434"},"geometry":{"type":"Point","coordinates":[-97.4639,30.3171]}},
{"type":"Feature","properties":{"permittee":"PLUM CREEK UTILITY CO LLC","permit":"15635-002","outfall":"001","status":"C","dtype":"D","county":"CALDWELL","segment":"1810"},"geometry":{"type":"Point","coordinates":[-97.8119,29.9277]}},
{"type":"Feature","properties":{"permittee":"FLYING BAR D RANCH LTD","permit":"16485-001","outfall":"001","status":"P","dtype":"D","county":"GUADALUPE","segment":"1804"},"geometry":{"type":"Point","coordinates":[-98.003,29.5159]}},
{"type":"Feature","properties":{"permittee":"BAR H RANCHES PARTNERSHIP LTD","permit":"16702-001","outfall":"001","status":"P","dtype":"D","county":"CALDWELL","segment":"1810"},"geometry":{"type":"Point","coordinates":[-97.6723,29.7944]}},
{"type":"Feature","properties":{"permittee":"CITY OF MARLIN","permit":"10110-004","outfall":"001","status":"P","dtype":"W","county":"FALLS","segment":"1242"},"geometry":{"type":"Point","coordinates":[-96.9306,31.2578]}},
{"type":"Feature","properties":{"permittee":"VALE BUILDING GROUP LLC","permit":"16212-001","outfall":"001","status":"P","dtype":"D","county":"WILLIAMSON","segment":"1248"},"geometry":{"type":"Point","coordinates":[-97.5934,30.6877]}},
{"type":"Feature","properties":{"permittee":"TEXAS DEPARTMENT OF TRANSPORTATION","permit":"14647-001","outfall":"001","status":"C","dtype":"D","county":"BELL","segment":"1243"},"geometry":{"type":"Point","coordinates":[-97.5564,30.9045]}},
{"type":"Feature","properties":{"permittee":"MUSTANG RIDGE LLC","permit":"15905-001","outfall":"001","status":"C","dtype":"W","county":"TRAVIS","segment":"1434"},"geometry":{"type":"Point","coordinates":[-97.7042,30.0929]}},
{"type":"Feature","properties":{"permittee":"DAVAUS THREE LP","permit":"16020-001","outfall":"001","status":"C","dtype":"D","county":"TRAVIS","segment":"1434"},"geometry":{"type":"Point","coordinates":[-97.694,30.05]}},
{"type":"Feature","properties":{"permittee":"CITY OF BRYAN","permit":"15930-001","outfall":"001","status":"C","dtype":"W","county":"BRAZOS","segment":"1209"},"geometry":{"type":"Point","coordinates":[-96.2265,30.649]}},
{"type":"Feature","properties":{"permittee":"JTX LAND HOLDINGS LLC","permit":"16207-001","outfall":"001","status":"C","dtype":"D","county":"BELL","segment":"1243"},"geometry":{"type":"Point","coordinates":[-97.625,30.8704]}},
{"type":"Feature","properties":{"permittee":"SPACE EXPLORATION TECHNOLOGIES CORP","permit":"05512-000","outfall":"004","status":"C","dtype":"W","county":"MCLENNAN","segment":"1246"},"geometry":{"type":"Point","coordinates":[-97.4443,31.3951]}},
{"type":"Feature","properties":{"permittee":"SPACE EXPLORATION TECHNOLOGIES CORP","permit":"05512-000","outfall":"005","status":"C","dtype":"W","county":"MCLENNAN","segment":"1246"},"geometry":{"type":"Point","coordinates":[-97.442,31.3854]}},
{"type":"Feature","properties":{"permittee":"SPACE EXPLORATION TECHNOLOGIES CORP","permit":"05512-000","outfall":"007","status":"C","dtype":"W","county":"MCLENNAN","segment":"1246"},"geometry":{"type":"Point","coordinates":[-97.4525,31.3806]}},
{"type":"Feature","properties":{"permittee":"CITY OF SEGUIN","permit":"10277-003","outfall":"002","status":"C","dtype":"W","county":"GUADALUPE","segment":"1804"},"geometry":{"type":"Point","coordinates":[-97.914,29.5411]}},
{"type":"Feature","properties":{"permittee":"HIGHLANDER REAL ESTATE PARTNERS LLC","permit":"16163-001","outfall":"001","status":"C","dtype":"D","county":"HAYS","segment":"1808"},"geometry":{"type":"Point","coordinates":[-97.9537,29.8007]}},
{"type":"Feature","properties":{"permittee":"SOUTHSTAR COMMUNITIES LLC","permit":"15978-001","outfall":"001","status":"C","dtype":"D","county":"COMAL","segment":"1808"},"geometry":{"type":"Point","coordinates":[-98.0335,29.7464]}},
{"type":"Feature","properties":{"permittee":"SOUTH CENTRAL WATER COMPANY AND WHITIS LAND INVESTMENTS LTD","permit":"16330-001","outfall":"001","status":"P","dtype":"D","county":"BELL","segment":"1243"},"geometry":{"type":"Point","coordinates":[-97.5922,30.8979]}},
{"type":"Feature","properties":{"permittee":"CORIX UTILITIES TEXAS INC","permit":"16328-001","outfall":"001","status":"C","dtype":"D","county":"BASTROP","segment":"1434"},"geometry":{"type":"Point","coordinates":[-97.584,30.07]}},
{"type":"Feature","properties":{"permittee":"SPACE EXPLORATION TECHNOLOGIES CORP","permit":"05512-000","outfall":"013","status":"C","dtype":"W","county":"MCLENNAN","segment":"1246"},"geometry":{"type":"Point","coordinates":[-97.4519,31.4186]}},
{"type":"Feature","properties":{"permittee":"MUNICIPAL OPERATIONS LLC","permit":"16171-001","outfall":"001","status":"P","dtype":"W","county":"BEXAR","segment":"1906"},"geometry":{"type":"Point","coordinates":[-98.6976,29.6539]}},
{"type":"Feature","properties":{"permittee":"BARTLETT FARM LLC","permit":"16469-001","outfall":"001","status":"P","dtype":"D","county":"WILLIAMSON","segment":"1213"},"geometry":{"type":"Point","coordinates":[-97.4371,30.7796]}},
{"type":"Feature","properties":{"permittee":"CAMINO REAL UTILITY COMPANY LLC","permit":"16059-001","outfall":"001","status":"C","dtype":"D","county":"CALDWELL","segment":"1434"},"geometry":{"type":"Point","coordinates":[-97.6689,30.0321]}},
{"type":"Feature","properties":{"permittee":"CONTINENTAL HOMES OF TEXAS LP","permit":"15948-001","outfall":"001","status":"C","dtype":"D","county":"TRAVIS","segment":"1434"},"geometry":{"type":"Point","coordinates":[-97.6803,30.0636]}},
{"type":"Feature","properties":{"permittee":"SOUTH CENTRAL WATER COMPANY","permit":"16406-001","outfall":"001","status":"P","dtype":"D","county":"TRAVIS","segment":"1434"},"geometry":{"type":"Point","coordinates":[-97.5089,30.2913]}},
{"type":"Feature","properties":{"permittee":"CSW TAYLOR 973 LP","permit":"16438-001","outfall":"001","status":"P","dtype":"D","county":"WILLIAMSON","segment":"1244"},"geometry":{"type":"Point","coordinates":[-97.4389,30.532]}},
{"type":"Feature","properties":{"permittee":"CRYSTAL CLEAR SUD AND MCLB LAND LLC","permit":"15266-002","outfall":"001","status":"C","dtype":"D","county":"HAYS","segment":"1808"},"geometry":{"type":"Point","coordinates":[-97.9967,29.8014]}},
{"type":"Feature","properties":{"permittee":"CREEDMOOR MUNICIPAL UTILITY DISTRICT","permit":"16106-001","outfall":"001","status":"C","dtype":"D","county":"TRAVIS","segment":"1434"},"geometry":{"type":"Point","coordinates":[-97.7284,30.0873]}},
{"type":"Feature","properties":{"permittee":"THEON RANCHES LP","permit":"16179-001","outfall":"001","status":"C","dtype":"D","county":"WILLIAMSON","segment":"1247"},"geometry":{"type":"Point","coordinates":[-97.6117,30.7729]}},
{"type":"Feature","properties":{"permittee":"ALTO PICCO BASTROP LLC","permit":"16946-001","outfall":"001","status":"P","dtype":"D","county":"BASTROP","segment":"1434"},"geometry":{"type":"Point","coordinates":[-97.3327,30.1424]}},
{"type":"Feature","properties":{"permittee":"HILLWOOD ENTERPRISE LP","permit":"16395-001","outfall":"001","status":"P","dtype":"D","county":"WILLIAMSON","segment":"1248"},"geometry":{"type":"Point","coordinates":[-97.6156,30.596]}},
{"type":"Feature","properties":{"permittee":"CEDAR CREEK MH LLC","permit":"16303-001","outfall":"001","status":"P","dtype":"D","county":"BASTROP","segment":"1428"},"geometry":{"type":"Point","coordinates":[-97.5257,30.1727]}},
{"type":"Feature","properties":{"permittee":"L B SIMPSON, LLC","permit":"16236-001","outfall":"001","status":"C","dtype":"D","county":"HAYS","segment":"1810"},"geometry":{"type":"Point","coordinates":[-97.7698,30.0043]}},
{"type":"Feature","properties":{"permittee":"GATEWAY OASIS V LLC","permit":"15958-001","outfall":"001","status":"C","dtype":"D","county":"TRAVIS","segment":"1428"},"geometry":{"type":"Point","coordinates":[-97.7072,30.1158]}},
{"type":"Feature","properties":{"permittee":"CONTINENTAL HOMES OF TEXAS LP AND KY TEX PROPERTIES LLC","permit":"15940-001","outfall":"001","status":"C","dtype":"D","county":"HAYS","segment":"1810"},"geometry":{"type":"Point","coordinates":[-97.7737,30.0459]}},
{"type":"Feature","properties":{"permittee":"CITY OF THORNTON","permit":"10824-002","outfall":"001","status":"P","dtype":"D","county":"LIMESTONE","segment":"1209"},"geometry":{"type":"Point","coordinates":[-96.5812,31.4007]}},
{"type":"Feature","properties":{"permittee":"WALTON TEXAS LP","permit":"15918-001","outfall":"001","status":"P","dtype":"D","county":"CALDWELL","segment":"1808"},"geometry":{"type":"Point","coordinates":[-97.8369,29.85]}},
{"type":"Feature","properties":{"permittee":"AQUA UTILITIES INC","permit":"05206-000","outfall":"001","status":"P","dtype":"W","county":"MEDINA","segment":"1903"},"geometry":{"type":"Point","coordinates":[-98.8479,29.637]}},
{"type":"Feature","properties":{"permittee":"FLORENCE FM 970 VENTURES, LLC","permit":"16682-001","outfall":"001","status":"P","dtype":"D","county":"WILLIAMSON","segment":"1243"},"geometry":{"type":"Point","coordinates":[-97.7956,30.8263]}},
{"type":"Feature","properties":{"permittee":"EC ENTERPRISES LLC","permit":"15939-001","outfall":"001","status":"C","dtype":"D","county":"BEXAR","segment":"1911"},"geometry":{"type":"Point","coordinates":[-98.345,29.2139]}},
{"type":"Feature","properties":{"permittee":"EAST CENTRAL ISD","permit":"16514-001","outfall":"001","status":"P","dtype":"D","county":"BEXAR","segment":"1902"},"geometry":{"type":"Point","coordinates":[-98.2364,29.441]}},
{"type":"Feature","properties":{"permittee":"SOUTH CENTRAL WATER COMPANY","permit":"16922-001","outfall":"001","status":"P","dtype":"D","county":"BELL","segment":"1242"},"geometry":{"type":"Point","coordinates":[-97.2679,31.2491]}},
{"type":"Feature","properties":{"permittee":"PALOMINO ALPHA LLC","permit":"05514-000","outfall":"001","status":"P","dtype":"W","county":"GUADALUPE","segment":"1808"},"geometry":{"type":"Point","coordinates":[-97.9537,29.7714]}},
{"type":"Feature","properties":{"permittee":"SVAG INVESTMENTS LLC","permit":"16425-001","outfall":"001","status":"P","dtype":"D","county":"WILLIAMSON","segment":"1248"},"geometry":{"type":"Point","coordinates":[-97.806,30.7505]}},
{"type":"Feature","properties":{"permittee":"PLI-A, LP","permit":"16860-001","outfall":"001","status":"P","dtype":"D","county":"TRAVIS","segment":"1434"},"geometry":{"type":"Point","coordinates":[-97.6339,30.0935]}},
{"type":"Feature","properties":{"permittee":"HK REAL ESTATE DEVELOPMENT LLC","permit":"15784-001","outfall":"001","status":"P","dtype":"D","county":"HAYS","segment":"1808"},"geometry":{"type":"Point","coordinates":[-97.9106,29.8411]}},
{"type":"Feature","properties":{"permittee":"CREEK WW LLC","permit":"15849-001","outfall":"001","status":"C","dtype":"D","county":"BRAZOS","segment":"1209"},"geometry":{"type":"Point","coordinates":[-96.2349,30.4932]}},
{"type":"Feature","properties":{"permittee":"WILCO-THRALL 79 WWTP LLC","permit":"16391-001","outfall":"001","status":"P","dtype":"W","county":"WILLIAMSON","segment":"1244"},"geometry":{"type":"Point","coordinates":[-97.3225,30.5879]}},
{"type":"Feature","properties":{"permittee":"CITY OF ELGIN","permit":"16887-001","outfall":"001","status":"P","dtype":"W","county":"TRAVIS","segment":"1434"},"geometry":{"type":"Point","coordinates":[-97.449,30.328]}},
{"type":"Feature","properties":{"permittee":"SJWTX INC","permit":"16957-001","outfall":"001","status":"P","dtype":"D","county":"KENDALL","segment":"1908"},"geometry":{"type":"Point","coordinates":[-98.7506,29.7796]}},
{"type":"Feature","properties":{"permittee":"CITY OF SAN MARCOS","permit":"15817-001","outfall":"001","status":"C","dtype":"D","county":"GUADALUPE","segment":"1808"},"geometry":{"type":"Point","coordinates":[-97.9145,29.8132]}},
{"type":"Feature","properties":{"permittee":"SWWC UTILITIES INC","permit":"16022-001","outfall":"001","status":"C","dtype":"D","county":"TRAVIS","segment":"1434"},"geometry":{"type":"Point","coordinates":[-97.5382,30.3335]}},
{"type":"Feature","properties":{"permittee":"CITY OF CAMERON","permit":"10004-003","outfall":"001","status":"P","dtype":"W","county":"MILAM","segment":"1213"},"geometry":{"type":"Point","coordinates":[-96.9661,30.8452]}},
{"type":"Feature","properties":{"permittee":"CHISHOLM HILL LP","permit":"16177-001","outfall":"001","status":"C","dtype":"D","county":"CALDWELL","segment":"1810"},"geometry":{"type":"Point","coordinates":[-97.7343,29.8568]}},
{"type":"Feature","properties":{"permittee":"HUTTO 525 DEVELOPMENT PARTNERS LP","permit":"15998-001","outfall":"001","status":"C","dtype":"D","county":"WILLIAMSON","segment":"1244"},"geometry":{"type":"Point","coordinates":[-97.5115,30.5866]}},
{"type":"Feature","properties":{"permittee":"SMILING MALLARD DEVELOPMENT LTD","permit":"16077-001","outfall":"001","status":"P","dtype":"D","county":"BRAZOS","segment":"1209"},"geometry":{"type":"Point","coordinates":[-96.2329,30.5271]}},
{"type":"Feature","properties":{"permittee":"LEGACY HOUSING CORPORATION","permit":"15766-001","outfall":"001","status":"C","dtype":"D","county":"BASTROP","segment":"1434"},"geometry":{"type":"Point","coordinates":[-97.5818,30.0917]}},
{"type":"Feature","properties":{"permittee":"CIVITAS AT HUTTO LLC","permit":"16063-001","outfall":"001","status":"C","dtype":"D","county":"WILLIAMSON","segment":"1244"},"geometry":{"type":"Point","coordinates":[-97.5093,30.571]}},
{"type":"Feature","properties":{"permittee":"MRC UTILITY CO LLC","permit":"15822-001","outfall":"001","status":"C","dtype":"D","county":"TRAVIS","segment":"1434"},"geometry":{"type":"Point","coordinates":[-97.7094,30.0781]}},
{"type":"Feature","properties":{"permittee":"CITY OF ELMENDORF","permit":"15962-001","outfall":"001","status":"C","dtype":"D","county":"BEXAR","segment":"1911"},"geometry":{"type":"Point","coordinates":[-98.2977,29.2549]}},
{"type":"Feature","properties":{"permittee":"CITY OF BERTRAM","permit":"16074-001","outfall":"001","status":"C","dtype":"D","county":"BURNET","segment":"1250"},"geometry":{"type":"Point","coordinates":[-98.0836,30.7465]}},
{"type":"Feature","properties":{"permittee":"CIVITAS AT BUDA LLC","permit":"16154-001","outfall":"001","status":"C","dtype":"D","county":"HAYS","segment":"1810"},"geometry":{"type":"Point","coordinates":[-97.7537,30.0537]}},
{"type":"Feature","properties":{"permittee":"AUSTIN MARK VENTURES LLC","permit":"16149-001","outfall":"001","status":"C","dtype":"D","county":"GUADALUPE","segment":"1808"},"geometry":{"type":"Point","coordinates":[-97.85,29.7873]}},
{"type":"Feature","properties":{"permittee":"HIGH TEN JARRELL 115, LLC","permit":"16565-001","outfall":"001","status":"P","dtype":"D","county":"WILLIAMSON","segment":"1213"},"geometry":{"type":"Point","coordinates":[-97.5848,30.8504]}},
{"type":"Feature","properties":{"permittee":"SOUTH CENTRAL WATER COMPANY","permit":"16548-001","outfall":"001","status":"P","dtype":"D","county":"BELL","segment":"1242"},"geometry":{"type":"Point","coordinates":[-97.28,31.2686]}},
{"type":"Feature","properties":{"permittee":"LAKSHMI LAND GROUP LLC","permit":"16549-001","outfall":"001","status":"P","dtype":"D","county":"WILLIAMSON","segment":"1248"},"geometry":{"type":"Point","coordinates":[-97.5126,30.6375]}},
{"type":"Feature","properties":{"permittee":"GRAM VIKAS PARTNERS INC","permit":"15990-001","outfall":"001","status":"C","dtype":"D","county":"COMAL","segment":"1808"},"geometry":{"type":"Point","coordinates":[-98.0058,29.7444]}},
{"type":"Feature","properties":{"permittee":"SCHULLE FARM PARTNERS LP","permit":"16590-001","outfall":"001","status":"P","dtype":"D","county":"CALDWELL","segment":"1810"},"geometry":{"type":"Point","coordinates":[-97.7844,29.8907]}},
{"type":"Feature","properties":{"permittee":"EAST WILLIAMSON COUNTY MUNICIPAL UTILTY DISTRICT NO 1","permit":"16351-001","outfall":"001","status":"P","dtype":"D","county":"WILLIAMSON","segment":"1248"},"geometry":{"type":"Point","coordinates":[-97.5732,30.6549]}},
{"type":"Feature","properties":{"permittee":"NEW BRAUNFELS UTILITIES","permit":"10232-001","outfall":"002","status":"C","dtype":"W","county":"COMAL","segment":"1804"},"geometry":{"type":"Point","coordinates":[-98.0994,29.6864]}},
{"type":"Feature","properties":{"permittee":"HK BELLAS RANCH, LLC","permit":"16844-001","outfall":"001","status":"P","dtype":"W","county":"WILSON","segment":"1911"},"geometry":{"type":"Point","coordinates":[-98.1877,29.2122]}},
{"type":"Feature","properties":{"permittee":"DONNA F. ARMSTRONG & JOHNNIE B. ARMSTRONG","permit":"16864-001","outfall":"001","status":"P","dtype":"D","county":"WILLIAMSON","segment":"1248"},"geometry":{"type":"Point","coordinates":[-97.5809,30.6784]}},
{"type":"Feature","properties":{"permittee":"SCHOOLFIELD-GROUNDWORK VENTURE, LLC","permit":"16824-001","outfall":"001","status":"P","dtype":"D","county":"TRAVIS","segment":"1428"},"geometry":{"type":"Point","coordinates":[-97.5501,30.2991]}},
{"type":"Feature","properties":{"permittee":"SILVER CROSSING, LLC","permit":"16876-001","outfall":"001","status":"P","dtype":"D","county":"CALDWELL","segment":"1808"},"geometry":{"type":"Point","coordinates":[-97.8357,29.8436]}},
{"type":"Feature","properties":{"permittee":"CITY OF TROY","permit":"15847-001","outfall":"001","status":"C","dtype":"D","county":"BELL","segment":"1213"},"geometry":{"type":"Point","coordinates":[-97.295,31.2171]}},
{"type":"Feature","properties":{"permittee":"LENNAR HOMES OF TEXAS LAND & CONSTRUCTION, LTD","permit":"16644-001","outfall":"001","status":"P","dtype":"D","county":"KENDALL","segment":"1806"},"geometry":{"type":"Point","coordinates":[-98.9049,30.0313]}},
{"type":"Feature","properties":{"permittee":"PINE WORKS LLC","permit":"17010-001","outfall":"001","status":"P","dtype":"D","county":"WILLIAMSON","segment":"1250"},"geometry":{"type":"Point","coordinates":[-97.9136,30.6226]}},
{"type":"Feature","properties":{"permittee":"SEALY 300 LP","permit":"17016-001","outfall":"001","status":"P","dtype":"D","county":"AUSTIN","segment":"1202"},"geometry":{"type":"Point","coordinates":[-96.2041,29.8147]}},
{"type":"Feature","properties":{"permittee":"NEW HORIZONS UTILITY LLC AND OPTIN HOLDINGS 1 LLC","permit":"16257-001","outfall":"001","status":"P","dtype":"W","county":"WILLIAMSON","segment":"1248"},"geometry":{"type":"Point","coordinates":[-97.614,30.5945]}},
{"type":"Feature","properties":{"permittee":"G. R. LEE HOLDINGS LLC & SAN GABRIEL RANCH II LLC","permit":"16960-001","outfall":"001","status":"P","dtype":"W","county":"BURNET","segment":"1250"},"geometry":{"type":"Point","coordinates":[-98.0179,30.7131]}},
{"type":"Feature","properties":{"permittee":"NMCV TAYLOR PROPERTY INVESTMENTS, LLC","permit":"16554-001","outfall":"001","status":"C","dtype":"D","county":"WILLIAMSON","segment":"1244"},"geometry":{"type":"Point","coordinates":[-97.3588,30.5655]}},
{"type":"Feature","properties":{"permittee":"SOUTH CENTRAL WATER COMPANY","permit":"16891-001","outfall":"001","status":"P","dtype":"D","county":"WILLIAMSON","segment":"1244"},"geometry":{"type":"Point","coordinates":[-97.2161,30.5385]}},
{"type":"Feature","properties":{"permittee":"TEXAS DEPT. OF PUBLIC SAFETY","permit":"16819-001","outfall":"001","status":"P","dtype":"D","county":"WILLIAMSON","segment":"1243"},"geometry":{"type":"Point","coordinates":[-97.7611,30.812]}},
{"type":"Feature","properties":{"permittee":"PLI I-B, LLC","permit":"16847-001","outfall":"001","status":"P","dtype":"D","county":"GUADALUPE","segment":"1808"},"geometry":{"type":"Point","coordinates":[-97.8692,29.8332]}},
{"type":"Feature","properties":{"permittee":"SOUTH CENTRAL WATER COMPANY","permit":"16608-001","outfall":"001","status":"P","dtype":"D","county":"BELL","segment":"1213"},"geometry":{"type":"Point","coordinates":[-97.3531,30.8838]}},
{"type":"Feature","properties":{"permittee":"TACK REDWOOD PARTNERS","permit":"16220-001","outfall":"001","status":"P","dtype":"D","county":"CALDWELL","segment":"1810"},"geometry":{"type":"Point","coordinates":[-97.7555,29.8485]}},
{"type":"Feature","properties":{"permittee":"FOREST GLEN UTILITY COMPANY","permit":"16192-001","outfall":"001","status":"C","dtype":"D","county":"MEDINA","segment":"1903"},"geometry":{"type":"Point","coordinates":[-98.8865,29.4269]}},
{"type":"Feature","properties":{"permittee":"SOUTH CENTRAL WATER COMPANY","permit":"16422-001","outfall":"001","status":"P","dtype":"D","county":"CALDWELL","segment":"1808"},"geometry":{"type":"Point","coordinates":[-97.7463,29.7268]}},
{"type":"Feature","properties":{"permittee":"CITY OF GEORGETOWN","permit":"10489-008","outfall":"001","status":"P","dtype":"W","county":"WILLIAMSON","segment":"1248"},"geometry":{"type":"Point","coordinates":[-97.6117,30.6712]}},
{"type":"Feature","properties":{"permittee":"CITY OF SAN MARCOS","permit":"16808-001","outfall":"001","status":"P","dtype":"W","county":"GUADALUPE","segment":"1808"},"geometry":{"type":"Point","coordinates":[-97.914,29.812]}},
{"type":"Feature","properties":{"permittee":"CAMINO REAL UTILITY COMPANY, LLC","permit":"16594-001","outfall":"001","status":"P","dtype":"D","county":"CALDWELL","segment":"1810"},"geometry":{"type":"Point","coordinates":[-97.6979,30.0175]}},
{"type":"Feature","properties":{"permittee":"RED ANTLER INTERESTS, LLC","permit":"16709-001","outfall":"001","status":"P","dtype":"D","county":"FAYETTE","segment":"1402"},"geometry":{"type":"Point","coordinates":[-96.691,30.0726]}},
{"type":"Feature","properties":{"permittee":"OP III ATX GEORGETOWN 220 LP","permit":"16474-001","outfall":"001","status":"P","dtype":"D","county":"WILLIAMSON","segment":"1248"},"geometry":{"type":"Point","coordinates":[-97.6072,30.5994]}},
{"type":"Feature","properties":{"permittee":"CLAY PARTNERS-MUSTANG RIDGE LAND #1 LP","permit":"16484-001","outfall":"001","status":"P","dtype":"D","county":"TRAVIS","segment":"1434"},"geometry":{"type":"Point","coordinates":[-97.6972,30.0881]}},
{"type":"Feature","properties":{"permittee":"WILLIAMSON COUNTY MUD 16","permit":"15000-002","outfall":"001","status":"C","dtype":"D","county":"WILLIAMSON","segment":"1248"},"geometry":{"type":"Point","coordinates":[-97.567,30.6364]}},
{"type":"Feature","properties":{"permittee":"221 GRANGER ROAD LLC","permit":"16418-001","outfall":"001","status":"P","dtype":"D","county":"BELL","segment":"1243"},"geometry":{"type":"Point","coordinates":[-97.5886,30.8954]}},
{"type":"Feature","properties":{"permittee":"SOUTHWIND LAND LLC","permit":"16639-001","outfall":"001","status":"P","dtype":"D","county":"WILSON","segment":"1911"},"geometry":{"type":"Point","coordinates":[-98.1524,29.2002]}},
{"type":"Feature","properties":{"permittee":"DEL SOL WWTP, LLC","permit":"16641-001","outfall":"001","status":"P","dtype":"D","county":"BASTROP","segment":"1434"},"geometry":{"type":"Point","coordinates":[-97.2752,30.3072]}},
{"type":"Feature","properties":{"permittee":"PORTHOLE INVESTMENTS LLC","permit":"16988-001","outfall":"001","status":"P","dtype":"D","county":"CALDWELL","segment":"1808"},"geometry":{"type":"Point","coordinates":[-97.8076,29.8123]}},
{"type":"Feature","properties":{"permittee":"SANDOW MUNICIPAL DISTRICT NO 1","permit":"16846-001","outfall":"001","status":"P","dtype":"D","county":"LEE","segment":"1212"},"geometry":{"type":"Point","coordinates":[-97.1615,30.4386]}},
{"type":"Feature","properties":{"permittee":"SOUTH CENTRAL WATER COMPANY","permit":"16964-001","outfall":"001","status":"P","dtype":"D","county":"LEE","segment":"1402"},"geometry":{"type":"Point","coordinates":[-96.8376,30.166]}},
{"type":"Feature","properties":{"permittee":"183 258 LIBERTY HILL LLC","permit":"16517-001","outfall":"001","status":"P","dtype":"D","county":"WILLIAMSON","segment":"1250"},"geometry":{"type":"Point","coordinates":[-97.8769,30.665]}},
{"type":"Feature","properties":{"permittee":"AUSTIN HABITAT FOR THE GOOD LLC","permit":"16661-001","outfall":"001","status":"P","dtype":"D","county":"TRAVIS","segment":"1428"},"geometry":{"type":"Point","coordinates":[-97.5489,30.2155]}},
{"type":"Feature","properties":{"permittee":"SOUTH CENTRAL WATER COMPANY","permit":"16923-001","outfall":"001","status":"P","dtype":"D","county":"AUSTIN","segment":"1302"},"geometry":{"type":"Point","coordinates":[-96.2495,29.7383]}},
{"type":"Feature","properties":{"permittee":"REGAL LLC","permit":"15836-001","outfall":"001","status":"C","dtype":"D","county":"GUADALUPE","segment":"1808"},"geometry":{"type":"Point","coordinates":[-97.9672,29.7517]}},
{"type":"Feature","properties":{"permittee":"INTEGRA WATER TEXAS LLC AND SHERRY LOVE DILL","permit":"15804-001","outfall":"001","status":"C","dtype":"D","county":"BASTROP","segment":"1434"},"geometry":{"type":"Point","coordinates":[-97.6139,30.064]}},
{"type":"Feature","properties":{"permittee":"MCELMO CREEK, LLC","permit":"16638-001","outfall":"001","status":"P","dtype":"D","county":"CALDWELL","segment":"1810"},"geometry":{"type":"Point","coordinates":[-97.6834,29.9421]}},
{"type":"Feature","properties":{"permittee":"GRBK EDGEWOOD, LLC","permit":"16606-001","outfall":"001","status":"P","dtype":"D","county":"HAYS","segment":"1810"},"geometry":{"type":"Point","coordinates":[-97.7637,30.0431]}},
{"type":"Feature","properties":{"permittee":"CITY OF MULLIN","permit":"13758-002","outfall":"001","status":"C","dtype":"D","county":"MILLS","segment":"1417"},"geometry":{"type":"Point","coordinates":[-98.665,31.5513]}},
{"type":"Feature","properties":{"permittee":"GREAT ESCAPES OPPORTUNITY ZONE FUND LLC","permit":"16936-001","outfall":"001","status":"C","dtype":"D","county":"TRAVIS","segment":"1434"},"geometry":{"type":"Point","coordinates":[-97.629,30.115]}},
{"type":"Feature","properties":{"permittee":"SOUTH CENTRAL WATER COMPANY","permit":"16385-001","outfall":"001","status":"P","dtype":"D","county":"CALDWELL","segment":"1808"},"geometry":{"type":"Point","coordinates":[-97.7765,29.8338]}},
{"type":"Feature","properties":{"permittee":"DOUGLAS T HARRISON","permit":"16211-001","outfall":"001","status":"P","dtype":"D","county":"COMAL","segment":"1811"},"geometry":{"type":"Point","coordinates":[-98.325,29.7775]}},
{"type":"Feature","properties":{"permittee":"CITY PUBLIC SERVICE OF SAN ANTONIO","permit":"01517-000","outfall":"001","status":"C","dtype":"W","county":"BEXAR","segment":"1906"},"geometry":{"type":"Point","coordinates":[-98.5767,29.3525]}},
{"type":"Feature","properties":{"permittee":"SOUTH CENTRAL WATER COMPANY","permit":"16060-001","outfall":"001","status":"P","dtype":"D","county":"COMAL","segment":"1908"},"geometry":{"type":"Point","coordinates":[-98.411,29.753]}},
{"type":"Feature","properties":{"permittee":"BSLR RV FUND I, LP","permit":"16854-001","outfall":"001","status":"P","dtype":"D","county":"HAYS","segment":"1808"},"geometry":{"type":"Point","coordinates":[-98.0148,29.8114]}},
{"type":"Feature","properties":{"permittee":"STAFFORD DEVELOPMENT WWP LLC","permit":"16112-001","outfall":"001","status":"C","dtype":"D","county":"CALDWELL","segment":"1808"},"geometry":{"type":"Point","coordinates":[-97.8352,29.9093]}},
{"type":"Feature","properties":{"permittee":"CLAYTON PROPERTIES GROUP INC & MAXWELL SETTLEMENT TRUST","permit":"16878-001","outfall":"001","status":"P","dtype":"D","county":"HAYS","segment":"1810"},"geometry":{"type":"Point","coordinates":[-97.7761,30.0141]}},
{"type":"Feature","properties":{"permittee":"45 WILLIAMSON LLC","permit":"16376-001","outfall":"001","status":"P","dtype":"D","county":"TRAVIS","segment":"1434"},"geometry":{"type":"Point","coordinates":[-97.7382,30.0755]}},
{"type":"Feature","properties":{"permittee":"SEALY 922 LLC","permit":"16389-001","outfall":"001","status":"P","dtype":"D","county":"AUSTIN","segment":"1302"},"geometry":{"type":"Point","coordinates":[-96.2025,29.7096]}},
{"type":"Feature","properties":{"permittee":"LENNAR HOMES OF TX LAND & CONSTRUCTION, LTD.  KINGSBURY ESTATES, LLC","permit":"16653-001","outfall":"001","status":"P","dtype":"D","county":"GUADALUPE","segment":"1808"},"geometry":{"type":"Point","coordinates":[-97.8253,29.7365]}},
{"type":"Feature","properties":{"permittee":"SOUTH CENTRAL WATER COMPANY","permit":"16655-001","outfall":"001","status":"P","dtype":"D","county":"BASTROP","segment":"1434"},"geometry":{"type":"Point","coordinates":[-97.4991,30.0196]}},
{"type":"Feature","properties":{"permittee":"SOUTH CENTRAL WATER COMPANY","permit":"16642-001","outfall":"001","status":"P","dtype":"D","county":"WILLIAMSON","segment":"1248"},"geometry":{"type":"Point","coordinates":[-97.8219,30.7848]}},
{"type":"Feature","properties":{"permittee":"HUTTO 525 DEVELOPMENT PARTNERS, LP","permit":"15998-001","outfall":"002","status":"P","dtype":"D","county":"WILLIAMSON","segment":"1244"},"geometry":{"type":"Point","coordinates":[-97.5171,30.5926]}},
{"type":"Feature","properties":{"permittee":"HUTTO 525 DEVELOPMENT PARTNERS, LP","permit":"15998-001","outfall":"003","status":"P","dtype":"D","county":"WILLIAMSON","segment":"1244"},"geometry":{"type":"Point","coordinates":[-97.5261,30.5751]}},
{"type":"Feature","properties":{"permittee":"LIMMER HOLDINGS LLC","permit":"16462-001","outfall":"001","status":"P","dtype":"D","county":"WILLIAMSON","segment":"1244"},"geometry":{"type":"Point","coordinates":[-97.5805,30.5561]}},
{"type":"Feature","properties":{"permittee":"VINEYARD MUNICIPAL MANAGEMENT DISTRICT NO 1","permit":"15875-001","outfall":"001","status":"C","dtype":"D","county":"WILLIAMSON","segment":"1243"},"geometry":{"type":"Point","coordinates":[-97.7245,30.8435]}},
{"type":"Feature","properties":{"permittee":"DCP OPERATING COMPANY LP","permit":"05332-000","outfall":"001","status":"C","dtype":"W","county":"LAVACA","segment":"1605"},"geometry":{"type":"Point","coordinates":[-96.6788,29.338]}},
{"type":"Feature","properties":{"permittee":"NEW BRAUNFELS UTILITIES","permit":"10232-002","outfall":"001","status":"C","dtype":"W","county":"COMAL","segment":"1812"},"geometry":{"type":"Point","coordinates":[-98.1122,29.7275]}},
{"type":"Feature","properties":{"permittee":"PRAIRIE CROSSING WASTEWATER LLC","permit":"15850-001","outfall":"001","status":"C","dtype":"W","county":"WILLIAMSON","segment":"1244"},"geometry":{"type":"Point","coordinates":[-97.441,30.5034]}},
{"type":"Feature","properties":{"permittee":"GONZALES COUNTY WSC","permit":"15852-001","outfall":"001","status":"C","dtype":"W","county":"GONZALES","segment":"1804"},"geometry":{"type":"Point","coordinates":[-97.5989,29.5095]}},
{"type":"Feature","properties":{"permittee":"CITY OF BARTLETT","permit":"10880-001","outfall":"002","status":"P","dtype":"D","county":"BELL","segment":"1231"},"geometry":{"type":"Point","coordinates":[-97.4124,30.7976]}},
{"type":"Feature","properties":{"permittee":"SOUTH CENTRAL WATER COMPANY","permit":"16558-001","outfall":"001","status":"P","dtype":"D","county":"WILLIAMSON","segment":"1244"},"geometry":{"type":"Point","coordinates":[-97.2616,30.6213]}},
{"type":"Feature","properties":{"permittee":"CITY OF MART","permit":"16553-001","outfall":"001","status":"P","dtype":"D","county":"MCLENNAN","segment":"1242"},"geometry":{"type":"Point","coordinates":[-96.9319,31.5708]}},
{"type":"Feature","properties":{"permittee":"DEEP CREEK EDDY, LP","permit":"16528-001","outfall":"001","status":"P","dtype":"D","county":"BELL","segment":"1242"},"geometry":{"type":"Point","coordinates":[-97.2749,31.2729]}},
{"type":"Feature","properties":{"permittee":"GRAM VIKAS PARTNERS INC","permit":"15866-001","outfall":"001","status":"C","dtype":"D","county":"COMAL","segment":"1805"},"geometry":{"type":"Point","coordinates":[-98.3553,29.9533]}},
{"type":"Feature","properties":{"permittee":"LANZOLA MHP4 LP S1","permit":"16315-001","outfall":"001","status":"P","dtype":"D","county":"BASTROP","segment":"1434"},"geometry":{"type":"Point","coordinates":[-97.425,30.2315]}},
{"type":"Feature","properties":{"permittee":"SALADO CREEK MEADOW, LLC","permit":"16675-001","outfall":"001","status":"P","dtype":"D","county":"WILLIAMSON","segment":"1243"},"geometry":{"type":"Point","coordinates":[-97.7791,30.8284]}},
{"type":"Feature","properties":{"permittee":"TB COLLEGE STATION DEV LLC","permit":"16377-001","outfall":"001","status":"P","dtype":"D","county":"BRAZOS","segment":"1242"},"geometry":{"type":"Point","coordinates":[-96.3856,30.5856]}},
{"type":"Feature","properties":{"permittee":"CH ACQUISITIONS LLC & ANGELA E IRVINE IRREVOCABLE TRUST & DONALD P IRV","permit":"16908-001","outfall":"001","status":"P","dtype":"D","county":"WILLIAMSON","segment":"1248"},"geometry":{"type":"Point","coordinates":[-97.6423,30.7661]}},
{"type":"Feature","properties":{"permittee":"EPCOR SERVICES INC","permit":"05384-000","outfall":"001","status":"C","dtype":"W","county":"WILLIAMSON","segment":"1244"},"geometry":{"type":"Point","coordinates":[-97.432,30.5604]}}
]
}
