{
"type": "FeatureCollection",
"name": "SELECT",
"xy_coordinate_resolution": 0.0001,
"features": [
{"type":"Feature","properties":{"name":"Lower Trinity-Tehuacana","huc8":"12030201","sq_km":5454.54},"geometry":{"type":"Polygon","coordinates":[[[-96.2,31.7],[-96.5026,31.7],[-96.502,31.6984],[-96.5025,31.6975],[-96.4956,31.693],[-96.4977,31.6896],[-96.4907,31.6838],[-96.4882,31.6838],[-96.4865,31.6813],[-96.4852,31.6818],[-96.484,31.6826],[-96.4829,31.6857],[-96.4809,31.6869],[-96.4789,31.6905],[-96.4783,31.6904],[-96.4778,31.6892],[-96.4741,31.6867],[-96.4732,31.6795],[-96.4719,31.6777],[-96.4688,31.6776],[-96.4682,31.6718],[-96.4654,31.6711],[-96.4648,31.6697],[-96.4652,31.6679],[-96.4668,31.6663],[-96.4607,31.6637],[-96.4542,31.6667],[-96.4535,31.6678],[-96.4478,31.6655],[-96.4444,31.6666],[-96.4404,31.6657],[-96.4364,31.6706],[-96.4305,31.67],[-96.4288,31.6705],[-96.4281,31.6725],[-96.4248,31.6731],[-96.4247,31.6754],[-96.4232,31.6769],[-96.4222,31.6804],[-96.4201,31.6833],[-96.4149,31.6851],[-96.4129,31.684],[-96.4117,31.6849],[-96.4099,31.6849],[-96.409,31.6838],[-96.405,31.6819],[-96.4024,31.6834],[-96.4018,31.6853],[-96.3999,31.6853],[-96.3973,31.6862],[-96.3957,31.6899],[-96.3943,31.6904],[-96.3938,31.6921],[-96.3915,31.6936],[-96.3804,31.6939],[-96.3783,31.6912],[-96.3752,31.6901],[-96.3767,31.6857],[-96.3745,31.684],[-96.3743,31.683],[-96.3717,31.6814],[-96.37,31.682],[-96.3686,31.6803],[-96.3659,31.6806],[-96.3645,31.6833],[-96.3636,31.6826],[-96.3619,31.6834],[-96.3584,31.6807],[-96.3574,31.6816],[-96.3533,31.6799],[-96.3519,31.6821],[-96.3507,31.6821],[-96.3489,31.6833],[-96.3488,31.6856],[-96.3479,31.6861],[-96.3487,31.6891],[-96.347,31.6911],[-96.3438,31.6896],[-96.3393,31.6903],[-96.3345,31.6883],[-96.331,31.6894],[-96.3302,31.6884],[-96.3284,31.6883],[-96.3296,31.6856],[-96.3263,31.6816],[-96.3267,31.6795],[-96.3252,31.6765],[-96.3232,31.677],[-96.3219,31.6759],[-96.3172,31.6746],[-96.3157,31.6755],[-96.2948,31.6458],[-96.2919,31.6468],[-96.2904,31.6454],[-96.2885,31.6467],[-96.2878,31.6483],[-96.2829,31.6485],[-96.2823,31.6456],[-96.2827,31.6409],[-96.2814,31.6384],[-96.2808,31.6329],[-96.2817,31.6307],[-96.2789,31.6291],[-96.2768,31.6258],[-96.2766,31.6233],[-96.2752,31.6229],[-96.2732,31.6233],[-96.2689,31.6276],[-96.266,31.627],[-96.2664,31.63],[-96.2638,31.6319],[-96.2617,31.6303],[-96.2577,31.6305],[-96.2574,31.6296],[-96.2533,31.6272],[-96.2526,31.6261],[-96.2489,31.627],[-96.2472,31.625],[-96.2437,31.6234],[-96.2424,31.621],[-96.2411,31.6207],[-96.2387,31.6174],[-96.2342,31.6177],[-96.2321,31.613],[-96.2325,31.6097],[-96.2313,31.6062],[-96.2328,31.6047],[-96.2333,31.6029],[-96.2318,31.601],[-96.2262,31.5973],[-96.2257,31.5935],[-96.223,31.5937],[-96.2196,31.5951],[-96.2174,31.5918],[-96.2163,31.5913],[-96.2152,31.5895],[-96.2138,31.5893],[-96.2134,31.5839],[-96.2118,31.5831],[-96.2131,31.5723],[-96.2148,31.5702],[-96.2133,31.5654],[-96.211,31.5621],[-96.2118,31.5604],[-96.2141,31.5595],[-96.2148,31.5586],[-96.2125,31.5565],[-96.2131,31.5548],[-96.2149,31.5545],[-96.2162,31.5534],[-96.2155,31.5521],[-96.2174,31.5511],[-96.2167,31.5495],[-96.2148,31.5489],[-96.2135,31.5429],[-96.2148,31.5396],[-96.2167,31.5397],[-96.2187,31.5352],[-96.2203,31.5286],[-96.2145,31.5244],[-96.2157,31.5225],[-96.2143,31.5177],[-96.2168,31.5157],[-96.2176,31.5137],[-96.2163,31.5095],[-96.2169,31.5082],[-96.2161,31.5045],[-96.2183,31.5038],[-96.2183,31.5028],[-96.2213,31.501],[-96.2203,31.498],[-96.2149,31.4954],[-96.218,31.4896],[-96.219,31.4889],[-96.2186,31.4866],[-96.2174,31.485],[-96.2216,31.4832],[-96.2233,31.4786],[-96.2265,31.4774],[-96.2277,31.4757],[-96.228,31.4736],[-96.2272,31.4724],[-96.2238,31.4706],[-96.2234,31.4692],[-96.2193,31.4674],[-96.2169,31.4645],[-96.2159,31.4649],[-96.2136,31.4609],[-96.2147,31.4605],[-96.2162,31.4583],[-96.2172,31.4583],[-96.2177,31.4572],[-96.2196,31.4564],[-96.2188,31.453],[-96.2211,31.4522],[-96.2205,31.4509],[-96.2209,31.4495],[-96.219,31.4488],[-96.2172,31.446],[-96.2155,31.4464],[-96.2145,31.4486],[-96.2129,31.4492],[-96.2125,31.451],[-96.2101,31.4471],[-96.2085,31.4475],[-96.2063,31.4465],[-96.2044,31.4473],[-96.2039,31.4489],[-96.2011,31.4486],[-96.2,31.4501],[-96.2,31.7]]]}},
{"type":"Feature","properties":{"name":"San Saba","huc8":"12090109","sq_km":5947.3},"geometry":{"type":"Polygon","coordinates":[[[-99.0,31.1138],[-99.0,30.9357],[-98.9984,30.9372],[-98.9965,30.9369],[-98.9922,30.9336],[-98.9908,30.934],[-98.9896,30.9374],[-98.9876,30.9389],[-98.9884,30.9402],[-98.988,30.9415],[-98.9806,30.943],[-98.9754,30.9431],[-98.9757,30.9439],[-98.975,30.9449],[-98.9709,30.9445],[-98.972,30.9468],[-98.9708,30.9497],[-98.9691,30.9498],[-98.9665,30.9482],[-98.9616,30.9432],[-98.9584,30.9435],[-98.9553,30.9426],[-98.9521,30.9437],[-98.9521,30.9458],[-98.9469,30.948],[-98.9468,30.9505],[-98.9422,30.9508],[-98.9408,30.9502],[-98.9388,30.9512],[-98.9387,30.9531],[-98.9359,30.9573],[-98.9337,30.9583],[-98.9319,30.9578],[-98.9308,30.9563],[-98.9297,30.9569],[-98.9303,30.9615],[-98.9292,30.9621],[-98.929,30.9645],[-98.9307,30.9667],[-98.9292,30.968],[-98.9292,30.9706],[-98.927,30.9719],[-98.9253,30.9719],[-98.923,30.9709],[-98.9221,30.9689],[-98.9188,30.9706],[-98.9166,30.9726],[-98.9124,30.9737],[-98.9108,30.9778],[-98.9087,30.9773],[-98.9038,30.9732],[-98.8979,30.9852],[-98.8948,30.987],[-98.8884,30.9867],[-98.8861,30.9876],[-98.8837,30.9888],[-98.8822,30.9925],[-98.8794,30.9931],[-98.8721,30.9909],[-98.8701,30.9919],[-98.8691,30.9957],[-98.8672,30.9965],[-98.8668,31.0003],[-98.8685,31.0065],[-98.8716,31.0101],[-98.8691,31.0116],[-98.8685,31.0139],[-98.8717,31.0192],[-98.8674,31.0226],[-98.8662,31.0228],[-98.8629,31.0251],[-98.8607,31.0256],[-98.8581,31.0275],[-98.8566,31.0315],[-98.8549,31.0326],[-98.854,31.0342],[-98.8527,31.0335],[-98.8471,31.0366],[-98.835,31.0374],[-98.8333,31.0384],[-98.8323,31.0405],[-98.83,31.0398],[-98.8208,31.0448],[-98.8196,31.0436],[-98.8192,31.0413],[-98.8141,31.0398],[-98.8115,31.0403],[-98.8076,31.0438],[-98.8057,31.0439],[-98.8026,31.0487],[-98.8005,31.0483],[-98.7951,31.0519],[-98.7948,31.0542],[-98.7933,31.0551],[-98.7915,31.0548],[-98.7914,31.0594],[-98.7873,31.0593],[-98.7848,31.0615],[-98.7817,31.0605],[-98.7773,31.0669],[-98.7768,31.0736],[-98.7741,31.0756],[-98.7728,31.0751],[-98.7727,31.0743],[-98.7708,31.0729],[-98.7662,31.0716],[-98.765,31.0716],[-98.7644,31.0735],[-98.7618,31.0772],[-98.757,31.0772],[-98.755,31.0781],[-98.7511,31.0758],[-98.7428,31.0751],[-98.7408,31.0738],[-98.7374,31.0747],[-98.7346,31.0767],[-98.7315,31.0806],[-98.7286,31.0811],[-98.7299,31.0848],[-98.7258,31.0882],[-98.7223,31.0899],[-98.7216,31.092],[-98.7143,31.0914],[-98.7065,31.0931],[-98.7028,31.0957],[-98.7015,31.0951],[-98.7011,31.094],[-98.6989,31.0933],[-98.6964,31.0908],[-98.6936,31.0907],[-98.6919,31.0892],[-98.6908,31.0892],[-98.6894,31.0915],[-98.6882,31.092],[-98.6889,31.0986],[-98.6882,31.1],[-98.6865,31.1002],[-98.6853,31.1036],[-98.6864,31.1077],[-98.6831,31.1074],[-98.6812,31.1087],[-98.6806,31.1103],[-98.6813,31.1137],[-98.6796,31.1141],[-98.6794,31.1176],[-98.6781,31.1207],[-98.6768,31.1218],[-98.6733,31.1221],[-98.6698,31.124],[-98.6613,31.1266],[-98.6599,31.1279],[-98.6576,31.1278],[-98.6562,31.1301],[-98.6471,31.1365],[-98.6461,31.1395],[-98.6447,31.1387],[-98.6402,31.1385],[-98.6357,31.1412],[-98.6357,31.1459],[-98.6318,31.1522],[-98.6337,31.155],[-98.6336,31.1561],[-98.632,31.1574],[-98.629,31.1627],[-98.6296,31.1633],[-98.6291,31.1667],[-98.6281,31.1676],[-98.63,31.169],[-98.6316,31.1729],[-98.6318,31.1773],[-98.6356,31.1831],[-98.6382,31.1846],[-98.6397,31.1842],[-98.6418,31.1825],[-98.647,31.1866],[-98.6531,31.1888],[-98.656,31.1905],[-98.6564,31.1918],[-98.66,31.1945],[-98.6698,31.1961],[-98.6721,31.1988],[-98.6739,31.2041],[-98.6748,31.2047],[-98.6763,31.2037],[-98.6767,31.2022],[-98.6778,31.2022],[-98.6788,31.2032],[-98.6788,31.2044],[-98.6777,31.2056],[-98.6785,31.207],[-98.677,31.2092],[-98.6801,31.2128],[-98.6815,31.2128],[-98.6915,31.2079],[-98.6926,31.2065],[-98.704,31.1989],[-98.7069,31.2013],[-98.7063,31.2057],[-98.7111,31.2148],[-98.715,31.2183],[-98.7244,31.23],[-98.7255,31.2346],[-98.7234,31.2399],[-98.7234,31.2416],[-98.7268,31.2446],[-98.7276,31.2471],[-98.73,31.2488],[-98.7309,31.2507],[-98.734,31.253],[-98.7359,31.2567],[-98.74,31.2581],[-98.7438,31.256],[-98.7468,31.2573],[-98.7493,31.2574],[-98.7509,31.2589],[-98.7551,31.2571],[-98.7586,31.2588],[-98.7586,31.2617],[-98.7611,31.2628],[-98.7647,31.2633],[-98.7678,31.2627],[-98.771,31.264],[-98.7716,31.2648],[-98.7706,31.2665],[-98.7706,31.2688],[-98.7731,31.2703],[-98.7764,31.2746],[-98.7757,31.2757],[-98.7761,31.2793],[-98.7714,31.288],[-98.7721,31.2937],[-98.7737,31.2979],[-98.7737,31.3006],[-98.7718,31.3058],[-98.7725,31.3113],[-98.7799,31.31],[-98.7816,31.3116],[-98.7835,31.3099],[-98.7854,31.3097],[-98.7899,31.3101],[-98.7921,31.3111],[-98.7939,31.3086],[-98.8018,31.3065],[-98.8055,31.3076],[-98.8054,31.3091],[-98.806,31.3097],[-98.8087,31.3097],[-98.8122,31.311],[-98.8149,31.311],[-98.8168,31.3117],[-98.8179,31.3133],[-98.8214,31.3128],[-98.823,31.3113],[-98.8235,31.312],[-98.8248,31.3121],[-98.8263,31.3113],[-98.8282,31.3113],[-98.8323,31.3147],[-98.8348,31.3154],[-98.836,31.3145],[-98.8373,31.3149],[-98.8384,31.3122],[-98.8399,31.3114],[-98.8427,31.3141],[-98.8441,31.3145],[-98.8444,31.3154],[-98.8482,31.3158],[-98.8505,31.3149],[-98.8535,31.3156],[-98.8569,31.3174],[-98.8584,31.3163],[-98.8607,31.3162],[-98.864,31.3121],[-98.8645,31.3087],[-98.8638,31.3077],[-98.8648,31.3056],[-98.8672,31.3041],[-98.868,31.3014],[-98.8718,31.3025],[-98.8715,31.3036],[-98.8794,31.3087],[-98.881,31.3083],[-98.883,31.3067],[-98.886,31.3102],[-98.89,31.3116],[-98.8926,31.3159],[-98.8963,31.3167],[-98.8979,31.316],[-98.8998,31.3161],[-98.9004,31.3154],[-98.9039,31.3161],[-98.9075,31.3159],[-98.9083,31.3144],[-98.9094,31.3142],[-98.913,31.3161],[-98.9148,31.3154],[-98.9175,31.3126],[-98.92,31.3138],[-98.9203,31.3168],[-98.9228,31.3177],[-98.9262,31.3171],[-98.9274,31.3158],[-98.93,31.3147],[-98.9307,31.3134],[-98.9348,31.3139],[-98.9347,31.3158],[-98.9366,31.3188],[-98.9373,31.3217],[-98.9408,31.3218],[-98.9432,31.3234],[-98.9452,31.3223],[-98.9452,31.3202],[-98.9476,31.317],[-98.9508,31.3175],[-98.9528,31.3168],[-98.9573,31.3185],[-98.9587,31.32],[-98.9594,31.3195],[-98.9609,31.317],[-98.9603,31.3158],[-98.9607,31.3134],[-98.9644,31.3087],[-98.9676,31.3086],[-98.9709,31.3104],[-98.9729,31.3076],[-98.978,31.3071],[-98.9815,31.3087],[-98.9836,31.308],[-98.9865,31.3089],[-98.9892,31.3087],[-98.9909,31.3103],[-98.9925,31.31],[-98.9963,31.3071],[-99.0,31.3081],[-99.0,31.1899],[-98.9997,31.1897],[-98.9991,31.1855],[-98.9967,31.1835],[-98.9957,31.1816],[-98.9919,31.1828],[-98.9897,31.1818],[-98.9907,31.1776],[-98.994,31.175],[-98.9945,31.1737],[-98.993,31.1727],[-98.9898,31.1735],[-98.9884,31.173],[-98.9855,31.1697],[-98.9806,31.1698],[-98.9801,31.1684],[-98.9784,31.1673],[-98.9788,31.1661],[-98.9746,31.1604],[-98.9751,31.159],[-98.9765,31.1587],[-98.9841,31.1522],[-98.9841,31.1498],[-98.9831,31.1486],[-98.9847,31.1462],[-98.9825,31.1389],[-98.9848,31.138],[-98.986,31.1367],[-98.9871,31.1315],[-98.9891,31.1294],[-98.9891,31.1286],[-98.9873,31.1283],[-98.9905,31.126],[-98.9912,31.1247],[-98.9924,31.1245],[-98.9964,31.1173],[-98.9982,31.1163],[-98.9992,31.1142],[-99.0,31.1138]]]}},
{"type":"Feature","properties":{"name":"Brady","huc8":"12090110","sq_km":2081.37},"geometry":{"type":"Polygon","coordinates":[[[-99.0,31.1899],[-99.0,31.1138],[-98.9992,31.1142],[-98.9982,31.1163],[-98.9964,31.1173],[-98.9924,31.1245],[-98.9912,31.1247],[-98.9905,31.126],[-98.9873,31.1283],[-98.9891,31.1286],[-98.9891,31.1294],[-98.9871,31.1315],[-98.986,31.1367],[-98.9848,31.138],[-98.9825,31.1389],[-98.9847,31.1462],[-98.9831,31.1486],[-98.9841,31.1498],[-98.9841,31.1522],[-98.9783,31.1573],[-98.9746,31.1597],[-98.9788,31.1661],[-98.9784,31.1673],[-98.9801,31.1684],[-98.9806,31.1698],[-98.9855,31.1697],[-98.9884,31.173],[-98.9898,31.1735],[-98.993,31.1727],[-98.9945,31.1737],[-98.994,31.175],[-98.9907,31.1776],[-98.9897,31.1818],[-98.9919,31.1828],[-98.9957,31.1816],[-98.9967,31.1835],[-98.9991,31.1855],[-98.9997,31.1897],[-99.0,31.1899]]]}},
{"type":"Feature","properties":{"name":"Buchanan-Lyndon B. Johnson Lakes","huc8":"12090201","sq_km":3289.4},"geometry":{"type":"Polygon","coordinates":[[[-99.0,30.3921],[-99.0,30.3787],[-98.9969,30.3782],[-98.9953,30.3785],[-98.9945,30.3799],[-98.9914,30.3789],[-98.986,30.3821],[-98.9837,30.3802],[-98.9811,30.3799],[-98.9799,30.3785],[-98.979,30.3793],[-98.9746,30.3772],[-98.9733,30.378],[-98.9692,30.3769],[-98.9662,30.3775],[-98.964,30.3767],[-98.9648,30.3736],[-98.9618,30.3718],[-98.9581,30.3734],[-98.9549,30.3724],[-98.9539,30.3707],[-98.9529,30.3733],[-98.9468,30.3748],[-98.9398,30.3814],[-98.9387,30.3817],[-98.9365,30.3796],[-98.9333,30.3817],[-98.9279,30.3822],[-98.9271,30.3812],[-98.9221,30.3809],[-98.9164,30.3784],[-98.9145,30.3783],[-98.9072,30.3728],[-98.9064,30.3732],[-98.9058,30.3748],[-98.9026,30.3753],[-98.8984,30.3772],[-98.8966,30.3764],[-98.894,30.3764],[-98.8893,30.3784],[-98.8843,30.3796],[-98.8831,30.3807],[-98.882,30.3834],[-98.8823,30.3868],[-98.8815,30.3879],[-98.8782,30.3876],[-98.8738,30.3906],[-98.8721,30.3894],[-98.8705,30.3893],[-98.8678,30.3907],[-98.8622,30.389],[-98.8622,30.3822],[-98.8608,30.3795],[-98.8578,30.3813],[-98.8546,30.3779],[-98.8516,30.3776],[-98.8488,30.3798],[-98.8472,30.3795],[-98.8445,30.3773],[-98.8432,30.3778],[-98.8379,30.3755],[-98.8323,30.3766],[-98.8311,30.376],[-98.8303,30.3739],[-98.8261,30.3738],[-98.8213,30.3764],[-98.8188,30.3756],[-98.8175,30.373],[-98.8138,30.3725],[-98.8127,30.3713],[-98.8045,30.3734],[-98.8015,30.373],[-98.7988,30.3768],[-98.798,30.3793],[-98.7993,30.3852],[-98.794,30.3917],[-98.7905,30.4009],[-98.788,30.4022],[-98.7843,30.4062],[-98.7829,30.4089],[-98.779,30.4083],[-98.7755,30.4064],[-98.7698,30.4059],[-98.7662,30.4043],[-98.7589,30.4067],[-98.7576,30.4082],[-98.7523,30.4081],[-98.7497,30.4091],[-98.7481,30.4115],[-98.7388,30.4145],[-98.7373,30.4156],[-98.7375,30.4193],[-98.7393,30.4225],[-98.7393,30.4243],[-98.7405,30.4256],[-98.7383,30.4289],[-98.7382,30.432],[-98.7388,30.4326],[-98.738,30.4349],[-98.7338,30.4369],[-98.7324,30.4388],[-98.7331,30.4402],[-98.732,30.4417],[-98.7323,30.4429],[-98.7295,30.4441],[-98.7271,30.4481],[-98.7245,30.4494],[-98.7214,30.4491],[-98.7205,30.4478],[-98.7198,30.4459],[-98.7206,30.4444],[-98.7203,30.4418],[-98.7189,30.4398],[-98.7184,30.4369],[-98.7173,30.4362],[-98.7146,30.4359],[-98.7118,30.4339],[-98.7091,30.4339],[-98.7095,30.4274],[-98.7065,30.4219],[-98.7053,30.4214],[-98.7028,30.422],[-98.7017,30.4211],[-98.7021,30.4204],[-98.7008,30.4169],[-98.6968,30.4162],[-98.6933,30.4195],[-98.6887,30.4182],[-98.6875,30.4172],[-98.686,30.4121],[-98.6814,30.4071],[-98.6805,30.4069],[-98.6785,30.4077],[-98.6785,30.4092],[-98.6743,30.4117],[-98.6744,30.4136],[-98.6718,30.413],[-98.6672,30.4157],[-98.6666,30.4148],[-98.6674,30.4129],[-98.6666,30.41],[-98.668,30.4092],[-98.6685,30.4066],[-98.6673,30.4058],[-98.6655,30.403],[-98.6668,30.4001],[-98.6666,30.3993],[-98.6647,30.398],[-98.664,30.3918],[-98.6629,30.3905],[-98.6589,30.3895],[-98.6475,30.3899],[-98.6436,30.3874],[-98.638,30.3907],[-98.5985,30.3905],[-98.5911,30.3911],[-98.5872,30.394],[-98.5839,30.3948],[-98.5844,30.3959],[-98.5838,30.3985],[-98.5793,30.4043],[-98.5792,30.4107],[-98.5806,30.4119],[-98.5796,30.4134],[-98.5773,30.4129],[-98.5697,30.4177],[-98.567,30.4155],[-98.5582,30.4133],[-98.5561,30.4114],[-98.5555,30.4099],[-98.5542,30.4097],[-98.5528,30.4107],[-98.5516,30.4084],[-98.5498,30.4075],[-98.5481,30.4082],[-98.5474,30.4072],[-98.5459,30.4072],[-98.5441,30.4079],[-98.542,30.4065],[-98.5387,30.4077],[-98.5386,30.4099],[-98.5351,30.4109],[-98.5346,30.4117],[-98.532,30.4107],[-98.5261,30.411],[-98.5252,30.4101],[-98.5229,30.4103],[-98.5207,30.4095],[-98.519,30.4109],[-98.5163,30.4109],[-98.5149,30.4122],[-98.5096,30.4121],[-98.5071,30.4129],[-98.505,30.4151],[-98.5035,30.415],[-98.5028,30.4163],[-98.4999,30.4172],[-98.4905,30.4174],[-98.4883,30.419],[-98.4863,30.4188],[-98.485,30.4196],[-98.4852,30.4215],[-98.4842,30.4231],[-98.4769,30.4245],[-98.4745,30.424],[-98.4739,30.427],[-98.473,30.4272],[-98.4702,30.4272],[-98.4655,30.4256],[-98.4637,30.4233],[-98.4599,30.4251],[-98.4564,30.4237],[-98.4532,30.4241],[-98.4505,30.4204],[-98.4476,30.4192],[-98.4431,30.42],[-98.4429,30.4223],[-98.4408,30.4234],[-98.4401,30.4265],[-98.438,30.4282],[-98.4384,30.429],[-98.4363,30.4315],[-98.4358,30.4337],[-98.4343,30.4333],[-98.4335,30.4318],[-98.4324,30.4318],[-98.4312,30.4324],[-98.4308,30.4335],[-98.4253,30.4342],[-98.4243,30.4371],[-98.4249,30.4423],[-98.4211,30.4432],[-98.4155,30.4404],[-98.4111,30.4415],[-98.4075,30.4406],[-98.4053,30.442],[-98.4053,30.4432],[-98.4025,30.4446],[-98.3987,30.4419],[-98.3949,30.4444],[-98.3954,30.4488],[-98.3923,30.449],[-98.3905,30.4468],[-98.3847,30.4482],[-98.3828,30.4496],[-98.3804,30.4484],[-98.3786,30.4484],[-98.3766,30.449],[-98.3753,30.4502],[-98.3726,30.4505],[-98.3717,30.452],[-98.3685,30.4535],[-98.3702,30.459],[-98.3688,30.4617],[-98.3665,30.4644],[-98.3626,30.4658],[-98.3589,30.4688],[-98.3581,30.4715],[-98.3571,30.4721],[-98.3595,30.4758],[-98.359,30.4798],[-98.3596,30.4823],[-98.359,30.485],[-98.3602,30.4882],[-98.3619,30.4898],[-98.3611,30.4933],[-98.3568,30.4981],[-98.3533,30.4993],[-98.3529,30.5006],[-98.3539,30.5043],[-98.3533,30.5057],[-98.349,30.5078],[-98.3455,30.5115],[-98.3502,30.5144],[-98.3518,30.5172],[-98.3524,30.5233],[-98.3496,30.5248],[-98.3487,30.5263],[-98.3495,30.5307],[-98.3464,30.5318],[-98.3454,30.5337],[-98.3449,30.5352],[-98.3457,30.5364],[-98.344,30.5376],[-98.3434,30.5407],[-98.3418,30.5426],[-98.3418,30.5469],[-98.3398,30.5445],[-98.335,30.5449],[-98.334,30.5457],[-98.333,30.5484],[-98.3354,30.5532],[-98.3377,30.5546],[-98.3401,30.5631],[-98.343,30.5656],[-98.3439,30.5679],[-98.3453,30.5681],[-98.3453,30.5706],[-98.3434,30.5731],[-98.3431,30.5766],[-98.3435,30.5786],[-98.3461,30.5811],[-98.3474,30.5888],[-98.3469,30.5906],[-98.3455,30.5914],[-98.3463,30.5937],[-98.3445,30.595],[-98.3438,30.5998],[-98.3426,30.6014],[-98.3393,30.6014],[-98.3379,30.603],[-98.339,30.6082],[-98.3367,30.6117],[-98.3384,30.6132],[-98.3377,30.615],[-98.3386,30.6172],[-98.3374,30.6218],[-98.3395,30.6225],[-98.3395,30.6247],[-98.3409,30.6253],[-98.3417,30.6272],[-98.3435,30.6283],[-98.3451,30.6311],[-98.3479,30.6338],[-98.352,30.6362],[-98.3507,30.6374],[-98.351,30.6416],[-98.3534,30.6451],[-98.3564,30.6448],[-98.3542,30.6467],[-98.3542,30.6491],[-98.3524,30.6504],[-98.3514,30.654],[-98.3514,30.6562],[-98.3537,30.6596],[-98.3521,30.6627],[-98.3533,30.6648],[-98.3538,30.6677],[-98.3477,30.6706],[-98.3477,30.6733],[-98.3469,30.6746],[-98.3454,30.6753],[-98.3465,30.6765],[-98.3448,30.6804],[-98.3458,30.6828],[-98.3427,30.6867],[-98.3365,30.6859],[-98.3353,30.6864],[-98.3315,30.6848],[-98.3273,30.6852],[-98.3282,30.6873],[-98.3244,30.6898],[-98.3239,30.6923],[-98.3211,30.693],[-98.3172,30.6966],[-98.314,30.6972],[-98.3119,30.6957],[-98.3071,30.7008],[-98.3079,30.705],[-98.3074,30.7065],[-98.3058,30.7068],[-98.3037,30.7087],[-98.3017,30.7081],[-98.3013,30.7084],[-98.2993,30.7121],[-98.3057,30.7177],[-98.3062,30.7195],[-98.3046,30.7219],[-98.3071,30.7246],[-98.3073,30.7266],[-98.3089,30.7279],[-98.3089,30.7289],[-98.3071,30.7304],[-98.3075,30.734],[-98.3063,30.7349],[-98.3048,30.7348],[-98.303,30.7366],[-98.3019,30.7368],[-98.301,30.7357],[-98.289,30.7394],[-98.2871,30.7405],[-98.2857,30.7437],[-98.2798,30.7452],[-98.2762,30.7511],[-98.2675,30.7531],[-98.2652,30.756],[-98.2622,30.7581],[-98.2627,30.7606],[-98.2637,30.7617],[-98.263,30.7652],[-98.2686,30.7699],[-98.2702,30.7698],[-98.2751,30.7731],[-98.2763,30.7751],[-98.2809,30.777],[-98.2799,30.7788],[-98.281,30.7843],[-98.2803,30.7848],[-98.2799,30.7867],[-98.2811,30.7887],[-98.281,30.7922],[-98.2763,30.794],[-98.2753,30.7951],[-98.2765,30.7961],[-98.2778,30.8024],[-98.2765,30.806],[-98.2751,30.8158],[-98.2736,30.8198],[-98.2697,30.8208],[-98.2671,30.8206],[-98.2639,30.8248],[-98.263,30.8274],[-98.2574,30.8274],[-98.2562,30.8291],[-98.2542,30.8305],[-98.2526,30.8305],[-98.2501,30.8333],[-98.2477,30.8345],[-98.2477,30.8367],[-98.2439,30.839],[-98.242,30.8428],[-98.2409,30.8429],[-98.2396,30.8444],[-98.2358,30.8448],[-98.2323,30.8471],[-98.2311,30.8492],[-98.2326,30.8501],[-98.2349,30.8565],[-98.2342,30.8576],[-98.2348,30.8593],[-98.2332,30.8615],[-98.2332,30.8641],[-98.2316,30.8655],[-98.2322,30.8682],[-98.2318,30.8708],[-98.232,30.8717],[-98.2348,30.8732],[-98.2357,30.8748],[-98.2382,30.8756],[-98.2393,30.8816],[-98.2411,30.8843],[-98.2401,30.8861],[-98.2405,30.891],[-98.2448,30.8924],[-98.2447,30.8939],[-98.2463,30.8953],[-98.2459,30.8964],[-98.247,30.8981],[-98.2495,30.9003],[-98.2516,30.9011],[-98.2541,30.9005],[-98.257,30.9015],[-98.2586,30.9031],[-98.2624,30.9031],[-98.2654,30.9054],[-98.2702,30.9059],[-98.2719,30.9077],[-98.2739,30.9138],[-98.2724,30.9146],[-98.2726,30.9165],[-98.2717,30.9173],[-98.2732,30.9223],[-98.2746,30.9239],[-98.2738,30.9263],[-98.2716,30.9289],[-98.2762,30.9299],[-98.2804,30.9317],[-98.285,30.9357],[-98.2914,30.9381],[-98.2937,30.9401],[-98.2929,30.9467],[-98.2897,30.9484],[-98.2897,30.951],[-98.2912,30.9547],[-98.2924,30.9557],[-98.2924,30.9576],[-98.2946,30.9604],[-98.2932,30.9628],[-98.2928,30.9684],[-98.2989,30.9725],[-98.3011,30.9794],[-98.3039,30.9813],[-98.3047,30.9831],[-98.3043,30.9857],[-98.305,30.9882],[-98.3063,30.9891],[-98.3096,30.996],[-98.3157,30.9988],[-98.3233,30.9996],[-98.3249,31.0004],[-98.3258,31.0031],[-98.3277,31.0035],[-98.329,31.0046],[-98.3296,31.01],[-98.332,31.0113],[-98.3307,31.0121],[-98.3291,31.0196],[-98.3265,31.0207],[-98.3248,31.0232],[-98.3248,31.025],[-98.3234,31.0281],[-98.3238,31.0302],[-98.3222,31.0322],[-98.323,31.036],[-98.3255,31.0408],[-98.3251,31.0432],[-98.3261,31.0449],[-98.3284,31.0446],[-98.3313,31.0464],[-98.3385,31.0599],[-98.3391,31.0638],[-98.3403,31.0643],[-98.3403,31.0666],[-98.3386,31.0698],[-98.3386,31.0709],[-98.3399,31.0725],[-98.3384,31.0792],[-98.3398,31.0813],[-98.3403,31.0868],[-98.3438,31.0907],[-98.3438,31.0924],[-98.3476,31.093],[-98.3475,31.0975],[-98.3459,31.0998],[-98.3467,31.1055],[-98.3454,31.1077],[-98.3469,31.1132],[-98.3486,31.1144],[-98.3485,31.1175],[-98.351,31.1216],[-98.353,31.1223],[-98.3542,31.1238],[-98.3554,31.1263],[-98.3534,31.128],[-98.3512,31.1352],[-98.3521,31.1379],[-98.3499,31.1421],[-98.3511,31.1502],[-98.3541,31.1508],[-98.3557,31.1487],[-98.3599,31.1487],[-98.3655,31.1456],[-98.3662,31.1463],[-98.3706,31.1468],[-98.3719,31.1549],[-98.3699,31.1577],[-98.3696,31.1608],[-98.3741,31.1654],[-98.3733,31.1704],[-98.3745,31.1751],[-98.3759,31.1751],[-98.3763,31.1773],[-98.3814,31.182],[-98.3809,31.1845],[-98.3825,31.1879],[-98.3807,31.1908],[-98.374,31.1972],[-98.3783,31.2014],[-98.3787,31.2027],[-98.3759,31.2045],[-98.3744,31.2072],[-98.3744,31.2088],[-98.3753,31.2114],[-98.3778,31.2133],[-98.3831,31.2155],[-98.3853,31.2173],[-98.3882,31.2167],[-98.3882,31.2233],[-98.3901,31.2271],[-98.3937,31.2284],[-98.3943,31.2294],[-98.3889,31.2329],[-98.3869,31.2378],[-98.3865,31.2414],[-98.3847,31.2436],[-98.3844,31.2459],[-98.3885,31.2474],[-98.3903,31.249],[-98.3955,31.2461],[-98.3989,31.2472],[-98.403,31.2536],[-98.4029,31.2566],[-98.4089,31.2558],[-98.4115,31.257],[-98.4131,31.2596],[-98.417,31.2601],[-98.4188,31.2617],[-98.424,31.2623],[-98.4256,31.2617],[-98.4286,31.2639],[-98.4346,31.266],[-98.4301,31.2712],[-98.4332,31.2744],[-98.4339,31.2769],[-98.438,31.2801],[-98.4373,31.2845],[-98.4345,31.2867],[-98.4345,31.2891],[-98.4368,31.2909],[-98.4371,31.2965],[-98.4397,31.3012],[-98.4443,31.3024],[-98.4467,31.3038],[-98.4487,31.3074],[-98.4533,31.3074],[-98.4536,31.3133],[-98.4575,31.316],[-98.4594,31.3191],[-98.4583,31.3207],[-98.4548,31.3222],[-98.4541,31.3248],[-98.4574,31.3283],[-98.4565,31.3319],[-98.4574,31.3344],[-98.4588,31.335],[-98.46,31.3382],[-98.465,31.3402],[-98.466,31.3416],[-98.4694,31.343],[-98.4738,31.344],[-98.4788,31.3442],[-98.4794,31.3457],[-98.4789,31.3473],[-98.4798,31.3487],[-98.4841,31.3522],[-98.4853,31.3553],[-98.4888,31.3593],[-98.4903,31.3601],[-98.4915,31.3634],[-98.4912,31.3645],[-98.4932,31.3686],[-98.4962,31.3699],[-98.4976,31.3738],[-98.5003,31.3768],[-98.5011,31.381],[-98.5027,31.3823],[-98.5035,31.3865],[-98.5081,31.3891],[-98.5097,31.3887],[-98.5136,31.3849],[-98.5172,31.3829],[-98.5198,31.3803],[-98.5219,31.38],[-98.5241,31.3781],[-98.5231,31.3754],[-98.524,31.3722],[-98.5259,31.3692],[-98.5257,31.3664],[-98.5271,31.3649],[-98.5309,31.3629],[-98.5315,31.3618],[-98.5306,31.3596],[-98.5313,31.3564],[-98.5309,31.3553],[-98.5335,31.353],[-98.534,31.3503],[-98.5324,31.347],[-98.5341,31.346],[-98.5342,31.3451],[-98.5326,31.343],[-98.5316,31.3386],[-98.5302,31.3377],[-98.5294,31.3343],[-98.5305,31.3316],[-98.5301,31.3284],[-98.5339,31.3251],[-98.5349,31.3218],[-98.5341,31.3189],[-98.5381,31.3137],[-98.5371,31.3098],[-98.5384,31.3065],[-98.5379,31.3056],[-98.5397,31.3033],[-98.5409,31.3031],[-98.5425,31.3006],[-98.5498,31.2973],[-98.5496,31.2938],[-98.5587,31.2912],[-98.5603,31.2927],[-98.5633,31.294],[-98.5649,31.2925],[-98.5664,31.292],[-98.5651,31.2885],[-98.5695,31.286],[-98.5696,31.2852],[-98.5729,31.2857],[-98.5766,31.2852],[-98.5792,31.2837],[-98.5809,31.2839],[-98.588,31.2808],[-98.5908,31.2807],[-98.5953,31.278],[-98.5968,31.2753],[-98.5964,31.2734],[-98.5989,31.273],[-98.6011,31.2741],[-98.603,31.2727],[-98.6029,31.2681],[-98.6038,31.2657],[-98.6009,31.2634],[-98.6007,31.262],[-98.6019,31.2612],[-98.5987,31.2586],[-98.5939,31.2487],[-98.5928,31.2487],[-98.589,31.2457],[-98.587,31.2469],[-98.5846,31.2469],[-98.5814,31.2448],[-98.581,31.2428],[-98.5799,31.2417],[-98.5805,31.2399],[-98.5829,31.2379],[-98.5844,31.2335],[-98.5846,31.2313],[-98.5827,31.2293],[-98.5838,31.2269],[-98.5829,31.2229],[-98.5865,31.225],[-98.5894,31.2243],[-98.5901,31.2229],[-98.5921,31.2221],[-98.5923,31.2193],[-98.5942,31.2182],[-98.5916,31.2158],[-98.5913,31.2143],[-98.5938,31.2122],[-98.5946,31.2099],[-98.5936,31.2065],[-98.5938,31.2036],[-98.5962,31.2029],[-98.5994,31.1995],[-98.6057,31.2002],[-98.6075,31.199],[-98.6125,31.2001],[-98.6144,31.1951],[-98.6173,31.1938],[-98.6178,31.1922],[-98.6213,31.1892],[-98.622,31.1882],[-98.6213,31.1838],[-98.6216,31.1779],[-98.6225,31.1769],[-98.6233,31.1716],[-98.6291,31.1667],[-98.6296,31.1633],[-98.629,31.1627],[-98.632,31.1574],[-98.6336,31.1561],[-98.6337,31.155],[-98.6318,31.1522],[-98.6357,31.1459],[-98.6357,31.1412],[-98.6402,31.1385],[-98.6447,31.1387],[-98.6461,31.1395],[-98.6471,31.1365],[-98.6562,31.1301],[-98.6576,31.1278],[-98.6599,31.1279],[-98.6613,31.1266],[-98.6698,31.124],[-98.6733,31.1221],[-98.6768,31.1218],[-98.6781,31.1207],[-98.6794,31.1176],[-98.6796,31.1141],[-98.6813,31.1137],[-98.6806,31.1103],[-98.6812,31.1087],[-98.6831,31.1074],[-98.6864,31.1077],[-98.6853,31.1036],[-98.6865,31.1002],[-98.6882,31.1],[-98.6889,31.0986],[-98.6882,31.092],[-98.6894,31.0915],[-98.6908,31.0892],[-98.6919,31.0892],[-98.6936,31.0907],[-98.6964,31.0908],[-98.6989,31.0933],[-98.7011,31.094],[-98.7015,31.0951],[-98.7028,31.0957],[-98.7065,31.0931],[-98.7143,31.0914],[-98.7216,31.092],[-98.7223,31.0899],[-98.7258,31.0882],[-98.7299,31.0848],[-98.7286,31.0811],[-98.7315,31.0806],[-98.7346,31.0767],[-98.7374,31.0747],[-98.7408,31.0738],[-98.7428,31.0751],[-98.7511,31.0758],[-98.755,31.0781],[-98.757,31.0772],[-98.7618,31.0772],[-98.7644,31.0735],[-98.765,31.0716],[-98.7662,31.0716],[-98.7708,31.0729],[-98.7727,31.0743],[-98.7728,31.0751],[-98.7741,31.0756],[-98.7768,31.0736],[-98.7773,31.0669],[-98.7817,31.0605],[-98.7848,31.0615],[-98.7873,31.0593],[-98.7914,31.0594],[-98.7915,31.0548],[-98.7933,31.0551],[-98.7948,31.0542],[-98.7951,31.0519],[-98.8005,31.0483],[-98.8026,31.0487],[-98.8057,31.0439],[-98.8076,31.0438],[-98.8115,31.0403],[-98.8141,31.0398],[-98.8192,31.0413],[-98.8196,31.0436],[-98.8208,31.0448],[-98.83,31.0398],[-98.8323,31.0405],[-98.8333,31.0384],[-98.835,31.0374],[-98.8471,31.0366],[-98.8527,31.0335],[-98.854,31.0342],[-98.8549,31.0326],[-98.8566,31.0315],[-98.8581,31.0275],[-98.8607,31.0256],[-98.8629,31.0251],[-98.8662,31.0228],[-98.8674,31.0226],[-98.8717,31.0192],[-98.8685,31.0139],[-98.8691,31.0116],[-98.8716,31.0101],[-98.8685,31.0065],[-98.8668,31.0003],[-98.8672,30.9965],[-98.8691,30.9957],[-98.8701,30.9919],[-98.8721,30.9909],[-98.8794,30.9931],[-98.8822,30.9925],[-98.8837,30.9888],[-98.8861,30.9876],[-98.8884,30.9867],[-98.8948,30.987],[-98.8979,30.9852],[-98.9005,30.9789],[-98.9027,30.9755],[-98.9038,30.9732],[-98.902,30.9757],[-98.8984,30.9753],[-98.8968,30.9736],[-98.8952,30.9741],[-98.8948,30.9751],[-98.8905,30.9774],[-98.8832,30.9747],[-98.8784,30.9709],[-98.8791,30.9661],[-98.877,30.9661],[-98.876,30.9644],[-98.876,30.9625],[-98.8732,30.9581],[-98.8732,30.9545],[-98.8746,30.952],[-98.874,30.9413],[-98.876,30.9363],[-98.877,30.9363],[-98.8783,30.9351],[-98.8776,30.9306],[-98.8767,30.9293],[-98.8763,30.9248],[-98.8781,30.9222],[-98.8803,30.9213],[-98.8825,30.9184],[-98.8817,30.917],[-98.881,30.9117],[-98.878,30.9134],[-98.8773,30.9131],[-98.8693,30.9076],[-98.866,30.9133],[-98.8626,30.9159],[-98.8626,30.9169],[-98.8615,30.918],[-98.8587,30.9204],[-98.8543,30.9216],[-98.8521,30.9213],[-98.8502,30.9197],[-98.852,30.9151],[-98.8501,30.9142],[-98.848,30.9152],[-98.8409,30.9158],[-98.8352,30.9131],[-98.83,30.9116],[-98.8201,30.9146],[-98.8155,30.9215],[-98.8104,30.9259],[-98.805,30.9248],[-98.8015,30.9355],[-98.7978,30.9381],[-98.7974,30.9394],[-98.7947,30.9423],[-98.7947,30.9436],[-98.7899,30.9472],[-98.7854,30.9475],[-98.7832,30.947],[-98.7816,30.9477],[-98.78,30.9491],[-98.7788,30.953],[-98.771,30.9569],[-98.7696,30.9602],[-98.7663,30.9598],[-98.7641,30.961],[-98.7613,30.9602],[-98.7574,30.9615],[-98.7561,30.9609],[-98.7555,30.9594],[-98.7457,30.9541],[-98.7443,30.9529],[-98.7437,30.9498],[-98.7401,30.9498],[-98.737,30.9487],[-98.7401,30.9435],[-98.7368,30.9392],[-98.7378,30.9317],[-98.7344,30.9282],[-98.732,30.9279],[-98.7304,30.9286],[-98.7275,30.9315],[-98.7247,30.9312],[-98.7228,30.9318],[-98.7209,30.931],[-98.7169,30.9273],[-98.7137,30.9268],[-98.7115,30.9254],[-98.7081,30.9251],[-98.7077,30.9272],[-98.7085,30.9287],[-98.7062,30.9326],[-98.7058,30.9377],[-98.7028,30.9393],[-98.7,30.9396],[-98.6993,30.9424],[-98.6943,30.9415],[-98.6897,30.9391],[-98.6877,30.9398],[-98.6861,30.9388],[-98.6856,30.9405],[-98.6815,30.9408],[-98.6819,30.9422],[-98.6811,30.9429],[-98.6792,30.9429],[-98.6753,30.9464],[-98.6703,30.946],[-98.6686,30.9447],[-98.6669,30.9465],[-98.6662,30.9489],[-98.6645,30.9496],[-98.657,30.9506],[-98.6545,30.9501],[-98.6536,30.9588],[-98.6519,30.9585],[-98.6516,30.9595],[-98.6485,30.9591],[-98.6454,30.9613],[-98.6432,30.9594],[-98.6421,30.9573],[-98.6311,30.952],[-98.6295,30.9529],[-98.6274,30.9519],[-98.6245,30.9515],[-98.6214,30.9494],[-98.6189,30.9502],[-98.618,30.9499],[-98.6169,30.9486],[-98.6162,30.9453],[-98.6119,30.9471],[-98.6099,30.9471],[-98.6094,30.9429],[-98.6103,30.9411],[-98.6104,30.9383],[-98.6087,30.9326],[-98.6061,30.9307],[-98.6057,30.9291],[-98.6106,30.9231],[-98.6071,30.9199],[-98.6067,30.9138],[-98.6017,30.9151],[-98.5963,30.9129],[-98.5961,30.9067],[-98.5967,30.9055],[-98.5926,30.9035],[-98.5947,30.9011],[-98.5968,30.8937],[-98.5991,30.8919],[-98.5983,30.8906],[-98.599,30.8888],[-98.5969,30.8879],[-98.5974,30.8828],[-98.5959,30.8808],[-98.5892,30.8801],[-98.5877,30.8786],[-98.588,30.8761],[-98.5842,30.8779],[-98.5782,30.8778],[-98.574,30.8769],[-98.5722,30.8781],[-98.5719,30.88],[-98.5663,30.8818],[-98.5652,30.8838],[-98.5638,30.8833],[-98.5608,30.8842],[-98.5594,30.8831],[-98.557,30.8833],[-98.5559,30.8845],[-98.5541,30.8852],[-98.5516,30.885],[-98.551,30.8843],[-98.5517,30.8822],[-98.5492,30.8822],[-98.5475,30.881],[-98.5448,30.8809],[-98.5436,30.8798],[-98.5362,30.8832],[-98.5344,30.8831],[-98.5331,30.8819],[-98.5327,30.879],[-98.5296,30.8769],[-98.5279,30.8742],[-98.5226,30.8753],[-98.521,30.8731],[-98.5196,30.8735],[-98.5179,30.8725],[-98.5188,30.8719],[-98.5193,30.8699],[-98.5163,30.8666],[-98.5114,30.8648],[-98.5092,30.8648],[-98.5105,30.863],[-98.5098,30.8601],[-98.5113,30.8588],[-98.5105,30.8554],[-98.5119,30.8495],[-98.5098,30.8443],[-98.5115,30.8403],[-98.5122,30.8354],[-98.5155,30.8311],[-98.5168,30.8273],[-98.5156,30.8255],[-98.5131,30.8245],[-98.5122,30.8228],[-98.5133,30.8193],[-98.5104,30.8151],[-98.5103,30.8121],[-98.5074,30.8117],[-98.5045,30.8123],[-98.4994,30.8095],[-98.492,30.8082],[-98.4927,30.8],[-98.494,30.7983],[-98.4954,30.7939],[-98.4944,30.7932],[-98.4944,30.7903],[-98.4935,30.7891],[-98.494,30.7884],[-98.4922,30.7854],[-98.4904,30.784],[-98.4896,30.7808],[-98.4868,30.78],[-98.4859,30.7808],[-98.4842,30.7798],[-98.4836,30.7779],[-98.4845,30.7768],[-98.482,30.7746],[-98.4808,30.7749],[-98.476,30.7734],[-98.474,30.7713],[-98.4732,30.7713],[-98.4718,30.7688],[-98.468,30.767],[-98.4659,30.767],[-98.4637,30.7653],[-98.4637,30.7638],[-98.4664,30.7618],[-98.4665,30.7583],[-98.4654,30.7566],[-98.4633,30.7553],[-98.4643,30.7503],[-98.4615,30.7495],[-98.4613,30.7473],[-98.4597,30.747],[-98.4587,30.7441],[-98.4574,30.7437],[-98.4551,30.7442],[-98.4529,30.7417],[-98.4509,30.7414],[-98.4505,30.738],[-98.4483,30.7373],[-98.4477,30.7362],[-98.4454,30.7349],[-98.4433,30.7345],[-98.4432,30.7327],[-98.4417,30.7304],[-98.4413,30.7284],[-98.4419,30.7273],[-98.4457,30.7256],[-98.4492,30.7218],[-98.453,30.72],[-98.4557,30.7148],[-98.4556,30.7135],[-98.4542,30.7122],[-98.4553,30.7087],[-98.4546,30.7071],[-98.453,30.7063],[-98.4546,30.704],[-98.4544,30.7013],[-98.4571,30.6964],[-98.4603,30.6947],[-98.4606,30.6907],[-98.462,30.6897],[-98.4624,30.686],[-98.4616,30.6841],[-98.4631,30.6833],[-98.4642,30.6794],[-98.4677,30.6733],[-98.466,30.672],[-98.4657,30.6702],[-98.4679,30.6689],[-98.4679,30.6679],[-98.4694,30.6666],[-98.4701,30.6637],[-98.4685,30.6615],[-98.4653,30.6606],[-98.4643,30.661],[-98.4628,30.6597],[-98.4607,30.6595],[-98.4606,30.6589],[-98.4582,30.6582],[-98.4575,30.6566],[-98.4549,30.6575],[-98.4526,30.6564],[-98.4521,30.6552],[-98.4507,30.6556],[-98.4494,30.6541],[-98.448,30.6536],[-98.446,30.6542],[-98.4445,30.6538],[-98.4423,30.6545],[-98.4404,30.6533],[-98.439,30.6533],[-98.4374,30.6568],[-98.4338,30.6583],[-98.4308,30.657],[-98.4293,30.6549],[-98.4319,30.6493],[-98.4315,30.6477],[-98.4343,30.6439],[-98.4367,30.6433],[-98.4359,30.6407],[-98.4391,30.6379],[-98.4392,30.6364],[-98.4407,30.6357],[-98.4436,30.6317],[-98.4442,30.63],[-98.4452,30.6293],[-98.4455,30.6265],[-98.4523,30.6251],[-98.4523,30.624],[-98.4534,30.6235],[-98.4536,30.6218],[-98.4505,30.619],[-98.4504,30.6167],[-98.4548,30.6136],[-98.4557,30.6103],[-98.4582,30.6075],[-98.4582,30.6064],[-98.4594,30.6049],[-98.4613,30.6042],[-98.4637,30.6003],[-98.4651,30.6005],[-98.4656,30.6015],[-98.4674,30.6021],[-98.4698,30.6],[-98.4741,30.5991],[-98.4754,30.598],[-98.4795,30.5983],[-98.4844,30.601],[-98.487,30.6005],[-98.4883,30.6009],[-98.4885,30.6019],[-98.4936,30.6025],[-98.4942,30.6061],[-98.4972,30.6061],[-98.4992,30.6077],[-98.502,30.6079],[-98.5034,30.6099],[-98.5062,30.6116],[-98.5073,30.6134],[-98.51,30.6155],[-98.5122,30.6161],[-98.5134,30.6109],[-98.5125,30.6095],[-98.5127,30.6072],[-98.5153,30.6043],[-98.517,30.6043],[-98.518,30.6028],[-98.5201,30.6017],[-98.5219,30.5988],[-98.5196,30.5967],[-98.5219,30.5952],[-98.5253,30.5954],[-98.5284,30.5969],[-98.5301,30.5956],[-98.5326,30.5962],[-98.5356,30.5955],[-98.5384,30.598],[-98.5451,30.5976],[-98.5483,30.5996],[-98.5504,30.5987],[-98.5518,30.5967],[-98.5533,30.5971],[-98.5543,30.5966],[-98.5565,30.5988],[-98.5637,30.6013],[-98.5677,30.6009],[-98.5706,30.6019],[-98.5746,30.6003],[-98.5767,30.5948],[-98.5814,30.5961],[-98.5825,30.5977],[-98.5825,30.5999],[-98.5834,30.5987],[-98.5886,30.5989],[-98.5901,30.6001],[-98.5908,30.5986],[-98.5947,30.5983],[-98.596,30.5969],[-98.6015,30.5972],[-98.6037,30.5989],[-98.606,30.599],[-98.6066,30.6007],[-98.6099,30.6035],[-98.6138,30.603],[-98.6176,30.5991],[-98.6225,30.597],[-98.6244,30.5991],[-98.6244,30.6001],[-98.6276,30.6006],[-98.6306,30.6104],[-98.6347,30.6103],[-98.6359,30.6121],[-98.6386,30.6133],[-98.6392,30.6128],[-98.6412,30.613],[-98.645,30.6094],[-98.6527,30.6087],[-98.6541,30.6153],[-98.6558,30.6158],[-98.6558,30.6175],[-98.6568,30.6184],[-98.6596,30.6181],[-98.6613,30.6189],[-98.6617,30.6202],[-98.6631,30.6204],[-98.6648,30.6231],[-98.6684,30.6233],[-98.6709,30.626],[-98.671,30.6286],[-98.6751,30.6281],[-98.6766,30.6265],[-98.6782,30.6312],[-98.6843,30.6249],[-98.6859,30.6263],[-98.6906,30.6252],[-98.6923,30.6257],[-98.6928,30.6244],[-98.6948,30.6236],[-98.6987,30.6234],[-98.6996,30.6227],[-98.7004,30.6249],[-98.7029,30.6257],[-98.7046,30.6248],[-98.7057,30.6222],[-98.7095,30.6213],[-98.7112,30.6231],[-98.712,30.6231],[-98.7158,30.6276],[-98.7172,30.6275],[-98.7192,30.6292],[-98.7227,30.6291],[-98.7259,30.6331],[-98.731,30.6321],[-98.7318,30.625],[-98.734,30.6187],[-98.7384,30.6198],[-98.7414,30.6193],[-98.7451,30.6196],[-98.7476,30.622],[-98.7497,30.62],[-98.7509,30.6206],[-98.7526,30.6194],[-98.7572,30.6142],[-98.7626,30.6154],[-98.7662,30.6182],[-98.7666,30.6165],[-98.7687,30.616],[-98.7701,30.6143],[-98.7744,30.6153],[-98.7753,30.612],[-98.7765,30.6115],[-98.779,30.6123],[-98.7804,30.6089],[-98.7828,30.6068],[-98.7854,30.6062],[-98.7831,30.6024],[-98.7837,30.6008],[-98.7862,30.5997],[-98.7871,30.5979],[-98.7932,30.5954],[-98.795,30.5956],[-98.7975,30.5927],[-98.8005,30.5918],[-98.8033,30.5893],[-98.8069,30.5886],[-98.8076,30.5868],[-98.8098,30.5846],[-98.8111,30.5844],[-98.8124,30.5804],[-98.8148,30.5787],[-98.8186,30.5784],[-98.8193,30.5764],[-98.8208,30.5751],[-98.8205,30.5729],[-98.8218,30.5697],[-98.8215,30.5658],[-98.8229,30.5639],[-98.8246,30.5644],[-98.8282,30.5624],[-98.8299,30.5632],[-98.8315,30.5627],[-98.8326,30.5603],[-98.8357,30.56],[-98.8378,30.5554],[-98.8404,30.5552],[-98.8412,30.5546],[-98.8413,30.5532],[-98.8433,30.5534],[-98.8467,30.5557],[-98.8492,30.5555],[-98.8506,30.5542],[-98.8529,30.5536],[-98.8573,30.549],[-98.8588,30.5484],[-98.8596,30.5465],[-98.8596,30.5405],[-98.8627,30.5388],[-98.8636,30.537],[-98.8632,30.5351],[-98.8652,30.5346],[-98.8652,30.5328],[-98.8673,30.5318],[-98.8688,30.5276],[-98.8682,30.5244],[-98.8737,30.5201],[-98.8743,30.5175],[-98.8736,30.5156],[-98.8772,30.5137],[-98.8775,30.5108],[-98.8796,30.5088],[-98.88,30.502],[-98.8819,30.4994],[-98.8817,30.4974],[-98.8834,30.497],[-98.8832,30.4951],[-98.8847,30.4955],[-98.8853,30.4941],[-98.8865,30.4947],[-98.889,30.4929],[-98.8923,30.4924],[-98.8944,30.4912],[-98.8946,30.4904],[-98.8936,30.4894],[-98.8939,30.4848],[-98.8949,30.4822],[-98.8978,30.4789],[-98.8982,30.4768],[-98.8972,30.475],[-98.8982,30.4738],[-98.8993,30.4698],[-98.9007,30.4686],[-98.8978,30.4628],[-98.8985,30.4609],[-98.9004,30.4602],[-98.9003,30.4579],[-98.9015,30.4566],[-98.9008,30.4531],[-98.9021,30.45],[-98.9041,30.4492],[-98.9051,30.4475],[-98.9074,30.4471],[-98.9089,30.4475],[-98.9118,30.4463],[-98.9126,30.4476],[-98.9147,30.4488],[-98.9166,30.4485],[-98.9203,30.4463],[-98.9214,30.4408],[-98.9272,30.4415],[-98.9292,30.44],[-98.931,30.4399],[-98.9317,30.436],[-98.9347,30.4333],[-98.9375,30.4275],[-98.9415,30.4235],[-98.9452,30.4231],[-98.9493,30.4237],[-98.9514,30.4231],[-98.9535,30.4278],[-98.958,30.4268],[-98.9589,30.427],[-98.9589,30.4276],[-98.9606,30.4278],[-98.9616,30.4246],[-98.9634,30.4235],[-98.966,30.4235],[-98.9674,30.4249],[-98.9689,30.4249],[-98.9721,30.4235],[-98.9734,30.4221],[-98.9762,30.422],[-98.9782,30.4177],[-98.9809,30.418],[-98.9832,30.4154],[-98.9847,30.4154],[-98.9872,30.4137],[-98.9891,30.4137],[-98.9887,30.4113],[-98.9899,30.4093],[-98.9904,30.4062],[-98.9882,30.4035],[-98.9882,30.3994],[-98.9954,30.398],[-98.996,30.3962],[-98.9988,30.3949],[-98.9988,30.3933],[-99.0,30.3921]]]}},
{"type":"Feature","properties":{"name":"Llano","huc8":"12090204","sq_km":6770.07},"geometry":{"type":"Polygon","coordinates":[[[-99.0,30.9357],[-99.0,30.3925],[-98.9988,30.3933],[-98.9988,30.3949],[-98.996,30.3962],[-98.9954,30.398],[-98.9882,30.3994],[-98.9882,30.4035],[-98.9904,30.4062],[-98.9899,30.4093],[-98.9887,30.4113],[-98.9891,30.4137],[-98.9872,30.4137],[-98.9847,30.4154],[-98.9832,30.4154],[-98.9809,30.418],[-98.9782,30.4177],[-98.9762,30.422],[-98.9734,30.4221],[-98.9721,30.4235],[-98.9689,30.4249],[-98.9674,30.4249],[-98.966,30.4235],[-98.9634,30.4235],[-98.9616,30.4246],[-98.9606,30.4278],[-98.9589,30.4276],[-98.9589,30.427],[-98.958,30.4268],[-98.9535,30.4278],[-98.9514,30.4231],[-98.9493,30.4237],[-98.9452,30.4231],[-98.9415,30.4235],[-98.9375,30.4275],[-98.9347,30.4333],[-98.9317,30.436],[-98.931,30.4399],[-98.9292,30.44],[-98.9272,30.4415],[-98.9214,30.4408],[-98.9203,30.4463],[-98.9166,30.4485],[-98.9147,30.4488],[-98.9126,30.4476],[-98.9118,30.4463],[-98.9089,30.4475],[-98.9074,30.4471],[-98.9051,30.4475],[-98.9041,30.4492],[-98.9021,30.45],[-98.9008,30.4531],[-98.9015,30.4566],[-98.9003,30.4579],[-98.9004,30.4602],[-98.8985,30.4609],[-98.8978,30.4628],[-98.9007,30.4686],[-98.8993,30.4698],[-98.8982,30.4738],[-98.8972,30.475],[-98.8982,30.4768],[-98.8978,30.4789],[-98.8949,30.4822],[-98.8939,30.4848],[-98.8936,30.4894],[-98.8946,30.4904],[-98.8944,30.4912],[-98.8923,30.4924],[-98.889,30.4929],[-98.8865,30.4947],[-98.8853,30.4941],[-98.8847,30.4955],[-98.8832,30.4951],[-98.8834,30.497],[-98.8817,30.4974],[-98.8819,30.4994],[-98.88,30.502],[-98.8796,30.5088],[-98.8775,30.5108],[-98.8772,30.5137],[-98.8736,30.5156],[-98.8743,30.5175],[-98.8737,30.5201],[-98.8682,30.5244],[-98.8688,30.5276],[-98.8673,30.5318],[-98.8652,30.5328],[-98.8652,30.5346],[-98.8632,30.5351],[-98.8636,30.537],[-98.8627,30.5388],[-98.8596,30.5405],[-98.8596,30.5465],[-98.8588,30.5484],[-98.8573,30.549],[-98.8529,30.5536],[-98.8506,30.5542],[-98.8492,30.5555],[-98.8467,30.5557],[-98.8433,30.5534],[-98.8413,30.5532],[-98.8412,30.5546],[-98.8404,30.5552],[-98.8378,30.5554],[-98.8357,30.56],[-98.8326,30.5603],[-98.8315,30.5627],[-98.8299,30.5632],[-98.8282,30.5624],[-98.8246,30.5644],[-98.8229,30.5639],[-98.8215,30.5658],[-98.8218,30.5697],[-98.8205,30.5729],[-98.8208,30.5751],[-98.8193,30.5764],[-98.8186,30.5784],[-98.8148,30.5787],[-98.8124,30.5804],[-98.8111,30.5844],[-98.8098,30.5846],[-98.8076,30.5868],[-98.8069,30.5886],[-98.8033,30.5893],[-98.8005,30.5918],[-98.7975,30.5927],[-98.795,30.5956],[-98.7932,30.5954],[-98.7871,30.5979],[-98.7862,30.5997],[-98.7837,30.6008],[-98.7831,30.6024],[-98.7854,30.6062],[-98.7828,30.6068],[-98.7804,30.6089],[-98.779,30.6123],[-98.7765,30.6115],[-98.7753,30.612],[-98.7744,30.6153],[-98.7701,30.6143],[-98.7687,30.616],[-98.7666,30.6165],[-98.7662,30.6182],[-98.7626,30.6154],[-98.7572,30.6142],[-98.7526,30.6194],[-98.7509,30.6206],[-98.7497,30.62],[-98.7476,30.622],[-98.7451,30.6196],[-98.7414,30.6193],[-98.7384,30.6198],[-98.734,30.6187],[-98.7318,30.625],[-98.731,30.6321],[-98.7259,30.6331],[-98.7227,30.6291],[-98.7192,30.6292],[-98.7172,30.6275],[-98.7158,30.6276],[-98.712,30.6231],[-98.7112,30.6231],[-98.7095,30.6213],[-98.7057,30.6222],[-98.7046,30.6248],[-98.7029,30.6257],[-98.7004,30.6249],[-98.6996,30.6227],[-98.6987,30.6234],[-98.6948,30.6236],[-98.6928,30.6244],[-98.6923,30.6257],[-98.6906,30.6252],[-98.6859,30.6263],[-98.6843,30.6249],[-98.6782,30.6312],[-98.6766,30.6265],[-98.6751,30.6281],[-98.671,30.6286],[-98.6709,30.626],[-98.6684,30.6233],[-98.6648,30.6231],[-98.6631,30.6204],[-98.6617,30.6202],[-98.6613,30.6189],[-98.6596,30.6181],[-98.6568,30.6184],[-98.6558,30.6175],[-98.6558,30.6158],[-98.6541,30.6153],[-98.6527,30.6087],[-98.645,30.6094],[-98.6412,30.613],[-98.6392,30.6128],[-98.6386,30.6133],[-98.6359,30.6121],[-98.6347,30.6103],[-98.6306,30.6104],[-98.6276,30.6006],[-98.6244,30.6001],[-98.6244,30.5991],[-98.6225,30.597],[-98.6176,30.5991],[-98.6138,30.603],[-98.6099,30.6035],[-98.6066,30.6007],[-98.606,30.599],[-98.6037,30.5989],[-98.6015,30.5972],[-98.596,30.5969],[-98.5947,30.5983],[-98.5908,30.5986],[-98.5901,30.6001],[-98.5886,30.5989],[-98.5834,30.5987],[-98.5825,30.5999],[-98.5825,30.5977],[-98.5814,30.5961],[-98.5767,30.5948],[-98.5746,30.6003],[-98.5706,30.6019],[-98.5677,30.6009],[-98.5637,30.6013],[-98.5565,30.5988],[-98.5543,30.5966],[-98.5533,30.5971],[-98.5518,30.5967],[-98.5504,30.5987],[-98.5483,30.5996],[-98.5451,30.5976],[-98.5384,30.598],[-98.5356,30.5955],[-98.5326,30.5962],[-98.5301,30.5956],[-98.5284,30.5969],[-98.5253,30.5954],[-98.5219,30.5952],[-98.5196,30.5967],[-98.5219,30.5988],[-98.5201,30.6017],[-98.518,30.6028],[-98.517,30.6043],[-98.5153,30.6043],[-98.5127,30.6072],[-98.5125,30.6095],[-98.5134,30.6109],[-98.5122,30.6161],[-98.51,30.6155],[-98.5073,30.6134],[-98.5062,30.6116],[-98.5034,30.6099],[-98.502,30.6079],[-98.4992,30.6077],[-98.4972,30.6061],[-98.4942,30.6061],[-98.4936,30.6025],[-98.4885,30.6019],[-98.4883,30.6009],[-98.487,30.6005],[-98.4844,30.601],[-98.4795,30.5983],[-98.4754,30.598],[-98.4741,30.5991],[-98.4698,30.6],[-98.4674,30.6021],[-98.4656,30.6015],[-98.4651,30.6005],[-98.4637,30.6003],[-98.4613,30.6042],[-98.4594,30.6049],[-98.4582,30.6064],[-98.4582,30.6075],[-98.4557,30.6103],[-98.4548,30.6136],[-98.4504,30.6167],[-98.4505,30.619],[-98.4536,30.6218],[-98.4534,30.6235],[-98.4523,30.624],[-98.4523,30.6251],[-98.4455,30.6265],[-98.4452,30.6293],[-98.4442,30.63],[-98.4436,30.6317],[-98.4407,30.6357],[-98.4392,30.6364],[-98.4391,30.6379],[-98.4359,30.6407],[-98.4367,30.6433],[-98.4343,30.6439],[-98.4315,30.6477],[-98.4319,30.6493],[-98.4293,30.6549],[-98.4308,30.657],[-98.4338,30.6583],[-98.4374,30.6568],[-98.439,30.6533],[-98.4404,30.6533],[-98.4423,30.6545],[-98.4445,30.6538],[-98.446,30.6542],[-98.448,30.6536],[-98.4494,30.6541],[-98.4507,30.6556],[-98.4521,30.6552],[-98.4526,30.6564],[-98.4549,30.6575],[-98.4575,30.6566],[-98.4582,30.6582],[-98.4606,30.6589],[-98.4607,30.6595],[-98.4628,30.6597],[-98.4643,30.661],[-98.4653,30.6606],[-98.4685,30.6615],[-98.4702,30.6642],[-98.4679,30.6689],[-98.4657,30.6702],[-98.466,30.672],[-98.4677,30.6733],[-98.4642,30.6794],[-98.4631,30.6833],[-98.4616,30.6841],[-98.4624,30.686],[-98.462,30.6897],[-98.4606,30.6907],[-98.4603,30.6947],[-98.4571,30.6964],[-98.4544,30.7013],[-98.4546,30.704],[-98.453,30.7063],[-98.4546,30.7071],[-98.4553,30.7087],[-98.4542,30.7122],[-98.4556,30.7135],[-98.4557,30.7148],[-98.453,30.72],[-98.4492,30.7218],[-98.4457,30.7256],[-98.4419,30.7273],[-98.4413,30.7284],[-98.4417,30.7304],[-98.4432,30.7327],[-98.4433,30.7345],[-98.4454,30.7349],[-98.4477,30.7362],[-98.4483,30.7373],[-98.4505,30.738],[-98.4509,30.7414],[-98.4529,30.7417],[-98.4551,30.7442],[-98.4574,30.7437],[-98.4587,30.7441],[-98.4597,30.747],[-98.4613,30.7473],[-98.4615,30.7495],[-98.4643,30.7503],[-98.4633,30.7553],[-98.4654,30.7566],[-98.4665,30.7583],[-98.4664,30.7618],[-98.4637,30.7638],[-98.4637,30.7653],[-98.4659,30.767],[-98.468,30.767],[-98.4718,30.7688],[-98.4732,30.7713],[-98.474,30.7713],[-98.476,30.7734],[-98.4808,30.7749],[-98.482,30.7746],[-98.4845,30.7768],[-98.4836,30.7779],[-98.4842,30.7798],[-98.4859,30.7808],[-98.4868,30.78],[-98.4896,30.7808],[-98.4904,30.784],[-98.4922,30.7854],[-98.494,30.7884],[-98.4935,30.7891],[-98.4944,30.7903],[-98.4944,30.7932],[-98.4954,30.7939],[-98.494,30.7983],[-98.4927,30.8],[-98.492,30.8082],[-98.4994,30.8095],[-98.5045,30.8123],[-98.5074,30.8117],[-98.5103,30.8121],[-98.5104,30.8151],[-98.5133,30.8193],[-98.5122,30.8228],[-98.5131,30.8245],[-98.5156,30.8255],[-98.5168,30.8273],[-98.5155,30.8311],[-98.5122,30.8354],[-98.5115,30.8403],[-98.5098,30.8443],[-98.5119,30.8495],[-98.5105,30.8554],[-98.5113,30.8588],[-98.5098,30.8601],[-98.5105,30.863],[-98.5092,30.8648],[-98.5114,30.8648],[-98.5163,30.8666],[-98.5193,30.8699],[-98.5181,30.8728],[-98.5196,30.8735],[-98.521,30.8731],[-98.5226,30.8753],[-98.5279,30.8742],[-98.5296,30.8769],[-98.5327,30.879],[-98.5331,30.8819],[-98.5344,30.8831],[-98.5362,30.8832],[-98.5436,30.8798],[-98.5448,30.8809],[-98.5475,30.881],[-98.5492,30.8822],[-98.5517,30.8822],[-98.551,30.8843],[-98.5529,30.8851],[-98.5559,30.8845],[-98.557,30.8833],[-98.5594,30.8831],[-98.5608,30.8842],[-98.5638,30.8833],[-98.5652,30.8838],[-98.5663,30.8818],[-98.5719,30.88],[-98.5722,30.8781],[-98.574,30.8769],[-98.5782,30.8778],[-98.5842,30.8779],[-98.588,30.8761],[-98.5877,30.8786],[-98.5892,30.8801],[-98.5959,30.8808],[-98.5974,30.8828],[-98.5969,30.8879],[-98.599,30.8888],[-98.5983,30.8906],[-98.5991,30.8919],[-98.5968,30.8937],[-98.5947,30.9011],[-98.5926,30.9035],[-98.5967,30.9055],[-98.5961,30.9067],[-98.5963,30.9129],[-98.6017,30.9151],[-98.6067,30.9138],[-98.6071,30.9199],[-98.6106,30.9231],[-98.6057,30.9291],[-98.6061,30.9307],[-98.6087,30.9326],[-98.6104,30.9383],[-98.6103,30.9411],[-98.6094,30.9429],[-98.6099,30.9471],[-98.6119,30.9471],[-98.6162,30.9453],[-98.6169,30.9486],[-98.618,30.9499],[-98.6189,30.9502],[-98.6214,30.9494],[-98.6245,30.9515],[-98.6274,30.9519],[-98.6295,30.9529],[-98.6311,30.952],[-98.6421,30.9573],[-98.6432,30.9594],[-98.6454,30.9613],[-98.6485,30.9591],[-98.6516,30.9595],[-98.6519,30.9585],[-98.6536,30.9588],[-98.6545,30.9501],[-98.657,30.9506],[-98.6645,30.9496],[-98.6662,30.9489],[-98.6669,30.9465],[-98.6686,30.9447],[-98.6703,30.946],[-98.6753,30.9464],[-98.6792,30.9429],[-98.6811,30.9429],[-98.6819,30.9422],[-98.6815,30.9408],[-98.6856,30.9405],[-98.6861,30.9388],[-98.6877,30.9398],[-98.6897,30.9391],[-98.6943,30.9415],[-98.6993,30.9424],[-98.7,30.9396],[-98.7028,30.9393],[-98.7058,30.9377],[-98.7062,30.9326],[-98.7085,30.9287],[-98.7077,30.9272],[-98.7081,30.9251],[-98.7115,30.9254],[-98.7137,30.9268],[-98.7169,30.9273],[-98.7209,30.931],[-98.7228,30.9318],[-98.7247,30.9312],[-98.7275,30.9315],[-98.7304,30.9286],[-98.732,30.9279],[-98.7344,30.9282],[-98.7378,30.9317],[-98.7368,30.9392],[-98.7401,30.9435],[-98.737,30.9487],[-98.7401,30.9498],[-98.7437,30.9498],[-98.7443,30.9529],[-98.7457,30.9541],[-98.7555,30.9594],[-98.7561,30.9609],[-98.7574,30.9615],[-98.7613,30.9602],[-98.7641,30.961],[-98.7663,30.9598],[-98.7696,30.9602],[-98.771,30.9569],[-98.7788,30.953],[-98.78,30.9491],[-98.7816,30.9477],[-98.7832,30.947],[-98.7854,30.9475],[-98.7899,30.9472],[-98.7947,30.9436],[-98.7947,30.9423],[-98.7974,30.9394],[-98.7978,30.9381],[-98.8015,30.9355],[-98.805,30.9248],[-98.8104,30.9259],[-98.8155,30.9215],[-98.8201,30.9146],[-98.83,30.9116],[-98.8352,30.9131],[-98.8409,30.9158],[-98.848,30.9152],[-98.8501,30.9142],[-98.852,30.9151],[-98.8502,30.9197],[-98.8521,30.9213],[-98.8543,30.9216],[-98.8587,30.9204],[-98.8615,30.918],[-98.8626,30.9169],[-98.8626,30.9159],[-98.866,30.9133],[-98.8693,30.9076],[-98.8773,30.9131],[-98.878,30.9134],[-98.881,30.9117],[-98.8817,30.917],[-98.8825,30.9184],[-98.8803,30.9213],[-98.8781,30.9222],[-98.8763,30.9248],[-98.8767,30.9293],[-98.8776,30.9306],[-98.8783,30.9351],[-98.877,30.9363],[-98.876,30.9363],[-98.874,30.9413],[-98.8746,30.952],[-98.8732,30.9545],[-98.8732,30.9581],[-98.876,30.9625],[-98.876,30.9644],[-98.877,30.9661],[-98.8791,30.9661],[-98.8784,30.9709],[-98.8832,30.9747],[-98.8905,30.9774],[-98.8948,30.9751],[-98.8952,30.9741],[-98.8968,30.9736],[-98.8984,30.9753],[-98.902,30.9757],[-98.9038,30.9732],[-98.9087,30.9773],[-98.9108,30.9778],[-98.9124,30.9737],[-98.9166,30.9726],[-98.9188,30.9706],[-98.9221,30.9689],[-98.923,30.9709],[-98.9253,30.9719],[-98.927,30.9719],[-98.9292,30.9706],[-98.9292,30.968],[-98.9307,30.9667],[-98.929,30.9645],[-98.9292,30.9621],[-98.9303,30.9615],[-98.9297,30.9569],[-98.9308,30.9563],[-98.9319,30.9578],[-98.9337,30.9583],[-98.9359,30.9573],[-98.9387,30.9531],[-98.9388,30.9512],[-98.9408,30.9502],[-98.9422,30.9508],[-98.9468,30.9505],[-98.9469,30.948],[-98.9521,30.9458],[-98.9521,30.9437],[-98.9553,30.9426],[-98.9584,30.9435],[-98.9616,30.9432],[-98.9665,30.9482],[-98.9691,30.9498],[-98.9708,30.9497],[-98.972,30.9468],[-98.9709,30.9445],[-98.975,30.9449],[-98.9757,30.9439],[-98.9754,30.9431],[-98.9806,30.943],[-98.988,30.9415],[-98.9884,30.9402],[-98.9876,30.9389],[-98.9896,30.9374],[-98.9908,30.934],[-98.9922,30.9336],[-98.9965,30.9369],[-98.9984,30.9372],[-99.0,30.9357]]]}},
{"type":"Feature","properties":{"name":"Austin-Travis Lakes","huc8":"12090205","sq_km":3213.91},"geometry":{"type":"Polygon","coordinates":[[[-98.2573,30.8153],[-98.2591,30.818],[-98.2671,30.8206],[-98.2697,30.8208],[-98.2736,30.8198],[-98.2751,30.8158],[-98.2765,30.806],[-98.2778,30.8024],[-98.2765,30.7961],[-98.2753,30.7951],[-98.2763,30.794],[-98.281,30.7922],[-98.2811,30.7887],[-98.2799,30.7867],[-98.2803,30.7848],[-98.281,30.7843],[-98.2799,30.7788],[-98.2809,30.777],[-98.2763,30.7751],[-98.2751,30.7731],[-98.2702,30.7698],[-98.2686,30.7699],[-98.263,30.7652],[-98.2637,30.7617],[-98.2627,30.7606],[-98.2622,30.7581],[-98.2652,30.756],[-98.2675,30.7531],[-98.2762,30.7511],[-98.2798,30.7452],[-98.2857,30.7437],[-98.2871,30.7405],[-98.289,30.7394],[-98.301,30.7357],[-98.3019,30.7368],[-98.303,30.7366],[-98.3048,30.7348],[-98.3063,30.7349],[-98.3075,30.734],[-98.3071,30.7304],[-98.3089,30.7289],[-98.3089,30.7279],[-98.3073,30.7266],[-98.3071,30.7246],[-98.3046,30.7219],[-98.3062,30.7195],[-98.3057,30.7177],[-98.2993,30.7121],[-98.3013,30.7084],[-98.3017,30.7081],[-98.3037,30.7087],[-98.3058,30.7068],[-98.3074,30.7065],[-98.3079,30.705],[-98.3071,30.7008],[-98.3119,30.6957],[-98.314,30.6972],[-98.3172,30.6966],[-98.3211,30.693],[-98.3239,30.6923],[-98.3244,30.6898],[-98.3282,30.6873],[-98.3273,30.6852],[-98.3315,30.6848],[-98.3353,30.6864],[-98.3365,30.6859],[-98.3427,30.6867],[-98.3458,30.6828],[-98.3448,30.6804],[-98.3465,30.6765],[-98.3454,30.6753],[-98.3469,30.6746],[-98.3477,30.6733],[-98.3477,30.6706],[-98.3538,30.6677],[-98.3533,30.6648],[-98.3521,30.6627],[-98.3537,30.6596],[-98.3514,30.6562],[-98.3514,30.654],[-98.3524,30.6504],[-98.3542,30.6491],[-98.3542,30.6467],[-98.3564,30.6448],[-98.3534,30.6451],[-98.351,30.6416],[-98.3507,30.6374],[-98.352,30.6362],[-98.3479,30.6338],[-98.3451,30.6311],[-98.3435,30.6283],[-98.3417,30.6272],[-98.3409,30.6253],[-98.3395,30.6247],[-98.3395,30.6225],[-98.3374,30.6218],[-98.3386,30.6172],[-98.3377,30.615],[-98.3384,30.6132],[-98.3367,30.6117],[-98.339,30.6082],[-98.3379,30.603],[-98.3393,30.6014],[-98.3426,30.6014],[-98.3438,30.5998],[-98.3445,30.595],[-98.3463,30.5937],[-98.3455,30.5914],[-98.3469,30.5906],[-98.3474,30.5888],[-98.3461,30.5811],[-98.3435,30.5786],[-98.3431,30.5766],[-98.3434,30.5731],[-98.3453,30.5706],[-98.3453,30.5681],[-98.3439,30.5679],[-98.343,30.5656],[-98.3401,30.5631],[-98.3377,30.5546],[-98.3354,30.5532],[-98.333,30.5484],[-98.334,30.5457],[-98.335,30.5449],[-98.3398,30.5445],[-98.3418,30.5469],[-98.3418,30.5426],[-98.3434,30.5407],[-98.344,30.5376],[-98.3457,30.5364],[-98.3449,30.5352],[-98.3454,30.5337],[-98.3464,30.5318],[-98.3495,30.5307],[-98.3487,30.5263],[-98.3496,30.5248],[-98.3524,30.5233],[-98.3518,30.5172],[-98.3502,30.5144],[-98.3455,30.5115],[-98.349,30.5078],[-98.3533,30.5057],[-98.3539,30.5043],[-98.3529,30.5006],[-98.3533,30.4993],[-98.3568,30.4981],[-98.3611,30.4933],[-98.3619,30.4898],[-98.3602,30.4882],[-98.359,30.485],[-98.3596,30.4823],[-98.359,30.4798],[-98.3595,30.4758],[-98.3571,30.4721],[-98.3605,30.4673],[-98.3641,30.465],[-98.3665,30.4644],[-98.3688,30.4617],[-98.3702,30.459],[-98.3687,30.4536],[-98.3609,30.4556],[-98.3593,30.4573],[-98.3531,30.4573],[-98.3515,30.4547],[-98.3495,30.4544],[-98.3493,30.4528],[-98.3455,30.4519],[-98.3429,30.4476],[-98.3399,30.4478],[-98.3382,30.4472],[-98.3364,30.4463],[-98.3356,30.4449],[-98.3317,30.4452],[-98.3307,30.4443],[-98.3267,30.4445],[-98.3241,30.4435],[-98.3231,30.4443],[-98.3202,30.4445],[-98.3192,30.4423],[-98.3164,30.4398],[-98.3092,30.4378],[-98.3068,30.4319],[-98.3034,30.4285],[-98.3024,30.4283],[-98.3012,30.4298],[-98.2965,30.4281],[-98.2941,30.4306],[-98.292,30.4305],[-98.2903,30.4334],[-98.2864,30.4335],[-98.2817,30.4376],[-98.2787,30.4392],[-98.2781,30.438],[-98.2752,30.436],[-98.274,30.4362],[-98.2692,30.4348],[-98.2642,30.4387],[-98.2631,30.4389],[-98.2589,30.4376],[-98.2572,30.438],[-98.2556,30.4366],[-98.2531,30.4383],[-98.2536,30.4416],[-98.2499,30.4429],[-98.2485,30.4423],[-98.244,30.4457],[-98.2384,30.4434],[-98.237,30.4466],[-98.2343,30.4483],[-98.232,30.4479],[-98.2271,30.4515],[-98.2255,30.4514],[-98.2247,30.45],[-98.2148,30.4502],[-98.2103,30.4491],[-98.209,30.4494],[-98.2085,30.4485],[-98.2056,30.4481],[-98.2044,30.4467],[-98.2027,30.4465],[-98.2012,30.4452],[-98.1975,30.4453],[-98.1948,30.4473],[-98.1934,30.4462],[-98.192,30.446],[-98.1896,30.4436],[-98.1866,30.4434],[-98.1844,30.4415],[-98.182,30.4411],[-98.1791,30.4377],[-98.1775,30.4378],[-98.1751,30.44],[-98.1718,30.4417],[-98.1715,30.4427],[-98.1692,30.4419],[-98.1662,30.4432],[-98.1628,30.4375],[-98.1583,30.4372],[-98.1581,30.4363],[-98.1562,30.4351],[-98.1528,30.4379],[-98.1475,30.437],[-98.1467,30.4382],[-98.1418,30.4384],[-98.1405,30.4377],[-98.138,30.4412],[-98.1306,30.4389],[-98.1276,30.44],[-98.1269,30.4392],[-98.1223,30.4396],[-98.1195,30.4389],[-98.1154,30.4432],[-98.1105,30.4442],[-98.113,30.4493],[-98.1129,30.4508],[-98.1106,30.4526],[-98.1094,30.4555],[-98.1046,30.4572],[-98.1029,30.457],[-98.0987,30.4589],[-98.0936,30.4562],[-98.0916,30.4564],[-98.09,30.4548],[-98.0859,30.4553],[-98.0825,30.4541],[-98.0787,30.4549],[-98.0767,30.4534],[-98.0734,30.4467],[-98.0708,30.4439],[-98.0716,30.4426],[-98.0714,30.4401],[-98.0677,30.4365],[-98.068,30.4332],[-98.0656,30.4321],[-98.0646,30.427],[-98.0619,30.4228],[-98.0605,30.4228],[-98.0592,30.424],[-98.0556,30.4191],[-98.0551,30.4178],[-98.0576,30.4156],[-98.056,30.4117],[-98.058,30.4092],[-98.0569,30.4078],[-98.0567,30.405],[-98.0539,30.4027],[-98.0567,30.3976],[-98.0553,30.3944],[-98.0558,30.393],[-98.0577,30.3929],[-98.0588,30.3892],[-98.0615,30.3883],[-98.0635,30.3848],[-98.063,30.3826],[-98.0606,30.3798],[-98.0594,30.3752],[-98.0606,30.3736],[-98.0616,30.3693],[-98.0633,30.367],[-98.0631,30.3651],[-98.0669,30.3648],[-98.0676,30.3635],[-98.0693,30.3628],[-98.0689,30.3586],[-98.0642,30.3524],[-98.0673,30.3507],[-98.0672,30.3482],[-98.0682,30.3475],[-98.0741,30.3475],[-98.0752,30.3483],[-98.0758,30.3458],[-98.0746,30.3427],[-98.0778,30.3411],[-98.0775,30.339],[-98.0759,30.3367],[-98.0769,30.3362],[-98.0771,30.3349],[-98.0799,30.3332],[-98.0785,30.3311],[-98.0799,30.33],[-98.0802,30.3288],[-98.0825,30.3275],[-98.0819,30.3254],[-98.0829,30.3234],[-98.0846,30.3224],[-98.0861,30.3184],[-98.089,30.317],[-98.0891,30.3158],[-98.0903,30.3146],[-98.0901,30.3122],[-98.0911,30.3111],[-98.0905,30.3102],[-98.091,30.3065],[-98.0905,30.3046],[-98.0892,30.3009],[-98.0869,30.3006],[-98.0873,30.2999],[-98.0842,30.2957],[-98.0883,30.2933],[-98.0921,30.2932],[-98.0949,30.2917],[-98.0979,30.2921],[-98.1,30.2904],[-98.1007,30.2863],[-98.1014,30.2857],[-98.1051,30.2859],[-98.1056,30.288],[-98.1068,30.2893],[-98.1118,30.2892],[-98.1109,30.2877],[-98.1118,30.286],[-98.1147,30.2847],[-98.1167,30.2851],[-98.1171,30.2823],[-98.1209,30.281],[-98.1204,30.2779],[-98.1183,30.2762],[-98.1185,30.2745],[-98.1221,30.2724],[-98.1225,30.2734],[-98.1234,30.2734],[-98.1256,30.2707],[-98.1285,30.2708],[-98.1318,30.2722],[-98.1337,30.2709],[-98.1376,30.2699],[-98.1373,30.2676],[-98.1416,30.2655],[-98.1412,30.2629],[-98.1439,30.2625],[-98.1437,30.2599],[-98.1455,30.2594],[-98.1483,30.2543],[-98.1484,30.2523],[-98.1499,30.252],[-98.1516,30.253],[-98.1533,30.2518],[-98.1571,30.2519],[-98.158,30.2463],[-98.1571,30.243],[-98.1592,30.2414],[-98.1591,30.2354],[-98.1602,30.2329],[-98.1597,30.2301],[-98.162,30.2291],[-98.1639,30.23],[-98.1652,30.2293],[-98.1677,30.2298],[-98.1686,30.2288],[-98.1689,30.2272],[-98.1742,30.2228],[-98.1809,30.2237],[-98.1829,30.2229],[-98.1885,30.2253],[-98.1885,30.2239],[-98.19,30.2217],[-98.1931,30.2219],[-98.1934,30.2194],[-98.1906,30.2177],[-98.1891,30.2146],[-98.1869,30.2136],[-98.1879,30.2114],[-98.188,30.2103],[-98.1868,30.2097],[-98.1875,30.2084],[-98.1898,30.2077],[-98.1916,30.2083],[-98.1942,30.2111],[-98.1952,30.2094],[-98.1997,30.2095],[-98.2015,30.2103],[-98.2033,30.2099],[-98.2038,30.2069],[-98.2059,30.205],[-98.2058,30.2037],[-98.2068,30.2024],[-98.2044,30.196],[-98.2065,30.1948],[-98.2097,30.1955],[-98.2169,30.1928],[-98.2311,30.1922],[-98.2313,30.1891],[-98.2335,30.1863],[-98.2354,30.186],[-98.2364,30.1872],[-98.2396,30.1875],[-98.2418,30.1837],[-98.2442,30.1826],[-98.2443,30.1815],[-98.2456,30.1806],[-98.2474,30.181],[-98.2498,30.1788],[-98.2542,30.1796],[-98.2556,30.179],[-98.2546,30.1758],[-98.2551,30.1743],[-98.2547,30.172],[-98.2577,30.1713],[-98.2594,30.1693],[-98.2607,30.17],[-98.2621,30.1688],[-98.2645,30.1684],[-98.2633,30.1651],[-98.2645,30.1646],[-98.265,30.1632],[-98.2678,30.1614],[-98.2715,30.1613],[-98.275,30.1595],[-98.2787,30.1585],[-98.2788,30.156],[-98.2804,30.1538],[-98.2836,30.1543],[-98.2842,30.1522],[-98.2853,30.1513],[-98.2875,30.1512],[-98.2867,30.1493],[-98.2883,30.1475],[-98.292,30.1467],[-98.2927,30.1436],[-98.2943,30.1425],[-98.2958,30.1425],[-98.2977,30.1365],[-98.2965,30.1372],[-98.295,30.1372],[-98.2917,30.1335],[-98.2904,30.1332],[-98.2909,30.1321],[-98.2901,30.1303],[-98.2883,30.1287],[-98.2866,30.1282],[-98.2842,30.129],[-98.2796,30.133],[-98.2756,30.1321],[-98.2737,30.1326],[-98.272,30.1311],[-98.2687,30.1306],[-98.2652,30.1334],[-98.2632,30.1329],[-98.2623,30.1312],[-98.2596,30.1291],[-98.2584,30.1295],[-98.257,30.126],[-98.2553,30.1279],[-98.2533,30.1257],[-98.2499,30.1253],[-98.2483,30.126],[-98.2464,30.1253],[-98.2448,30.127],[-98.243,30.1275],[-98.2396,30.1247],[-98.2373,30.1244],[-98.236,30.1234],[-98.2314,30.1231],[-98.2289,30.1215],[-98.2306,30.1194],[-98.231,30.114],[-98.226,30.1098],[-98.2252,30.1101],[-98.224,30.1091],[-98.2235,30.1075],[-98.2201,30.1044],[-98.2177,30.1027],[-98.2168,30.1029],[-98.2165,30.1016],[-98.2131,30.0994],[-98.2133,30.0983],[-98.2125,30.0982],[-98.2106,30.0959],[-98.2092,30.0974],[-98.2077,30.0974],[-98.2045,30.0948],[-98.1999,30.095],[-98.199,30.0938],[-98.1921,30.0959],[-98.1897,30.0957],[-98.1891,30.0974],[-98.1849,30.0993],[-98.1829,30.1034],[-98.1809,30.1048],[-98.1782,30.1044],[-98.1763,30.1035],[-98.1752,30.1013],[-98.1723,30.101],[-98.1687,30.0973],[-98.1666,30.0965],[-98.1663,30.0976],[-98.1635,30.0991],[-98.1641,30.1007],[-98.1613,30.1047],[-98.1597,30.1045],[-98.1591,30.1031],[-98.1563,30.1015],[-98.154,30.1018],[-98.153,30.1031],[-98.149,30.1046],[-98.1448,30.1033],[-98.1438,30.1024],[-98.1419,30.106],[-98.1409,30.1013],[-98.1354,30.0942],[-98.1351,30.0918],[-98.1367,30.092],[-98.1379,30.091],[-98.1394,30.0868],[-98.138,30.086],[-98.1368,30.0865],[-98.1324,30.0859],[-98.131,30.0838],[-98.1308,30.0815],[-98.1253,30.0823],[-98.1243,30.0818],[-98.1232,30.0836],[-98.1188,30.0843],[-98.1171,30.0825],[-98.1069,30.079],[-98.1032,30.0816],[-98.1025,30.0813],[-98.1025,30.0801],[-98.0991,30.0787],[-98.0973,30.0761],[-98.0958,30.076],[-98.0929,30.0783],[-98.0891,30.0782],[-98.0882,30.0762],[-98.0827,30.074],[-98.0806,30.0719],[-98.0792,30.0685],[-98.0777,30.0689],[-98.0753,30.0668],[-98.074,30.0617],[-98.0728,30.0613],[-98.0714,30.0585],[-98.0698,30.0571],[-98.0673,30.0586],[-98.0631,30.0586],[-98.0619,30.0571],[-98.0598,30.0566],[-98.0578,30.0526],[-98.0497,30.0518],[-98.0451,30.0502],[-98.0428,30.0503],[-98.0404,30.0489],[-98.0377,30.0483],[-98.0345,30.0488],[-98.0327,30.0482],[-98.0269,30.0492],[-98.0221,30.0483],[-98.0201,30.0502],[-98.0175,30.0497],[-98.0157,30.0485],[-98.014,30.0485],[-98.0111,30.0497],[-98.009,30.0493],[-98.0062,30.0498],[-98.0031,30.0519],[-97.999,30.053],[-97.9968,30.0477],[-97.9882,30.0474],[-97.9771,30.046],[-97.9698,30.0438],[-97.9694,30.0425],[-97.9674,30.0421],[-97.9666,30.0432],[-97.9656,30.0428],[-97.9629,30.0411],[-97.9623,30.0402],[-97.9612,30.04],[-97.9609,30.0386],[-97.9601,30.0381],[-97.9553,30.0407],[-97.9521,30.0395],[-97.9509,30.0403],[-97.9435,30.0398],[-97.9432,30.0386],[-97.9423,30.0388],[-97.9405,30.0378],[-97.9416,30.0366],[-97.9391,30.0352],[-97.9355,30.0287],[-97.9331,30.0266],[-97.9316,30.0256],[-97.9276,30.0266],[-97.919,30.0236],[-97.9175,30.026],[-97.9159,30.0269],[-97.9135,30.0276],[-97.9093,30.0256],[-97.9074,30.0283],[-97.9036,30.0299],[-97.903,30.031],[-97.8942,30.0323],[-97.8927,30.0341],[-97.8922,30.0362],[-97.8841,30.0423],[-97.8823,30.0452],[-97.8762,30.0485],[-97.875,30.0503],[-97.8679,30.0507],[-97.8621,30.0564],[-97.8601,30.0575],[-97.8524,30.0577],[-97.8488,30.0613],[-97.8467,30.0619],[-97.8463,30.0651],[-97.8428,30.0673],[-97.8424,30.069],[-97.8341,30.0697],[-97.8318,30.0691],[-97.8314,30.068],[-97.8256,30.0654],[-97.825,30.0666],[-97.8213,30.0679],[-97.8207,30.0693],[-97.8195,30.0696],[-97.8203,30.0702],[-97.8203,30.0759],[-97.8191,30.0773],[-97.8192,30.0798],[-97.8169,30.0792],[-97.8146,30.0766],[-97.8104,30.0758],[-97.8046,30.0799],[-97.8013,30.0851],[-97.7968,30.0823],[-97.7947,30.0837],[-97.7929,30.0837],[-97.7929,30.0856],[-97.7908,30.0868],[-97.79,30.0884],[-97.7885,30.0889],[-97.7869,30.0854],[-97.7859,30.0845],[-97.7838,30.0848],[-97.7797,30.0825],[-97.7805,30.0794],[-97.7795,30.0798],[-97.7725,30.079],[-97.7681,30.0806],[-97.768,30.0822],[-97.7663,30.0856],[-97.7669,30.0898],[-97.7645,30.0931],[-97.7641,30.0969],[-97.7603,30.1002],[-97.7607,30.1023],[-97.7631,30.1036],[-97.7632,30.105],[-97.7582,30.1107],[-97.7567,30.1104],[-97.7548,30.108],[-97.7535,30.1075],[-97.7527,30.1085],[-97.75,30.109],[-97.7489,30.11],[-97.7465,30.11],[-97.7439,30.1146],[-97.7418,30.1143],[-97.7399,30.1154],[-97.7373,30.1203],[-97.7337,30.1203],[-97.7337,30.1267],[-97.7313,30.127],[-97.7277,30.1309],[-97.7258,30.1317],[-97.7248,30.1335],[-97.7219,30.1335],[-97.7189,30.1359],[-97.7195,30.1388],[-97.7178,30.1413],[-97.7174,30.1432],[-97.7186,30.146],[-97.7183,30.1486],[-97.7177,30.1505],[-97.7155,30.1515],[-97.7133,30.1541],[-97.7128,30.1588],[-97.7082,30.1588],[-97.7062,30.162],[-97.7014,30.1596],[-97.6992,30.1597],[-97.6976,30.1606],[-97.6949,30.1579],[-97.691,30.1564],[-97.6852,30.1569],[-97.6817,30.1525],[-97.677,30.1531],[-97.6679,30.1576],[-97.6671,30.1559],[-97.6648,30.1539],[-97.6628,30.1556],[-97.6604,30.1547],[-97.656,30.1585],[-97.6555,30.16],[-97.6509,30.1622],[-97.6453,30.1583],[-97.6438,30.1588],[-97.6404,30.1625],[-97.6363,30.1642],[-97.6352,30.167],[-97.6351,30.1684],[-97.6398,30.1721],[-97.6398,30.1732],[-97.6381,30.174],[-97.6364,30.1731],[-97.6315,30.1737],[-97.628,30.1781],[-97.6258,30.1792],[-97.6248,30.1759],[-97.6232,30.1744],[-97.6187,30.1758],[-97.618,30.1776],[-97.6181,30.1818],[-97.616,30.1834],[-97.6135,30.1916],[-97.6101,30.1939],[-97.6073,30.1926],[-97.6029,30.1931],[-97.6011,30.1956],[-97.5974,30.1938],[-97.5933,30.1944],[-97.5898,30.1986],[-97.589,30.2029],[-97.5871,30.2052],[-97.5889,30.2088],[-97.5908,30.2099],[-97.5922,30.2118],[-97.59,30.2206],[-97.5903,30.2263],[-97.5895,30.2282],[-97.5906,30.2328],[-97.6044,30.2391],[-97.6122,30.2408],[-97.6194,30.2408],[-97.6232,30.2426],[-97.624,30.2453],[-97.6224,30.2474],[-97.6218,30.2498],[-97.6215,30.2592],[-97.6249,30.2605],[-97.6269,30.262],[-97.6313,30.2687],[-97.6367,30.2735],[-97.6377,30.2781],[-97.6408,30.2839],[-97.6393,30.2875],[-97.64,30.2891],[-97.6379,30.2885],[-97.6353,30.2896],[-97.6346,30.2915],[-97.63,30.2937],[-97.6254,30.2992],[-97.6255,30.3025],[-97.627,30.305],[-97.6292,30.3056],[-97.6306,30.3075],[-97.6324,30.308],[-97.6373,30.3121],[-97.6386,30.3121],[-97.6414,30.3148],[-97.6401,30.3162],[-97.6387,30.3201],[-97.6359,30.3224],[-97.6355,30.3242],[-97.6365,30.3266],[-97.6349,30.328],[-97.6274,30.3311],[-97.6246,30.3349],[-97.6233,30.3382],[-97.6222,30.3387],[-97.6222,30.3412],[-97.6268,30.3423],[-97.6308,30.345],[-97.6297,30.3497],[-97.6261,30.3489],[-97.6243,30.3494],[-97.623,30.3559],[-97.6237,30.3566],[-97.6274,30.3572],[-97.6286,30.3588],[-97.6296,30.3623],[-97.6305,30.3632],[-97.6334,30.3641],[-97.6391,30.3644],[-97.644,30.3693],[-97.6436,30.3725],[-97.6417,30.3752],[-97.6423,30.3798],[-97.6435,30.381],[-97.6465,30.3798],[-97.647,30.3819],[-97.6484,30.3829],[-97.6479,30.3887],[-97.6496,30.3943],[-97.6558,30.3983],[-97.6561,30.4003],[-97.655,30.4023],[-97.6559,30.404],[-97.658,30.4055],[-97.6579,30.4086],[-97.6555,30.412],[-97.656,30.4165],[-97.6611,30.4217],[-97.6642,30.4209],[-97.666,30.4258],[-97.6686,30.4259],[-97.6692,30.4266],[-97.6692,30.4351],[-97.6687,30.4374],[-97.6652,30.4435],[-97.6644,30.4478],[-97.6651,30.45],[-97.6694,30.4528],[-97.6696,30.4556],[-97.6753,30.4575],[-97.6779,30.4596],[-97.6858,30.4601],[-97.6928,30.4632],[-97.6965,30.4619],[-97.6981,30.4597],[-97.7033,30.459],[-97.7036,30.4581],[-97.7049,30.4578],[-97.7102,30.4573],[-97.7133,30.4558],[-97.7145,30.4544],[-97.7164,30.4541],[-97.7199,30.4556],[-97.7203,30.4551],[-97.7246,30.4555],[-97.7255,30.4552],[-97.7263,30.4534],[-97.7287,30.4528],[-97.7309,30.4507],[-97.7397,30.4489],[-97.7406,30.45],[-97.7485,30.4492],[-97.7507,30.447],[-97.7523,30.4435],[-97.7564,30.4414],[-97.7564,30.4388],[-97.7605,30.4374],[-97.7586,30.4333],[-97.7592,30.4308],[-97.7606,30.4299],[-97.7791,30.4394],[-97.7822,30.4375],[-97.7845,30.4381],[-97.7877,30.4416],[-97.7884,30.444],[-97.7955,30.4475],[-97.8005,30.4475],[-97.8022,30.4482],[-97.8128,30.4471],[-97.817,30.4521],[-97.8225,30.4539],[-97.8251,30.4561],[-97.8259,30.4561],[-97.8299,30.4613],[-97.8304,30.4639],[-97.833,30.4656],[-97.8377,30.4672],[-97.8423,30.4669],[-97.8427,30.4682],[-97.8457,30.4696],[-97.8471,30.4726],[-97.8468,30.4751],[-97.849,30.4767],[-97.852,30.4851],[-97.8545,30.487],[-97.8589,30.4886],[-97.8627,30.4919],[-97.8619,30.4979],[-97.8596,30.4999],[-97.859,30.503],[-97.8568,30.5037],[-97.8556,30.5049],[-97.8556,30.5077],[-97.8561,30.5088],[-97.8571,30.5093],[-97.858,30.5123],[-97.8597,30.5118],[-97.8599,30.5123],[-97.8632,30.5132],[-97.8647,30.5186],[-97.8682,30.5199],[-97.8694,30.5241],[-97.8716,30.528],[-97.8694,30.5285],[-97.8658,30.532],[-97.8674,30.534],[-97.8685,30.5372],[-97.867,30.5394],[-97.867,30.5409],[-97.8642,30.5411],[-97.8628,30.5434],[-97.8619,30.5438],[-97.8635,30.5457],[-97.8685,30.5449],[-97.872,30.5469],[-97.8742,30.5517],[-97.8808,30.5535],[-97.8853,30.5536],[-97.8874,30.5564],[-97.8872,30.5593],[-97.8881,30.5601],[-97.8895,30.5601],[-97.8892,30.5654],[-97.8917,30.5667],[-97.8927,30.5667],[-97.8934,30.5653],[-97.8984,30.5655],[-97.8998,30.5685],[-97.9038,30.5706],[-97.9082,30.5681],[-97.9103,30.5692],[-97.9142,30.5665],[-97.9219,30.5643],[-97.927,30.5668],[-97.9227,30.5704],[-97.9192,30.5722],[-97.9185,30.577],[-97.9159,30.5795],[-97.9152,30.583],[-97.9197,30.5844],[-97.9208,30.5854],[-97.9211,30.5867],[-97.9205,30.5884],[-97.9216,30.5931],[-97.92,30.5968],[-97.9139,30.5992],[-97.9133,30.6015],[-97.9155,30.6045],[-97.9214,30.6059],[-97.9235,30.6072],[-97.9248,30.6091],[-97.9293,30.6075],[-97.9349,30.6105],[-97.936,30.6099],[-97.9399,30.6151],[-97.9394,30.6178],[-97.9408,30.6175],[-97.9433,30.6193],[-97.9449,30.619],[-97.9464,30.6197],[-97.9468,30.6211],[-97.9504,30.6237],[-97.9507,30.626],[-97.9533,30.629],[-97.957,30.6273],[-97.9574,30.6259],[-97.9589,30.6253],[-97.9622,30.6254],[-97.9659,30.6234],[-97.9693,30.6241],[-97.9712,30.6224],[-97.9746,30.6222],[-97.9756,30.6203],[-97.978,30.6182],[-97.9801,30.6175],[-97.9817,30.6159],[-97.9818,30.6117],[-97.9837,30.6086],[-97.9913,30.6099],[-97.9925,30.6114],[-97.9962,30.6134],[-97.997,30.6151],[-98.0,30.6172],[-98.0074,30.6188],[-98.0122,30.6168],[-98.0138,30.6177],[-98.0157,30.6177],[-98.0159,30.6182],[-98.0201,30.6178],[-98.0256,30.6157],[-98.0301,30.6149],[-98.0318,30.6129],[-98.0362,30.6126],[-98.0376,30.6176],[-98.0447,30.6207],[-98.0488,30.623],[-98.0497,30.6244],[-98.0559,30.6275],[-98.0561,30.6308],[-98.0582,30.6338],[-98.0611,30.6358],[-98.062,30.6381],[-98.0603,30.6417],[-98.064,30.6435],[-98.0669,30.6441],[-98.0676,30.6477],[-98.0685,30.6489],[-98.0749,30.6498],[-98.0791,30.6483],[-98.0821,30.6487],[-98.0843,30.6478],[-98.0899,30.6475],[-98.0935,30.6542],[-98.0931,30.6594],[-98.0942,30.6613],[-98.0958,30.6622],[-98.0953,30.6631],[-98.0975,30.6655],[-98.0984,30.6658],[-98.1001,30.665],[-98.1006,30.6666],[-98.1039,30.667],[-98.1065,30.6659],[-98.1099,30.6655],[-98.1117,30.664],[-98.1131,30.6642],[-98.114,30.6648],[-98.1137,30.6704],[-98.1189,30.6742],[-98.123,30.6734],[-98.1299,30.6778],[-98.132,30.6772],[-98.1383,30.6782],[-98.1403,30.6775],[-98.1464,30.6785],[-98.1516,30.6825],[-98.1495,30.6854],[-98.1499,30.69],[-98.153,30.6923],[-98.1537,30.6942],[-98.1511,30.6972],[-98.1493,30.6977],[-98.1487,30.6987],[-98.1484,30.7012],[-98.1471,30.7034],[-98.1471,30.7059],[-98.1489,30.7082],[-98.148,30.7102],[-98.1534,30.7147],[-98.1534,30.7163],[-98.1551,30.7192],[-98.1568,30.7207],[-98.1613,30.7224],[-98.1593,30.7252],[-98.1606,30.7275],[-98.1628,30.7294],[-98.162,30.7332],[-98.1667,30.7335],[-98.1723,30.7349],[-98.1779,30.7352],[-98.1813,30.7408],[-98.1832,30.7421],[-98.1837,30.7476],[-98.1849,30.7508],[-98.1826,30.7553],[-98.1867,30.7567],[-98.1896,30.7601],[-98.1915,30.7612],[-98.1947,30.7612],[-98.1961,30.7636],[-98.199,30.7643],[-98.2012,30.7661],[-98.2027,30.7661],[-98.205,30.7689],[-98.2077,30.77],[-98.2071,30.7712],[-98.2085,30.7739],[-98.2066,30.7766],[-98.2111,30.7914],[-98.2205,30.7947],[-98.2225,30.7962],[-98.2305,30.7955],[-98.2317,30.7975],[-98.2332,30.7981],[-98.2337,30.8008],[-98.2363,30.8031],[-98.2395,30.8048],[-98.2393,30.807],[-98.2397,30.8078],[-98.2414,30.8081],[-98.2437,30.8125],[-98.2468,30.8133],[-98.2502,30.8151],[-98.254,30.8139],[-98.2573,30.8153]]]}},
{"type":"Feature","properties":{"name":"Pedernales","huc8":"12090206","sq_km":3316.63},"geometry":{"type":"Polygon","coordinates":[[[-99.0,30.3787],[-99.0,30.1122],[-98.9966,30.1112],[-98.9952,30.1099],[-98.9921,30.1102],[-98.9898,30.1088],[-98.985,30.1075],[-98.984,30.1028],[-98.9815,30.1028],[-98.9796,30.0987],[-98.9753,30.0999],[-98.974,30.0991],[-98.9732,30.0966],[-98.9626,30.0921],[-98.9634,30.0896],[-98.962,30.0863],[-98.9585,30.0852],[-98.9575,30.0835],[-98.955,30.0841],[-98.9547,30.0828],[-98.9531,30.0816],[-98.9503,30.0823],[-98.9486,30.0815],[-98.9458,30.082],[-98.9416,30.081],[-98.9405,30.0826],[-98.9385,30.0832],[-98.9359,30.0906],[-98.9338,30.0902],[-98.9293,30.0912],[-98.9273,30.0929],[-98.9272,30.0945],[-98.9258,30.0962],[-98.9237,30.0946],[-98.9195,30.1037],[-98.9161,30.104],[-98.9147,30.1055],[-98.9132,30.1049],[-98.9115,30.1051],[-98.9106,30.1067],[-98.9091,30.1075],[-98.906,30.108],[-98.9049,30.1068],[-98.9021,30.1063],[-98.898,30.1102],[-98.8989,30.1123],[-98.8982,30.1151],[-98.8949,30.1152],[-98.8931,30.1167],[-98.8917,30.1153],[-98.8902,30.1155],[-98.8892,30.1191],[-98.8867,30.1197],[-98.8834,30.1227],[-98.884,30.1257],[-98.8827,30.127],[-98.8786,30.1257],[-98.8761,30.1241],[-98.8749,30.121],[-98.8736,30.12],[-98.873,30.1164],[-98.8714,30.1148],[-98.8695,30.114],[-98.8664,30.114],[-98.8654,30.1123],[-98.8635,30.1122],[-98.8619,30.1095],[-98.8595,30.1079],[-98.8531,30.1075],[-98.8493,30.1056],[-98.8479,30.1056],[-98.8456,30.1083],[-98.8422,30.1079],[-98.838,30.1053],[-98.837,30.1036],[-98.8314,30.1038],[-98.8299,30.103],[-98.8268,30.1028],[-98.8237,30.1011],[-98.8196,30.1017],[-98.8153,30.1012],[-98.813,30.1027],[-98.811,30.1023],[-98.8069,30.103],[-98.8021,30.1055],[-98.8002,30.1034],[-98.7988,30.1036],[-98.7971,30.1025],[-98.7932,30.1043],[-98.7845,30.1049],[-98.7801,30.1065],[-98.7776,30.1102],[-98.7741,30.1092],[-98.7725,30.1112],[-98.768,30.108],[-98.7601,30.1074],[-98.7592,30.1046],[-98.7554,30.1042],[-98.7536,30.1033],[-98.752,30.1061],[-98.7488,30.106],[-98.7483,30.1069],[-98.7458,30.1069],[-98.7443,30.1058],[-98.743,30.1057],[-98.7417,30.1078],[-98.7391,30.1069],[-98.7378,30.1082],[-98.7354,30.1072],[-98.7326,30.1071],[-98.7304,30.1045],[-98.7269,30.1053],[-98.7254,30.1046],[-98.7208,30.1046],[-98.7192,30.1054],[-98.7178,30.1049],[-98.7169,30.1058],[-98.7143,30.106],[-98.7154,30.1081],[-98.7146,30.1111],[-98.7088,30.1135],[-98.7075,30.1153],[-98.7043,30.1156],[-98.7027,30.1162],[-98.7014,30.1177],[-98.6983,30.1168],[-98.6948,30.1193],[-98.6945,30.1207],[-98.6919,30.121],[-98.6907,30.1195],[-98.6892,30.1197],[-98.6857,30.1185],[-98.6842,30.119],[-98.6827,30.1213],[-98.6794,30.1227],[-98.6788,30.1244],[-98.6759,30.1256],[-98.675,30.1281],[-98.6741,30.1286],[-98.6744,30.1303],[-98.6735,30.1309],[-98.6735,30.1331],[-98.6726,30.1342],[-98.6731,30.1346],[-98.6724,30.1362],[-98.6735,30.1386],[-98.6713,30.1394],[-98.6703,30.1394],[-98.6677,30.1376],[-98.6653,30.1387],[-98.6626,30.1388],[-98.6614,30.1376],[-98.6591,30.1376],[-98.6565,30.1357],[-98.6535,30.1361],[-98.6522,30.1352],[-98.65,30.1355],[-98.6487,30.135],[-98.6477,30.1355],[-98.645,30.1332],[-98.6424,30.1342],[-98.642,30.1355],[-98.6395,30.1362],[-98.636,30.1346],[-98.6335,30.1344],[-98.6304,30.1355],[-98.6297,30.1376],[-98.6261,30.1365],[-98.6249,30.1327],[-98.6233,30.1318],[-98.6191,30.1329],[-98.6175,30.1341],[-98.6145,30.1343],[-98.6134,30.1362],[-98.6094,30.1372],[-98.6087,30.1385],[-98.6047,30.1385],[-98.6005,30.1424],[-98.5986,30.1411],[-98.5956,30.1404],[-98.5925,30.1428],[-98.5911,30.1425],[-98.5884,30.1392],[-98.5841,30.1407],[-98.5825,30.1429],[-98.5779,30.1445],[-98.5756,30.1436],[-98.5728,30.1452],[-98.5706,30.1432],[-98.5681,30.1428],[-98.5662,30.1447],[-98.5652,30.1447],[-98.5644,30.1458],[-98.562,30.1468],[-98.5608,30.1489],[-98.5611,30.1505],[-98.5578,30.1518],[-98.5573,30.1539],[-98.5549,30.1539],[-98.5501,30.1561],[-98.5475,30.1558],[-98.5433,30.1539],[-98.5421,30.1547],[-98.54,30.1525],[-98.5372,30.154],[-98.5361,30.1531],[-98.5323,30.1539],[-98.5297,30.1574],[-98.5301,30.1595],[-98.5277,30.1627],[-98.5258,30.1639],[-98.5212,30.1615],[-98.5185,30.1628],[-98.5165,30.1658],[-98.5126,30.1657],[-98.5113,30.1651],[-98.5076,30.1663],[-98.5066,30.1658],[-98.5032,30.1666],[-98.497,30.1662],[-98.49,30.1671],[-98.4857,30.1647],[-98.4835,30.1672],[-98.4812,30.1676],[-98.479,30.1655],[-98.4747,30.1632],[-98.4737,30.1617],[-98.471,30.1609],[-98.4691,30.1613],[-98.4663,30.1593],[-98.4641,30.1575],[-98.4626,30.1542],[-98.4592,30.1542],[-98.4572,30.152],[-98.4556,30.152],[-98.4521,30.1504],[-98.4498,30.1515],[-98.4462,30.1547],[-98.4447,30.1555],[-98.4434,30.1552],[-98.4411,30.1542],[-98.4375,30.1512],[-98.4329,30.1507],[-98.4333,30.149],[-98.4311,30.1486],[-98.4303,30.1473],[-98.4223,30.1447],[-98.4183,30.1404],[-98.4176,30.1374],[-98.4165,30.1364],[-98.4123,30.1358],[-98.4088,30.136],[-98.4048,30.1347],[-98.4029,30.1334],[-98.3999,30.1327],[-98.3957,30.1356],[-98.3922,30.1369],[-98.3916,30.138],[-98.3903,30.1373],[-98.3894,30.1379],[-98.3835,30.1358],[-98.379,30.1368],[-98.3762,30.1365],[-98.3748,30.1334],[-98.3725,30.1327],[-98.3699,30.1338],[-98.3673,30.136],[-98.3667,30.1383],[-98.3609,30.1381],[-98.3591,30.1387],[-98.3579,30.1375],[-98.3551,30.1392],[-98.353,30.1387],[-98.3499,30.1406],[-98.3485,30.1406],[-98.3441,30.1425],[-98.3442,30.1446],[-98.343,30.1451],[-98.3412,30.1479],[-98.3366,30.1454],[-98.3344,30.1461],[-98.3298,30.1444],[-98.3262,30.1399],[-98.3256,30.1383],[-98.3244,30.1381],[-98.3226,30.1355],[-98.3198,30.1337],[-98.3191,30.1343],[-98.3155,30.1322],[-98.3132,30.1285],[-98.3128,30.1301],[-98.3117,30.1311],[-98.3092,30.1303],[-98.3071,30.132],[-98.305,30.1319],[-98.2981,30.1357],[-98.2967,30.1403],[-98.2958,30.1411],[-98.2958,30.1425],[-98.2943,30.1425],[-98.2927,30.1436],[-98.292,30.1467],[-98.2883,30.1475],[-98.2867,30.1493],[-98.2875,30.1512],[-98.2853,30.1513],[-98.2842,30.1522],[-98.2836,30.1543],[-98.2804,30.1538],[-98.2788,30.156],[-98.2787,30.1585],[-98.275,30.1595],[-98.2715,30.1613],[-98.2678,30.1614],[-98.2633,30.1651],[-98.2645,30.1684],[-98.2621,30.1688],[-98.2607,30.17],[-98.2594,30.1693],[-98.2577,30.1713],[-98.2547,30.172],[-98.2551,30.1743],[-98.2546,30.1758],[-98.2556,30.179],[-98.2542,30.1796],[-98.2498,30.1788],[-98.2474,30.181],[-98.2456,30.1806],[-98.2443,30.1815],[-98.2442,30.1826],[-98.2418,30.1837],[-98.2396,30.1875],[-98.2364,30.1872],[-98.2354,30.186],[-98.2335,30.1863],[-98.2313,30.1891],[-98.2311,30.1922],[-98.2169,30.1928],[-98.2097,30.1955],[-98.2065,30.1948],[-98.2044,30.196],[-98.2068,30.2024],[-98.2058,30.2037],[-98.2059,30.205],[-98.2038,30.2069],[-98.2033,30.2099],[-98.2015,30.2103],[-98.1997,30.2095],[-98.1952,30.2094],[-98.1942,30.2111],[-98.1916,30.2083],[-98.1898,30.2077],[-98.1875,30.2084],[-98.1868,30.2097],[-98.188,30.2103],[-98.1879,30.2114],[-98.1869,30.2136],[-98.1891,30.2146],[-98.1906,30.2177],[-98.1934,30.2194],[-98.1931,30.2219],[-98.19,30.2217],[-98.1885,30.2239],[-98.1885,30.2253],[-98.1829,30.2229],[-98.1809,30.2237],[-98.1742,30.2228],[-98.1689,30.2272],[-98.1686,30.2288],[-98.1677,30.2298],[-98.1652,30.2293],[-98.1639,30.23],[-98.162,30.2291],[-98.1597,30.2301],[-98.1602,30.2329],[-98.1591,30.2354],[-98.1592,30.2414],[-98.1571,30.243],[-98.158,30.2463],[-98.1571,30.2519],[-98.1533,30.2518],[-98.1516,30.253],[-98.1499,30.252],[-98.1484,30.2523],[-98.1483,30.2543],[-98.1455,30.2594],[-98.1437,30.2599],[-98.1439,30.2625],[-98.1412,30.2629],[-98.1416,30.2655],[-98.1373,30.2676],[-98.1376,30.2699],[-98.1337,30.2709],[-98.1318,30.2722],[-98.1285,30.2708],[-98.1256,30.2707],[-98.1234,30.2734],[-98.1225,30.2734],[-98.1221,30.2724],[-98.1185,30.2745],[-98.1183,30.2762],[-98.1204,30.2779],[-98.1209,30.281],[-98.1171,30.2823],[-98.1167,30.2851],[-98.1147,30.2847],[-98.1118,30.286],[-98.1109,30.2877],[-98.1118,30.2892],[-98.1068,30.2893],[-98.1056,30.288],[-98.1051,30.2859],[-98.1014,30.2857],[-98.1007,30.2863],[-98.1,30.2904],[-98.0979,30.2921],[-98.0949,30.2917],[-98.0921,30.2932],[-98.0883,30.2933],[-98.0842,30.2957],[-98.0873,30.2999],[-98.0869,30.3006],[-98.0892,30.3009],[-98.0905,30.3046],[-98.091,30.3065],[-98.0905,30.3102],[-98.0911,30.3111],[-98.0901,30.3122],[-98.0903,30.3146],[-98.0891,30.3158],[-98.089,30.317],[-98.0861,30.3184],[-98.0846,30.3224],[-98.0829,30.3234],[-98.0819,30.3254],[-98.0825,30.3275],[-98.0802,30.3288],[-98.0799,30.33],[-98.0785,30.3311],[-98.0799,30.3332],[-98.0771,30.3349],[-98.0769,30.3362],[-98.0759,30.3367],[-98.0775,30.339],[-98.0778,30.3411],[-98.0746,30.3427],[-98.0758,30.3458],[-98.0752,30.3483],[-98.0741,30.3475],[-98.0682,30.3475],[-98.0672,30.3482],[-98.0673,30.3507],[-98.0642,30.3524],[-98.0689,30.3586],[-98.0693,30.3628],[-98.0676,30.3635],[-98.0669,30.3648],[-98.0631,30.3651],[-98.0633,30.367],[-98.0616,30.3693],[-98.0606,30.3736],[-98.0594,30.3752],[-98.0606,30.3798],[-98.063,30.3826],[-98.0635,30.3848],[-98.0615,30.3883],[-98.0588,30.3892],[-98.0577,30.3929],[-98.0558,30.393],[-98.0553,30.3944],[-98.0567,30.3976],[-98.0539,30.4027],[-98.0567,30.405],[-98.0569,30.4078],[-98.058,30.4092],[-98.056,30.4117],[-98.0576,30.4156],[-98.0551,30.4178],[-98.0556,30.4191],[-98.0592,30.424],[-98.0605,30.4228],[-98.0619,30.4228],[-98.0646,30.427],[-98.0656,30.4321],[-98.068,30.4332],[-98.0677,30.4365],[-98.0714,30.4401],[-98.0716,30.4426],[-98.0708,30.4439],[-98.0734,30.4467],[-98.0767,30.4534],[-98.0787,30.4549],[-98.0825,30.4541],[-98.0859,30.4553],[-98.09,30.4548],[-98.0916,30.4564],[-98.0936,30.4562],[-98.0987,30.4589],[-98.1029,30.457],[-98.1046,30.4572],[-98.1094,30.4555],[-98.1106,30.4526],[-98.1129,30.4508],[-98.113,30.4493],[-98.1105,30.4442],[-98.1154,30.4432],[-98.1195,30.4389],[-98.1223,30.4396],[-98.1269,30.4392],[-98.1276,30.44],[-98.1306,30.4389],[-98.138,30.4412],[-98.1405,30.4377],[-98.1418,30.4384],[-98.1467,30.4382],[-98.1475,30.437],[-98.1528,30.4379],[-98.1562,30.4351],[-98.1581,30.4363],[-98.1583,30.4372],[-98.1628,30.4375],[-98.1662,30.4432],[-98.1692,30.4419],[-98.1715,30.4427],[-98.1718,30.4417],[-98.1751,30.44],[-98.1775,30.4378],[-98.1791,30.4377],[-98.182,30.4411],[-98.1844,30.4415],[-98.1866,30.4434],[-98.1896,30.4436],[-98.192,30.446],[-98.1934,30.4462],[-98.1948,30.4473],[-98.1975,30.4453],[-98.2012,30.4452],[-98.2027,30.4465],[-98.2044,30.4467],[-98.2056,30.4481],[-98.2085,30.4485],[-98.209,30.4494],[-98.2103,30.4491],[-98.2148,30.4502],[-98.2247,30.45],[-98.2255,30.4514],[-98.2271,30.4515],[-98.232,30.4479],[-98.2343,30.4483],[-98.237,30.4466],[-98.2384,30.4434],[-98.244,30.4457],[-98.2485,30.4423],[-98.2499,30.4429],[-98.2536,30.4416],[-98.2531,30.4383],[-98.2556,30.4366],[-98.2572,30.438],[-98.2589,30.4376],[-98.2631,30.4389],[-98.2642,30.4387],[-98.2692,30.4348],[-98.274,30.4362],[-98.2752,30.436],[-98.2781,30.438],[-98.2787,30.4392],[-98.2817,30.4376],[-98.2864,30.4335],[-98.2903,30.4334],[-98.292,30.4305],[-98.2941,30.4306],[-98.2965,30.4281],[-98.3012,30.4298],[-98.3024,30.4283],[-98.3034,30.4285],[-98.3068,30.4319],[-98.3092,30.4378],[-98.3164,30.4398],[-98.3192,30.4423],[-98.3202,30.4445],[-98.3231,30.4443],[-98.3241,30.4435],[-98.3267,30.4445],[-98.3307,30.4443],[-98.3317,30.4452],[-98.3356,30.4449],[-98.3364,30.4463],[-98.3382,30.4472],[-98.3399,30.4478],[-98.3429,30.4476],[-98.3455,30.4519],[-98.3493,30.4528],[-98.3495,30.4544],[-98.3515,30.4547],[-98.3531,30.4573],[-98.3593,30.4573],[-98.3609,30.4556],[-98.3685,30.4535],[-98.3717,30.452],[-98.3726,30.4505],[-98.3753,30.4502],[-98.3766,30.449],[-98.3786,30.4484],[-98.3804,30.4484],[-98.3828,30.4496],[-98.3847,30.4482],[-98.3905,30.4468],[-98.3923,30.449],[-98.3954,30.4488],[-98.3949,30.4444],[-98.3987,30.4419],[-98.4025,30.4446],[-98.4053,30.4432],[-98.4053,30.442],[-98.4075,30.4406],[-98.4111,30.4415],[-98.4155,30.4404],[-98.4211,30.4432],[-98.4249,30.4423],[-98.4243,30.4371],[-98.4253,30.4342],[-98.4308,30.4335],[-98.4312,30.4324],[-98.4324,30.4318],[-98.4335,30.4318],[-98.4343,30.4333],[-98.4358,30.4337],[-98.4363,30.4315],[-98.4384,30.429],[-98.438,30.4282],[-98.4401,30.4265],[-98.4408,30.4234],[-98.4429,30.4223],[-98.4431,30.42],[-98.4476,30.4192],[-98.4505,30.4204],[-98.4532,30.4241],[-98.4564,30.4237],[-98.4599,30.4251],[-98.4637,30.4233],[-98.4655,30.4256],[-98.4702,30.4272],[-98.473,30.4272],[-98.4739,30.427],[-98.4745,30.424],[-98.4769,30.4245],[-98.4842,30.4231],[-98.4852,30.4215],[-98.485,30.4196],[-98.4863,30.4188],[-98.4883,30.419],[-98.4905,30.4174],[-98.4999,30.4172],[-98.5028,30.4163],[-98.5035,30.415],[-98.505,30.4151],[-98.5071,30.4129],[-98.5096,30.4121],[-98.5149,30.4122],[-98.5163,30.4109],[-98.519,30.4109],[-98.5207,30.4095],[-98.5229,30.4103],[-98.5252,30.4101],[-98.5261,30.411],[-98.532,30.4107],[-98.5346,30.4117],[-98.5351,30.4109],[-98.5386,30.4099],[-98.5387,30.4077],[-98.542,30.4065],[-98.5441,30.4079],[-98.5459,30.4072],[-98.5474,30.4072],[-98.5481,30.4082],[-98.5498,30.4075],[-98.5516,30.4084],[-98.5528,30.4107],[-98.5542,30.4097],[-98.5555,30.4099],[-98.5561,30.4114],[-98.5582,30.4133],[-98.567,30.4155],[-98.5697,30.4177],[-98.5773,30.4129],[-98.5796,30.4134],[-98.5806,30.4119],[-98.5792,30.4107],[-98.5793,30.4043],[-98.5838,30.3985],[-98.5844,30.3959],[-98.5839,30.3948],[-98.5872,30.394],[-98.59,30.3914],[-98.5985,30.3905],[-98.638,30.3907],[-98.6436,30.3874],[-98.6475,30.3899],[-98.6589,30.3895],[-98.6629,30.3905],[-98.664,30.3918],[-98.6647,30.398],[-98.6666,30.3993],[-98.6668,30.4001],[-98.6655,30.403],[-98.6673,30.4058],[-98.6685,30.4066],[-98.668,30.4092],[-98.6666,30.41],[-98.6674,30.4129],[-98.6666,30.4148],[-98.6672,30.4157],[-98.6718,30.413],[-98.6744,30.4136],[-98.6743,30.4117],[-98.6785,30.4092],[-98.6785,30.4077],[-98.6805,30.4069],[-98.6814,30.4071],[-98.686,30.4121],[-98.6875,30.4172],[-98.6887,30.4182],[-98.6933,30.4195],[-98.6968,30.4162],[-98.7008,30.4169],[-98.7021,30.4204],[-98.7017,30.4211],[-98.7028,30.422],[-98.7053,30.4214],[-98.7065,30.4219],[-98.7095,30.4274],[-98.7091,30.4339],[-98.7118,30.4339],[-98.7146,30.4359],[-98.7173,30.4362],[-98.7184,30.4369],[-98.7189,30.4398],[-98.7203,30.4418],[-98.7206,30.4444],[-98.7198,30.4459],[-98.7205,30.4478],[-98.7214,30.4491],[-98.7245,30.4494],[-98.7271,30.4481],[-98.7295,30.4441],[-98.7323,30.4429],[-98.732,30.4417],[-98.7331,30.4402],[-98.7324,30.4388],[-98.7338,30.4369],[-98.738,30.4349],[-98.7388,30.4326],[-98.7382,30.432],[-98.7383,30.4289],[-98.7405,30.4256],[-98.7393,30.4243],[-98.7393,30.4225],[-98.7375,30.4193],[-98.7373,30.4156],[-98.7388,30.4145],[-98.7481,30.4115],[-98.7497,30.4091],[-98.7523,30.4081],[-98.7576,30.4082],[-98.7589,30.4067],[-98.7662,30.4043],[-98.7698,30.4059],[-98.7755,30.4064],[-98.779,30.4083],[-98.7829,30.4089],[-98.7843,30.4062],[-98.788,30.4022],[-98.7905,30.4009],[-98.794,30.3917],[-98.7993,30.3852],[-98.798,30.3793],[-98.7988,30.3768],[-98.8015,30.373],[-98.8045,30.3734],[-98.8127,30.3713],[-98.8138,30.3725],[-98.8175,30.373],[-98.8188,30.3756],[-98.8213,30.3764],[-98.8261,30.3738],[-98.8303,30.3739],[-98.8311,30.376],[-98.8323,30.3766],[-98.8379,30.3755],[-98.8432,30.3778],[-98.8445,30.3773],[-98.8472,30.3795],[-98.8488,30.3798],[-98.8516,30.3776],[-98.8546,30.3779],[-98.8578,30.3813],[-98.8608,30.3795],[-98.8622,30.3822],[-98.8622,30.389],[-98.8678,30.3907],[-98.8705,30.3893],[-98.8721,30.3894],[-98.8738,30.3906],[-98.8782,30.3876],[-98.8815,30.3879],[-98.8823,30.3868],[-98.882,30.3834],[-98.8831,30.3807],[-98.8843,30.3796],[-98.8893,30.3784],[-98.894,30.3764],[-98.8966,30.3764],[-98.8984,30.3772],[-98.9026,30.3753],[-98.9058,30.3748],[-98.9064,30.3732],[-98.9072,30.3728],[-98.9145,30.3783],[-98.9164,30.3784],[-98.9221,30.3809],[-98.9271,30.3812],[-98.9279,30.3822],[-98.931,30.3823],[-98.9333,30.3817],[-98.9365,30.3796],[-98.9387,30.3817],[-98.9398,30.3814],[-98.9468,30.3748],[-98.9529,30.3733],[-98.9539,30.3707],[-98.9549,30.3724],[-98.9581,30.3734],[-98.9618,30.3718],[-98.9648,30.3736],[-98.964,30.3767],[-98.9662,30.3775],[-98.9692,30.3769],[-98.9733,30.378],[-98.9746,30.3772],[-98.979,30.3793],[-98.9799,30.3785],[-98.9811,30.3799],[-98.9837,30.3802],[-98.986,30.3821],[-98.9914,30.3789],[-98.9945,30.3799],[-98.9953,30.3785],[-98.9969,30.3782],[-99.0,30.3787]]]}},
{"type":"Feature","properties":{"name":"Lower Colorado","huc8":"12090302","sq_km":1827.49},"geometry":{"type":"Polygon","coordinates":[[[-96.2,29.2],[-96.2,29.3563],[-96.2046,29.3651],[-96.2081,29.3659],[-96.212,29.365],[-96.2155,29.3653],[-96.2175,29.3663],[-96.2209,29.3707],[-96.2262,29.3728],[-96.2275,29.3799],[-96.2299,29.383],[-96.2322,29.3842],[-96.2353,29.3842],[-96.2369,29.3848],[-96.2409,29.3837],[-96.2457,29.3857],[-96.2508,29.3865],[-96.2529,29.3894],[-96.2512,29.3906],[-96.2528,29.3964],[-96.2576,29.4],[-96.2648,29.4014],[-96.2767,29.4013],[-96.2826,29.4025],[-96.2839,29.4049],[-96.2836,29.4063],[-96.2767,29.4102],[-96.2755,29.4131],[-96.2753,29.4192],[-96.2761,29.4234],[-96.2755,29.4277],[-96.2779,29.4293],[-96.2794,29.4324],[-96.2784,29.4335],[-96.2775,29.4372],[-96.2721,29.437],[-96.2702,29.4377],[-96.2779,29.4461],[-96.2755,29.4502],[-96.275,29.4531],[-96.2756,29.4551],[-96.2782,29.4573],[-96.2778,29.4617],[-96.2815,29.4708],[-96.2797,29.4786],[-96.2832,29.4818],[-96.2849,29.4861],[-96.2885,29.4911],[-96.2958,29.4949],[-96.3009,29.4948],[-96.3126,29.4987],[-96.3177,29.4983],[-96.3302,29.5105],[-96.3305,29.5119],[-96.3319,29.5132],[-96.3346,29.5224],[-96.3382,29.5271],[-96.3387,29.5287],[-96.3383,29.5384],[-96.3372,29.5433],[-96.3354,29.5447],[-96.3338,29.5448],[-96.3321,29.5459],[-96.3318,29.5483],[-96.3328,29.5504],[-96.3309,29.5509],[-96.3296,29.552],[-96.329,29.5591],[-96.3239,29.5658],[-96.3237,29.5725],[-96.3248,29.5799],[-96.3214,29.5874],[-96.3224,29.5936],[-96.3246,29.5965],[-96.3302,29.5998],[-96.3365,29.602],[-96.3369,29.6078],[-96.3395,29.6108],[-96.3497,29.6184],[-96.3596,29.6229],[-96.3689,29.6229],[-96.3866,29.6399],[-96.3881,29.6484],[-96.3904,29.6534],[-96.3955,29.6572],[-96.4003,29.6576],[-96.4019,29.6598],[-96.4026,29.6659],[-96.4053,29.6673],[-96.4057,29.6682],[-96.4052,29.6749],[-96.4036,29.6774],[-96.4043,29.6807],[-96.4097,29.6859],[-96.4113,29.6891],[-96.4096,29.6927],[-96.4094,29.6948],[-96.4076,29.6963],[-96.4105,29.7019],[-96.4174,29.7067],[-96.4228,29.7075],[-96.4239,29.7057],[-96.4274,29.7057],[-96.4303,29.7082],[-96.4342,29.7091],[-96.4354,29.7109],[-96.4376,29.7122],[-96.4389,29.7162],[-96.4381,29.7199],[-96.4419,29.7242],[-96.4438,29.7279],[-96.4466,29.7299],[-96.4445,29.732],[-96.4452,29.7349],[-96.4465,29.7362],[-96.4494,29.7376],[-96.452,29.7403],[-96.4537,29.7465],[-96.456,29.7495],[-96.4591,29.7492],[-96.4677,29.7518],[-96.4686,29.7507],[-96.4695,29.7468],[-96.4711,29.7456],[-96.474,29.7437],[-96.4781,29.7437],[-96.4802,29.7429],[-96.484,29.7406],[-96.4855,29.739],[-96.4855,29.7353],[-96.4886,29.7321],[-96.4925,29.7287],[-96.4982,29.728],[-96.5008,29.7246],[-96.5038,29.7225],[-96.5034,29.7203],[-96.5042,29.7196],[-96.5102,29.717],[-96.509,29.7139],[-96.5092,29.712],[-96.5141,29.7044],[-96.519,29.7031],[-96.5243,29.7038],[-96.5244,29.7024],[-96.523,29.7009],[-96.5237,29.6992],[-96.5265,29.7004],[-96.5289,29.6998],[-96.5319,29.7],[-96.5346,29.7045],[-96.5361,29.7052],[-96.5443,29.7061],[-96.5487,29.708],[-96.5637,29.7073],[-96.5666,29.7094],[-96.5683,29.7097],[-96.5742,29.7045],[-96.5832,29.7025],[-96.5895,29.7022],[-96.5968,29.6985],[-96.5987,29.6987],[-96.6009,29.7002],[-96.6043,29.7005],[-96.6062,29.6994],[-96.607,29.6962],[-96.6106,29.6946],[-96.6133,29.695],[-96.6157,29.6928],[-96.6184,29.695],[-96.6208,29.6989],[-96.6218,29.6996],[-96.6237,29.6998],[-96.6264,29.699],[-96.629,29.6993],[-96.6319,29.7016],[-96.6379,29.7021],[-96.6391,29.7044],[-96.6471,29.7013],[-96.6503,29.7008],[-96.6583,29.6974],[-96.6659,29.697],[-96.6671,29.6959],[-96.6681,29.6915],[-96.6691,29.691],[-96.6831,29.6902],[-96.6854,29.6868],[-96.6878,29.6859],[-96.6926,29.689],[-96.6932,29.6855],[-96.6947,29.6839],[-96.6982,29.6845],[-96.7028,29.6841],[-96.7066,29.6806],[-96.7083,29.6802],[-96.7097,29.6814],[-96.7149,29.6834],[-96.7177,29.6836],[-96.7202,29.6829],[-96.7282,29.6864],[-96.7317,29.6865],[-96.7349,29.6854],[-96.7371,29.6826],[-96.7402,29.6804],[-96.7404,29.6765],[-96.7395,29.6749],[-96.7362,29.6725],[-96.7346,29.6694],[-96.7309,29.667],[-96.73,29.6617],[-96.728,29.6582],[-96.7255,29.6575],[-96.7213,29.6586],[-96.72,29.6569],[-96.7202,29.6506],[-96.7168,29.6481],[-96.719,29.6436],[-96.7159,29.6378],[-96.7158,29.6354],[-96.7177,29.6331],[-96.7177,29.6308],[-96.7162,29.6297],[-96.7174,29.6284],[-96.7173,29.6256],[-96.7116,29.6235],[-96.7094,29.6202],[-96.7101,29.6177],[-96.7062,29.6118],[-96.705,29.6125],[-96.7035,29.6123],[-96.7046,29.6082],[-96.7042,29.607],[-96.7016,29.6067],[-96.7004,29.6048],[-96.7001,29.6007],[-96.6951,29.5974],[-96.6922,29.5983],[-96.6918,29.5971],[-96.6892,29.5952],[-96.689,29.5916],[-96.6878,29.5899],[-96.687,29.5854],[-96.6824,29.5834],[-96.6792,29.5845],[-96.678,29.5863],[-96.6747,29.5858],[-96.674,29.5832],[-96.6714,29.5811],[-96.6688,29.5817],[-96.6672,29.5842],[-96.6657,29.5849],[-96.6636,29.5855],[-96.6552,29.5854],[-96.653,29.5843],[-96.6525,29.5827],[-96.6497,29.5822],[-96.6483,29.5813],[-96.6457,29.5859],[-96.6428,29.586],[-96.6395,29.5838],[-96.6369,29.584],[-96.6356,29.5851],[-96.6335,29.5854],[-96.6319,29.5881],[-96.628,29.5894],[-96.6246,29.589],[-96.6228,29.5898],[-96.6216,29.5854],[-96.6154,29.5831],[-96.6148,29.5814],[-96.612,29.5812],[-96.6108,29.5804],[-96.6114,29.5782],[-96.6167,29.5695],[-96.6138,29.5666],[-96.6135,29.564],[-96.6103,29.5627],[-96.6112,29.5578],[-96.6096,29.5558],[-96.6099,29.5527],[-96.608,29.5473],[-96.6042,29.545],[-96.6025,29.5404],[-96.5965,29.5376],[-96.5926,29.5344],[-96.5906,29.5348],[-96.5875,29.5403],[-96.5848,29.5416],[-96.5749,29.5397],[-96.5735,29.5387],[-96.5714,29.5349],[-96.5681,29.5344],[-96.5576,29.5349],[-96.554,29.5357],[-96.5504,29.5394],[-96.5449,29.5415],[-96.5395,29.5396],[-96.5297,29.5374],[-96.5283,29.538],[-96.527,29.5375],[-96.5221,29.5393],[-96.5117,29.5393],[-96.508,29.5326],[-96.5029,29.5308],[-96.5003,29.5308],[-96.4973,29.5286],[-96.4951,29.5283],[-96.4868,29.517],[-96.4788,29.513],[-96.4765,29.5132],[-96.472,29.5098],[-96.4677,29.5022],[-96.4619,29.5011],[-96.4589,29.5023],[-96.4572,29.5011],[-96.4556,29.4979],[-96.4541,29.4987],[-96.4494,29.498],[-96.441,29.4934],[-96.4404,29.4908],[-96.4394,29.4899],[-96.438,29.4902],[-96.4315,29.4873],[-96.431,29.4857],[-96.4334,29.4845],[-96.4266,29.4758],[-96.4272,29.4749],[-96.4309,29.4745],[-96.4311,29.4673],[-96.4281,29.4625],[-96.4161,29.456],[-96.4138,29.4514],[-96.4106,29.4478],[-96.41,29.4459],[-96.4164,29.4348],[-96.418,29.4306],[-96.4147,29.4253],[-96.4069,29.4252],[-96.3947,29.423],[-96.3914,29.4212],[-96.3796,29.3776],[-96.3723,29.3643],[-96.3692,29.3658],[-96.3642,29.3721],[-96.3632,29.3717],[-96.3634,29.3636],[-96.3615,29.3627],[-96.3591,29.3637],[-96.3534,29.3685],[-96.3474,29.3713],[-96.3435,29.3723],[-96.3382,29.3721],[-96.3355,29.3666],[-96.3326,29.3658],[-96.3286,29.3664],[-96.3272,29.3659],[-96.3213,29.3609],[-96.3185,29.3519],[-96.3104,29.351],[-96.2982,29.3531],[-96.2915,29.355],[-96.2913,29.3532],[-96.2967,29.3486],[-96.3006,29.3467],[-96.301,29.3456],[-96.3039,29.3454],[-96.3055,29.3442],[-96.306,29.3428],[-96.3054,29.3404],[-96.3062,29.339],[-96.3088,29.3378],[-96.3136,29.3371],[-96.3165,29.3346],[-96.318,29.3326],[-96.3183,29.3302],[-96.3206,29.3278],[-96.3221,29.3246],[-96.3306,29.3153],[-96.3346,29.3098],[-96.3417,29.3092],[-96.3319,29.2913],[-96.3305,29.2696],[-96.3206,29.2705],[-96.3148,29.2777],[-96.3122,29.2791],[-96.3088,29.2792],[-96.3017,29.2767],[-96.294,29.2755],[-96.2886,29.2718],[-96.2849,29.2673],[-96.281,29.2588],[-96.2801,29.2553],[-96.2831,29.2533],[-96.2796,29.2519],[-96.2806,29.2498],[-96.2789,29.246],[-96.2772,29.2445],[-96.2742,29.2446],[-96.2735,29.2435],[-96.2733,29.2361],[-96.2767,29.2352],[-96.2836,29.2302],[-96.2853,29.2261],[-96.285,29.221],[-96.2716,29.208],[-96.2653,29.2],[-96.2616,29.2],[-96.2609,29.2001],[-96.2609,29.2],[-96.2,29.2]]]}},
{"type":"Feature","properties":{"name":"San Bernard","huc8":"12090401","sq_km":2749.94},"geometry":{"type":"Polygon","coordinates":[[[-96.2,29.3563],[-96.2,29.7996],[-96.2063,29.8037],[-96.2077,29.8057],[-96.2097,29.8128],[-96.2099,29.8172],[-96.2165,29.8211],[-96.2242,29.8245],[-96.2253,29.8266],[-96.225,29.8313],[-96.226,29.8324],[-96.2294,29.8337],[-96.2303,29.8369],[-96.2343,29.8377],[-96.2379,29.8343],[-96.2392,29.8338],[-96.2453,29.8397],[-96.2478,29.8405],[-96.2519,29.84],[-96.2527,29.8436],[-96.2541,29.8437],[-96.2567,29.842],[-96.2612,29.8443],[-96.2649,29.8432],[-96.2677,29.8448],[-96.2719,29.8459],[-96.276,29.8459],[-96.2781,29.8472],[-96.2791,29.8509],[-96.2826,29.8522],[-96.2874,29.8501],[-96.2901,29.8506],[-96.293,29.8538],[-96.2963,29.8536],[-96.3004,29.8544],[-96.3018,29.8557],[-96.3037,29.854],[-96.3045,29.8541],[-96.3083,29.8558],[-96.3092,29.8572],[-96.3155,29.8552],[-96.3172,29.8537],[-96.3174,29.8499],[-96.3226,29.8509],[-96.3277,29.8534],[-96.3268,29.856],[-96.3274,29.8576],[-96.3344,29.8628],[-96.3341,29.8658],[-96.3356,29.8694],[-96.3346,29.8718],[-96.3381,29.8759],[-96.3419,29.8759],[-96.3437,29.8744],[-96.3465,29.8743],[-96.3487,29.872],[-96.35,29.8726],[-96.3513,29.8749],[-96.3536,29.874],[-96.3553,29.8724],[-96.3565,29.8723],[-96.3588,29.8732],[-96.3606,29.8755],[-96.3678,29.8732],[-96.3708,29.8732],[-96.3732,29.8739],[-96.3744,29.8752],[-96.3768,29.8753],[-96.3805,29.8783],[-96.3825,29.8772],[-96.3893,29.8804],[-96.3945,29.8774],[-96.3997,29.8761],[-96.4007,29.8774],[-96.4014,29.8806],[-96.4026,29.8817],[-96.4021,29.8834],[-96.4071,29.8854],[-96.4087,29.885],[-96.4109,29.8892],[-96.4144,29.8891],[-96.4157,29.8877],[-96.4192,29.8882],[-96.4217,29.8878],[-96.4223,29.8807],[-96.4249,29.8795],[-96.4279,29.8817],[-96.4295,29.8814],[-96.4318,29.8821],[-96.4353,29.8843],[-96.4387,29.8853],[-96.4414,29.8845],[-96.4439,29.8857],[-96.4477,29.8851],[-96.4518,29.8879],[-96.4551,29.885],[-96.4566,29.8846],[-96.4589,29.885],[-96.4607,29.8868],[-96.4687,29.8865],[-96.4739,29.89],[-96.4795,29.89],[-96.4811,29.8914],[-96.4851,29.8924],[-96.4891,29.8912],[-96.4927,29.8916],[-96.4955,29.8905],[-96.494,29.8867],[-96.4935,29.8825],[-96.4942,29.881],[-96.4968,29.8797],[-96.4968,29.8777],[-96.4955,29.8755],[-96.4938,29.8746],[-96.4915,29.8716],[-96.4942,29.8709],[-96.4947,29.8684],[-96.4932,29.8664],[-96.4913,29.8595],[-96.4904,29.859],[-96.488,29.8599],[-96.4877,29.8586],[-96.4857,29.8576],[-96.4862,29.8546],[-96.4906,29.8527],[-96.4913,29.8517],[-96.4901,29.8492],[-96.4912,29.847],[-96.4895,29.8469],[-96.4857,29.8434],[-96.4845,29.8409],[-96.4849,29.8395],[-96.4881,29.8354],[-96.4891,29.8318],[-96.4906,29.8301],[-96.4839,29.8281],[-96.4829,29.8224],[-96.4804,29.822],[-96.479,29.8203],[-96.4795,29.8189],[-96.4767,29.8178],[-96.4751,29.8162],[-96.4747,29.8131],[-96.4721,29.8084],[-96.4681,29.8061],[-96.464,29.8074],[-96.4621,29.807],[-96.4595,29.8051],[-96.4564,29.8043],[-96.4556,29.8031],[-96.4562,29.8011],[-96.4558,29.7996],[-96.4539,29.7969],[-96.4514,29.7951],[-96.4535,29.7886],[-96.4533,29.7834],[-96.4519,29.7824],[-96.4494,29.7824],[-96.4457,29.7812],[-96.4454,29.7797],[-96.4462,29.7777],[-96.4505,29.7738],[-96.449,29.7678],[-96.4521,29.7644],[-96.452,29.7633],[-96.4509,29.7626],[-96.4509,29.7583],[-96.4493,29.7574],[-96.449,29.7549],[-96.4557,29.7529],[-96.456,29.7495],[-96.4537,29.7465],[-96.452,29.7403],[-96.4491,29.7373],[-96.4465,29.7362],[-96.4445,29.7336],[-96.4445,29.732],[-96.4466,29.7299],[-96.4438,29.7279],[-96.4419,29.7242],[-96.4381,29.7199],[-96.4389,29.7162],[-96.4376,29.7123],[-96.4354,29.7109],[-96.4342,29.7091],[-96.4303,29.7082],[-96.4274,29.7057],[-96.4239,29.7057],[-96.4228,29.7075],[-96.4174,29.7067],[-96.4105,29.7019],[-96.4076,29.6963],[-96.4094,29.6948],[-96.4096,29.6927],[-96.4113,29.6891],[-96.4097,29.6859],[-96.4043,29.6807],[-96.4036,29.6774],[-96.4052,29.6749],[-96.4057,29.6682],[-96.4053,29.6673],[-96.4026,29.6659],[-96.4019,29.6598],[-96.4003,29.6576],[-96.3955,29.6572],[-96.3904,29.6534],[-96.3881,29.6484],[-96.387,29.6409],[-96.3856,29.6388],[-96.3689,29.6229],[-96.3596,29.6229],[-96.3497,29.6184],[-96.3395,29.6108],[-96.3369,29.6078],[-96.3365,29.602],[-96.3302,29.5998],[-96.3246,29.5965],[-96.3224,29.5936],[-96.3214,29.5874],[-96.3248,29.5799],[-96.3237,29.5725],[-96.3239,29.5658],[-96.329,29.5591],[-96.3296,29.552],[-96.3309,29.5509],[-96.3328,29.5504],[-96.3318,29.5483],[-96.3321,29.5459],[-96.3338,29.5448],[-96.3354,29.5447],[-96.3372,29.5433],[-96.3383,29.5384],[-96.3387,29.5287],[-96.3382,29.5271],[-96.3346,29.5224],[-96.3319,29.5132],[-96.3305,29.5119],[-96.3302,29.5105],[-96.3177,29.4983],[-96.3126,29.4987],[-96.3009,29.4948],[-96.2958,29.4949],[-96.2885,29.4911],[-96.2849,29.4861],[-96.2832,29.4818],[-96.2797,29.4786],[-96.2815,29.4708],[-96.2778,29.4617],[-96.2782,29.4573],[-96.2756,29.4551],[-96.275,29.4531],[-96.2755,29.4502],[-96.2779,29.4461],[-96.2702,29.4377],[-96.2721,29.437],[-96.2775,29.4372],[-96.2784,29.4335],[-96.2794,29.4324],[-96.2779,29.4293],[-96.2755,29.4277],[-96.2761,29.4234],[-96.2753,29.4192],[-96.2755,29.4131],[-96.2767,29.4102],[-96.2836,29.4063],[-96.2839,29.4049],[-96.2826,29.4025],[-96.2767,29.4013],[-96.2648,29.4014],[-96.2576,29.4],[-96.2528,29.3964],[-96.2512,29.3906],[-96.2529,29.3894],[-96.2508,29.3865],[-96.2457,29.3857],[-96.2409,29.3837],[-96.2369,29.3848],[-96.2353,29.3842],[-96.2322,29.3842],[-96.2299,29.383],[-96.2275,29.3799],[-96.2262,29.3728],[-96.2209,29.3707],[-96.2175,29.3663],[-96.2155,29.3653],[-96.212,29.365],[-96.2081,29.3659],[-96.2046,29.3651],[-96.2,29.3563]]]}},
{"type":"Feature","properties":{"name":"Middle Brazos-Lake Whitney","huc8":"12060202","sq_km":6469.0},"geometry":{"type":"Polygon","coordinates":[[[-96.8655,31.7],[-97.3872,31.7],[-97.387,31.6999],[-97.3876,31.6965],[-97.3843,31.6946],[-97.3833,31.6929],[-97.378,31.6917],[-97.3719,31.6916],[-97.3702,31.6863],[-97.3657,31.6847],[-97.3627,31.6809],[-97.3586,31.679],[-97.3575,31.6786],[-97.3562,31.6801],[-97.3549,31.68],[-97.353,31.676],[-97.3479,31.6709],[-97.3375,31.671],[-97.3313,31.6694],[-97.3293,31.6666],[-97.3217,31.6626],[-97.321,31.6609],[-97.3216,31.658],[-97.3195,31.6567],[-97.3188,31.6548],[-97.3164,31.6526],[-97.3118,31.6514],[-97.3105,31.6522],[-97.3083,31.6516],[-97.3055,31.6525],[-97.3039,31.6513],[-97.3014,31.6509],[-97.2994,31.6454],[-97.2966,31.6439],[-97.2953,31.6413],[-97.2878,31.6384],[-97.2862,31.6349],[-97.2823,31.6358],[-97.2785,31.6381],[-97.2722,31.6368],[-97.2691,31.6375],[-97.2683,31.6378],[-97.2685,31.64],[-97.2669,31.6408],[-97.2644,31.6399],[-97.2628,31.6363],[-97.2567,31.6322],[-97.2539,31.6316],[-97.2525,31.6303],[-97.2388,31.6291],[-97.2363,31.6259],[-97.2342,31.619],[-97.2362,31.6135],[-97.2325,31.6078],[-97.2236,31.6064],[-97.2135,31.6101],[-97.2117,31.6098],[-97.2084,31.6105],[-97.2064,31.6093],[-97.1991,31.6086],[-97.1914,31.6109],[-97.188,31.6102],[-97.1858,31.6104],[-97.1776,31.6084],[-97.1704,31.6078],[-97.1647,31.6053],[-97.1642,31.6033],[-97.1625,31.6019],[-97.1625,31.5987],[-97.1563,31.5912],[-97.1561,31.5889],[-97.1598,31.587],[-97.1606,31.5836],[-97.1626,31.5812],[-97.1684,31.58],[-97.1709,31.5812],[-97.1778,31.5766],[-97.1768,31.5733],[-97.1777,31.5716],[-97.1812,31.5697],[-97.1824,31.5664],[-97.1802,31.5651],[-97.1751,31.5595],[-97.1762,31.5577],[-97.1723,31.5546],[-97.1748,31.5525],[-97.1808,31.55],[-97.1855,31.5496],[-97.1877,31.5482],[-97.1931,31.5468],[-97.1962,31.541],[-97.2017,31.5399],[-97.2047,31.538],[-97.2057,31.5361],[-97.1992,31.5304],[-97.1987,31.526],[-97.1947,31.5213],[-97.1932,31.5183],[-97.1984,31.5177],[-97.2028,31.5163],[-97.2052,31.5104],[-97.2069,31.5083],[-97.2059,31.5057],[-97.2074,31.5038],[-97.208,31.5012],[-97.2105,31.4981],[-97.2102,31.4957],[-97.2112,31.4937],[-97.2144,31.4934],[-97.2166,31.4915],[-97.2178,31.4913],[-97.2207,31.4912],[-97.2221,31.492],[-97.2245,31.4913],[-97.2262,31.4862],[-97.2314,31.483],[-97.2322,31.4816],[-97.2318,31.4789],[-97.2288,31.4741],[-97.2288,31.4723],[-97.23,31.4697],[-97.2281,31.468],[-97.2283,31.4667],[-97.2316,31.4659],[-97.2324,31.465],[-97.2304,31.464],[-97.2286,31.4618],[-97.228,31.4581],[-97.2236,31.4554],[-97.2147,31.446],[-97.2117,31.4448],[-97.2082,31.4447],[-97.2075,31.4436],[-97.208,31.441],[-97.2052,31.4373],[-97.2012,31.436],[-97.1976,31.4334],[-97.193,31.4324],[-97.1921,31.4303],[-97.1858,31.4276],[-97.185,31.4241],[-97.1829,31.4237],[-97.181,31.4241],[-97.181,31.4183],[-97.1783,31.4159],[-97.1755,31.4167],[-97.1719,31.4142],[-97.1691,31.4151],[-97.1673,31.414],[-97.166,31.4114],[-97.1642,31.4103],[-97.1636,31.4111],[-97.1603,31.4121],[-97.1598,31.4155],[-97.1557,31.4176],[-97.1548,31.4203],[-97.154,31.4208],[-97.1496,31.4211],[-97.1467,31.4231],[-97.1439,31.4229],[-97.1403,31.4247],[-97.137,31.4245],[-97.1333,31.4226],[-97.1312,31.423],[-97.1294,31.4207],[-97.1251,31.4205],[-97.1228,31.4182],[-97.1177,31.4156],[-97.1123,31.416],[-97.1092,31.417],[-97.1081,31.4157],[-97.1056,31.4149],[-97.102,31.4176],[-97.0982,31.4182],[-97.0972,31.4179],[-97.0958,31.4161],[-97.0862,31.4152],[-97.0853,31.4144],[-97.083,31.4149],[-97.0817,31.4165],[-97.0778,31.4149],[-97.0751,31.4159],[-97.0701,31.4154],[-97.0698,31.4167],[-97.068,31.4179],[-97.0652,31.4178],[-97.0615,31.4195],[-97.06,31.4215],[-97.0605,31.4238],[-97.0596,31.4251],[-97.0479,31.4306],[-97.0456,31.4307],[-97.0371,31.4307],[-97.0311,31.427],[-97.0267,31.4276],[-97.023,31.4295],[-97.0211,31.4275],[-97.0227,31.4238],[-97.0222,31.423],[-97.0218,31.4237],[-97.0213,31.4234],[-97.022,31.4217],[-97.021,31.4192],[-97.0185,31.4186],[-97.0142,31.423],[-97.0108,31.4248],[-97.0031,31.4267],[-96.9974,31.4312],[-96.992,31.4331],[-96.9864,31.4339],[-96.9829,31.4383],[-96.981,31.4385],[-96.9769,31.4374],[-96.9752,31.438],[-96.9716,31.437],[-96.9656,31.4391],[-96.9606,31.4434],[-96.9539,31.4436],[-96.9496,31.4452],[-96.9497,31.4481],[-96.9479,31.4486],[-96.9448,31.4532],[-96.9479,31.4582],[-96.9483,31.4606],[-96.9466,31.4623],[-96.9413,31.4643],[-96.94,31.4686],[-96.942,31.4712],[-96.9416,31.4725],[-96.9397,31.4759],[-96.9368,31.4756],[-96.9346,31.4792],[-96.9357,31.4814],[-96.9327,31.4828],[-96.9321,31.4841],[-96.9327,31.4873],[-96.9321,31.4923],[-96.9287,31.4956],[-96.9283,31.498],[-96.9263,31.4995],[-96.9268,31.5026],[-96.9235,31.5039],[-96.9221,31.5064],[-96.9195,31.5077],[-96.9183,31.5095],[-96.9111,31.5138],[-96.909,31.5142],[-96.9068,31.5116],[-96.9043,31.5128],[-96.9021,31.5173],[-96.9,31.5187],[-96.8986,31.5222],[-96.9026,31.5292],[-96.8986,31.531],[-96.8975,31.5325],[-96.895,31.5338],[-96.8945,31.5381],[-96.8931,31.5396],[-96.8887,31.5409],[-96.8848,31.5455],[-96.8845,31.5516],[-96.8862,31.5535],[-96.8892,31.5548],[-96.8876,31.5583],[-96.8887,31.5646],[-96.8852,31.5668],[-96.8843,31.5688],[-96.8794,31.5718],[-96.877,31.5758],[-96.8781,31.5776],[-96.8771,31.5804],[-96.8782,31.5816],[-96.8783,31.5834],[-96.8809,31.5853],[-96.8809,31.5893],[-96.8841,31.5948],[-96.879,31.599],[-96.8765,31.6037],[-96.8762,31.6081],[-96.8729,31.6097],[-96.8712,31.6115],[-96.8667,31.6114],[-96.8659,31.6135],[-96.8643,31.6149],[-96.8609,31.6244],[-96.862,31.6277],[-96.8619,31.63],[-96.8584,31.6331],[-96.8556,31.6327],[-96.8546,31.6365],[-96.853,31.6388],[-96.8475,31.6414],[-96.8477,31.6429],[-96.8512,31.6434],[-96.8519,31.6474],[-96.8511,31.6493],[-96.8561,31.6539],[-96.8568,31.6565],[-96.8596,31.6555],[-96.8644,31.6569],[-96.8663,31.6557],[-96.8685,31.6553],[-96.8687,31.659],[-96.8705,31.6628],[-96.8694,31.6627],[-96.8649,31.6665],[-96.8651,31.6693],[-96.8657,31.6719],[-96.8697,31.6763],[-96.8706,31.6794],[-96.8737,31.6823],[-96.869,31.6848],[-96.8662,31.6878],[-96.8671,31.6957],[-96.8655,31.7]]]}},
{"type":"Feature","properties":{"name":"Bosque","huc8":"12060203","sq_km":1091.82},"geometry":{"type":"Polygon","coordinates":[[[-97.7258,31.685],[-97.7321,31.6883],[-97.7369,31.6881],[-97.7394,31.6871],[-97.7407,31.6851],[-97.7463,31.6835],[-97.7499,31.6845],[-97.7503,31.6832],[-97.7529,31.6815],[-97.7577,31.6831],[-97.7599,31.6797],[-97.7667,31.6826],[-97.7743,31.6822],[-97.7719,31.6784],[-97.773,31.6764],[-97.7771,31.6744],[-97.7782,31.6705],[-97.7806,31.6682],[-97.7881,31.6654],[-97.7934,31.6643],[-97.7972,31.665],[-97.7997,31.6665],[-97.8031,31.6669],[-97.8142,31.6633],[-97.818,31.6617],[-97.8215,31.6579],[-97.8237,31.6528],[-97.8274,31.6494],[-97.8251,31.6477],[-97.8216,31.6424],[-97.8171,31.6408],[-97.8137,31.6375],[-97.8107,31.6369],[-97.8046,31.6382],[-97.801,31.6372],[-97.7982,31.6353],[-97.7928,31.627],[-97.7899,31.6238],[-97.7848,31.6202],[-97.7819,31.616],[-97.7815,31.6141],[-97.7791,31.6115],[-97.7782,31.6105],[-97.7721,31.6081],[-97.771,31.6053],[-97.7676,31.6009],[-97.7629,31.5979],[-97.7616,31.5956],[-97.75,31.5938],[-97.7472,31.5918],[-97.7465,31.5873],[-97.7427,31.5869],[-97.7384,31.584],[-97.739,31.5825],[-97.7359,31.5804],[-97.7336,31.5761],[-97.7336,31.5726],[-97.7253,31.5741],[-97.7263,31.5629],[-97.7248,31.5582],[-97.7234,31.5567],[-97.7192,31.5552],[-97.7156,31.5518],[-97.704,31.5443],[-97.7038,31.5416],[-97.6983,31.5406],[-97.6928,31.5379],[-97.69,31.535],[-97.6837,31.5351],[-97.6825,31.5326],[-97.6795,31.5333],[-97.6778,31.5317],[-97.6757,31.5314],[-97.6719,31.5324],[-97.666,31.5312],[-97.663,31.5363],[-97.6505,31.5373],[-97.6451,31.5316],[-97.6435,31.5288],[-97.6394,31.528],[-97.6383,31.5265],[-97.635,31.526],[-97.6334,31.5246],[-97.6333,31.5232],[-97.6293,31.5231],[-97.62,31.5214],[-97.6242,31.5178],[-97.6245,31.5161],[-97.6242,31.5077],[-97.6228,31.507],[-97.6216,31.5046],[-97.6219,31.5022],[-97.6179,31.5009],[-97.6151,31.4983],[-97.6064,31.4983],[-97.6029,31.4955],[-97.6025,31.493],[-97.6004,31.4921],[-97.5992,31.4906],[-97.5955,31.4909],[-97.5902,31.4938],[-97.5814,31.4927],[-97.581,31.4876],[-97.5781,31.4855],[-97.5773,31.4813],[-97.578,31.4794],[-97.5706,31.4776],[-97.5694,31.474],[-97.564,31.4744],[-97.5596,31.4739],[-97.5551,31.4717],[-97.5517,31.4709],[-97.5499,31.4685],[-97.5477,31.4672],[-97.5431,31.4602],[-97.5419,31.4564],[-97.5395,31.4536],[-97.5386,31.451],[-97.5319,31.4466],[-97.531,31.4446],[-97.5276,31.4422],[-97.5228,31.4425],[-97.514,31.4393],[-97.5053,31.4381],[-97.5035,31.4336],[-97.4994,31.4281],[-97.4925,31.4255],[-97.4891,31.4212],[-97.4861,31.4206],[-97.4836,31.4192],[-97.4823,31.4153],[-97.4806,31.414],[-97.481,31.4102],[-97.48,31.4077],[-97.4799,31.4034],[-97.4778,31.4018],[-97.4723,31.3999],[-97.4706,31.397],[-97.4704,31.3859],[-97.4649,31.3836],[-97.4652,31.3796],[-97.4546,31.3746],[-97.4517,31.3691],[-97.4504,31.3677],[-97.4479,31.367],[-97.4467,31.3658],[-97.4462,31.3628],[-97.4445,31.3603],[-97.4395,31.3616],[-97.434,31.3602],[-97.4284,31.356],[-97.4265,31.3522],[-97.4243,31.3512],[-97.4199,31.351],[-97.411,31.3485],[-97.4024,31.3483],[-97.3999,31.3472],[-97.3997,31.3464],[-97.396,31.3468],[-97.3947,31.3512],[-97.3898,31.351],[-97.3897,31.3504],[-97.3888,31.3505],[-97.3858,31.3485],[-97.385,31.3466],[-97.3799,31.3477],[-97.3793,31.3467],[-97.3751,31.3464],[-97.3748,31.3446],[-97.3709,31.3433],[-97.3665,31.3438],[-97.3663,31.3445],[-97.3682,31.3469],[-97.3665,31.3478],[-97.3655,31.3514],[-97.3687,31.3523],[-97.37,31.3543],[-97.3685,31.3565],[-97.365,31.3574],[-97.3662,31.359],[-97.3658,31.3627],[-97.3642,31.3633],[-97.3621,31.3656],[-97.3595,31.3652],[-97.3581,31.3659],[-97.3572,31.3675],[-97.3541,31.3671],[-97.3513,31.3685],[-97.3508,31.3713],[-97.353,31.3725],[-97.3528,31.374],[-97.3478,31.3769],[-97.3461,31.3792],[-97.3418,31.3794],[-97.3409,31.381],[-97.3394,31.3819],[-97.3395,31.3834],[-97.3374,31.3836],[-97.3368,31.3848],[-97.3374,31.3865],[-97.3354,31.3888],[-97.3355,31.3919],[-97.3323,31.3957],[-97.3261,31.3941],[-97.3201,31.395],[-97.319,31.3983],[-97.3161,31.4004],[-97.3149,31.4032],[-97.3117,31.4028],[-97.3108,31.404],[-97.3073,31.4049],[-97.3058,31.4068],[-97.3059,31.4096],[-97.3049,31.4108],[-97.301,31.4098],[-97.2978,31.4073],[-97.293,31.4081],[-97.2916,31.4058],[-97.2905,31.4054],[-97.2887,31.4055],[-97.2873,31.4065],[-97.2848,31.4069],[-97.2821,31.4051],[-97.2789,31.4043],[-97.2777,31.4045],[-97.2752,31.4073],[-97.2721,31.4093],[-97.2705,31.4121],[-97.267,31.415],[-97.2669,31.4204],[-97.2652,31.4257],[-97.2637,31.4273],[-97.2635,31.4312],[-97.2613,31.432],[-97.2555,31.4299],[-97.2566,31.4356],[-97.2555,31.438],[-97.2574,31.4424],[-97.2575,31.4445],[-97.2542,31.4476],[-97.2529,31.4506],[-97.2539,31.4523],[-97.2537,31.454],[-97.2479,31.4612],[-97.2469,31.4641],[-97.2472,31.4662],[-97.2429,31.4661],[-97.2404,31.464],[-97.2354,31.462],[-97.2334,31.4629],[-97.2316,31.4659],[-97.2283,31.4667],[-97.2281,31.468],[-97.23,31.4697],[-97.2287,31.4732],[-97.2293,31.4754],[-97.232,31.4797],[-97.2317,31.4827],[-97.2262,31.4862],[-97.2245,31.4913],[-97.2221,31.492],[-97.2207,31.4912],[-97.2178,31.4913],[-97.2166,31.4915],[-97.2144,31.4934],[-97.2112,31.4937],[-97.2102,31.4957],[-97.2105,31.4981],[-97.208,31.5012],[-97.2074,31.5038],[-97.2059,31.5057],[-97.2069,31.5083],[-97.2052,31.5104],[-97.2028,31.5163],[-97.1984,31.5177],[-97.1932,31.5183],[-97.1947,31.5213],[-97.1987,31.526],[-97.1992,31.5304],[-97.2057,31.5361],[-97.2047,31.538],[-97.2017,31.5399],[-97.1962,31.541],[-97.1931,31.5468],[-97.1877,31.5482],[-97.1855,31.5496],[-97.1808,31.55],[-97.1748,31.5525],[-97.1723,31.5546],[-97.1762,31.5577],[-97.1751,31.5595],[-97.1802,31.5651],[-97.1824,31.5664],[-97.1812,31.5697],[-97.1777,31.5716],[-97.1768,31.5733],[-97.1778,31.5766],[-97.1747,31.5791],[-97.1709,31.5812],[-97.1684,31.58],[-97.1626,31.5812],[-97.1606,31.5836],[-97.1598,31.587],[-97.1571,31.5881],[-97.1559,31.5893],[-97.1563,31.5912],[-97.1625,31.5987],[-97.1625,31.6019],[-97.1642,31.6033],[-97.1647,31.6053],[-97.1704,31.6078],[-97.1776,31.6084],[-97.1858,31.6104],[-97.188,31.6102],[-97.1914,31.6109],[-97.1991,31.6086],[-97.2064,31.6093],[-97.2084,31.6105],[-97.2117,31.6098],[-97.2135,31.6101],[-97.2236,31.6064],[-97.2325,31.6078],[-97.2277,31.6029],[-97.2272,31.5988],[-97.2255,31.5981],[-97.2246,31.5965],[-97.2243,31.5943],[-97.2249,31.5936],[-97.2279,31.5924],[-97.2339,31.5876],[-97.2462,31.5858],[-97.2464,31.5848],[-97.2504,31.581],[-97.2575,31.5768],[-97.2579,31.5755],[-97.2572,31.573],[-97.2584,31.5698],[-97.2614,31.5698],[-97.2648,31.5665],[-97.2666,31.5658],[-97.2689,31.5629],[-97.2755,31.5636],[-97.2801,31.5613],[-97.2821,31.5611],[-97.2902,31.5609],[-97.2952,31.5616],[-97.3005,31.5649],[-97.3028,31.5689],[-97.3047,31.5686],[-97.3119,31.5697],[-97.3204,31.5696],[-97.3228,31.5709],[-97.326,31.5708],[-97.329,31.5718],[-97.3312,31.57],[-97.3357,31.5703],[-97.3466,31.5726],[-97.3477,31.574],[-97.349,31.5802],[-97.3505,31.5809],[-97.3526,31.5806],[-97.3548,31.5789],[-97.3562,31.5803],[-97.3592,31.5807],[-97.3629,31.58],[-97.3645,31.5806],[-97.3684,31.584],[-97.37,31.588],[-97.3745,31.5898],[-97.3743,31.5917],[-97.3817,31.5951],[-97.3831,31.6005],[-97.3884,31.6021],[-97.3897,31.6004],[-97.3925,31.601],[-97.3939,31.6022],[-97.3961,31.6016],[-97.4008,31.6071],[-97.4027,31.6082],[-97.4102,31.6102],[-97.4129,31.6133],[-97.4209,31.6178],[-97.4253,31.6182],[-97.4277,31.6193],[-97.4286,31.6209],[-97.4397,31.6262],[-97.4415,31.625],[-97.4438,31.6251],[-97.449,31.627],[-97.4509,31.6262],[-97.4546,31.6278],[-97.4558,31.6277],[-97.4567,31.6245],[-97.4591,31.6242],[-97.4611,31.6248],[-97.463,31.6263],[-97.466,31.6326],[-97.4692,31.6314],[-97.4713,31.6313],[-97.4725,31.6275],[-97.4753,31.6266],[-97.4783,31.629],[-97.4828,31.6277],[-97.4859,31.6308],[-97.4875,31.6294],[-97.4888,31.6295],[-97.4913,31.6311],[-97.4935,31.6308],[-97.4971,31.6328],[-97.501,31.6335],[-97.5024,31.6327],[-97.504,31.6295],[-97.5072,31.6295],[-97.5108,31.6315],[-97.514,31.6347],[-97.5274,31.6382],[-97.5297,31.6397],[-97.5313,31.6427],[-97.5394,31.6468],[-97.5411,31.6518],[-97.5425,31.6517],[-97.545,31.6534],[-97.5464,31.6526],[-97.5487,31.6527],[-97.552,31.6547],[-97.5537,31.6548],[-97.5584,31.6585],[-97.5651,31.6598],[-97.5706,31.6649],[-97.5839,31.6706],[-97.5853,31.6739],[-97.5889,31.6745],[-97.604,31.6809],[-97.6053,31.6823],[-97.6062,31.685],[-97.6102,31.6822],[-97.6134,31.6828],[-97.618,31.6811],[-97.6222,31.6745],[-97.6297,31.6761],[-97.6338,31.6761],[-97.6344,31.675],[-97.6337,31.6733],[-97.6353,31.6707],[-97.6436,31.6645],[-97.6462,31.6637],[-97.6491,31.6641],[-97.6534,31.6662],[-97.66,31.6669],[-97.6724,31.6647],[-97.6794,31.6688],[-97.6817,31.6688],[-97.6883,31.6705],[-97.6928,31.6732],[-97.6963,31.6767],[-97.699,31.6742],[-97.7001,31.6743],[-97.7104,31.6818],[-97.7139,31.6807],[-97.7213,31.6861],[-97.7258,31.685]]]}},
{"type":"Feature","properties":{"name":"North Bosque","huc8":"12060204","sq_km":3220.45},"geometry":{"type":"Polygon","coordinates":[[[-97.3872,31.7],[-97.8842,31.7],[-97.8845,31.6955],[-97.8837,31.6944],[-97.8813,31.694],[-97.8769,31.6878],[-97.8782,31.6852],[-97.8762,31.6824],[-97.8763,31.6781],[-97.8756,31.6764],[-97.8654,31.6759],[-97.8665,31.6739],[-97.8657,31.6724],[-97.8641,31.6722],[-97.8601,31.6679],[-97.8588,31.6673],[-97.8573,31.6677],[-97.8565,31.6665],[-97.8524,31.6647],[-97.8471,31.6632],[-97.8442,31.664],[-97.8414,31.6639],[-97.839,31.6596],[-97.836,31.6592],[-97.8336,31.6538],[-97.8316,31.6534],[-97.8274,31.6494],[-97.8237,31.6528],[-97.8215,31.6579],[-97.818,31.6617],[-97.8142,31.6633],[-97.8031,31.6669],[-97.7997,31.6665],[-97.7972,31.665],[-97.7934,31.6643],[-97.7881,31.6654],[-97.7806,31.6682],[-97.7782,31.6705],[-97.7771,31.6744],[-97.773,31.6764],[-97.7719,31.6784],[-97.7743,31.6822],[-97.7667,31.6826],[-97.7599,31.6797],[-97.7577,31.6831],[-97.7529,31.6815],[-97.7503,31.6832],[-97.7499,31.6845],[-97.7463,31.6835],[-97.7407,31.6851],[-97.7394,31.6871],[-97.7348,31.6886],[-97.7321,31.6883],[-97.7258,31.685],[-97.7213,31.6861],[-97.7139,31.6807],[-97.7104,31.6818],[-97.7001,31.6743],[-97.699,31.6742],[-97.6963,31.6767],[-97.6928,31.6732],[-97.6883,31.6705],[-97.6817,31.6688],[-97.6794,31.6688],[-97.6724,31.6647],[-97.66,31.6669],[-97.6534,31.6662],[-97.6491,31.6641],[-97.6462,31.6637],[-97.6436,31.6645],[-97.6353,31.6707],[-97.6337,31.6733],[-97.6344,31.675],[-97.6338,31.6761],[-97.6297,31.6761],[-97.6222,31.6745],[-97.618,31.6811],[-97.6134,31.6828],[-97.6102,31.6822],[-97.6062,31.685],[-97.6053,31.6823],[-97.604,31.6809],[-97.5889,31.6745],[-97.5853,31.6739],[-97.5839,31.6706],[-97.5706,31.6649],[-97.5651,31.6598],[-97.5584,31.6585],[-97.5537,31.6548],[-97.552,31.6547],[-97.5487,31.6527],[-97.5464,31.6526],[-97.545,31.6534],[-97.5425,31.6517],[-97.5411,31.6518],[-97.5394,31.6468],[-97.5313,31.6427],[-97.5297,31.6397],[-97.5274,31.6382],[-97.514,31.6347],[-97.5108,31.6315],[-97.5072,31.6295],[-97.504,31.6295],[-97.5024,31.6327],[-97.501,31.6335],[-97.4971,31.6328],[-97.4935,31.6308],[-97.4913,31.6311],[-97.4888,31.6295],[-97.4875,31.6294],[-97.4859,31.6308],[-97.4828,31.6277],[-97.4783,31.629],[-97.4753,31.6266],[-97.4725,31.6275],[-97.4713,31.6313],[-97.4692,31.6314],[-97.466,31.6326],[-97.463,31.6263],[-97.4611,31.6248],[-97.4591,31.6242],[-97.4567,31.6245],[-97.4558,31.6277],[-97.4546,31.6278],[-97.4509,31.6262],[-97.449,31.627],[-97.4438,31.6251],[-97.4415,31.625],[-97.4397,31.6262],[-97.4357,31.6247],[-97.434,31.623],[-97.4286,31.6209],[-97.4277,31.6193],[-97.4253,31.6182],[-97.4209,31.6178],[-97.4129,31.6133],[-97.4102,31.6102],[-97.4027,31.6082],[-97.4008,31.6071],[-97.3961,31.6016],[-97.3939,31.6022],[-97.3925,31.601],[-97.3897,31.6004],[-97.3884,31.6021],[-97.3831,31.6005],[-97.3817,31.5951],[-97.3743,31.5917],[-97.3745,31.5898],[-97.37,31.588],[-97.3684,31.584],[-97.3645,31.5806],[-97.3629,31.58],[-97.3592,31.5807],[-97.3562,31.5803],[-97.3548,31.5789],[-97.3526,31.5806],[-97.3505,31.5809],[-97.349,31.5802],[-97.3473,31.5731],[-97.345,31.5721],[-97.3357,31.5703],[-97.3312,31.57],[-97.329,31.5718],[-97.326,31.5708],[-97.3228,31.5709],[-97.3204,31.5696],[-97.3119,31.5697],[-97.3047,31.5686],[-97.3028,31.5689],[-97.3005,31.5649],[-97.2981,31.563],[-97.2952,31.5616],[-97.2902,31.5609],[-97.2801,31.5613],[-97.2755,31.5636],[-97.2689,31.5629],[-97.2666,31.5658],[-97.2648,31.5665],[-97.2614,31.5698],[-97.2584,31.5698],[-97.2572,31.573],[-97.2579,31.5755],[-97.2575,31.5768],[-97.2504,31.581],[-97.2464,31.5848],[-97.2462,31.5858],[-97.2339,31.5876],[-97.2279,31.5924],[-97.2246,31.5938],[-97.2246,31.5965],[-97.2255,31.5981],[-97.2272,31.5988],[-97.2277,31.6029],[-97.2325,31.6078],[-97.2362,31.6135],[-97.2342,31.619],[-97.2363,31.6259],[-97.2388,31.6291],[-97.2525,31.6303],[-97.2539,31.6316],[-97.2567,31.6322],[-97.2628,31.6363],[-97.2644,31.6399],[-97.2669,31.6408],[-97.2685,31.64],[-97.2683,31.6378],[-97.2691,31.6375],[-97.2722,31.6368],[-97.2785,31.6381],[-97.2823,31.6358],[-97.2862,31.6349],[-97.2878,31.6384],[-97.2953,31.6413],[-97.2966,31.6439],[-97.2994,31.6454],[-97.3014,31.6509],[-97.3039,31.6513],[-97.3055,31.6525],[-97.3083,31.6516],[-97.3105,31.6522],[-97.3118,31.6514],[-97.3164,31.6526],[-97.3188,31.6548],[-97.3195,31.6567],[-97.3216,31.658],[-97.321,31.6609],[-97.3217,31.6626],[-97.3293,31.6666],[-97.3313,31.6694],[-97.333,31.6701],[-97.3375,31.671],[-97.3479,31.6709],[-97.353,31.676],[-97.3549,31.68],[-97.3562,31.6801],[-97.3575,31.6786],[-97.3586,31.679],[-97.3627,31.6809],[-97.3657,31.6847],[-97.3702,31.6863],[-97.3719,31.6916],[-97.378,31.6917],[-97.3833,31.6929],[-97.3843,31.6946],[-97.3876,31.6965],[-97.387,31.6999],[-97.3872,31.7]]]}},
{"type":"Feature","properties":{"name":"Lower Brazos-Little Brazos","huc8":"12070101","sq_km":6985.97},"geometry":{"type":"Polygon","coordinates":[[[-96.2,30.1301],[-96.2,30.4017],[-96.2095,30.4012],[-96.2117,30.3997],[-96.2151,30.3925],[-96.219,30.3891],[-96.222,30.3846],[-96.2299,30.3808],[-96.2404,30.3779],[-96.2461,30.3809],[-96.2485,30.3834],[-96.247,30.3874],[-96.2497,30.3937],[-96.2528,30.3958],[-96.2585,30.3977],[-96.2608,30.3996],[-96.2626,30.4048],[-96.2628,30.4086],[-96.2644,30.4112],[-96.2656,30.4162],[-96.2672,30.4193],[-96.2694,30.4211],[-96.2751,30.4205],[-96.2785,30.4225],[-96.2788,30.4259],[-96.2841,30.4354],[-96.2846,30.438],[-96.2842,30.4432],[-96.2816,30.4448],[-96.2805,30.4491],[-96.2789,30.4515],[-96.2789,30.4575],[-96.2749,30.4627],[-96.276,30.4667],[-96.2753,30.4708],[-96.2773,30.4739],[-96.2771,30.4756],[-96.278,30.4775],[-96.2777,30.4837],[-96.2767,30.4855],[-96.278,30.4908],[-96.2759,30.4938],[-96.2773,30.4957],[-96.277,30.4977],[-96.2821,30.501],[-96.282,30.5032],[-96.2859,30.5033],[-96.2885,30.5048],[-96.2932,30.5041],[-96.2984,30.5045],[-96.3005,30.5037],[-96.3034,30.5049],[-96.3049,30.5059],[-96.3089,30.5113],[-96.3091,30.5162],[-96.3159,30.5182],[-96.316,30.5199],[-96.3145,30.5236],[-96.3119,30.5261],[-96.3116,30.5289],[-96.3083,30.5342],[-96.3095,30.54],[-96.3077,30.542],[-96.31,30.5459],[-96.3082,30.5472],[-96.3045,30.5524],[-96.3006,30.5525],[-96.2971,30.555],[-96.2967,30.556],[-96.3012,30.5592],[-96.3015,30.5607],[-96.3031,30.5625],[-96.3026,30.565],[-96.3036,30.5671],[-96.3099,30.5717],[-96.3158,30.5679],[-96.3219,30.5663],[-96.3246,30.5675],[-96.3271,30.5736],[-96.3294,30.5756],[-96.3327,30.5773],[-96.3374,30.5786],[-96.3374,30.5801],[-96.3347,30.5822],[-96.3334,30.5856],[-96.3369,30.5876],[-96.3382,30.5908],[-96.3406,30.594],[-96.3392,30.5978],[-96.3391,30.6014],[-96.3376,30.6045],[-96.3381,30.6072],[-96.3419,30.6114],[-96.3406,30.6156],[-96.344,30.6168],[-96.3457,30.6186],[-96.3508,30.6181],[-96.355,30.6222],[-96.3587,30.6244],[-96.3588,30.6261],[-96.3616,30.6279],[-96.3622,30.6304],[-96.3637,30.6321],[-96.366,30.6314],[-96.3675,30.6318],[-96.3709,30.6356],[-96.3744,30.6379],[-96.3743,30.6427],[-96.3771,30.6466],[-96.3784,30.6515],[-96.3772,30.6531],[-96.3766,30.6571],[-96.3747,30.6583],[-96.3726,30.6734],[-96.3711,30.6737],[-96.3722,30.6799],[-96.3751,30.6825],[-96.3756,30.6864],[-96.3742,30.6895],[-96.3746,30.6922],[-96.3733,30.6945],[-96.3707,30.696],[-96.3691,30.6984],[-96.3694,30.7026],[-96.3712,30.7041],[-96.372,30.7069],[-96.3719,30.7082],[-96.3701,30.71],[-96.3697,30.7128],[-96.37,30.7141],[-96.3721,30.7156],[-96.3746,30.7165],[-96.3796,30.7169],[-96.3761,30.7233],[-96.3757,30.7258],[-96.3768,30.7317],[-96.3828,30.7356],[-96.3833,30.738],[-96.3856,30.7408],[-96.3866,30.744],[-96.3854,30.7477],[-96.3892,30.7556],[-96.3909,30.7569],[-96.3946,30.7568],[-96.3975,30.7577],[-96.4,30.7592],[-96.4025,30.7624],[-96.4071,30.7651],[-96.4051,30.7696],[-96.4059,30.7708],[-96.4094,30.7724],[-96.4075,30.7742],[-96.4107,30.7788],[-96.4107,30.7813],[-96.4119,30.7835],[-96.4114,30.786],[-96.4076,30.7893],[-96.4095,30.7918],[-96.41,30.7948],[-96.4072,30.7985],[-96.4045,30.8074],[-96.4027,30.8087],[-96.4033,30.8103],[-96.4026,30.8155],[-96.403,30.8164],[-96.4009,30.8182],[-96.4002,30.8216],[-96.41,30.8273],[-96.4134,30.8305],[-96.4191,30.8404],[-96.4224,30.8427],[-96.4238,30.8469],[-96.427,30.8493],[-96.4296,30.8531],[-96.4275,30.8563],[-96.4247,30.8581],[-96.4244,30.8594],[-96.4267,30.8647],[-96.4254,30.8681],[-96.4297,30.8737],[-96.4246,30.8759],[-96.4228,30.8785],[-96.4257,30.8821],[-96.4267,30.8852],[-96.432,30.888],[-96.4369,30.8887],[-96.4374,30.8921],[-96.4407,30.8973],[-96.4476,30.9016],[-96.4489,30.9074],[-96.4473,30.9098],[-96.4475,30.912],[-96.4488,30.9127],[-96.453,30.9117],[-96.455,30.9132],[-96.4551,30.916],[-96.4579,30.9163],[-96.4593,30.9172],[-96.4617,30.9218],[-96.4615,30.9259],[-96.4633,30.9302],[-96.4611,30.9342],[-96.4614,30.9358],[-96.4639,30.9356],[-96.4666,30.937],[-96.4665,30.9391],[-96.4685,30.9418],[-96.4691,30.945],[-96.4714,30.9497],[-96.4716,30.9527],[-96.4749,30.9559],[-96.4764,30.9559],[-96.4753,30.9579],[-96.4765,30.9608],[-96.4764,30.9627],[-96.4736,30.9642],[-96.4723,30.9661],[-96.4726,30.9671],[-96.4741,30.9678],[-96.4768,30.9705],[-96.4758,30.9722],[-96.4762,30.9742],[-96.4779,30.976],[-96.4771,30.9779],[-96.4773,30.9807],[-96.4818,30.9857],[-96.4804,30.9894],[-96.481,30.9924],[-96.4782,30.9964],[-96.4788,31.0009],[-96.4849,31.0068],[-96.4862,31.0097],[-96.4887,31.012],[-96.4867,31.0137],[-96.4857,31.0162],[-96.4844,31.0162],[-96.4816,31.0184],[-96.4821,31.0205],[-96.4795,31.0221],[-96.4806,31.0254],[-96.4818,31.0256],[-96.4857,31.0295],[-96.4873,31.0293],[-96.4891,31.0323],[-96.4884,31.0358],[-96.4909,31.0431],[-96.4931,31.047],[-96.4943,31.0533],[-96.4965,31.055],[-96.5012,31.0556],[-96.5012,31.059],[-96.5023,31.0598],[-96.5015,31.0625],[-96.5028,31.0657],[-96.5012,31.0652],[-96.4961,31.067],[-96.4954,31.0708],[-96.4939,31.072],[-96.4928,31.0765],[-96.4956,31.078],[-96.4967,31.0822],[-96.4989,31.0858],[-96.499,31.089],[-96.5019,31.0921],[-96.502,31.0935],[-96.504,31.0958],[-96.5041,31.1004],[-96.5051,31.1027],[-96.5074,31.1044],[-96.5099,31.1047],[-96.5119,31.1033],[-96.5134,31.1049],[-96.5193,31.106],[-96.5222,31.1099],[-96.5246,31.1113],[-96.5242,31.1142],[-96.5219,31.115],[-96.5204,31.1169],[-96.5183,31.1176],[-96.5147,31.1246],[-96.5152,31.1258],[-96.5215,31.1265],[-96.5224,31.1288],[-96.5206,31.1358],[-96.5183,31.1363],[-96.5164,31.139],[-96.5166,31.1408],[-96.5178,31.1423],[-96.5176,31.1455],[-96.5142,31.1469],[-96.5105,31.1506],[-96.5114,31.1522],[-96.5137,31.1534],[-96.5124,31.1569],[-96.5158,31.1572],[-96.5188,31.1614],[-96.5198,31.1616],[-96.522,31.1604],[-96.5278,31.1616],[-96.5281,31.1633],[-96.5243,31.1675],[-96.5243,31.1687],[-96.5251,31.1697],[-96.5305,31.1718],[-96.5313,31.1729],[-96.531,31.176],[-96.5316,31.1771],[-96.5354,31.1781],[-96.5386,31.1828],[-96.541,31.1845],[-96.5414,31.1856],[-96.5407,31.1873],[-96.5356,31.1895],[-96.5344,31.1908],[-96.5372,31.194],[-96.5379,31.1967],[-96.54,31.1981],[-96.5416,31.201],[-96.5438,31.2015],[-96.5463,31.2071],[-96.5502,31.2111],[-96.5506,31.214],[-96.5494,31.217],[-96.5517,31.2194],[-96.5526,31.2231],[-96.5495,31.2252],[-96.551,31.2278],[-96.5517,31.2285],[-96.5536,31.2288],[-96.5548,31.2309],[-96.5589,31.2337],[-96.5625,31.2348],[-96.5668,31.2346],[-96.5684,31.2353],[-96.5697,31.2329],[-96.5709,31.2326],[-96.5719,31.2347],[-96.5729,31.2349],[-96.573,31.2363],[-96.5747,31.2379],[-96.576,31.2381],[-96.5788,31.2449],[-96.5826,31.2448],[-96.5841,31.244],[-96.5854,31.2446],[-96.59,31.2504],[-96.5957,31.254],[-96.5965,31.2552],[-96.5972,31.257],[-96.5963,31.2602],[-96.5965,31.2627],[-96.5944,31.2656],[-96.6,31.2691],[-96.6023,31.2715],[-96.6034,31.2791],[-96.6058,31.2824],[-96.6029,31.2826],[-96.6019,31.2841],[-96.6014,31.2872],[-96.6004,31.2883],[-96.5919,31.2875],[-96.587,31.2881],[-96.5864,31.2899],[-96.5834,31.2925],[-96.5856,31.2973],[-96.589,31.2986],[-96.5931,31.303],[-96.5961,31.3047],[-96.6048,31.3043],[-96.6069,31.3056],[-96.6089,31.3053],[-96.6123,31.3083],[-96.6147,31.3072],[-96.6181,31.312],[-96.6243,31.3123],[-96.6273,31.3157],[-96.6334,31.3184],[-96.6329,31.3207],[-96.6342,31.3225],[-96.6369,31.3238],[-96.6374,31.3247],[-96.6341,31.326],[-96.6329,31.3271],[-96.6325,31.3291],[-96.6341,31.3305],[-96.6386,31.3319],[-96.6346,31.3359],[-96.6342,31.3418],[-96.6331,31.3448],[-96.6346,31.3466],[-96.6394,31.3466],[-96.6431,31.3483],[-96.6473,31.3478],[-96.648,31.3493],[-96.6464,31.3521],[-96.6473,31.3547],[-96.6508,31.3559],[-96.6519,31.3577],[-96.6493,31.3666],[-96.6518,31.3696],[-96.6505,31.3734],[-96.6501,31.3771],[-96.6482,31.3789],[-96.644,31.3929],[-96.6443,31.3944],[-96.6475,31.3955],[-96.6502,31.3972],[-96.6483,31.3981],[-96.644,31.4027],[-96.6392,31.409],[-96.6404,31.4101],[-96.644,31.4102],[-96.6467,31.4112],[-96.651,31.4135],[-96.6532,31.4135],[-96.6578,31.4183],[-96.6577,31.4204],[-96.6546,31.4261],[-96.6548,31.427],[-96.6588,31.4282],[-96.6626,31.4302],[-96.6664,31.4388],[-96.6624,31.4416],[-96.6586,31.4419],[-96.656,31.4429],[-96.6552,31.4451],[-96.6551,31.4542],[-96.6578,31.4554],[-96.6588,31.4568],[-96.6585,31.459],[-96.6606,31.464],[-96.6623,31.4655],[-96.6663,31.4671],[-96.667,31.4693],[-96.6661,31.4696],[-96.6639,31.4689],[-96.663,31.4699],[-96.6605,31.4697],[-96.6582,31.4707],[-96.6553,31.4764],[-96.6588,31.4823],[-96.6537,31.4834],[-96.6512,31.4882],[-96.6462,31.4928],[-96.6438,31.4925],[-96.6426,31.4965],[-96.6398,31.5002],[-96.6368,31.5029],[-96.6367,31.5083],[-96.6408,31.5121],[-96.641,31.5135],[-96.6408,31.5155],[-96.6386,31.5178],[-96.6386,31.519],[-96.6449,31.5291],[-96.6454,31.533],[-96.6468,31.5339],[-96.6454,31.5353],[-96.6455,31.5406],[-96.6448,31.5434],[-96.6512,31.5479],[-96.6492,31.551],[-96.6475,31.5515],[-96.6448,31.5542],[-96.6426,31.5549],[-96.6414,31.5563],[-96.6417,31.5582],[-96.646,31.559],[-96.6472,31.5605],[-96.6491,31.5609],[-96.6589,31.5673],[-96.6588,31.5697],[-96.6612,31.5733],[-96.6603,31.5757],[-96.6615,31.5766],[-96.6649,31.577],[-96.6693,31.5793],[-96.6733,31.5802],[-96.6756,31.5796],[-96.6779,31.5777],[-96.6831,31.5785],[-96.6852,31.579],[-96.6879,31.5814],[-96.6909,31.5819],[-96.6952,31.5847],[-96.7008,31.5849],[-96.7074,31.5871],[-96.7092,31.5872],[-96.7142,31.5842],[-96.7185,31.5861],[-96.7214,31.5864],[-96.7229,31.5854],[-96.723,31.5834],[-96.7248,31.5831],[-96.7297,31.5886],[-96.7295,31.5923],[-96.7308,31.5935],[-96.7308,31.5945],[-96.7351,31.5964],[-96.7374,31.5983],[-96.745,31.6013],[-96.7467,31.6004],[-96.7479,31.6006],[-96.7499,31.6024],[-96.7573,31.6069],[-96.7622,31.6072],[-96.7646,31.6068],[-96.765,31.6062],[-96.766,31.608],[-96.7699,31.6109],[-96.7729,31.6106],[-96.7734,31.6112],[-96.7769,31.6123],[-96.7793,31.6146],[-96.7836,31.6153],[-96.7876,31.6178],[-96.7894,31.6209],[-96.7942,31.623],[-96.796,31.6245],[-96.8011,31.6255],[-96.8096,31.6301],[-96.8105,31.6303],[-96.8123,31.6285],[-96.8139,31.6282],[-96.8154,31.6296],[-96.8163,31.6321],[-96.8184,31.6327],[-96.8226,31.629],[-96.8261,31.6288],[-96.8272,31.6297],[-96.8272,31.6321],[-96.8294,31.6329],[-96.8299,31.6338],[-96.8295,31.6381],[-96.8323,31.6408],[-96.8382,31.641],[-96.8421,31.6371],[-96.8442,31.6388],[-96.8461,31.6383],[-96.8472,31.6393],[-96.8475,31.6414],[-96.851,31.64],[-96.853,31.6388],[-96.8546,31.6365],[-96.8556,31.6327],[-96.8584,31.6331],[-96.8612,31.6308],[-96.8621,31.6287],[-96.8609,31.6244],[-96.8643,31.6149],[-96.8659,31.6135],[-96.8667,31.6114],[-96.8712,31.6115],[-96.8729,31.6097],[-96.8762,31.6081],[-96.8765,31.6037],[-96.879,31.599],[-96.8836,31.5957],[-96.8841,31.5948],[-96.8809,31.5893],[-96.8809,31.5853],[-96.8783,31.5834],[-96.8782,31.5816],[-96.8771,31.5804],[-96.8781,31.5776],[-96.877,31.5758],[-96.8794,31.5718],[-96.8843,31.5688],[-96.8852,31.5668],[-96.8887,31.5646],[-96.8876,31.5583],[-96.8892,31.5548],[-96.8862,31.5535],[-96.8845,31.5516],[-96.8848,31.5455],[-96.8887,31.5409],[-96.8931,31.5396],[-96.8945,31.5381],[-96.895,31.5338],[-96.8975,31.5325],[-96.8986,31.531],[-96.9026,31.5292],[-96.8986,31.5222],[-96.9,31.5187],[-96.9021,31.5173],[-96.9043,31.5128],[-96.9068,31.5116],[-96.909,31.5142],[-96.9111,31.5138],[-96.9183,31.5095],[-96.9195,31.5077],[-96.9221,31.5064],[-96.9235,31.5039],[-96.9268,31.5026],[-96.9263,31.4995],[-96.9283,31.498],[-96.9287,31.4956],[-96.9321,31.4923],[-96.9327,31.4873],[-96.9321,31.4841],[-96.9327,31.4828],[-96.9357,31.4814],[-96.9346,31.4792],[-96.9368,31.4756],[-96.9397,31.4759],[-96.9416,31.4725],[-96.942,31.4712],[-96.94,31.4686],[-96.9413,31.4643],[-96.9466,31.4623],[-96.9483,31.4606],[-96.9479,31.4582],[-96.9448,31.4532],[-96.9479,31.4486],[-96.9497,31.4481],[-96.9496,31.4452],[-96.9539,31.4436],[-96.9606,31.4434],[-96.9656,31.4391],[-96.9716,31.437],[-96.9752,31.438],[-96.9769,31.4374],[-96.981,31.4385],[-96.9829,31.4383],[-96.9864,31.4339],[-96.992,31.4331],[-96.9974,31.4312],[-97.0031,31.4267],[-97.0108,31.4248],[-97.0142,31.423],[-97.0185,31.4186],[-97.021,31.4192],[-97.022,31.4217],[-97.0213,31.4234],[-97.0218,31.4237],[-97.0222,31.423],[-97.0227,31.4238],[-97.0211,31.4275],[-97.023,31.4295],[-97.0267,31.4276],[-97.0303,31.427],[-97.0371,31.4307],[-97.0479,31.4306],[-97.0596,31.4251],[-97.0605,31.4238],[-97.06,31.4215],[-97.0615,31.4195],[-97.0652,31.4178],[-97.068,31.4179],[-97.0698,31.4167],[-97.0701,31.4154],[-97.0751,31.4159],[-97.0778,31.4149],[-97.0817,31.4165],[-97.083,31.4149],[-97.0853,31.4144],[-97.0862,31.4152],[-97.0958,31.4161],[-97.0972,31.4179],[-97.0982,31.4182],[-97.102,31.4176],[-97.1056,31.4149],[-97.1081,31.4157],[-97.1092,31.417],[-97.1123,31.416],[-97.1177,31.4156],[-97.1228,31.4182],[-97.1251,31.4205],[-97.1294,31.4207],[-97.1312,31.423],[-97.1333,31.4226],[-97.137,31.4245],[-97.1403,31.4247],[-97.1439,31.4229],[-97.1467,31.4231],[-97.1496,31.4211],[-97.154,31.4208],[-97.1548,31.4203],[-97.1557,31.4176],[-97.1598,31.4155],[-97.1603,31.4121],[-97.1644,31.4103],[-97.166,31.4114],[-97.1673,31.414],[-97.1691,31.4151],[-97.1719,31.4142],[-97.1755,31.4167],[-97.1783,31.4159],[-97.181,31.4183],[-97.181,31.4241],[-97.1829,31.4237],[-97.185,31.4241],[-97.1858,31.4276],[-97.1921,31.4303],[-97.193,31.4324],[-97.1976,31.4334],[-97.2012,31.436],[-97.2039,31.4366],[-97.2061,31.4379],[-97.208,31.441],[-97.2075,31.4436],[-97.2082,31.4447],[-97.2117,31.4448],[-97.2167,31.4475],[-97.2236,31.4554],[-97.228,31.4581],[-97.2286,31.4618],[-97.2304,31.464],[-97.2326,31.465],[-97.2334,31.4629],[-97.2354,31.462],[-97.2404,31.464],[-97.2429,31.4661],[-97.247,31.4664],[-97.2479,31.4612],[-97.2537,31.454],[-97.2539,31.4523],[-97.2529,31.4506],[-97.2542,31.4476],[-97.2575,31.4445],[-97.2574,31.4424],[-97.2555,31.438],[-97.2566,31.4356],[-97.2555,31.4299],[-97.2613,31.432],[-97.2635,31.4312],[-97.2637,31.4273],[-97.2652,31.4257],[-97.2669,31.4204],[-97.267,31.415],[-97.2705,31.4121],[-97.2721,31.4093],[-97.2752,31.4073],[-97.2777,31.4045],[-97.2789,31.4043],[-97.2821,31.4051],[-97.2848,31.4069],[-97.2873,31.4065],[-97.2887,31.4055],[-97.2905,31.4054],[-97.2916,31.4058],[-97.293,31.4081],[-97.2978,31.4073],[-97.301,31.4098],[-97.3049,31.4108],[-97.3059,31.4096],[-97.3058,31.4068],[-97.3073,31.4049],[-97.3108,31.404],[-97.3117,31.4028],[-97.3149,31.4032],[-97.3161,31.4004],[-97.319,31.3983],[-97.3201,31.395],[-97.3261,31.3941],[-97.3323,31.3957],[-97.3355,31.3919],[-97.3354,31.3888],[-97.3374,31.3865],[-97.3368,31.3848],[-97.3374,31.3836],[-97.3395,31.3834],[-97.3394,31.3819],[-97.3409,31.381],[-97.3418,31.3794],[-97.3461,31.3792],[-97.3478,31.3769],[-97.3528,31.374],[-97.353,31.3725],[-97.3508,31.3713],[-97.3513,31.3685],[-97.3541,31.3671],[-97.3572,31.3675],[-97.3581,31.3659],[-97.3595,31.3652],[-97.3621,31.3656],[-97.3642,31.3633],[-97.3658,31.3627],[-97.3662,31.359],[-97.365,31.3574],[-97.3685,31.3565],[-97.37,31.3543],[-97.3687,31.3523],[-97.3655,31.3514],[-97.3665,31.3478],[-97.3682,31.3466],[-97.3663,31.3445],[-97.3665,31.3438],[-97.3638,31.3396],[-97.3655,31.3368],[-97.3656,31.3354],[-97.3637,31.3339],[-97.3604,31.3343],[-97.3597,31.3337],[-97.3603,31.3287],[-97.3587,31.327],[-97.3561,31.3269],[-97.3542,31.3244],[-97.3543,31.3217],[-97.3518,31.3198],[-97.3532,31.3164],[-97.3492,31.3181],[-97.3417,31.3158],[-97.3413,31.3122],[-97.3404,31.3107],[-97.3336,31.3079],[-97.3243,31.3087],[-97.322,31.3059],[-97.3222,31.3034],[-97.3209,31.3002],[-97.3184,31.2994],[-97.3155,31.2961],[-97.3153,31.2921],[-97.3116,31.2902],[-97.3101,31.2873],[-97.3103,31.2829],[-97.3095,31.2813],[-97.3076,31.2796],[-97.3062,31.274],[-97.3011,31.272],[-97.3007,31.2678],[-97.296,31.2657],[-97.2925,31.2659],[-97.2903,31.265],[-97.2883,31.2629],[-97.2834,31.2598],[-97.2806,31.2589],[-97.2807,31.2567],[-97.2793,31.255],[-97.2759,31.2522],[-97.2719,31.2503],[-97.2737,31.2481],[-97.2734,31.2436],[-97.2748,31.2391],[-97.2692,31.235],[-97.2695,31.2312],[-97.2711,31.2287],[-97.269,31.2248],[-97.2623,31.2227],[-97.2619,31.2204],[-97.2625,31.2171],[-97.2594,31.2152],[-97.2597,31.2105],[-97.2591,31.2078],[-97.258,31.2067],[-97.2579,31.204],[-97.2566,31.2021],[-97.2577,31.2005],[-97.2567,31.1954],[-97.2541,31.1946],[-97.2524,31.1909],[-97.254,31.1879],[-97.2529,31.1863],[-97.2503,31.1852],[-97.2473,31.1811],[-97.2471,31.18],[-97.2484,31.1781],[-97.2475,31.1759],[-97.245,31.175],[-97.2434,31.1732],[-97.2401,31.1671],[-97.2353,31.1643],[-97.2346,31.1593],[-97.2319,31.1574],[-97.2307,31.153],[-97.2279,31.1519],[-97.2237,31.1516],[-97.223,31.1508],[-97.2235,31.1471],[-97.221,31.1455],[-97.2148,31.144],[-97.2081,31.1441],[-97.2047,31.147],[-97.1977,31.1471],[-97.1901,31.1494],[-97.1868,31.1521],[-97.1852,31.1523],[-97.182,31.1488],[-97.1783,31.1497],[-97.1776,31.1492],[-97.1772,31.1473],[-97.1726,31.1441],[-97.1739,31.1391],[-97.1706,31.1387],[-97.1681,31.1365],[-97.1687,31.1338],[-97.1662,31.1307],[-97.1596,31.1279],[-97.1565,31.128],[-97.1535,31.1291],[-97.1526,31.133],[-97.1483,31.1363],[-97.1443,31.1351],[-97.1426,31.1358],[-97.1413,31.1355],[-97.1406,31.134],[-97.1412,31.1323],[-97.1408,31.1304],[-97.1352,31.1283],[-97.1344,31.1276],[-97.1347,31.1248],[-97.1285,31.1213],[-97.1303,31.1188],[-97.1305,31.117],[-97.1295,31.1146],[-97.1265,31.1128],[-97.1243,31.1059],[-97.1257,31.1024],[-97.1257,31.0999],[-97.1234,31.0977],[-97.1221,31.0917],[-97.1181,31.0916],[-97.1173,31.0889],[-97.115,31.0866],[-97.1151,31.086],[-97.1193,31.0834],[-97.1134,31.0746],[-97.1148,31.0718],[-97.1134,31.0691],[-97.1125,31.0678],[-97.1097,31.0662],[-97.1074,31.0622],[-97.1039,31.0593],[-97.1003,31.0546],[-97.0957,31.0525],[-97.0912,31.0515],[-97.091,31.0493],[-97.0893,31.0466],[-97.0869,31.0455],[-97.0835,31.0459],[-97.0824,31.0418],[-97.0772,31.0384],[-97.0733,31.0396],[-97.0726,31.0394],[-97.0723,31.0376],[-97.0677,31.0363],[-97.0663,31.0344],[-97.0649,31.0339],[-97.062,31.0348],[-97.0559,31.034],[-97.0525,31.0319],[-97.0521,31.0297],[-97.0472,31.0292],[-97.0472,31.026],[-97.041,31.0287],[-97.0417,31.0245],[-97.0408,31.0232],[-97.0333,31.022],[-97.0309,31.0197],[-97.0282,31.0183],[-97.0262,31.0186],[-97.0236,31.0209],[-97.022,31.0211],[-97.02,31.0181],[-97.0128,31.0158],[-97.0108,31.014],[-97.0108,31.0115],[-97.0088,31.0096],[-97.0052,31.0123],[-97.0046,31.0143],[-97.0015,31.0171],[-97.0018,31.0201],[-97.0006,31.025],[-96.9955,31.0239],[-96.994,31.0194],[-96.9928,31.0183],[-96.99,31.0177],[-96.9884,31.0153],[-96.9868,31.0144],[-96.9846,31.0141],[-96.9822,31.0163],[-96.9803,31.0167],[-96.9785,31.0112],[-96.9789,31.0042],[-96.9768,31.001],[-96.9776,30.9966],[-96.9764,30.9951],[-96.9747,30.9951],[-96.972,30.9964],[-96.9708,30.9954],[-96.9713,30.993],[-96.9708,30.9918],[-96.9724,30.9888],[-96.9719,30.9875],[-96.9705,30.9868],[-96.966,30.9873],[-96.9595,30.9836],[-96.9485,30.9833],[-96.9423,30.9786],[-96.9406,30.978],[-96.9367,30.978],[-96.9361,30.9754],[-96.937,30.9718],[-96.9353,30.9704],[-96.9322,30.9692],[-96.9296,30.9711],[-96.925,30.9698],[-96.9226,30.966],[-96.9213,30.9654],[-96.9171,30.9659],[-96.9146,30.965],[-96.9133,30.966],[-96.913,30.9673],[-96.911,30.9675],[-96.9098,30.9688],[-96.9087,30.969],[-96.9071,30.9676],[-96.9067,30.966],[-96.9091,30.9629],[-96.9089,30.9622],[-96.9063,30.9587],[-96.9018,30.9557],[-96.9015,30.953],[-96.902,30.9511],[-96.8957,30.9527],[-96.8945,30.9539],[-96.8943,30.9566],[-96.8932,30.9571],[-96.8917,30.9568],[-96.891,30.9587],[-96.8918,30.9622],[-96.8896,30.9651],[-96.8837,30.9641],[-96.8816,30.9671],[-96.8808,30.9708],[-96.8766,30.97],[-96.8725,30.9714],[-96.8702,30.9745],[-96.8675,30.9741],[-96.865,30.9777],[-96.8649,30.9795],[-96.8609,30.9765],[-96.8525,30.9752],[-96.8513,30.9755],[-96.8495,30.9774],[-96.8486,30.9795],[-96.8454,30.9818],[-96.8442,30.982],[-96.8433,30.9796],[-96.8394,30.9793],[-96.8388,30.9742],[-96.8363,30.9701],[-96.8317,30.9699],[-96.8275,30.972],[-96.8261,30.9709],[-96.826,30.969],[-96.8233,30.9669],[-96.821,30.9662],[-96.8185,30.9688],[-96.8191,30.9719],[-96.8179,30.9721],[-96.8172,30.9731],[-96.8133,30.9732],[-96.8114,30.9745],[-96.8109,30.9775],[-96.8079,30.9779],[-96.8074,30.9773],[-96.8081,30.975],[-96.806,30.9728],[-96.8073,30.9692],[-96.8066,30.9667],[-96.8048,30.9656],[-96.8055,30.9634],[-96.8028,30.9607],[-96.8007,30.9605],[-96.8018,30.9585],[-96.8001,30.954],[-96.8028,30.951],[-96.8017,30.9488],[-96.8024,30.9442],[-96.8014,30.9423],[-96.8028,30.94],[-96.8032,30.9365],[-96.7989,30.9342],[-96.7968,30.9313],[-96.7941,30.9304],[-96.7919,30.9307],[-96.7892,30.9292],[-96.7863,30.9293],[-96.7839,30.9287],[-96.7787,30.9325],[-96.7767,30.9332],[-96.7732,30.9289],[-96.7712,30.928],[-96.7687,30.9256],[-96.7652,30.9252],[-96.7616,30.9223],[-96.7593,30.9238],[-96.7583,30.9212],[-96.7564,30.92],[-96.7569,30.917],[-96.7556,30.915],[-96.7549,30.9104],[-96.7557,30.9081],[-96.7479,30.9051],[-96.748,30.904],[-96.7452,30.9017],[-96.746,30.8991],[-96.7452,30.8974],[-96.7386,30.8964],[-96.7368,30.8972],[-96.7306,30.895],[-96.7274,30.8956],[-96.7258,30.8943],[-96.7236,30.8946],[-96.7196,30.8933],[-96.7168,30.8912],[-96.7124,30.8903],[-96.7114,30.8887],[-96.7115,30.8858],[-96.7093,30.8845],[-96.7076,30.8802],[-96.7096,30.8734],[-96.7079,30.872],[-96.707,30.8695],[-96.7038,30.8663],[-96.7028,30.8639],[-96.6996,30.8609],[-96.7016,30.8578],[-96.7006,30.8551],[-96.6985,30.8541],[-96.6968,30.8545],[-96.6897,30.8521],[-96.6868,30.8526],[-96.6852,30.852],[-96.6825,30.848],[-96.6824,30.8458],[-96.6776,30.842],[-96.6777,30.8404],[-96.679,30.8401],[-96.6823,30.8405],[-96.6842,30.8418],[-96.6855,30.8415],[-96.6878,30.8396],[-96.6882,30.8376],[-96.6917,30.8348],[-96.6983,30.8337],[-96.695,30.8289],[-96.6951,30.8279],[-96.698,30.825],[-96.6995,30.8245],[-96.6984,30.8231],[-96.7001,30.8186],[-96.7037,30.8174],[-96.7036,30.812],[-96.7063,30.8126],[-96.707,30.8116],[-96.7083,30.8116],[-96.7129,30.8131],[-96.7146,30.813],[-96.7172,30.8146],[-96.7198,30.8143],[-96.7274,30.8205],[-96.731,30.8209],[-96.7329,30.8205],[-96.7329,30.8175],[-96.729,30.8152],[-96.7284,30.8127],[-96.7269,30.8111],[-96.7268,30.8092],[-96.7289,30.8088],[-96.7287,30.8067],[-96.7309,30.8048],[-96.7343,30.8044],[-96.735,30.8054],[-96.7365,30.8037],[-96.7361,30.799],[-96.7376,30.7959],[-96.7378,30.7936],[-96.7366,30.7919],[-96.7377,30.7908],[-96.741,30.791],[-96.7425,30.7897],[-96.7468,30.7899],[-96.7474,30.7908],[-96.7518,30.792],[-96.7531,30.7931],[-96.7531,30.7909],[-96.7555,30.7897],[-96.7565,30.7899],[-96.7571,30.7867],[-96.7561,30.7851],[-96.7574,30.7836],[-96.7576,30.7796],[-96.7561,30.7787],[-96.7559,30.7761],[-96.7583,30.7749],[-96.7584,30.7734],[-96.7564,30.7711],[-96.7564,30.7676],[-96.763,30.7655],[-96.7639,30.7613],[-96.765,30.7602],[-96.7662,30.7601],[-96.7665,30.7587],[-96.7683,30.7575],[-96.7715,30.7587],[-96.7721,30.7582],[-96.7734,30.7542],[-96.7717,30.7526],[-96.7705,30.7498],[-96.7705,30.7469],[-96.7689,30.745],[-96.7685,30.7432],[-96.769,30.7417],[-96.772,30.7417],[-96.7725,30.7355],[-96.7741,30.7363],[-96.7777,30.734],[-96.7837,30.7314],[-96.787,30.7311],[-96.7883,30.7289],[-96.7918,30.7283],[-96.7967,30.7262],[-96.7976,30.7263],[-96.8003,30.729],[-96.8074,30.7287],[-96.8101,30.7335],[-96.8128,30.7349],[-96.8148,30.738],[-96.8202,30.7374],[-96.8229,30.7345],[-96.8255,30.7364],[-96.8279,30.7363],[-96.8299,30.737],[-96.831,30.7388],[-96.8326,30.7389],[-96.8339,30.7398],[-96.8356,30.7394],[-96.8377,30.7377],[-96.839,30.7414],[-96.8456,30.7381],[-96.8463,30.7362],[-96.8491,30.7341],[-96.8474,30.7312],[-96.8506,30.7275],[-96.8504,30.7254],[-96.8531,30.7189],[-96.8567,30.7179],[-96.8585,30.7165],[-96.8645,30.7163],[-96.8667,30.715],[-96.8687,30.7117],[-96.8679,30.7098],[-96.8701,30.7067],[-96.8725,30.7048],[-96.8743,30.7014],[-96.8757,30.7006],[-96.8753,30.6987],[-96.8803,30.6956],[-96.8784,30.6932],[-96.8781,30.6914],[-96.8804,30.6906],[-96.8812,30.6881],[-96.884,30.6855],[-96.8835,30.6836],[-96.886,30.6821],[-96.8881,30.6821],[-96.8889,30.6782],[-96.8928,30.6751],[-96.8946,30.6696],[-96.894,30.6653],[-96.8908,30.6649],[-96.8882,30.6654],[-96.8858,30.6625],[-96.8842,30.6618],[-96.8808,30.6623],[-96.8762,30.6591],[-96.8724,30.6587],[-96.8717,30.6576],[-96.8738,30.6525],[-96.871,30.6509],[-96.8719,30.6485],[-96.8716,30.6467],[-96.8685,30.6447],[-96.8636,30.6444],[-96.86,30.6425],[-96.8587,30.6425],[-96.8579,30.6435],[-96.8545,30.6438],[-96.8541,30.6477],[-96.8501,30.6481],[-96.8449,30.6501],[-96.8446,30.654],[-96.8431,30.6571],[-96.842,30.6579],[-96.8398,30.6562],[-96.836,30.655],[-96.8309,30.6566],[-96.8236,30.6555],[-96.821,30.6567],[-96.8188,30.6541],[-96.8174,30.6541],[-96.8159,30.655],[-96.8145,30.6547],[-96.8124,30.6559],[-96.8079,30.6508],[-96.8071,30.6481],[-96.8027,30.6461],[-96.8033,30.6439],[-96.8017,30.6412],[-96.7994,30.6399],[-96.7958,30.6394],[-96.7955,30.6351],[-96.7967,30.6334],[-96.7963,30.6329],[-96.7921,30.6334],[-96.7882,30.6325],[-96.7865,30.6301],[-96.7806,30.6331],[-96.7787,30.633],[-96.7771,30.6304],[-96.7726,30.6327],[-96.767,30.6332],[-96.7648,30.6316],[-96.7611,30.6308],[-96.758,30.6283],[-96.7569,30.6282],[-96.7491,30.6312],[-96.7476,30.6282],[-96.7479,30.6255],[-96.7446,30.6245],[-96.7442,30.6221],[-96.7433,30.621],[-96.7415,30.6209],[-96.7408,30.6183],[-96.7371,30.6181],[-96.7344,30.6203],[-96.7336,30.6181],[-96.7344,30.6151],[-96.7337,30.6129],[-96.7344,30.6106],[-96.7343,30.6071],[-96.7318,30.6031],[-96.7324,30.5962],[-96.7287,30.5947],[-96.7278,30.5886],[-96.7267,30.5885],[-96.7182,30.5923],[-96.7149,30.5919],[-96.7142,30.5934],[-96.7079,30.5932],[-96.7034,30.5894],[-96.703,30.5881],[-96.7043,30.5851],[-96.7019,30.5833],[-96.7009,30.5787],[-96.6957,30.5786],[-96.6912,30.5801],[-96.6868,30.5784],[-96.6819,30.578],[-96.6804,30.5788],[-96.6772,30.5764],[-96.6719,30.575],[-96.6689,30.5734],[-96.662,30.5681],[-96.6581,30.5583],[-96.6581,30.5544],[-96.659,30.5516],[-96.6558,30.5507],[-96.6551,30.5478],[-96.6517,30.5462],[-96.6476,30.5462],[-96.646,30.5454],[-96.6407,30.5482],[-96.6345,30.5483],[-96.6328,30.5487],[-96.63,30.5518],[-96.627,30.553],[-96.6247,30.5527],[-96.6193,30.5492],[-96.6158,30.5503],[-96.6122,30.5492],[-96.6099,30.5503],[-96.6084,30.5502],[-96.6077,30.5485],[-96.608,30.5462],[-96.6043,30.5443],[-96.6039,30.5433],[-96.6061,30.5397],[-96.6065,30.5359],[-96.6052,30.5347],[-96.6029,30.5347],[-96.6015,30.5335],[-96.6044,30.5305],[-96.6037,30.5275],[-96.5998,30.5257],[-96.5992,30.5209],[-96.5947,30.5185],[-96.5908,30.5127],[-96.5874,30.5103],[-96.5896,30.5089],[-96.5886,30.506],[-96.5861,30.5041],[-96.5862,30.5005],[-96.5842,30.4989],[-96.5843,30.496],[-96.5822,30.4955],[-96.5803,30.4926],[-96.578,30.4925],[-96.5743,30.4905],[-96.5739,30.49],[-96.5751,30.488],[-96.5734,30.4865],[-96.5674,30.4881],[-96.5651,30.4881],[-96.5626,30.4835],[-96.559,30.4804],[-96.5575,30.4798],[-96.5552,30.4802],[-96.5537,30.4794],[-96.5527,30.4772],[-96.5526,30.4745],[-96.5502,30.4748],[-96.5478,30.474],[-96.546,30.4712],[-96.541,30.4677],[-96.5398,30.4662],[-96.5401,30.4655],[-96.5302,30.4658],[-96.5259,30.4573],[-96.5263,30.4499],[-96.5242,30.4467],[-96.5214,30.4462],[-96.5196,30.4449],[-96.5164,30.4451],[-96.5136,30.4433],[-96.5118,30.4411],[-96.507,30.4385],[-96.5045,30.4381],[-96.5025,30.4365],[-96.4998,30.4357],[-96.4962,30.4359],[-96.4958,30.4347],[-96.4969,30.4318],[-96.4943,30.4266],[-96.4906,30.4258],[-96.4894,30.4248],[-96.4828,30.4253],[-96.4782,30.4281],[-96.477,30.4282],[-96.4758,30.4255],[-96.4669,30.4184],[-96.4594,30.4205],[-96.4549,30.4227],[-96.4534,30.4245],[-96.4515,30.4252],[-96.4496,30.427],[-96.4475,30.4273],[-96.4462,30.4212],[-96.4419,30.4175],[-96.4427,30.4158],[-96.4424,30.4145],[-96.44,30.4141],[-96.4344,30.4154],[-96.4322,30.4129],[-96.4309,30.4136],[-96.4271,30.4111],[-96.4262,30.4095],[-96.4235,30.4076],[-96.4229,30.406],[-96.4202,30.4039],[-96.417,30.4051],[-96.415,30.4043],[-96.4086,30.4052],[-96.4067,30.4061],[-96.406,30.4047],[-96.4014,30.4013],[-96.4021,30.3985],[-96.3998,30.3963],[-96.3998,30.3948],[-96.399,30.3944],[-96.3973,30.3954],[-96.3952,30.3951],[-96.393,30.3969],[-96.3913,30.3973],[-96.3904,30.396],[-96.3856,30.3947],[-96.3839,30.3926],[-96.381,30.3936],[-96.3787,30.3934],[-96.3744,30.3951],[-96.3705,30.3933],[-96.3677,30.3934],[-96.3676,30.3916],[-96.3654,30.3915],[-96.3618,30.3945],[-96.3617,30.3954],[-96.3568,30.3984],[-96.353,30.3985],[-96.3502,30.4018],[-96.3462,30.4003],[-96.3445,30.3981],[-96.3412,30.3984],[-96.3395,30.3964],[-96.3335,30.3989],[-96.3326,30.4008],[-96.3305,30.4015],[-96.3303,30.4028],[-96.3273,30.4036],[-96.3246,30.4026],[-96.3196,30.4048],[-96.3188,30.4024],[-96.3142,30.3984],[-96.3105,30.3903],[-96.3086,30.3885],[-96.3022,30.3861],[-96.3011,30.3828],[-96.2984,30.3796],[-96.3,30.3792],[-96.3023,30.3806],[-96.3054,30.3803],[-96.3071,30.3792],[-96.3093,30.375],[-96.3085,30.3717],[-96.3049,30.3651],[-96.3059,30.3551],[-96.3058,30.352],[-96.3045,30.3498],[-96.3055,30.3477],[-96.3063,30.3414],[-96.3045,30.3384],[-96.3043,30.3354],[-96.302,30.334],[-96.3017,30.3305],[-96.3051,30.3289],[-96.3089,30.3289],[-96.3119,30.3272],[-96.3152,30.3275],[-96.3167,30.32],[-96.3205,30.3219],[-96.3223,30.3235],[-96.3236,30.3236],[-96.325,30.321],[-96.3266,30.3199],[-96.3273,30.3177],[-96.3287,30.3175],[-96.3303,30.316],[-96.3305,30.3132],[-96.3317,30.3122],[-96.334,30.312],[-96.3345,30.3108],[-96.3381,30.3105],[-96.3395,30.3126],[-96.3421,30.3128],[-96.3449,30.3155],[-96.3495,30.3133],[-96.3531,30.3132],[-96.3555,30.3103],[-96.3591,30.3077],[-96.3638,30.3103],[-96.366,30.3123],[-96.3686,30.3117],[-96.3696,30.3111],[-96.3695,30.3088],[-96.3716,30.3061],[-96.372,30.3031],[-96.3754,30.3035],[-96.3774,30.3029],[-96.3795,30.3011],[-96.3809,30.2966],[-96.3802,30.2939],[-96.3831,30.2892],[-96.3844,30.2884],[-96.3863,30.289],[-96.3913,30.2868],[-96.3944,30.2871],[-96.3963,30.2858],[-96.3951,30.2834],[-96.4023,30.2805],[-96.4032,30.2791],[-96.4053,30.2794],[-96.4069,30.2815],[-96.412,30.2786],[-96.4157,30.2797],[-96.4179,30.2792],[-96.4245,30.2815],[-96.4272,30.2834],[-96.4299,30.2831],[-96.4321,30.2863],[-96.4345,30.2858],[-96.4424,30.2875],[-96.4462,30.2865],[-96.4507,30.2874],[-96.4545,30.2847],[-96.4596,30.2855],[-96.4608,30.2844],[-96.4633,30.2843],[-96.4681,30.2822],[-96.4731,30.2841],[-96.4747,30.2833],[-96.4763,30.2804],[-96.4784,30.2787],[-96.4788,30.2751],[-96.4803,30.2729],[-96.4783,30.2674],[-96.4816,30.2629],[-96.4808,30.2578],[-96.4865,30.2557],[-96.4905,30.2554],[-96.4925,30.2568],[-96.4935,30.2591],[-96.5024,30.2604],[-96.5042,30.2612],[-96.5058,30.2573],[-96.5122,30.2564],[-96.512,30.2528],[-96.5139,30.2522],[-96.5147,30.2479],[-96.5186,30.2444],[-96.5188,30.2422],[-96.5177,30.2406],[-96.5165,30.2352],[-96.5156,30.2347],[-96.5128,30.235],[-96.5113,30.2338],[-96.5102,30.2313],[-96.5079,30.2298],[-96.509,30.2269],[-96.5087,30.2264],[-96.5066,30.2268],[-96.5056,30.226],[-96.5046,30.224],[-96.5038,30.2185],[-96.502,30.2163],[-96.4988,30.215],[-96.4953,30.2146],[-96.4923,30.2102],[-96.4895,30.2086],[-96.4871,30.2047],[-96.4823,30.2006],[-96.4824,30.1991],[-96.4835,30.1978],[-96.4833,30.196],[-96.481,30.1937],[-96.4792,30.1871],[-96.4772,30.1858],[-96.4747,30.1821],[-96.4709,30.179],[-96.4662,30.1769],[-96.4653,30.1737],[-96.4598,30.1749],[-96.4569,30.1729],[-96.4542,30.1733],[-96.453,30.1726],[-96.4516,30.1727],[-96.4494,30.1694],[-96.4461,30.1714],[-96.4386,30.1688],[-96.4355,30.1691],[-96.4342,30.167],[-96.4312,30.1649],[-96.4306,30.1633],[-96.4298,30.163],[-96.4279,30.1639],[-96.4274,30.1633],[-96.4271,30.1606],[-96.4242,30.1577],[-96.4248,30.1528],[-96.422,30.1524],[-96.4164,30.1484],[-96.4143,30.1479],[-96.4105,30.1483],[-96.4076,30.1471],[-96.4049,30.1475],[-96.4039,30.1466],[-96.4057,30.1428],[-96.4044,30.1409],[-96.4064,30.1402],[-96.4066,30.1396],[-96.402,30.134],[-96.3961,30.1319],[-96.3937,30.1287],[-96.3943,30.1271],[-96.3935,30.1253],[-96.3948,30.1239],[-96.3947,30.123],[-96.3888,30.1172],[-96.3889,30.1161],[-96.3874,30.1133],[-96.3839,30.1105],[-96.3823,30.108],[-96.3787,30.1048],[-96.377,30.1019],[-96.376,30.1015],[-96.3743,30.1022],[-96.3733,30.1017],[-96.3726,30.0994],[-96.3613,30.0895],[-96.3598,30.0907],[-96.3591,30.0893],[-96.3569,30.09],[-96.3541,30.0933],[-96.353,30.0918],[-96.3519,30.0916],[-96.3491,30.0938],[-96.3485,30.0991],[-96.3449,30.0998],[-96.3441,30.1033],[-96.346,30.104],[-96.3466,30.1068],[-96.345,30.1081],[-96.3445,30.1106],[-96.3475,30.1115],[-96.349,30.1137],[-96.3478,30.115],[-96.3498,30.1174],[-96.3493,30.1218],[-96.3454,30.1259],[-96.3445,30.1289],[-96.3423,30.1315],[-96.3381,30.1338],[-96.3368,30.1379],[-96.3337,30.139],[-96.3315,30.1414],[-96.3284,30.1404],[-96.3265,30.1374],[-96.3243,30.1374],[-96.3219,30.1387],[-96.3175,30.139],[-96.3162,30.1373],[-96.3146,30.1326],[-96.3125,30.1314],[-96.3122,30.1293],[-96.3106,30.1274],[-96.3077,30.1293],[-96.3058,30.1318],[-96.3045,30.1354],[-96.3004,30.1357],[-96.2976,30.1388],[-96.2962,30.139],[-96.2943,30.138],[-96.2941,30.1354],[-96.2854,30.1358],[-96.2809,30.1305],[-96.2788,30.1315],[-96.2769,30.1313],[-96.276,30.1302],[-96.2762,30.1274],[-96.2754,30.126],[-96.2742,30.1257],[-96.2675,30.128],[-96.264,30.1271],[-96.2633,30.1279],[-96.2633,30.1328],[-96.2621,30.1339],[-96.2593,30.1348],[-96.2581,30.1367],[-96.2566,30.1367],[-96.2536,30.1323],[-96.2507,30.1314],[-96.2483,30.1325],[-96.2464,30.1323],[-96.2433,30.1289],[-96.2377,30.1285],[-96.2363,30.1286],[-96.2346,30.1297],[-96.2338,30.1312],[-96.2337,30.1344],[-96.2312,30.1361],[-96.2288,30.1364],[-96.218,30.1313],[-96.217,30.1315],[-96.2171,30.1332],[-96.2157,30.1342],[-96.2125,30.133],[-96.2105,30.133],[-96.2089,30.1318],[-96.205,30.1322],[-96.2027,30.1316],[-96.2022,30.1302],[-96.2,30.1301]]]}},
{"type":"Feature","properties":{"name":"Yegua","huc8":"12070102","sq_km":3422.31},"geometry":{"type":"Polygon","coordinates":[[[-96.9926,30.6711],[-96.9968,30.6745],[-97.0008,30.676],[-97.0004,30.6782],[-97.0029,30.6782],[-97.0089,30.6814],[-97.0103,30.6811],[-97.0131,30.677],[-97.0154,30.6758],[-97.016,30.6744],[-97.0201,30.6707],[-97.021,30.6709],[-97.0235,30.6686],[-97.0248,30.6683],[-97.0276,30.6653],[-97.0275,30.6613],[-97.03,30.6618],[-97.0323,30.6613],[-97.0324,30.658],[-97.0345,30.6564],[-97.0341,30.6542],[-97.0348,30.6526],[-97.034,30.651],[-97.0377,30.6503],[-97.0381,30.6446],[-97.0406,30.6437],[-97.0411,30.6405],[-97.0425,30.6392],[-97.0451,30.6407],[-97.0469,30.6399],[-97.0463,30.6381],[-97.0478,30.6356],[-97.049,30.6349],[-97.047,30.6339],[-97.0462,30.6312],[-97.0466,30.6305],[-97.0504,30.6288],[-97.0515,30.6293],[-97.0525,30.6314],[-97.0532,30.6314],[-97.0543,30.6309],[-97.0541,30.6288],[-97.0563,30.6289],[-97.0581,30.6275],[-97.0607,30.6228],[-97.0636,30.6221],[-97.0665,30.624],[-97.0674,30.6234],[-97.0662,30.621],[-97.0668,30.6202],[-97.0686,30.6202],[-97.0703,30.6188],[-97.0705,30.6102],[-97.0727,30.608],[-97.0711,30.6053],[-97.0737,30.6048],[-97.0748,30.6033],[-97.076,30.6045],[-97.0774,30.6043],[-97.0781,30.6032],[-97.0806,30.6022],[-97.0837,30.5998],[-97.0889,30.6021],[-97.0915,30.6018],[-97.0926,30.6003],[-97.0985,30.5957],[-97.1015,30.5919],[-97.1023,30.5883],[-97.1019,30.586],[-97.1057,30.5841],[-97.1077,30.5845],[-97.108,30.5828],[-97.1105,30.5789],[-97.1121,30.5788],[-97.1133,30.5797],[-97.1129,30.577],[-97.1108,30.5744],[-97.1113,30.5702],[-97.1124,30.5688],[-97.1097,30.5667],[-97.1128,30.5648],[-97.1164,30.5612],[-97.1185,30.5615],[-97.1193,30.561],[-97.1194,30.5579],[-97.1206,30.5576],[-97.121,30.5558],[-97.122,30.555],[-97.1217,30.5525],[-97.1256,30.5545],[-97.128,30.5539],[-97.1319,30.5559],[-97.133,30.5587],[-97.1372,30.5581],[-97.1388,30.556],[-97.1416,30.5562],[-97.1449,30.552],[-97.1477,30.5518],[-97.1493,30.5501],[-97.1496,30.5481],[-97.154,30.5474],[-97.156,30.5454],[-97.1617,30.5428],[-97.1614,30.5394],[-97.1663,30.535],[-97.1693,30.5334],[-97.1709,30.5335],[-97.1741,30.5323],[-97.1767,30.5334],[-97.1801,30.5334],[-97.1816,30.5306],[-97.1868,30.526],[-97.1914,30.5255],[-97.1912,30.5208],[-97.1954,30.5208],[-97.1976,30.5194],[-97.201,30.5189],[-97.2032,30.5169],[-97.2061,30.517],[-97.2091,30.515],[-97.2113,30.5148],[-97.2147,30.5122],[-97.2171,30.5119],[-97.2194,30.513],[-97.2221,30.5042],[-97.2242,30.5014],[-97.2355,30.4989],[-97.2358,30.4945],[-97.2376,30.4939],[-97.2386,30.4916],[-97.2387,30.4903],[-97.2369,30.4875],[-97.2373,30.4841],[-97.238,30.4835],[-97.2389,30.483],[-97.2411,30.4835],[-97.2445,30.4808],[-97.2472,30.48],[-97.2475,30.4774],[-97.2491,30.4764],[-97.2516,30.4771],[-97.2529,30.4766],[-97.2532,30.4756],[-97.2566,30.4727],[-97.2577,30.4688],[-97.2589,30.4673],[-97.2604,30.4688],[-97.2634,30.4679],[-97.264,30.4696],[-97.2657,30.4709],[-97.2685,30.4705],[-97.2695,30.4695],[-97.27,30.4669],[-97.271,30.4656],[-97.2743,30.4649],[-97.2767,30.4624],[-97.2793,30.4626],[-97.2819,30.46],[-97.2862,30.4584],[-97.2902,30.454],[-97.2929,30.4535],[-97.2934,30.4525],[-97.2928,30.4498],[-97.2938,30.4484],[-97.2975,30.4481],[-97.2991,30.4467],[-97.3012,30.4463],[-97.3023,30.4427],[-97.3047,30.4419],[-97.3074,30.4399],[-97.3085,30.4396],[-97.3105,30.4402],[-97.312,30.4392],[-97.3133,30.4363],[-97.3133,30.4311],[-97.3155,30.4287],[-97.314,30.4254],[-97.3201,30.4183],[-97.3225,30.4171],[-97.3222,30.4152],[-97.3248,30.4104],[-97.3245,30.4095],[-97.3212,30.4084],[-97.3163,30.408],[-97.3148,30.4057],[-97.3152,30.4033],[-97.314,30.3994],[-97.3058,30.3957],[-97.3044,30.3938],[-97.3025,30.3929],[-97.3006,30.3899],[-97.2974,30.3894],[-97.2949,30.3913],[-97.2929,30.3918],[-97.2922,30.3938],[-97.2911,30.3944],[-97.2909,30.3972],[-97.2893,30.3986],[-97.2886,30.3985],[-97.2845,30.3935],[-97.2825,30.3938],[-97.2815,30.3933],[-97.2803,30.3908],[-97.2769,30.3895],[-97.2759,30.3902],[-97.2758,30.3915],[-97.2726,30.3919],[-97.2728,30.3886],[-97.2712,30.3853],[-97.276,30.3787],[-97.2761,30.3754],[-97.2722,30.3721],[-97.271,30.3683],[-97.2714,30.3663],[-97.2693,30.3643],[-97.2667,30.3636],[-97.2657,30.3622],[-97.2663,30.3584],[-97.2651,30.3552],[-97.2669,30.3504],[-97.2666,30.3488],[-97.2633,30.348],[-97.2565,30.3505],[-97.2544,30.3506],[-97.2538,30.3455],[-97.2509,30.3448],[-97.2488,30.3431],[-97.2485,30.3419],[-97.2459,30.3394],[-97.2437,30.3391],[-97.2421,30.3378],[-97.2409,30.332],[-97.2394,30.3288],[-97.2348,30.3295],[-97.2282,30.3241],[-97.2288,30.3211],[-97.2305,30.3182],[-97.2366,30.3143],[-97.2371,30.3103],[-97.2423,30.3073],[-97.2443,30.3037],[-97.2468,30.3024],[-97.2466,30.3012],[-97.2436,30.2984],[-97.2464,30.2957],[-97.2467,30.2937],[-97.2462,30.2928],[-97.2401,30.2883],[-97.2381,30.2883],[-97.2364,30.2849],[-97.2328,30.2832],[-97.2315,30.2806],[-97.2296,30.2795],[-97.2299,30.2784],[-97.232,30.2778],[-97.2308,30.2756],[-97.2332,30.2707],[-97.2332,30.2696],[-97.2316,30.2679],[-97.2315,30.2661],[-97.2271,30.2641],[-97.2247,30.2645],[-97.2228,30.2656],[-97.2221,30.2654],[-97.2228,30.2625],[-97.2207,30.2599],[-97.2202,30.2579],[-97.2215,30.2503],[-97.2188,30.2472],[-97.2154,30.2455],[-97.2133,30.2416],[-97.2108,30.2396],[-97.2105,30.2373],[-97.2083,30.2337],[-97.2069,30.2336],[-97.2059,30.2322],[-97.2027,30.2304],[-97.1923,30.2331],[-97.1918,30.2316],[-97.1897,30.2303],[-97.1883,30.2281],[-97.1811,30.2255],[-97.1804,30.2242],[-97.1755,30.2203],[-97.1728,30.2155],[-97.1701,30.2159],[-97.1689,30.2149],[-97.1636,30.2149],[-97.1603,30.2128],[-97.1593,30.2106],[-97.1543,30.2081],[-97.1516,30.2055],[-97.1502,30.2058],[-97.1481,30.2094],[-97.1425,30.2135],[-97.1419,30.2154],[-97.1384,30.217],[-97.1363,30.2164],[-97.1328,30.2178],[-97.1267,30.2178],[-97.1247,30.2191],[-97.1208,30.2152],[-97.1163,30.2133],[-97.1127,30.2132],[-97.1086,30.2147],[-97.1016,30.2135],[-97.0991,30.2147],[-97.0966,30.2134],[-97.0935,30.2149],[-97.0873,30.2153],[-97.0825,30.2127],[-97.0809,30.2106],[-97.079,30.2095],[-97.0759,30.2099],[-97.0751,30.2113],[-97.0727,30.2115],[-97.0699,30.2104],[-97.069,30.2073],[-97.0641,30.2076],[-97.0608,30.207],[-97.059,30.2059],[-97.0612,30.198],[-97.0592,30.194],[-97.0543,30.1912],[-97.0516,30.1877],[-97.0474,30.1865],[-97.0441,30.187],[-97.0405,30.1865],[-97.0386,30.1876],[-97.0331,30.1885],[-97.03,30.1863],[-97.0297,30.1844],[-97.0275,30.1829],[-97.0265,30.1804],[-97.0254,30.1805],[-97.0225,30.183],[-97.0187,30.1844],[-97.0152,30.1848],[-97.011,30.1841],[-97.0089,30.1846],[-97.006,30.1865],[-97.0046,30.1903],[-97.0014,30.1907],[-96.9975,30.1878],[-96.989,30.1884],[-96.9874,30.1875],[-96.9818,30.1864],[-96.981,30.1883],[-96.9769,30.188],[-96.9756,30.1872],[-96.9736,30.182],[-96.9711,30.1812],[-96.9694,30.1835],[-96.9666,30.1854],[-96.9586,30.1873],[-96.9569,30.1874],[-96.9545,30.1857],[-96.9514,30.1851],[-96.9504,30.1839],[-96.9491,30.1845],[-96.9473,30.1837],[-96.9449,30.1853],[-96.9402,30.1861],[-96.9387,30.1843],[-96.9339,30.1835],[-96.9307,30.1821],[-96.9241,30.1766],[-96.9189,30.1755],[-96.9179,30.1836],[-96.915,30.1876],[-96.913,30.189],[-96.9048,30.1881],[-96.9028,30.1839],[-96.9016,30.1835],[-96.8997,30.1844],[-96.8977,30.1843],[-96.8944,30.1821],[-96.8901,30.1817],[-96.8872,30.1804],[-96.8863,30.1775],[-96.8852,30.1769],[-96.8824,30.1777],[-96.8802,30.1797],[-96.8791,30.1794],[-96.8734,30.181],[-96.871,30.18],[-96.8681,30.177],[-96.8665,30.1767],[-96.8594,30.1807],[-96.8553,30.1853],[-96.8534,30.1889],[-96.8512,30.1872],[-96.8456,30.1893],[-96.843,30.1878],[-96.8424,30.1852],[-96.843,30.1832],[-96.8381,30.1822],[-96.8359,30.1834],[-96.8316,30.1786],[-96.8286,30.178],[-96.826,30.1783],[-96.8177,30.1723],[-96.8123,30.1705],[-96.8109,30.1669],[-96.8061,30.1625],[-96.8038,30.1618],[-96.795,30.1618],[-96.7914,30.1586],[-96.7873,30.1587],[-96.787,30.1576],[-96.7881,30.1555],[-96.7891,30.154],[-96.7902,30.1535],[-96.7903,30.1519],[-96.7886,30.1497],[-96.7673,30.1414],[-96.7644,30.1408],[-96.749,30.1427],[-96.7514,30.1456],[-96.7517,30.1493],[-96.7501,30.1504],[-96.7469,30.15],[-96.7443,30.1481],[-96.7416,30.1481],[-96.7385,30.1491],[-96.7324,30.1474],[-96.7273,30.1505],[-96.7245,30.1495],[-96.7206,30.1462],[-96.716,30.1449],[-96.7129,30.1476],[-96.7134,30.1502],[-96.7111,30.1525],[-96.711,30.1548],[-96.7097,30.1569],[-96.7065,30.1586],[-96.7043,30.1587],[-96.703,30.1599],[-96.7016,30.1591],[-96.6984,30.1605],[-96.6932,30.1606],[-96.6938,30.1617],[-96.6892,30.1654],[-96.6882,30.1654],[-96.6838,30.1616],[-96.685,30.1562],[-96.6845,30.1547],[-96.6821,30.1525],[-96.6739,30.153],[-96.6708,30.1518],[-96.6674,30.1514],[-96.6655,30.1492],[-96.6602,30.1505],[-96.656,30.1504],[-96.6525,30.1469],[-96.6501,30.146],[-96.6471,30.1459],[-96.6453,30.1482],[-96.642,30.1497],[-96.6398,30.152],[-96.6363,30.1527],[-96.6353,30.1535],[-96.6285,30.1601],[-96.6264,30.1613],[-96.6258,30.1638],[-96.6245,30.165],[-96.624,30.1688],[-96.6279,30.1718],[-96.6286,30.1746],[-96.6335,30.1819],[-96.6322,30.1853],[-96.6285,30.1902],[-96.6279,30.1923],[-96.6283,30.1931],[-96.6305,30.1939],[-96.6296,30.197],[-96.6299,30.1994],[-96.6278,30.2004],[-96.6227,30.1999],[-96.6216,30.2007],[-96.6223,30.2025],[-96.6218,30.2039],[-96.6197,30.2043],[-96.6184,30.2053],[-96.6122,30.2018],[-96.607,30.1999],[-96.605,30.2006],[-96.6032,30.2028],[-96.6017,30.2035],[-96.6005,30.2064],[-96.5955,30.2059],[-96.5922,30.2039],[-96.5873,30.2074],[-96.582,30.208],[-96.5802,30.21],[-96.5798,30.2139],[-96.5788,30.2157],[-96.5811,30.2175],[-96.5817,30.2215],[-96.5794,30.223],[-96.5779,30.2234],[-96.5764,30.222],[-96.5737,30.221],[-96.5717,30.2215],[-96.5695,30.2195],[-96.5644,30.2169],[-96.5609,30.2172],[-96.5582,30.2159],[-96.5554,30.216],[-96.5518,30.2174],[-96.5512,30.2192],[-96.5488,30.221],[-96.5467,30.2244],[-96.5453,30.2247],[-96.5429,30.2236],[-96.5386,30.2252],[-96.5378,30.2263],[-96.5379,30.232],[-96.5343,30.2343],[-96.5285,30.2345],[-96.5243,30.2321],[-96.5216,30.2324],[-96.5194,30.2367],[-96.5171,30.2377],[-96.5188,30.2422],[-96.5186,30.2444],[-96.5147,30.2479],[-96.5144,30.2515],[-96.5131,30.2528],[-96.512,30.2528],[-96.5125,30.256],[-96.5115,30.2569],[-96.5092,30.2565],[-96.5058,30.2573],[-96.505,30.2603],[-96.5037,30.2612],[-96.5024,30.2604],[-96.4935,30.2591],[-96.4925,30.2568],[-96.4905,30.2554],[-96.4865,30.2557],[-96.4808,30.2578],[-96.4816,30.2629],[-96.4783,30.2674],[-96.4803,30.2729],[-96.4788,30.2751],[-96.4784,30.2787],[-96.4763,30.2804],[-96.4747,30.2833],[-96.4724,30.2841],[-96.469,30.2821],[-96.4681,30.2822],[-96.4633,30.2843],[-96.4608,30.2844],[-96.4596,30.2855],[-96.4545,30.2847],[-96.4507,30.2874],[-96.4462,30.2865],[-96.4424,30.2875],[-96.4345,30.2858],[-96.4321,30.2863],[-96.4299,30.2831],[-96.4272,30.2834],[-96.4245,30.2815],[-96.4179,30.2792],[-96.4157,30.2797],[-96.412,30.2786],[-96.4069,30.2815],[-96.4053,30.2794],[-96.4032,30.2791],[-96.4023,30.2805],[-96.3951,30.2834],[-96.3963,30.2858],[-96.3944,30.2871],[-96.3913,30.2868],[-96.3863,30.289],[-96.3844,30.2884],[-96.3831,30.2892],[-96.3802,30.2939],[-96.3809,30.2966],[-96.3795,30.3011],[-96.3774,30.3029],[-96.3754,30.3035],[-96.372,30.3031],[-96.3716,30.3061],[-96.3693,30.3093],[-96.3692,30.3114],[-96.366,30.3123],[-96.3638,30.3103],[-96.3591,30.3077],[-96.3555,30.3103],[-96.3531,30.3132],[-96.3495,30.3133],[-96.3467,30.3143],[-96.3455,30.3155],[-96.3443,30.3154],[-96.3421,30.3128],[-96.3395,30.3126],[-96.3381,30.3105],[-96.3345,30.3108],[-96.334,30.312],[-96.3317,30.3122],[-96.3305,30.3132],[-96.3303,30.316],[-96.3287,30.3175],[-96.3273,30.3177],[-96.3266,30.3199],[-96.325,30.321],[-96.3236,30.3236],[-96.3223,30.3235],[-96.3205,30.3219],[-96.3167,30.32],[-96.3152,30.3275],[-96.3119,30.3272],[-96.3089,30.3289],[-96.3051,30.3289],[-96.3017,30.3305],[-96.302,30.334],[-96.3043,30.3354],[-96.3045,30.3384],[-96.3063,30.3414],[-96.3055,30.3477],[-96.3045,30.3498],[-96.3058,30.352],[-96.3059,30.3551],[-96.3049,30.3651],[-96.3085,30.3717],[-96.3093,30.3754],[-96.3071,30.3792],[-96.3054,30.3803],[-96.3023,30.3806],[-96.3,30.3792],[-96.2984,30.38],[-96.3011,30.3828],[-96.3026,30.3866],[-96.3086,30.3885],[-96.3105,30.3903],[-96.3142,30.3984],[-96.3188,30.4024],[-96.3196,30.4048],[-96.3246,30.4026],[-96.3273,30.4036],[-96.3303,30.4028],[-96.3305,30.4015],[-96.3326,30.4008],[-96.3335,30.3989],[-96.3395,30.3964],[-96.3412,30.3984],[-96.3445,30.3981],[-96.3462,30.4003],[-96.3502,30.4018],[-96.353,30.3985],[-96.3568,30.3984],[-96.3617,30.3954],[-96.3618,30.3945],[-96.3654,30.3915],[-96.3676,30.3916],[-96.3677,30.3934],[-96.3705,30.3933],[-96.3744,30.3951],[-96.3787,30.3934],[-96.381,30.3936],[-96.3839,30.3926],[-96.3856,30.3947],[-96.3904,30.396],[-96.3913,30.3973],[-96.393,30.3969],[-96.3952,30.3951],[-96.3973,30.3954],[-96.399,30.3944],[-96.3998,30.3948],[-96.3998,30.3963],[-96.4021,30.3985],[-96.4014,30.4013],[-96.406,30.4047],[-96.4067,30.4061],[-96.4086,30.4052],[-96.415,30.4043],[-96.417,30.4051],[-96.4202,30.4039],[-96.4229,30.406],[-96.4235,30.4076],[-96.4262,30.4095],[-96.4271,30.4111],[-96.4309,30.4136],[-96.4322,30.4129],[-96.4344,30.4154],[-96.44,30.4141],[-96.4424,30.4145],[-96.4427,30.4158],[-96.4419,30.4175],[-96.4462,30.4212],[-96.4475,30.4273],[-96.4496,30.427],[-96.4515,30.4252],[-96.4534,30.4245],[-96.4549,30.4227],[-96.4594,30.4205],[-96.4669,30.4184],[-96.4758,30.4255],[-96.477,30.4282],[-96.4782,30.4281],[-96.4828,30.4253],[-96.4894,30.4248],[-96.4906,30.4258],[-96.4943,30.4266],[-96.4969,30.4318],[-96.4958,30.4347],[-96.4962,30.4359],[-96.4998,30.4357],[-96.5025,30.4365],[-96.5045,30.4381],[-96.507,30.4385],[-96.5118,30.4411],[-96.5136,30.4433],[-96.5164,30.4451],[-96.5196,30.4449],[-96.5214,30.4462],[-96.5242,30.4467],[-96.5263,30.4499],[-96.5259,30.4573],[-96.5302,30.4658],[-96.5401,30.4655],[-96.5398,30.4662],[-96.541,30.4677],[-96.546,30.4712],[-96.5478,30.474],[-96.5502,30.4748],[-96.5526,30.4745],[-96.5527,30.4772],[-96.5537,30.4794],[-96.5552,30.4802],[-96.5575,30.4798],[-96.559,30.4804],[-96.5626,30.4835],[-96.5651,30.4881],[-96.5674,30.4881],[-96.5734,30.4865],[-96.5751,30.488],[-96.5739,30.49],[-96.5743,30.4905],[-96.578,30.4925],[-96.5803,30.4926],[-96.5822,30.4955],[-96.5843,30.496],[-96.5842,30.4989],[-96.5862,30.5005],[-96.5861,30.5041],[-96.5886,30.506],[-96.5896,30.5089],[-96.5874,30.5103],[-96.5908,30.5127],[-96.5947,30.5185],[-96.5992,30.5209],[-96.5998,30.5257],[-96.6037,30.5275],[-96.6044,30.5305],[-96.6015,30.5335],[-96.6029,30.5347],[-96.6052,30.5347],[-96.6065,30.5359],[-96.6061,30.5397],[-96.6039,30.5433],[-96.6043,30.5443],[-96.608,30.5462],[-96.6077,30.5485],[-96.6084,30.5502],[-96.6099,30.5503],[-96.6122,30.5492],[-96.6158,30.5503],[-96.6193,30.5492],[-96.6247,30.5527],[-96.627,30.553],[-96.63,30.5518],[-96.6328,30.5487],[-96.6345,30.5483],[-96.6407,30.5482],[-96.646,30.5454],[-96.6476,30.5462],[-96.6517,30.5462],[-96.6551,30.5478],[-96.6558,30.5507],[-96.659,30.5516],[-96.6581,30.5544],[-96.6581,30.5583],[-96.662,30.5681],[-96.6689,30.5734],[-96.6719,30.575],[-96.6772,30.5764],[-96.6804,30.5788],[-96.6819,30.578],[-96.6868,30.5784],[-96.6912,30.5801],[-96.6957,30.5786],[-96.7009,30.5787],[-96.7019,30.5833],[-96.7043,30.5851],[-96.703,30.5881],[-96.7034,30.5894],[-96.7079,30.5932],[-96.7142,30.5934],[-96.7149,30.5919],[-96.7182,30.5923],[-96.7267,30.5885],[-96.7278,30.5886],[-96.7287,30.5947],[-96.7324,30.5962],[-96.7318,30.6031],[-96.7343,30.6071],[-96.7344,30.6106],[-96.7337,30.6129],[-96.7344,30.6151],[-96.7336,30.6181],[-96.7344,30.6203],[-96.7371,30.6181],[-96.7408,30.6183],[-96.7415,30.6209],[-96.7433,30.621],[-96.7442,30.6221],[-96.7446,30.6245],[-96.7479,30.6255],[-96.7476,30.6282],[-96.7491,30.6312],[-96.7569,30.6282],[-96.758,30.6283],[-96.7611,30.6308],[-96.7648,30.6316],[-96.767,30.6332],[-96.7726,30.6327],[-96.7771,30.6304],[-96.7787,30.633],[-96.7806,30.6331],[-96.7865,30.6301],[-96.7882,30.6325],[-96.7921,30.6334],[-96.7963,30.6329],[-96.7967,30.6334],[-96.7955,30.6351],[-96.7958,30.6394],[-96.7994,30.6399],[-96.8017,30.6412],[-96.8033,30.6439],[-96.8027,30.6461],[-96.8071,30.6481],[-96.8079,30.6508],[-96.8124,30.6559],[-96.8145,30.6547],[-96.8159,30.655],[-96.8174,30.6541],[-96.8188,30.6541],[-96.821,30.6567],[-96.8236,30.6555],[-96.8309,30.6566],[-96.836,30.655],[-96.8398,30.6562],[-96.842,30.6579],[-96.8431,30.6571],[-96.8446,30.654],[-96.8449,30.6501],[-96.8501,30.6481],[-96.8541,30.6477],[-96.8545,30.6438],[-96.8579,30.6435],[-96.8587,30.6425],[-96.86,30.6425],[-96.8636,30.6444],[-96.8685,30.6447],[-96.8716,30.6467],[-96.8719,30.6485],[-96.871,30.6509],[-96.8738,30.6525],[-96.8718,30.6583],[-96.8762,30.6591],[-96.8808,30.6623],[-96.8842,30.6618],[-96.8858,30.6625],[-96.8885,30.6654],[-96.8908,30.6649],[-96.894,30.6653],[-96.8945,30.6635],[-96.8956,30.6629],[-96.8954,30.6596],[-96.8967,30.6542],[-96.901,30.6544],[-96.9054,30.6534],[-96.9043,30.6484],[-96.9052,30.6469],[-96.9079,30.6455],[-96.9085,30.643],[-96.9181,30.6437],[-96.9212,30.6469],[-96.9239,30.6466],[-96.9272,30.6488],[-96.9296,30.6482],[-96.9306,30.6486],[-96.9311,30.6506],[-96.9399,30.6551],[-96.9412,30.6552],[-96.9423,30.6527],[-96.9442,30.6513],[-96.9474,30.6518],[-96.9507,30.6499],[-96.9545,30.652],[-96.9572,30.6523],[-96.959,30.6538],[-96.9618,30.6535],[-96.9619,30.6509],[-96.9642,30.6511],[-96.9674,30.6543],[-96.9702,30.655],[-96.9722,30.6574],[-96.9745,30.6585],[-96.9726,30.6617],[-96.9732,30.6645],[-96.9752,30.6676],[-96.9784,30.6693],[-96.9807,30.6675],[-96.9826,30.6698],[-96.9869,30.6712],[-96.9926,30.6711]]]}},
{"type":"Feature","properties":{"name":"Navasota","huc8":"12070103","sq_km":5817.57},"geometry":{"type":"Polygon","coordinates":[[[-96.5026,31.7],[-96.8655,31.7],[-96.8671,31.6957],[-96.8662,31.6878],[-96.869,31.6848],[-96.8737,31.6823],[-96.8706,31.6794],[-96.8697,31.6763],[-96.8657,31.6719],[-96.8651,31.6693],[-96.8649,31.6665],[-96.8694,31.6627],[-96.8705,31.6628],[-96.8687,31.659],[-96.8685,31.6553],[-96.8663,31.6557],[-96.8644,31.6569],[-96.8596,31.6555],[-96.8568,31.6565],[-96.8561,31.6539],[-96.8511,31.6493],[-96.8519,31.6474],[-96.8512,31.6434],[-96.8477,31.6429],[-96.8467,31.6386],[-96.8442,31.6388],[-96.8421,31.6371],[-96.8382,31.641],[-96.8323,31.6408],[-96.8295,31.6381],[-96.8299,31.6338],[-96.8294,31.6329],[-96.8272,31.6321],[-96.8272,31.6297],[-96.8261,31.6288],[-96.8226,31.629],[-96.8184,31.6327],[-96.8163,31.6321],[-96.8154,31.6296],[-96.8139,31.6282],[-96.8123,31.6285],[-96.8105,31.6303],[-96.8096,31.6301],[-96.8011,31.6255],[-96.796,31.6245],[-96.7942,31.623],[-96.7894,31.6209],[-96.7876,31.6178],[-96.7836,31.6153],[-96.7793,31.6146],[-96.7769,31.6123],[-96.7734,31.6112],[-96.7729,31.6106],[-96.7699,31.6109],[-96.766,31.608],[-96.765,31.6062],[-96.7646,31.6068],[-96.7622,31.6072],[-96.7573,31.6069],[-96.7499,31.6024],[-96.7479,31.6006],[-96.7467,31.6004],[-96.745,31.6013],[-96.7374,31.5983],[-96.7351,31.5964],[-96.7308,31.5945],[-96.7308,31.5935],[-96.7295,31.5923],[-96.7297,31.5886],[-96.7248,31.5831],[-96.723,31.5834],[-96.7229,31.5854],[-96.7214,31.5864],[-96.7185,31.5861],[-96.7142,31.5842],[-96.7085,31.5872],[-96.7008,31.5849],[-96.6952,31.5847],[-96.6909,31.5819],[-96.6879,31.5814],[-96.6852,31.579],[-96.6831,31.5785],[-96.6779,31.5777],[-96.6741,31.5802],[-96.6693,31.5793],[-96.6649,31.577],[-96.6607,31.5762],[-96.6611,31.5726],[-96.6588,31.5697],[-96.6587,31.5671],[-96.6491,31.5609],[-96.6472,31.5605],[-96.646,31.559],[-96.6417,31.5582],[-96.6414,31.5563],[-96.6426,31.5549],[-96.6448,31.5542],[-96.6475,31.5515],[-96.6492,31.551],[-96.6512,31.5479],[-96.6448,31.5434],[-96.6455,31.5406],[-96.6454,31.5353],[-96.6468,31.5339],[-96.6454,31.533],[-96.6449,31.5291],[-96.6386,31.519],[-96.6386,31.5178],[-96.6408,31.5155],[-96.641,31.5135],[-96.6408,31.5121],[-96.6367,31.5083],[-96.6368,31.5029],[-96.6398,31.5002],[-96.6426,31.4965],[-96.6438,31.4925],[-96.6462,31.4928],[-96.6512,31.4882],[-96.6537,31.4834],[-96.6588,31.4823],[-96.6553,31.4764],[-96.6582,31.4707],[-96.6605,31.4697],[-96.663,31.4699],[-96.6639,31.4689],[-96.6661,31.4696],[-96.667,31.4693],[-96.6663,31.4671],[-96.6623,31.4655],[-96.6606,31.464],[-96.6585,31.459],[-96.6588,31.4568],[-96.6578,31.4554],[-96.6551,31.4542],[-96.6552,31.4451],[-96.656,31.4429],[-96.6586,31.4419],[-96.6624,31.4416],[-96.6664,31.4388],[-96.6626,31.4302],[-96.6588,31.4282],[-96.6548,31.427],[-96.6546,31.4261],[-96.6577,31.4204],[-96.6578,31.4183],[-96.6532,31.4135],[-96.651,31.4135],[-96.6467,31.4112],[-96.644,31.4102],[-96.6404,31.4101],[-96.6392,31.409],[-96.644,31.4027],[-96.6483,31.3981],[-96.6502,31.3972],[-96.6475,31.3955],[-96.6443,31.3944],[-96.644,31.3929],[-96.6482,31.3789],[-96.6501,31.3771],[-96.6505,31.3734],[-96.6518,31.3696],[-96.6493,31.3666],[-96.6519,31.3577],[-96.6508,31.3559],[-96.6473,31.3547],[-96.6464,31.3521],[-96.648,31.3493],[-96.6473,31.3478],[-96.6431,31.3483],[-96.6394,31.3466],[-96.6346,31.3466],[-96.6331,31.3448],[-96.6342,31.3418],[-96.6346,31.3359],[-96.6386,31.3319],[-96.6341,31.3305],[-96.6325,31.3291],[-96.6329,31.3271],[-96.6341,31.326],[-96.6374,31.3247],[-96.6369,31.3238],[-96.6342,31.3225],[-96.6329,31.3207],[-96.6334,31.3184],[-96.6273,31.3157],[-96.6243,31.3123],[-96.6181,31.312],[-96.6147,31.3072],[-96.6123,31.3083],[-96.6089,31.3053],[-96.6069,31.3056],[-96.6048,31.3043],[-96.5961,31.3047],[-96.5931,31.303],[-96.589,31.2986],[-96.5856,31.2973],[-96.5834,31.2925],[-96.5864,31.2899],[-96.587,31.2881],[-96.5919,31.2875],[-96.6004,31.2883],[-96.6014,31.2872],[-96.6019,31.2841],[-96.6029,31.2826],[-96.6058,31.2824],[-96.6034,31.2791],[-96.6023,31.2715],[-96.6,31.2691],[-96.5944,31.2656],[-96.5965,31.2627],[-96.5963,31.2602],[-96.5972,31.257],[-96.5965,31.2552],[-96.5957,31.254],[-96.59,31.2504],[-96.5854,31.2446],[-96.5841,31.244],[-96.5826,31.2448],[-96.5788,31.2449],[-96.576,31.2381],[-96.5747,31.2379],[-96.573,31.2363],[-96.5729,31.2349],[-96.5719,31.2347],[-96.5709,31.2326],[-96.5697,31.2329],[-96.5684,31.2353],[-96.5668,31.2346],[-96.5625,31.2348],[-96.5589,31.2337],[-96.5548,31.2309],[-96.5536,31.2288],[-96.5517,31.2285],[-96.551,31.2278],[-96.5495,31.2252],[-96.5526,31.2231],[-96.5517,31.2194],[-96.5494,31.217],[-96.5506,31.214],[-96.5502,31.2111],[-96.5463,31.2071],[-96.5438,31.2015],[-96.5416,31.201],[-96.54,31.1981],[-96.5379,31.1967],[-96.5372,31.194],[-96.5344,31.1908],[-96.5356,31.1895],[-96.5407,31.1873],[-96.5414,31.1856],[-96.541,31.1845],[-96.5386,31.1828],[-96.5354,31.1781],[-96.5316,31.1771],[-96.531,31.176],[-96.5313,31.1729],[-96.5305,31.1718],[-96.5251,31.1697],[-96.5243,31.1687],[-96.5243,31.1675],[-96.5281,31.1633],[-96.5278,31.1616],[-96.522,31.1604],[-96.5198,31.1616],[-96.5188,31.1614],[-96.5158,31.1572],[-96.5124,31.1569],[-96.5137,31.1534],[-96.5114,31.1522],[-96.5105,31.1506],[-96.5142,31.1469],[-96.5176,31.1455],[-96.5178,31.1423],[-96.5166,31.1408],[-96.5164,31.139],[-96.5183,31.1363],[-96.5206,31.1358],[-96.5224,31.1288],[-96.5215,31.1265],[-96.5152,31.1258],[-96.5147,31.1246],[-96.5183,31.1176],[-96.5204,31.1169],[-96.5219,31.115],[-96.5242,31.1142],[-96.5246,31.1113],[-96.5222,31.1099],[-96.5193,31.106],[-96.5134,31.1049],[-96.5119,31.1033],[-96.5099,31.1047],[-96.5074,31.1044],[-96.5051,31.1027],[-96.5041,31.1004],[-96.504,31.0958],[-96.502,31.0935],[-96.5019,31.0921],[-96.499,31.089],[-96.4989,31.0858],[-96.4967,31.0822],[-96.4956,31.078],[-96.4928,31.0765],[-96.4939,31.072],[-96.4954,31.0708],[-96.4961,31.067],[-96.5012,31.0652],[-96.5028,31.0657],[-96.5015,31.0625],[-96.5023,31.0598],[-96.5012,31.059],[-96.5012,31.0556],[-96.4965,31.055],[-96.4943,31.0533],[-96.4931,31.047],[-96.4909,31.0431],[-96.4884,31.0358],[-96.4891,31.0323],[-96.4873,31.0293],[-96.4857,31.0295],[-96.4818,31.0256],[-96.4806,31.0254],[-96.4795,31.0221],[-96.4821,31.0205],[-96.4816,31.0184],[-96.4844,31.0162],[-96.4857,31.0162],[-96.4867,31.0137],[-96.4887,31.012],[-96.4862,31.0097],[-96.4849,31.0068],[-96.4788,31.0009],[-96.4782,30.9964],[-96.481,30.9924],[-96.4804,30.9894],[-96.4818,30.9857],[-96.4773,30.9807],[-96.4771,30.9779],[-96.4779,30.976],[-96.4762,30.9742],[-96.4758,30.9722],[-96.4768,30.9705],[-96.4741,30.9678],[-96.4726,30.9671],[-96.4723,30.9661],[-96.4736,30.9642],[-96.4764,30.9627],[-96.4765,30.9608],[-96.4753,30.9579],[-96.4764,30.9559],[-96.4749,30.9559],[-96.4716,30.9527],[-96.4714,30.9497],[-96.4691,30.945],[-96.4685,30.9418],[-96.4665,30.9391],[-96.4666,30.937],[-96.4639,30.9356],[-96.4614,30.9358],[-96.4611,30.9342],[-96.4633,30.9302],[-96.4615,30.9259],[-96.4617,30.9218],[-96.4593,30.9172],[-96.4579,30.9163],[-96.4551,30.916],[-96.455,30.9132],[-96.453,30.9117],[-96.4488,30.9127],[-96.4475,30.912],[-96.4473,30.9098],[-96.4489,30.9074],[-96.4476,30.9016],[-96.4407,30.8973],[-96.4374,30.8921],[-96.4369,30.8887],[-96.432,30.888],[-96.4267,30.8852],[-96.4257,30.8821],[-96.4228,30.8785],[-96.4246,30.8759],[-96.4297,30.8737],[-96.4254,30.8681],[-96.4267,30.8647],[-96.4244,30.8594],[-96.4247,30.8581],[-96.4275,30.8563],[-96.4296,30.8531],[-96.427,30.8493],[-96.4238,30.8469],[-96.4224,30.8427],[-96.4191,30.8404],[-96.4134,30.8305],[-96.41,30.8273],[-96.4002,30.8216],[-96.4009,30.8182],[-96.403,30.8164],[-96.4026,30.8155],[-96.4033,30.8103],[-96.4027,30.8087],[-96.4045,30.8074],[-96.4072,30.7985],[-96.41,30.7948],[-96.4095,30.7918],[-96.4076,30.7893],[-96.4114,30.786],[-96.4119,30.7847],[-96.4107,30.7788],[-96.4075,30.7742],[-96.4094,30.7724],[-96.4059,30.7708],[-96.4051,30.7696],[-96.4073,30.7656],[-96.4061,30.7642],[-96.4025,30.7624],[-96.4,30.7592],[-96.3975,30.7577],[-96.3946,30.7568],[-96.3909,30.7569],[-96.3882,30.7542],[-96.3854,30.7477],[-96.3866,30.744],[-96.3856,30.7408],[-96.3833,30.738],[-96.3828,30.7356],[-96.3766,30.7312],[-96.3757,30.7258],[-96.3761,30.7233],[-96.3796,30.7169],[-96.3746,30.7165],[-96.3721,30.7156],[-96.37,30.7141],[-96.3697,30.7128],[-96.3701,30.71],[-96.3719,30.7082],[-96.372,30.7069],[-96.3712,30.7041],[-96.3694,30.7026],[-96.3691,30.6984],[-96.3707,30.696],[-96.3733,30.6945],[-96.3746,30.6922],[-96.3742,30.6895],[-96.3756,30.6864],[-96.3751,30.6825],[-96.3722,30.6799],[-96.3711,30.6737],[-96.3726,30.6734],[-96.3747,30.6583],[-96.3766,30.6571],[-96.3772,30.6531],[-96.3784,30.6515],[-96.3771,30.6466],[-96.3743,30.6427],[-96.3744,30.6379],[-96.3709,30.6356],[-96.3675,30.6318],[-96.366,30.6314],[-96.3637,30.6321],[-96.3622,30.6304],[-96.3616,30.6279],[-96.3588,30.6261],[-96.3587,30.6244],[-96.355,30.6222],[-96.3508,30.6181],[-96.3457,30.6186],[-96.344,30.6168],[-96.3406,30.6156],[-96.3419,30.6114],[-96.3381,30.6072],[-96.3376,30.6045],[-96.3391,30.6014],[-96.3392,30.5978],[-96.3406,30.594],[-96.3382,30.5908],[-96.3369,30.5876],[-96.3334,30.5856],[-96.3347,30.5822],[-96.3374,30.5801],[-96.3374,30.5786],[-96.3327,30.5773],[-96.3294,30.5756],[-96.3271,30.5736],[-96.3246,30.5675],[-96.3219,30.5663],[-96.3158,30.5679],[-96.3099,30.5717],[-96.3036,30.5671],[-96.3026,30.565],[-96.3031,30.5625],[-96.3015,30.5607],[-96.3012,30.5592],[-96.2967,30.556],[-96.2971,30.555],[-96.3006,30.5525],[-96.3045,30.5524],[-96.3082,30.5472],[-96.31,30.5459],[-96.3077,30.542],[-96.3095,30.54],[-96.3083,30.5342],[-96.3116,30.5289],[-96.3119,30.5261],[-96.3145,30.5236],[-96.316,30.5199],[-96.3159,30.5182],[-96.3091,30.5162],[-96.3089,30.5113],[-96.3049,30.5059],[-96.3034,30.5049],[-96.3005,30.5037],[-96.2984,30.5045],[-96.2932,30.5041],[-96.2885,30.5048],[-96.2859,30.5033],[-96.282,30.5032],[-96.2821,30.501],[-96.277,30.4977],[-96.2773,30.4957],[-96.2759,30.4938],[-96.278,30.4908],[-96.2767,30.4855],[-96.2777,30.4837],[-96.278,30.4775],[-96.2771,30.4756],[-96.2773,30.4739],[-96.2753,30.4708],[-96.276,30.4667],[-96.2749,30.4627],[-96.2789,30.4575],[-96.2789,30.4515],[-96.2805,30.4491],[-96.2816,30.4448],[-96.2842,30.4432],[-96.2846,30.438],[-96.2841,30.4354],[-96.2788,30.4259],[-96.2785,30.4225],[-96.2751,30.4205],[-96.2694,30.4211],[-96.2672,30.4193],[-96.2656,30.4162],[-96.2644,30.4112],[-96.2628,30.4086],[-96.2626,30.4048],[-96.2608,30.3996],[-96.2585,30.3977],[-96.2528,30.3958],[-96.2497,30.3937],[-96.247,30.3874],[-96.2485,30.3834],[-96.2461,30.3809],[-96.2404,30.3779],[-96.2299,30.3808],[-96.222,30.3846],[-96.219,30.3891],[-96.2151,30.3925],[-96.2117,30.3997],[-96.2095,30.4012],[-96.2,30.4017],[-96.2,31.4501],[-96.2011,31.4486],[-96.2039,31.4489],[-96.2044,31.4473],[-96.2063,31.4465],[-96.2085,31.4475],[-96.2101,31.4471],[-96.2125,31.451],[-96.2129,31.4492],[-96.2145,31.4486],[-96.2155,31.4464],[-96.2166,31.446],[-96.2175,31.4463],[-96.219,31.4488],[-96.2211,31.4499],[-96.2205,31.4509],[-96.2211,31.4522],[-96.2188,31.453],[-96.2196,31.4564],[-96.2177,31.4572],[-96.2172,31.4583],[-96.2162,31.4583],[-96.2147,31.4605],[-96.2136,31.4609],[-96.2159,31.4649],[-96.2169,31.4645],[-96.2193,31.4674],[-96.2234,31.4692],[-96.2238,31.4706],[-96.2276,31.4727],[-96.2281,31.4745],[-96.2265,31.4774],[-96.2233,31.4786],[-96.2216,31.4832],[-96.2174,31.485],[-96.2186,31.4866],[-96.219,31.4889],[-96.218,31.4896],[-96.2149,31.4954],[-96.2203,31.498],[-96.2213,31.501],[-96.2183,31.5028],[-96.2183,31.5038],[-96.2161,31.5045],[-96.2169,31.5082],[-96.2163,31.5095],[-96.2176,31.5137],[-96.2168,31.5157],[-96.2143,31.5177],[-96.2157,31.5225],[-96.2145,31.5244],[-96.2203,31.5286],[-96.2187,31.5352],[-96.2167,31.5397],[-96.2148,31.5396],[-96.2135,31.5429],[-96.2148,31.5489],[-96.2167,31.5495],[-96.2174,31.5511],[-96.2155,31.5521],[-96.2162,31.5534],[-96.2149,31.5545],[-96.2131,31.5548],[-96.2125,31.5565],[-96.2148,31.5586],[-96.2141,31.5595],[-96.2118,31.5604],[-96.211,31.5621],[-96.2133,31.5654],[-96.2148,31.5702],[-96.2131,31.5723],[-96.2129,31.5768],[-96.2118,31.5798],[-96.2123,31.5812],[-96.2118,31.5831],[-96.2134,31.5839],[-96.2135,31.5887],[-96.2174,31.5918],[-96.2196,31.5951],[-96.223,31.5937],[-96.2257,31.5935],[-96.2262,31.5973],[-96.2318,31.601],[-96.2333,31.6029],[-96.2328,31.6047],[-96.2313,31.6062],[-96.2325,31.6097],[-96.2321,31.613],[-96.2333,31.6165],[-96.2342,31.6177],[-96.2387,31.6174],[-96.2411,31.6207],[-96.2424,31.621],[-96.2437,31.6234],[-96.2472,31.625],[-96.2489,31.627],[-96.2526,31.6261],[-96.2533,31.6272],[-96.2574,31.6296],[-96.2577,31.6305],[-96.2617,31.6303],[-96.2638,31.6319],[-96.2664,31.63],[-96.266,31.627],[-96.2689,31.6276],[-96.2732,31.6233],[-96.2752,31.6229],[-96.2766,31.6233],[-96.2768,31.6258],[-96.2789,31.6291],[-96.2817,31.6307],[-96.2808,31.6329],[-96.2814,31.6384],[-96.2827,31.6409],[-96.2823,31.6456],[-96.2829,31.6485],[-96.2878,31.6483],[-96.2885,31.6467],[-96.2904,31.6454],[-96.2919,31.6468],[-96.2948,31.6458],[-96.3157,31.6755],[-96.3172,31.6746],[-96.3219,31.6759],[-96.3232,31.677],[-96.3252,31.6765],[-96.3267,31.6795],[-96.3263,31.6816],[-96.3296,31.6856],[-96.3284,31.6883],[-96.3302,31.6884],[-96.331,31.6894],[-96.3345,31.6883],[-96.3393,31.6903],[-96.3438,31.6896],[-96.347,31.6911],[-96.3487,31.6891],[-96.3479,31.6861],[-96.3488,31.6856],[-96.3489,31.6833],[-96.3507,31.6821],[-96.3519,31.6821],[-96.3533,31.6799],[-96.3574,31.6816],[-96.3584,31.6807],[-96.3619,31.6834],[-96.3636,31.6826],[-96.3645,31.6833],[-96.3659,31.6806],[-96.3686,31.6803],[-96.37,31.682],[-96.3717,31.6814],[-96.3743,31.683],[-96.3745,31.684],[-96.3767,31.6857],[-96.3752,31.6901],[-96.3783,31.6912],[-96.3804,31.6939],[-96.3915,31.6936],[-96.3938,31.6921],[-96.3943,31.6904],[-96.3957,31.6899],[-96.3973,31.6862],[-96.3999,31.6853],[-96.4018,31.6853],[-96.4024,31.6834],[-96.405,31.6819],[-96.409,31.6838],[-96.4099,31.6849],[-96.4117,31.6849],[-96.4129,31.684],[-96.4149,31.6851],[-96.4201,31.6833],[-96.4222,31.6804],[-96.4232,31.6769],[-96.4247,31.6754],[-96.4248,31.6731],[-96.4281,31.6725],[-96.4288,31.6705],[-96.4305,31.67],[-96.4364,31.6706],[-96.4404,31.6657],[-96.4444,31.6666],[-96.4478,31.6655],[-96.4535,31.6678],[-96.4542,31.6667],[-96.4607,31.6637],[-96.4668,31.6663],[-96.4652,31.6679],[-96.4648,31.6697],[-96.4654,31.6711],[-96.4682,31.6718],[-96.4688,31.6776],[-96.4719,31.6777],[-96.4732,31.6795],[-96.4741,31.6867],[-96.4778,31.6892],[-96.4783,31.6904],[-96.4789,31.6905],[-96.4809,31.6869],[-96.4829,31.6857],[-96.484,31.6826],[-96.4852,31.6818],[-96.4865,31.6813],[-96.4882,31.6838],[-96.4907,31.6838],[-96.4977,31.6896],[-96.4956,31.693],[-96.5025,31.6975],[-96.502,31.6984],[-96.5026,31.7]]]}},
{"type":"Feature","properties":{"name":"Leon","huc8":"12070201","sq_km":7823.94},"geometry":{"type":"MultiPolygon","coordinates":[[[[-98.4584,31.7],[-98.6138,31.7],[-98.6139,31.6997],[-98.6116,31.6961],[-98.6116,31.6947],[-98.6075,31.6932],[-98.6035,31.6896],[-98.6028,31.6879],[-98.6043,31.6797],[-98.6014,31.6746],[-98.6013,31.6658],[-98.6039,31.6645],[-98.6055,31.6619],[-98.6059,31.657],[-98.6072,31.6549],[-98.6075,31.6466],[-98.6065,31.6459],[-98.6051,31.6429],[-98.6037,31.6435],[-98.5993,31.6417],[-98.5961,31.6432],[-98.5928,31.6403],[-98.5917,31.6384],[-98.59,31.6376],[-98.5885,31.6334],[-98.5851,31.6298],[-98.5854,31.6273],[-98.5802,31.6224],[-98.5813,31.6209],[-98.5793,31.6149],[-98.5763,31.6137],[-98.5736,31.6109],[-98.5694,31.6094],[-98.5673,31.6111],[-98.5639,31.6212],[-98.5611,31.623],[-98.5597,31.6255],[-98.5566,31.6273],[-98.5558,31.6297],[-98.5538,31.6297],[-98.5481,31.6324],[-98.547,31.6386],[-98.5476,31.6399],[-98.5462,31.6427],[-98.5456,31.6477],[-98.5402,31.6522],[-98.5394,31.6541],[-98.5353,31.6566],[-98.5311,31.6576],[-98.53,31.659],[-98.5339,31.6651],[-98.5362,31.6657],[-98.5366,31.6704],[-98.536,31.6715],[-98.527,31.6719],[-98.5227,31.6711],[-98.5189,31.6722],[-98.5133,31.6748],[-98.5104,31.6734],[-98.5056,31.674],[-98.5035,31.6731],[-98.5018,31.6739],[-98.4979,31.6775],[-98.4905,31.6807],[-98.4889,31.682],[-98.4881,31.6867],[-98.4852,31.6892],[-98.4833,31.6881],[-98.4795,31.6891],[-98.4778,31.6882],[-98.4755,31.6901],[-98.4714,31.6909],[-98.4696,31.6937],[-98.4649,31.6941],[-98.4649,31.6962],[-98.4595,31.6988],[-98.4584,31.7]]],[[[-98.4427,31.7],[-98.4449,31.7],[-98.4439,31.6994],[-98.4427,31.7]]],[[[-98.4188,31.7],[-98.4361,31.7],[-98.4356,31.6993],[-98.4284,31.6972],[-98.4247,31.6973],[-98.4194,31.6999],[-98.4188,31.7]]],[[[-97.8842,31.7],[-98.3066,31.7],[-98.3036,31.6984],[-98.3024,31.6988],[-98.2994,31.6968],[-98.2952,31.6968],[-98.2943,31.6978],[-98.2925,31.6982],[-98.2919,31.6995],[-98.2878,31.6979],[-98.2858,31.6982],[-98.2806,31.6942],[-98.2773,31.6949],[-98.2718,31.6889],[-98.2687,31.6881],[-98.2657,31.6884],[-98.2641,31.6874],[-98.2617,31.6887],[-98.2609,31.6882],[-98.2591,31.6886],[-98.2549,31.6852],[-98.2534,31.6856],[-98.2485,31.6829],[-98.2441,31.6838],[-98.2397,31.682],[-98.2379,31.683],[-98.2368,31.6813],[-98.2339,31.6802],[-98.2322,31.6802],[-98.2318,31.6812],[-98.2283,31.6802],[-98.2258,31.6804],[-98.2246,31.6833],[-98.2207,31.6852],[-98.2172,31.683],[-98.216,31.6782],[-98.2141,31.6796],[-98.2104,31.6791],[-98.2097,31.6766],[-98.2078,31.6758],[-98.2057,31.6726],[-98.2035,31.6725],[-98.202,31.6699],[-98.2008,31.6691],[-98.2011,31.6684],[-98.2003,31.6671],[-98.1974,31.6666],[-98.1951,31.6647],[-98.1919,31.6655],[-98.19,31.6647],[-98.1884,31.6677],[-98.1862,31.6688],[-98.1824,31.6681],[-98.1812,31.6659],[-98.18,31.6657],[-98.1784,31.6634],[-98.1761,31.6642],[-98.1721,31.6628],[-98.1665,31.6632],[-98.1651,31.664],[-98.164,31.667],[-98.1623,31.668],[-98.1608,31.6701],[-98.1555,31.6715],[-98.1495,31.6704],[-98.1467,31.6676],[-98.1418,31.6656],[-98.1396,31.6635],[-98.1367,31.6629],[-98.1351,31.6634],[-98.1324,31.6613],[-98.1308,31.6617],[-98.1296,31.661],[-98.127,31.6573],[-98.1248,31.6569],[-98.1169,31.65],[-98.1163,31.6466],[-98.1102,31.6385],[-98.1143,31.635],[-98.1167,31.6275],[-98.1164,31.624],[-98.1144,31.617],[-98.1122,31.6153],[-98.1122,31.6136],[-98.1134,31.613],[-98.1126,31.61],[-98.1116,31.61],[-98.1095,31.6083],[-98.1073,31.6051],[-98.1077,31.6005],[-98.1048,31.5968],[-98.1044,31.595],[-98.1027,31.5928],[-98.1024,31.5906],[-98.1002,31.589],[-98.0992,31.5871],[-98.0947,31.5824],[-98.0953,31.5808],[-98.0917,31.5795],[-98.0869,31.5757],[-98.085,31.575],[-98.0838,31.5732],[-98.0817,31.5721],[-98.0805,31.5736],[-98.0756,31.5711],[-98.0743,31.5682],[-98.0708,31.5678],[-98.0707,31.563],[-98.0715,31.5604],[-98.0693,31.5587],[-98.0649,31.5511],[-98.0588,31.55],[-98.0596,31.5466],[-98.058,31.5436],[-98.0515,31.5408],[-98.0502,31.5397],[-98.0514,31.5382],[-98.0525,31.5344],[-98.049,31.5332],[-98.0437,31.5233],[-98.0398,31.5227],[-98.0377,31.52],[-98.0353,31.5196],[-98.0332,31.5171],[-98.0335,31.5151],[-98.0297,31.5132],[-98.0262,31.5132],[-98.0182,31.5108],[-98.0171,31.5094],[-98.0146,31.508],[-98.0152,31.5062],[-98.0137,31.5042],[-98.0065,31.5011],[-98.0036,31.4991],[-98.0012,31.5],[-97.9996,31.4997],[-97.9989,31.4988],[-97.997,31.4992],[-97.994,31.4978],[-97.9929,31.4956],[-97.9902,31.4946],[-97.9885,31.4946],[-97.984,31.4968],[-97.9829,31.4948],[-97.9827,31.4916],[-97.9784,31.49],[-97.9778,31.4856],[-97.9791,31.4822],[-97.9775,31.4786],[-97.9718,31.4764],[-97.9691,31.4777],[-97.9624,31.4756],[-97.9581,31.4763],[-97.9529,31.4714],[-97.9522,31.4693],[-97.9525,31.4674],[-97.9472,31.4658],[-97.9442,31.4664],[-97.941,31.4657],[-97.9382,31.4666],[-97.9369,31.4648],[-97.9336,31.464],[-97.9317,31.4622],[-97.9291,31.4627],[-97.9281,31.4606],[-97.926,31.4597],[-97.9253,31.4576],[-97.9209,31.4563],[-97.9201,31.453],[-97.918,31.4505],[-97.915,31.4492],[-97.9133,31.4499],[-97.9094,31.448],[-97.9064,31.4486],[-97.9061,31.4449],[-97.9045,31.443],[-97.9042,31.4393],[-97.897,31.4369],[-97.8938,31.4333],[-97.8939,31.4323],[-97.8923,31.4313],[-97.8913,31.431],[-97.89,31.4325],[-97.8843,31.4309],[-97.8835,31.4284],[-97.8855,31.4271],[-97.8861,31.4257],[-97.8848,31.424],[-97.8862,31.4228],[-97.8829,31.4178],[-97.8788,31.416],[-97.8778,31.4149],[-97.8774,31.4121],[-97.876,31.4104],[-97.8778,31.4089],[-97.8767,31.4065],[-97.8758,31.4006],[-97.8767,31.3994],[-97.8767,31.3952],[-97.8782,31.394],[-97.8775,31.3915],[-97.8747,31.3901],[-97.8737,31.3875],[-97.872,31.3858],[-97.8693,31.385],[-97.8676,31.3781],[-97.8656,31.3763],[-97.8636,31.3757],[-97.8633,31.3742],[-97.8657,31.3735],[-97.8667,31.3721],[-97.8663,31.3712],[-97.8617,31.3682],[-97.8591,31.3685],[-97.8575,31.3679],[-97.8556,31.3652],[-97.8513,31.3623],[-97.852,31.3608],[-97.8507,31.36],[-97.8502,31.3573],[-97.8489,31.3565],[-97.8476,31.3561],[-97.8454,31.3571],[-97.8426,31.3564],[-97.8429,31.352],[-97.8409,31.3515],[-97.8372,31.3484],[-97.8369,31.3465],[-97.8419,31.3414],[-97.842,31.3392],[-97.8433,31.3376],[-97.843,31.3335],[-97.8436,31.3324],[-97.8429,31.3304],[-97.8451,31.3281],[-97.8445,31.3273],[-97.8404,31.3256],[-97.8393,31.3243],[-97.8389,31.3204],[-97.8341,31.3163],[-97.833,31.316],[-97.8327,31.3142],[-97.8286,31.3139],[-97.8269,31.3144],[-97.8269,31.3131],[-97.8239,31.3106],[-97.8182,31.3099],[-97.8167,31.3091],[-97.8155,31.3072],[-97.8146,31.3075],[-97.8102,31.3059],[-97.809,31.3094],[-97.807,31.3105],[-97.8049,31.3102],[-97.8026,31.3109],[-97.8018,31.3119],[-97.7979,31.3114],[-97.7959,31.3124],[-97.7932,31.3115],[-97.7881,31.3119],[-97.7835,31.3145],[-97.7816,31.3148],[-97.779,31.314],[-97.7734,31.3101],[-97.7719,31.3111],[-97.7639,31.3115],[-97.7609,31.3081],[-97.7589,31.3037],[-97.7573,31.3028],[-97.7545,31.299],[-97.7518,31.2981],[-97.7514,31.2958],[-97.7488,31.293],[-97.7434,31.2915],[-97.7421,31.2898],[-97.7397,31.2893],[-97.7383,31.2876],[-97.7349,31.2859],[-97.733,31.2838],[-97.7331,31.2815],[-97.7282,31.2802],[-97.725,31.2809],[-97.7228,31.2804],[-97.7219,31.2788],[-97.715,31.2786],[-97.7138,31.2794],[-97.7128,31.2784],[-97.7112,31.2784],[-97.7088,31.2774],[-97.7084,31.2766],[-97.707,31.2766],[-97.7038,31.2734],[-97.7003,31.2724],[-97.6993,31.2728],[-97.6957,31.2714],[-97.6945,31.2701],[-97.6909,31.2692],[-97.6874,31.2649],[-97.6858,31.2649],[-97.6815,31.2608],[-97.6778,31.2601],[-97.6757,31.2605],[-97.6734,31.258],[-97.6699,31.2591],[-97.6669,31.2587],[-97.6648,31.2594],[-97.6626,31.2575],[-97.6601,31.257],[-97.6565,31.2584],[-97.6553,31.2552],[-97.653,31.254],[-97.6498,31.2533],[-97.6484,31.2508],[-97.6483,31.2445],[-97.6433,31.2397],[-97.6407,31.2384],[-97.6407,31.2353],[-97.6363,31.2302],[-97.6343,31.2313],[-97.6275,31.2291],[-97.6266,31.2276],[-97.6243,31.2263],[-97.6239,31.2251],[-97.6226,31.2253],[-97.6184,31.2232],[-97.6169,31.2232],[-97.6141,31.2256],[-97.6108,31.2266],[-97.6083,31.2264],[-97.6065,31.2245],[-97.6046,31.2237],[-97.6036,31.2248],[-97.6004,31.224],[-97.5973,31.222],[-97.5941,31.2225],[-97.5917,31.2216],[-97.5903,31.22],[-97.59,31.2181],[-97.5872,31.2167],[-97.5845,31.2143],[-97.578,31.2117],[-97.5757,31.2127],[-97.5723,31.2116],[-97.5709,31.2099],[-97.5665,31.2071],[-97.5649,31.2042],[-97.557,31.2007],[-97.5584,31.1997],[-97.5552,31.1942],[-97.5564,31.1912],[-97.5552,31.1897],[-97.5577,31.1856],[-97.5576,31.1834],[-97.557,31.1815],[-97.5551,31.18],[-97.5548,31.1775],[-97.5524,31.176],[-97.5526,31.1735],[-97.5497,31.1711],[-97.5501,31.1686],[-97.5456,31.165],[-97.545,31.1611],[-97.5433,31.1604],[-97.5419,31.1588],[-97.5385,31.1578],[-97.5361,31.1582],[-97.5341,31.1578],[-97.5303,31.1536],[-97.5269,31.1539],[-97.524,31.1554],[-97.521,31.155],[-97.5185,31.154],[-97.517,31.1517],[-97.5154,31.1518],[-97.5138,31.1506],[-97.5099,31.1512],[-97.5092,31.1501],[-97.5101,31.1481],[-97.5087,31.1476],[-97.5082,31.1454],[-97.524,31.1304],[-97.5239,31.129],[-97.5262,31.1262],[-97.5304,31.124],[-97.5376,31.1299],[-97.5402,31.1293],[-97.5424,31.1298],[-97.5441,31.1316],[-97.5456,31.1311],[-97.5502,31.1317],[-97.553,31.1339],[-97.5555,31.1324],[-97.5569,31.1328],[-97.5586,31.1353],[-97.5636,31.136],[-97.5642,31.1382],[-97.567,31.1407],[-97.5719,31.1396],[-97.5766,31.1434],[-97.5853,31.1457],[-97.5877,31.1498],[-97.5912,31.1514],[-97.5944,31.1557],[-97.601,31.1589],[-97.6033,31.1614],[-97.6053,31.1609],[-97.6068,31.1615],[-97.6098,31.1604],[-97.6123,31.1625],[-97.6187,31.1622],[-97.6212,31.1637],[-97.6258,31.1641],[-97.6292,31.1636],[-97.6334,31.1644],[-97.6357,31.1637],[-97.6381,31.1641],[-97.6399,31.1655],[-97.6427,31.1641],[-97.6497,31.1656],[-97.6519,31.1651],[-97.653,31.1668],[-97.6586,31.1653],[-97.6605,31.1658],[-97.6625,31.1653],[-97.6654,31.1662],[-97.668,31.1656],[-97.6709,31.1672],[-97.6726,31.1667],[-97.675,31.1674],[-97.6762,31.1661],[-97.6812,31.1636],[-97.6871,31.1586],[-97.6909,31.1619],[-97.6935,31.1615],[-97.6946,31.1631],[-97.6978,31.1628],[-97.7007,31.1649],[-97.7021,31.1651],[-97.7073,31.1636],[-97.7097,31.1656],[-97.7141,31.165],[-97.716,31.1559],[-97.7172,31.1539],[-97.7148,31.1502],[-97.7205,31.1481],[-97.7226,31.1444],[-97.7266,31.146],[-97.7264,31.1434],[-97.7288,31.1405],[-97.7307,31.1397],[-97.739,31.1429],[-97.7422,31.1429],[-97.7469,31.1368],[-97.7491,31.1377],[-97.7491,31.1391],[-97.7504,31.1402],[-97.7525,31.1406],[-97.7522,31.1418],[-97.7612,31.1437],[-97.761,31.145],[-97.7666,31.1454],[-97.7679,31.1489],[-97.7708,31.148],[-97.7738,31.1483],[-97.775,31.1468],[-97.7783,31.1454],[-97.7837,31.1466],[-97.7857,31.1444],[-97.7893,31.1445],[-97.7918,31.1438],[-97.7929,31.1424],[-97.793,31.1389],[-97.7911,31.1374],[-97.7923,31.1345],[-97.7922,31.1332],[-97.7911,31.1324],[-97.7898,31.1251],[-97.7911,31.1204],[-97.7957,31.1189],[-97.7977,31.116],[-97.7994,31.1151],[-97.8005,31.1111],[-97.7979,31.103],[-97.8022,31.0994],[-97.8062,31.0987],[-97.8074,31.0971],[-97.8062,31.0924],[-97.8119,31.087],[-97.8132,31.0874],[-97.8148,31.0866],[-97.8171,31.0794],[-97.813,31.0804],[-97.8089,31.0799],[-97.8068,31.0817],[-97.8037,31.0826],[-97.8014,31.0818],[-97.7986,31.0786],[-97.7974,31.079],[-97.7964,31.0841],[-97.7935,31.0865],[-97.789,31.0878],[-97.7854,31.0854],[-97.7828,31.0869],[-97.7794,31.0868],[-97.7788,31.0854],[-97.7722,31.0828],[-97.7692,31.0837],[-97.7664,31.0829],[-97.7567,31.0715],[-97.756,31.0693],[-97.7538,31.0673],[-97.7534,31.0635],[-97.7507,31.0611],[-97.751,31.0549],[-97.7469,31.0479],[-97.7448,31.0499],[-97.7414,31.0512],[-97.7374,31.0503],[-97.7362,31.0553],[-97.7339,31.0569],[-97.733,31.0598],[-97.7294,31.0618],[-97.729,31.0632],[-97.7278,31.0638],[-97.7234,31.0642],[-97.7223,31.0655],[-97.7213,31.0649],[-97.7181,31.0658],[-97.7165,31.067],[-97.7142,31.0668],[-97.7147,31.0703],[-97.7113,31.0732],[-97.71,31.0737],[-97.708,31.0733],[-97.7057,31.0743],[-97.7049,31.0754],[-97.7055,31.0764],[-97.7015,31.0793],[-97.6954,31.0804],[-97.6935,31.0795],[-97.6912,31.0811],[-97.689,31.0794],[-97.6871,31.079],[-97.6868,31.078],[-97.6817,31.0768],[-97.679,31.0781],[-97.6718,31.0738],[-97.6694,31.0743],[-97.6694,31.0732],[-97.6682,31.0718],[-97.6635,31.0713],[-97.6595,31.0729],[-97.659,31.0701],[-97.6539,31.0682],[-97.653,31.0663],[-97.647,31.0652],[-97.6464,31.0641],[-97.6446,31.064],[-97.6427,31.0617],[-97.6427,31.0608],[-97.641,31.0598],[-97.6342,31.0598],[-97.6298,31.0529],[-97.6265,31.053],[-97.6288,31.051],[-97.6285,31.0489],[-97.6291,31.0481],[-97.6324,31.0469],[-97.6324,31.046],[-97.6308,31.0445],[-97.6297,31.0448],[-97.6259,31.0426],[-97.6246,31.0437],[-97.6216,31.043],[-97.6199,31.0412],[-97.6148,31.0409],[-97.6133,31.0426],[-97.6118,31.0416],[-97.6095,31.0429],[-97.6077,31.0457],[-97.605,31.0449],[-97.6042,31.0465],[-97.6023,31.0478],[-97.5998,31.048],[-97.5965,31.0473],[-97.5952,31.0443],[-97.5922,31.043],[-97.5908,31.0433],[-97.5884,31.0459],[-97.5854,31.0454],[-97.584,31.0443],[-97.5808,31.0443],[-97.5782,31.0467],[-97.573,31.0471],[-97.5714,31.048],[-97.5704,31.0501],[-97.5683,31.0505],[-97.5646,31.0491],[-97.563,31.0495],[-97.5613,31.0506],[-97.5599,31.054],[-97.5581,31.0533],[-97.5556,31.0567],[-97.5527,31.0552],[-97.5487,31.0552],[-97.5453,31.0565],[-97.5417,31.0549],[-97.5402,31.0561],[-97.5385,31.0565],[-97.5366,31.0555],[-97.529,31.0558],[-97.5266,31.0536],[-97.5226,31.0533],[-97.5191,31.0511],[-97.5187,31.0472],[-97.5171,31.0458],[-97.5147,31.0466],[-97.5115,31.0446],[-97.5073,31.0449],[-97.5059,31.0443],[-97.5023,31.0453],[-97.4959,31.0423],[-97.4945,31.0434],[-97.4862,31.0406],[-97.4837,31.0415],[-97.4833,31.0423],[-97.4811,31.0408],[-97.4793,31.0413],[-97.4757,31.0405],[-97.4679,31.0364],[-97.4653,31.0363],[-97.462,31.0352],[-97.46,31.0327],[-97.4586,31.0333],[-97.4547,31.0328],[-97.4539,31.0319],[-97.4472,31.0292],[-97.4457,31.0275],[-97.446,31.0243],[-97.4419,31.0229],[-97.4419,31.022],[-97.4391,31.0189],[-97.4395,31.0144],[-97.4384,31.013],[-97.4369,31.012],[-97.4342,31.0121],[-97.433,31.0101],[-97.4313,31.0107],[-97.4254,31.0105],[-97.4227,31.0088],[-97.4204,31.0092],[-97.4192,31.0086],[-97.4178,31.0088],[-97.4146,31.0035],[-97.4083,30.9982],[-97.4021,30.9944],[-97.4,30.9921],[-97.4,30.9907],[-97.4006,30.9892],[-97.4034,30.9868],[-97.4023,30.9845],[-97.4006,30.9841],[-97.3999,30.9857],[-97.3976,30.9877],[-97.394,30.9876],[-97.3929,30.9886],[-97.391,30.9886],[-97.3903,30.9912],[-97.3892,30.9917],[-97.3891,30.9963],[-97.3853,30.9987],[-97.3834,31.001],[-97.3834,31.0039],[-97.3812,31.0077],[-97.3816,31.0102],[-97.3805,31.0181],[-97.3792,31.02],[-97.3792,31.0213],[-97.3809,31.0236],[-97.3809,31.0252],[-97.3759,31.0331],[-97.3756,31.0348],[-97.3767,31.0366],[-97.3752,31.0383],[-97.3714,31.0383],[-97.3704,31.0371],[-97.3686,31.0366],[-97.3673,31.0374],[-97.3643,31.0366],[-97.3591,31.0379],[-97.3491,31.0606],[-97.3497,31.0616],[-97.3484,31.0638],[-97.3492,31.0664],[-97.3487,31.0678],[-97.3496,31.0693],[-97.3489,31.0721],[-97.3476,31.0727],[-97.347,31.074],[-97.3457,31.0741],[-97.3446,31.0772],[-97.3468,31.0812],[-97.3468,31.0847],[-97.3497,31.0883],[-97.3497,31.0899],[-97.3514,31.0904],[-97.3525,31.092],[-97.3521,31.0941],[-97.3532,31.0956],[-97.3574,31.0968],[-97.3566,31.102],[-97.3459,31.099],[-97.3448,31.1011],[-97.3447,31.1045],[-97.3467,31.109],[-97.3427,31.124],[-97.345,31.1248],[-97.346,31.1266],[-97.3525,31.1244],[-97.3537,31.1256],[-97.3564,31.1257],[-97.357,31.1266],[-97.3565,31.1288],[-97.3571,31.1325],[-97.3533,31.1345],[-97.3495,31.1376],[-97.3504,31.1422],[-97.3495,31.145],[-97.3508,31.147],[-97.3509,31.1493],[-97.3552,31.1509],[-97.356,31.1544],[-97.3553,31.1564],[-97.3568,31.1577],[-97.3563,31.1613],[-97.3592,31.163],[-97.3617,31.1675],[-97.3612,31.1685],[-97.3562,31.1687],[-97.3557,31.174],[-97.3493,31.1786],[-97.3495,31.1815],[-97.3445,31.1848],[-97.3427,31.1872],[-97.341,31.1879],[-97.341,31.1911],[-97.3394,31.1942],[-97.339,31.1972],[-97.3365,31.1984],[-97.3352,31.2004],[-97.3375,31.2016],[-97.3383,31.2049],[-97.3398,31.207],[-97.3458,31.2098],[-97.3478,31.2116],[-97.3503,31.2116],[-97.3528,31.2155],[-97.3519,31.2165],[-97.3518,31.2212],[-97.3509,31.2227],[-97.3533,31.2259],[-97.3559,31.2248],[-97.3612,31.2332],[-97.362,31.2328],[-97.3676,31.2345],[-97.3673,31.237],[-97.3683,31.2379],[-97.3688,31.2436],[-97.3671,31.2478],[-97.3652,31.2478],[-97.3652,31.2492],[-97.3638,31.2505],[-97.3631,31.2533],[-97.3641,31.2553],[-97.3653,31.2548],[-97.3666,31.2553],[-97.368,31.2567],[-97.368,31.2599],[-97.3659,31.2611],[-97.3667,31.2737],[-97.3675,31.2737],[-97.3675,31.2747],[-97.369,31.2763],[-97.3669,31.278],[-97.3671,31.2802],[-97.37,31.2838],[-97.3683,31.2877],[-97.3667,31.2876],[-97.3642,31.2962],[-97.3653,31.2973],[-97.3639,31.3004],[-97.3656,31.3032],[-97.3644,31.3041],[-97.3644,31.305],[-97.3618,31.3069],[-97.3607,31.3104],[-97.3588,31.3105],[-97.3538,31.3141],[-97.3518,31.3193],[-97.352,31.3203],[-97.3543,31.3217],[-97.3542,31.3244],[-97.3561,31.3269],[-97.3587,31.327],[-97.3603,31.3287],[-97.3597,31.3337],[-97.3604,31.3343],[-97.3637,31.3339],[-97.3651,31.3345],[-97.3655,31.3368],[-97.3638,31.3396],[-97.3654,31.3427],[-97.3665,31.3438],[-97.3709,31.3433],[-97.3748,31.3446],[-97.3751,31.3464],[-97.3793,31.3467],[-97.3799,31.3477],[-97.385,31.3466],[-97.3858,31.3485],[-97.3888,31.3505],[-97.3897,31.3504],[-97.3898,31.351],[-97.3947,31.3512],[-97.396,31.3468],[-97.3997,31.3464],[-97.3999,31.3472],[-97.4024,31.3483],[-97.411,31.3485],[-97.4199,31.351],[-97.4243,31.3512],[-97.4265,31.3522],[-97.4284,31.356],[-97.434,31.3602],[-97.4395,31.3616],[-97.4445,31.3603],[-97.4462,31.3628],[-97.4467,31.3658],[-97.4479,31.367],[-97.4504,31.3677],[-97.4517,31.3691],[-97.4546,31.3746],[-97.4652,31.3796],[-97.4649,31.3836],[-97.4704,31.3859],[-97.4706,31.397],[-97.4723,31.3999],[-97.4778,31.4018],[-97.4799,31.4034],[-97.48,31.4077],[-97.481,31.4102],[-97.4806,31.414],[-97.4823,31.4153],[-97.4836,31.4192],[-97.4861,31.4206],[-97.4891,31.4212],[-97.4925,31.4255],[-97.4994,31.4281],[-97.5035,31.4336],[-97.5053,31.4381],[-97.514,31.4393],[-97.5228,31.4425],[-97.5276,31.4422],[-97.531,31.4446],[-97.5319,31.4466],[-97.5386,31.451],[-97.5395,31.4536],[-97.5419,31.4564],[-97.5431,31.4602],[-97.5477,31.4672],[-97.5499,31.4685],[-97.5517,31.4709],[-97.5551,31.4717],[-97.5596,31.4739],[-97.564,31.4744],[-97.5694,31.474],[-97.5706,31.4776],[-97.578,31.4794],[-97.5773,31.4813],[-97.5781,31.4855],[-97.581,31.4876],[-97.5814,31.4927],[-97.5902,31.4938],[-97.5955,31.4909],[-97.5992,31.4906],[-97.6004,31.4921],[-97.6025,31.493],[-97.6029,31.4955],[-97.6064,31.4983],[-97.6151,31.4983],[-97.6179,31.5009],[-97.6219,31.5022],[-97.6216,31.5046],[-97.6228,31.507],[-97.6242,31.5077],[-97.6245,31.5161],[-97.6242,31.5178],[-97.62,31.5214],[-97.6293,31.5231],[-97.6333,31.5232],[-97.6334,31.5246],[-97.635,31.526],[-97.6383,31.5265],[-97.6394,31.528],[-97.6435,31.5288],[-97.6451,31.5316],[-97.6505,31.5373],[-97.663,31.5363],[-97.666,31.5312],[-97.6719,31.5324],[-97.6757,31.5314],[-97.6778,31.5317],[-97.6795,31.5333],[-97.6825,31.5326],[-97.6837,31.5351],[-97.69,31.535],[-97.6928,31.5379],[-97.6983,31.5406],[-97.7038,31.5416],[-97.704,31.5443],[-97.7156,31.5518],[-97.7192,31.5552],[-97.7234,31.5567],[-97.7248,31.5582],[-97.7263,31.5629],[-97.7253,31.5741],[-97.7336,31.5726],[-97.7336,31.5761],[-97.7359,31.5804],[-97.739,31.5825],[-97.7384,31.584],[-97.7427,31.5869],[-97.7465,31.5873],[-97.7466,31.5903],[-97.7484,31.5929],[-97.75,31.5938],[-97.7616,31.5956],[-97.7629,31.5979],[-97.7676,31.6009],[-97.771,31.6053],[-97.7721,31.6081],[-97.7782,31.6105],[-97.7791,31.6115],[-97.7815,31.6141],[-97.7819,31.616],[-97.7848,31.6202],[-97.7899,31.6238],[-97.7928,31.627],[-97.7982,31.6353],[-97.801,31.6372],[-97.8046,31.6382],[-97.8107,31.6369],[-97.8137,31.6375],[-97.8171,31.6408],[-97.8216,31.6424],[-97.8251,31.6477],[-97.8316,31.6534],[-97.8336,31.6538],[-97.836,31.6592],[-97.839,31.6596],[-97.8414,31.6639],[-97.8442,31.664],[-97.8471,31.6632],[-97.8524,31.6647],[-97.8565,31.6665],[-97.8573,31.6677],[-97.8588,31.6673],[-97.8601,31.6679],[-97.8641,31.6722],[-97.8657,31.6724],[-97.8665,31.6739],[-97.8654,31.6759],[-97.8756,31.6764],[-97.8763,31.6781],[-97.8762,31.6824],[-97.8782,31.6852],[-97.8769,31.6878],[-97.8813,31.694],[-97.8837,31.6944],[-97.8845,31.6955],[-97.8842,31.7]]]]}},
{"type":"Feature","properties":{"name":"Cowhouse","huc8":"12070202","sq_km":1884.09},"geometry":{"type":"Polygon","coordinates":[[[-98.4449,31.7],[-98.4584,31.7],[-98.4595,31.6988],[-98.4649,31.6962],[-98.4649,31.6941],[-98.4696,31.6937],[-98.4714,31.6909],[-98.4755,31.6901],[-98.4778,31.6882],[-98.4795,31.6891],[-98.4833,31.6881],[-98.4852,31.6892],[-98.4881,31.6867],[-98.4889,31.682],[-98.4905,31.6807],[-98.4979,31.6775],[-98.5018,31.6739],[-98.5035,31.6731],[-98.5056,31.674],[-98.5104,31.6734],[-98.5133,31.6748],[-98.5189,31.6722],[-98.5227,31.6711],[-98.527,31.6719],[-98.536,31.6715],[-98.5366,31.6704],[-98.5362,31.6657],[-98.5339,31.6651],[-98.53,31.659],[-98.5311,31.6576],[-98.5353,31.6566],[-98.5394,31.6541],[-98.5402,31.6522],[-98.5456,31.6477],[-98.5462,31.6427],[-98.5476,31.6399],[-98.547,31.6386],[-98.5481,31.6324],[-98.5538,31.6297],[-98.5558,31.6297],[-98.5566,31.6273],[-98.5597,31.6255],[-98.5611,31.623],[-98.5639,31.6212],[-98.5673,31.6111],[-98.5694,31.6094],[-98.5695,31.6073],[-98.5653,31.6051],[-98.562,31.6051],[-98.5608,31.6062],[-98.5483,31.599],[-98.5453,31.5961],[-98.5462,31.5931],[-98.5459,31.5919],[-98.5444,31.5911],[-98.542,31.5878],[-98.5405,31.5878],[-98.5367,31.5911],[-98.5319,31.5931],[-98.5267,31.594],[-98.5226,31.593],[-98.5205,31.5943],[-98.5184,31.5943],[-98.5184,31.5955],[-98.5163,31.5972],[-98.4976,31.5945],[-98.4942,31.5932],[-98.4833,31.5919],[-98.4761,31.5947],[-98.4658,31.597],[-98.4634,31.5983],[-98.461,31.5986],[-98.4584,31.5976],[-98.4516,31.5979],[-98.451,31.6041],[-98.4488,31.6036],[-98.4472,31.6043],[-98.4448,31.6083],[-98.4443,31.6112],[-98.4423,31.6112],[-98.4362,31.6095],[-98.4325,31.6094],[-98.4293,31.6076],[-98.4199,31.6093],[-98.4168,31.6115],[-98.4122,31.6133],[-98.4113,31.6125],[-98.4094,31.6132],[-98.4037,31.6126],[-98.4027,31.6112],[-98.4005,31.6117],[-98.3985,31.6106],[-98.3922,31.6102],[-98.3904,31.6126],[-98.3878,31.6139],[-98.3849,31.6132],[-98.3842,31.6098],[-98.3808,31.6068],[-98.3774,31.606],[-98.3752,31.6025],[-98.3703,31.5998],[-98.3667,31.6027],[-98.3615,31.6021],[-98.3585,31.5951],[-98.3571,31.5933],[-98.3564,31.5889],[-98.352,31.5876],[-98.3498,31.5846],[-98.349,31.5818],[-98.3475,31.5806],[-98.3444,31.5811],[-98.3408,31.5799],[-98.3377,31.5815],[-98.3342,31.5821],[-98.3322,31.5847],[-98.3288,31.5841],[-98.328,31.5833],[-98.328,31.5815],[-98.3264,31.58],[-98.3253,31.5777],[-98.3218,31.5789],[-98.3184,31.5789],[-98.3152,31.5779],[-98.3143,31.5767],[-98.3143,31.5727],[-98.3112,31.5684],[-98.3118,31.5666],[-98.3079,31.5641],[-98.3054,31.5613],[-98.3028,31.5563],[-98.2905,31.5525],[-98.2888,31.5505],[-98.283,31.5486],[-98.2801,31.5502],[-98.2787,31.5492],[-98.2758,31.5486],[-98.2727,31.5492],[-98.2706,31.5482],[-98.2689,31.5505],[-98.2669,31.5497],[-98.2655,31.5499],[-98.2607,31.5475],[-98.2588,31.5485],[-98.2562,31.5479],[-98.2552,31.5467],[-98.2517,31.5471],[-98.2482,31.5467],[-98.2468,31.5442],[-98.2471,31.5414],[-98.2436,31.5383],[-98.2436,31.5353],[-98.2404,31.5338],[-98.2397,31.5313],[-98.2324,31.532],[-98.2303,31.5338],[-98.2303,31.5365],[-98.2283,31.5372],[-98.2276,31.5389],[-98.2258,31.5401],[-98.2168,31.5335],[-98.2161,31.5302],[-98.2142,31.5268],[-98.2109,31.5247],[-98.209,31.5222],[-98.2086,31.5205],[-98.2061,31.5195],[-98.2048,31.5207],[-98.2003,31.5216],[-98.1978,31.5228],[-98.1957,31.5192],[-98.1927,31.5171],[-98.1902,31.5092],[-98.1863,31.5043],[-98.1856,31.5006],[-98.1827,31.499],[-98.1823,31.4964],[-98.1804,31.4943],[-98.182,31.4914],[-98.1818,31.4904],[-98.1789,31.4882],[-98.1784,31.4865],[-98.1786,31.4815],[-98.1798,31.4787],[-98.1782,31.4774],[-98.178,31.4756],[-98.178,31.4706],[-98.1773,31.4697],[-98.178,31.4643],[-98.1746,31.4567],[-98.1727,31.4563],[-98.171,31.4566],[-98.1682,31.4531],[-98.1664,31.4523],[-98.1662,31.4471],[-98.1615,31.446],[-98.1589,31.4444],[-98.1589,31.4431],[-98.156,31.4428],[-98.1545,31.4416],[-98.1527,31.4415],[-98.1514,31.4383],[-98.1476,31.4352],[-98.1473,31.4332],[-98.1487,31.4312],[-98.1474,31.4282],[-98.1442,31.4276],[-98.1424,31.4264],[-98.1429,31.4241],[-98.1417,31.42],[-98.1348,31.4141],[-98.1335,31.4112],[-98.1325,31.406],[-98.1304,31.4021],[-98.1299,31.4013],[-98.1272,31.4005],[-98.1263,31.3955],[-98.1267,31.3931],[-98.1242,31.391],[-98.1218,31.3854],[-98.1256,31.3837],[-98.1261,31.3802],[-98.1232,31.3765],[-98.124,31.365],[-98.1235,31.3641],[-98.1206,31.3648],[-98.1182,31.3638],[-98.117,31.3603],[-98.1143,31.3561],[-98.1141,31.3509],[-98.1151,31.3476],[-98.114,31.3447],[-98.1145,31.3434],[-98.1132,31.3398],[-98.1078,31.3329],[-98.1078,31.3313],[-98.1105,31.3279],[-98.1055,31.3263],[-98.1036,31.3202],[-98.1001,31.3177],[-98.0993,31.3153],[-98.0935,31.3153],[-98.0913,31.3073],[-98.0901,31.3062],[-98.0867,31.3071],[-98.0853,31.3054],[-98.0845,31.3018],[-98.0792,31.2985],[-98.0793,31.2968],[-98.0758,31.2932],[-98.0758,31.2917],[-98.0723,31.2904],[-98.0709,31.287],[-98.0685,31.2853],[-98.0683,31.2836],[-98.0669,31.2828],[-98.0666,31.2816],[-98.0682,31.2799],[-98.0695,31.28],[-98.0726,31.2734],[-98.0718,31.2694],[-98.0696,31.2672],[-98.0628,31.2661],[-98.0597,31.2604],[-98.0599,31.258],[-98.0592,31.2568],[-98.058,31.2567],[-98.0557,31.2532],[-98.0552,31.251],[-98.0521,31.2471],[-98.0499,31.2465],[-98.0473,31.2469],[-98.0437,31.2451],[-98.0382,31.2435],[-98.0371,31.2437],[-98.0352,31.2417],[-98.035,31.2384],[-98.0335,31.2373],[-98.0327,31.2355],[-98.0294,31.2354],[-98.0275,31.2344],[-98.0266,31.2352],[-98.0207,31.2288],[-98.0206,31.2269],[-98.0218,31.2254],[-98.0217,31.2211],[-98.0197,31.2176],[-98.0168,31.2157],[-98.0139,31.2149],[-98.013,31.213],[-98.0093,31.2121],[-98.0085,31.2093],[-98.0099,31.2052],[-98.0095,31.2038],[-98.0075,31.2029],[-98.0067,31.2011],[-98.0058,31.2009],[-98.0032,31.1975],[-98.004,31.1964],[-98.0048,31.1907],[-98.0066,31.1885],[-98.0062,31.1874],[-98.0072,31.1857],[-98.007,31.1845],[-98.0093,31.1831],[-98.009,31.1827],[-98.0068,31.1821],[-98.0051,31.1795],[-98.0037,31.1787],[-98.0024,31.1782],[-98.0004,31.1787],[-97.9971,31.177],[-97.9948,31.1774],[-97.9927,31.1769],[-97.9899,31.1786],[-97.9856,31.1757],[-97.9859,31.1745],[-97.9845,31.173],[-97.983,31.1724],[-97.9785,31.1724],[-97.9744,31.1676],[-97.9727,31.1639],[-97.9669,31.1636],[-97.9633,31.1607],[-97.9615,31.1616],[-97.9582,31.159],[-97.9567,31.1567],[-97.9546,31.158],[-97.9502,31.1572],[-97.9491,31.1539],[-97.9465,31.1524],[-97.9448,31.1504],[-97.9436,31.1469],[-97.9454,31.1444],[-97.944,31.1418],[-97.9403,31.1395],[-97.938,31.1402],[-97.9315,31.1375],[-97.9319,31.1353],[-97.9336,31.1327],[-97.9344,31.1271],[-97.9354,31.1264],[-97.9346,31.1232],[-97.9364,31.1183],[-97.9359,31.1173],[-97.9334,31.116],[-97.9291,31.1175],[-97.9267,31.1171],[-97.926,31.118],[-97.9221,31.1186],[-97.9179,31.1173],[-97.915,31.1178],[-97.9107,31.1165],[-97.9068,31.1176],[-97.9038,31.1206],[-97.899,31.1163],[-97.8964,31.1163],[-97.8958,31.1157],[-97.896,31.1106],[-97.8963,31.1096],[-97.8977,31.1093],[-97.8999,31.1054],[-97.8986,31.1028],[-97.8955,31.1016],[-97.8912,31.1024],[-97.885,31.0974],[-97.8843,31.0943],[-97.8796,31.0912],[-97.8786,31.0894],[-97.8753,31.0863],[-97.874,31.0796],[-97.8689,31.0758],[-97.8676,31.0766],[-97.8645,31.0766],[-97.863,31.0755],[-97.8598,31.0769],[-97.8593,31.0755],[-97.8566,31.0736],[-97.8488,31.074],[-97.8459,31.072],[-97.8438,31.0715],[-97.8385,31.0719],[-97.8373,31.074],[-97.836,31.0744],[-97.8305,31.0715],[-97.8268,31.0705],[-97.8251,31.0719],[-97.8208,31.0732],[-97.818,31.077],[-97.8148,31.0866],[-97.8132,31.0874],[-97.8119,31.087],[-97.8062,31.0924],[-97.8074,31.0971],[-97.8062,31.0987],[-97.8022,31.0994],[-97.7979,31.103],[-97.8005,31.1111],[-97.7994,31.1151],[-97.7977,31.116],[-97.7957,31.1189],[-97.7911,31.1204],[-97.7898,31.1251],[-97.7911,31.1324],[-97.7922,31.1332],[-97.7923,31.1345],[-97.7911,31.1374],[-97.793,31.1389],[-97.7929,31.1424],[-97.7918,31.1438],[-97.7893,31.1445],[-97.7857,31.1444],[-97.7837,31.1466],[-97.7783,31.1454],[-97.775,31.1468],[-97.7738,31.1483],[-97.7708,31.148],[-97.7679,31.1489],[-97.7666,31.1454],[-97.761,31.145],[-97.7612,31.1437],[-97.7522,31.1418],[-97.7525,31.1406],[-97.7504,31.1402],[-97.7491,31.1391],[-97.7491,31.1377],[-97.7469,31.1368],[-97.7422,31.1429],[-97.739,31.1429],[-97.7307,31.1397],[-97.7288,31.1405],[-97.7264,31.1434],[-97.7266,31.146],[-97.7226,31.1444],[-97.7205,31.1481],[-97.7148,31.1502],[-97.7172,31.1539],[-97.716,31.1559],[-97.7141,31.165],[-97.7097,31.1656],[-97.7073,31.1636],[-97.7021,31.1651],[-97.7007,31.1649],[-97.6978,31.1628],[-97.6946,31.1631],[-97.6935,31.1615],[-97.6909,31.1619],[-97.6871,31.1586],[-97.6812,31.1636],[-97.6762,31.1661],[-97.675,31.1674],[-97.6726,31.1667],[-97.6709,31.1672],[-97.668,31.1656],[-97.6654,31.1662],[-97.6625,31.1653],[-97.6605,31.1658],[-97.6586,31.1653],[-97.653,31.1668],[-97.6519,31.1651],[-97.6497,31.1656],[-97.6427,31.1641],[-97.6399,31.1655],[-97.6381,31.1641],[-97.6357,31.1637],[-97.6334,31.1644],[-97.6292,31.1636],[-97.6258,31.1641],[-97.6212,31.1637],[-97.6187,31.1622],[-97.6123,31.1625],[-97.6098,31.1604],[-97.6068,31.1615],[-97.6053,31.1609],[-97.6033,31.1614],[-97.601,31.1589],[-97.5944,31.1557],[-97.5912,31.1514],[-97.5877,31.1498],[-97.5853,31.1457],[-97.5766,31.1434],[-97.5719,31.1396],[-97.567,31.1407],[-97.5642,31.1382],[-97.5636,31.136],[-97.5586,31.1353],[-97.5569,31.1328],[-97.5555,31.1324],[-97.553,31.1339],[-97.5502,31.1317],[-97.5456,31.1311],[-97.5441,31.1316],[-97.5424,31.1298],[-97.5402,31.1293],[-97.5376,31.1299],[-97.5304,31.124],[-97.5262,31.1262],[-97.5239,31.129],[-97.524,31.1304],[-97.5082,31.1454],[-97.5087,31.1476],[-97.5101,31.1481],[-97.5092,31.1501],[-97.5099,31.1512],[-97.5138,31.1506],[-97.5154,31.1518],[-97.517,31.1517],[-97.5185,31.154],[-97.524,31.1554],[-97.5269,31.1539],[-97.5303,31.1536],[-97.5341,31.1578],[-97.5361,31.1582],[-97.5385,31.1578],[-97.5419,31.1588],[-97.5433,31.1604],[-97.545,31.1611],[-97.5456,31.165],[-97.5501,31.1686],[-97.5497,31.1711],[-97.5526,31.1735],[-97.5524,31.176],[-97.5548,31.1775],[-97.5551,31.18],[-97.557,31.1815],[-97.5576,31.1834],[-97.5577,31.1856],[-97.5552,31.1897],[-97.5564,31.1912],[-97.5552,31.1942],[-97.5584,31.1997],[-97.557,31.2007],[-97.5649,31.2042],[-97.5665,31.2071],[-97.5709,31.2099],[-97.5723,31.2116],[-97.5757,31.2127],[-97.578,31.2117],[-97.5845,31.2143],[-97.5872,31.2167],[-97.59,31.2181],[-97.5903,31.22],[-97.5917,31.2216],[-97.5941,31.2225],[-97.5973,31.222],[-97.6004,31.224],[-97.6036,31.2248],[-97.6046,31.2237],[-97.6065,31.2245],[-97.6083,31.2264],[-97.6108,31.2266],[-97.6141,31.2256],[-97.6169,31.2232],[-97.6184,31.2232],[-97.6226,31.2253],[-97.6239,31.2251],[-97.6243,31.2263],[-97.6266,31.2276],[-97.6275,31.2291],[-97.6343,31.2313],[-97.6363,31.2302],[-97.6407,31.2353],[-97.6407,31.2384],[-97.6433,31.2397],[-97.6483,31.2445],[-97.6484,31.2508],[-97.6498,31.2533],[-97.653,31.254],[-97.6553,31.2552],[-97.6565,31.2584],[-97.6601,31.257],[-97.6626,31.2575],[-97.6648,31.2594],[-97.6669,31.2587],[-97.6699,31.2591],[-97.6734,31.258],[-97.6757,31.2605],[-97.6778,31.2601],[-97.6815,31.2608],[-97.6858,31.2649],[-97.6874,31.2649],[-97.6909,31.2692],[-97.6945,31.2701],[-97.6957,31.2714],[-97.6993,31.2728],[-97.7003,31.2724],[-97.7038,31.2734],[-97.707,31.2766],[-97.7084,31.2766],[-97.7088,31.2774],[-97.7112,31.2784],[-97.7128,31.2784],[-97.7138,31.2794],[-97.715,31.2786],[-97.7219,31.2788],[-97.7228,31.2804],[-97.725,31.2809],[-97.7282,31.2802],[-97.7331,31.2815],[-97.733,31.2838],[-97.7349,31.2859],[-97.7383,31.2876],[-97.7397,31.2893],[-97.7421,31.2898],[-97.7434,31.2915],[-97.7488,31.293],[-97.7514,31.2958],[-97.7518,31.2981],[-97.7545,31.299],[-97.7573,31.3028],[-97.7589,31.3037],[-97.7609,31.3081],[-97.7639,31.3115],[-97.7719,31.3111],[-97.7734,31.3101],[-97.779,31.314],[-97.7816,31.3148],[-97.7835,31.3145],[-97.7881,31.3119],[-97.7932,31.3115],[-97.7959,31.3124],[-97.7979,31.3114],[-97.8018,31.3119],[-97.8026,31.3109],[-97.8049,31.3102],[-97.807,31.3105],[-97.809,31.3094],[-97.8102,31.3059],[-97.8146,31.3075],[-97.8155,31.3072],[-97.8167,31.3091],[-97.8182,31.3099],[-97.8239,31.3106],[-97.8269,31.3131],[-97.8269,31.3144],[-97.8286,31.3139],[-97.8327,31.3142],[-97.833,31.316],[-97.8341,31.3163],[-97.8389,31.3204],[-97.8393,31.3243],[-97.8404,31.3256],[-97.8445,31.3273],[-97.8451,31.3281],[-97.8429,31.3304],[-97.8436,31.3324],[-97.843,31.3335],[-97.8433,31.3376],[-97.842,31.3392],[-97.8419,31.3414],[-97.8369,31.3465],[-97.8372,31.3484],[-97.8409,31.3515],[-97.8429,31.352],[-97.8426,31.3564],[-97.8454,31.3571],[-97.8476,31.3561],[-97.8489,31.3565],[-97.8502,31.3573],[-97.8507,31.36],[-97.852,31.3608],[-97.8513,31.3623],[-97.8556,31.3652],[-97.8575,31.3679],[-97.8591,31.3685],[-97.8617,31.3682],[-97.8663,31.3712],[-97.8667,31.3721],[-97.8657,31.3735],[-97.8633,31.3742],[-97.8636,31.3757],[-97.8656,31.3763],[-97.8676,31.3781],[-97.8693,31.385],[-97.872,31.3858],[-97.8737,31.3875],[-97.8747,31.3901],[-97.8775,31.3915],[-97.8782,31.394],[-97.8767,31.3952],[-97.8767,31.3994],[-97.8758,31.4006],[-97.8767,31.4065],[-97.8778,31.4089],[-97.876,31.4104],[-97.8774,31.4121],[-97.8778,31.4149],[-97.8788,31.416],[-97.8829,31.4178],[-97.8862,31.4228],[-97.8848,31.424],[-97.8861,31.4257],[-97.8855,31.4271],[-97.8835,31.4284],[-97.8843,31.4309],[-97.89,31.4325],[-97.8913,31.431],[-97.8923,31.4313],[-97.8939,31.4323],[-97.8938,31.4333],[-97.897,31.4369],[-97.9042,31.4393],[-97.9045,31.443],[-97.9061,31.4449],[-97.9064,31.4486],[-97.9094,31.448],[-97.9133,31.4499],[-97.915,31.4492],[-97.918,31.4505],[-97.9201,31.453],[-97.9209,31.4563],[-97.9253,31.4576],[-97.926,31.4597],[-97.9281,31.4606],[-97.9291,31.4627],[-97.9317,31.4622],[-97.9336,31.464],[-97.9369,31.4648],[-97.9382,31.4666],[-97.941,31.4657],[-97.9442,31.4664],[-97.9472,31.4658],[-97.9525,31.4674],[-97.9522,31.4693],[-97.9529,31.4714],[-97.9581,31.4763],[-97.9624,31.4756],[-97.9691,31.4777],[-97.9718,31.4764],[-97.9775,31.4786],[-97.9791,31.4822],[-97.9778,31.4856],[-97.9784,31.49],[-97.9827,31.4916],[-97.9829,31.4948],[-97.984,31.4968],[-97.9885,31.4946],[-97.9902,31.4946],[-97.9929,31.4956],[-97.994,31.4978],[-97.997,31.4992],[-97.9989,31.4988],[-97.9996,31.4997],[-98.0012,31.5],[-98.0036,31.4991],[-98.0065,31.5011],[-98.0137,31.5042],[-98.0152,31.5062],[-98.0146,31.508],[-98.0171,31.5094],[-98.0182,31.5108],[-98.0262,31.5132],[-98.0297,31.5132],[-98.0335,31.5151],[-98.0332,31.5171],[-98.0353,31.5196],[-98.0377,31.52],[-98.0398,31.5227],[-98.0437,31.5233],[-98.049,31.5332],[-98.0525,31.5344],[-98.0514,31.5382],[-98.0502,31.5397],[-98.0515,31.5408],[-98.058,31.5436],[-98.0596,31.5466],[-98.0588,31.55],[-98.0649,31.5511],[-98.0693,31.5587],[-98.0715,31.5604],[-98.0707,31.563],[-98.0708,31.5678],[-98.0743,31.5682],[-98.0756,31.5711],[-98.0805,31.5736],[-98.0817,31.5721],[-98.0838,31.5732],[-98.085,31.575],[-98.0869,31.5757],[-98.0917,31.5795],[-98.0953,31.5808],[-98.0947,31.5824],[-98.0992,31.5871],[-98.1002,31.589],[-98.1024,31.5906],[-98.1027,31.5928],[-98.1044,31.595],[-98.1048,31.5968],[-98.1077,31.6005],[-98.1073,31.6051],[-98.1095,31.6083],[-98.1116,31.61],[-98.1126,31.61],[-98.1134,31.613],[-98.1122,31.6136],[-98.1122,31.6153],[-98.1144,31.617],[-98.1167,31.6257],[-98.1143,31.635],[-98.1102,31.6385],[-98.1163,31.6466],[-98.1163,31.6486],[-98.1178,31.6512],[-98.1248,31.6569],[-98.127,31.6573],[-98.1296,31.661],[-98.1308,31.6617],[-98.1324,31.6613],[-98.1351,31.6634],[-98.1367,31.6629],[-98.1396,31.6635],[-98.1418,31.6656],[-98.1467,31.6676],[-98.1495,31.6704],[-98.1555,31.6715],[-98.1608,31.6701],[-98.1623,31.668],[-98.164,31.667],[-98.1651,31.664],[-98.1665,31.6632],[-98.1721,31.6628],[-98.1761,31.6642],[-98.1784,31.6634],[-98.18,31.6657],[-98.1812,31.6659],[-98.1824,31.6681],[-98.1862,31.6688],[-98.1884,31.6677],[-98.19,31.6647],[-98.1919,31.6655],[-98.1951,31.6647],[-98.1974,31.6666],[-98.2003,31.6671],[-98.2011,31.6684],[-98.2008,31.6691],[-98.202,31.6699],[-98.2035,31.6725],[-98.2057,31.6726],[-98.2078,31.6758],[-98.2097,31.6766],[-98.2104,31.6791],[-98.2141,31.6796],[-98.216,31.6782],[-98.2172,31.683],[-98.2207,31.6852],[-98.2246,31.6833],[-98.2258,31.6804],[-98.2283,31.6802],[-98.2318,31.6812],[-98.2322,31.6802],[-98.2339,31.6802],[-98.2368,31.6813],[-98.2379,31.683],[-98.2397,31.682],[-98.2441,31.6838],[-98.2485,31.6829],[-98.2534,31.6856],[-98.2549,31.6852],[-98.2591,31.6886],[-98.2609,31.6882],[-98.2617,31.6887],[-98.2641,31.6874],[-98.2657,31.6884],[-98.2687,31.6881],[-98.2718,31.6889],[-98.2773,31.6949],[-98.2806,31.6942],[-98.2858,31.6982],[-98.2878,31.6979],[-98.2919,31.6995],[-98.2925,31.6982],[-98.2943,31.6978],[-98.2952,31.6968],[-98.2994,31.6968],[-98.3024,31.6988],[-98.3036,31.6984],[-98.3066,31.7],[-98.4188,31.7],[-98.4194,31.6999],[-98.4247,31.6973],[-98.4284,31.6972],[-98.4356,31.6993],[-98.4361,31.7],[-98.4427,31.7],[-98.4439,31.6994],[-98.4449,31.7]]]}},
{"type":"Feature","properties":{"name":"Lampasas","huc8":"12070203","sq_km":3916.9},"geometry":{"type":"Polygon","coordinates":[[[-98.3849,31.6132],[-98.3878,31.6139],[-98.3904,31.6126],[-98.3922,31.6102],[-98.3985,31.6106],[-98.4005,31.6117],[-98.4027,31.6112],[-98.4037,31.6126],[-98.4094,31.6132],[-98.4113,31.6125],[-98.4122,31.6133],[-98.4168,31.6115],[-98.4199,31.6093],[-98.4293,31.6076],[-98.4325,31.6094],[-98.4362,31.6095],[-98.4423,31.6112],[-98.4443,31.6112],[-98.4448,31.6083],[-98.4472,31.6043],[-98.4488,31.6036],[-98.451,31.6041],[-98.4516,31.5979],[-98.4584,31.5976],[-98.461,31.5986],[-98.4634,31.5983],[-98.4658,31.597],[-98.4761,31.5947],[-98.4833,31.5919],[-98.4942,31.5932],[-98.4976,31.5945],[-98.5163,31.5972],[-98.5184,31.5955],[-98.5184,31.5943],[-98.5205,31.5943],[-98.5226,31.593],[-98.5267,31.594],[-98.5319,31.5931],[-98.5367,31.5911],[-98.5405,31.5878],[-98.542,31.5878],[-98.5416,31.5789],[-98.5399,31.5744],[-98.5407,31.5723],[-98.5374,31.5647],[-98.5333,31.5621],[-98.5334,31.5604],[-98.5345,31.5585],[-98.534,31.5571],[-98.5371,31.554],[-98.5371,31.5525],[-98.5352,31.5517],[-98.5341,31.5497],[-98.5324,31.5493],[-98.5305,31.5476],[-98.5293,31.545],[-98.5282,31.5383],[-98.5256,31.5342],[-98.5267,31.5324],[-98.526,31.5303],[-98.5275,31.528],[-98.5252,31.5257],[-98.5263,31.5231],[-98.5243,31.5192],[-98.5246,31.5177],[-98.5266,31.5172],[-98.5279,31.516],[-98.5289,31.5109],[-98.5285,31.5077],[-98.5323,31.5066],[-98.5347,31.5016],[-98.5379,31.501],[-98.5416,31.4993],[-98.5464,31.4986],[-98.5492,31.4946],[-98.5546,31.4924],[-98.5524,31.4875],[-98.5498,31.4866],[-98.549,31.4846],[-98.5492,31.481],[-98.5517,31.4786],[-98.5517,31.4773],[-98.5534,31.4768],[-98.5575,31.4726],[-98.5601,31.4716],[-98.5638,31.4675],[-98.5632,31.4567],[-98.5589,31.4546],[-98.5589,31.4497],[-98.558,31.4475],[-98.5553,31.4465],[-98.5542,31.4449],[-98.5551,31.4424],[-98.555,31.4394],[-98.5568,31.4371],[-98.5561,31.434],[-98.5596,31.4251],[-98.5599,31.4212],[-98.557,31.4186],[-98.5551,31.4184],[-98.5529,31.4154],[-98.5471,31.4137],[-98.5457,31.4088],[-98.5411,31.4088],[-98.5396,31.4085],[-98.5388,31.4072],[-98.5372,31.4071],[-98.5311,31.4085],[-98.5266,31.4046],[-98.5244,31.404],[-98.5227,31.4043],[-98.5195,31.4019],[-98.5191,31.4001],[-98.5114,31.3972],[-98.511,31.3965],[-98.5134,31.3923],[-98.5125,31.3903],[-98.5097,31.3887],[-98.5081,31.3891],[-98.5035,31.3865],[-98.5027,31.3823],[-98.5011,31.381],[-98.5003,31.3768],[-98.4976,31.3738],[-98.4962,31.3699],[-98.4932,31.3686],[-98.4912,31.3645],[-98.4915,31.3634],[-98.4903,31.3601],[-98.4888,31.3593],[-98.4853,31.3553],[-98.4841,31.3522],[-98.4798,31.3487],[-98.4789,31.3473],[-98.4794,31.3457],[-98.4788,31.3442],[-98.4738,31.344],[-98.4694,31.343],[-98.466,31.3416],[-98.465,31.3402],[-98.46,31.3382],[-98.4588,31.335],[-98.4574,31.3344],[-98.4565,31.3319],[-98.4574,31.3283],[-98.4541,31.3248],[-98.4548,31.3222],[-98.4583,31.3207],[-98.4594,31.3191],[-98.4575,31.316],[-98.4536,31.3133],[-98.4533,31.3074],[-98.4487,31.3074],[-98.4467,31.3038],[-98.4443,31.3024],[-98.4397,31.3012],[-98.4371,31.2965],[-98.4368,31.2909],[-98.4345,31.2891],[-98.4345,31.2867],[-98.4373,31.2845],[-98.438,31.2801],[-98.4339,31.2769],[-98.4332,31.2744],[-98.4301,31.2712],[-98.4346,31.266],[-98.4286,31.2639],[-98.4256,31.2617],[-98.424,31.2623],[-98.4188,31.2617],[-98.417,31.2601],[-98.4131,31.2596],[-98.4115,31.257],[-98.4089,31.2558],[-98.4029,31.2566],[-98.403,31.2536],[-98.3989,31.2472],[-98.3955,31.2461],[-98.3903,31.249],[-98.3885,31.2474],[-98.3844,31.2459],[-98.3847,31.2436],[-98.3865,31.2414],[-98.3869,31.2378],[-98.3889,31.2329],[-98.3943,31.2294],[-98.3937,31.2284],[-98.3901,31.2271],[-98.3882,31.2233],[-98.3882,31.2167],[-98.3853,31.2173],[-98.3831,31.2155],[-98.3778,31.2133],[-98.3753,31.2114],[-98.3744,31.2088],[-98.3744,31.2072],[-98.3759,31.2045],[-98.3787,31.2027],[-98.3783,31.2014],[-98.374,31.1972],[-98.3807,31.1908],[-98.3825,31.1879],[-98.3809,31.1845],[-98.3814,31.182],[-98.3763,31.1773],[-98.3759,31.1751],[-98.3745,31.1751],[-98.3733,31.1704],[-98.3741,31.1654],[-98.3696,31.1608],[-98.3699,31.1577],[-98.3719,31.1549],[-98.3706,31.1468],[-98.3662,31.1463],[-98.3655,31.1456],[-98.3599,31.1487],[-98.3557,31.1487],[-98.3541,31.1508],[-98.3511,31.1502],[-98.3499,31.1421],[-98.3521,31.1379],[-98.3512,31.1352],[-98.3534,31.128],[-98.3554,31.1263],[-98.3542,31.1238],[-98.353,31.1223],[-98.351,31.1216],[-98.3485,31.1175],[-98.3486,31.1144],[-98.3469,31.1132],[-98.3454,31.1077],[-98.3467,31.1055],[-98.3459,31.0998],[-98.3475,31.0975],[-98.3476,31.093],[-98.3438,31.0924],[-98.3438,31.0907],[-98.3403,31.0868],[-98.3398,31.0813],[-98.3384,31.0792],[-98.3399,31.0725],[-98.3386,31.0709],[-98.3386,31.0698],[-98.3403,31.0666],[-98.3403,31.0643],[-98.3391,31.0638],[-98.3385,31.0599],[-98.3313,31.0464],[-98.3284,31.0446],[-98.3261,31.0449],[-98.3251,31.0432],[-98.3255,31.0408],[-98.323,31.036],[-98.3222,31.0322],[-98.3238,31.0302],[-98.3234,31.0281],[-98.3248,31.025],[-98.3248,31.0232],[-98.3265,31.0207],[-98.3291,31.0196],[-98.3307,31.0121],[-98.332,31.0113],[-98.3296,31.01],[-98.329,31.0046],[-98.3277,31.0035],[-98.3258,31.0031],[-98.3249,31.0004],[-98.3233,30.9996],[-98.3157,30.9988],[-98.3096,30.996],[-98.3063,30.9891],[-98.305,30.9882],[-98.3043,30.9857],[-98.3047,30.9831],[-98.3039,30.9813],[-98.3011,30.9794],[-98.2989,30.9725],[-98.2928,30.9684],[-98.2932,30.9628],[-98.2946,30.9604],[-98.2924,30.9576],[-98.2924,30.9557],[-98.2912,30.9547],[-98.2897,30.951],[-98.2897,30.9484],[-98.2929,30.9467],[-98.2937,30.9401],[-98.2914,30.9381],[-98.285,30.9357],[-98.2804,30.9317],[-98.2762,30.9299],[-98.2716,30.9289],[-98.2738,30.9263],[-98.2746,30.9239],[-98.2732,30.9223],[-98.2717,30.9173],[-98.2726,30.9165],[-98.2724,30.9146],[-98.2739,30.9138],[-98.2719,30.9077],[-98.2702,30.9059],[-98.2654,30.9054],[-98.2624,30.9031],[-98.2586,30.9031],[-98.257,30.9015],[-98.2541,30.9005],[-98.2516,30.9011],[-98.2495,30.9003],[-98.2459,30.8964],[-98.2463,30.8953],[-98.2447,30.8939],[-98.2448,30.8924],[-98.2406,30.891],[-98.2397,30.8917],[-98.2401,30.8929],[-98.2376,30.8962],[-98.2341,30.8986],[-98.233,30.9038],[-98.23,30.9053],[-98.2285,30.9083],[-98.2288,30.911],[-98.2267,30.9113],[-98.226,30.9123],[-98.2234,30.9116],[-98.2209,30.9118],[-98.2194,30.9135],[-98.2177,30.9142],[-98.2159,30.9139],[-98.215,30.9155],[-98.2122,30.9163],[-98.2067,30.9158],[-98.2029,30.9147],[-98.2039,30.9171],[-98.2034,30.9178],[-98.1981,30.9189],[-98.1965,30.9175],[-98.1951,30.9174],[-98.1889,30.9146],[-98.1882,30.9134],[-98.1844,30.9127],[-98.182,30.9106],[-98.1812,30.9085],[-98.1797,30.9071],[-98.1777,30.9064],[-98.1766,30.9047],[-98.1735,30.9042],[-98.1714,30.9029],[-98.1686,30.9041],[-98.1637,30.9041],[-98.1617,30.9007],[-98.1581,30.8989],[-98.1569,30.897],[-98.1523,30.894],[-98.1518,30.8927],[-98.1471,30.8909],[-98.1457,30.8888],[-98.1448,30.8854],[-98.1405,30.8867],[-98.1367,30.8862],[-98.1351,30.8851],[-98.1344,30.8835],[-98.1327,30.8829],[-98.1332,30.8792],[-98.1291,30.8772],[-98.1259,30.8784],[-98.1226,30.8749],[-98.1201,30.8759],[-98.1164,30.8752],[-98.113,30.8767],[-98.1077,30.8715],[-98.1051,30.8728],[-98.103,30.8728],[-98.1011,30.8704],[-98.094,30.8711],[-98.0921,30.8722],[-98.0915,30.8699],[-98.0907,30.869],[-98.0883,30.868],[-98.0873,30.8658],[-98.0798,30.8638],[-98.0764,30.866],[-98.0735,30.8656],[-98.0691,30.8692],[-98.0671,30.8688],[-98.061,30.8706],[-98.0595,30.8694],[-98.0514,30.8655],[-98.0505,30.8677],[-98.045,30.8685],[-98.0402,30.8659],[-98.0396,30.8638],[-98.0357,30.8632],[-98.0357,30.8616],[-98.0336,30.86],[-98.0312,30.8594],[-98.0288,30.8573],[-98.0263,30.8566],[-98.0235,30.8595],[-98.0197,30.8583],[-98.0172,30.8599],[-98.0118,30.8593],[-98.0094,30.858],[-98.0062,30.8606],[-98.0062,30.862],[-98.0037,30.864],[-97.9998,30.8631],[-97.9969,30.8611],[-97.9953,30.8582],[-97.9921,30.8564],[-97.9863,30.8546],[-97.9844,30.8528],[-97.9804,30.8541],[-97.9792,30.856],[-97.9767,30.8578],[-97.9733,30.8588],[-97.972,30.8573],[-97.9678,30.8553],[-97.9654,30.8523],[-97.9639,30.8523],[-97.9619,30.8548],[-97.9568,30.8561],[-97.9528,30.8596],[-97.9535,30.8625],[-97.9528,30.8645],[-97.9537,30.867],[-97.949,30.8687],[-97.9514,30.8761],[-97.9485,30.8845],[-97.9495,30.8892],[-97.951,30.8906],[-97.9466,30.8906],[-97.9419,30.8925],[-97.9398,30.8908],[-97.9358,30.8906],[-97.931,30.8892],[-97.9216,30.8852],[-97.9187,30.8833],[-97.9162,30.8839],[-97.9129,30.8819],[-97.91,30.8819],[-97.9084,30.8802],[-97.9027,30.8781],[-97.9006,30.8766],[-97.8949,30.8754],[-97.893,30.8735],[-97.8905,30.8728],[-97.884,30.8676],[-97.8801,30.8671],[-97.8775,30.8678],[-97.8743,30.8654],[-97.869,30.8634],[-97.8658,30.8636],[-97.864,30.8649],[-97.8631,30.8642],[-97.8619,30.8644],[-97.8605,30.863],[-97.8565,30.8626],[-97.8567,30.8592],[-97.8577,30.8578],[-97.8562,30.8559],[-97.8514,30.855],[-97.848,30.8569],[-97.8458,30.8571],[-97.8444,30.8551],[-97.8437,30.8521],[-97.8412,30.8514],[-97.8402,30.8494],[-97.8387,30.8488],[-97.8376,30.8473],[-97.8352,30.8479],[-97.8328,30.8461],[-97.8311,30.8396],[-97.8256,30.8386],[-97.8235,30.8371],[-97.8219,30.8338],[-97.8195,30.8331],[-97.8172,30.8308],[-97.8133,30.8302],[-97.8105,30.8308],[-97.8077,30.8259],[-97.8067,30.8253],[-97.8061,30.8213],[-97.8072,30.8194],[-97.8038,30.8128],[-97.7991,30.8109],[-97.7971,30.8074],[-97.7957,30.8065],[-97.7933,30.8032],[-97.7903,30.8017],[-97.7878,30.8015],[-97.7847,30.7999],[-97.7813,30.7993],[-97.777,30.7968],[-97.7758,30.795],[-97.7726,30.7948],[-97.7707,30.7966],[-97.767,30.7981],[-97.7653,30.7981],[-97.7625,30.7969],[-97.7606,30.7948],[-97.7575,30.7969],[-97.7537,30.7977],[-97.7507,30.8002],[-97.7447,30.7988],[-97.7444,30.7977],[-97.743,30.797],[-97.742,30.7973],[-97.7382,30.7955],[-97.7336,30.7962],[-97.7316,30.7975],[-97.7308,30.8006],[-97.7291,30.8023],[-97.7289,30.8051],[-97.7274,30.8067],[-97.7231,30.8085],[-97.7168,30.8098],[-97.7153,30.8108],[-97.7108,30.8096],[-97.7095,30.8078],[-97.7054,30.8054],[-97.7011,30.8013],[-97.696,30.7991],[-97.69,30.8007],[-97.6858,30.8034],[-97.6809,30.8034],[-97.6767,30.8049],[-97.675,30.8049],[-97.671,30.8019],[-97.6678,30.8047],[-97.664,30.8055],[-97.6603,30.8037],[-97.6573,30.8037],[-97.65,30.7987],[-97.6451,30.8005],[-97.6437,30.7986],[-97.6412,30.7972],[-97.6353,30.7978],[-97.6316,30.7954],[-97.6257,30.794],[-97.6241,30.7929],[-97.6226,30.7972],[-97.623,30.8002],[-97.6187,30.8018],[-97.6165,30.807],[-97.6143,30.8063],[-97.6124,30.8093],[-97.6096,30.81],[-97.6102,30.8133],[-97.6072,30.8185],[-97.6097,30.8199],[-97.6084,30.8232],[-97.6101,30.8257],[-97.6082,30.8263],[-97.6063,30.829],[-97.6073,30.832],[-97.6059,30.8316],[-97.6025,30.8328],[-97.6013,30.8369],[-97.6003,30.8374],[-97.5992,30.8363],[-97.5935,30.8364],[-97.5942,30.8382],[-97.5939,30.8453],[-97.5955,30.846],[-97.5943,30.8514],[-97.593,30.852],[-97.5921,30.8536],[-97.5912,30.8533],[-97.5902,30.8555],[-97.5839,30.8578],[-97.5824,30.8596],[-97.5802,30.8592],[-97.578,30.8573],[-97.5754,30.8607],[-97.5705,30.8576],[-97.5692,30.8593],[-97.5664,30.8601],[-97.564,30.8621],[-97.559,30.8629],[-97.5601,30.8662],[-97.5584,30.8691],[-97.5583,30.8732],[-97.5597,30.8787],[-97.5588,30.8792],[-97.5581,30.8818],[-97.5561,30.8793],[-97.549,30.8782],[-97.5468,30.879],[-97.5428,30.884],[-97.5353,30.8863],[-97.5318,30.8849],[-97.5311,30.8879],[-97.5299,30.8894],[-97.5294,30.8945],[-97.5264,30.8963],[-97.5287,30.9002],[-97.5285,30.9039],[-97.5259,30.9051],[-97.5255,30.9082],[-97.5204,30.9051],[-97.5168,30.9065],[-97.5151,30.9065],[-97.5117,30.9098],[-97.5097,30.9089],[-97.5051,30.9096],[-97.5035,30.9122],[-97.5033,30.9151],[-97.5009,30.9164],[-97.4997,30.9183],[-97.497,30.9195],[-97.4907,30.9139],[-97.485,30.914],[-97.4842,30.915],[-97.4847,30.9163],[-97.4833,30.9219],[-97.4745,30.9232],[-97.4733,30.9226],[-97.4724,30.9249],[-97.4656,30.9242],[-97.4649,30.9226],[-97.4585,30.9236],[-97.4586,30.9228],[-97.4566,30.9216],[-97.4538,30.9227],[-97.4535,30.9212],[-97.4524,30.9206],[-97.4497,30.9209],[-97.4467,30.9203],[-97.4474,30.9255],[-97.4459,30.9291],[-97.4429,30.9262],[-97.4391,30.9282],[-97.4387,30.9263],[-97.4356,30.925],[-97.4335,30.925],[-97.4302,30.927],[-97.4298,30.9296],[-97.4267,30.9311],[-97.4257,30.9324],[-97.4217,30.933],[-97.4201,30.9366],[-97.4223,30.9423],[-97.4211,30.9433],[-97.4211,30.9445],[-97.418,30.9472],[-97.4145,30.9531],[-97.4179,30.956],[-97.4176,30.9636],[-97.4156,30.966],[-97.4157,30.9677],[-97.4138,30.9686],[-97.4128,30.9703],[-97.4134,30.9723],[-97.4124,30.9735],[-97.4115,30.9795],[-97.4103,30.9803],[-97.4062,30.9799],[-97.4043,30.9813],[-97.4039,30.9829],[-97.402,30.9844],[-97.4034,30.9868],[-97.4006,30.9892],[-97.4,30.9921],[-97.4021,30.9944],[-97.4083,30.9982],[-97.4146,31.0035],[-97.4178,31.0088],[-97.4192,31.0086],[-97.4204,31.0092],[-97.4227,31.0088],[-97.4254,31.0105],[-97.4313,31.0107],[-97.433,31.0101],[-97.4342,31.0121],[-97.4369,31.012],[-97.4384,31.013],[-97.4395,31.0144],[-97.4391,31.0189],[-97.4419,31.022],[-97.4419,31.0229],[-97.446,31.0243],[-97.4457,31.0275],[-97.4472,31.0292],[-97.4539,31.0319],[-97.4547,31.0328],[-97.4586,31.0333],[-97.46,31.0327],[-97.462,31.0352],[-97.4653,31.0363],[-97.4679,31.0364],[-97.4735,31.0398],[-97.4793,31.0413],[-97.4811,31.0408],[-97.4833,31.0423],[-97.4837,31.0415],[-97.4862,31.0406],[-97.4945,31.0434],[-97.4959,31.0423],[-97.5023,31.0453],[-97.5059,31.0443],[-97.5073,31.0449],[-97.5115,31.0446],[-97.5147,31.0466],[-97.5171,31.0458],[-97.5187,31.0472],[-97.5191,31.0511],[-97.5226,31.0533],[-97.5266,31.0536],[-97.529,31.0558],[-97.5366,31.0555],[-97.5385,31.0565],[-97.5402,31.0561],[-97.5417,31.0549],[-97.5453,31.0565],[-97.5487,31.0552],[-97.5527,31.0552],[-97.5556,31.0567],[-97.5581,31.0533],[-97.5599,31.054],[-97.5613,31.0506],[-97.563,31.0495],[-97.5646,31.0491],[-97.5683,31.0505],[-97.5704,31.0501],[-97.5714,31.048],[-97.573,31.0471],[-97.5782,31.0467],[-97.5808,31.0443],[-97.584,31.0443],[-97.5854,31.0454],[-97.5884,31.0459],[-97.5908,31.0433],[-97.5922,31.043],[-97.5952,31.0443],[-97.5965,31.0473],[-97.5998,31.048],[-97.6023,31.0478],[-97.6042,31.0465],[-97.605,31.0449],[-97.6077,31.0457],[-97.6095,31.0429],[-97.6118,31.0416],[-97.6133,31.0426],[-97.6148,31.0409],[-97.6199,31.0412],[-97.6216,31.043],[-97.6246,31.0437],[-97.6259,31.0426],[-97.6297,31.0448],[-97.6308,31.0445],[-97.6324,31.046],[-97.6324,31.0469],[-97.6291,31.0481],[-97.6285,31.0489],[-97.6288,31.051],[-97.6265,31.053],[-97.6298,31.0529],[-97.6342,31.0598],[-97.641,31.0598],[-97.6427,31.0608],[-97.6427,31.0617],[-97.6446,31.064],[-97.6464,31.0641],[-97.647,31.0652],[-97.653,31.0663],[-97.6539,31.0682],[-97.659,31.0701],[-97.6595,31.0729],[-97.6635,31.0713],[-97.6682,31.0718],[-97.6694,31.0732],[-97.6694,31.0743],[-97.6718,31.0738],[-97.679,31.0781],[-97.6817,31.0768],[-97.6868,31.078],[-97.6871,31.079],[-97.689,31.0794],[-97.6912,31.0811],[-97.6935,31.0795],[-97.6954,31.0804],[-97.7015,31.0793],[-97.7055,31.0764],[-97.7049,31.0754],[-97.7057,31.0743],[-97.708,31.0733],[-97.71,31.0737],[-97.7113,31.0732],[-97.7147,31.0703],[-97.7142,31.0668],[-97.7165,31.067],[-97.7181,31.0658],[-97.7213,31.0649],[-97.7223,31.0655],[-97.7234,31.0642],[-97.7278,31.0638],[-97.729,31.0632],[-97.7294,31.0618],[-97.733,31.0598],[-97.7339,31.0569],[-97.7362,31.0553],[-97.7374,31.0503],[-97.7414,31.0512],[-97.7448,31.0499],[-97.7469,31.0479],[-97.751,31.0549],[-97.7507,31.0611],[-97.7534,31.0635],[-97.7538,31.0673],[-97.756,31.0693],[-97.7567,31.0715],[-97.7664,31.0829],[-97.7692,31.0837],[-97.7722,31.0828],[-97.7788,31.0854],[-97.7794,31.0868],[-97.7828,31.0869],[-97.7854,31.0854],[-97.789,31.0878],[-97.7935,31.0865],[-97.7964,31.0841],[-97.7974,31.079],[-97.7986,31.0786],[-97.8014,31.0818],[-97.8037,31.0826],[-97.8068,31.0817],[-97.8089,31.0799],[-97.813,31.0804],[-97.8171,31.0794],[-97.8208,31.0732],[-97.8251,31.0719],[-97.8268,31.0705],[-97.8305,31.0715],[-97.836,31.0744],[-97.8373,31.074],[-97.8385,31.0719],[-97.8438,31.0715],[-97.8459,31.072],[-97.8488,31.074],[-97.8566,31.0736],[-97.8593,31.0755],[-97.8598,31.0769],[-97.863,31.0755],[-97.8645,31.0766],[-97.8676,31.0766],[-97.8689,31.0758],[-97.874,31.0796],[-97.8753,31.0863],[-97.8786,31.0894],[-97.8796,31.0912],[-97.8843,31.0943],[-97.885,31.0974],[-97.8912,31.1024],[-97.8955,31.1016],[-97.8971,31.1019],[-97.8995,31.1041],[-97.8999,31.1054],[-97.8977,31.1093],[-97.8963,31.1096],[-97.896,31.1106],[-97.8958,31.1157],[-97.8964,31.1163],[-97.899,31.1163],[-97.9038,31.1206],[-97.9068,31.1176],[-97.9107,31.1165],[-97.915,31.1178],[-97.9179,31.1173],[-97.9221,31.1186],[-97.926,31.118],[-97.9267,31.1171],[-97.9291,31.1175],[-97.9334,31.116],[-97.9359,31.1173],[-97.9364,31.1183],[-97.9346,31.1232],[-97.9354,31.1264],[-97.9344,31.1271],[-97.9336,31.1327],[-97.9319,31.1353],[-97.9315,31.1375],[-97.938,31.1402],[-97.9403,31.1395],[-97.944,31.1418],[-97.9454,31.1444],[-97.9436,31.1469],[-97.9448,31.1504],[-97.9465,31.1524],[-97.9491,31.1539],[-97.9502,31.1572],[-97.9546,31.158],[-97.9567,31.1567],[-97.9582,31.159],[-97.9615,31.1616],[-97.9633,31.1607],[-97.9669,31.1636],[-97.9727,31.1639],[-97.9744,31.1676],[-97.9785,31.1724],[-97.983,31.1724],[-97.9845,31.173],[-97.9859,31.1745],[-97.9856,31.1757],[-97.9899,31.1786],[-97.9927,31.1769],[-97.9948,31.1774],[-97.9971,31.177],[-98.0004,31.1787],[-98.0024,31.1782],[-98.0037,31.1787],[-98.0051,31.1795],[-98.0068,31.1821],[-98.009,31.1827],[-98.0093,31.1831],[-98.007,31.1845],[-98.0072,31.1857],[-98.0062,31.1874],[-98.0066,31.1885],[-98.0048,31.1907],[-98.004,31.1964],[-98.0032,31.1975],[-98.0058,31.2009],[-98.0067,31.2011],[-98.0075,31.2029],[-98.0095,31.2038],[-98.0099,31.2052],[-98.0085,31.2093],[-98.0093,31.2121],[-98.013,31.213],[-98.0139,31.2149],[-98.0168,31.2157],[-98.0197,31.2176],[-98.0217,31.2211],[-98.0218,31.2254],[-98.0206,31.2269],[-98.0207,31.2288],[-98.0266,31.2352],[-98.0275,31.2344],[-98.0294,31.2354],[-98.0327,31.2355],[-98.0335,31.2373],[-98.035,31.2384],[-98.0352,31.2417],[-98.0371,31.2437],[-98.0382,31.2435],[-98.0437,31.2451],[-98.0473,31.2469],[-98.0499,31.2465],[-98.0521,31.2471],[-98.0552,31.251],[-98.0557,31.2532],[-98.058,31.2567],[-98.0592,31.2568],[-98.0599,31.258],[-98.0597,31.2604],[-98.0628,31.2661],[-98.0696,31.2672],[-98.0718,31.2694],[-98.0726,31.2734],[-98.0695,31.28],[-98.0682,31.2799],[-98.0666,31.2816],[-98.0669,31.2828],[-98.0683,31.2836],[-98.0685,31.2853],[-98.0709,31.287],[-98.0723,31.2904],[-98.0758,31.2917],[-98.0758,31.2932],[-98.0793,31.2968],[-98.0792,31.2985],[-98.0845,31.3018],[-98.0853,31.3054],[-98.0867,31.3071],[-98.0901,31.3062],[-98.0913,31.3073],[-98.0935,31.3153],[-98.0993,31.3153],[-98.1001,31.3177],[-98.1036,31.3202],[-98.1055,31.3263],[-98.1105,31.3279],[-98.1078,31.3313],[-98.1078,31.3329],[-98.1132,31.3398],[-98.1145,31.3434],[-98.114,31.3447],[-98.1151,31.3476],[-98.1141,31.3509],[-98.1143,31.3561],[-98.117,31.3603],[-98.1182,31.3638],[-98.1206,31.3648],[-98.1235,31.3641],[-98.124,31.365],[-98.1232,31.3765],[-98.1261,31.3802],[-98.1256,31.3837],[-98.1218,31.3854],[-98.1242,31.391],[-98.1267,31.3931],[-98.1263,31.3955],[-98.1272,31.4005],[-98.1299,31.4013],[-98.1304,31.4021],[-98.1325,31.406],[-98.1335,31.4112],[-98.1348,31.4141],[-98.1417,31.42],[-98.1429,31.4241],[-98.1424,31.4264],[-98.1442,31.4276],[-98.1474,31.4282],[-98.1487,31.4312],[-98.1473,31.4332],[-98.1476,31.4352],[-98.1514,31.4383],[-98.1527,31.4415],[-98.1545,31.4416],[-98.156,31.4428],[-98.1589,31.4431],[-98.1589,31.4444],[-98.1615,31.446],[-98.1662,31.4471],[-98.1664,31.4523],[-98.1682,31.4531],[-98.171,31.4566],[-98.1727,31.4563],[-98.1746,31.4567],[-98.178,31.4643],[-98.1773,31.4697],[-98.178,31.4706],[-98.178,31.4756],[-98.1782,31.4774],[-98.1798,31.4787],[-98.1786,31.4815],[-98.1784,31.4865],[-98.1789,31.4882],[-98.1818,31.4904],[-98.182,31.4914],[-98.1804,31.4943],[-98.1823,31.4964],[-98.1827,31.499],[-98.1856,31.5006],[-98.1863,31.5043],[-98.1902,31.5092],[-98.1927,31.5171],[-98.1957,31.5192],[-98.1978,31.5228],[-98.2003,31.5216],[-98.2048,31.5207],[-98.2061,31.5195],[-98.2086,31.5205],[-98.209,31.5222],[-98.2109,31.5247],[-98.2142,31.5268],[-98.2161,31.5302],[-98.2168,31.5335],[-98.2258,31.5401],[-98.2276,31.5389],[-98.2283,31.5372],[-98.2303,31.5365],[-98.2303,31.5338],[-98.2324,31.532],[-98.2397,31.5313],[-98.2404,31.5338],[-98.2436,31.5353],[-98.2436,31.5383],[-98.2471,31.5414],[-98.2468,31.5442],[-98.2482,31.5467],[-98.2517,31.5471],[-98.2552,31.5467],[-98.2562,31.5479],[-98.2588,31.5485],[-98.2607,31.5475],[-98.2655,31.5499],[-98.2669,31.5497],[-98.2689,31.5505],[-98.2706,31.5482],[-98.2727,31.5492],[-98.2758,31.5486],[-98.2787,31.5492],[-98.2801,31.5502],[-98.283,31.5486],[-98.2888,31.5505],[-98.2905,31.5525],[-98.3028,31.5563],[-98.3054,31.5613],[-98.3079,31.5641],[-98.3118,31.5666],[-98.3112,31.5684],[-98.3143,31.5727],[-98.3143,31.5767],[-98.3152,31.5779],[-98.3184,31.5789],[-98.3218,31.5789],[-98.3253,31.5777],[-98.3264,31.58],[-98.328,31.5815],[-98.328,31.5833],[-98.3288,31.5841],[-98.3322,31.5847],[-98.3342,31.5821],[-98.3377,31.5815],[-98.3408,31.5799],[-98.3444,31.5811],[-98.3475,31.5806],[-98.349,31.5818],[-98.3498,31.5846],[-98.352,31.5876],[-98.3564,31.5889],[-98.3571,31.5933],[-98.3585,31.5951],[-98.3615,31.6021],[-98.3667,31.6027],[-98.3703,31.5998],[-98.3752,31.6025],[-98.3774,31.606],[-98.3808,31.6068],[-98.3842,31.6098],[-98.3849,31.6132]]]}},
{"type":"Feature","properties":{"name":"Little","huc8":"12070204","sq_km":2598.58},"geometry":{"type":"Polygon","coordinates":[[[-97.3336,31.3079],[-97.341,31.3114],[-97.3417,31.3158],[-97.3492,31.3181],[-97.3532,31.3164],[-97.3538,31.3141],[-97.3588,31.3105],[-97.3607,31.3104],[-97.3618,31.3069],[-97.3644,31.305],[-97.3644,31.3041],[-97.3656,31.3032],[-97.3639,31.3004],[-97.3653,31.2973],[-97.3642,31.2962],[-97.3667,31.2876],[-97.3683,31.2877],[-97.37,31.2838],[-97.3671,31.2802],[-97.3669,31.278],[-97.369,31.2763],[-97.3675,31.2747],[-97.3675,31.2737],[-97.3667,31.2737],[-97.3659,31.2611],[-97.368,31.2599],[-97.368,31.2567],[-97.3666,31.2553],[-97.3653,31.2548],[-97.3641,31.2553],[-97.3631,31.2533],[-97.3638,31.2505],[-97.3652,31.2492],[-97.3652,31.2478],[-97.3671,31.2478],[-97.3688,31.2436],[-97.3683,31.2379],[-97.3673,31.237],[-97.3676,31.2345],[-97.362,31.2328],[-97.3612,31.2332],[-97.3559,31.2248],[-97.3533,31.2259],[-97.3509,31.2227],[-97.3518,31.2212],[-97.3519,31.2165],[-97.3528,31.2155],[-97.3503,31.2116],[-97.3478,31.2116],[-97.3458,31.2098],[-97.3398,31.207],[-97.3383,31.2049],[-97.3375,31.2016],[-97.3352,31.2004],[-97.3365,31.1984],[-97.339,31.1972],[-97.3394,31.1942],[-97.341,31.1911],[-97.341,31.1879],[-97.3427,31.1872],[-97.3445,31.1848],[-97.3495,31.1815],[-97.3493,31.1786],[-97.3557,31.174],[-97.3562,31.1687],[-97.3612,31.1685],[-97.3617,31.1675],[-97.3592,31.163],[-97.3563,31.1613],[-97.3568,31.1577],[-97.3553,31.1564],[-97.356,31.1544],[-97.3552,31.1509],[-97.3509,31.1493],[-97.3508,31.147],[-97.3495,31.145],[-97.3504,31.1422],[-97.3495,31.1376],[-97.3533,31.1345],[-97.3571,31.1325],[-97.3565,31.1288],[-97.357,31.1266],[-97.3564,31.1257],[-97.3537,31.1256],[-97.3525,31.1244],[-97.346,31.1266],[-97.345,31.1248],[-97.3427,31.124],[-97.3467,31.109],[-97.3447,31.1045],[-97.3448,31.1011],[-97.3459,31.099],[-97.3566,31.102],[-97.3571,31.1006],[-97.3566,31.1001],[-97.3574,31.0968],[-97.3532,31.0956],[-97.3521,31.0941],[-97.3525,31.092],[-97.3514,31.0904],[-97.3497,31.0899],[-97.3497,31.0883],[-97.3468,31.0847],[-97.3468,31.0812],[-97.3446,31.0772],[-97.3457,31.0741],[-97.347,31.074],[-97.3476,31.0727],[-97.3489,31.0721],[-97.3496,31.0693],[-97.3487,31.0678],[-97.3492,31.0664],[-97.3484,31.0638],[-97.3497,31.0616],[-97.3491,31.0606],[-97.3591,31.0379],[-97.3643,31.0366],[-97.3673,31.0374],[-97.3686,31.0366],[-97.3704,31.0371],[-97.3714,31.0383],[-97.3752,31.0383],[-97.3767,31.0366],[-97.3756,31.0348],[-97.3759,31.0331],[-97.3809,31.0252],[-97.3809,31.0236],[-97.3792,31.0213],[-97.3792,31.02],[-97.3805,31.0181],[-97.3816,31.0102],[-97.3812,31.0077],[-97.3834,31.0039],[-97.3834,31.001],[-97.3853,30.9987],[-97.3891,30.9963],[-97.3892,30.9917],[-97.3903,30.9912],[-97.391,30.9886],[-97.3929,30.9886],[-97.394,30.9876],[-97.3976,30.9877],[-97.3999,30.9857],[-97.4006,30.9841],[-97.402,30.9844],[-97.4039,30.9829],[-97.4043,30.9813],[-97.4062,30.9799],[-97.4103,30.9803],[-97.4115,30.9795],[-97.4124,30.9735],[-97.4134,30.9723],[-97.4128,30.9703],[-97.4138,30.9686],[-97.4157,30.9677],[-97.4156,30.966],[-97.4177,30.9634],[-97.4179,30.956],[-97.4145,30.9531],[-97.418,30.9472],[-97.4211,30.9445],[-97.4211,30.9433],[-97.4223,30.9423],[-97.4201,30.9366],[-97.4217,30.933],[-97.4257,30.9324],[-97.4267,30.9311],[-97.4298,30.9296],[-97.4302,30.927],[-97.4335,30.925],[-97.4356,30.925],[-97.4387,30.9263],[-97.4391,30.9282],[-97.4429,30.9262],[-97.4459,30.9291],[-97.4474,30.9255],[-97.4467,30.9203],[-97.4497,30.9209],[-97.4524,30.9206],[-97.4535,30.9212],[-97.4538,30.9227],[-97.4566,30.9216],[-97.4586,30.9228],[-97.4585,30.9236],[-97.4649,30.9226],[-97.4656,30.9242],[-97.4724,30.9249],[-97.4733,30.9226],[-97.4745,30.9232],[-97.4833,30.9219],[-97.4847,30.9163],[-97.4842,30.915],[-97.485,30.914],[-97.4907,30.9139],[-97.497,30.9195],[-97.4997,30.9183],[-97.5009,30.9164],[-97.5033,30.9151],[-97.5035,30.9122],[-97.5051,30.9096],[-97.5097,30.9089],[-97.5117,30.9098],[-97.5151,30.9065],[-97.5168,30.9065],[-97.5204,30.9051],[-97.5255,30.9082],[-97.5259,30.9051],[-97.5285,30.9039],[-97.5287,30.9002],[-97.5264,30.8963],[-97.5294,30.8945],[-97.5299,30.8894],[-97.5311,30.8879],[-97.5318,30.8849],[-97.5353,30.8863],[-97.5428,30.884],[-97.5468,30.879],[-97.549,30.8782],[-97.5561,30.8793],[-97.5581,30.8818],[-97.5588,30.8792],[-97.5597,30.8787],[-97.5583,30.8732],[-97.5584,30.8691],[-97.5601,30.8662],[-97.559,30.8629],[-97.564,30.8621],[-97.5664,30.8601],[-97.5692,30.8593],[-97.5705,30.8576],[-97.5754,30.8607],[-97.578,30.8573],[-97.5802,30.8592],[-97.5824,30.8596],[-97.5839,30.8578],[-97.5902,30.8555],[-97.5912,30.8533],[-97.5921,30.8536],[-97.593,30.852],[-97.5943,30.8514],[-97.5955,30.846],[-97.5939,30.8453],[-97.5942,30.8382],[-97.5935,30.8364],[-97.5992,30.8363],[-97.6003,30.8374],[-97.6013,30.8369],[-97.6025,30.8328],[-97.6059,30.8316],[-97.6073,30.832],[-97.6063,30.829],[-97.6082,30.8263],[-97.6101,30.8257],[-97.6084,30.8232],[-97.6097,30.8199],[-97.6072,30.8185],[-97.6102,30.8133],[-97.6093,30.8092],[-97.6063,30.8073],[-97.6049,30.8053],[-97.599,30.8043],[-97.5955,30.8045],[-97.5943,30.8035],[-97.5901,30.8034],[-97.5872,30.8053],[-97.5846,30.8036],[-97.582,30.8045],[-97.5798,30.8028],[-97.5766,30.8018],[-97.5762,30.7998],[-97.5733,30.7997],[-97.5716,30.7984],[-97.5698,30.7989],[-97.5675,30.8015],[-97.5632,30.8042],[-97.5629,30.806],[-97.5589,30.807],[-97.5551,30.8058],[-97.5547,30.8041],[-97.5525,30.8038],[-97.5498,30.8048],[-97.5473,30.805],[-97.5449,30.8033],[-97.5435,30.8047],[-97.5405,30.804],[-97.5394,30.8],[-97.5363,30.7991],[-97.5336,30.7972],[-97.5316,30.7995],[-97.5268,30.7971],[-97.5216,30.7926],[-97.5214,30.7884],[-97.5189,30.7836],[-97.5189,30.7819],[-97.5161,30.7807],[-97.5155,30.7797],[-97.513,30.7781],[-97.5107,30.7753],[-97.5092,30.7709],[-97.5067,30.7699],[-97.5067,30.768],[-97.5059,30.7671],[-97.5033,30.7669],[-97.503,30.7648],[-97.4974,30.764],[-97.4978,30.7627],[-97.4894,30.7592],[-97.4888,30.7583],[-97.4877,30.7586],[-97.4834,30.7571],[-97.4795,30.7575],[-97.4775,30.7563],[-97.4749,30.7567],[-97.4733,30.754],[-97.4692,30.7527],[-97.4672,30.7502],[-97.4641,30.7506],[-97.4632,30.7487],[-97.459,30.7463],[-97.4559,30.7462],[-97.4548,30.7475],[-97.4526,30.7462],[-97.4524,30.7451],[-97.4482,30.7471],[-97.4459,30.7459],[-97.4433,30.7481],[-97.4423,30.7501],[-97.4379,30.7501],[-97.4343,30.7464],[-97.4329,30.7459],[-97.4308,30.7468],[-97.4275,30.7457],[-97.4262,30.7478],[-97.4258,30.7503],[-97.42,30.7502],[-97.4203,30.7521],[-97.4196,30.753],[-97.4138,30.7535],[-97.4124,30.757],[-97.409,30.7579],[-97.4066,30.7609],[-97.4051,30.7607],[-97.4022,30.7646],[-97.4006,30.7649],[-97.3992,30.7619],[-97.3978,30.7608],[-97.3948,30.7617],[-97.3934,30.7653],[-97.3897,30.7663],[-97.3883,30.7738],[-97.3865,30.7762],[-97.3841,30.7777],[-97.3834,30.7807],[-97.3822,30.7811],[-97.3817,30.7844],[-97.3798,30.7862],[-97.378,30.7869],[-97.3763,30.7851],[-97.3728,30.7873],[-97.3724,30.7901],[-97.3694,30.7894],[-97.3546,30.7935],[-97.3521,30.7918],[-97.3469,30.79],[-97.3455,30.7928],[-97.3436,30.7944],[-97.3377,30.7932],[-97.332,30.7931],[-97.3281,30.791],[-97.3251,30.791],[-97.3205,30.7898],[-97.3187,30.7881],[-97.3141,30.7873],[-97.3096,30.7845],[-97.3078,30.7845],[-97.3042,30.7804],[-97.3023,30.7798],[-97.3005,30.7766],[-97.2964,30.7729],[-97.2956,30.7763],[-97.2951,30.777],[-97.2928,30.7774],[-97.292,30.7791],[-97.2916,30.7833],[-97.2864,30.7849],[-97.2854,30.7813],[-97.2832,30.7789],[-97.2802,30.7787],[-97.2777,30.7794],[-97.2754,30.7789],[-97.2725,30.7749],[-97.2716,30.7722],[-97.2723,30.7701],[-97.2718,30.7676],[-97.2685,30.7657],[-97.266,30.7674],[-97.2628,30.7733],[-97.2545,30.769],[-97.2538,30.7673],[-97.2482,30.7671],[-97.2409,30.7641],[-97.239,30.7612],[-97.2353,30.7619],[-97.2252,30.7619],[-97.2124,30.7573],[-97.209,30.7589],[-97.2065,30.7573],[-97.2041,30.7583],[-97.2017,30.7575],[-97.1997,30.7549],[-97.1924,30.7556],[-97.1908,30.7565],[-97.189,30.7591],[-97.1868,30.7577],[-97.1843,30.7577],[-97.1816,30.7559],[-97.1756,30.755],[-97.1736,30.7555],[-97.1717,30.7546],[-97.1653,30.7574],[-97.1613,30.7547],[-97.1595,30.7551],[-97.1591,30.7561],[-97.1566,30.7569],[-97.1518,30.7545],[-97.1506,30.7517],[-97.1456,30.7524],[-97.1452,30.7574],[-97.1433,30.7578],[-97.1421,30.7557],[-97.1375,30.7523],[-97.1366,30.7507],[-97.1375,30.7489],[-97.132,30.7474],[-97.1305,30.7449],[-97.1288,30.7443],[-97.1275,30.7506],[-97.1265,30.7489],[-97.1238,30.747],[-97.1163,30.7438],[-97.1147,30.7418],[-97.1129,30.7413],[-97.1121,30.7421],[-97.1108,30.7459],[-97.1084,30.7471],[-97.1067,30.7466],[-97.1009,30.7494],[-97.099,30.7494],[-97.0958,30.7469],[-97.091,30.7485],[-97.0912,30.7515],[-97.0897,30.7535],[-97.0871,30.7546],[-97.086,30.758],[-97.0813,30.7575],[-97.0789,30.7555],[-97.0714,30.7559],[-97.0688,30.7545],[-97.0659,30.7593],[-97.064,30.7596],[-97.0613,30.7578],[-97.0601,30.7578],[-97.0568,30.7601],[-97.0527,30.7605],[-97.0518,30.7592],[-97.0518,30.7564],[-97.0504,30.7555],[-97.0501,30.7536],[-97.0486,30.7518],[-97.0467,30.7507],[-97.0414,30.7497],[-97.0403,30.7527],[-97.0356,30.7554],[-97.0214,30.7557],[-97.0162,30.7583],[-97.0142,30.7605],[-97.0122,30.7583],[-97.0153,30.752],[-97.0183,30.7495],[-97.015,30.745],[-97.0172,30.7426],[-97.0168,30.7412],[-97.0153,30.7398],[-97.0163,30.7371],[-97.014,30.7344],[-97.0153,30.7331],[-97.0159,30.7306],[-97.0146,30.7277],[-97.0147,30.7217],[-97.014,30.7196],[-97.0128,30.719],[-97.0137,30.7183],[-97.0142,30.716],[-97.0122,30.7113],[-97.0125,30.7104],[-97.0101,30.7034],[-97.0111,30.6969],[-97.0089,30.6932],[-97.0082,30.6909],[-97.0089,30.6893],[-97.0075,30.6863],[-97.0029,30.6813],[-97.0041,30.6789],[-97.0029,30.6782],[-97.0004,30.6782],[-97.0008,30.676],[-96.9968,30.6745],[-96.9922,30.6708],[-96.9869,30.6712],[-96.9826,30.6698],[-96.9807,30.6675],[-96.9784,30.6693],[-96.9752,30.6676],[-96.9732,30.6645],[-96.9726,30.6617],[-96.9745,30.6585],[-96.9722,30.6574],[-96.9702,30.655],[-96.9674,30.6543],[-96.9642,30.6511],[-96.9619,30.6509],[-96.9618,30.6535],[-96.959,30.6538],[-96.9572,30.6523],[-96.9545,30.652],[-96.9507,30.6499],[-96.9474,30.6518],[-96.9442,30.6513],[-96.9423,30.6527],[-96.9412,30.6552],[-96.9399,30.6551],[-96.9311,30.6506],[-96.9306,30.6486],[-96.9296,30.6482],[-96.9272,30.6488],[-96.9239,30.6466],[-96.9212,30.6469],[-96.9181,30.6437],[-96.9085,30.643],[-96.9079,30.6455],[-96.9052,30.6469],[-96.9043,30.6484],[-96.9054,30.6534],[-96.901,30.6544],[-96.8967,30.6542],[-96.8954,30.6596],[-96.8956,30.6629],[-96.8938,30.6649],[-96.8946,30.6696],[-96.8933,30.6741],[-96.8921,30.6761],[-96.8908,30.6765],[-96.8889,30.6782],[-96.8881,30.6821],[-96.886,30.6821],[-96.8835,30.6836],[-96.884,30.6855],[-96.8812,30.6881],[-96.8804,30.6906],[-96.8781,30.6914],[-96.8784,30.6932],[-96.8803,30.6956],[-96.8753,30.6987],[-96.8757,30.7006],[-96.8743,30.7014],[-96.8725,30.7048],[-96.8701,30.7067],[-96.8679,30.7098],[-96.8687,30.7117],[-96.8667,30.715],[-96.8645,30.7163],[-96.8585,30.7165],[-96.8567,30.7179],[-96.8531,30.7189],[-96.8504,30.7254],[-96.8506,30.7275],[-96.8474,30.7312],[-96.8491,30.7341],[-96.8463,30.7362],[-96.8456,30.7381],[-96.839,30.7414],[-96.8377,30.7377],[-96.8356,30.7394],[-96.8339,30.7398],[-96.8326,30.7389],[-96.831,30.7388],[-96.8299,30.737],[-96.8279,30.7363],[-96.8255,30.7364],[-96.8229,30.7345],[-96.8202,30.7374],[-96.8148,30.738],[-96.8128,30.7349],[-96.8101,30.7335],[-96.8074,30.7287],[-96.8003,30.729],[-96.7976,30.7263],[-96.7967,30.7262],[-96.7918,30.7283],[-96.7883,30.7289],[-96.787,30.7311],[-96.7837,30.7314],[-96.7777,30.734],[-96.7741,30.7363],[-96.7725,30.7355],[-96.772,30.7417],[-96.769,30.7417],[-96.7685,30.7432],[-96.7689,30.745],[-96.7705,30.7469],[-96.7705,30.7498],[-96.7717,30.7526],[-96.7734,30.7542],[-96.7721,30.7582],[-96.7715,30.7587],[-96.7683,30.7575],[-96.7665,30.7587],[-96.7662,30.7601],[-96.765,30.7602],[-96.7639,30.7613],[-96.763,30.7655],[-96.7564,30.7676],[-96.7564,30.7711],[-96.7584,30.7734],[-96.7583,30.7749],[-96.7559,30.7761],[-96.7561,30.7787],[-96.7576,30.7796],[-96.7574,30.7836],[-96.7561,30.7851],[-96.7571,30.7867],[-96.7565,30.7899],[-96.7555,30.7897],[-96.7531,30.7909],[-96.7531,30.7931],[-96.7518,30.792],[-96.7474,30.7908],[-96.7468,30.7899],[-96.7425,30.7897],[-96.741,30.791],[-96.7377,30.7908],[-96.7366,30.7919],[-96.7378,30.7936],[-96.7376,30.7959],[-96.7361,30.799],[-96.7365,30.8037],[-96.735,30.8054],[-96.7343,30.8044],[-96.7309,30.8048],[-96.7287,30.8067],[-96.7289,30.8088],[-96.7268,30.8092],[-96.7269,30.8111],[-96.7284,30.8127],[-96.729,30.8152],[-96.7329,30.8175],[-96.7329,30.8205],[-96.731,30.8209],[-96.7274,30.8205],[-96.7198,30.8143],[-96.7172,30.8146],[-96.7146,30.813],[-96.7129,30.8131],[-96.7083,30.8116],[-96.707,30.8116],[-96.7063,30.8126],[-96.7036,30.812],[-96.7037,30.8174],[-96.7001,30.8186],[-96.6984,30.8231],[-96.6995,30.8245],[-96.698,30.825],[-96.6951,30.8279],[-96.695,30.8289],[-96.6983,30.8337],[-96.6917,30.8348],[-96.6882,30.8376],[-96.6878,30.8396],[-96.6855,30.8415],[-96.6842,30.8418],[-96.6823,30.8405],[-96.679,30.8401],[-96.6777,30.8404],[-96.6776,30.842],[-96.6824,30.8458],[-96.6825,30.848],[-96.6852,30.852],[-96.6868,30.8526],[-96.6897,30.8521],[-96.6968,30.8545],[-96.6985,30.8541],[-96.7006,30.8551],[-96.7016,30.8578],[-96.6996,30.8609],[-96.7028,30.8639],[-96.7038,30.8663],[-96.707,30.8695],[-96.7079,30.872],[-96.7096,30.8734],[-96.7076,30.8802],[-96.7093,30.8845],[-96.7115,30.8858],[-96.7114,30.8887],[-96.7124,30.8903],[-96.7168,30.8912],[-96.7196,30.8933],[-96.7236,30.8946],[-96.7258,30.8943],[-96.7274,30.8956],[-96.7306,30.895],[-96.7368,30.8972],[-96.7386,30.8964],[-96.7452,30.8974],[-96.746,30.8991],[-96.7452,30.9017],[-96.748,30.904],[-96.7479,30.9051],[-96.7557,30.9081],[-96.7549,30.9104],[-96.7556,30.915],[-96.7569,30.917],[-96.7564,30.92],[-96.7583,30.9212],[-96.7593,30.9238],[-96.7616,30.9223],[-96.7652,30.9252],[-96.7687,30.9256],[-96.7712,30.928],[-96.7732,30.9289],[-96.7767,30.9332],[-96.7787,30.9325],[-96.7839,30.9287],[-96.7863,30.9293],[-96.7892,30.9292],[-96.7919,30.9307],[-96.7941,30.9304],[-96.7968,30.9313],[-96.7989,30.9342],[-96.8032,30.9365],[-96.8028,30.94],[-96.8014,30.9423],[-96.8024,30.9442],[-96.8017,30.9488],[-96.8028,30.951],[-96.8001,30.954],[-96.8018,30.9585],[-96.8007,30.9605],[-96.8028,30.9607],[-96.8055,30.9634],[-96.8048,30.9656],[-96.8066,30.9667],[-96.8073,30.9692],[-96.806,30.9728],[-96.8081,30.975],[-96.8074,30.9773],[-96.8079,30.9779],[-96.8109,30.9775],[-96.8114,30.9745],[-96.8133,30.9732],[-96.8172,30.9731],[-96.8179,30.9721],[-96.8191,30.9719],[-96.8185,30.9688],[-96.821,30.9662],[-96.8233,30.9669],[-96.826,30.969],[-96.8261,30.9709],[-96.8275,30.972],[-96.8317,30.9699],[-96.8363,30.9701],[-96.8388,30.9742],[-96.8394,30.9793],[-96.8433,30.9796],[-96.8442,30.982],[-96.8454,30.9818],[-96.8486,30.9795],[-96.8495,30.9774],[-96.8513,30.9755],[-96.8525,30.9752],[-96.8609,30.9765],[-96.8649,30.9795],[-96.865,30.9777],[-96.8675,30.9741],[-96.8702,30.9745],[-96.8725,30.9714],[-96.8766,30.97],[-96.8808,30.9708],[-96.8816,30.9671],[-96.8837,30.9641],[-96.8896,30.9651],[-96.8918,30.9622],[-96.891,30.9587],[-96.8917,30.9568],[-96.8932,30.9571],[-96.8943,30.9566],[-96.8945,30.9539],[-96.8957,30.9527],[-96.902,30.9511],[-96.9015,30.953],[-96.9018,30.9557],[-96.9063,30.9587],[-96.9089,30.9622],[-96.9091,30.9629],[-96.9067,30.966],[-96.9071,30.9676],[-96.9087,30.969],[-96.9098,30.9688],[-96.911,30.9675],[-96.913,30.9673],[-96.9133,30.966],[-96.9146,30.965],[-96.9171,30.9659],[-96.9213,30.9654],[-96.9226,30.966],[-96.925,30.9698],[-96.9296,30.9711],[-96.9322,30.9692],[-96.9353,30.9704],[-96.937,30.9718],[-96.9361,30.9754],[-96.9367,30.978],[-96.9406,30.978],[-96.9423,30.9786],[-96.9485,30.9833],[-96.9595,30.9836],[-96.966,30.9873],[-96.9705,30.9868],[-96.9719,30.9875],[-96.9724,30.9888],[-96.9708,30.9918],[-96.9713,30.993],[-96.9708,30.9954],[-96.972,30.9964],[-96.9747,30.9951],[-96.9764,30.9951],[-96.9776,30.9966],[-96.9768,31.001],[-96.9789,31.0042],[-96.9785,31.0112],[-96.9803,31.0167],[-96.9822,31.0163],[-96.9846,31.0141],[-96.9868,31.0144],[-96.9884,31.0153],[-96.99,31.0177],[-96.9928,31.0183],[-96.994,31.0194],[-96.9955,31.0239],[-97.0006,31.025],[-97.0018,31.0201],[-97.0015,31.0171],[-97.0046,31.0143],[-97.0052,31.0123],[-97.0088,31.0096],[-97.0108,31.0115],[-97.0108,31.014],[-97.0128,31.0158],[-97.02,31.0181],[-97.022,31.0211],[-97.0236,31.0209],[-97.0262,31.0186],[-97.0282,31.0183],[-97.0309,31.0197],[-97.0333,31.022],[-97.0408,31.0232],[-97.0417,31.0245],[-97.041,31.0287],[-97.0472,31.026],[-97.0472,31.0292],[-97.0521,31.0297],[-97.0525,31.0319],[-97.0559,31.034],[-97.062,31.0348],[-97.0649,31.0339],[-97.0663,31.0344],[-97.0677,31.0363],[-97.0723,31.0376],[-97.0726,31.0394],[-97.0733,31.0396],[-97.0772,31.0384],[-97.0824,31.0418],[-97.0835,31.0459],[-97.0869,31.0455],[-97.0893,31.0466],[-97.091,31.0493],[-97.0912,31.0515],[-97.0957,31.0525],[-97.1003,31.0546],[-97.1039,31.0593],[-97.1074,31.0622],[-97.1097,31.0662],[-97.1125,31.0678],[-97.1134,31.0691],[-97.1148,31.0718],[-97.1134,31.0746],[-97.1193,31.0834],[-97.1151,31.086],[-97.115,31.0866],[-97.1173,31.0889],[-97.1181,31.0916],[-97.1221,31.0917],[-97.1234,31.0977],[-97.1257,31.0999],[-97.1257,31.1024],[-97.1243,31.1059],[-97.1265,31.1128],[-97.1295,31.1146],[-97.1305,31.117],[-97.1303,31.1188],[-97.1285,31.1213],[-97.1347,31.1248],[-97.1344,31.1276],[-97.1352,31.1283],[-97.1408,31.1304],[-97.1412,31.1323],[-97.1406,31.134],[-97.1413,31.1355],[-97.1426,31.1358],[-97.1443,31.1351],[-97.1483,31.1363],[-97.1526,31.133],[-97.1535,31.1291],[-97.1565,31.128],[-97.1596,31.1279],[-97.1662,31.1307],[-97.1687,31.1338],[-97.1681,31.1365],[-97.1706,31.1387],[-97.1739,31.1391],[-97.1726,31.1441],[-97.1772,31.1473],[-97.1776,31.1492],[-97.1783,31.1497],[-97.182,31.1488],[-97.1852,31.1523],[-97.1868,31.1521],[-97.1901,31.1494],[-97.1977,31.1471],[-97.2047,31.147],[-97.2081,31.1441],[-97.2148,31.144],[-97.221,31.1455],[-97.2235,31.1471],[-97.223,31.1508],[-97.2237,31.1516],[-97.2279,31.1519],[-97.2307,31.153],[-97.2319,31.1574],[-97.2346,31.1593],[-97.2353,31.1643],[-97.2401,31.1671],[-97.2434,31.1732],[-97.245,31.175],[-97.2475,31.1759],[-97.2484,31.1781],[-97.2471,31.18],[-97.2473,31.1811],[-97.2503,31.1852],[-97.2529,31.1863],[-97.254,31.1879],[-97.2524,31.1909],[-97.2541,31.1946],[-97.2567,31.1954],[-97.2577,31.2005],[-97.2566,31.2021],[-97.2579,31.204],[-97.258,31.2067],[-97.2591,31.2078],[-97.2597,31.2105],[-97.2594,31.2152],[-97.2625,31.2171],[-97.2619,31.2204],[-97.2623,31.2227],[-97.269,31.2248],[-97.2711,31.2287],[-97.2695,31.2312],[-97.2692,31.235],[-97.2748,31.2391],[-97.2734,31.2436],[-97.2737,31.2481],[-97.2719,31.2503],[-97.2759,31.2522],[-97.2793,31.255],[-97.2807,31.2567],[-97.2806,31.2589],[-97.2834,31.2598],[-97.2883,31.2629],[-97.2903,31.265],[-97.2925,31.2659],[-97.296,31.2657],[-97.3007,31.2678],[-97.3011,31.272],[-97.3062,31.274],[-97.3076,31.2796],[-97.3095,31.2813],[-97.3103,31.2829],[-97.3101,31.2873],[-97.3116,31.2902],[-97.3153,31.2921],[-97.3155,31.2961],[-97.3184,31.2994],[-97.3209,31.3002],[-97.3222,31.3034],[-97.322,31.3059],[-97.3243,31.3087],[-97.3336,31.3079]]]}},
{"type":"Feature","properties":{"name":"San Gabriel","huc8":"12070205","sq_km":3539.87},"geometry":{"type":"Polygon","coordinates":[[[-98.1951,30.9174],[-98.1965,30.9175],[-98.1981,30.9189],[-98.2034,30.9178],[-98.2039,30.9171],[-98.2029,30.9147],[-98.2067,30.9158],[-98.2122,30.9163],[-98.215,30.9155],[-98.2159,30.9139],[-98.2177,30.9142],[-98.2194,30.9135],[-98.2209,30.9118],[-98.2234,30.9116],[-98.226,30.9123],[-98.2267,30.9113],[-98.2288,30.911],[-98.2285,30.9083],[-98.23,30.9053],[-98.233,30.9038],[-98.2341,30.8986],[-98.2376,30.8962],[-98.2401,30.8929],[-98.2401,30.8861],[-98.2411,30.8843],[-98.2393,30.8816],[-98.2382,30.8756],[-98.2357,30.8748],[-98.2348,30.8732],[-98.232,30.8717],[-98.2316,30.8655],[-98.2332,30.8641],[-98.2332,30.8615],[-98.2348,30.8593],[-98.2342,30.8576],[-98.2349,30.8565],[-98.2326,30.8501],[-98.2311,30.8492],[-98.2323,30.8471],[-98.2358,30.8448],[-98.2396,30.8444],[-98.2409,30.8429],[-98.242,30.8428],[-98.2439,30.839],[-98.2477,30.8367],[-98.2477,30.8345],[-98.2501,30.8333],[-98.2526,30.8305],[-98.2542,30.8305],[-98.2574,30.8274],[-98.263,30.8274],[-98.2639,30.8248],[-98.2671,30.8206],[-98.2591,30.818],[-98.2573,30.8153],[-98.254,30.8139],[-98.2502,30.8151],[-98.2468,30.8133],[-98.2437,30.8125],[-98.2414,30.8081],[-98.2397,30.8078],[-98.2393,30.807],[-98.2395,30.8048],[-98.2363,30.8031],[-98.2337,30.8008],[-98.2332,30.7981],[-98.2317,30.7975],[-98.2305,30.7955],[-98.2225,30.7962],[-98.2205,30.7947],[-98.2111,30.7914],[-98.2066,30.7766],[-98.2085,30.7739],[-98.2071,30.7712],[-98.2077,30.77],[-98.205,30.7689],[-98.2027,30.7661],[-98.2012,30.7661],[-98.199,30.7643],[-98.1961,30.7636],[-98.1947,30.7612],[-98.1915,30.7612],[-98.1896,30.7601],[-98.1867,30.7567],[-98.1826,30.7553],[-98.1849,30.7508],[-98.1837,30.7476],[-98.1832,30.7421],[-98.1813,30.7408],[-98.1779,30.7352],[-98.1723,30.7349],[-98.1667,30.7335],[-98.162,30.7332],[-98.1628,30.7294],[-98.1606,30.7275],[-98.1593,30.7252],[-98.1613,30.7224],[-98.1568,30.7207],[-98.1551,30.7192],[-98.1534,30.7163],[-98.1534,30.7147],[-98.148,30.7102],[-98.1489,30.7082],[-98.1471,30.7059],[-98.1471,30.7034],[-98.1484,30.7012],[-98.1487,30.6987],[-98.1537,30.6946],[-98.153,30.6923],[-98.1499,30.69],[-98.1495,30.6854],[-98.1516,30.6825],[-98.1451,30.678],[-98.1403,30.6775],[-98.1383,30.6782],[-98.132,30.6772],[-98.1299,30.6778],[-98.123,30.6734],[-98.1189,30.6742],[-98.1137,30.6704],[-98.114,30.6648],[-98.1131,30.6642],[-98.1117,30.664],[-98.1099,30.6655],[-98.1065,30.6659],[-98.1039,30.667],[-98.1006,30.6666],[-98.1001,30.665],[-98.0984,30.6658],[-98.0975,30.6655],[-98.0953,30.6631],[-98.0958,30.6622],[-98.0942,30.6613],[-98.0931,30.6594],[-98.0935,30.6542],[-98.0899,30.6475],[-98.0843,30.6478],[-98.0821,30.6487],[-98.0791,30.6483],[-98.0749,30.6498],[-98.0685,30.6489],[-98.0676,30.6477],[-98.0669,30.6441],[-98.064,30.6435],[-98.0603,30.6417],[-98.062,30.6381],[-98.0611,30.6358],[-98.0582,30.6338],[-98.0561,30.6308],[-98.0559,30.6275],[-98.0497,30.6244],[-98.0488,30.623],[-98.0447,30.6207],[-98.0376,30.6176],[-98.0362,30.6126],[-98.0318,30.6129],[-98.0301,30.6149],[-98.0256,30.6157],[-98.0201,30.6178],[-98.0159,30.6182],[-98.0157,30.6177],[-98.0138,30.6177],[-98.0122,30.6168],[-98.0074,30.6188],[-98.0,30.6172],[-97.997,30.6151],[-97.9962,30.6134],[-97.9925,30.6114],[-97.9913,30.6099],[-97.9837,30.6086],[-97.9818,30.6117],[-97.9817,30.6159],[-97.9801,30.6175],[-97.978,30.6182],[-97.9756,30.6203],[-97.9746,30.6222],[-97.9712,30.6224],[-97.9693,30.6241],[-97.9659,30.6234],[-97.9622,30.6254],[-97.9589,30.6253],[-97.9574,30.6259],[-97.957,30.6273],[-97.9533,30.629],[-97.9507,30.626],[-97.9504,30.6237],[-97.9468,30.6211],[-97.9464,30.6197],[-97.9449,30.619],[-97.9433,30.6193],[-97.9408,30.6175],[-97.9394,30.6178],[-97.9399,30.6151],[-97.936,30.6099],[-97.9349,30.6105],[-97.9293,30.6075],[-97.9248,30.6091],[-97.9235,30.6072],[-97.9214,30.6059],[-97.9155,30.6045],[-97.9133,30.6015],[-97.9139,30.5992],[-97.92,30.5968],[-97.9216,30.5931],[-97.9205,30.5884],[-97.9211,30.5867],[-97.9208,30.5854],[-97.9197,30.5844],[-97.9152,30.583],[-97.9159,30.5795],[-97.9185,30.577],[-97.9192,30.5722],[-97.9227,30.5704],[-97.927,30.5668],[-97.9219,30.5643],[-97.9142,30.5665],[-97.9103,30.5692],[-97.9082,30.5681],[-97.9038,30.5706],[-97.8998,30.5685],[-97.8984,30.5655],[-97.8934,30.5653],[-97.8927,30.5667],[-97.8917,30.5667],[-97.8892,30.5654],[-97.8895,30.5601],[-97.8881,30.5601],[-97.8872,30.5593],[-97.8874,30.5564],[-97.8853,30.5536],[-97.8808,30.5535],[-97.8742,30.5517],[-97.871,30.5461],[-97.8698,30.5461],[-97.8685,30.5449],[-97.8635,30.5457],[-97.8619,30.5438],[-97.8628,30.5434],[-97.8642,30.5411],[-97.8672,30.5406],[-97.867,30.5394],[-97.8685,30.5372],[-97.8674,30.534],[-97.8658,30.532],[-97.8694,30.5285],[-97.8716,30.528],[-97.8694,30.5241],[-97.8682,30.5199],[-97.8647,30.5186],[-97.8632,30.5132],[-97.8599,30.5123],[-97.8597,30.5118],[-97.858,30.5123],[-97.8571,30.5093],[-97.8561,30.5088],[-97.8556,30.5077],[-97.8556,30.5049],[-97.8568,30.5037],[-97.859,30.503],[-97.8596,30.4999],[-97.8619,30.4979],[-97.8627,30.4919],[-97.8589,30.4886],[-97.8545,30.487],[-97.852,30.4851],[-97.849,30.4767],[-97.8468,30.4751],[-97.8471,30.4726],[-97.8457,30.4696],[-97.8427,30.4682],[-97.8423,30.4669],[-97.8377,30.4672],[-97.833,30.4656],[-97.8304,30.4639],[-97.8299,30.4613],[-97.8259,30.4561],[-97.8251,30.4561],[-97.8225,30.4539],[-97.817,30.4521],[-97.8128,30.4471],[-97.8022,30.4482],[-97.8005,30.4475],[-97.7955,30.4475],[-97.7884,30.444],[-97.7877,30.4416],[-97.7845,30.4381],[-97.7822,30.4375],[-97.7791,30.4394],[-97.7606,30.4299],[-97.7592,30.4308],[-97.7586,30.4333],[-97.7605,30.4374],[-97.7564,30.4388],[-97.7564,30.4414],[-97.7523,30.4435],[-97.7507,30.447],[-97.7485,30.4492],[-97.7406,30.45],[-97.7397,30.4489],[-97.7309,30.4507],[-97.7287,30.4528],[-97.7263,30.4534],[-97.7255,30.4552],[-97.7246,30.4555],[-97.7203,30.4551],[-97.7199,30.4556],[-97.7164,30.4541],[-97.7145,30.4544],[-97.7133,30.4558],[-97.7102,30.4573],[-97.7049,30.4578],[-97.7036,30.4581],[-97.7033,30.459],[-97.6981,30.4597],[-97.6965,30.4619],[-97.6928,30.4632],[-97.689,30.4616],[-97.6862,30.4662],[-97.6843,30.4747],[-97.688,30.479],[-97.6851,30.4803],[-97.6816,30.4799],[-97.6788,30.4812],[-97.676,30.4798],[-97.6732,30.4801],[-97.6725,30.4787],[-97.6694,30.4773],[-97.6675,30.4773],[-97.6651,30.4801],[-97.6625,30.4813],[-97.6611,30.4804],[-97.6578,30.4752],[-97.6525,30.4742],[-97.6505,30.4756],[-97.6434,30.4784],[-97.6433,30.4796],[-97.6404,30.4824],[-97.6359,30.4826],[-97.6311,30.4848],[-97.628,30.4848],[-97.6244,30.4871],[-97.6202,30.4883],[-97.6181,30.4902],[-97.6173,30.4921],[-97.6163,30.4923],[-97.6103,30.49],[-97.6066,30.49],[-97.6072,30.4924],[-97.6061,30.4952],[-97.6009,30.4992],[-97.5975,30.4991],[-97.5963,30.5005],[-97.5927,30.5002],[-97.5917,30.4995],[-97.5916,30.4976],[-97.5903,30.4975],[-97.586,30.4981],[-97.5808,30.5006],[-97.5785,30.5004],[-97.5767,30.5017],[-97.569,30.4987],[-97.5687,30.4972],[-97.5672,30.4962],[-97.5645,30.4958],[-97.5635,30.493],[-97.5605,30.4887],[-97.5597,30.4888],[-97.5572,30.4918],[-97.5556,30.4913],[-97.5537,30.4843],[-97.55,30.4813],[-97.5509,30.4771],[-97.5498,30.4758],[-97.5475,30.475],[-97.5444,30.4743],[-97.5443,30.4774],[-97.5421,30.4794],[-97.5361,30.4768],[-97.5323,30.4774],[-97.5281,30.4759],[-97.5279,30.4745],[-97.5269,30.474],[-97.5235,30.4736],[-97.5204,30.4775],[-97.5168,30.4783],[-97.5166,30.4811],[-97.5157,30.4821],[-97.5108,30.4845],[-97.5099,30.483],[-97.5053,30.4821],[-97.5053,30.4812],[-97.5017,30.4797],[-97.5014,30.4778],[-97.4991,30.4767],[-97.4955,30.4764],[-97.4917,30.4741],[-97.4907,30.4743],[-97.49,30.4755],[-97.489,30.4754],[-97.4889,30.4709],[-97.4867,30.4686],[-97.4797,30.4699],[-97.4763,30.4687],[-97.4749,30.4671],[-97.4678,30.4645],[-97.4645,30.4644],[-97.4641,30.4638],[-97.4651,30.4602],[-97.4605,30.4583],[-97.4586,30.4581],[-97.4505,30.4614],[-97.446,30.461],[-97.4452,30.4581],[-97.4454,30.4555],[-97.442,30.4546],[-97.4398,30.4574],[-97.439,30.4597],[-97.4363,30.4595],[-97.4342,30.458],[-97.4339,30.4539],[-97.433,30.4527],[-97.4311,30.4518],[-97.427,30.4522],[-97.4255,30.4517],[-97.4244,30.4498],[-97.4256,30.4478],[-97.425,30.446],[-97.4214,30.444],[-97.4192,30.4407],[-97.4179,30.4401],[-97.4143,30.4418],[-97.4126,30.4406],[-97.4102,30.4371],[-97.408,30.4379],[-97.4065,30.4396],[-97.4061,30.4417],[-97.4042,30.4423],[-97.3973,30.4379],[-97.3954,30.4373],[-97.3931,30.438],[-97.3923,30.4375],[-97.3912,30.4341],[-97.3875,30.4328],[-97.3871,30.4296],[-97.3842,30.4278],[-97.3832,30.4242],[-97.3808,30.4242],[-97.3781,30.4252],[-97.3787,30.4227],[-97.3774,30.4205],[-97.3776,30.4188],[-97.3739,30.4175],[-97.3729,30.4147],[-97.3734,30.4136],[-97.3703,30.4128],[-97.3652,30.4088],[-97.3637,30.4074],[-97.3625,30.4045],[-97.3608,30.4037],[-97.3598,30.4048],[-97.3557,30.4043],[-97.356,30.4079],[-97.352,30.4112],[-97.3429,30.411],[-97.3411,30.4104],[-97.3369,30.4151],[-97.3296,30.4176],[-97.3278,30.4198],[-97.3248,30.4194],[-97.3238,30.4176],[-97.3225,30.4171],[-97.3201,30.4183],[-97.314,30.4254],[-97.3155,30.4287],[-97.3133,30.4311],[-97.3133,30.4363],[-97.312,30.4392],[-97.3105,30.4402],[-97.3085,30.4396],[-97.3074,30.4399],[-97.3047,30.4419],[-97.3023,30.4427],[-97.3012,30.4463],[-97.2991,30.4467],[-97.2975,30.4481],[-97.2938,30.4484],[-97.2928,30.4498],[-97.2934,30.4525],[-97.2929,30.4535],[-97.2902,30.454],[-97.2862,30.4584],[-97.2819,30.46],[-97.2793,30.4626],[-97.2767,30.4624],[-97.2743,30.4649],[-97.271,30.4656],[-97.27,30.4669],[-97.2695,30.4695],[-97.2685,30.4705],[-97.2657,30.4709],[-97.264,30.4696],[-97.2634,30.4679],[-97.2604,30.4688],[-97.2589,30.4673],[-97.2577,30.4688],[-97.2566,30.4727],[-97.2532,30.4756],[-97.2529,30.4766],[-97.2516,30.4771],[-97.2491,30.4764],[-97.2475,30.4774],[-97.2472,30.48],[-97.2445,30.4808],[-97.2411,30.4835],[-97.2389,30.483],[-97.238,30.4835],[-97.2373,30.4841],[-97.2369,30.4875],[-97.2387,30.4903],[-97.2386,30.4916],[-97.2376,30.4939],[-97.2358,30.4945],[-97.2355,30.4989],[-97.2242,30.5014],[-97.2221,30.5042],[-97.2194,30.513],[-97.2171,30.5119],[-97.2147,30.5122],[-97.2113,30.5148],[-97.2091,30.515],[-97.2061,30.517],[-97.2032,30.5169],[-97.201,30.5189],[-97.1976,30.5194],[-97.1954,30.5208],[-97.1912,30.5208],[-97.1914,30.5255],[-97.1868,30.526],[-97.1816,30.5306],[-97.1801,30.5334],[-97.1767,30.5334],[-97.1741,30.5323],[-97.1709,30.5335],[-97.1693,30.5334],[-97.1663,30.535],[-97.1614,30.5394],[-97.1617,30.5428],[-97.156,30.5454],[-97.154,30.5474],[-97.1496,30.5481],[-97.1493,30.5501],[-97.1477,30.5518],[-97.1449,30.552],[-97.1416,30.5562],[-97.1388,30.556],[-97.1372,30.5581],[-97.133,30.5587],[-97.1319,30.5559],[-97.128,30.5539],[-97.1256,30.5545],[-97.1217,30.5525],[-97.122,30.555],[-97.121,30.5558],[-97.1206,30.5576],[-97.1194,30.5579],[-97.1193,30.561],[-97.1185,30.5615],[-97.1164,30.5612],[-97.1128,30.5648],[-97.1097,30.5667],[-97.1124,30.5688],[-97.1113,30.5702],[-97.1108,30.5744],[-97.1129,30.577],[-97.1133,30.5797],[-97.1121,30.5788],[-97.1105,30.5789],[-97.108,30.5828],[-97.1077,30.5845],[-97.1057,30.5841],[-97.1019,30.586],[-97.1023,30.5883],[-97.1015,30.5919],[-97.0985,30.5957],[-97.0926,30.6003],[-97.0915,30.6018],[-97.0889,30.6021],[-97.0837,30.5998],[-97.0806,30.6022],[-97.0781,30.6032],[-97.0774,30.6043],[-97.076,30.6045],[-97.0748,30.6033],[-97.0737,30.6048],[-97.0711,30.6053],[-97.0727,30.608],[-97.0705,30.6102],[-97.0706,30.6183],[-97.0686,30.6202],[-97.0665,30.6205],[-97.0674,30.6229],[-97.067,30.6239],[-97.0636,30.6221],[-97.0615,30.6224],[-97.0607,30.6228],[-97.0597,30.6253],[-97.0571,30.6286],[-97.0541,30.6288],[-97.054,30.6312],[-97.0525,30.6314],[-97.0515,30.6293],[-97.0504,30.6288],[-97.0466,30.6305],[-97.0462,30.6312],[-97.047,30.6339],[-97.049,30.6349],[-97.0478,30.6356],[-97.0463,30.6381],[-97.0469,30.6399],[-97.0451,30.6407],[-97.0425,30.6392],[-97.0411,30.6405],[-97.0406,30.6437],[-97.0381,30.6446],[-97.0377,30.6503],[-97.034,30.651],[-97.0348,30.6526],[-97.0341,30.6542],[-97.0345,30.6564],[-97.0324,30.658],[-97.0323,30.6613],[-97.03,30.6618],[-97.0275,30.6613],[-97.0276,30.6653],[-97.0248,30.6683],[-97.0235,30.6686],[-97.021,30.6709],[-97.0201,30.6707],[-97.016,30.6744],[-97.0154,30.6758],[-97.0131,30.677],[-97.0103,30.6811],[-97.0077,30.681],[-97.0041,30.6789],[-97.0029,30.6813],[-97.007,30.6856],[-97.0089,30.6893],[-97.0082,30.6909],[-97.0099,30.6954],[-97.0111,30.6969],[-97.0101,30.7034],[-97.0125,30.7104],[-97.0122,30.7113],[-97.0142,30.716],[-97.0137,30.7183],[-97.0128,30.719],[-97.014,30.7196],[-97.0147,30.7217],[-97.0146,30.7277],[-97.0159,30.7306],[-97.0153,30.7331],[-97.014,30.7344],[-97.0163,30.7371],[-97.0153,30.7398],[-97.0168,30.7412],[-97.0172,30.7426],[-97.015,30.745],[-97.0183,30.7495],[-97.0153,30.752],[-97.0122,30.7583],[-97.0142,30.7605],[-97.0162,30.7583],[-97.0214,30.7557],[-97.0356,30.7554],[-97.0403,30.7527],[-97.0414,30.7497],[-97.0467,30.7507],[-97.0486,30.7518],[-97.0501,30.7536],[-97.0504,30.7555],[-97.0518,30.7564],[-97.0518,30.7592],[-97.0527,30.7605],[-97.0568,30.7601],[-97.0601,30.7578],[-97.0613,30.7578],[-97.064,30.7596],[-97.0659,30.7593],[-97.0688,30.7545],[-97.0714,30.7559],[-97.0789,30.7555],[-97.0813,30.7575],[-97.086,30.758],[-97.0871,30.7546],[-97.0897,30.7535],[-97.0912,30.7515],[-97.091,30.7485],[-97.0958,30.7469],[-97.099,30.7494],[-97.1009,30.7494],[-97.1067,30.7466],[-97.1084,30.7471],[-97.1108,30.7459],[-97.1121,30.7421],[-97.1129,30.7413],[-97.1147,30.7418],[-97.1163,30.7438],[-97.1238,30.747],[-97.1265,30.7489],[-97.1275,30.7506],[-97.1288,30.7443],[-97.1305,30.7449],[-97.132,30.7474],[-97.1375,30.7489],[-97.1366,30.7507],[-97.1375,30.7523],[-97.1421,30.7557],[-97.1433,30.7578],[-97.1452,30.7574],[-97.1456,30.7524],[-97.1506,30.7517],[-97.1518,30.7545],[-97.1566,30.7569],[-97.1591,30.7561],[-97.1595,30.7551],[-97.1613,30.7547],[-97.1653,30.7574],[-97.1717,30.7546],[-97.1736,30.7555],[-97.1756,30.755],[-97.1816,30.7559],[-97.1843,30.7577],[-97.1868,30.7577],[-97.189,30.7591],[-97.1908,30.7565],[-97.1924,30.7556],[-97.1997,30.7549],[-97.2017,30.7575],[-97.2041,30.7583],[-97.2065,30.7573],[-97.209,30.7589],[-97.2124,30.7573],[-97.2252,30.7619],[-97.2353,30.7619],[-97.239,30.7612],[-97.2409,30.7641],[-97.2482,30.7671],[-97.2538,30.7673],[-97.2545,30.769],[-97.2628,30.7733],[-97.266,30.7674],[-97.2685,30.7657],[-97.2718,30.7676],[-97.2723,30.7701],[-97.2716,30.7722],[-97.2725,30.7749],[-97.2754,30.7789],[-97.2777,30.7794],[-97.2802,30.7787],[-97.2832,30.7789],[-97.2854,30.7813],[-97.2864,30.7849],[-97.2916,30.7833],[-97.292,30.7791],[-97.2928,30.7774],[-97.2951,30.777],[-97.2956,30.7763],[-97.2964,30.7729],[-97.3005,30.7766],[-97.3023,30.7798],[-97.3042,30.7804],[-97.3078,30.7845],[-97.3096,30.7845],[-97.3141,30.7873],[-97.3187,30.7881],[-97.3205,30.7898],[-97.3251,30.791],[-97.3281,30.791],[-97.332,30.7931],[-97.3377,30.7932],[-97.3436,30.7944],[-97.3455,30.7928],[-97.3469,30.79],[-97.3521,30.7918],[-97.3546,30.7935],[-97.3694,30.7894],[-97.3724,30.7901],[-97.3728,30.7873],[-97.3763,30.7851],[-97.378,30.7869],[-97.3798,30.7862],[-97.3817,30.7844],[-97.3822,30.7811],[-97.3834,30.7807],[-97.3841,30.7777],[-97.3865,30.7762],[-97.3883,30.7738],[-97.3897,30.7663],[-97.3934,30.7653],[-97.3948,30.7617],[-97.3978,30.7608],[-97.3992,30.7619],[-97.4006,30.7649],[-97.4022,30.7646],[-97.4051,30.7607],[-97.4066,30.7609],[-97.409,30.7579],[-97.4124,30.757],[-97.4138,30.7535],[-97.4196,30.753],[-97.4203,30.7521],[-97.42,30.7502],[-97.4258,30.7503],[-97.4262,30.7478],[-97.4275,30.7457],[-97.4308,30.7468],[-97.4329,30.7459],[-97.4343,30.7464],[-97.4379,30.7501],[-97.4423,30.7501],[-97.4433,30.7481],[-97.4459,30.7459],[-97.4482,30.7471],[-97.4524,30.7451],[-97.4526,30.7462],[-97.4548,30.7475],[-97.4559,30.7462],[-97.459,30.7463],[-97.4632,30.7487],[-97.4641,30.7506],[-97.4672,30.7502],[-97.4692,30.7527],[-97.4733,30.754],[-97.4749,30.7567],[-97.4775,30.7563],[-97.4795,30.7575],[-97.4834,30.7571],[-97.4877,30.7586],[-97.4888,30.7583],[-97.4894,30.7592],[-97.4978,30.7627],[-97.4974,30.764],[-97.503,30.7648],[-97.5033,30.7669],[-97.5059,30.7671],[-97.5067,30.768],[-97.5067,30.7699],[-97.5092,30.7709],[-97.5107,30.7753],[-97.513,30.7781],[-97.5155,30.7797],[-97.5161,30.7807],[-97.5189,30.7819],[-97.5189,30.7836],[-97.5214,30.7884],[-97.5216,30.7926],[-97.5268,30.7971],[-97.5316,30.7995],[-97.5336,30.7972],[-97.5363,30.7991],[-97.5394,30.8],[-97.5405,30.804],[-97.5435,30.8047],[-97.5449,30.8033],[-97.5473,30.805],[-97.5498,30.8048],[-97.5525,30.8038],[-97.5547,30.8041],[-97.5551,30.8058],[-97.5589,30.807],[-97.5629,30.806],[-97.5632,30.8042],[-97.5675,30.8015],[-97.5698,30.7989],[-97.5716,30.7984],[-97.5733,30.7997],[-97.5762,30.7998],[-97.5766,30.8018],[-97.5798,30.8028],[-97.582,30.8045],[-97.5846,30.8036],[-97.5872,30.8053],[-97.5883,30.8041],[-97.5909,30.8034],[-97.5943,30.8035],[-97.5955,30.8045],[-97.599,30.8043],[-97.6049,30.8053],[-97.6096,30.81],[-97.6124,30.8093],[-97.6143,30.8063],[-97.6165,30.807],[-97.6187,30.8018],[-97.623,30.8002],[-97.6226,30.7972],[-97.6241,30.7929],[-97.6257,30.794],[-97.6316,30.7954],[-97.6353,30.7978],[-97.6412,30.7972],[-97.6437,30.7986],[-97.6451,30.8005],[-97.65,30.7987],[-97.6573,30.8037],[-97.6603,30.8037],[-97.664,30.8055],[-97.6678,30.8047],[-97.671,30.8019],[-97.675,30.8049],[-97.6767,30.8049],[-97.6809,30.8034],[-97.6858,30.8034],[-97.69,30.8007],[-97.696,30.7991],[-97.7011,30.8013],[-97.7054,30.8054],[-97.7095,30.8078],[-97.7108,30.8096],[-97.7153,30.8108],[-97.7168,30.8098],[-97.7231,30.8085],[-97.7274,30.8067],[-97.7289,30.8051],[-97.7291,30.8023],[-97.7308,30.8006],[-97.7316,30.7975],[-97.7336,30.7962],[-97.7382,30.7955],[-97.742,30.7973],[-97.743,30.797],[-97.7444,30.7977],[-97.7447,30.7988],[-97.7507,30.8002],[-97.7537,30.7977],[-97.7575,30.7969],[-97.7606,30.7948],[-97.7625,30.7969],[-97.7653,30.7981],[-97.767,30.7981],[-97.7707,30.7966],[-97.7726,30.7948],[-97.7758,30.795],[-97.777,30.7968],[-97.7813,30.7993],[-97.7847,30.7999],[-97.7878,30.8015],[-97.7903,30.8017],[-97.7933,30.8032],[-97.7957,30.8065],[-97.7971,30.8074],[-97.7991,30.8109],[-97.8038,30.8128],[-97.8072,30.8194],[-97.8061,30.8213],[-97.8067,30.8253],[-97.8077,30.8259],[-97.8105,30.8308],[-97.8133,30.8302],[-97.8172,30.8308],[-97.8195,30.8331],[-97.8219,30.8338],[-97.8235,30.8371],[-97.8256,30.8386],[-97.8311,30.8396],[-97.8328,30.8461],[-97.8352,30.8479],[-97.8376,30.8473],[-97.8387,30.8488],[-97.8402,30.8494],[-97.8412,30.8514],[-97.8437,30.8521],[-97.8444,30.8551],[-97.8458,30.8571],[-97.848,30.8569],[-97.8514,30.855],[-97.8562,30.8559],[-97.8577,30.8578],[-97.8567,30.8592],[-97.8565,30.8626],[-97.8605,30.863],[-97.8619,30.8644],[-97.8631,30.8642],[-97.864,30.8649],[-97.8658,30.8636],[-97.869,30.8634],[-97.8743,30.8654],[-97.8775,30.8678],[-97.8801,30.8671],[-97.884,30.8676],[-97.8905,30.8728],[-97.893,30.8735],[-97.8949,30.8754],[-97.9006,30.8766],[-97.9027,30.8781],[-97.9084,30.8802],[-97.91,30.8819],[-97.9129,30.8819],[-97.9162,30.8839],[-97.9187,30.8833],[-97.9216,30.8852],[-97.931,30.8892],[-97.9358,30.8906],[-97.9398,30.8908],[-97.9419,30.8925],[-97.9466,30.8906],[-97.951,30.8906],[-97.9495,30.8892],[-97.9485,30.8845],[-97.9514,30.8761],[-97.949,30.8687],[-97.9537,30.867],[-97.9528,30.8645],[-97.9535,30.8625],[-97.9528,30.8596],[-97.9568,30.8561],[-97.9619,30.8548],[-97.9639,30.8523],[-97.9654,30.8523],[-97.9678,30.8553],[-97.972,30.8573],[-97.9733,30.8588],[-97.9767,30.8578],[-97.9792,30.856],[-97.9804,30.8541],[-97.9844,30.8528],[-97.9863,30.8546],[-97.9921,30.8564],[-97.9953,30.8582],[-97.9969,30.8611],[-97.9998,30.8631],[-98.0037,30.864],[-98.0062,30.862],[-98.0062,30.8606],[-98.0094,30.858],[-98.0118,30.8593],[-98.0172,30.8599],[-98.0197,30.8583],[-98.0235,30.8595],[-98.0263,30.8566],[-98.0288,30.8573],[-98.0312,30.8594],[-98.0336,30.86],[-98.0357,30.8616],[-98.0357,30.8632],[-98.0396,30.8638],[-98.0402,30.8659],[-98.045,30.8685],[-98.0505,30.8677],[-98.0514,30.8655],[-98.0595,30.8694],[-98.061,30.8706],[-98.0671,30.8688],[-98.0691,30.8692],[-98.0735,30.8656],[-98.0764,30.866],[-98.0798,30.8638],[-98.0873,30.8658],[-98.0883,30.868],[-98.0907,30.869],[-98.0915,30.8699],[-98.0921,30.8722],[-98.094,30.8711],[-98.1011,30.8704],[-98.103,30.8728],[-98.1051,30.8728],[-98.1077,30.8715],[-98.113,30.8767],[-98.1164,30.8752],[-98.1201,30.8759],[-98.1226,30.8749],[-98.1259,30.8784],[-98.1291,30.8772],[-98.1314,30.8779],[-98.1332,30.8792],[-98.1327,30.8829],[-98.1344,30.8835],[-98.1351,30.8851],[-98.1377,30.8865],[-98.1405,30.8867],[-98.1448,30.8854],[-98.1457,30.8888],[-98.1471,30.8909],[-98.1518,30.8927],[-98.1523,30.894],[-98.1569,30.897],[-98.1581,30.8989],[-98.1617,30.9007],[-98.1637,30.9041],[-98.1686,30.9041],[-98.1714,30.9029],[-98.1735,30.9042],[-98.1766,30.9047],[-98.1777,30.9064],[-98.1797,30.9071],[-98.1812,30.9085],[-98.182,30.9106],[-98.1844,30.9127],[-98.1882,30.9134],[-98.1889,30.9146],[-98.1951,30.9174]]]}},
{"type":"Feature","properties":{"name":"Middle Colorado","huc8":"12090106","sq_km":5213.77},"geometry":{"type":"Polygon","coordinates":[[[-99.0,31.6232],[-99.0,31.3081],[-98.9963,31.3071],[-98.9925,31.31],[-98.9909,31.3103],[-98.9892,31.3087],[-98.9865,31.3089],[-98.9836,31.308],[-98.9815,31.3087],[-98.978,31.3071],[-98.9729,31.3076],[-98.9709,31.3104],[-98.9676,31.3086],[-98.9644,31.3087],[-98.9607,31.3134],[-98.9603,31.3158],[-98.9609,31.317],[-98.9594,31.3195],[-98.9587,31.32],[-98.9573,31.3185],[-98.9528,31.3168],[-98.9508,31.3175],[-98.9476,31.317],[-98.9452,31.3202],[-98.9452,31.3223],[-98.9432,31.3234],[-98.9408,31.3218],[-98.9373,31.3217],[-98.9366,31.3188],[-98.9347,31.3158],[-98.9348,31.3139],[-98.9307,31.3134],[-98.93,31.3147],[-98.9274,31.3158],[-98.9262,31.3171],[-98.9228,31.3177],[-98.9203,31.3168],[-98.92,31.3138],[-98.9175,31.3126],[-98.9148,31.3154],[-98.913,31.3161],[-98.9094,31.3142],[-98.9083,31.3144],[-98.9075,31.3159],[-98.9039,31.3161],[-98.9004,31.3154],[-98.8998,31.3161],[-98.8979,31.316],[-98.8963,31.3167],[-98.8926,31.3159],[-98.89,31.3116],[-98.886,31.3102],[-98.883,31.3067],[-98.881,31.3083],[-98.8794,31.3087],[-98.8715,31.3036],[-98.8718,31.3025],[-98.868,31.3014],[-98.8672,31.3041],[-98.8648,31.3056],[-98.8638,31.3077],[-98.8645,31.3087],[-98.864,31.3121],[-98.8607,31.3162],[-98.8584,31.3163],[-98.8569,31.3174],[-98.8535,31.3156],[-98.8505,31.3149],[-98.8482,31.3158],[-98.8444,31.3154],[-98.8441,31.3145],[-98.8427,31.3141],[-98.8399,31.3114],[-98.8384,31.3122],[-98.8373,31.3149],[-98.836,31.3145],[-98.8348,31.3154],[-98.8323,31.3147],[-98.8282,31.3113],[-98.8263,31.3113],[-98.8248,31.3121],[-98.8235,31.312],[-98.823,31.3113],[-98.8214,31.3128],[-98.8179,31.3133],[-98.8168,31.3117],[-98.8149,31.311],[-98.8122,31.311],[-98.8087,31.3097],[-98.806,31.3097],[-98.8054,31.3091],[-98.8055,31.3076],[-98.8018,31.3065],[-98.7939,31.3086],[-98.7921,31.3111],[-98.7899,31.3101],[-98.7854,31.3097],[-98.7835,31.3099],[-98.7816,31.3116],[-98.7799,31.31],[-98.773,31.3114],[-98.7718,31.3058],[-98.7737,31.3006],[-98.7737,31.2979],[-98.7721,31.2937],[-98.7714,31.288],[-98.7761,31.2793],[-98.7757,31.2757],[-98.7764,31.2746],[-98.7731,31.2703],[-98.7706,31.2688],[-98.7706,31.2665],[-98.7716,31.2648],[-98.7678,31.2627],[-98.7629,31.2633],[-98.7586,31.2617],[-98.7586,31.2588],[-98.7551,31.2571],[-98.7509,31.2589],[-98.7493,31.2574],[-98.7468,31.2573],[-98.7438,31.256],[-98.74,31.2581],[-98.7359,31.2567],[-98.734,31.253],[-98.7309,31.2507],[-98.73,31.2488],[-98.7276,31.2471],[-98.7268,31.2446],[-98.7234,31.2416],[-98.7234,31.2399],[-98.7255,31.2346],[-98.7244,31.23],[-98.715,31.2183],[-98.7111,31.2148],[-98.7063,31.2057],[-98.7069,31.2013],[-98.704,31.1989],[-98.6926,31.2065],[-98.6915,31.2079],[-98.6815,31.2128],[-98.6801,31.2128],[-98.677,31.2092],[-98.6785,31.207],[-98.6777,31.2056],[-98.6788,31.2044],[-98.6788,31.2032],[-98.6778,31.2022],[-98.6767,31.2022],[-98.6763,31.2037],[-98.6748,31.2047],[-98.6725,31.2014],[-98.6721,31.1988],[-98.6698,31.1961],[-98.66,31.1945],[-98.6564,31.1918],[-98.656,31.1905],[-98.6531,31.1888],[-98.647,31.1866],[-98.6418,31.1825],[-98.6397,31.1842],[-98.6382,31.1846],[-98.6356,31.1831],[-98.6318,31.1773],[-98.6316,31.1729],[-98.6293,31.1681],[-98.6281,31.1676],[-98.6259,31.1697],[-98.6245,31.1702],[-98.6233,31.1716],[-98.6225,31.1769],[-98.6216,31.1779],[-98.6213,31.1838],[-98.622,31.1882],[-98.6213,31.1892],[-98.6178,31.1922],[-98.6173,31.1938],[-98.6144,31.1951],[-98.6125,31.2001],[-98.6075,31.199],[-98.6057,31.2002],[-98.5994,31.1995],[-98.5962,31.2029],[-98.5938,31.2036],[-98.5936,31.2065],[-98.5946,31.2099],[-98.5938,31.2122],[-98.5913,31.2143],[-98.5916,31.2158],[-98.5942,31.2182],[-98.5923,31.2193],[-98.5921,31.2221],[-98.5901,31.2229],[-98.5894,31.2243],[-98.5865,31.225],[-98.5829,31.2229],[-98.5838,31.2269],[-98.5827,31.2293],[-98.5846,31.2313],[-98.5844,31.2335],[-98.5829,31.2379],[-98.5805,31.2399],[-98.5799,31.2417],[-98.581,31.2428],[-98.5814,31.2448],[-98.5846,31.2469],[-98.587,31.2469],[-98.589,31.2457],[-98.5928,31.2487],[-98.5939,31.2487],[-98.5987,31.2586],[-98.6019,31.2612],[-98.6007,31.262],[-98.6009,31.2634],[-98.6038,31.2657],[-98.6029,31.2681],[-98.603,31.2727],[-98.6011,31.2741],[-98.5989,31.273],[-98.5964,31.2734],[-98.5968,31.2753],[-98.5953,31.278],[-98.5908,31.2807],[-98.588,31.2808],[-98.5809,31.2839],[-98.5792,31.2837],[-98.5766,31.2852],[-98.5729,31.2857],[-98.5696,31.2852],[-98.5695,31.286],[-98.5651,31.2885],[-98.5664,31.292],[-98.5649,31.2925],[-98.5633,31.294],[-98.5603,31.2927],[-98.5587,31.2912],[-98.5496,31.2938],[-98.5498,31.2973],[-98.5425,31.3006],[-98.5409,31.3031],[-98.5397,31.3033],[-98.5379,31.3056],[-98.5384,31.3065],[-98.5371,31.3098],[-98.5381,31.3137],[-98.5341,31.3189],[-98.5349,31.3218],[-98.5339,31.3251],[-98.5301,31.3284],[-98.5305,31.3316],[-98.5294,31.3343],[-98.5302,31.3377],[-98.5316,31.3386],[-98.5326,31.343],[-98.5342,31.3451],[-98.5341,31.346],[-98.5324,31.347],[-98.534,31.3503],[-98.5335,31.353],[-98.5309,31.3553],[-98.5313,31.3564],[-98.5306,31.3596],[-98.5315,31.3618],[-98.5309,31.3629],[-98.5271,31.3649],[-98.5257,31.3664],[-98.5259,31.3692],[-98.524,31.3722],[-98.5231,31.3754],[-98.5241,31.3781],[-98.5219,31.38],[-98.5198,31.3803],[-98.5172,31.3829],[-98.5136,31.3849],[-98.5097,31.3887],[-98.5125,31.3903],[-98.5134,31.3923],[-98.511,31.3965],[-98.5114,31.3972],[-98.5191,31.4001],[-98.5195,31.4019],[-98.5227,31.4043],[-98.5244,31.404],[-98.5266,31.4046],[-98.5311,31.4085],[-98.5372,31.4071],[-98.5388,31.4072],[-98.5396,31.4085],[-98.5411,31.4088],[-98.5457,31.4088],[-98.5471,31.4137],[-98.5529,31.4154],[-98.5551,31.4184],[-98.557,31.4186],[-98.5599,31.4212],[-98.5596,31.4251],[-98.5561,31.434],[-98.5568,31.4371],[-98.555,31.4394],[-98.5551,31.4424],[-98.5542,31.4449],[-98.5553,31.4465],[-98.558,31.4475],[-98.5589,31.4497],[-98.5589,31.4546],[-98.5632,31.4567],[-98.5651,31.4547],[-98.5664,31.4545],[-98.5712,31.4549],[-98.5785,31.4544],[-98.581,31.4525],[-98.5827,31.4496],[-98.5846,31.4487],[-98.5857,31.4454],[-98.5875,31.4439],[-98.5921,31.4423],[-98.5947,31.4435],[-98.6004,31.4427],[-98.605,31.4468],[-98.6086,31.4467],[-98.6126,31.4483],[-98.6179,31.4466],[-98.6172,31.449],[-98.6196,31.4544],[-98.6243,31.4559],[-98.6272,31.455],[-98.6283,31.4558],[-98.6322,31.4556],[-98.634,31.4567],[-98.6419,31.4579],[-98.6431,31.4569],[-98.6449,31.4518],[-98.6477,31.4497],[-98.6496,31.4501],[-98.6512,31.4518],[-98.6556,31.4496],[-98.656,31.4487],[-98.6595,31.4506],[-98.6612,31.4486],[-98.6613,31.4471],[-98.6638,31.4465],[-98.6691,31.4424],[-98.6711,31.44],[-98.6742,31.4387],[-98.6745,31.4371],[-98.6776,31.4323],[-98.6853,31.4274],[-98.6864,31.4258],[-98.6891,31.4253],[-98.6933,31.427],[-98.6956,31.4267],[-98.6987,31.4285],[-98.7019,31.4286],[-98.7033,31.4299],[-98.7058,31.43],[-98.7073,31.429],[-98.7105,31.4306],[-98.722,31.4286],[-98.7226,31.4276],[-98.7247,31.4281],[-98.7262,31.4291],[-98.7269,31.4308],[-98.7281,31.4313],[-98.7284,31.4336],[-98.7324,31.4357],[-98.7328,31.4374],[-98.7362,31.4389],[-98.7357,31.44],[-98.7378,31.4435],[-98.7384,31.4428],[-98.7412,31.4424],[-98.741,31.4434],[-98.7433,31.4443],[-98.7437,31.4457],[-98.7461,31.4465],[-98.7469,31.4493],[-98.7508,31.4523],[-98.7518,31.4529],[-98.753,31.4526],[-98.7561,31.4534],[-98.7572,31.4554],[-98.7599,31.4565],[-98.7617,31.4599],[-98.7636,31.4612],[-98.7633,31.4644],[-98.7664,31.4687],[-98.7701,31.4694],[-98.7706,31.4706],[-98.7742,31.4711],[-98.7763,31.4728],[-98.7784,31.4727],[-98.782,31.4679],[-98.783,31.4687],[-98.7957,31.4714],[-98.7937,31.4756],[-98.7946,31.4784],[-98.7959,31.479],[-98.7991,31.479],[-98.8035,31.4775],[-98.8071,31.4799],[-98.8155,31.4797],[-98.8176,31.4819],[-98.8197,31.4814],[-98.8218,31.48],[-98.8243,31.4807],[-98.8232,31.4817],[-98.8259,31.4892],[-98.8284,31.4889],[-98.8295,31.4894],[-98.829,31.4918],[-98.8321,31.4977],[-98.8348,31.4989],[-98.8361,31.4978],[-98.8372,31.4992],[-98.8372,31.5018],[-98.8385,31.5059],[-98.8408,31.5062],[-98.843,31.5095],[-98.8451,31.5111],[-98.8464,31.5104],[-98.8513,31.5132],[-98.8513,31.5142],[-98.8527,31.5141],[-98.8547,31.5154],[-98.8561,31.5154],[-98.8592,31.5193],[-98.8603,31.5198],[-98.8617,31.5222],[-98.8651,31.523],[-98.8663,31.5222],[-98.8697,31.5234],[-98.871,31.5266],[-98.8757,31.5292],[-98.8754,31.5308],[-98.8764,31.5326],[-98.8786,31.5323],[-98.8837,31.5341],[-98.8864,31.5381],[-98.8858,31.5389],[-98.8866,31.5405],[-98.8893,31.5416],[-98.8886,31.5448],[-98.8906,31.547],[-98.8901,31.5492],[-98.8919,31.5507],[-98.8958,31.5502],[-98.898,31.5511],[-98.8995,31.5499],[-98.9035,31.5534],[-98.9033,31.5572],[-98.9043,31.5591],[-98.9066,31.5596],[-98.908,31.5611],[-98.9089,31.5597],[-98.9107,31.5594],[-98.9127,31.5575],[-98.917,31.5586],[-98.9184,31.5579],[-98.9212,31.5585],[-98.9224,31.5576],[-98.9278,31.557],[-98.9328,31.5605],[-98.9342,31.5637],[-98.9341,31.5653],[-98.9389,31.5704],[-98.9418,31.5825],[-98.9447,31.5869],[-98.9466,31.5918],[-98.948,31.5928],[-98.9478,31.596],[-98.9462,31.5993],[-98.9471,31.6003],[-98.9475,31.6039],[-98.9488,31.6044],[-98.9521,31.6091],[-98.9513,31.6133],[-98.9554,31.617],[-98.9565,31.6197],[-98.9593,31.6202],[-98.9603,31.6217],[-98.9636,31.6219],[-98.9664,31.6235],[-98.9711,31.6219],[-98.9719,31.6241],[-98.9744,31.6243],[-98.9734,31.6272],[-98.975,31.6346],[-98.9759,31.6351],[-98.9777,31.6331],[-98.9795,31.6334],[-98.9837,31.6355],[-98.9857,31.6396],[-98.9878,31.6406],[-98.9894,31.6427],[-98.9918,31.6424],[-98.9914,31.6406],[-98.9922,31.6396],[-98.9914,31.6392],[-98.9913,31.6379],[-98.994,31.6359],[-98.9934,31.6344],[-98.9918,31.634],[-98.9911,31.6323],[-98.9915,31.6248],[-98.9987,31.6227],[-99.0,31.6232]]]}},
{"type":"Feature","properties":{"name":"Pecan Bayou","huc8":"12090107","sq_km":3680.04},"geometry":{"type":"Polygon","coordinates":[[[-99.0,31.7],[-99.0,31.6232],[-98.9987,31.6227],[-98.9915,31.6248],[-98.9911,31.6323],[-98.9918,31.634],[-98.9934,31.6344],[-98.994,31.6359],[-98.9913,31.6379],[-98.9914,31.6392],[-98.9922,31.6396],[-98.9914,31.6406],[-98.9918,31.6424],[-98.9894,31.6427],[-98.9878,31.6406],[-98.9857,31.6396],[-98.9837,31.6355],[-98.9795,31.6334],[-98.9777,31.6331],[-98.9759,31.6351],[-98.975,31.6346],[-98.9734,31.6272],[-98.9744,31.6243],[-98.9719,31.6241],[-98.9711,31.6219],[-98.9664,31.6235],[-98.9636,31.6219],[-98.9603,31.6217],[-98.9593,31.6202],[-98.9565,31.6197],[-98.9554,31.617],[-98.9513,31.6133],[-98.9521,31.6091],[-98.9488,31.6044],[-98.9475,31.6039],[-98.9471,31.6003],[-98.9462,31.5993],[-98.9478,31.596],[-98.948,31.5928],[-98.9466,31.5918],[-98.9447,31.5869],[-98.9418,31.5825],[-98.9389,31.5704],[-98.9341,31.5653],[-98.9342,31.5637],[-98.9328,31.5605],[-98.9278,31.557],[-98.9254,31.5569],[-98.9212,31.5585],[-98.9184,31.5579],[-98.917,31.5586],[-98.9127,31.5575],[-98.9107,31.5594],[-98.9089,31.5597],[-98.908,31.5611],[-98.9066,31.5596],[-98.9043,31.5591],[-98.9033,31.5572],[-98.9035,31.5534],[-98.8995,31.5499],[-98.898,31.5511],[-98.8958,31.5502],[-98.8919,31.5507],[-98.8901,31.5492],[-98.8906,31.547],[-98.8886,31.5448],[-98.8893,31.5416],[-98.8866,31.5405],[-98.8858,31.5389],[-98.8864,31.5381],[-98.8837,31.5341],[-98.8786,31.5323],[-98.8764,31.5326],[-98.8754,31.5308],[-98.8757,31.5292],[-98.871,31.5266],[-98.8697,31.5234],[-98.8663,31.5222],[-98.8651,31.523],[-98.8617,31.5222],[-98.8603,31.5198],[-98.8592,31.5193],[-98.8561,31.5154],[-98.8547,31.5154],[-98.8527,31.5141],[-98.8513,31.5142],[-98.8513,31.5132],[-98.8464,31.5104],[-98.8451,31.5111],[-98.843,31.5095],[-98.8408,31.5062],[-98.8385,31.5059],[-98.8372,31.5018],[-98.8372,31.4992],[-98.8361,31.4978],[-98.8348,31.4989],[-98.8321,31.4977],[-98.829,31.4918],[-98.8295,31.4894],[-98.8284,31.4889],[-98.8259,31.4892],[-98.8232,31.4817],[-98.8243,31.4807],[-98.8218,31.48],[-98.8197,31.4814],[-98.8176,31.4819],[-98.8155,31.4797],[-98.8071,31.4799],[-98.8035,31.4775],[-98.7991,31.479],[-98.7959,31.479],[-98.7946,31.4784],[-98.7937,31.4756],[-98.7957,31.4714],[-98.783,31.4687],[-98.782,31.4679],[-98.7784,31.4727],[-98.7763,31.4728],[-98.7742,31.4711],[-98.7706,31.4706],[-98.7701,31.4694],[-98.7664,31.4687],[-98.7633,31.4644],[-98.7636,31.4612],[-98.7617,31.4599],[-98.7599,31.4565],[-98.7572,31.4554],[-98.7561,31.4534],[-98.753,31.4526],[-98.7518,31.4529],[-98.7508,31.4523],[-98.7469,31.4493],[-98.7461,31.4465],[-98.7437,31.4457],[-98.7433,31.4443],[-98.741,31.4434],[-98.7412,31.4424],[-98.7384,31.4428],[-98.7378,31.4435],[-98.7357,31.44],[-98.7362,31.4389],[-98.7328,31.4374],[-98.7324,31.4357],[-98.7284,31.4336],[-98.7281,31.4313],[-98.7269,31.4308],[-98.7262,31.4291],[-98.7226,31.4276],[-98.722,31.4286],[-98.7105,31.4306],[-98.7073,31.429],[-98.7058,31.43],[-98.7033,31.4299],[-98.7019,31.4286],[-98.6987,31.4285],[-98.6956,31.4267],[-98.6933,31.427],[-98.6891,31.4253],[-98.6864,31.4258],[-98.6853,31.4274],[-98.6776,31.4323],[-98.6745,31.4371],[-98.6742,31.4387],[-98.6711,31.44],[-98.6691,31.4424],[-98.6638,31.4465],[-98.6613,31.4471],[-98.6612,31.4486],[-98.6595,31.4506],[-98.656,31.4487],[-98.6556,31.4496],[-98.6512,31.4518],[-98.6496,31.4501],[-98.6477,31.4497],[-98.6449,31.4518],[-98.6431,31.4569],[-98.6419,31.4579],[-98.634,31.4567],[-98.6322,31.4556],[-98.6283,31.4558],[-98.6272,31.455],[-98.6243,31.4559],[-98.6196,31.4544],[-98.6172,31.449],[-98.6179,31.4466],[-98.6126,31.4483],[-98.6086,31.4467],[-98.605,31.4468],[-98.6004,31.4427],[-98.5947,31.4435],[-98.5921,31.4423],[-98.5875,31.4439],[-98.5857,31.4454],[-98.5846,31.4487],[-98.5827,31.4496],[-98.581,31.4525],[-98.5785,31.4544],[-98.5651,31.4547],[-98.5632,31.4567],[-98.5638,31.4675],[-98.5601,31.4716],[-98.5575,31.4726],[-98.5534,31.4768],[-98.5517,31.4773],[-98.5517,31.4786],[-98.5492,31.481],[-98.549,31.4846],[-98.5498,31.4866],[-98.5524,31.4875],[-98.5546,31.4924],[-98.5492,31.4946],[-98.5464,31.4986],[-98.5416,31.4993],[-98.5379,31.501],[-98.5347,31.5016],[-98.5323,31.5066],[-98.5285,31.5077],[-98.5289,31.5109],[-98.5279,31.516],[-98.5266,31.5172],[-98.5246,31.5177],[-98.5243,31.5192],[-98.5263,31.5231],[-98.5252,31.5257],[-98.5275,31.528],[-98.526,31.5303],[-98.5267,31.5324],[-98.5256,31.5342],[-98.5282,31.5383],[-98.5293,31.545],[-98.5305,31.5476],[-98.5324,31.5493],[-98.5341,31.5497],[-98.5352,31.5517],[-98.5371,31.5525],[-98.5371,31.554],[-98.534,31.5571],[-98.5345,31.5585],[-98.5334,31.5604],[-98.5333,31.5621],[-98.5374,31.5647],[-98.5407,31.5723],[-98.5399,31.5744],[-98.5416,31.5789],[-98.542,31.5878],[-98.5444,31.5911],[-98.5459,31.5919],[-98.5462,31.5931],[-98.5453,31.5961],[-98.5483,31.599],[-98.5608,31.6062],[-98.562,31.6051],[-98.5653,31.6051],[-98.5695,31.6073],[-98.5694,31.6094],[-98.5736,31.6109],[-98.5763,31.6137],[-98.5793,31.6149],[-98.5813,31.6209],[-98.5802,31.6224],[-98.5854,31.6273],[-98.5851,31.6298],[-98.5885,31.6334],[-98.59,31.6376],[-98.5917,31.6384],[-98.5928,31.6403],[-98.5961,31.6432],[-98.5993,31.6417],[-98.6037,31.6435],[-98.6051,31.6429],[-98.6065,31.6459],[-98.6075,31.6466],[-98.6072,31.6549],[-98.6059,31.657],[-98.6055,31.6619],[-98.6039,31.6645],[-98.6013,31.6658],[-98.6014,31.6746],[-98.6043,31.6797],[-98.6028,31.6879],[-98.6035,31.6896],[-98.6075,31.6932],[-98.6116,31.6947],[-98.6116,31.6961],[-98.6139,31.6997],[-98.6138,31.7],[-99.0,31.7]]]}},
{"type":"Feature","properties":{"name":"Upper Guadalupe","huc8":"12100201","sq_km":3710.52},"geometry":{"type":"Polygon","coordinates":[[[-99.0,30.1122],[-99.0,29.8696],[-98.9983,29.8695],[-98.9978,29.8672],[-98.9963,29.8661],[-98.9922,29.8673],[-98.9887,29.8665],[-98.9876,29.8654],[-98.9876,29.8615],[-98.9859,29.8604],[-98.9863,29.8575],[-98.9904,29.8559],[-98.9934,29.8537],[-98.994,29.8524],[-98.9889,29.8523],[-98.9879,29.8513],[-98.9876,29.8491],[-98.9863,29.848],[-98.9821,29.8476],[-98.9815,29.8493],[-98.9796,29.8499],[-98.9784,29.8514],[-98.979,29.8531],[-98.9776,29.8532],[-98.9747,29.8478],[-98.9721,29.8478],[-98.9712,29.8469],[-98.9665,29.8491],[-98.9659,29.8473],[-98.9626,29.8459],[-98.9622,29.8447],[-98.96,29.8452],[-98.9585,29.8441],[-98.9562,29.8453],[-98.9527,29.8453],[-98.9523,29.8438],[-98.9505,29.8419],[-98.9506,29.8399],[-98.9472,29.8411],[-98.946,29.84],[-98.9431,29.8421],[-98.9362,29.8445],[-98.9359,29.8461],[-98.9343,29.8465],[-98.9306,29.8502],[-98.9291,29.8504],[-98.9254,29.8473],[-98.9226,29.8463],[-98.9216,29.8422],[-98.9201,29.8408],[-98.9205,29.838],[-98.9167,29.8366],[-98.9147,29.8351],[-98.9092,29.835],[-98.9,29.8325],[-98.8975,29.8324],[-98.8945,29.8332],[-98.8911,29.8363],[-98.8909,29.8387],[-98.8864,29.841],[-98.8878,29.8428],[-98.888,29.8452],[-98.89,29.8468],[-98.8904,29.8497],[-98.8841,29.8554],[-98.8838,29.8572],[-98.8823,29.8583],[-98.8746,29.858],[-98.871,29.8563],[-98.8695,29.8566],[-98.8673,29.8555],[-98.8624,29.8574],[-98.8518,29.852],[-98.8502,29.8492],[-98.843,29.8491],[-98.8409,29.8468],[-98.8343,29.8504],[-98.8319,29.8497],[-98.8306,29.8516],[-98.8271,29.8526],[-98.8254,29.8541],[-98.8216,29.853],[-98.8201,29.8543],[-98.8149,29.8559],[-98.81,29.8539],[-98.8083,29.8552],[-98.8072,29.8543],[-98.8055,29.8544],[-98.8048,29.8537],[-98.8003,29.8538],[-98.7973,29.8575],[-98.796,29.8581],[-98.7937,29.8571],[-98.7918,29.8574],[-98.7909,29.8559],[-98.7893,29.8549],[-98.7834,29.8563],[-98.7799,29.8553],[-98.7776,29.8555],[-98.7761,29.857],[-98.771,29.853],[-98.7665,29.855],[-98.7627,29.8548],[-98.7611,29.8544],[-98.7626,29.8501],[-98.7619,29.8484],[-98.7601,29.8475],[-98.7572,29.8476],[-98.7553,29.8455],[-98.7549,29.8425],[-98.7536,29.8418],[-98.7512,29.8419],[-98.754,29.8397],[-98.7523,29.8366],[-98.7506,29.8364],[-98.7488,29.8374],[-98.7465,29.8356],[-98.7444,29.8355],[-98.7433,29.836],[-98.7426,29.8373],[-98.7392,29.8382],[-98.7376,29.8368],[-98.7371,29.8294],[-98.7288,29.8311],[-98.726,29.831],[-98.7234,29.83],[-98.7221,29.8305],[-98.7215,29.832],[-98.7178,29.8316],[-98.7156,29.8322],[-98.7123,29.8268],[-98.7104,29.8276],[-98.7081,29.827],[-98.7056,29.8281],[-98.7001,29.8288],[-98.6984,29.8279],[-98.6928,29.8275],[-98.6917,29.827],[-98.69,29.8245],[-98.6884,29.8209],[-98.6884,29.8193],[-98.6867,29.8166],[-98.684,29.8154],[-98.6825,29.8156],[-98.6819,29.8147],[-98.6769,29.8163],[-98.6752,29.8209],[-98.6725,29.8212],[-98.6707,29.8222],[-98.6675,29.8198],[-98.6636,29.8198],[-98.6621,29.8205],[-98.6592,29.8243],[-98.657,29.8256],[-98.6505,29.8241],[-98.6472,29.8276],[-98.6392,29.8255],[-98.637,29.8235],[-98.6347,29.8235],[-98.6332,29.8207],[-98.6304,29.818],[-98.6276,29.8167],[-98.6225,29.8186],[-98.6204,29.8217],[-98.6191,29.8216],[-98.6191,29.8204],[-98.6177,29.8195],[-98.6126,29.8187],[-98.6111,29.8191],[-98.6094,29.8181],[-98.6076,29.8231],[-98.6085,29.8249],[-98.6032,29.8273],[-98.6004,29.8252],[-98.5961,29.8234],[-98.5912,29.827],[-98.5889,29.8231],[-98.5861,29.8243],[-98.5814,29.8223],[-98.5777,29.8271],[-98.5735,29.8271],[-98.569,29.8297],[-98.5639,29.83],[-98.5613,29.832],[-98.5594,29.8256],[-98.5543,29.8261],[-98.5493,29.8249],[-98.5459,29.8265],[-98.5428,29.8256],[-98.5407,29.8261],[-98.5397,29.8246],[-98.5373,29.8236],[-98.5367,29.821],[-98.5328,29.8215],[-98.5311,29.821],[-98.5301,29.8226],[-98.526,29.8229],[-98.5263,29.8208],[-98.5248,29.8172],[-98.5251,29.8106],[-98.5235,29.8061],[-98.5197,29.806],[-98.5156,29.8043],[-98.5143,29.8034],[-98.5143,29.8017],[-98.5094,29.8009],[-98.5086,29.7992],[-98.5027,29.7995],[-98.5003,29.8013],[-98.4991,29.8044],[-98.4915,29.8069],[-98.4908,29.8082],[-98.4878,29.8087],[-98.4881,29.8109],[-98.4858,29.8149],[-98.4841,29.8155],[-98.4825,29.8147],[-98.4778,29.8165],[-98.4718,29.8151],[-98.4704,29.8165],[-98.4672,29.813],[-98.4674,29.8117],[-98.4667,29.8108],[-98.4631,29.8104],[-98.462,29.8092],[-98.4591,29.8096],[-98.4578,29.8109],[-98.4556,29.809],[-98.4525,29.8106],[-98.4452,29.8078],[-98.4439,29.8084],[-98.4419,29.811],[-98.4369,29.8112],[-98.435,29.8128],[-98.4328,29.8111],[-98.4223,29.8071],[-98.4209,29.8076],[-98.4197,29.8071],[-98.4133,29.8101],[-98.4085,29.8077],[-98.406,29.8074],[-98.3996,29.8097],[-98.3991,29.811],[-98.3956,29.8106],[-98.387,29.8144],[-98.385,29.814],[-98.3832,29.8151],[-98.3804,29.8152],[-98.3787,29.8145],[-98.3767,29.8151],[-98.3739,29.8134],[-98.372,29.8086],[-98.3692,29.8077],[-98.3663,29.8091],[-98.3635,29.8084],[-98.3625,29.8062],[-98.3629,29.8047],[-98.3548,29.8084],[-98.3489,29.8073],[-98.346,29.8099],[-98.3467,29.8133],[-98.3426,29.8136],[-98.3389,29.8154],[-98.3355,29.8129],[-98.3335,29.813],[-98.3326,29.814],[-98.3284,29.8113],[-98.3218,29.8158],[-98.3148,29.8153],[-98.3119,29.814],[-98.3097,29.8151],[-98.3022,29.8146],[-98.296,29.8173],[-98.293,29.8229],[-98.2897,29.8215],[-98.2877,29.8214],[-98.2863,29.8236],[-98.2839,29.8251],[-98.2819,29.8259],[-98.2796,29.8244],[-98.2789,29.8252],[-98.2757,29.8258],[-98.2736,29.8289],[-98.2713,29.8287],[-98.2682,29.8299],[-98.2664,29.8298],[-98.2651,29.8313],[-98.2623,29.8318],[-98.2609,29.8336],[-98.2571,29.8331],[-98.2552,29.8344],[-98.2547,29.8357],[-98.2535,29.8359],[-98.2504,29.8346],[-98.247,29.8357],[-98.2473,29.8379],[-98.2459,29.8396],[-98.2432,29.8397],[-98.2414,29.8412],[-98.2409,29.8424],[-98.2393,29.8424],[-98.2368,29.8444],[-98.2363,29.8463],[-98.2352,29.8471],[-98.2344,29.846],[-98.2329,29.8458],[-98.2293,29.8486],[-98.223,29.8495],[-98.2225,29.8485],[-98.2203,29.8478],[-98.2166,29.8499],[-98.2148,29.848],[-98.2098,29.8496],[-98.2094,29.8488],[-98.2056,29.8484],[-98.2037,29.8496],[-98.2011,29.8499],[-98.1986,29.8523],[-98.1978,29.8607],[-98.1959,29.8611],[-98.1954,29.862],[-98.1965,29.8637],[-98.1994,29.8743],[-98.2035,29.8757],[-98.2041,29.8771],[-98.2056,29.8779],[-98.2062,29.882],[-98.2095,29.8832],[-98.2113,29.8876],[-98.2084,29.8916],[-98.2053,29.8899],[-98.203,29.8899],[-98.2002,29.8908],[-98.2008,29.8963],[-98.2,29.8983],[-98.198,29.8998],[-98.1966,29.9021],[-98.1964,29.9041],[-98.1905,29.9076],[-98.1898,29.9092],[-98.1886,29.91],[-98.186,29.9099],[-98.1833,29.9081],[-98.1805,29.9104],[-98.1811,29.9134],[-98.1789,29.9148],[-98.1789,29.9171],[-98.1828,29.9196],[-98.1825,29.9208],[-98.1803,29.9229],[-98.1804,29.9248],[-98.1788,29.9268],[-98.1792,29.9281],[-98.1839,29.9304],[-98.1886,29.9308],[-98.194,29.9336],[-98.1942,29.9326],[-98.1986,29.9327],[-98.2016,29.9341],[-98.2036,29.9339],[-98.2063,29.9321],[-98.2083,29.9331],[-98.2103,29.9353],[-98.2123,29.9337],[-98.2158,29.9347],[-98.2173,29.936],[-98.2175,29.9374],[-98.2194,29.9389],[-98.2202,29.942],[-98.2183,29.9426],[-98.2167,29.9447],[-98.2163,29.9469],[-98.2169,29.9484],[-98.2193,29.9484],[-98.2272,29.953],[-98.2348,29.9558],[-98.2354,29.9544],[-98.2371,29.9532],[-98.238,29.9511],[-98.2402,29.9498],[-98.2413,29.9504],[-98.2423,29.9531],[-98.2459,29.9541],[-98.2466,29.9568],[-98.2483,29.9573],[-98.2521,29.9563],[-98.2531,29.9571],[-98.2569,29.9579],[-98.259,29.9617],[-98.2607,29.9619],[-98.2597,29.9636],[-98.2613,29.9692],[-98.2639,29.9678],[-98.2646,29.9661],[-98.2662,29.9657],[-98.2674,29.9661],[-98.2696,29.9697],[-98.2725,29.967],[-98.274,29.9687],[-98.2757,29.9681],[-98.2773,29.9687],[-98.2778,29.9702],[-98.2762,29.9723],[-98.279,29.9741],[-98.2824,29.9739],[-98.2835,29.9733],[-98.285,29.974],[-98.2877,29.9715],[-98.2915,29.9729],[-98.2938,29.9706],[-98.2958,29.9719],[-98.297,29.9711],[-98.3008,29.971],[-98.304,29.9726],[-98.306,29.9724],[-98.3069,29.9729],[-98.3075,29.975],[-98.3113,29.9733],[-98.3143,29.9701],[-98.3155,29.9714],[-98.3183,29.9702],[-98.3193,29.9714],[-98.3217,29.9718],[-98.3214,29.9754],[-98.3201,29.9761],[-98.3219,29.9813],[-98.3234,29.9833],[-98.3246,29.9834],[-98.3258,29.9826],[-98.3331,29.9844],[-98.3351,29.9828],[-98.3387,29.9835],[-98.3411,29.9828],[-98.3417,29.9812],[-98.3444,29.9813],[-98.3457,29.9826],[-98.3476,29.9808],[-98.3509,29.9817],[-98.3553,29.9812],[-98.3557,29.9803],[-98.3551,29.9789],[-98.3564,29.9762],[-98.3576,29.9757],[-98.3587,29.9742],[-98.3606,29.9746],[-98.3612,29.976],[-98.3646,29.9761],[-98.3661,29.9756],[-98.3668,29.9727],[-98.3701,29.9714],[-98.3699,29.9703],[-98.3712,29.9691],[-98.3744,29.9685],[-98.3749,29.9677],[-98.382,29.9684],[-98.3827,29.9672],[-98.3853,29.9675],[-98.3877,29.9688],[-98.3917,29.9677],[-98.3933,29.9689],[-98.3952,29.9689],[-98.3978,29.9664],[-98.3984,29.9671],[-98.4007,29.9673],[-98.4014,29.966],[-98.405,29.9657],[-98.4069,29.9666],[-98.4093,29.9638],[-98.4115,29.9631],[-98.4122,29.9647],[-98.4165,29.9661],[-98.4174,29.9677],[-98.4195,29.9682],[-98.4198,29.9698],[-98.4206,29.9701],[-98.4207,29.971],[-98.4215,29.971],[-98.4213,29.9745],[-98.4232,29.9765],[-98.4262,29.9757],[-98.426,29.9749],[-98.4275,29.9733],[-98.4303,29.9733],[-98.4324,29.9748],[-98.4342,29.9748],[-98.4348,29.9767],[-98.4409,29.9794],[-98.4428,29.9817],[-98.4433,29.985],[-98.4451,29.9864],[-98.4487,29.9864],[-98.4509,29.9877],[-98.453,29.9877],[-98.4551,29.9924],[-98.4594,29.9964],[-98.4595,29.9997],[-98.4621,30.0008],[-98.4628,30.0004],[-98.4665,30.0028],[-98.4712,30.0046],[-98.4732,30.0038],[-98.4747,30.0023],[-98.4791,30.0027],[-98.4798,30.0032],[-98.4827,30.0016],[-98.4834,30.003],[-98.4856,30.0035],[-98.4868,30.0014],[-98.4886,30.0005],[-98.4897,30.0034],[-98.492,30.0032],[-98.4958,30.0006],[-98.4972,30.0006],[-98.4983,30.0033],[-98.5033,30.0052],[-98.5067,30.0055],[-98.5141,30.0043],[-98.5144,30.0028],[-98.5155,30.0022],[-98.517,30.0028],[-98.5179,30.0042],[-98.5202,30.0048],[-98.5213,30.003],[-98.5235,30.0015],[-98.5246,30.0015],[-98.526,30.0033],[-98.5277,30.0031],[-98.5293,30.0038],[-98.5317,30.0035],[-98.5322,30.0042],[-98.531,30.0053],[-98.5334,30.0097],[-98.5386,30.0117],[-98.543,30.0158],[-98.543,30.018],[-98.5483,30.0199],[-98.5495,30.0195],[-98.5528,30.0204],[-98.5537,30.019],[-98.557,30.0187],[-98.5586,30.0179],[-98.5598,30.0191],[-98.5636,30.0193],[-98.5614,30.0242],[-98.5612,30.0268],[-98.5627,30.0284],[-98.5632,30.0304],[-98.565,30.032],[-98.5674,30.0328],[-98.5692,30.0351],[-98.57,30.0385],[-98.5727,30.0402],[-98.5769,30.041],[-98.5774,30.0421],[-98.5814,30.0434],[-98.5813,30.0459],[-98.5868,30.0454],[-98.5891,30.0469],[-98.5895,30.0462],[-98.5933,30.0468],[-98.5949,30.0459],[-98.5976,30.0463],[-98.5993,30.0441],[-98.6016,30.0439],[-98.6038,30.0401],[-98.6064,30.0387],[-98.6111,30.0385],[-98.6118,30.0372],[-98.6166,30.0385],[-98.6166,30.0379],[-98.619,30.0371],[-98.6213,30.0378],[-98.6222,30.0389],[-98.6243,30.0394],[-98.6246,30.0413],[-98.6259,30.0413],[-98.6248,30.0439],[-98.6249,30.0467],[-98.626,30.0491],[-98.6273,30.0498],[-98.6303,30.0487],[-98.6334,30.0522],[-98.6352,30.0524],[-98.6367,30.0535],[-98.6374,30.0561],[-98.6424,30.0559],[-98.6428,30.0566],[-98.645,30.0572],[-98.6469,30.0597],[-98.6483,30.0599],[-98.6491,30.0635],[-98.6524,30.0656],[-98.6547,30.0648],[-98.6556,30.0652],[-98.6595,30.0695],[-98.659,30.071],[-98.6602,30.0727],[-98.6632,30.0733],[-98.6664,30.0729],[-98.669,30.0766],[-98.672,30.0785],[-98.6752,30.0781],[-98.6776,30.077],[-98.6786,30.0776],[-98.6811,30.077],[-98.6824,30.0788],[-98.6824,30.0827],[-98.6835,30.0838],[-98.6863,30.0824],[-98.6875,30.0827],[-98.6891,30.0855],[-98.6916,30.0869],[-98.6936,30.0858],[-98.6975,30.0877],[-98.6995,30.0913],[-98.6995,30.0927],[-98.7019,30.0929],[-98.7038,30.0973],[-98.7065,30.0989],[-98.7081,30.0989],[-98.7082,30.0996],[-98.7057,30.1005],[-98.705,30.1033],[-98.706,30.1045],[-98.7085,30.1049],[-98.7117,30.1069],[-98.7126,30.106],[-98.7169,30.1058],[-98.7178,30.1049],[-98.7192,30.1054],[-98.7208,30.1046],[-98.7254,30.1046],[-98.7269,30.1053],[-98.7304,30.1045],[-98.7326,30.1071],[-98.7354,30.1072],[-98.7378,30.1082],[-98.7399,30.1069],[-98.7412,30.108],[-98.7426,30.107],[-98.743,30.1057],[-98.7443,30.1058],[-98.7458,30.1069],[-98.7483,30.1069],[-98.7488,30.106],[-98.752,30.1061],[-98.7536,30.1033],[-98.7554,30.1042],[-98.7592,30.1046],[-98.7601,30.1074],[-98.768,30.108],[-98.7725,30.1112],[-98.7741,30.1092],[-98.7776,30.1102],[-98.7801,30.1065],[-98.7845,30.1049],[-98.7932,30.1043],[-98.7971,30.1025],[-98.7988,30.1036],[-98.8002,30.1034],[-98.8021,30.1055],[-98.8069,30.103],[-98.811,30.1023],[-98.813,30.1027],[-98.8153,30.1012],[-98.8196,30.1017],[-98.8237,30.1011],[-98.8268,30.1028],[-98.8299,30.103],[-98.8314,30.1038],[-98.837,30.1036],[-98.838,30.1053],[-98.8422,30.1079],[-98.8456,30.1083],[-98.8479,30.1056],[-98.8493,30.1056],[-98.8531,30.1075],[-98.8595,30.1079],[-98.8619,30.1095],[-98.8635,30.1122],[-98.8654,30.1123],[-98.8664,30.114],[-98.8695,30.114],[-98.8714,30.1148],[-98.873,30.1164],[-98.8736,30.12],[-98.8749,30.121],[-98.8761,30.1241],[-98.8786,30.1257],[-98.8827,30.127],[-98.884,30.1257],[-98.8834,30.1227],[-98.8867,30.1197],[-98.8892,30.1191],[-98.8902,30.1155],[-98.8917,30.1153],[-98.8931,30.1167],[-98.8949,30.1152],[-98.8982,30.1151],[-98.8989,30.1123],[-98.898,30.1102],[-98.9021,30.1063],[-98.9049,30.1068],[-98.906,30.108],[-98.9091,30.1075],[-98.9106,30.1067],[-98.9115,30.1051],[-98.9132,30.1049],[-98.9147,30.1055],[-98.9161,30.104],[-98.9195,30.1037],[-98.9237,30.0946],[-98.9258,30.0962],[-98.9272,30.0945],[-98.9273,30.0929],[-98.9293,30.0912],[-98.9338,30.0902],[-98.9359,30.0906],[-98.9385,30.0832],[-98.9405,30.0826],[-98.9416,30.081],[-98.9458,30.082],[-98.9486,30.0815],[-98.9503,30.0823],[-98.9531,30.0816],[-98.9547,30.0828],[-98.955,30.0841],[-98.9575,30.0835],[-98.9585,30.0852],[-98.962,30.0863],[-98.9634,30.0896],[-98.9626,30.0921],[-98.9732,30.0966],[-98.974,30.0991],[-98.9753,30.0999],[-98.9796,30.0987],[-98.9815,30.1028],[-98.984,30.1028],[-98.985,30.1075],[-98.9898,30.1088],[-98.9921,30.1102],[-98.9952,30.1099],[-98.9966,30.1112],[-99.0,30.1122]]]}},
{"type":"Feature","properties":{"name":"Middle Guadalupe","huc8":"12100202","sq_km":5538.45},"geometry":{"type":"Polygon","coordinates":[[[-97.823,29.2],[-97.2286,29.2],[-97.2277,29.2015],[-97.2294,29.2025],[-97.2296,29.2064],[-97.2282,29.2083],[-97.23,29.211],[-97.2244,29.2145],[-97.2231,29.2174],[-97.2174,29.2224],[-97.2171,29.2244],[-97.2185,29.231],[-97.2181,29.2341],[-97.2197,29.2362],[-97.2179,29.2408],[-97.2203,29.2429],[-97.2212,29.251],[-97.2192,29.2552],[-97.2202,29.2581],[-97.2147,29.2647],[-97.2172,29.2666],[-97.2173,29.2688],[-97.215,29.2735],[-97.2153,29.2789],[-97.2188,29.283],[-97.2143,29.2868],[-97.2133,29.2895],[-97.2149,29.2889],[-97.2169,29.2908],[-97.2192,29.2964],[-97.2192,29.2989],[-97.2165,29.3002],[-97.2188,29.3046],[-97.2162,29.3088],[-97.2168,29.3136],[-97.2201,29.3208],[-97.225,29.3233],[-97.2269,29.3257],[-97.2268,29.3312],[-97.2301,29.3363],[-97.2313,29.3472],[-97.2303,29.3484],[-97.2279,29.3487],[-97.2266,29.35],[-97.2251,29.3494],[-97.2223,29.3498],[-97.2209,29.3471],[-97.2172,29.349],[-97.2163,29.3505],[-97.2115,29.3497],[-97.2104,29.353],[-97.2082,29.3558],[-97.2099,29.3599],[-97.2072,29.3606],[-97.2055,29.3624],[-97.206,29.3661],[-97.2051,29.3689],[-97.205,29.3745],[-97.2028,29.3775],[-97.2038,29.3792],[-97.2079,29.3786],[-97.2062,29.3813],[-97.2102,29.3843],[-97.211,29.3856],[-97.2115,29.3896],[-97.2087,29.3938],[-97.2094,29.3971],[-97.2085,29.3989],[-97.2093,29.4029],[-97.2107,29.4041],[-97.213,29.4045],[-97.2144,29.406],[-97.2166,29.4064],[-97.2161,29.4091],[-97.2168,29.4103],[-97.2193,29.4108],[-97.2191,29.4126],[-97.2201,29.4146],[-97.2255,29.4148],[-97.2286,29.4185],[-97.2284,29.4218],[-97.2291,29.4235],[-97.2266,29.4291],[-97.2278,29.4313],[-97.227,29.4334],[-97.2248,29.4344],[-97.2259,29.4368],[-97.2308,29.4404],[-97.2344,29.4402],[-97.2368,29.4415],[-97.2442,29.4426],[-97.2446,29.4433],[-97.2441,29.4493],[-97.2452,29.4512],[-97.2459,29.4554],[-97.2445,29.4574],[-97.2456,29.4602],[-97.2417,29.4603],[-97.239,29.4596],[-97.2385,29.4618],[-97.2365,29.4636],[-97.2385,29.4669],[-97.2413,29.4677],[-97.2417,29.4709],[-97.2393,29.4733],[-97.2403,29.4756],[-97.2442,29.478],[-97.2457,29.4863],[-97.2447,29.4881],[-97.2416,29.4878],[-97.2376,29.4909],[-97.2368,29.4903],[-97.2339,29.4901],[-97.2316,29.4919],[-97.2286,29.4928],[-97.2277,29.4957],[-97.2297,29.498],[-97.2282,29.4986],[-97.2277,29.4996],[-97.2287,29.5021],[-97.2275,29.5041],[-97.2291,29.5062],[-97.2291,29.5074],[-97.2269,29.5072],[-97.2207,29.509],[-97.2201,29.5131],[-97.2191,29.5147],[-97.2178,29.5155],[-97.215,29.5155],[-97.2113,29.5183],[-97.2112,29.5195],[-97.2133,29.5209],[-97.2138,29.5222],[-97.2131,29.5295],[-97.2102,29.5315],[-97.2065,29.5318],[-97.2057,29.5329],[-97.2068,29.5371],[-97.2055,29.5424],[-97.203,29.5438],[-97.2003,29.5441],[-97.2009,29.5461],[-97.1998,29.5491],[-97.1992,29.5546],[-97.1973,29.5554],[-97.1962,29.5568],[-97.1975,29.5617],[-97.197,29.5669],[-97.1927,29.5681],[-97.1927,29.5715],[-97.1878,29.5762],[-97.1867,29.5781],[-97.1857,29.583],[-97.1843,29.584],[-97.1784,29.5829],[-97.1768,29.5839],[-97.1757,29.5856],[-97.1734,29.5867],[-97.17,29.5902],[-97.1701,29.5928],[-97.1688,29.5971],[-97.1646,29.5972],[-97.1654,29.6002],[-97.1651,29.6041],[-97.1669,29.6092],[-97.1657,29.6141],[-97.1657,29.6176],[-97.162,29.6246],[-97.158,29.6248],[-97.156,29.6243],[-97.1557,29.6248],[-97.1555,29.626],[-97.1577,29.6307],[-97.1563,29.6329],[-97.1566,29.6349],[-97.1561,29.6353],[-97.1525,29.634],[-97.1491,29.6355],[-97.1482,29.6394],[-97.1473,29.6403],[-97.1427,29.6391],[-97.1344,29.6413],[-97.132,29.6383],[-97.1301,29.6388],[-97.1273,29.6421],[-97.1276,29.6512],[-97.1259,29.6506],[-97.1246,29.651],[-97.1221,29.6556],[-97.1219,29.6578],[-97.1231,29.6613],[-97.1204,29.6614],[-97.1177,29.6636],[-97.1172,29.666],[-97.114,29.6693],[-97.1124,29.677],[-97.1075,29.6776],[-97.1055,29.6788],[-97.1058,29.6821],[-97.1035,29.6845],[-97.103,29.6877],[-97.1008,29.6911],[-97.0952,29.6935],[-97.0934,29.6956],[-97.0881,29.6972],[-97.0866,29.702],[-97.0869,29.7042],[-97.0861,29.7055],[-97.0866,29.7069],[-97.0859,29.7094],[-97.0892,29.7093],[-97.0922,29.7084],[-97.0929,29.709],[-97.0932,29.7116],[-97.0962,29.7152],[-97.1006,29.7135],[-97.1077,29.7148],[-97.1074,29.7183],[-97.1087,29.7191],[-97.1092,29.7213],[-97.1134,29.7237],[-97.1157,29.724],[-97.1196,29.7274],[-97.124,29.7294],[-97.125,29.7364],[-97.1262,29.7385],[-97.1308,29.7408],[-97.1322,29.7434],[-97.1338,29.7426],[-97.1435,29.752],[-97.1441,29.7538],[-97.1439,29.7559],[-97.147,29.7588],[-97.1511,29.7601],[-97.1518,29.761],[-97.1557,29.7604],[-97.1574,29.7614],[-97.1603,29.7592],[-97.164,29.7581],[-97.167,29.7548],[-97.1693,29.7545],[-97.1709,29.7562],[-97.1704,29.7589],[-97.1709,29.7601],[-97.1738,29.7607],[-97.1746,29.76],[-97.1765,29.7608],[-97.1782,29.7638],[-97.1762,29.7665],[-97.1785,29.7688],[-97.1814,29.7691],[-97.1812,29.7723],[-97.1848,29.776],[-97.1873,29.7766],[-97.1895,29.7783],[-97.1914,29.7776],[-97.1943,29.7789],[-97.1956,29.7781],[-97.1967,29.7761],[-97.199,29.7748],[-97.199,29.7768],[-97.2009,29.781],[-97.2042,29.7857],[-97.2101,29.7886],[-97.2122,29.7881],[-97.2157,29.79],[-97.2164,29.7914],[-97.2205,29.793],[-97.2209,29.7952],[-97.22,29.7963],[-97.2199,29.7981],[-97.222,29.8001],[-97.2224,29.8017],[-97.2203,29.8059],[-97.2204,29.8071],[-97.2239,29.8111],[-97.2242,29.814],[-97.2254,29.8151],[-97.2272,29.82],[-97.2299,29.8212],[-97.229,29.8248],[-97.2301,29.8265],[-97.2301,29.8284],[-97.2326,29.8307],[-97.2338,29.8332],[-97.234,29.8372],[-97.235,29.838],[-97.2387,29.8371],[-97.24,29.8377],[-97.2401,29.8419],[-97.2413,29.8426],[-97.2448,29.8428],[-97.2471,29.8461],[-97.246,29.8536],[-97.2492,29.8543],[-97.2526,29.859],[-97.2553,29.8591],[-97.2558,29.8598],[-97.255,29.8661],[-97.2556,29.8677],[-97.2545,29.8687],[-97.2543,29.87],[-97.2546,29.873],[-97.2567,29.875],[-97.255,29.8765],[-97.2555,29.8787],[-97.2546,29.8833],[-97.2566,29.8843],[-97.2592,29.8835],[-97.2602,29.8854],[-97.2637,29.8871],[-97.2669,29.8898],[-97.2754,29.8933],[-97.2758,29.8966],[-97.2783,29.8998],[-97.2778,29.9021],[-97.2806,29.9043],[-97.2811,29.9061],[-97.2844,29.9066],[-97.2854,29.9075],[-97.2915,29.9075],[-97.2964,29.9016],[-97.2989,29.901],[-97.2974,29.8964],[-97.3001,29.8932],[-97.3016,29.8927],[-97.3019,29.8913],[-97.3033,29.89],[-97.3024,29.8884],[-97.3043,29.8868],[-97.3051,29.8828],[-97.3108,29.8836],[-97.312,29.886],[-97.3155,29.8875],[-97.3184,29.8862],[-97.3189,29.8843],[-97.3211,29.882],[-97.3216,29.8851],[-97.3245,29.8866],[-97.3246,29.8883],[-97.3258,29.8896],[-97.3289,29.8897],[-97.33,29.8873],[-97.3321,29.8866],[-97.3341,29.8833],[-97.3355,29.8832],[-97.3362,29.88],[-97.3375,29.8797],[-97.3387,29.8804],[-97.3411,29.8795],[-97.3438,29.8738],[-97.3458,29.8738],[-97.3484,29.876],[-97.3502,29.8753],[-97.3548,29.8752],[-97.3556,29.8731],[-97.3579,29.8717],[-97.3591,29.87],[-97.3594,29.868],[-97.3647,29.8671],[-97.3646,29.8636],[-97.3669,29.8599],[-97.3699,29.8596],[-97.3736,29.8545],[-97.3761,29.8532],[-97.385,29.8577],[-97.3842,29.8598],[-97.3872,29.8626],[-97.39,29.8641],[-97.3911,29.8684],[-97.3923,29.8696],[-97.3965,29.8712],[-97.4006,29.8712],[-97.4052,29.873],[-97.408,29.8767],[-97.4091,29.8803],[-97.4114,29.8778],[-97.4135,29.8776],[-97.415,29.8784],[-97.4168,29.8779],[-97.4191,29.8813],[-97.4207,29.8821],[-97.4226,29.8818],[-97.4234,29.8836],[-97.4279,29.8823],[-97.429,29.8814],[-97.4306,29.8816],[-97.4319,29.88],[-97.4351,29.8797],[-97.4369,29.8817],[-97.4375,29.8841],[-97.4401,29.8831],[-97.4427,29.8841],[-97.4491,29.8818],[-97.4502,29.8837],[-97.4519,29.8843],[-97.4535,29.8821],[-97.4542,29.8796],[-97.4575,29.8785],[-97.4602,29.8756],[-97.461,29.8728],[-97.4581,29.8709],[-97.458,29.8701],[-97.4609,29.8651],[-97.4605,29.8618],[-97.4615,29.8587],[-97.4644,29.8568],[-97.4616,29.8539],[-97.4629,29.8507],[-97.4617,29.8501],[-97.4622,29.8445],[-97.4603,29.8378],[-97.4614,29.8313],[-97.4681,29.8309],[-97.4692,29.8291],[-97.4722,29.8288],[-97.476,29.83],[-97.4792,29.8301],[-97.4807,29.8294],[-97.481,29.8258],[-97.4837,29.8258],[-97.4857,29.8273],[-97.4869,29.8263],[-97.4876,29.8237],[-97.491,29.8238],[-97.4905,29.8219],[-97.4916,29.8189],[-97.4882,29.8135],[-97.4871,29.8066],[-97.4853,29.8042],[-97.4853,29.803],[-97.4834,29.8024],[-97.4834,29.8006],[-97.4852,29.7988],[-97.4852,29.7956],[-97.4879,29.795],[-97.4892,29.7899],[-97.4906,29.789],[-97.4918,29.7897],[-97.4924,29.7909],[-97.4963,29.7932],[-97.4988,29.7924],[-97.4984,29.7822],[-97.5012,29.7786],[-97.4985,29.7769],[-97.5017,29.7731],[-97.5013,29.7712],[-97.5001,29.7708],[-97.4976,29.7679],[-97.4969,29.7658],[-97.5032,29.7593],[-97.5086,29.7566],[-97.5091,29.7551],[-97.5087,29.7543],[-97.5072,29.7539],[-97.5057,29.7527],[-97.5059,29.7514],[-97.5043,29.7495],[-97.5046,29.7461],[-97.5038,29.744],[-97.5046,29.741],[-97.5061,29.7392],[-97.5054,29.7349],[-97.5081,29.7313],[-97.5093,29.7313],[-97.5098,29.7303],[-97.5075,29.7261],[-97.5072,29.7234],[-97.5142,29.7205],[-97.5163,29.7206],[-97.5165,29.7197],[-97.5191,29.718],[-97.5187,29.7169],[-97.516,29.7171],[-97.5145,29.7162],[-97.5139,29.7114],[-97.5127,29.7111],[-97.512,29.7118],[-97.5104,29.7109],[-97.5091,29.7115],[-97.5081,29.7103],[-97.5065,29.7096],[-97.5065,29.6967],[-97.5031,29.6956],[-97.5044,29.6934],[-97.5036,29.6894],[-97.5039,29.6842],[-97.4998,29.6783],[-97.5005,29.6762],[-97.4999,29.6715],[-97.4965,29.6705],[-97.4961,29.6677],[-97.4934,29.6667],[-97.4917,29.6652],[-97.4918,29.664],[-97.4891,29.6631],[-97.4866,29.6634],[-97.4851,29.6614],[-97.4853,29.6602],[-97.4835,29.6591],[-97.4823,29.655],[-97.4806,29.6542],[-97.4784,29.6542],[-97.4802,29.6515],[-97.4787,29.6494],[-97.4791,29.6479],[-97.4753,29.6479],[-97.474,29.6465],[-97.4715,29.647],[-97.4679,29.646],[-97.4657,29.644],[-97.4635,29.644],[-97.4625,29.6426],[-97.4628,29.6415],[-97.4647,29.6401],[-97.4644,29.6379],[-97.4604,29.636],[-97.458,29.6367],[-97.4547,29.6362],[-97.4522,29.6334],[-97.4509,29.6299],[-97.4484,29.6299],[-97.4459,29.6289],[-97.4447,29.6274],[-97.4442,29.626],[-97.4452,29.6236],[-97.4444,29.6218],[-97.4417,29.6206],[-97.4395,29.6125],[-97.44,29.6106],[-97.4417,29.6082],[-97.4388,29.6051],[-97.4388,29.5964],[-97.4353,29.5953],[-97.4354,29.5918],[-97.4367,29.5901],[-97.4388,29.5891],[-97.4403,29.5843],[-97.4403,29.5817],[-97.439,29.5806],[-97.4375,29.5778],[-97.4393,29.574],[-97.4403,29.573],[-97.4464,29.5723],[-97.4487,29.5702],[-97.4506,29.5655],[-97.4565,29.5633],[-97.4618,29.559],[-97.4652,29.5546],[-97.4712,29.5492],[-97.4712,29.5484],[-97.476,29.5427],[-97.4758,29.5406],[-97.475,29.5396],[-97.4758,29.5352],[-97.4788,29.5298],[-97.4778,29.5283],[-97.4771,29.5255],[-97.4781,29.5228],[-97.4779,29.5164],[-97.4793,29.5129],[-97.4811,29.5107],[-97.4765,29.5088],[-97.4752,29.5072],[-97.4743,29.5042],[-97.4705,29.501],[-97.4747,29.4954],[-97.4732,29.4931],[-97.47,29.4924],[-97.4709,29.4912],[-97.4722,29.4908],[-97.4724,29.4891],[-97.4718,29.4877],[-97.4698,29.4871],[-97.4713,29.4847],[-97.4761,29.4834],[-97.4797,29.4848],[-97.4823,29.4842],[-97.4876,29.4896],[-97.4911,29.4904],[-97.4972,29.494],[-97.5014,29.492],[-97.505,29.4942],[-97.5082,29.494],[-97.5089,29.4955],[-97.5116,29.4967],[-97.5131,29.4984],[-97.5144,29.498],[-97.5167,29.4989],[-97.5181,29.5005],[-97.5175,29.5042],[-97.519,29.5047],[-97.5213,29.5041],[-97.5225,29.5013],[-97.5235,29.5006],[-97.5257,29.5003],[-97.5279,29.5015],[-97.5284,29.504],[-97.5278,29.505],[-97.5293,29.5048],[-97.5339,29.5074],[-97.535,29.5071],[-97.54,29.5082],[-97.5429,29.506],[-97.5454,29.5094],[-97.5486,29.5084],[-97.5504,29.5099],[-97.55,29.5111],[-97.5514,29.5114],[-97.5523,29.5129],[-97.5519,29.5156],[-97.5541,29.5168],[-97.5557,29.5164],[-97.557,29.5182],[-97.5576,29.5228],[-97.5592,29.5248],[-97.5595,29.5287],[-97.5605,29.529],[-97.5626,29.5277],[-97.5654,29.5287],[-97.5657,29.5322],[-97.5642,29.5351],[-97.5648,29.537],[-97.5673,29.5379],[-97.572,29.5366],[-97.5755,29.5409],[-97.5753,29.5439],[-97.579,29.5459],[-97.5789,29.5441],[-97.5809,29.5436],[-97.5829,29.5409],[-97.5851,29.5414],[-97.5879,29.5392],[-97.5926,29.5427],[-97.5944,29.5431],[-97.596,29.5421],[-97.6022,29.5448],[-97.6039,29.5472],[-97.6088,29.5509],[-97.6098,29.5533],[-97.6126,29.5534],[-97.6146,29.5549],[-97.618,29.5561],[-97.6185,29.5558],[-97.6227,29.5576],[-97.6235,29.5564],[-97.6258,29.5568],[-97.6266,29.5585],[-97.6292,29.556],[-97.6305,29.556],[-97.6315,29.5572],[-97.6327,29.557],[-97.6378,29.5544],[-97.6392,29.5551],[-97.6391,29.5572],[-97.64,29.5589],[-97.6411,29.5579],[-97.6424,29.5579],[-97.6435,29.556],[-97.6454,29.5549],[-97.6472,29.5553],[-97.6485,29.5539],[-97.6523,29.5554],[-97.6528,29.5542],[-97.6566,29.5571],[-97.6602,29.5585],[-97.6638,29.5617],[-97.6647,29.5632],[-97.6648,29.5657],[-97.6661,29.5671],[-97.6686,29.5683],[-97.6694,29.5725],[-97.6718,29.574],[-97.6742,29.5743],[-97.6752,29.5754],[-97.6816,29.5733],[-97.685,29.5733],[-97.686,29.575],[-97.6871,29.5735],[-97.689,29.5736],[-97.6905,29.5746],[-97.6966,29.5722],[-97.6975,29.5738],[-97.7012,29.5767],[-97.7044,29.5755],[-97.7057,29.5759],[-97.7041,29.5785],[-97.7062,29.5815],[-97.7051,29.5834],[-97.7058,29.585],[-97.7043,29.5876],[-97.7053,29.5899],[-97.7047,29.5923],[-97.703,29.5915],[-97.7007,29.5915],[-97.6984,29.5917],[-97.698,29.5923],[-97.7,29.5967],[-97.7019,29.598],[-97.7008,29.5989],[-97.7007,29.6004],[-97.7026,29.6021],[-97.7055,29.6017],[-97.7072,29.6045],[-97.7079,29.6137],[-97.7118,29.6133],[-97.7125,29.6106],[-97.7149,29.6082],[-97.7165,29.6086],[-97.7175,29.6077],[-97.7197,29.6095],[-97.7248,29.6106],[-97.7253,29.6081],[-97.7304,29.6093],[-97.7351,29.6058],[-97.7379,29.6048],[-97.7393,29.6024],[-97.7416,29.6037],[-97.7454,29.6034],[-97.7484,29.605],[-97.7514,29.605],[-97.7514,29.6077],[-97.7481,29.6128],[-97.7517,29.611],[-97.7544,29.6119],[-97.7572,29.6104],[-97.7598,29.6116],[-97.7613,29.6139],[-97.7659,29.6164],[-97.769,29.6151],[-97.7732,29.6147],[-97.7758,29.6152],[-97.7768,29.6189],[-97.7796,29.6193],[-97.7796,29.6211],[-97.7843,29.6217],[-97.785,29.625],[-97.7874,29.627],[-97.7858,29.6341],[-97.7845,29.6352],[-97.7855,29.6374],[-97.7869,29.6374],[-97.7903,29.6396],[-97.794,29.6391],[-97.7952,29.6419],[-97.7976,29.6434],[-97.7985,29.6459],[-97.7974,29.6477],[-97.7977,29.6506],[-97.8008,29.6496],[-97.8079,29.6496],[-97.81,29.651],[-97.8218,29.649],[-97.8234,29.6527],[-97.8256,29.6535],[-97.8295,29.6531],[-97.8314,29.6551],[-97.8329,29.6541],[-97.8352,29.6553],[-97.8384,29.6553],[-97.8406,29.6582],[-97.8414,29.6612],[-97.8429,29.6616],[-97.8493,29.6668],[-97.8499,29.6677],[-97.8493,29.6697],[-97.8506,29.6703],[-97.8511,29.6728],[-97.8548,29.6746],[-97.8555,29.6758],[-97.8571,29.6767],[-97.8579,29.679],[-97.86,29.6814],[-97.86,29.6828],[-97.8616,29.684],[-97.8663,29.6835],[-97.8676,29.6843],[-97.8701,29.6834],[-97.876,29.6847],[-97.8775,29.6825],[-97.8831,29.6852],[-97.8878,29.6832],[-97.8897,29.6839],[-97.8945,29.6839],[-97.8962,29.682],[-97.9011,29.6808],[-97.9024,29.6812],[-97.9027,29.6805],[-97.9056,29.6824],[-97.9089,29.6835],[-97.9114,29.6856],[-97.9126,29.6852],[-97.9139,29.6868],[-97.9162,29.6869],[-97.9174,29.6864],[-97.9187,29.6812],[-97.9228,29.6775],[-97.9282,29.6788],[-97.9318,29.6786],[-97.933,29.6782],[-97.9352,29.6759],[-97.9357,29.6821],[-97.9369,29.6846],[-97.9351,29.6856],[-97.9336,29.6876],[-97.9331,29.6916],[-97.9314,29.6922],[-97.933,29.6943],[-97.9363,29.6936],[-97.9386,29.694],[-97.9399,29.6952],[-97.9438,29.6955],[-97.9445,29.6968],[-97.9493,29.6964],[-97.9515,29.6988],[-97.9535,29.7059],[-97.9534,29.7096],[-97.956,29.7099],[-97.9569,29.7116],[-97.9599,29.7136],[-97.9615,29.713],[-97.9634,29.7134],[-97.9644,29.7127],[-97.9671,29.7134],[-97.969,29.7129],[-97.9717,29.7111],[-97.9719,29.7094],[-97.9726,29.7089],[-97.9771,29.7109],[-97.9796,29.7106],[-97.9808,29.7121],[-97.9836,29.7109],[-97.9852,29.712],[-97.9872,29.7121],[-97.9888,29.7135],[-97.9921,29.7145],[-97.9935,29.7165],[-97.9948,29.7165],[-97.994,29.7189],[-97.9951,29.7192],[-97.9966,29.7214],[-97.9983,29.7212],[-98.0012,29.7239],[-98.0026,29.7269],[-98.0068,29.7267],[-98.0075,29.7288],[-98.0097,29.7289],[-98.0138,29.7241],[-98.016,29.7233],[-98.0183,29.7245],[-98.021,29.7274],[-98.0236,29.726],[-98.024,29.724],[-98.0256,29.7244],[-98.0303,29.7237],[-98.0333,29.7247],[-98.0346,29.7236],[-98.0405,29.7264],[-98.0441,29.7261],[-98.0463,29.727],[-98.05,29.7319],[-98.0558,29.7365],[-98.0561,29.7413],[-98.0574,29.7426],[-98.0602,29.7433],[-98.0571,29.7478],[-98.0581,29.7484],[-98.054,29.7552],[-98.054,29.7565],[-98.0603,29.7592],[-98.0615,29.7614],[-98.0666,29.7625],[-98.0684,29.7635],[-98.0698,29.7667],[-98.0718,29.7685],[-98.0725,29.7708],[-98.0716,29.7747],[-98.0697,29.7757],[-98.0678,29.7757],[-98.0669,29.7765],[-98.0668,29.7793],[-98.066,29.7797],[-98.065,29.782],[-98.064,29.7829],[-98.0628,29.7829],[-98.0628,29.7839],[-98.0608,29.7847],[-98.0613,29.7862],[-98.0598,29.7882],[-98.0577,29.7894],[-98.059,29.792],[-98.0627,29.7957],[-98.0634,29.7985],[-98.0637,29.7998],[-98.0616,29.8013],[-98.0617,29.8052],[-98.0691,29.8062],[-98.0713,29.8043],[-98.0771,29.8075],[-98.0778,29.8085],[-98.0793,29.8085],[-98.0831,29.806],[-98.0882,29.8116],[-98.0921,29.8138],[-98.0959,29.8129],[-98.0968,29.8136],[-98.0984,29.8175],[-98.0984,29.8192],[-98.1015,29.8212],[-98.1019,29.8233],[-98.1043,29.8268],[-98.1055,29.8272],[-98.1086,29.826],[-98.1106,29.8269],[-98.1188,29.834],[-98.1195,29.8364],[-98.1162,29.8455],[-98.11,29.8488],[-98.1052,29.8578],[-98.1081,29.8634],[-98.1073,29.8685],[-98.1088,29.8724],[-98.1115,29.8736],[-98.1182,29.879],[-98.1201,29.8794],[-98.1196,29.8807],[-98.1203,29.8824],[-98.1227,29.8838],[-98.1247,29.888],[-98.1275,29.8901],[-98.1259,29.8919],[-98.124,29.8925],[-98.1226,29.8953],[-98.1251,29.9017],[-98.129,29.9039],[-98.1332,29.9046],[-98.135,29.9072],[-98.1378,29.9094],[-98.1379,29.9114],[-98.1403,29.9125],[-98.1426,29.9125],[-98.1453,29.9149],[-98.1453,29.916],[-98.1473,29.9188],[-98.1449,29.9234],[-98.1469,29.9248],[-98.1469,29.9267],[-98.1481,29.9285],[-98.1522,29.9283],[-98.1531,29.9289],[-98.1515,29.9337],[-98.1528,29.9341],[-98.1565,29.9334],[-98.1602,29.9337],[-98.1677,29.9327],[-98.175,29.9304],[-98.1754,29.9296],[-98.177,29.9299],[-98.1786,29.9294],[-98.1792,29.9281],[-98.1788,29.9268],[-98.1804,29.9248],[-98.1803,29.9229],[-98.1825,29.9208],[-98.1828,29.9196],[-98.1789,29.9171],[-98.1789,29.9148],[-98.1811,29.9134],[-98.1805,29.9104],[-98.1833,29.9081],[-98.186,29.9099],[-98.1886,29.91],[-98.1898,29.9092],[-98.1905,29.9076],[-98.1964,29.9041],[-98.1966,29.9021],[-98.198,29.8998],[-98.2,29.8983],[-98.2008,29.8963],[-98.2002,29.8908],[-98.203,29.8899],[-98.2053,29.8899],[-98.2084,29.8916],[-98.2113,29.8876],[-98.2095,29.8832],[-98.2062,29.882],[-98.2056,29.8779],[-98.2041,29.8771],[-98.2035,29.8757],[-98.1994,29.8743],[-98.1965,29.8637],[-98.1954,29.862],[-98.1959,29.8611],[-98.1978,29.8607],[-98.1986,29.8523],[-98.2011,29.8499],[-98.2037,29.8496],[-98.2056,29.8484],[-98.2094,29.8488],[-98.2098,29.8496],[-98.2143,29.848],[-98.2166,29.8499],[-98.2203,29.8478],[-98.2225,29.8485],[-98.223,29.8495],[-98.2263,29.8492],[-98.2293,29.8486],[-98.2329,29.8458],[-98.2344,29.846],[-98.2352,29.8471],[-98.2363,29.8463],[-98.2368,29.8444],[-98.2393,29.8424],[-98.2409,29.8424],[-98.2414,29.8412],[-98.2432,29.8397],[-98.2459,29.8396],[-98.2473,29.8379],[-98.247,29.8357],[-98.2504,29.8346],[-98.2535,29.8359],[-98.2547,29.8357],[-98.2552,29.8344],[-98.2571,29.8331],[-98.2609,29.8336],[-98.2623,29.8318],[-98.2651,29.8313],[-98.2664,29.8298],[-98.2682,29.8299],[-98.2713,29.8287],[-98.2736,29.8289],[-98.2757,29.8258],[-98.2789,29.8252],[-98.2796,29.8244],[-98.2819,29.8259],[-98.2839,29.8251],[-98.2863,29.8236],[-98.2877,29.8214],[-98.2897,29.8215],[-98.293,29.8229],[-98.296,29.8173],[-98.3022,29.8146],[-98.3097,29.8151],[-98.3119,29.814],[-98.3148,29.8153],[-98.3218,29.8158],[-98.3284,29.8113],[-98.3326,29.814],[-98.3335,29.813],[-98.3355,29.8129],[-98.3389,29.8154],[-98.3426,29.8136],[-98.3467,29.8133],[-98.346,29.8099],[-98.3427,29.807],[-98.3437,29.8043],[-98.3403,29.8013],[-98.3382,29.8011],[-98.3375,29.7994],[-98.3379,29.7967],[-98.3362,29.7939],[-98.3361,29.791],[-98.3377,29.7893],[-98.339,29.7861],[-98.3403,29.7856],[-98.3453,29.781],[-98.3479,29.7817],[-98.3489,29.7803],[-98.3504,29.7796],[-98.3513,29.7773],[-98.3524,29.7765],[-98.3528,29.7743],[-98.3545,29.7724],[-98.3505,29.7717],[-98.3459,29.7721],[-98.345,29.7681],[-98.342,29.7667],[-98.3414,29.7643],[-98.3397,29.763],[-98.3405,29.7594],[-98.3427,29.7572],[-98.3426,29.7545],[-98.3401,29.7525],[-98.3387,29.7503],[-98.3349,29.7485],[-98.3337,29.7464],[-98.3357,29.7432],[-98.3389,29.7422],[-98.3412,29.7368],[-98.3409,29.7337],[-98.3387,29.7341],[-98.3355,29.7331],[-98.3337,29.7288],[-98.3337,29.7273],[-98.3338,29.7259],[-98.3356,29.7242],[-98.336,29.721],[-98.3352,29.7198],[-98.3304,29.719],[-98.3273,29.7112],[-98.3291,29.7087],[-98.331,29.7076],[-98.333,29.7077],[-98.3351,29.7063],[-98.3382,29.7066],[-98.3426,29.7049],[-98.344,29.7021],[-98.3468,29.7024],[-98.3486,29.7015],[-98.352,29.7012],[-98.3528,29.6971],[-98.351,29.694],[-98.3509,29.6899],[-98.3497,29.6869],[-98.3502,29.6858],[-98.346,29.6817],[-98.3458,29.6791],[-98.3416,29.6782],[-98.3381,29.6757],[-98.3354,29.6749],[-98.3353,29.6736],[-98.3338,29.6727],[-98.3335,29.67],[-98.3312,29.6669],[-98.3303,29.6641],[-98.3282,29.6621],[-98.3275,29.6628],[-98.3244,29.6624],[-98.3245,29.6604],[-98.3268,29.658],[-98.3272,29.6554],[-98.325,29.6528],[-98.3254,29.6508],[-98.3202,29.6429],[-98.3119,29.6465],[-98.3088,29.6442],[-98.3058,29.6434],[-98.3044,29.641],[-98.3008,29.6406],[-98.2991,29.6389],[-98.2997,29.6348],[-98.3008,29.6336],[-98.3003,29.6327],[-98.2983,29.6298],[-98.2964,29.6287],[-98.2943,29.6285],[-98.2913,29.6263],[-98.2913,29.6253],[-98.2943,29.6221],[-98.293,29.6188],[-98.2938,29.6168],[-98.2893,29.6075],[-98.2879,29.6063],[-98.2847,29.6054],[-98.2802,29.6024],[-98.2774,29.6062],[-98.2733,29.6062],[-98.2712,29.6069],[-98.2694,29.6086],[-98.2688,29.6107],[-98.2682,29.6087],[-98.2666,29.6079],[-98.2635,29.6091],[-98.2596,29.6092],[-98.2587,29.6114],[-98.2569,29.6111],[-98.2559,29.6122],[-98.2514,29.6143],[-98.2502,29.6161],[-98.2433,29.614],[-98.2384,29.617],[-98.2373,29.617],[-98.236,29.6143],[-98.2294,29.612],[-98.224,29.6143],[-98.2227,29.6166],[-98.2202,29.6186],[-98.2199,29.6202],[-98.214,29.6179],[-98.2143,29.6171],[-98.2122,29.6151],[-98.2113,29.6151],[-98.2101,29.6165],[-98.2065,29.6173],[-98.2056,29.6208],[-98.2013,29.6219],[-98.1939,29.6303],[-98.1868,29.6325],[-98.1857,29.6352],[-98.1844,29.6363],[-98.1835,29.6367],[-98.1823,29.6354],[-98.1782,29.6339],[-98.174,29.634],[-98.1726,29.6347],[-98.1718,29.6393],[-98.1725,29.6405],[-98.1709,29.6445],[-98.1675,29.6489],[-98.1643,29.6509],[-98.1598,29.6518],[-98.1578,29.6528],[-98.1574,29.6563],[-98.159,29.6588],[-98.1567,29.6592],[-98.1561,29.6609],[-98.1538,29.6619],[-98.1519,29.6617],[-98.1482,29.6634],[-98.1444,29.6637],[-98.142,29.6608],[-98.1437,29.6561],[-98.1426,29.656],[-98.139,29.6511],[-98.1376,29.6512],[-98.1383,29.6481],[-98.1368,29.647],[-98.1366,29.6448],[-98.1369,29.6391],[-98.1377,29.6373],[-98.1351,29.6355],[-98.1376,29.6335],[-98.1338,29.6303],[-98.1325,29.6264],[-98.1328,29.6201],[-98.1291,29.6151],[-98.1275,29.6116],[-98.1281,29.6039],[-98.1275,29.6015],[-98.1257,29.5999],[-98.1255,29.5968],[-98.1243,29.594],[-98.1243,29.5911],[-98.1223,29.5901],[-98.1195,29.5855],[-98.1186,29.5825],[-98.1167,29.5808],[-98.1172,29.5764],[-98.115,29.5736],[-98.1176,29.5705],[-98.1185,29.5681],[-98.1061,29.5615],[-98.1065,29.5605],[-98.1055,29.5575],[-98.1067,29.5564],[-98.1078,29.5499],[-98.1042,29.5485],[-98.101,29.5482],[-98.0982,29.5508],[-98.0938,29.5514],[-98.0931,29.5507],[-98.0937,29.5489],[-98.0909,29.5433],[-98.0914,29.5403],[-98.0895,29.5411],[-98.0881,29.5388],[-98.0855,29.5396],[-98.0831,29.5367],[-98.081,29.5363],[-98.0833,29.5281],[-98.0823,29.5257],[-98.0811,29.5248],[-98.0803,29.5222],[-98.0774,29.52],[-98.0732,29.5203],[-98.0713,29.5192],[-98.0709,29.5182],[-98.0682,29.5172],[-98.0647,29.5193],[-98.0612,29.5197],[-98.0606,29.5191],[-98.0586,29.5206],[-98.0548,29.5193],[-98.0533,29.5175],[-98.0506,29.5182],[-98.0508,29.5198],[-98.0501,29.5205],[-98.0457,29.5212],[-98.0437,29.5223],[-98.0426,29.5246],[-98.0417,29.5251],[-98.0402,29.525],[-98.0369,29.523],[-98.0362,29.5212],[-98.0381,29.5196],[-98.0376,29.5183],[-98.0388,29.5159],[-98.038,29.5115],[-98.0316,29.5118],[-98.0349,29.5076],[-98.0391,29.5053],[-98.0406,29.5035],[-98.0376,29.5025],[-98.0374,29.4983],[-98.0364,29.4975],[-98.0347,29.4978],[-98.0319,29.4933],[-98.0298,29.4929],[-98.03,29.4897],[-98.0275,29.4894],[-98.0255,29.4828],[-98.027,29.4821],[-98.0272,29.4809],[-98.0225,29.4778],[-98.0225,29.4771],[-98.0194,29.4746],[-98.017,29.4744],[-98.015,29.4704],[-98.0153,29.4696],[-98.0143,29.467],[-98.0121,29.4658],[-98.0127,29.464],[-98.0125,29.4612],[-98.0154,29.4586],[-98.0155,29.4552],[-98.0133,29.4541],[-98.0116,29.4518],[-98.0036,29.4508],[-98.0025,29.4499],[-98.0025,29.4479],[-97.9995,29.4459],[-97.9962,29.4454],[-97.9952,29.4426],[-97.9937,29.4423],[-97.9928,29.4428],[-97.9893,29.441],[-97.9873,29.4418],[-97.9835,29.4394],[-97.9818,29.4331],[-97.9787,29.431],[-97.9734,29.432],[-97.9718,29.427],[-97.9716,29.4221],[-97.9697,29.4232],[-97.968,29.4262],[-97.9671,29.4238],[-97.9663,29.4235],[-97.9638,29.426],[-97.9613,29.4262],[-97.9601,29.4292],[-97.9591,29.4295],[-97.9571,29.4294],[-97.9561,29.4284],[-97.9529,29.4284],[-97.9527,29.4267],[-97.9496,29.4249],[-97.9462,29.4244],[-97.9406,29.4248],[-97.9378,29.4268],[-97.9356,29.4359],[-97.9329,29.4384],[-97.9314,29.4458],[-97.9242,29.4459],[-97.9165,29.4419],[-97.914,29.4423],[-97.9091,29.4417],[-97.9078,29.4424],[-97.9087,29.4322],[-97.9102,29.4304],[-97.9098,29.4291],[-97.9116,29.4258],[-97.9112,29.4245],[-97.9121,29.423],[-97.9119,29.4205],[-97.9108,29.4191],[-97.9105,29.4162],[-97.9119,29.4146],[-97.9108,29.413],[-97.9123,29.4113],[-97.9095,29.4105],[-97.9081,29.4092],[-97.9059,29.4052],[-97.9044,29.4076],[-97.9032,29.4081],[-97.901,29.4041],[-97.8984,29.4044],[-97.8982,29.4022],[-97.896,29.4],[-97.8928,29.3986],[-97.893,29.3978],[-97.8908,29.3968],[-97.8924,29.394],[-97.8925,29.3917],[-97.8883,29.3892],[-97.8876,29.3865],[-97.8851,29.3857],[-97.8847,29.379],[-97.888,29.3758],[-97.888,29.3674],[-97.8901,29.366],[-97.8912,29.363],[-97.8932,29.3617],[-97.8908,29.3594],[-97.8897,29.3552],[-97.891,29.3542],[-97.8907,29.3489],[-97.8935,29.3438],[-97.8916,29.3422],[-97.8917,29.339],[-97.8909,29.3374],[-97.8918,29.3358],[-97.8923,29.3322],[-97.8911,29.3303],[-97.889,29.329],[-97.8866,29.3261],[-97.8865,29.3228],[-97.8843,29.3224],[-97.8856,29.321],[-97.8859,29.3154],[-97.8809,29.3124],[-97.8768,29.3125],[-97.8747,29.3138],[-97.8715,29.3123],[-97.8681,29.312],[-97.8676,29.3107],[-97.8699,29.3077],[-97.8657,29.3043],[-97.866,29.301],[-97.8626,29.3014],[-97.8624,29.2997],[-97.861,29.2979],[-97.8577,29.2985],[-97.8597,29.2963],[-97.8588,29.2955],[-97.8604,29.2933],[-97.86,29.2924],[-97.858,29.2923],[-97.8564,29.2905],[-97.8549,29.2901],[-97.8518,29.2904],[-97.8517,29.2836],[-97.8504,29.2817],[-97.851,29.2781],[-97.8509,29.2712],[-97.8521,29.2687],[-97.8504,29.2666],[-97.8524,29.2638],[-97.8411,29.2583],[-97.8435,29.2548],[-97.8414,29.2516],[-97.8369,29.2473],[-97.8368,29.2446],[-97.8348,29.2415],[-97.8351,29.2408],[-97.837,29.2404],[-97.8381,29.2383],[-97.837,29.2345],[-97.8376,29.2296],[-97.8364,29.2276],[-97.8309,29.225],[-97.8307,29.2238],[-97.8327,29.2228],[-97.8333,29.2199],[-97.8329,29.2149],[-97.828,29.2163],[-97.8267,29.2123],[-97.8272,29.2107],[-97.8256,29.2086],[-97.824,29.209],[-97.8189,29.207],[-97.8193,29.2053],[-97.823,29.2]]]}},
{"type":"Feature","properties":{"name":"San Marcos","huc8":"12100203","sq_km":3519.93},"geometry":{"type":"Polygon","coordinates":[[[-98.4747,30.1632],[-98.48,30.1669],[-98.4821,30.1677],[-98.4843,30.1666],[-98.4857,30.1647],[-98.49,30.1671],[-98.497,30.1662],[-98.5032,30.1666],[-98.5066,30.1658],[-98.5076,30.1663],[-98.5113,30.1651],[-98.5126,30.1657],[-98.5165,30.1658],[-98.5185,30.1628],[-98.5212,30.1615],[-98.5258,30.1639],[-98.5293,30.1608],[-98.5301,30.1595],[-98.5297,30.1574],[-98.5323,30.1539],[-98.5361,30.1531],[-98.5372,30.154],[-98.54,30.1525],[-98.5421,30.1547],[-98.5433,30.1539],[-98.5475,30.1558],[-98.5501,30.1561],[-98.5549,30.1539],[-98.5573,30.1539],[-98.5578,30.1518],[-98.5611,30.1505],[-98.5608,30.1489],[-98.562,30.1468],[-98.5644,30.1458],[-98.5652,30.1447],[-98.5662,30.1447],[-98.5681,30.1428],[-98.5706,30.1432],[-98.5728,30.1452],[-98.5756,30.1436],[-98.5779,30.1445],[-98.5825,30.1429],[-98.5841,30.1407],[-98.5884,30.1392],[-98.5911,30.1425],[-98.5925,30.1428],[-98.5956,30.1404],[-98.5986,30.1411],[-98.6005,30.1424],[-98.6047,30.1385],[-98.6087,30.1385],[-98.6094,30.1372],[-98.6134,30.1362],[-98.6145,30.1343],[-98.6175,30.1341],[-98.6191,30.1329],[-98.6233,30.1318],[-98.6249,30.1327],[-98.6261,30.1365],[-98.6297,30.1376],[-98.6304,30.1355],[-98.6335,30.1344],[-98.636,30.1346],[-98.6395,30.1362],[-98.642,30.1355],[-98.6424,30.1342],[-98.645,30.1332],[-98.6477,30.1355],[-98.6487,30.135],[-98.65,30.1355],[-98.6522,30.1352],[-98.6535,30.1361],[-98.6565,30.1357],[-98.6591,30.1376],[-98.6614,30.1376],[-98.6626,30.1388],[-98.6653,30.1387],[-98.6677,30.1376],[-98.6703,30.1394],[-98.6713,30.1394],[-98.6735,30.1386],[-98.6724,30.1362],[-98.6731,30.1346],[-98.6726,30.1342],[-98.6735,30.1331],[-98.6735,30.1309],[-98.6744,30.1303],[-98.6741,30.1286],[-98.675,30.1281],[-98.6759,30.1256],[-98.6788,30.1244],[-98.6794,30.1227],[-98.6827,30.1213],[-98.6842,30.119],[-98.6857,30.1185],[-98.6892,30.1197],[-98.6907,30.1195],[-98.6919,30.121],[-98.6945,30.1207],[-98.6948,30.1193],[-98.6983,30.1168],[-98.7014,30.1177],[-98.7027,30.1162],[-98.7043,30.1156],[-98.7075,30.1153],[-98.7088,30.1135],[-98.7146,30.1111],[-98.7154,30.1081],[-98.7143,30.106],[-98.7126,30.106],[-98.7117,30.1069],[-98.7085,30.1049],[-98.706,30.1045],[-98.705,30.1033],[-98.705,30.1016],[-98.7057,30.1005],[-98.7082,30.0996],[-98.7081,30.0989],[-98.7065,30.0989],[-98.7038,30.0973],[-98.7028,30.0941],[-98.7019,30.0929],[-98.6995,30.0927],[-98.6995,30.0913],[-98.6975,30.0877],[-98.6955,30.0863],[-98.6936,30.0858],[-98.6916,30.0869],[-98.6891,30.0855],[-98.688,30.0831],[-98.6863,30.0824],[-98.6835,30.0838],[-98.6824,30.0827],[-98.6824,30.0788],[-98.6811,30.077],[-98.6786,30.0776],[-98.6776,30.077],[-98.6752,30.0781],[-98.672,30.0785],[-98.669,30.0766],[-98.6664,30.0729],[-98.6632,30.0733],[-98.6602,30.0727],[-98.659,30.071],[-98.6595,30.0695],[-98.6556,30.0652],[-98.6547,30.0648],[-98.6524,30.0656],[-98.6491,30.0635],[-98.6483,30.0599],[-98.6469,30.0597],[-98.645,30.0572],[-98.6428,30.0566],[-98.6424,30.0559],[-98.6374,30.0561],[-98.6367,30.0535],[-98.6352,30.0524],[-98.6334,30.0522],[-98.6303,30.0487],[-98.6273,30.0498],[-98.626,30.0491],[-98.6249,30.0467],[-98.6248,30.0439],[-98.6259,30.0413],[-98.6246,30.0413],[-98.6243,30.0394],[-98.6222,30.0389],[-98.6213,30.0378],[-98.619,30.0371],[-98.6166,30.0379],[-98.6166,30.0385],[-98.6118,30.0372],[-98.6111,30.0385],[-98.6064,30.0387],[-98.6038,30.0401],[-98.6016,30.0439],[-98.5993,30.0441],[-98.5976,30.0463],[-98.5949,30.0459],[-98.5933,30.0468],[-98.5895,30.0462],[-98.5891,30.0469],[-98.5868,30.0454],[-98.5813,30.0459],[-98.5814,30.0434],[-98.5774,30.0421],[-98.5769,30.041],[-98.5727,30.0402],[-98.57,30.0385],[-98.5692,30.0351],[-98.5674,30.0328],[-98.565,30.032],[-98.5632,30.0304],[-98.5627,30.0284],[-98.5612,30.0268],[-98.5614,30.0242],[-98.5636,30.0193],[-98.5598,30.0191],[-98.5586,30.0179],[-98.557,30.0187],[-98.5537,30.019],[-98.5528,30.0204],[-98.5495,30.0195],[-98.5483,30.0199],[-98.543,30.018],[-98.543,30.0158],[-98.5386,30.0117],[-98.5334,30.0097],[-98.531,30.0053],[-98.5322,30.0042],[-98.5317,30.0035],[-98.5293,30.0038],[-98.5277,30.0031],[-98.526,30.0033],[-98.5246,30.0015],[-98.5235,30.0015],[-98.5213,30.003],[-98.5202,30.0048],[-98.5179,30.0042],[-98.517,30.0028],[-98.5155,30.0022],[-98.5144,30.0028],[-98.5141,30.0043],[-98.5067,30.0055],[-98.5033,30.0052],[-98.4983,30.0033],[-98.4972,30.0006],[-98.4958,30.0006],[-98.492,30.0032],[-98.4897,30.0034],[-98.4886,30.0005],[-98.4868,30.0014],[-98.4856,30.0035],[-98.4834,30.003],[-98.4827,30.0016],[-98.4798,30.0032],[-98.4791,30.0027],[-98.4747,30.0023],[-98.4732,30.0038],[-98.4712,30.0046],[-98.4665,30.0028],[-98.4628,30.0004],[-98.4621,30.0008],[-98.4595,29.9997],[-98.4594,29.9964],[-98.4551,29.9924],[-98.453,29.9877],[-98.4509,29.9877],[-98.4487,29.9864],[-98.4451,29.9864],[-98.4433,29.985],[-98.4428,29.9817],[-98.4409,29.9794],[-98.4348,29.9767],[-98.4342,29.9748],[-98.4324,29.9748],[-98.4303,29.9733],[-98.4275,29.9733],[-98.426,29.9749],[-98.4262,29.9757],[-98.4232,29.9765],[-98.4213,29.9745],[-98.4215,29.971],[-98.4207,29.971],[-98.4206,29.9701],[-98.4198,29.9698],[-98.4195,29.9682],[-98.4174,29.9677],[-98.4165,29.9661],[-98.4122,29.9647],[-98.4115,29.9631],[-98.4093,29.9638],[-98.4069,29.9666],[-98.405,29.9657],[-98.4014,29.966],[-98.4007,29.9673],[-98.3984,29.9671],[-98.3978,29.9664],[-98.3952,29.9689],[-98.3933,29.9689],[-98.3917,29.9677],[-98.3877,29.9688],[-98.3853,29.9675],[-98.3827,29.9672],[-98.382,29.9684],[-98.3749,29.9677],[-98.3744,29.9685],[-98.3712,29.9691],[-98.3699,29.9703],[-98.3701,29.9714],[-98.3668,29.9727],[-98.3661,29.9756],[-98.3646,29.9761],[-98.3612,29.976],[-98.3606,29.9746],[-98.3587,29.9742],[-98.3576,29.9757],[-98.3564,29.9762],[-98.3551,29.9789],[-98.3557,29.9803],[-98.3553,29.9812],[-98.3509,29.9817],[-98.3476,29.9808],[-98.3457,29.9826],[-98.3444,29.9813],[-98.3417,29.9812],[-98.3411,29.9828],[-98.3387,29.9835],[-98.3351,29.9828],[-98.3331,29.9844],[-98.3312,29.9842],[-98.3258,29.9826],[-98.3246,29.9834],[-98.3234,29.9833],[-98.3219,29.9813],[-98.3201,29.9761],[-98.3214,29.9754],[-98.3217,29.9718],[-98.3193,29.9714],[-98.3183,29.9702],[-98.3155,29.9714],[-98.3143,29.9701],[-98.3113,29.9733],[-98.3075,29.975],[-98.3069,29.9729],[-98.306,29.9724],[-98.304,29.9726],[-98.3008,29.971],[-98.297,29.9711],[-98.2958,29.9719],[-98.2938,29.9706],[-98.2915,29.9729],[-98.2877,29.9715],[-98.285,29.974],[-98.2835,29.9733],[-98.2824,29.9739],[-98.279,29.9741],[-98.2762,29.9723],[-98.2778,29.9702],[-98.2773,29.9687],[-98.2757,29.9681],[-98.274,29.9687],[-98.2725,29.967],[-98.2696,29.9697],[-98.2674,29.9661],[-98.2662,29.9657],[-98.2646,29.9661],[-98.2639,29.9678],[-98.2613,29.9692],[-98.2597,29.9636],[-98.2607,29.9619],[-98.259,29.9617],[-98.2569,29.9579],[-98.2531,29.9571],[-98.2521,29.9563],[-98.2483,29.9573],[-98.2466,29.9568],[-98.2459,29.9541],[-98.2423,29.9531],[-98.2413,29.9504],[-98.2402,29.9498],[-98.238,29.9511],[-98.2371,29.9532],[-98.2354,29.9544],[-98.2348,29.9558],[-98.2272,29.953],[-98.2193,29.9484],[-98.2169,29.9484],[-98.2163,29.9469],[-98.2167,29.9447],[-98.2183,29.9426],[-98.2202,29.942],[-98.2194,29.9389],[-98.2175,29.9374],[-98.2173,29.936],[-98.2158,29.9347],[-98.2123,29.9337],[-98.2103,29.9353],[-98.2083,29.9331],[-98.2063,29.9321],[-98.2036,29.9339],[-98.2016,29.9341],[-98.1986,29.9327],[-98.1942,29.9326],[-98.194,29.9336],[-98.1886,29.9308],[-98.1839,29.9304],[-98.1792,29.9281],[-98.1786,29.9294],[-98.177,29.9299],[-98.1754,29.9296],[-98.175,29.9304],[-98.1682,29.9326],[-98.1602,29.9337],[-98.1565,29.9334],[-98.1528,29.9341],[-98.1515,29.9337],[-98.1531,29.9289],[-98.1522,29.9283],[-98.1481,29.9285],[-98.1469,29.9267],[-98.1469,29.9248],[-98.1449,29.9234],[-98.1473,29.9188],[-98.1453,29.916],[-98.1453,29.9149],[-98.1426,29.9125],[-98.1403,29.9125],[-98.1379,29.9114],[-98.1378,29.9094],[-98.135,29.9072],[-98.1332,29.9046],[-98.129,29.9039],[-98.1251,29.9017],[-98.1226,29.8953],[-98.124,29.8925],[-98.1259,29.8919],[-98.1275,29.8901],[-98.1247,29.888],[-98.1227,29.8838],[-98.1203,29.8824],[-98.1196,29.8807],[-98.1201,29.8794],[-98.1182,29.879],[-98.1115,29.8736],[-98.1088,29.8724],[-98.1073,29.8685],[-98.1081,29.8634],[-98.1052,29.8578],[-98.11,29.8488],[-98.1162,29.8455],[-98.1195,29.8364],[-98.1188,29.834],[-98.1106,29.8269],[-98.1086,29.826],[-98.1055,29.8272],[-98.1043,29.8268],[-98.1019,29.8233],[-98.1015,29.8212],[-98.0984,29.8192],[-98.0984,29.8175],[-98.0968,29.8136],[-98.0959,29.8129],[-98.0921,29.8138],[-98.0882,29.8116],[-98.0831,29.806],[-98.0793,29.8085],[-98.0778,29.8085],[-98.0771,29.8075],[-98.0713,29.8043],[-98.0691,29.8062],[-98.0617,29.8052],[-98.0616,29.8013],[-98.0637,29.7998],[-98.0634,29.7985],[-98.0627,29.7957],[-98.059,29.792],[-98.0577,29.7894],[-98.0598,29.7882],[-98.0613,29.7862],[-98.0608,29.7847],[-98.0628,29.7839],[-98.0628,29.7829],[-98.064,29.7829],[-98.065,29.782],[-98.066,29.7797],[-98.0668,29.7793],[-98.0669,29.7765],[-98.0678,29.7757],[-98.0697,29.7757],[-98.0716,29.7747],[-98.0725,29.7708],[-98.0718,29.7685],[-98.0698,29.7667],[-98.0684,29.7635],[-98.0666,29.7625],[-98.0615,29.7614],[-98.0603,29.7592],[-98.054,29.7565],[-98.054,29.7552],[-98.0581,29.7484],[-98.0571,29.7478],[-98.0602,29.7433],[-98.0574,29.7426],[-98.0561,29.7413],[-98.0558,29.7365],[-98.05,29.7319],[-98.0463,29.727],[-98.0441,29.7261],[-98.0405,29.7264],[-98.0346,29.7236],[-98.0333,29.7247],[-98.0303,29.7237],[-98.0256,29.7244],[-98.024,29.724],[-98.0236,29.726],[-98.021,29.7274],[-98.0183,29.7245],[-98.016,29.7233],[-98.0138,29.7241],[-98.0097,29.7289],[-98.0075,29.7288],[-98.0068,29.7267],[-98.0026,29.7269],[-98.0012,29.7239],[-97.9983,29.7212],[-97.9966,29.7214],[-97.9951,29.7192],[-97.994,29.7189],[-97.9948,29.7165],[-97.9935,29.7165],[-97.9921,29.7145],[-97.9888,29.7135],[-97.9872,29.7121],[-97.9852,29.712],[-97.9836,29.7109],[-97.9808,29.7121],[-97.9796,29.7106],[-97.9771,29.7109],[-97.9726,29.7089],[-97.9719,29.7094],[-97.9717,29.7111],[-97.969,29.7129],[-97.9671,29.7134],[-97.9644,29.7127],[-97.9634,29.7134],[-97.9615,29.713],[-97.9599,29.7136],[-97.9569,29.7116],[-97.956,29.7099],[-97.9534,29.7096],[-97.9535,29.7059],[-97.9515,29.6988],[-97.9493,29.6964],[-97.9445,29.6968],[-97.9438,29.6955],[-97.9399,29.6952],[-97.9386,29.694],[-97.9363,29.6936],[-97.933,29.6943],[-97.9314,29.6922],[-97.9331,29.6916],[-97.9336,29.6876],[-97.9351,29.6856],[-97.9369,29.6846],[-97.9357,29.6821],[-97.9352,29.6759],[-97.933,29.6782],[-97.9318,29.6786],[-97.9282,29.6788],[-97.9228,29.6775],[-97.9187,29.6812],[-97.9174,29.6864],[-97.9162,29.6869],[-97.9139,29.6868],[-97.9126,29.6852],[-97.9114,29.6856],[-97.9089,29.6835],[-97.9056,29.6824],[-97.9027,29.6805],[-97.9024,29.6812],[-97.9011,29.6808],[-97.8962,29.682],[-97.8945,29.6839],[-97.8897,29.6839],[-97.8878,29.6832],[-97.8831,29.6852],[-97.8775,29.6825],[-97.876,29.6847],[-97.8701,29.6834],[-97.8676,29.6843],[-97.8663,29.6835],[-97.8616,29.684],[-97.86,29.6828],[-97.86,29.6814],[-97.8579,29.679],[-97.8571,29.6767],[-97.8555,29.6758],[-97.8548,29.6746],[-97.8511,29.6728],[-97.8506,29.6703],[-97.8493,29.6697],[-97.8499,29.6677],[-97.8493,29.6668],[-97.8429,29.6616],[-97.8414,29.6612],[-97.8406,29.6582],[-97.8384,29.6553],[-97.8352,29.6553],[-97.8329,29.6541],[-97.8314,29.6551],[-97.8295,29.6531],[-97.8256,29.6535],[-97.8234,29.6527],[-97.8218,29.649],[-97.81,29.651],[-97.8079,29.6496],[-97.8008,29.6496],[-97.7977,29.6506],[-97.7974,29.6477],[-97.7985,29.6459],[-97.7976,29.6434],[-97.7952,29.6419],[-97.794,29.6391],[-97.7903,29.6396],[-97.7869,29.6374],[-97.7855,29.6374],[-97.7845,29.6352],[-97.7858,29.6341],[-97.7874,29.627],[-97.785,29.625],[-97.7843,29.6217],[-97.7796,29.6211],[-97.7796,29.6193],[-97.7768,29.6189],[-97.7758,29.6152],[-97.7732,29.6147],[-97.769,29.6151],[-97.7659,29.6164],[-97.7613,29.6139],[-97.7598,29.6116],[-97.7572,29.6104],[-97.7544,29.6119],[-97.7517,29.611],[-97.7481,29.6128],[-97.7514,29.6077],[-97.7514,29.605],[-97.7484,29.605],[-97.7454,29.6034],[-97.7416,29.6037],[-97.7393,29.6024],[-97.7379,29.6048],[-97.7351,29.6058],[-97.7304,29.6093],[-97.7253,29.6081],[-97.7248,29.6106],[-97.7197,29.6095],[-97.7175,29.6077],[-97.7165,29.6086],[-97.7149,29.6082],[-97.7125,29.6106],[-97.7118,29.6133],[-97.7079,29.6137],[-97.7072,29.6045],[-97.7055,29.6017],[-97.7026,29.6021],[-97.7007,29.6004],[-97.7008,29.5989],[-97.7019,29.598],[-97.7,29.5967],[-97.698,29.5923],[-97.6984,29.5917],[-97.7007,29.5915],[-97.703,29.5915],[-97.7047,29.5923],[-97.7053,29.5899],[-97.7043,29.5876],[-97.7058,29.585],[-97.7051,29.5834],[-97.7062,29.5815],[-97.7041,29.5785],[-97.7057,29.5759],[-97.7044,29.5755],[-97.7012,29.5767],[-97.6975,29.5738],[-97.6966,29.5722],[-97.6905,29.5746],[-97.689,29.5736],[-97.6871,29.5735],[-97.686,29.575],[-97.685,29.5733],[-97.6816,29.5733],[-97.6752,29.5754],[-97.6742,29.5743],[-97.6718,29.574],[-97.6694,29.5725],[-97.6686,29.5683],[-97.6661,29.5671],[-97.6648,29.5657],[-97.6647,29.5632],[-97.6638,29.5617],[-97.6602,29.5585],[-97.6566,29.5571],[-97.6528,29.5542],[-97.6523,29.5554],[-97.6485,29.5539],[-97.6472,29.5553],[-97.6454,29.5549],[-97.6435,29.556],[-97.6424,29.5579],[-97.6411,29.5579],[-97.64,29.5589],[-97.6391,29.5572],[-97.6392,29.5551],[-97.6378,29.5544],[-97.6327,29.557],[-97.6315,29.5572],[-97.6305,29.556],[-97.6292,29.556],[-97.6266,29.5585],[-97.6258,29.5568],[-97.6235,29.5564],[-97.6227,29.5576],[-97.6185,29.5558],[-97.618,29.5561],[-97.6146,29.5549],[-97.6126,29.5534],[-97.6098,29.5533],[-97.6088,29.5509],[-97.6039,29.5472],[-97.6022,29.5448],[-97.596,29.5421],[-97.5944,29.5431],[-97.5926,29.5427],[-97.5879,29.5392],[-97.5851,29.5414],[-97.5829,29.5409],[-97.5809,29.5436],[-97.5789,29.5441],[-97.579,29.5459],[-97.5753,29.5439],[-97.5755,29.5409],[-97.572,29.5366],[-97.5673,29.5379],[-97.5648,29.537],[-97.5642,29.5351],[-97.5657,29.5322],[-97.5654,29.5287],[-97.5626,29.5277],[-97.5605,29.529],[-97.5595,29.5287],[-97.5592,29.5248],[-97.5576,29.5228],[-97.557,29.5182],[-97.5557,29.5164],[-97.5541,29.5168],[-97.5519,29.5156],[-97.5523,29.5129],[-97.5514,29.5114],[-97.55,29.5111],[-97.5504,29.5099],[-97.5486,29.5084],[-97.5454,29.5094],[-97.5429,29.506],[-97.54,29.5082],[-97.535,29.5071],[-97.5339,29.5074],[-97.5293,29.5048],[-97.5278,29.505],[-97.5284,29.504],[-97.5279,29.5015],[-97.5257,29.5003],[-97.5235,29.5006],[-97.5225,29.5013],[-97.5213,29.5041],[-97.519,29.5047],[-97.5175,29.5042],[-97.5181,29.5005],[-97.5167,29.4989],[-97.5144,29.498],[-97.5131,29.4984],[-97.5116,29.4967],[-97.5089,29.4955],[-97.5082,29.494],[-97.505,29.4942],[-97.5014,29.492],[-97.4972,29.494],[-97.4911,29.4904],[-97.4876,29.4896],[-97.4823,29.4842],[-97.4797,29.4848],[-97.4761,29.4834],[-97.4713,29.4847],[-97.4698,29.4871],[-97.472,29.4878],[-97.4724,29.4905],[-97.47,29.4924],[-97.4732,29.4931],[-97.4747,29.4954],[-97.4705,29.501],[-97.4743,29.5042],[-97.4752,29.5072],[-97.4765,29.5088],[-97.4811,29.5107],[-97.4793,29.5129],[-97.4779,29.5164],[-97.4781,29.5228],[-97.4771,29.5255],[-97.4778,29.5283],[-97.4788,29.5298],[-97.4758,29.5352],[-97.475,29.5396],[-97.4758,29.5406],[-97.476,29.5427],[-97.4712,29.5484],[-97.4712,29.5492],[-97.4652,29.5546],[-97.4618,29.559],[-97.4565,29.5633],[-97.4506,29.5655],[-97.4487,29.5702],[-97.4464,29.5723],[-97.4403,29.573],[-97.4393,29.574],[-97.4375,29.5778],[-97.439,29.5806],[-97.4403,29.5817],[-97.4403,29.5843],[-97.4388,29.5891],[-97.4367,29.5901],[-97.4354,29.5918],[-97.4353,29.5953],[-97.4388,29.5964],[-97.4388,29.6051],[-97.4417,29.6082],[-97.44,29.6106],[-97.4395,29.6125],[-97.4417,29.6206],[-97.4444,29.6218],[-97.4452,29.6236],[-97.4442,29.626],[-97.4447,29.6274],[-97.4459,29.6289],[-97.4484,29.6299],[-97.4509,29.6299],[-97.4522,29.6334],[-97.4547,29.6362],[-97.458,29.6367],[-97.4604,29.636],[-97.4644,29.6379],[-97.4647,29.6401],[-97.4628,29.6415],[-97.4625,29.6426],[-97.4635,29.644],[-97.4657,29.644],[-97.4679,29.646],[-97.4715,29.647],[-97.474,29.6465],[-97.4753,29.6479],[-97.4791,29.6479],[-97.4787,29.6494],[-97.4802,29.6515],[-97.4784,29.6542],[-97.4806,29.6542],[-97.4823,29.655],[-97.4835,29.6591],[-97.4853,29.6602],[-97.4851,29.6614],[-97.4866,29.6634],[-97.4891,29.6631],[-97.4918,29.664],[-97.4917,29.6652],[-97.4934,29.6667],[-97.4961,29.6677],[-97.4965,29.6705],[-97.4999,29.6715],[-97.5005,29.6762],[-97.4998,29.6783],[-97.5039,29.6842],[-97.5036,29.6894],[-97.5044,29.6934],[-97.5031,29.6956],[-97.5065,29.6967],[-97.5065,29.7096],[-97.5081,29.7103],[-97.5091,29.7115],[-97.5104,29.7109],[-97.512,29.7118],[-97.5127,29.7111],[-97.5139,29.7114],[-97.5145,29.7162],[-97.516,29.7171],[-97.5187,29.7169],[-97.5191,29.718],[-97.5165,29.7197],[-97.5163,29.7206],[-97.5142,29.7205],[-97.5072,29.7234],[-97.5075,29.7261],[-97.5098,29.7303],[-97.5093,29.7313],[-97.5081,29.7313],[-97.5054,29.7349],[-97.5061,29.7392],[-97.5046,29.741],[-97.5038,29.744],[-97.5046,29.7461],[-97.5043,29.7495],[-97.5059,29.7514],[-97.5057,29.7527],[-97.5072,29.7539],[-97.5087,29.7543],[-97.5091,29.7551],[-97.5086,29.7566],[-97.5032,29.7593],[-97.4969,29.7658],[-97.4976,29.7679],[-97.5001,29.7708],[-97.5013,29.7712],[-97.5017,29.7731],[-97.4985,29.7769],[-97.5012,29.7786],[-97.4984,29.7822],[-97.4988,29.7924],[-97.4963,29.7932],[-97.4924,29.7909],[-97.4918,29.7897],[-97.4906,29.789],[-97.4892,29.7899],[-97.4879,29.795],[-97.4852,29.7956],[-97.4852,29.7988],[-97.4834,29.8006],[-97.4834,29.8024],[-97.4853,29.803],[-97.4853,29.8042],[-97.4871,29.8066],[-97.4882,29.8135],[-97.4916,29.8189],[-97.4905,29.8219],[-97.491,29.8238],[-97.4876,29.8237],[-97.4869,29.8263],[-97.4857,29.8273],[-97.4837,29.8258],[-97.481,29.8258],[-97.4807,29.8294],[-97.4792,29.8301],[-97.476,29.83],[-97.4722,29.8288],[-97.4692,29.8291],[-97.4681,29.8309],[-97.4614,29.8313],[-97.4603,29.8378],[-97.4622,29.8445],[-97.4617,29.8501],[-97.4629,29.8507],[-97.4616,29.8539],[-97.4644,29.8568],[-97.4615,29.8587],[-97.4605,29.8618],[-97.4609,29.8651],[-97.458,29.8701],[-97.4581,29.8709],[-97.461,29.8728],[-97.461,29.8739],[-97.4602,29.8756],[-97.4575,29.8785],[-97.4542,29.8796],[-97.4539,29.8814],[-97.4562,29.8813],[-97.4581,29.8833],[-97.4604,29.8825],[-97.4633,29.8828],[-97.4675,29.8783],[-97.4705,29.8777],[-97.476,29.8811],[-97.4773,29.8825],[-97.4802,29.882],[-97.4818,29.8851],[-97.4847,29.8854],[-97.4854,29.8876],[-97.4871,29.8894],[-97.4902,29.8893],[-97.4917,29.8911],[-97.4949,29.8913],[-97.5008,29.8929],[-97.5021,29.8938],[-97.5037,29.8968],[-97.5065,29.8976],[-97.5078,29.9011],[-97.5105,29.9029],[-97.5137,29.9037],[-97.5158,29.9053],[-97.5135,29.9085],[-97.515,29.9141],[-97.5162,29.9152],[-97.5175,29.9187],[-97.5188,29.9196],[-97.523,29.92],[-97.5247,29.9178],[-97.5308,29.9223],[-97.5333,29.9232],[-97.5361,29.9218],[-97.5401,29.9232],[-97.5421,29.9233],[-97.549,29.9202],[-97.5502,29.9215],[-97.5505,29.9258],[-97.5527,29.926],[-97.5573,29.9285],[-97.5605,29.9271],[-97.5707,29.9266],[-97.5748,29.9291],[-97.5779,29.9261],[-97.5801,29.9258],[-97.5847,29.9256],[-97.587,29.9273],[-97.5894,29.9265],[-97.5904,29.9267],[-97.5918,29.9339],[-97.5987,29.9391],[-97.6008,29.9419],[-97.6095,29.9415],[-97.6131,29.9444],[-97.6145,29.9464],[-97.6142,29.9484],[-97.6168,29.9513],[-97.6164,29.9547],[-97.6181,29.956],[-97.6176,29.9586],[-97.6185,29.96],[-97.6221,29.962],[-97.6264,29.9621],[-97.6274,29.9627],[-97.6285,29.9649],[-97.6311,29.9668],[-97.6316,29.9702],[-97.6347,29.9727],[-97.6347,29.9738],[-97.6321,29.9773],[-97.6281,29.9804],[-97.6271,29.9855],[-97.6286,29.9863],[-97.6327,29.9868],[-97.6341,29.9897],[-97.6341,29.9913],[-97.6325,29.9931],[-97.6297,29.9939],[-97.6275,29.9962],[-97.6285,30.0017],[-97.6335,30.001],[-97.6388,29.9987],[-97.6404,29.9989],[-97.6416,30.0004],[-97.6413,30.0032],[-97.6424,30.0043],[-97.6494,30.0047],[-97.6509,30.006],[-97.6514,30.008],[-97.656,30.0041],[-97.6619,30.0051],[-97.6663,30.0049],[-97.6709,30.0072],[-97.6721,30.0072],[-97.675,30.0058],[-97.6783,30.0027],[-97.6815,30.0024],[-97.685,30.0038],[-97.687,30.0085],[-97.6898,30.0105],[-97.6896,30.0123],[-97.6904,30.0133],[-97.6875,30.0158],[-97.688,30.0199],[-97.6899,30.0203],[-97.6905,30.0211],[-97.6901,30.022],[-97.6888,30.0225],[-97.6888,30.0235],[-97.6904,30.0263],[-97.693,30.0273],[-97.6922,30.0292],[-97.6899,30.031],[-97.6904,30.0333],[-97.6897,30.0357],[-97.69,30.0385],[-97.6915,30.0403],[-97.691,30.0446],[-97.6958,30.0479],[-97.699,30.0487],[-97.7005,30.0536],[-97.7021,30.0533],[-97.7087,30.0582],[-97.7114,30.059],[-97.7144,30.0568],[-97.7193,30.0577],[-97.7217,30.0557],[-97.7258,30.0553],[-97.7291,30.0565],[-97.7302,30.0555],[-97.7327,30.0553],[-97.7344,30.0544],[-97.7384,30.0545],[-97.7417,30.0555],[-97.744,30.0546],[-97.7466,30.0556],[-97.7516,30.0557],[-97.754,30.0573],[-97.7561,30.0573],[-97.756,30.0596],[-97.7567,30.0609],[-97.7624,30.0642],[-97.7632,30.0676],[-97.7658,30.0693],[-97.7684,30.0793],[-97.7681,30.0806],[-97.7725,30.079],[-97.7795,30.0798],[-97.7805,30.0794],[-97.7797,30.0825],[-97.7838,30.0848],[-97.7859,30.0845],[-97.7869,30.0854],[-97.7885,30.0889],[-97.79,30.0884],[-97.7908,30.0868],[-97.7929,30.0856],[-97.7929,30.0837],[-97.7947,30.0837],[-97.7968,30.0823],[-97.8013,30.0851],[-97.8046,30.0799],[-97.8104,30.0758],[-97.8146,30.0766],[-97.8169,30.0792],[-97.8192,30.0798],[-97.8191,30.0773],[-97.8203,30.0759],[-97.8203,30.0702],[-97.8195,30.0696],[-97.8207,30.0693],[-97.8213,30.0679],[-97.825,30.0666],[-97.8256,30.0654],[-97.8314,30.068],[-97.8318,30.0691],[-97.8341,30.0697],[-97.8424,30.069],[-97.8428,30.0673],[-97.8463,30.0651],[-97.8467,30.0619],[-97.8488,30.0613],[-97.8524,30.0577],[-97.8601,30.0575],[-97.8621,30.0564],[-97.8679,30.0507],[-97.875,30.0503],[-97.8762,30.0485],[-97.8823,30.0452],[-97.8841,30.0423],[-97.8922,30.0362],[-97.8927,30.0341],[-97.8942,30.0323],[-97.903,30.031],[-97.9036,30.0299],[-97.9074,30.0283],[-97.9093,30.0256],[-97.9135,30.0276],[-97.9159,30.0269],[-97.9175,30.026],[-97.919,30.0236],[-97.9276,30.0266],[-97.9316,30.0256],[-97.9331,30.0266],[-97.9355,30.0287],[-97.9391,30.0352],[-97.9416,30.0366],[-97.9405,30.0378],[-97.9423,30.0388],[-97.9432,30.0386],[-97.9435,30.0398],[-97.9509,30.0403],[-97.9521,30.0395],[-97.9553,30.0407],[-97.9601,30.0381],[-97.9609,30.0386],[-97.9612,30.04],[-97.9623,30.0402],[-97.9629,30.0411],[-97.9656,30.0428],[-97.9666,30.0432],[-97.9674,30.0421],[-97.9694,30.0425],[-97.9698,30.0438],[-97.9771,30.046],[-97.9882,30.0474],[-97.9968,30.0477],[-97.999,30.053],[-98.0031,30.0519],[-98.0062,30.0498],[-98.009,30.0493],[-98.0111,30.0497],[-98.014,30.0485],[-98.0157,30.0485],[-98.0175,30.0497],[-98.0201,30.0502],[-98.0221,30.0483],[-98.0269,30.0492],[-98.0327,30.0482],[-98.0345,30.0488],[-98.0377,30.0483],[-98.0404,30.0489],[-98.0428,30.0503],[-98.0451,30.0502],[-98.0497,30.0518],[-98.0578,30.0526],[-98.0598,30.0566],[-98.0619,30.0571],[-98.0631,30.0586],[-98.0673,30.0586],[-98.0698,30.0571],[-98.0714,30.0585],[-98.0728,30.0613],[-98.074,30.0617],[-98.0753,30.0668],[-98.0777,30.0689],[-98.0792,30.0685],[-98.0806,30.0719],[-98.0827,30.074],[-98.0882,30.0762],[-98.0891,30.0782],[-98.0929,30.0783],[-98.0958,30.076],[-98.0973,30.0761],[-98.0991,30.0787],[-98.1025,30.0801],[-98.1025,30.0813],[-98.1032,30.0816],[-98.1069,30.079],[-98.1171,30.0825],[-98.1188,30.0843],[-98.1232,30.0836],[-98.1243,30.0818],[-98.1253,30.0823],[-98.1308,30.0815],[-98.131,30.0838],[-98.1324,30.0859],[-98.1368,30.0865],[-98.138,30.086],[-98.1394,30.0868],[-98.1379,30.091],[-98.1367,30.092],[-98.1351,30.0918],[-98.1354,30.0942],[-98.1409,30.1013],[-98.1419,30.106],[-98.1438,30.1024],[-98.1448,30.1033],[-98.149,30.1046],[-98.153,30.1031],[-98.154,30.1018],[-98.1563,30.1015],[-98.1591,30.1031],[-98.1597,30.1045],[-98.1613,30.1047],[-98.1641,30.1007],[-98.1635,30.0991],[-98.1663,30.0976],[-98.1666,30.0965],[-98.1687,30.0973],[-98.1723,30.101],[-98.1752,30.1013],[-98.1763,30.1035],[-98.1782,30.1044],[-98.1809,30.1048],[-98.1829,30.1034],[-98.1849,30.0993],[-98.1891,30.0974],[-98.1897,30.0957],[-98.1921,30.0959],[-98.199,30.0938],[-98.1999,30.095],[-98.204,30.0947],[-98.2077,30.0974],[-98.2092,30.0974],[-98.2106,30.0959],[-98.2125,30.0982],[-98.2133,30.0983],[-98.2131,30.0994],[-98.2165,30.1016],[-98.2168,30.1029],[-98.2177,30.1027],[-98.2201,30.1044],[-98.2235,30.1075],[-98.224,30.1091],[-98.2252,30.1101],[-98.226,30.1098],[-98.231,30.114],[-98.2306,30.1194],[-98.2289,30.1215],[-98.2305,30.1226],[-98.236,30.1234],[-98.2373,30.1244],[-98.2396,30.1247],[-98.243,30.1275],[-98.2448,30.127],[-98.2464,30.1253],[-98.2483,30.126],[-98.2499,30.1253],[-98.2533,30.1257],[-98.2553,30.1279],[-98.257,30.126],[-98.2584,30.1295],[-98.2596,30.1291],[-98.2609,30.13],[-98.2632,30.1329],[-98.266,30.1332],[-98.2687,30.1306],[-98.272,30.1311],[-98.2737,30.1326],[-98.2756,30.1321],[-98.2796,30.133],[-98.2842,30.129],[-98.2866,30.1282],[-98.2883,30.1287],[-98.2901,30.1303],[-98.2909,30.1321],[-98.2904,30.1332],[-98.2917,30.1335],[-98.295,30.1372],[-98.2965,30.1372],[-98.2996,30.1345],[-98.305,30.1319],[-98.3064,30.1323],[-98.3092,30.1303],[-98.3117,30.1311],[-98.3128,30.1301],[-98.3132,30.1285],[-98.3155,30.1322],[-98.3191,30.1343],[-98.3198,30.1337],[-98.3226,30.1355],[-98.3244,30.1381],[-98.3256,30.1383],[-98.3262,30.1399],[-98.3298,30.1444],[-98.3344,30.1461],[-98.3366,30.1454],[-98.3412,30.1479],[-98.343,30.1451],[-98.3442,30.1446],[-98.3441,30.1425],[-98.3485,30.1406],[-98.3499,30.1406],[-98.353,30.1387],[-98.3551,30.1392],[-98.3579,30.1375],[-98.3591,30.1387],[-98.3609,30.1381],[-98.3667,30.1383],[-98.3673,30.136],[-98.3699,30.1338],[-98.3725,30.1327],[-98.3748,30.1334],[-98.3762,30.1365],[-98.379,30.1368],[-98.3835,30.1358],[-98.3894,30.1379],[-98.3903,30.1373],[-98.3916,30.138],[-98.3922,30.1369],[-98.3957,30.1356],[-98.3999,30.1327],[-98.4029,30.1334],[-98.4048,30.1347],[-98.4088,30.136],[-98.4123,30.1358],[-98.4165,30.1364],[-98.4176,30.1374],[-98.4183,30.1404],[-98.4223,30.1447],[-98.4303,30.1473],[-98.4311,30.1486],[-98.4333,30.149],[-98.4329,30.1507],[-98.4375,30.1512],[-98.4411,30.1542],[-98.4434,30.1552],[-98.4447,30.1555],[-98.4462,30.1547],[-98.4498,30.1515],[-98.4521,30.1504],[-98.4556,30.152],[-98.4572,30.152],[-98.4592,30.1542],[-98.4626,30.1542],[-98.4641,30.1575],[-98.4663,30.1593],[-98.4691,30.1613],[-98.471,30.1609],[-98.4737,30.1617],[-98.4747,30.1632]]]}},
{"type":"Feature","properties":{"name":"Lower Guadalupe","huc8":"12100204","sq_km":2609.77},"geometry":{"type":"Polygon","coordinates":[[[-97.2286,29.2],[-97.1969,29.2],[-97.1986,29.2023],[-97.2014,29.2026],[-97.2032,29.2051],[-97.2009,29.2111],[-97.202,29.212],[-97.2035,29.2119],[-97.2043,29.2146],[-97.2072,29.2159],[-97.2075,29.2172],[-97.2094,29.2194],[-97.2117,29.2193],[-97.2143,29.2209],[-97.2155,29.2231],[-97.2174,29.2231],[-97.2174,29.2224],[-97.2231,29.2174],[-97.2244,29.2145],[-97.23,29.211],[-97.2282,29.2083],[-97.2296,29.2064],[-97.2294,29.2025],[-97.2277,29.2015],[-97.2286,29.2]]]}},
{"type":"Feature","properties":{"name":"Upper San Antonio","huc8":"12100301","sq_km":1312.77},"geometry":{"type":"Polygon","coordinates":[[[-98.4066,29.2],[-98.3552,29.2],[-98.3552,29.2006],[-98.3589,29.2033],[-98.3581,29.204],[-98.3583,29.2051],[-98.3562,29.2074],[-98.3568,29.2117],[-98.3536,29.2145],[-98.348,29.2138],[-98.346,29.2126],[-98.3449,29.2111],[-98.3405,29.21],[-98.3387,29.2084],[-98.3348,29.2075],[-98.3325,29.2086],[-98.3314,29.2103],[-98.3296,29.2103],[-98.3289,29.2088],[-98.3224,29.2094],[-98.3134,29.2076],[-98.3097,29.2088],[-98.3058,29.2077],[-98.3026,29.209],[-98.2977,29.2076],[-98.2929,29.2095],[-98.2918,29.208],[-98.2893,29.2075],[-98.2857,29.2079],[-98.2836,29.2098],[-98.2828,29.2119],[-98.2795,29.2141],[-98.2742,29.2165],[-98.2703,29.2168],[-98.2694,29.2188],[-98.2672,29.2182],[-98.2655,29.2199],[-98.2601,29.2198],[-98.2594,29.2208],[-98.259,29.2205],[-98.2559,29.2225],[-98.2547,29.2258],[-98.253,29.227],[-98.2534,29.2277],[-98.2491,29.2329],[-98.2469,29.2341],[-98.2443,29.2342],[-98.2423,29.237],[-98.2369,29.2395],[-98.2375,29.2435],[-98.2327,29.2486],[-98.2331,29.2509],[-98.235,29.2526],[-98.2338,29.255],[-98.2343,29.2572],[-98.2329,29.259],[-98.2331,29.2616],[-98.2349,29.264],[-98.2375,29.2656],[-98.2391,29.2704],[-98.2417,29.2703],[-98.2437,29.2724],[-98.2399,29.2801],[-98.2337,29.2817],[-98.2284,29.288],[-98.2204,29.2906],[-98.2208,29.2931],[-98.2199,29.2941],[-98.2211,29.2981],[-98.2237,29.2991],[-98.2252,29.3009],[-98.2285,29.3013],[-98.2283,29.3033],[-98.2297,29.3042],[-98.228,29.3068],[-98.2269,29.307],[-98.2268,29.3091],[-98.2283,29.3126],[-98.23,29.3137],[-98.229,29.3167],[-98.2306,29.3179],[-98.2321,29.3231],[-98.2302,29.3246],[-98.2291,29.3272],[-98.2301,29.3284],[-98.2362,29.3292],[-98.2353,29.331],[-98.2358,29.3321],[-98.2334,29.335],[-98.2312,29.3347],[-98.2235,29.3392],[-98.2274,29.3438],[-98.2292,29.3442],[-98.231,29.3426],[-98.2326,29.3448],[-98.2324,29.3491],[-98.2343,29.3494],[-98.2343,29.352],[-98.2376,29.3517],[-98.2406,29.3523],[-98.2416,29.3538],[-98.2432,29.3543],[-98.245,29.3534],[-98.2471,29.355],[-98.2477,29.3623],[-98.2514,29.3631],[-98.2502,29.3689],[-98.2524,29.3697],[-98.2522,29.3703],[-98.2574,29.3761],[-98.2581,29.3779],[-98.2575,29.382],[-98.2611,29.3827],[-98.2604,29.3857],[-98.2628,29.3877],[-98.2643,29.3921],[-98.2639,29.3976],[-98.2652,29.3986],[-98.2649,29.4007],[-98.2667,29.4066],[-98.2651,29.4092],[-98.2628,29.4107],[-98.2643,29.4146],[-98.262,29.4189],[-98.2649,29.4201],[-98.268,29.4199],[-98.2685,29.4226],[-98.2701,29.4224],[-98.2728,29.4237],[-98.2749,29.4194],[-98.2781,29.4188],[-98.2804,29.4195],[-98.2812,29.4213],[-98.283,29.4219],[-98.284,29.4234],[-98.2861,29.4234],[-98.2902,29.419],[-98.2918,29.4195],[-98.2918,29.4208],[-98.2941,29.4237],[-98.2961,29.4232],[-98.2985,29.4241],[-98.3023,29.4234],[-98.3034,29.4217],[-98.3061,29.4214],[-98.3074,29.4216],[-98.3091,29.423],[-98.3121,29.4231],[-98.3154,29.4247],[-98.3184,29.4228],[-98.319,29.4237],[-98.3205,29.4237],[-98.3219,29.4246],[-98.3237,29.4237],[-98.3248,29.4256],[-98.3268,29.4236],[-98.3271,29.4212],[-98.3303,29.4214],[-98.3348,29.4191],[-98.3427,29.4195],[-98.3441,29.4223],[-98.345,29.4228],[-98.3455,29.4263],[-98.3429,29.4317],[-98.3421,29.4321],[-98.3414,29.4354],[-98.3423,29.4367],[-98.3416,29.4391],[-98.3431,29.4408],[-98.3451,29.4417],[-98.3453,29.4434],[-98.3506,29.4454],[-98.3543,29.4488],[-98.3537,29.4498],[-98.354,29.4532],[-98.353,29.4543],[-98.353,29.4557],[-98.358,29.4589],[-98.3596,29.4663],[-98.3607,29.4677],[-98.3628,29.4677],[-98.3634,29.4684],[-98.3581,29.4748],[-98.3555,29.4747],[-98.3524,29.4768],[-98.3504,29.479],[-98.35,29.4806],[-98.35,29.4813],[-98.3522,29.4831],[-98.3577,29.4841],[-98.3568,29.4879],[-98.3547,29.4903],[-98.3601,29.4988],[-98.3608,29.5011],[-98.3627,29.5026],[-98.3624,29.5044],[-98.3633,29.5083],[-98.3626,29.5096],[-98.3636,29.5131],[-98.3646,29.5142],[-98.3645,29.5198],[-98.3654,29.5244],[-98.3626,29.5248],[-98.3601,29.5275],[-98.3615,29.5295],[-98.3605,29.5312],[-98.3588,29.5316],[-98.3583,29.5358],[-98.3593,29.5366],[-98.3581,29.5383],[-98.3589,29.5425],[-98.3574,29.5454],[-98.3574,29.5477],[-98.3557,29.5483],[-98.3565,29.5527],[-98.3544,29.5542],[-98.3534,29.5564],[-98.356,29.558],[-98.3558,29.5627],[-98.354,29.5645],[-98.3519,29.5644],[-98.3502,29.5673],[-98.3528,29.5715],[-98.3521,29.5741],[-98.3536,29.5753],[-98.359,29.5751],[-98.36,29.5776],[-98.3601,29.5807],[-98.3623,29.582],[-98.3648,29.5817],[-98.3661,29.5823],[-98.3681,29.5845],[-98.3669,29.586],[-98.3666,29.5897],[-98.3676,29.5891],[-98.3722,29.5899],[-98.3741,29.5924],[-98.375,29.5953],[-98.3771,29.5973],[-98.3755,29.6013],[-98.3765,29.6013],[-98.3757,29.6072],[-98.3747,29.6072],[-98.3732,29.6084],[-98.3732,29.6096],[-98.3749,29.6094],[-98.3756,29.6102],[-98.376,29.6144],[-98.3755,29.6151],[-98.3748,29.6148],[-98.3719,29.6183],[-98.3725,29.6205],[-98.3698,29.6234],[-98.3714,29.6256],[-98.37,29.6302],[-98.3708,29.6316],[-98.3723,29.6323],[-98.373,29.6352],[-98.3742,29.6369],[-98.3715,29.6396],[-98.3701,29.6402],[-98.3686,29.6475],[-98.3667,29.6501],[-98.3651,29.6505],[-98.3652,29.6514],[-98.3668,29.653],[-98.3688,29.6539],[-98.3703,29.6568],[-98.3739,29.6596],[-98.378,29.6577],[-98.3794,29.656],[-98.3814,29.6561],[-98.3821,29.6555],[-98.3899,29.6563],[-98.392,29.6575],[-98.3929,29.6592],[-98.3935,29.6643],[-98.3929,29.6668],[-98.396,29.6663],[-98.4003,29.6674],[-98.4025,29.6707],[-98.4052,29.6713],[-98.4068,29.673],[-98.408,29.6763],[-98.411,29.6781],[-98.4118,29.6806],[-98.4133,29.6818],[-98.4145,29.6815],[-98.4163,29.6827],[-98.4171,29.6858],[-98.4209,29.6863],[-98.4234,29.6856],[-98.4261,29.6877],[-98.4286,29.6886],[-98.4277,29.6916],[-98.4308,29.6946],[-98.4305,29.6994],[-98.4331,29.7017],[-98.4338,29.7034],[-98.4333,29.705],[-98.4362,29.7057],[-98.438,29.7082],[-98.4383,29.7062],[-98.4403,29.7054],[-98.4416,29.7034],[-98.4436,29.7031],[-98.4451,29.7042],[-98.4462,29.7031],[-98.4473,29.7031],[-98.4485,29.6999],[-98.4504,29.6989],[-98.4536,29.6989],[-98.4557,29.7018],[-98.4546,29.7031],[-98.4583,29.7043],[-98.4584,29.7055],[-98.4607,29.7061],[-98.4627,29.7087],[-98.4638,29.7079],[-98.4658,29.7078],[-98.4673,29.7065],[-98.4686,29.7067],[-98.47,29.7051],[-98.4723,29.7052],[-98.4756,29.7029],[-98.478,29.7042],[-98.4809,29.7076],[-98.4834,29.7078],[-98.4874,29.7061],[-98.4886,29.7034],[-98.4899,29.7049],[-98.4957,29.7051],[-98.4968,29.7031],[-98.4984,29.704],[-98.5008,29.7014],[-98.5043,29.7],[-98.5066,29.7006],[-98.5089,29.7022],[-98.5094,29.7009],[-98.5108,29.7003],[-98.5151,29.6998],[-98.5179,29.7006],[-98.5202,29.6999],[-98.5216,29.7004],[-98.5284,29.6991],[-98.5306,29.6978],[-98.5323,29.7004],[-98.5357,29.699],[-98.5364,29.698],[-98.5381,29.6978],[-98.5402,29.6991],[-98.5407,29.6985],[-98.5427,29.6987],[-98.5435,29.6999],[-98.5454,29.6988],[-98.5499,29.6987],[-98.5521,29.6976],[-98.5572,29.6985],[-98.5583,29.7],[-98.558,29.7039],[-98.5605,29.7057],[-98.5594,29.707],[-98.5599,29.7085],[-98.5628,29.7111],[-98.566,29.7114],[-98.5694,29.715],[-98.5711,29.7156],[-98.5731,29.715],[-98.5738,29.7161],[-98.5764,29.7164],[-98.5788,29.7177],[-98.5806,29.7167],[-98.5811,29.7152],[-98.5884,29.7177],[-98.5906,29.7151],[-98.5919,29.7148],[-98.5931,29.7158],[-98.5937,29.7179],[-98.5973,29.7194],[-98.6013,29.7177],[-98.6043,29.7178],[-98.6058,29.7199],[-98.6075,29.7205],[-98.6074,29.7225],[-98.6084,29.7243],[-98.613,29.7255],[-98.6162,29.7302],[-98.6181,29.7302],[-98.62,29.7316],[-98.6221,29.732],[-98.6244,29.731],[-98.6272,29.7313],[-98.6286,29.7331],[-98.6306,29.7305],[-98.6339,29.73],[-98.6356,29.7277],[-98.6394,29.7278],[-98.6419,29.7266],[-98.6434,29.7246],[-98.6469,29.7237],[-98.6484,29.724],[-98.6455,29.7201],[-98.6455,29.7187],[-98.6439,29.7154],[-98.6408,29.7154],[-98.6373,29.7139],[-98.6383,29.7112],[-98.6378,29.7088],[-98.6365,29.7062],[-98.6345,29.7045],[-98.634,29.7016],[-98.6352,29.6985],[-98.6339,29.6987],[-98.6321,29.6978],[-98.6314,29.6964],[-98.6302,29.6962],[-98.6306,29.6945],[-98.6299,29.6924],[-98.6255,29.6909],[-98.6251,29.6903],[-98.6205,29.6908],[-98.6176,29.6889],[-98.6172,29.6872],[-98.6186,29.6859],[-98.6172,29.6826],[-98.6171,29.677],[-98.6198,29.6749],[-98.6192,29.6741],[-98.615,29.6738],[-98.6143,29.6709],[-98.6133,29.67],[-98.6112,29.6699],[-98.6087,29.6658],[-98.6107,29.6646],[-98.6133,29.6595],[-98.6114,29.6587],[-98.607,29.6529],[-98.6089,29.6507],[-98.6089,29.6496],[-98.606,29.6497],[-98.6034,29.6488],[-98.6001,29.6456],[-98.5979,29.6462],[-98.5954,29.6431],[-98.5945,29.6371],[-98.5924,29.6378],[-98.59,29.6365],[-98.585,29.6361],[-98.5844,29.6337],[-98.5854,29.6323],[-98.5827,29.6295],[-98.5834,29.6276],[-98.5825,29.6257],[-98.5862,29.6224],[-98.5855,29.6197],[-98.587,29.6177],[-98.5857,29.616],[-98.5854,29.6136],[-98.5821,29.609],[-98.5812,29.6049],[-98.5815,29.6037],[-98.5825,29.6031],[-98.5849,29.6029],[-98.588,29.6037],[-98.5893,29.6036],[-98.5901,29.6026],[-98.5894,29.5997],[-98.588,29.5988],[-98.5878,29.5969],[-98.5861,29.5963],[-98.5855,29.5914],[-98.5892,29.5903],[-98.5883,29.5845],[-98.5912,29.5838],[-98.5931,29.5801],[-98.5912,29.5767],[-98.5897,29.5763],[-98.5885,29.5746],[-98.5863,29.5746],[-98.5858,29.5739],[-98.5865,29.5719],[-98.5859,29.5697],[-98.5862,29.5647],[-98.5889,29.5594],[-98.588,29.5584],[-98.5878,29.5566],[-98.5838,29.554],[-98.5817,29.5538],[-98.5806,29.5496],[-98.5765,29.5496],[-98.577,29.5479],[-98.5766,29.5464],[-98.5757,29.5461],[-98.5766,29.5409],[-98.5758,29.5397],[-98.5732,29.539],[-98.5738,29.5332],[-98.5753,29.5314],[-98.5757,29.5297],[-98.5751,29.5239],[-98.5784,29.5216],[-98.5887,29.5182],[-98.5895,29.517],[-98.5912,29.5166],[-98.597,29.5117],[-98.5992,29.5094],[-98.5994,29.5078],[-98.601,29.5059],[-98.6,29.5017],[-98.6036,29.4993],[-98.6018,29.4974],[-98.6021,29.4956],[-98.6051,29.4935],[-98.6059,29.4939],[-98.6086,29.4901],[-98.6086,29.4875],[-98.6077,29.4862],[-98.6095,29.4849],[-98.6074,29.4783],[-98.6083,29.4766],[-98.6073,29.475],[-98.606,29.4744],[-98.6108,29.4698],[-98.6105,29.4682],[-98.6093,29.4674],[-98.6115,29.4663],[-98.6123,29.4644],[-98.6115,29.4633],[-98.6115,29.4611],[-98.6092,29.4593],[-98.6093,29.4547],[-98.6103,29.4529],[-98.6117,29.4522],[-98.6121,29.4506],[-98.6139,29.4484],[-98.6122,29.4464],[-98.6145,29.4426],[-98.6129,29.4401],[-98.6115,29.4391],[-98.6112,29.4371],[-98.61,29.4361],[-98.5968,29.4347],[-98.5919,29.4317],[-98.5908,29.4293],[-98.5909,29.4267],[-98.5876,29.4237],[-98.5876,29.4183],[-98.5856,29.4156],[-98.5799,29.4133],[-98.5797,29.4098],[-98.5768,29.4069],[-98.5768,29.4038],[-98.5753,29.3977],[-98.5689,29.3963],[-98.5694,29.3922],[-98.5678,29.39],[-98.5628,29.3879],[-98.5628,29.3841],[-98.5604,29.3836],[-98.5605,29.3808],[-98.5589,29.3767],[-98.559,29.3744],[-98.5499,29.3621],[-98.5485,29.3585],[-98.5486,29.3467],[-98.5459,29.3442],[-98.5459,29.3411],[-98.5407,29.3352],[-98.5403,29.3332],[-98.5381,29.3296],[-98.5375,29.324],[-98.5345,29.3244],[-98.5311,29.3265],[-98.5234,29.3249],[-98.5204,29.3271],[-98.518,29.3267],[-98.5174,29.3285],[-98.5157,29.3295],[-98.5122,29.3277],[-98.5085,29.3285],[-98.505,29.3279],[-98.5025,29.3267],[-98.4995,29.324],[-98.4944,29.3264],[-98.4915,29.324],[-98.4877,29.3224],[-98.4824,29.325],[-98.4805,29.3237],[-98.4805,29.322],[-98.4767,29.322],[-98.4749,29.3182],[-98.4753,29.3088],[-98.4773,29.3067],[-98.476,29.3061],[-98.4752,29.3047],[-98.4744,29.3015],[-98.4758,29.2952],[-98.4738,29.292],[-98.4715,29.2911],[-98.4697,29.2893],[-98.4699,29.2841],[-98.4647,29.2766],[-98.4637,29.2716],[-98.4621,29.2692],[-98.461,29.2692],[-98.4584,29.2637],[-98.4561,29.2629],[-98.4542,29.2611],[-98.4519,29.2616],[-98.4507,29.2609],[-98.4472,29.2607],[-98.4455,29.2583],[-98.4435,29.2577],[-98.443,29.2559],[-98.4438,29.2543],[-98.4416,29.2536],[-98.4404,29.2524],[-98.4391,29.2524],[-98.4384,29.2535],[-98.4367,29.2543],[-98.435,29.2536],[-98.4324,29.2493],[-98.4285,29.2477],[-98.4256,29.2474],[-98.4157,29.2427],[-98.4141,29.2428],[-98.4139,29.2412],[-98.4104,29.2383],[-98.4097,29.2354],[-98.4084,29.2342],[-98.4095,29.2322],[-98.4087,29.2309],[-98.4109,29.2288],[-98.4113,29.2266],[-98.4147,29.2247],[-98.4146,29.2232],[-98.4132,29.2213],[-98.4133,29.218],[-98.4106,29.2144],[-98.4117,29.2117],[-98.4109,29.2081],[-98.4088,29.2048],[-98.4081,29.2015],[-98.4066,29.2]]]}},
{"type":"Feature","properties":{"name":"Lower San Antonio","huc8":"12100303","sq_km":3845.91},"geometry":{"type":"MultiPolygon","coordinates":[[[[-97.9077,29.2],[-97.823,29.2],[-97.8193,29.2053],[-97.8189,29.207],[-97.824,29.209],[-97.8256,29.2086],[-97.8272,29.2107],[-97.8267,29.2123],[-97.828,29.2163],[-97.8329,29.2149],[-97.8333,29.2199],[-97.8327,29.2228],[-97.8307,29.2238],[-97.8309,29.225],[-97.8364,29.2276],[-97.8376,29.2296],[-97.837,29.2345],[-97.8381,29.2383],[-97.837,29.2404],[-97.8351,29.2408],[-97.8348,29.2415],[-97.8368,29.2446],[-97.8369,29.2473],[-97.8414,29.2516],[-97.8435,29.2548],[-97.8411,29.2583],[-97.8524,29.2638],[-97.8504,29.2666],[-97.8521,29.2687],[-97.8509,29.2712],[-97.851,29.2781],[-97.8504,29.2817],[-97.8517,29.2836],[-97.8518,29.2904],[-97.8549,29.2901],[-97.8564,29.2905],[-97.858,29.2923],[-97.86,29.2924],[-97.8604,29.2933],[-97.8588,29.2955],[-97.8597,29.2963],[-97.8577,29.2985],[-97.861,29.2979],[-97.8624,29.2997],[-97.8626,29.3014],[-97.866,29.301],[-97.8657,29.3043],[-97.8699,29.3077],[-97.8676,29.3107],[-97.8681,29.312],[-97.8715,29.3123],[-97.8747,29.3138],[-97.8768,29.3125],[-97.8809,29.3124],[-97.8859,29.3154],[-97.8856,29.321],[-97.8843,29.3224],[-97.8865,29.3228],[-97.8866,29.3261],[-97.889,29.329],[-97.8911,29.3303],[-97.8923,29.3322],[-97.8918,29.3358],[-97.8909,29.3374],[-97.8917,29.339],[-97.8916,29.3422],[-97.8935,29.3438],[-97.8907,29.3489],[-97.891,29.3542],[-97.8897,29.3552],[-97.8908,29.3594],[-97.8932,29.3617],[-97.8912,29.363],[-97.8901,29.366],[-97.888,29.3674],[-97.888,29.3758],[-97.8847,29.379],[-97.8851,29.3857],[-97.8876,29.3865],[-97.8883,29.3892],[-97.8925,29.3917],[-97.8924,29.394],[-97.8908,29.3968],[-97.893,29.3978],[-97.8928,29.3986],[-97.896,29.4],[-97.8982,29.4022],[-97.8984,29.4044],[-97.901,29.4041],[-97.9032,29.4081],[-97.9044,29.4076],[-97.9059,29.4052],[-97.9081,29.4092],[-97.9095,29.4105],[-97.9123,29.4113],[-97.9108,29.413],[-97.9119,29.4146],[-97.9105,29.4162],[-97.9108,29.4191],[-97.9119,29.4205],[-97.9121,29.423],[-97.9112,29.4245],[-97.9116,29.4258],[-97.9098,29.4291],[-97.9102,29.4304],[-97.9087,29.4322],[-97.9078,29.4424],[-97.9091,29.4417],[-97.914,29.4423],[-97.9165,29.4419],[-97.9242,29.4459],[-97.9314,29.4458],[-97.9329,29.4384],[-97.9356,29.4359],[-97.9378,29.4268],[-97.941,29.4246],[-97.9496,29.4249],[-97.9527,29.4267],[-97.9529,29.4284],[-97.9561,29.4284],[-97.9571,29.4294],[-97.9591,29.4295],[-97.9601,29.4292],[-97.9613,29.4262],[-97.9638,29.426],[-97.9663,29.4235],[-97.9671,29.4238],[-97.968,29.4262],[-97.9697,29.4232],[-97.9716,29.4221],[-97.9721,29.4198],[-97.9741,29.4176],[-97.9744,29.4135],[-97.9734,29.4077],[-97.9781,29.4012],[-97.9788,29.3981],[-97.9827,29.3935],[-97.985,29.3915],[-97.9913,29.389],[-97.992,29.3869],[-97.993,29.3877],[-97.9961,29.3874],[-97.9971,29.3861],[-97.9971,29.3845],[-97.9984,29.3836],[-97.9993,29.3817],[-98.001,29.381],[-98.0108,29.384],[-98.0119,29.3814],[-98.0156,29.3801],[-98.0151,29.3791],[-98.0159,29.3769],[-98.015,29.3753],[-98.0112,29.3756],[-98.0084,29.3765],[-98.007,29.3752],[-98.0024,29.3745],[-98.001,29.372],[-98.0002,29.372],[-97.9997,29.3733],[-97.9971,29.3749],[-97.9942,29.3733],[-97.9917,29.3742],[-97.9883,29.3731],[-97.9876,29.3735],[-97.9865,29.3724],[-97.9848,29.3726],[-97.9836,29.3718],[-97.9805,29.3718],[-97.9788,29.3694],[-97.9746,29.3686],[-97.9699,29.363],[-97.9679,29.362],[-97.966,29.3583],[-97.9617,29.3592],[-97.9604,29.3606],[-97.959,29.3606],[-97.9579,29.357],[-97.9586,29.3472],[-97.9579,29.3447],[-97.9593,29.3402],[-97.959,29.3384],[-97.957,29.3366],[-97.9534,29.3355],[-97.9484,29.3384],[-97.9462,29.3384],[-97.9435,29.336],[-97.9442,29.3336],[-97.9468,29.3314],[-97.9465,29.3251],[-97.9459,29.3231],[-97.9427,29.3226],[-97.9423,29.3192],[-97.9407,29.3175],[-97.941,29.315],[-97.9425,29.3135],[-97.9397,29.3104],[-97.942,29.3063],[-97.9418,29.3023],[-97.9429,29.3008],[-97.9428,29.2968],[-97.9468,29.2944],[-97.9478,29.29],[-97.9458,29.2906],[-97.9443,29.2892],[-97.9404,29.2879],[-97.9398,29.2851],[-97.9365,29.2844],[-97.9322,29.2792],[-97.932,29.2778],[-97.9344,29.2781],[-97.9353,29.2743],[-97.9397,29.2705],[-97.9384,29.2691],[-97.9393,29.2665],[-97.9354,29.2652],[-97.9347,29.2639],[-97.9314,29.2618],[-97.9316,29.2599],[-97.934,29.2573],[-97.9326,29.2543],[-97.9328,29.2499],[-97.9341,29.2472],[-97.9333,29.2465],[-97.928,29.2475],[-97.9281,29.2456],[-97.9229,29.2387],[-97.9229,29.2368],[-97.9216,29.2344],[-97.922,29.2267],[-97.9191,29.2225],[-97.9139,29.226],[-97.9127,29.226],[-97.911,29.2249],[-97.9093,29.2216],[-97.9089,29.2203],[-97.9096,29.2178],[-97.9077,29.2145],[-97.9084,29.213],[-97.9101,29.2121],[-97.9101,29.2104],[-97.912,29.2086],[-97.9128,29.2062],[-97.9102,29.2052],[-97.9076,29.2054],[-97.9079,29.2022],[-97.9073,29.2009],[-97.9077,29.2]]],[[[-98.3552,29.2],[-98.06,29.2],[-98.0594,29.2023],[-98.0572,29.2049],[-98.0577,29.2075],[-98.0571,29.2096],[-98.0584,29.2117],[-98.0574,29.2139],[-98.0616,29.2161],[-98.062,29.2175],[-98.0639,29.2177],[-98.0666,29.2203],[-98.07,29.221],[-98.0708,29.222],[-98.0737,29.2214],[-98.0766,29.222],[-98.0782,29.2236],[-98.0792,29.2261],[-98.0797,29.2246],[-98.081,29.2251],[-98.0814,29.226],[-98.082,29.2254],[-98.0833,29.226],[-98.0843,29.2251],[-98.0859,29.2261],[-98.0886,29.2263],[-98.0927,29.2282],[-98.0927,29.2292],[-98.0958,29.232],[-98.101,29.2328],[-98.1036,29.2363],[-98.1042,29.2405],[-98.1099,29.2413],[-98.1119,29.2434],[-98.1168,29.246],[-98.1165,29.2466],[-98.1177,29.2483],[-98.1204,29.2511],[-98.1226,29.251],[-98.1242,29.2517],[-98.1291,29.2547],[-98.1313,29.2574],[-98.1336,29.2579],[-98.1312,29.2637],[-98.1321,29.2641],[-98.1319,29.265],[-98.1332,29.2665],[-98.1336,29.2691],[-98.1304,29.273],[-98.1311,29.2773],[-98.1292,29.2805],[-98.1295,29.2844],[-98.1281,29.2875],[-98.128,29.2896],[-98.125,29.2914],[-98.1261,29.2956],[-98.1249,29.2974],[-98.1253,29.302],[-98.1244,29.3045],[-98.1275,29.3063],[-98.1286,29.3063],[-98.1312,29.3049],[-98.136,29.3055],[-98.1366,29.3066],[-98.1359,29.3079],[-98.1391,29.3095],[-98.1372,29.3134],[-98.1376,29.3147],[-98.1454,29.3127],[-98.1471,29.3118],[-98.1494,29.3072],[-98.1531,29.3074],[-98.1555,29.3088],[-98.161,29.3105],[-98.1614,29.3083],[-98.1638,29.3071],[-98.1668,29.3076],[-98.1709,29.3075],[-98.1716,29.3068],[-98.1761,29.3104],[-98.1829,29.3096],[-98.1872,29.3114],[-98.1898,29.3111],[-98.1907,29.3116],[-98.1922,29.3147],[-98.2004,29.3105],[-98.2019,29.3042],[-98.2069,29.299],[-98.209,29.2951],[-98.2096,29.2916],[-98.2116,29.2894],[-98.2148,29.2887],[-98.2166,29.2898],[-98.2195,29.29],[-98.2204,29.2906],[-98.2227,29.29],[-98.2284,29.288],[-98.2337,29.2817],[-98.2399,29.2801],[-98.2437,29.2724],[-98.2417,29.2703],[-98.2391,29.2704],[-98.2375,29.2656],[-98.2349,29.264],[-98.2331,29.2616],[-98.2329,29.259],[-98.2343,29.2572],[-98.2338,29.255],[-98.235,29.2526],[-98.2331,29.2509],[-98.2327,29.2482],[-98.2375,29.2435],[-98.2369,29.2395],[-98.2423,29.237],[-98.2443,29.2342],[-98.2469,29.2341],[-98.2491,29.2329],[-98.2534,29.2277],[-98.253,29.227],[-98.2547,29.2258],[-98.2559,29.2225],[-98.259,29.2205],[-98.2594,29.2208],[-98.2601,29.2198],[-98.2655,29.2199],[-98.2672,29.2182],[-98.2694,29.2188],[-98.2703,29.2168],[-98.2742,29.2165],[-98.2795,29.2141],[-98.2828,29.2119],[-98.2853,29.2081],[-98.2893,29.2075],[-98.2918,29.208],[-98.2929,29.2095],[-98.2977,29.2076],[-98.3026,29.209],[-98.3058,29.2077],[-98.3097,29.2088],[-98.3134,29.2076],[-98.3224,29.2094],[-98.3289,29.2088],[-98.3296,29.2103],[-98.3314,29.2103],[-98.3325,29.2086],[-98.3348,29.2075],[-98.3387,29.2084],[-98.3405,29.21],[-98.3449,29.2111],[-98.346,29.2126],[-98.348,29.2138],[-98.3536,29.2145],[-98.3568,29.2117],[-98.3562,29.2074],[-98.3583,29.2051],[-98.3581,29.204],[-98.3589,29.2033],[-98.3552,29.2006],[-98.3552,29.2]]]]}},
{"type":"Feature","properties":{"name":"Cibolo","huc8":"12100304","sq_km":2212.14},"geometry":{"type":"Polygon","coordinates":[[[-98.06,29.2],[-97.9077,29.2],[-97.9073,29.2009],[-97.9079,29.2022],[-97.9076,29.2054],[-97.9102,29.2052],[-97.9128,29.2062],[-97.912,29.2086],[-97.9101,29.2104],[-97.9101,29.2121],[-97.9084,29.213],[-97.9077,29.2145],[-97.9096,29.2178],[-97.9089,29.2203],[-97.9093,29.2216],[-97.911,29.2249],[-97.9127,29.226],[-97.9139,29.226],[-97.9191,29.2225],[-97.922,29.2267],[-97.9216,29.2344],[-97.9229,29.2368],[-97.9229,29.2387],[-97.9281,29.2456],[-97.928,29.2475],[-97.9333,29.2465],[-97.9341,29.2472],[-97.9328,29.2499],[-97.9326,29.2543],[-97.934,29.2573],[-97.9316,29.2599],[-97.9314,29.2618],[-97.9347,29.2639],[-97.9354,29.2652],[-97.9393,29.2665],[-97.9384,29.2691],[-97.9397,29.2705],[-97.9353,29.2743],[-97.9344,29.2781],[-97.932,29.2778],[-97.9322,29.2792],[-97.9365,29.2844],[-97.9398,29.2851],[-97.9404,29.2879],[-97.9443,29.2892],[-97.9458,29.2906],[-97.9478,29.29],[-97.9468,29.2944],[-97.9428,29.2968],[-97.9429,29.3008],[-97.9418,29.3023],[-97.942,29.3063],[-97.9397,29.3104],[-97.9425,29.3135],[-97.941,29.315],[-97.9407,29.3175],[-97.9423,29.3192],[-97.9427,29.3226],[-97.9459,29.3231],[-97.9465,29.3251],[-97.9468,29.3314],[-97.9442,29.3336],[-97.9435,29.336],[-97.9462,29.3384],[-97.9484,29.3384],[-97.9534,29.3355],[-97.957,29.3366],[-97.959,29.3384],[-97.9593,29.3402],[-97.9579,29.3447],[-97.9586,29.3472],[-97.9579,29.357],[-97.959,29.3606],[-97.9604,29.3606],[-97.9617,29.3592],[-97.966,29.3583],[-97.9679,29.362],[-97.9699,29.363],[-97.9746,29.3686],[-97.9788,29.3694],[-97.9805,29.3718],[-97.9836,29.3718],[-97.9848,29.3726],[-97.9865,29.3724],[-97.9876,29.3735],[-97.9883,29.3731],[-97.9917,29.3742],[-97.9942,29.3733],[-97.9971,29.3749],[-97.9997,29.3733],[-98.0002,29.372],[-98.001,29.372],[-98.0024,29.3745],[-98.007,29.3752],[-98.0084,29.3765],[-98.0112,29.3756],[-98.015,29.3753],[-98.0159,29.3769],[-98.0151,29.3791],[-98.0156,29.3801],[-98.0119,29.3814],[-98.0108,29.384],[-98.001,29.381],[-97.9993,29.3817],[-97.9984,29.3836],[-97.9971,29.3845],[-97.9971,29.3861],[-97.9961,29.3874],[-97.993,29.3877],[-97.992,29.3869],[-97.9913,29.389],[-97.985,29.3915],[-97.9788,29.3981],[-97.9781,29.4012],[-97.9734,29.4077],[-97.9744,29.4166],[-97.9717,29.4206],[-97.9716,29.4221],[-97.9718,29.427],[-97.9734,29.432],[-97.9787,29.431],[-97.9818,29.4331],[-97.9835,29.4394],[-97.9873,29.4418],[-97.9893,29.441],[-97.9928,29.4428],[-97.9937,29.4423],[-97.9952,29.4426],[-97.9962,29.4454],[-97.9995,29.4459],[-98.0025,29.4479],[-98.0025,29.4499],[-98.0036,29.4508],[-98.0116,29.4518],[-98.0133,29.4541],[-98.0155,29.4552],[-98.0154,29.4586],[-98.0125,29.4612],[-98.0127,29.464],[-98.0121,29.4658],[-98.0143,29.467],[-98.0153,29.4696],[-98.015,29.4704],[-98.017,29.4744],[-98.0194,29.4746],[-98.0225,29.4771],[-98.0225,29.4778],[-98.0272,29.4809],[-98.027,29.4821],[-98.0255,29.4828],[-98.0275,29.4894],[-98.03,29.4897],[-98.0298,29.4929],[-98.0319,29.4933],[-98.0347,29.4978],[-98.0364,29.4975],[-98.0374,29.4983],[-98.0376,29.5025],[-98.0406,29.5035],[-98.0391,29.5053],[-98.0349,29.5076],[-98.0316,29.5118],[-98.038,29.5115],[-98.0388,29.5159],[-98.0376,29.5183],[-98.0381,29.5196],[-98.0362,29.5212],[-98.0369,29.523],[-98.0402,29.525],[-98.0417,29.5251],[-98.0426,29.5246],[-98.0437,29.5223],[-98.0457,29.5212],[-98.0501,29.5205],[-98.0508,29.5198],[-98.0506,29.5182],[-98.0533,29.5175],[-98.0548,29.5193],[-98.0586,29.5206],[-98.0606,29.5191],[-98.0612,29.5197],[-98.0647,29.5193],[-98.0682,29.5172],[-98.0709,29.5182],[-98.0713,29.5192],[-98.0732,29.5203],[-98.0774,29.52],[-98.0803,29.5222],[-98.0811,29.5248],[-98.0823,29.5257],[-98.0833,29.5281],[-98.081,29.5363],[-98.0831,29.5367],[-98.0855,29.5396],[-98.0881,29.5388],[-98.0895,29.5411],[-98.0914,29.5403],[-98.0909,29.5433],[-98.0937,29.5489],[-98.0931,29.5507],[-98.0938,29.5514],[-98.0982,29.5508],[-98.101,29.5482],[-98.1042,29.5485],[-98.1078,29.5499],[-98.1067,29.5564],[-98.1055,29.5575],[-98.1065,29.5605],[-98.1061,29.5615],[-98.1185,29.5681],[-98.1176,29.5705],[-98.115,29.5736],[-98.1172,29.5764],[-98.1167,29.5808],[-98.1186,29.5825],[-98.1195,29.5855],[-98.1223,29.5901],[-98.1243,29.5911],[-98.1243,29.594],[-98.1255,29.5968],[-98.1257,29.5999],[-98.1275,29.6015],[-98.1281,29.6039],[-98.1275,29.6116],[-98.1291,29.6151],[-98.1328,29.6201],[-98.1325,29.6264],[-98.1338,29.6303],[-98.1376,29.6335],[-98.1351,29.6355],[-98.1377,29.6373],[-98.1369,29.6391],[-98.1366,29.6448],[-98.1368,29.647],[-98.1383,29.6481],[-98.1376,29.6512],[-98.139,29.6511],[-98.1426,29.656],[-98.1437,29.6561],[-98.142,29.6608],[-98.1441,29.6634],[-98.1482,29.6634],[-98.1519,29.6617],[-98.1538,29.6619],[-98.1561,29.6609],[-98.1567,29.6592],[-98.159,29.6588],[-98.1574,29.6563],[-98.1578,29.6528],[-98.1598,29.6518],[-98.1643,29.6509],[-98.1675,29.6489],[-98.1709,29.6445],[-98.1725,29.6405],[-98.1718,29.6393],[-98.1726,29.6347],[-98.174,29.634],[-98.1782,29.6339],[-98.1823,29.6354],[-98.1835,29.6367],[-98.1844,29.6363],[-98.1857,29.6352],[-98.1868,29.6325],[-98.1939,29.6303],[-98.2013,29.6219],[-98.2056,29.6208],[-98.206,29.6176],[-98.2089,29.6164],[-98.2101,29.6165],[-98.2113,29.6151],[-98.2129,29.6155],[-98.2143,29.6171],[-98.214,29.6179],[-98.2199,29.6202],[-98.2202,29.6186],[-98.2227,29.6166],[-98.224,29.6143],[-98.229,29.6121],[-98.236,29.6143],[-98.2373,29.617],[-98.2384,29.617],[-98.2433,29.614],[-98.2502,29.6161],[-98.2514,29.6143],[-98.2559,29.6122],[-98.2569,29.6111],[-98.2587,29.6114],[-98.2596,29.6092],[-98.2635,29.6091],[-98.2666,29.6079],[-98.2682,29.6087],[-98.2688,29.6107],[-98.2694,29.6086],[-98.2712,29.6069],[-98.2733,29.6062],[-98.2774,29.6062],[-98.2802,29.6024],[-98.2847,29.6054],[-98.2879,29.6063],[-98.2893,29.6075],[-98.2938,29.6168],[-98.293,29.6188],[-98.2943,29.6221],[-98.2913,29.6253],[-98.2913,29.6263],[-98.2943,29.6285],[-98.2964,29.6287],[-98.2983,29.6298],[-98.3003,29.6327],[-98.3008,29.6336],[-98.2997,29.6348],[-98.2991,29.6389],[-98.3008,29.6406],[-98.3044,29.641],[-98.3058,29.6434],[-98.3088,29.6442],[-98.3119,29.6465],[-98.3202,29.6429],[-98.3254,29.6508],[-98.325,29.6528],[-98.3272,29.6554],[-98.3268,29.658],[-98.3245,29.6604],[-98.3244,29.6624],[-98.3275,29.6628],[-98.3282,29.6621],[-98.3303,29.6641],[-98.3312,29.6669],[-98.3335,29.67],[-98.3338,29.6727],[-98.3353,29.6736],[-98.3354,29.6749],[-98.3381,29.6757],[-98.3416,29.6782],[-98.3458,29.6791],[-98.346,29.6817],[-98.3502,29.6858],[-98.3497,29.6869],[-98.3509,29.6899],[-98.351,29.694],[-98.3528,29.6971],[-98.352,29.7012],[-98.3486,29.7015],[-98.3468,29.7024],[-98.344,29.7021],[-98.3426,29.7049],[-98.3382,29.7066],[-98.3351,29.7063],[-98.333,29.7077],[-98.331,29.7076],[-98.3291,29.7087],[-98.3273,29.7112],[-98.3304,29.719],[-98.3352,29.7198],[-98.336,29.721],[-98.3356,29.7242],[-98.3338,29.7259],[-98.3337,29.7273],[-98.3337,29.7288],[-98.3355,29.7331],[-98.3387,29.7341],[-98.3409,29.7337],[-98.3412,29.7368],[-98.3389,29.7422],[-98.3357,29.7432],[-98.3337,29.7464],[-98.3349,29.7485],[-98.3387,29.7503],[-98.3401,29.7525],[-98.3426,29.7545],[-98.3427,29.7572],[-98.3405,29.7594],[-98.3397,29.763],[-98.3414,29.7643],[-98.342,29.7667],[-98.345,29.7681],[-98.3459,29.7721],[-98.3505,29.7717],[-98.3545,29.7724],[-98.3528,29.7743],[-98.3524,29.7765],[-98.3513,29.7773],[-98.3504,29.7796],[-98.3489,29.7803],[-98.3479,29.7817],[-98.3453,29.781],[-98.3403,29.7856],[-98.339,29.7861],[-98.3377,29.7893],[-98.3361,29.791],[-98.3362,29.7939],[-98.3379,29.7967],[-98.3375,29.7994],[-98.3382,29.8011],[-98.3403,29.8013],[-98.3437,29.8043],[-98.3427,29.807],[-98.346,29.8099],[-98.3489,29.8073],[-98.3548,29.8084],[-98.3629,29.8047],[-98.3625,29.8062],[-98.3636,29.8085],[-98.3663,29.8091],[-98.3692,29.8077],[-98.3716,29.8085],[-98.3741,29.8136],[-98.3767,29.8151],[-98.3787,29.8145],[-98.3809,29.8152],[-98.3832,29.8151],[-98.3845,29.8141],[-98.3874,29.8143],[-98.3956,29.8106],[-98.3991,29.811],[-98.3996,29.8097],[-98.406,29.8074],[-98.4085,29.8077],[-98.4133,29.8101],[-98.4197,29.8071],[-98.4209,29.8076],[-98.4223,29.8071],[-98.4328,29.8111],[-98.435,29.8128],[-98.4369,29.8112],[-98.4419,29.811],[-98.4439,29.8084],[-98.4452,29.8078],[-98.4525,29.8106],[-98.4556,29.809],[-98.4578,29.8109],[-98.4591,29.8096],[-98.462,29.8092],[-98.4631,29.8104],[-98.4667,29.8108],[-98.4674,29.8117],[-98.4672,29.813],[-98.4704,29.8165],[-98.4718,29.8151],[-98.4778,29.8165],[-98.4825,29.8147],[-98.4841,29.8155],[-98.4858,29.8149],[-98.4881,29.8109],[-98.4878,29.8087],[-98.4908,29.8082],[-98.4915,29.8069],[-98.4991,29.8044],[-98.5003,29.8013],[-98.5027,29.7995],[-98.5086,29.7992],[-98.5094,29.8009],[-98.5143,29.8017],[-98.5143,29.8034],[-98.5156,29.8043],[-98.5197,29.806],[-98.5235,29.8061],[-98.5251,29.8106],[-98.5248,29.8172],[-98.5263,29.8208],[-98.526,29.8229],[-98.5301,29.8226],[-98.5311,29.821],[-98.5328,29.8215],[-98.5367,29.821],[-98.5373,29.8236],[-98.5397,29.8246],[-98.5407,29.8261],[-98.5428,29.8256],[-98.5459,29.8265],[-98.5493,29.8249],[-98.5543,29.8261],[-98.5594,29.8256],[-98.5596,29.8278],[-98.5609,29.8293],[-98.5616,29.8321],[-98.5639,29.83],[-98.569,29.8297],[-98.5735,29.8271],[-98.5777,29.8271],[-98.5814,29.8223],[-98.5861,29.8243],[-98.5889,29.8231],[-98.5912,29.827],[-98.5961,29.8234],[-98.6004,29.8252],[-98.6032,29.8273],[-98.6085,29.8249],[-98.6076,29.8231],[-98.6094,29.8181],[-98.6111,29.8191],[-98.6126,29.8187],[-98.6177,29.8195],[-98.6191,29.8204],[-98.6191,29.8216],[-98.6204,29.8217],[-98.6225,29.8186],[-98.6276,29.8167],[-98.6304,29.818],[-98.6332,29.8207],[-98.6347,29.8235],[-98.637,29.8235],[-98.6392,29.8255],[-98.6472,29.8276],[-98.6505,29.8241],[-98.657,29.8256],[-98.6592,29.8243],[-98.6621,29.8205],[-98.6636,29.8198],[-98.6675,29.8198],[-98.6707,29.8222],[-98.6725,29.8212],[-98.6752,29.8209],[-98.6769,29.8163],[-98.6819,29.8147],[-98.6825,29.8156],[-98.684,29.8154],[-98.6867,29.8166],[-98.6884,29.8193],[-98.6884,29.8209],[-98.69,29.8245],[-98.6917,29.827],[-98.6928,29.8275],[-98.6984,29.8279],[-98.7001,29.8288],[-98.7056,29.8281],[-98.7081,29.827],[-98.7104,29.8276],[-98.7123,29.8268],[-98.7156,29.8322],[-98.7178,29.8316],[-98.7215,29.832],[-98.7221,29.8305],[-98.7234,29.83],[-98.726,29.831],[-98.7288,29.8311],[-98.7371,29.8294],[-98.7376,29.8368],[-98.7392,29.8382],[-98.7426,29.8373],[-98.7433,29.836],[-98.7444,29.8355],[-98.7465,29.8356],[-98.7488,29.8374],[-98.7506,29.8364],[-98.7523,29.8366],[-98.754,29.8397],[-98.7512,29.8419],[-98.7536,29.8418],[-98.7549,29.8425],[-98.7553,29.8455],[-98.7572,29.8476],[-98.7601,29.8475],[-98.7619,29.8484],[-98.7626,29.8501],[-98.7611,29.8544],[-98.7627,29.8548],[-98.7665,29.855],[-98.771,29.853],[-98.7761,29.857],[-98.7776,29.8555],[-98.7799,29.8553],[-98.7834,29.8563],[-98.7893,29.8549],[-98.7909,29.8559],[-98.7918,29.8574],[-98.7937,29.8571],[-98.796,29.8581],[-98.7973,29.8575],[-98.8003,29.8538],[-98.8048,29.8537],[-98.8055,29.8544],[-98.8072,29.8543],[-98.8083,29.8552],[-98.81,29.8539],[-98.8149,29.8559],[-98.8201,29.8543],[-98.8216,29.853],[-98.8254,29.8541],[-98.8271,29.8526],[-98.8306,29.8516],[-98.8319,29.8497],[-98.8343,29.8504],[-98.8409,29.8468],[-98.843,29.8491],[-98.8502,29.8492],[-98.8518,29.852],[-98.8624,29.8574],[-98.8673,29.8555],[-98.8695,29.8566],[-98.871,29.8563],[-98.8746,29.858],[-98.8823,29.8583],[-98.8838,29.8572],[-98.8841,29.8554],[-98.8903,29.8502],[-98.89,29.8468],[-98.888,29.8452],[-98.8878,29.8428],[-98.8862,29.8412],[-98.8876,29.8399],[-98.8909,29.8387],[-98.891,29.8365],[-98.8923,29.8346],[-98.8892,29.8298],[-98.8873,29.8282],[-98.8852,29.8236],[-98.8834,29.8228],[-98.8829,29.8216],[-98.8813,29.8204],[-98.8817,29.8189],[-98.8808,29.8164],[-98.878,29.8151],[-98.8758,29.8127],[-98.8696,29.8129],[-98.8688,29.8101],[-98.8652,29.8083],[-98.8642,29.8054],[-98.8611,29.8058],[-98.8597,29.8041],[-98.8575,29.8039],[-98.8568,29.8022],[-98.8588,29.7979],[-98.8586,29.7962],[-98.8541,29.7882],[-98.8504,29.7847],[-98.8518,29.7797],[-98.8548,29.7788],[-98.8557,29.7771],[-98.858,29.7759],[-98.8582,29.7744],[-98.8567,29.7734],[-98.8579,29.7719],[-98.8579,29.77],[-98.8552,29.7685],[-98.8531,29.7696],[-98.8519,29.7692],[-98.8485,29.7703],[-98.8442,29.7682],[-98.8412,29.771],[-98.8376,29.7689],[-98.8359,29.7662],[-98.8315,29.7671],[-98.8308,29.7659],[-98.8273,29.7643],[-98.8248,29.7599],[-98.8208,29.7582],[-98.8209,29.7564],[-98.8179,29.7569],[-98.8118,29.7564],[-98.8105,29.7527],[-98.8088,29.7506],[-98.8093,29.7466],[-98.8061,29.7414],[-98.8021,29.7433],[-98.8004,29.7424],[-98.7986,29.7402],[-98.7963,29.7402],[-98.795,29.7392],[-98.7935,29.7404],[-98.787,29.7401],[-98.7864,29.7395],[-98.7842,29.7402],[-98.781,29.7393],[-98.7813,29.7382],[-98.7846,29.7358],[-98.7843,29.7341],[-98.7858,29.7331],[-98.7854,29.732],[-98.7867,29.7303],[-98.7865,29.7296],[-98.7887,29.7282],[-98.7901,29.7259],[-98.7919,29.7257],[-98.793,29.7239],[-98.7924,29.7222],[-98.794,29.7205],[-98.7962,29.7204],[-98.7977,29.7196],[-98.7974,29.7169],[-98.7988,29.7149],[-98.7985,29.713],[-98.7952,29.7127],[-98.7941,29.7116],[-98.7939,29.7103],[-98.7924,29.7102],[-98.7897,29.7115],[-98.7883,29.7108],[-98.7876,29.7097],[-98.7834,29.7096],[-98.7815,29.7083],[-98.776,29.7071],[-98.7775,29.6978],[-98.7754,29.6966],[-98.7739,29.6987],[-98.7715,29.6985],[-98.7704,29.6994],[-98.7693,29.6982],[-98.7679,29.6983],[-98.767,29.6948],[-98.7656,29.6946],[-98.7652,29.6936],[-98.7621,29.6911],[-98.7627,29.6885],[-98.759,29.6879],[-98.7584,29.6867],[-98.7572,29.6866],[-98.7566,29.6845],[-98.7529,29.6851],[-98.7517,29.6838],[-98.7508,29.6846],[-98.7493,29.6841],[-98.7476,29.6845],[-98.747,29.6875],[-98.7437,29.6923],[-98.7397,29.6929],[-98.7381,29.6918],[-98.7352,29.6943],[-98.7339,29.6973],[-98.7317,29.6966],[-98.732,29.7008],[-98.7303,29.7019],[-98.7271,29.7019],[-98.725,29.7061],[-98.7229,29.7063],[-98.7219,29.7075],[-98.7186,29.7078],[-98.7175,29.7092],[-98.7122,29.7087],[-98.7124,29.7101],[-98.711,29.713],[-98.7088,29.7131],[-98.7054,29.7145],[-98.7045,29.7154],[-98.7037,29.7173],[-98.7042,29.718],[-98.7029,29.7196],[-98.7013,29.7211],[-98.6998,29.7214],[-98.6974,29.7208],[-98.6968,29.7234],[-98.6947,29.7239],[-98.6928,29.7235],[-98.6905,29.7202],[-98.6876,29.7187],[-98.6873,29.7154],[-98.683,29.7179],[-98.6814,29.7202],[-98.6777,29.7198],[-98.6762,29.7225],[-98.6722,29.7228],[-98.6691,29.7258],[-98.667,29.7256],[-98.6643,29.7242],[-98.6613,29.7258],[-98.6602,29.7259],[-98.6594,29.7247],[-98.6561,29.726],[-98.6529,29.7258],[-98.652,29.7244],[-98.6469,29.7237],[-98.6434,29.7246],[-98.6419,29.7266],[-98.6394,29.7278],[-98.6356,29.7277],[-98.6339,29.73],[-98.6306,29.7305],[-98.6286,29.7331],[-98.6272,29.7313],[-98.626,29.731],[-98.6221,29.732],[-98.62,29.7316],[-98.6181,29.7302],[-98.6162,29.7302],[-98.613,29.7255],[-98.6084,29.7243],[-98.6074,29.7225],[-98.6075,29.7205],[-98.6058,29.7199],[-98.6043,29.7178],[-98.6013,29.7177],[-98.5973,29.7194],[-98.5937,29.7179],[-98.5931,29.7158],[-98.5919,29.7148],[-98.5906,29.7151],[-98.5884,29.7177],[-98.5811,29.7152],[-98.5806,29.7167],[-98.5788,29.7177],[-98.5764,29.7164],[-98.5738,29.7161],[-98.5731,29.715],[-98.5711,29.7156],[-98.5694,29.715],[-98.566,29.7114],[-98.5628,29.7111],[-98.5599,29.7085],[-98.5594,29.707],[-98.5605,29.7057],[-98.558,29.7039],[-98.5583,29.7],[-98.5572,29.6985],[-98.5521,29.6976],[-98.5499,29.6987],[-98.5454,29.6988],[-98.5435,29.6999],[-98.5427,29.6987],[-98.5407,29.6985],[-98.5402,29.6991],[-98.5381,29.6978],[-98.5364,29.698],[-98.5357,29.699],[-98.5323,29.7004],[-98.5306,29.6978],[-98.5284,29.6991],[-98.5216,29.7004],[-98.5202,29.6999],[-98.5179,29.7006],[-98.5151,29.6998],[-98.5108,29.7003],[-98.5094,29.7009],[-98.5089,29.7022],[-98.5066,29.7006],[-98.5043,29.7],[-98.5008,29.7014],[-98.4984,29.704],[-98.4968,29.7031],[-98.4957,29.7051],[-98.4899,29.7049],[-98.4886,29.7034],[-98.4874,29.7061],[-98.4834,29.7078],[-98.4809,29.7076],[-98.478,29.7042],[-98.4756,29.7029],[-98.4723,29.7052],[-98.47,29.7051],[-98.4686,29.7067],[-98.4673,29.7065],[-98.4658,29.7078],[-98.4638,29.7079],[-98.4627,29.7087],[-98.4607,29.7061],[-98.4584,29.7055],[-98.4583,29.7043],[-98.4546,29.7031],[-98.4557,29.7018],[-98.4536,29.6989],[-98.4504,29.6989],[-98.4485,29.6999],[-98.4473,29.7031],[-98.4462,29.7031],[-98.4451,29.7042],[-98.4436,29.7031],[-98.4416,29.7034],[-98.4403,29.7054],[-98.4383,29.7062],[-98.438,29.7082],[-98.4362,29.7057],[-98.4333,29.705],[-98.4338,29.7034],[-98.4331,29.7017],[-98.4305,29.6994],[-98.4308,29.6946],[-98.4277,29.6916],[-98.4286,29.6886],[-98.4261,29.6877],[-98.4234,29.6856],[-98.4209,29.6863],[-98.4171,29.6858],[-98.4163,29.6827],[-98.4145,29.6815],[-98.4133,29.6818],[-98.4118,29.6806],[-98.411,29.6781],[-98.408,29.6763],[-98.4068,29.673],[-98.4052,29.6713],[-98.4025,29.6707],[-98.4003,29.6674],[-98.396,29.6663],[-98.3929,29.6668],[-98.3935,29.6643],[-98.3929,29.6592],[-98.392,29.6575],[-98.3899,29.6563],[-98.3821,29.6555],[-98.3814,29.6561],[-98.3794,29.656],[-98.378,29.6577],[-98.3739,29.6596],[-98.3703,29.6568],[-98.3688,29.6539],[-98.3668,29.653],[-98.3652,29.6514],[-98.3651,29.6505],[-98.3667,29.6501],[-98.3686,29.6475],[-98.3701,29.6402],[-98.3715,29.6396],[-98.3742,29.6369],[-98.373,29.6352],[-98.3723,29.6323],[-98.3708,29.6316],[-98.37,29.6302],[-98.3714,29.6256],[-98.3698,29.6234],[-98.3725,29.6205],[-98.3719,29.6183],[-98.3748,29.6148],[-98.3755,29.6151],[-98.376,29.6144],[-98.3756,29.6102],[-98.3749,29.6094],[-98.3732,29.6096],[-98.3732,29.6084],[-98.3747,29.6072],[-98.3757,29.6072],[-98.3765,29.6013],[-98.3755,29.6013],[-98.3771,29.5973],[-98.375,29.5953],[-98.3741,29.5924],[-98.3722,29.5899],[-98.3676,29.5891],[-98.3666,29.5897],[-98.3669,29.586],[-98.3681,29.5845],[-98.3661,29.5823],[-98.3648,29.5817],[-98.3623,29.582],[-98.3601,29.5807],[-98.36,29.5776],[-98.359,29.5751],[-98.3536,29.5753],[-98.3521,29.5741],[-98.3528,29.5715],[-98.3502,29.5673],[-98.3519,29.5644],[-98.354,29.5645],[-98.3558,29.5627],[-98.356,29.558],[-98.3534,29.5564],[-98.3544,29.5542],[-98.3565,29.5527],[-98.3557,29.5483],[-98.3574,29.5477],[-98.3574,29.5454],[-98.3589,29.5425],[-98.3581,29.5383],[-98.3593,29.5366],[-98.3583,29.5358],[-98.3588,29.5316],[-98.3605,29.5312],[-98.3615,29.5295],[-98.3601,29.5275],[-98.3626,29.5248],[-98.3654,29.5244],[-98.3645,29.5198],[-98.3646,29.5142],[-98.3636,29.5131],[-98.3626,29.5096],[-98.3633,29.5083],[-98.3624,29.5044],[-98.3627,29.5026],[-98.3608,29.5011],[-98.3601,29.4988],[-98.3547,29.4903],[-98.3568,29.4879],[-98.3577,29.4841],[-98.3522,29.4831],[-98.35,29.4813],[-98.35,29.4806],[-98.3504,29.479],[-98.3524,29.4768],[-98.3555,29.4747],[-98.3581,29.4748],[-98.3634,29.4684],[-98.3628,29.4677],[-98.3607,29.4677],[-98.3596,29.4663],[-98.358,29.4589],[-98.353,29.4557],[-98.353,29.4543],[-98.354,29.4532],[-98.3537,29.4498],[-98.3543,29.4488],[-98.3506,29.4454],[-98.3453,29.4434],[-98.3451,29.4417],[-98.3431,29.4408],[-98.3416,29.4391],[-98.3423,29.4367],[-98.3414,29.4354],[-98.3421,29.4321],[-98.3429,29.4317],[-98.3455,29.4263],[-98.3451,29.4231],[-98.3438,29.4218],[-98.3438,29.4206],[-98.3416,29.4192],[-98.3348,29.4191],[-98.3303,29.4214],[-98.3276,29.421],[-98.3268,29.4236],[-98.3248,29.4256],[-98.3237,29.4237],[-98.3219,29.4246],[-98.3205,29.4237],[-98.319,29.4237],[-98.3184,29.4228],[-98.3154,29.4247],[-98.3121,29.4231],[-98.3091,29.423],[-98.3074,29.4216],[-98.3061,29.4214],[-98.3034,29.4217],[-98.3027,29.4231],[-98.3001,29.424],[-98.2976,29.424],[-98.2961,29.4232],[-98.2941,29.4237],[-98.2918,29.4208],[-98.2918,29.4195],[-98.2902,29.419],[-98.2861,29.4234],[-98.284,29.4234],[-98.283,29.4219],[-98.2812,29.4213],[-98.2799,29.4192],[-98.2781,29.4188],[-98.2749,29.4194],[-98.2728,29.4237],[-98.2701,29.4224],[-98.2685,29.4226],[-98.268,29.4199],[-98.2649,29.4201],[-98.262,29.4189],[-98.2643,29.4146],[-98.2628,29.4107],[-98.2651,29.4092],[-98.2667,29.4066],[-98.2649,29.4007],[-98.2652,29.3986],[-98.2639,29.3976],[-98.2643,29.3921],[-98.2628,29.3877],[-98.2604,29.3857],[-98.2611,29.3827],[-98.2575,29.382],[-98.2581,29.3779],[-98.2574,29.3761],[-98.2522,29.3703],[-98.2524,29.3697],[-98.2502,29.3689],[-98.2514,29.3631],[-98.2477,29.3623],[-98.2471,29.355],[-98.245,29.3534],[-98.2432,29.3543],[-98.2416,29.3538],[-98.2406,29.3523],[-98.2376,29.3517],[-98.2343,29.352],[-98.2343,29.3494],[-98.2324,29.3491],[-98.2326,29.3448],[-98.231,29.3426],[-98.2292,29.3442],[-98.2274,29.3438],[-98.2235,29.3392],[-98.2312,29.3347],[-98.2334,29.335],[-98.2358,29.3321],[-98.2353,29.331],[-98.2362,29.3292],[-98.2301,29.3284],[-98.2291,29.3272],[-98.2302,29.3246],[-98.2321,29.3231],[-98.2306,29.3179],[-98.229,29.3167],[-98.23,29.3137],[-98.2283,29.3126],[-98.2268,29.3091],[-98.2269,29.307],[-98.228,29.3068],[-98.2297,29.3042],[-98.2283,29.3033],[-98.2285,29.3013],[-98.2252,29.3009],[-98.2237,29.2991],[-98.2207,29.2975],[-98.2199,29.2941],[-98.2208,29.2931],[-98.2208,29.2914],[-98.2195,29.29],[-98.2166,29.2898],[-98.2139,29.2887],[-98.2107,29.29],[-98.2069,29.299],[-98.2019,29.3042],[-98.2004,29.3105],[-98.1922,29.3147],[-98.1907,29.3116],[-98.1898,29.3111],[-98.1872,29.3114],[-98.1829,29.3096],[-98.1761,29.3104],[-98.1716,29.3068],[-98.1709,29.3075],[-98.1668,29.3076],[-98.1638,29.3071],[-98.1614,29.3083],[-98.161,29.3105],[-98.1555,29.3088],[-98.1531,29.3074],[-98.1494,29.3072],[-98.1471,29.3118],[-98.1454,29.3127],[-98.1376,29.3147],[-98.1372,29.3134],[-98.1391,29.3095],[-98.1359,29.3079],[-98.1366,29.3066],[-98.136,29.3055],[-98.1312,29.3049],[-98.1286,29.3063],[-98.1275,29.3063],[-98.1247,29.3049],[-98.1244,29.3036],[-98.1253,29.3015],[-98.1247,29.2988],[-98.1261,29.2956],[-98.125,29.2914],[-98.128,29.2896],[-98.1281,29.2875],[-98.1295,29.2844],[-98.1292,29.2805],[-98.1311,29.2773],[-98.1304,29.273],[-98.1336,29.2691],[-98.1332,29.2665],[-98.1319,29.265],[-98.1321,29.2641],[-98.1312,29.2637],[-98.1336,29.2579],[-98.1313,29.2574],[-98.1291,29.2547],[-98.1242,29.2517],[-98.1226,29.251],[-98.1204,29.2511],[-98.1177,29.2483],[-98.1165,29.2466],[-98.1168,29.246],[-98.1119,29.2434],[-98.1099,29.2413],[-98.1042,29.2405],[-98.1036,29.2363],[-98.101,29.2328],[-98.0958,29.232],[-98.0927,29.2292],[-98.0927,29.2282],[-98.0886,29.2263],[-98.0859,29.2261],[-98.0843,29.2251],[-98.0833,29.226],[-98.082,29.2254],[-98.0814,29.226],[-98.081,29.2251],[-98.0797,29.2246],[-98.0792,29.2261],[-98.0782,29.2236],[-98.0766,29.222],[-98.0737,29.2214],[-98.0708,29.222],[-98.07,29.221],[-98.0666,29.2203],[-98.0639,29.2177],[-98.062,29.2175],[-98.0616,29.2161],[-98.0574,29.2139],[-98.0584,29.2117],[-98.0571,29.2096],[-98.0577,29.2075],[-98.0572,29.2049],[-98.0594,29.2023],[-98.06,29.2]]]}},
{"type":"Feature","properties":{"name":"Hondo","huc8":"12110107","sq_km":2867.64},"geometry":{"type":"Polygon","coordinates":[[[-99.0,29.5435],[-99.0,29.2815],[-98.9951,29.2815],[-98.9937,29.2834],[-98.9911,29.2839],[-98.9897,29.2927],[-98.9857,29.2969],[-98.9848,29.3012],[-98.9819,29.3067],[-98.9828,29.3085],[-98.9844,29.3093],[-98.9858,29.3112],[-98.9858,29.3122],[-98.9842,29.3139],[-98.9868,29.3177],[-98.9887,29.3177],[-98.9882,29.3194],[-98.989,29.3218],[-98.992,29.3259],[-98.9923,29.3278],[-98.9916,29.33],[-98.9904,29.332],[-98.9875,29.3337],[-98.9875,29.3373],[-98.9908,29.3397],[-98.9909,29.3453],[-98.9923,29.3482],[-98.9902,29.3508],[-98.9902,29.352],[-98.9919,29.3533],[-98.9965,29.3611],[-98.9952,29.3635],[-98.9936,29.3645],[-98.9931,29.3693],[-98.9884,29.3674],[-98.9856,29.3712],[-98.9752,29.3735],[-98.9725,29.377],[-98.9698,29.377],[-98.9656,29.3863],[-98.9596,29.392],[-98.9611,29.3942],[-98.9636,29.3957],[-98.9649,29.4049],[-98.961,29.4066],[-98.9564,29.4048],[-98.9537,29.4085],[-98.9506,29.4092],[-98.9503,29.4124],[-98.948,29.417],[-98.9431,29.421],[-98.9452,29.426],[-98.9468,29.4279],[-98.9465,29.4301],[-98.9446,29.432],[-98.9444,29.4354],[-98.9382,29.4379],[-98.9402,29.4399],[-98.9433,29.4456],[-98.9433,29.4497],[-98.9416,29.4551],[-98.938,29.4576],[-98.9365,29.4602],[-98.9332,29.463],[-98.9258,29.4674],[-98.9203,29.4697],[-98.926,29.4793],[-98.9288,29.4813],[-98.9342,29.4877],[-98.9365,29.4879],[-98.9406,29.4869],[-98.9427,29.4883],[-98.9447,29.4875],[-98.9461,29.4881],[-98.9473,29.4937],[-98.9502,29.497],[-98.948,29.502],[-98.943,29.5077],[-98.9455,29.5116],[-98.9429,29.5184],[-98.9413,29.5194],[-98.9421,29.5228],[-98.946,29.5207],[-98.9476,29.5216],[-98.9539,29.5223],[-98.9549,29.5239],[-98.9584,29.5236],[-98.9609,29.5249],[-98.962,29.5234],[-98.9663,29.5207],[-98.9675,29.5216],[-98.9705,29.5215],[-98.973,29.5231],[-98.973,29.5242],[-98.9752,29.5237],[-98.9784,29.5243],[-98.9812,29.5259],[-98.9845,29.5266],[-98.985,29.5286],[-98.9885,29.531],[-98.987,29.5338],[-98.9851,29.5348],[-98.9854,29.5372],[-98.9841,29.5388],[-98.9852,29.5413],[-98.9871,29.5417],[-98.9878,29.5434],[-98.9926,29.5462],[-98.9937,29.5437],[-98.9965,29.5425],[-98.9986,29.5437],[-99.0,29.5435]]]}},
{"type":"Feature","properties":{"name":"San Miguel","huc8":"12110109","sq_km":2211.77},"geometry":{"type":"Polygon","coordinates":[[[-99.0,29.2815],[-99.0,29.2],[-98.8265,29.2],[-98.8265,29.2001],[-98.8261,29.2019],[-98.8272,29.2049],[-98.8273,29.2084],[-98.8289,29.2117],[-98.832,29.2119],[-98.8332,29.2162],[-98.8281,29.2217],[-98.8277,29.2266],[-98.8237,29.2312],[-98.8237,29.2352],[-98.8267,29.2414],[-98.8259,29.2495],[-98.8231,29.2548],[-98.8122,29.2648],[-98.8122,29.2672],[-98.8141,29.2687],[-98.8206,29.2767],[-98.8225,29.2849],[-98.8276,29.2853],[-98.8315,29.2868],[-98.8367,29.2847],[-98.8436,29.286],[-98.8462,29.2853],[-98.8481,29.288],[-98.8519,29.2911],[-98.8546,29.2895],[-98.8593,29.2912],[-98.8649,29.2903],[-98.8671,29.291],[-98.8674,29.2947],[-98.8688,29.2952],[-98.87,29.2977],[-98.8723,29.2993],[-98.8727,29.3045],[-98.8741,29.3049],[-98.873,29.3094],[-98.8744,29.3117],[-98.8771,29.3128],[-98.8802,29.3175],[-98.8784,29.3215],[-98.8798,29.3237],[-98.8784,29.3252],[-98.879,29.3262],[-98.8805,29.3264],[-98.8816,29.3276],[-98.8823,29.3338],[-98.8847,29.3337],[-98.8858,29.3347],[-98.8866,29.337],[-98.8897,29.3377],[-98.8903,29.3384],[-98.8893,29.3403],[-98.8901,29.3416],[-98.8978,29.3429],[-98.8972,29.345],[-98.8952,29.3473],[-98.9006,29.3491],[-98.9014,29.3528],[-98.9046,29.3568],[-98.9077,29.357],[-98.909,29.3542],[-98.9148,29.3527],[-98.9175,29.3531],[-98.9216,29.357],[-98.9268,29.3568],[-98.9266,29.3585],[-98.9275,29.3601],[-98.9277,29.3629],[-98.9265,29.3643],[-98.9256,29.3684],[-98.9276,29.3705],[-98.9318,29.372],[-98.934,29.372],[-98.9386,29.3744],[-98.9416,29.3798],[-98.9448,29.3815],[-98.9454,29.3848],[-98.9482,29.385],[-98.9496,29.3861],[-98.9554,29.3839],[-98.9583,29.3872],[-98.9577,29.3908],[-98.9596,29.392],[-98.9656,29.3863],[-98.9698,29.377],[-98.9725,29.377],[-98.9752,29.3735],[-98.9856,29.3712],[-98.9884,29.3674],[-98.9931,29.3693],[-98.9936,29.3645],[-98.9952,29.3635],[-98.9965,29.3611],[-98.9919,29.3533],[-98.9902,29.352],[-98.9902,29.3508],[-98.9923,29.3482],[-98.9909,29.3453],[-98.9908,29.3397],[-98.9875,29.3373],[-98.9875,29.3337],[-98.9904,29.332],[-98.9916,29.33],[-98.9923,29.3278],[-98.992,29.3259],[-98.989,29.3218],[-98.9882,29.3194],[-98.9887,29.3177],[-98.9868,29.3177],[-98.9842,29.3139],[-98.9858,29.3122],[-98.9858,29.3112],[-98.9844,29.3093],[-98.9828,29.3085],[-98.9819,29.3067],[-98.9848,29.3012],[-98.9857,29.2969],[-98.9897,29.2927],[-98.9911,29.2839],[-98.9937,29.2834],[-98.9951,29.2815],[-99.0,29.2815]]]}},
{"type":"Feature","properties":{"name":"Atascosa","huc8":"12110110","sq_km":3614.44},"geometry":{"type":"MultiPolygon","coordinates":[[[[-98.7107,29.2],[-98.7106,29.2],[-98.7106,29.2001],[-98.7107,29.2]]],[[[-98.8265,29.2],[-98.7285,29.2],[-98.7318,29.2006],[-98.7341,29.2049],[-98.7399,29.2048],[-98.7426,29.204],[-98.7427,29.2079],[-98.7451,29.2113],[-98.7497,29.2116],[-98.7534,29.2177],[-98.7507,29.2203],[-98.7524,29.2212],[-98.7539,29.2242],[-98.7546,29.2266],[-98.7535,29.2281],[-98.7579,29.2357],[-98.7554,29.2397],[-98.7562,29.2415],[-98.755,29.2444],[-98.7559,29.2506],[-98.7584,29.2518],[-98.7587,29.2546],[-98.7624,29.2551],[-98.766,29.2576],[-98.7672,29.2596],[-98.7691,29.2603],[-98.77,29.262],[-98.7715,29.27],[-98.7756,29.2768],[-98.7793,29.2796],[-98.7841,29.2792],[-98.7864,29.278],[-98.7903,29.2788],[-98.7936,29.2786],[-98.7965,29.2771],[-98.8003,29.2803],[-98.8014,29.2824],[-98.8036,29.2818],[-98.8139,29.2859],[-98.8225,29.2849],[-98.8206,29.2767],[-98.8141,29.2687],[-98.8122,29.2672],[-98.8119,29.2659],[-98.813,29.264],[-98.8199,29.2583],[-98.8231,29.2548],[-98.8259,29.2495],[-98.8267,29.2414],[-98.8237,29.2352],[-98.8237,29.2312],[-98.8277,29.2266],[-98.8281,29.2217],[-98.8332,29.2162],[-98.832,29.2119],[-98.8289,29.2117],[-98.8273,29.2084],[-98.8272,29.2049],[-98.8261,29.2019],[-98.8265,29.2001],[-98.8265,29.2]]]]}},
{"type":"Feature","properties":{"name":"Lower Brazos","huc8":"12070104","sq_km":4255.17},"geometry":{"type":"Polygon","coordinates":[[[-96.2,29.7996],[-96.2,30.1301],[-96.2022,30.1302],[-96.2027,30.1316],[-96.205,30.1322],[-96.2089,30.1318],[-96.2105,30.133],[-96.2125,30.133],[-96.2157,30.1342],[-96.2171,30.1332],[-96.217,30.1315],[-96.218,30.1313],[-96.2288,30.1364],[-96.2312,30.1361],[-96.2337,30.1344],[-96.2338,30.1312],[-96.2346,30.1297],[-96.2363,30.1286],[-96.2377,30.1285],[-96.2433,30.1289],[-96.2464,30.1323],[-96.2483,30.1325],[-96.2507,30.1314],[-96.2536,30.1323],[-96.2566,30.1367],[-96.2581,30.1367],[-96.2593,30.1348],[-96.2621,30.1339],[-96.2633,30.1328],[-96.2633,30.1279],[-96.264,30.1271],[-96.2675,30.128],[-96.2742,30.1257],[-96.2754,30.126],[-96.2762,30.1274],[-96.276,30.1302],[-96.2769,30.1313],[-96.2788,30.1315],[-96.2809,30.1305],[-96.2854,30.1358],[-96.2941,30.1354],[-96.2943,30.138],[-96.2962,30.139],[-96.2976,30.1388],[-96.3004,30.1357],[-96.3045,30.1354],[-96.3058,30.1318],[-96.3077,30.1293],[-96.3106,30.1274],[-96.3122,30.1293],[-96.3125,30.1314],[-96.3146,30.1326],[-96.3162,30.1373],[-96.3175,30.139],[-96.3219,30.1387],[-96.3243,30.1374],[-96.3265,30.1374],[-96.3284,30.1404],[-96.3315,30.1414],[-96.3337,30.139],[-96.3368,30.1379],[-96.3381,30.1338],[-96.3423,30.1315],[-96.3445,30.1289],[-96.3454,30.1259],[-96.3493,30.1218],[-96.3498,30.1174],[-96.3478,30.115],[-96.349,30.1137],[-96.3475,30.1115],[-96.3445,30.1106],[-96.345,30.1081],[-96.3466,30.1068],[-96.346,30.104],[-96.3441,30.1033],[-96.3449,30.0998],[-96.3485,30.0991],[-96.3491,30.0938],[-96.3519,30.0916],[-96.353,30.0918],[-96.3541,30.0933],[-96.3569,30.09],[-96.3591,30.0893],[-96.3598,30.0907],[-96.3613,30.0895],[-96.3726,30.0994],[-96.3733,30.1017],[-96.3743,30.1022],[-96.376,30.1015],[-96.377,30.1019],[-96.3787,30.1048],[-96.3823,30.108],[-96.3839,30.1105],[-96.3874,30.1133],[-96.3889,30.1161],[-96.3888,30.1172],[-96.3925,30.1202],[-96.3949,30.1234],[-96.3935,30.1253],[-96.3943,30.1271],[-96.3937,30.1287],[-96.3958,30.1316],[-96.3983,30.133],[-96.401,30.1332],[-96.4061,30.1386],[-96.4064,30.1402],[-96.4044,30.1409],[-96.4057,30.1428],[-96.4039,30.1466],[-96.4049,30.1475],[-96.4076,30.1471],[-96.4105,30.1483],[-96.4143,30.1479],[-96.4164,30.1484],[-96.422,30.1524],[-96.4248,30.1528],[-96.4242,30.1577],[-96.4271,30.1606],[-96.4274,30.1633],[-96.4279,30.1639],[-96.4298,30.163],[-96.4306,30.1633],[-96.4312,30.1649],[-96.4342,30.167],[-96.4355,30.1691],[-96.4386,30.1688],[-96.4461,30.1714],[-96.4494,30.1694],[-96.4516,30.1727],[-96.453,30.1726],[-96.4542,30.1733],[-96.4569,30.1729],[-96.4598,30.1749],[-96.4653,30.1737],[-96.4662,30.1769],[-96.4709,30.179],[-96.4747,30.1821],[-96.4772,30.1858],[-96.4792,30.1871],[-96.481,30.1937],[-96.4833,30.196],[-96.4835,30.1978],[-96.4824,30.1991],[-96.4823,30.2006],[-96.4871,30.2047],[-96.4895,30.2086],[-96.4923,30.2102],[-96.4953,30.2146],[-96.4988,30.215],[-96.502,30.2163],[-96.5038,30.2185],[-96.5046,30.224],[-96.5056,30.226],[-96.5066,30.2268],[-96.5087,30.2264],[-96.509,30.2269],[-96.5079,30.2298],[-96.5102,30.2313],[-96.5113,30.2338],[-96.5128,30.235],[-96.5156,30.2347],[-96.5165,30.2352],[-96.5171,30.2377],[-96.5194,30.2367],[-96.5205,30.2335],[-96.5222,30.2322],[-96.5243,30.2321],[-96.5285,30.2345],[-96.5343,30.2343],[-96.5379,30.232],[-96.5378,30.2263],[-96.5386,30.2252],[-96.5429,30.2236],[-96.5453,30.2247],[-96.5467,30.2244],[-96.5488,30.221],[-96.5512,30.2192],[-96.5518,30.2174],[-96.5554,30.216],[-96.5582,30.2159],[-96.5609,30.2172],[-96.5644,30.2169],[-96.5695,30.2195],[-96.5717,30.2215],[-96.5737,30.221],[-96.5764,30.222],[-96.5779,30.2234],[-96.5794,30.223],[-96.5817,30.2215],[-96.5811,30.2175],[-96.5788,30.2157],[-96.5798,30.2139],[-96.5802,30.21],[-96.582,30.208],[-96.5873,30.2074],[-96.5922,30.2039],[-96.5955,30.2059],[-96.6005,30.2064],[-96.6017,30.2035],[-96.6032,30.2028],[-96.605,30.2006],[-96.607,30.1999],[-96.6122,30.2018],[-96.6184,30.2053],[-96.6197,30.2043],[-96.6218,30.2039],[-96.6223,30.2025],[-96.6216,30.2007],[-96.6227,30.1999],[-96.6278,30.2004],[-96.6299,30.1994],[-96.6296,30.197],[-96.6305,30.1939],[-96.6283,30.1931],[-96.6279,30.1923],[-96.6285,30.1902],[-96.6322,30.1853],[-96.6335,30.1819],[-96.6286,30.1746],[-96.6279,30.1718],[-96.624,30.1688],[-96.6245,30.165],[-96.6258,30.1638],[-96.6264,30.1613],[-96.6285,30.1601],[-96.6353,30.1535],[-96.6363,30.1527],[-96.6398,30.152],[-96.642,30.1497],[-96.6463,30.1474],[-96.6473,30.1438],[-96.651,30.1376],[-96.6566,30.1324],[-96.6548,30.1296],[-96.653,30.1285],[-96.6467,30.1219],[-96.6442,30.1232],[-96.6416,30.1237],[-96.6396,30.1217],[-96.6396,30.1158],[-96.6382,30.1129],[-96.6354,30.1104],[-96.634,30.1072],[-96.6348,30.1004],[-96.6335,30.0939],[-96.6338,30.0873],[-96.6328,30.084],[-96.6338,30.082],[-96.6312,30.0783],[-96.6351,30.0772],[-96.636,30.0759],[-96.6341,30.0739],[-96.6329,30.0688],[-96.6318,30.0685],[-96.6281,30.0695],[-96.6249,30.0673],[-96.6245,30.0648],[-96.6212,30.062],[-96.6228,30.0574],[-96.6247,30.0555],[-96.6246,30.0537],[-96.6255,30.0524],[-96.6217,30.0475],[-96.6226,30.0454],[-96.6218,30.0432],[-96.621,30.0426],[-96.6182,30.0426],[-96.6174,30.042],[-96.6152,30.0384],[-96.6154,30.036],[-96.6124,30.0361],[-96.6105,30.0374],[-96.6088,30.0376],[-96.6061,30.0358],[-96.6064,30.0336],[-96.6047,30.0313],[-96.6048,30.0294],[-96.6009,30.0272],[-96.5956,30.0255],[-96.5974,30.0199],[-96.5945,30.0183],[-96.5919,30.0186],[-96.5908,30.0156],[-96.5878,30.0143],[-96.5904,30.0101],[-96.5892,30.0083],[-96.5898,30.0011],[-96.5882,29.9923],[-96.5851,29.9905],[-96.5816,29.9915],[-96.5794,29.9908],[-96.5771,29.9916],[-96.5751,29.9914],[-96.5739,29.9899],[-96.571,29.9887],[-96.5703,29.9859],[-96.5682,29.9847],[-96.5692,29.9828],[-96.5693,29.9764],[-96.565,29.9725],[-96.5624,29.9712],[-96.5616,29.9671],[-96.5594,29.9635],[-96.5595,29.962],[-96.5614,29.9602],[-96.5618,29.9557],[-96.5614,29.955],[-96.5573,29.9543],[-96.5566,29.9532],[-96.5569,29.9506],[-96.5539,29.9466],[-96.5551,29.9437],[-96.5513,29.9416],[-96.5526,29.9389],[-96.5522,29.938],[-96.5488,29.9346],[-96.547,29.9353],[-96.5435,29.933],[-96.5426,29.9291],[-96.5405,29.9298],[-96.5376,29.9294],[-96.532,29.9251],[-96.5326,29.922],[-96.5301,29.9217],[-96.5297,29.9194],[-96.5305,29.9177],[-96.5323,29.9169],[-96.5323,29.9158],[-96.5289,29.9122],[-96.5297,29.9097],[-96.5281,29.9059],[-96.5282,29.9039],[-96.5264,29.9007],[-96.5245,29.899],[-96.522,29.8985],[-96.5192,29.8967],[-96.5153,29.897],[-96.5138,29.8995],[-96.5095,29.8998],[-96.5079,29.9007],[-96.5067,29.8991],[-96.5074,29.8973],[-96.5015,29.8961],[-96.5006,29.8952],[-96.5012,29.8938],[-96.4986,29.8934],[-96.497,29.8912],[-96.4955,29.8905],[-96.4927,29.8916],[-96.4891,29.8912],[-96.4848,29.8924],[-96.4818,29.8919],[-96.4795,29.89],[-96.4739,29.89],[-96.4687,29.8865],[-96.4607,29.8868],[-96.4589,29.885],[-96.4566,29.8846],[-96.4551,29.885],[-96.4518,29.8879],[-96.4477,29.8851],[-96.4446,29.8857],[-96.4417,29.8845],[-96.4397,29.8853],[-96.4358,29.8845],[-96.4318,29.8821],[-96.4295,29.8814],[-96.4279,29.8817],[-96.4256,29.8795],[-96.4223,29.8807],[-96.4217,29.8878],[-96.4192,29.8882],[-96.4157,29.8877],[-96.4144,29.8891],[-96.4109,29.8892],[-96.4087,29.885],[-96.4071,29.8854],[-96.4021,29.8834],[-96.4026,29.8817],[-96.4014,29.8806],[-96.4007,29.8774],[-96.3997,29.8761],[-96.3945,29.8774],[-96.3893,29.8804],[-96.3825,29.8772],[-96.3805,29.8783],[-96.3768,29.8753],[-96.3744,29.8752],[-96.3732,29.8739],[-96.3708,29.8732],[-96.3678,29.8732],[-96.3606,29.8755],[-96.3588,29.8732],[-96.3565,29.8723],[-96.3553,29.8724],[-96.3536,29.874],[-96.3513,29.8749],[-96.35,29.8726],[-96.3487,29.872],[-96.3465,29.8743],[-96.3437,29.8744],[-96.3419,29.8759],[-96.3381,29.8759],[-96.3346,29.8718],[-96.3356,29.8694],[-96.3341,29.8658],[-96.3344,29.8628],[-96.3274,29.8576],[-96.3268,29.856],[-96.3277,29.8534],[-96.3226,29.8509],[-96.3174,29.8499],[-96.3172,29.8537],[-96.3155,29.8552],[-96.3092,29.8572],[-96.3083,29.8558],[-96.3045,29.8541],[-96.3037,29.854],[-96.3018,29.8557],[-96.3004,29.8544],[-96.2963,29.8536],[-96.293,29.8538],[-96.2901,29.8506],[-96.2874,29.8501],[-96.2826,29.8522],[-96.2791,29.8509],[-96.2781,29.8472],[-96.276,29.8459],[-96.2719,29.8459],[-96.2677,29.8448],[-96.2649,29.8432],[-96.2612,29.8443],[-96.2567,29.842],[-96.2541,29.8437],[-96.2527,29.8436],[-96.2519,29.84],[-96.2478,29.8405],[-96.2453,29.8397],[-96.2392,29.8338],[-96.2379,29.8343],[-96.2343,29.8377],[-96.2303,29.8369],[-96.2294,29.8337],[-96.226,29.8324],[-96.225,29.8313],[-96.2253,29.8266],[-96.2242,29.8245],[-96.2165,29.8211],[-96.2099,29.8172],[-96.2097,29.8128],[-96.2077,29.8057],[-96.2063,29.8037],[-96.2,29.7996]]]}},
{"type":"Feature","properties":{"name":"Central Matagorda Bay","huc8":"12100401","sq_km":3556.02},"geometry":{"type":"MultiPolygon","coordinates":[[[[-96.2616,29.2],[-96.2609,29.2],[-96.2609,29.2001],[-96.2616,29.2]]],[[[-96.3284,29.2],[-96.2653,29.2],[-96.2716,29.208],[-96.285,29.221],[-96.2853,29.2261],[-96.2836,29.2302],[-96.2767,29.2352],[-96.2733,29.2361],[-96.2735,29.2435],[-96.2742,29.2446],[-96.2772,29.2445],[-96.2789,29.246],[-96.2806,29.2498],[-96.2796,29.2519],[-96.2831,29.2533],[-96.2843,29.249],[-96.2854,29.249],[-96.2888,29.2423],[-96.301,29.2275],[-96.3117,29.2192],[-96.3146,29.2177],[-96.3171,29.2154],[-96.3185,29.2114],[-96.3214,29.2103],[-96.324,29.208],[-96.3303,29.2066],[-96.3284,29.2]]]]}},
{"type":"Feature","properties":{"name":"Lavaca","huc8":"12100101","sq_km":2356.35},"geometry":{"type":"Polygon","coordinates":[[[-97.1969,29.2],[-96.8236,29.2],[-96.824,29.2044],[-96.8136,29.2112],[-96.8126,29.2157],[-96.8057,29.2207],[-96.8023,29.2254],[-96.8028,29.2339],[-96.804,29.2355],[-96.8147,29.2434],[-96.8155,29.2538],[-96.8132,29.2539],[-96.8131,29.2637],[-96.8081,29.2644],[-96.8071,29.266],[-96.8064,29.2706],[-96.8006,29.2739],[-96.7995,29.2761],[-96.8006,29.2798],[-96.8106,29.291],[-96.8124,29.292],[-96.814,29.2973],[-96.8194,29.298],[-96.8232,29.3063],[-96.8261,29.3081],[-96.8267,29.3115],[-96.8289,29.3151],[-96.8295,29.3201],[-96.8331,29.3225],[-96.8334,29.3276],[-96.8314,29.3327],[-96.8316,29.3352],[-96.8351,29.3379],[-96.8371,29.3381],[-96.8376,29.3388],[-96.8371,29.342],[-96.8429,29.3487],[-96.8427,29.3509],[-96.8411,29.3541],[-96.8452,29.354],[-96.8478,29.3548],[-96.8497,29.3587],[-96.8499,29.3629],[-96.8537,29.3698],[-96.8558,29.3714],[-96.8561,29.3733],[-96.8528,29.3753],[-96.8519,29.377],[-96.8518,29.3846],[-96.8528,29.388],[-96.8514,29.3903],[-96.8519,29.3913],[-96.8512,29.3931],[-96.8468,29.4005],[-96.848,29.404],[-96.8535,29.4052],[-96.8552,29.4089],[-96.8584,29.412],[-96.8582,29.4148],[-96.8626,29.4165],[-96.8669,29.4197],[-96.8689,29.4198],[-96.8698,29.4205],[-96.8701,29.4241],[-96.8721,29.4281],[-96.8704,29.431],[-96.8704,29.4343],[-96.8731,29.4361],[-96.873,29.4406],[-96.8817,29.4459],[-96.8839,29.4462],[-96.8848,29.4473],[-96.8867,29.4479],[-96.8893,29.4524],[-96.8921,29.4533],[-96.8952,29.4533],[-96.8967,29.4545],[-96.8962,29.4589],[-96.8967,29.4609],[-96.8954,29.4633],[-96.8995,29.4644],[-96.9014,29.4676],[-96.9055,29.4683],[-96.9075,29.4701],[-96.9093,29.474],[-96.9097,29.4789],[-96.9147,29.4834],[-96.9134,29.4889],[-96.9168,29.4916],[-96.9195,29.4952],[-96.9181,29.4983],[-96.9188,29.5019],[-96.9223,29.5028],[-96.9252,29.5045],[-96.9259,29.5072],[-96.9331,29.5114],[-96.934,29.513],[-96.9328,29.5157],[-96.9335,29.5177],[-96.9378,29.5221],[-96.9442,29.5221],[-96.9459,29.5214],[-96.9505,29.5244],[-96.9549,29.5247],[-96.9575,29.5295],[-96.9619,29.5305],[-96.9647,29.5328],[-96.9653,29.5341],[-96.9643,29.5379],[-96.9656,29.54],[-96.9652,29.5426],[-96.968,29.5508],[-96.9721,29.5554],[-96.9777,29.5581],[-96.9845,29.5641],[-96.9849,29.582],[-96.9866,29.5835],[-96.9912,29.5829],[-96.9917,29.5821],[-96.9939,29.5834],[-96.9952,29.5861],[-96.9997,29.5874],[-97.0028,29.5913],[-97.006,29.5914],[-97.009,29.5931],[-97.0118,29.593],[-97.0142,29.5939],[-97.0174,29.5926],[-97.0211,29.5922],[-97.024,29.5926],[-97.0267,29.5951],[-97.0283,29.5956],[-97.032,29.5954],[-97.0365,29.5988],[-97.0407,29.6004],[-97.0421,29.6003],[-97.044,29.5983],[-97.0472,29.5969],[-97.0519,29.5974],[-97.0534,29.5981],[-97.0613,29.6071],[-97.0637,29.6081],[-97.0672,29.612],[-97.0709,29.613],[-97.0742,29.6131],[-97.0786,29.6108],[-97.0792,29.6139],[-97.0806,29.6154],[-97.0846,29.616],[-97.0869,29.6201],[-97.0864,29.6215],[-97.0873,29.6231],[-97.0927,29.624],[-97.0941,29.626],[-97.0969,29.6268],[-97.0988,29.6282],[-97.1008,29.628],[-97.1029,29.6289],[-97.105,29.6317],[-97.1072,29.6315],[-97.1088,29.6331],[-97.1117,29.6334],[-97.114,29.6364],[-97.1254,29.6429],[-97.1273,29.6421],[-97.1301,29.6388],[-97.132,29.6383],[-97.1344,29.6413],[-97.1427,29.6391],[-97.1473,29.6403],[-97.1482,29.6394],[-97.1491,29.6355],[-97.1532,29.634],[-97.1563,29.6351],[-97.1563,29.6329],[-97.1577,29.6307],[-97.1555,29.626],[-97.1557,29.6248],[-97.156,29.6243],[-97.158,29.6248],[-97.162,29.6246],[-97.1657,29.6176],[-97.1657,29.6141],[-97.1669,29.6092],[-97.1651,29.6041],[-97.1654,29.6002],[-97.1646,29.5972],[-97.1688,29.5971],[-97.1701,29.5928],[-97.17,29.5902],[-97.1734,29.5867],[-97.1757,29.5856],[-97.1768,29.5839],[-97.1784,29.5829],[-97.1843,29.584],[-97.1857,29.583],[-97.1867,29.5781],[-97.1878,29.5762],[-97.1927,29.5715],[-97.1927,29.5681],[-97.197,29.5669],[-97.1975,29.5617],[-97.1962,29.5568],[-97.1973,29.5554],[-97.1992,29.5546],[-97.1998,29.5491],[-97.2009,29.5461],[-97.2003,29.5441],[-97.203,29.5438],[-97.2055,29.5424],[-97.2068,29.5371],[-97.2057,29.5329],[-97.2065,29.5318],[-97.2102,29.5315],[-97.2131,29.5295],[-97.2138,29.5222],[-97.2133,29.5209],[-97.2112,29.5195],[-97.2113,29.5183],[-97.215,29.5155],[-97.2178,29.5155],[-97.2191,29.5147],[-97.2201,29.5131],[-97.2207,29.509],[-97.2269,29.5072],[-97.2291,29.5074],[-97.2291,29.5062],[-97.2275,29.5041],[-97.2287,29.5021],[-97.2277,29.4996],[-97.2282,29.4986],[-97.2297,29.498],[-97.2277,29.4957],[-97.2286,29.4928],[-97.2316,29.4919],[-97.2339,29.4901],[-97.2368,29.4903],[-97.2376,29.4909],[-97.2416,29.4878],[-97.2447,29.4881],[-97.2457,29.4863],[-97.2442,29.478],[-97.2403,29.4756],[-97.2393,29.4733],[-97.2417,29.4709],[-97.2413,29.4677],[-97.2385,29.4669],[-97.2365,29.4636],[-97.2385,29.4618],[-97.239,29.4596],[-97.2417,29.4603],[-97.2456,29.4602],[-97.2445,29.4574],[-97.2459,29.4554],[-97.2452,29.4512],[-97.2441,29.4493],[-97.2446,29.4433],[-97.2442,29.4426],[-97.2368,29.4415],[-97.2344,29.4402],[-97.2308,29.4404],[-97.2259,29.4368],[-97.2248,29.4344],[-97.227,29.4334],[-97.2278,29.4313],[-97.2266,29.4291],[-97.2291,29.4235],[-97.2284,29.4218],[-97.2286,29.4185],[-97.2255,29.4148],[-97.2201,29.4146],[-97.2191,29.4126],[-97.2193,29.4108],[-97.2168,29.4103],[-97.2161,29.4091],[-97.2166,29.4064],[-97.2144,29.406],[-97.213,29.4045],[-97.2107,29.4041],[-97.2093,29.4029],[-97.2085,29.3989],[-97.2094,29.3971],[-97.2087,29.3938],[-97.2115,29.3896],[-97.211,29.3856],[-97.2102,29.3843],[-97.2062,29.3813],[-97.2079,29.3786],[-97.2038,29.3792],[-97.2028,29.3782],[-97.205,29.3745],[-97.2051,29.3689],[-97.206,29.3661],[-97.2055,29.3624],[-97.2072,29.3606],[-97.2099,29.3599],[-97.2082,29.3558],[-97.2104,29.353],[-97.2115,29.3497],[-97.2163,29.3505],[-97.2172,29.349],[-97.2209,29.3471],[-97.2223,29.3498],[-97.2251,29.3494],[-97.2266,29.35],[-97.2279,29.3487],[-97.2303,29.3484],[-97.2313,29.3472],[-97.2301,29.3363],[-97.2268,29.3312],[-97.2269,29.3257],[-97.225,29.3233],[-97.2201,29.3208],[-97.2168,29.3136],[-97.2162,29.3088],[-97.2188,29.3046],[-97.2165,29.3002],[-97.2192,29.2989],[-97.2192,29.2964],[-97.2169,29.2908],[-97.2149,29.2889],[-97.2133,29.2895],[-97.2143,29.2868],[-97.2188,29.283],[-97.2153,29.2789],[-97.215,29.2735],[-97.2173,29.2688],[-97.2172,29.2666],[-97.2147,29.2647],[-97.2202,29.2581],[-97.2192,29.2552],[-97.2212,29.251],[-97.2203,29.2429],[-97.2179,29.2408],[-97.2197,29.2362],[-97.2181,29.2341],[-97.2185,29.231],[-97.2171,29.2254],[-97.2174,29.2231],[-97.2155,29.2231],[-97.2143,29.2209],[-97.2117,29.2193],[-97.2094,29.2194],[-97.2075,29.2172],[-97.2072,29.2159],[-97.2043,29.2146],[-97.2035,29.2119],[-97.202,29.212],[-97.2009,29.2111],[-97.2032,29.2051],[-97.2014,29.2026],[-97.1986,29.2023],[-97.1969,29.2]]]}},
{"type":"Feature","properties":{"name":"Medina","huc8":"12100302","sq_km":3491.67},"geometry":{"type":"Polygon","coordinates":[[[-99.0,29.8696],[-99.0,29.5435],[-98.9986,29.5437],[-98.9965,29.5425],[-98.9937,29.5437],[-98.9926,29.5462],[-98.9878,29.5434],[-98.9871,29.5417],[-98.9852,29.5413],[-98.9841,29.5388],[-98.9854,29.5372],[-98.9851,29.5348],[-98.987,29.5338],[-98.9885,29.531],[-98.985,29.5286],[-98.9845,29.5266],[-98.9812,29.5259],[-98.9784,29.5243],[-98.9752,29.5237],[-98.973,29.5242],[-98.973,29.5231],[-98.9705,29.5215],[-98.9675,29.5216],[-98.9663,29.5207],[-98.962,29.5234],[-98.9609,29.5249],[-98.9584,29.5236],[-98.9549,29.5239],[-98.9539,29.5223],[-98.9476,29.5216],[-98.946,29.5207],[-98.9421,29.5228],[-98.9413,29.5194],[-98.9429,29.5184],[-98.9455,29.5116],[-98.943,29.5077],[-98.948,29.502],[-98.9502,29.497],[-98.9473,29.4937],[-98.9461,29.4881],[-98.9447,29.4875],[-98.9427,29.4883],[-98.9406,29.4869],[-98.9365,29.4879],[-98.9342,29.4877],[-98.9288,29.4813],[-98.926,29.4793],[-98.9203,29.4697],[-98.9258,29.4674],[-98.9332,29.463],[-98.9365,29.4602],[-98.938,29.4576],[-98.9402,29.4565],[-98.9418,29.4547],[-98.9433,29.4497],[-98.9433,29.4456],[-98.9402,29.4399],[-98.9382,29.4379],[-98.9444,29.4354],[-98.9446,29.432],[-98.9465,29.4301],[-98.9468,29.4279],[-98.9452,29.426],[-98.9431,29.421],[-98.948,29.417],[-98.9503,29.4124],[-98.9506,29.4092],[-98.9537,29.4085],[-98.9564,29.4048],[-98.961,29.4066],[-98.9649,29.4049],[-98.9636,29.3957],[-98.9611,29.3942],[-98.9596,29.392],[-98.9577,29.3908],[-98.9583,29.3872],[-98.9572,29.3854],[-98.9554,29.3839],[-98.9496,29.3861],[-98.9482,29.385],[-98.9454,29.3848],[-98.9448,29.3815],[-98.9416,29.3798],[-98.9386,29.3744],[-98.934,29.372],[-98.9318,29.372],[-98.9276,29.3705],[-98.9256,29.3684],[-98.9265,29.3643],[-98.9277,29.3629],[-98.9275,29.3601],[-98.9266,29.3585],[-98.9268,29.3568],[-98.9216,29.357],[-98.9175,29.3531],[-98.9148,29.3527],[-98.909,29.3542],[-98.9077,29.357],[-98.9046,29.3568],[-98.9014,29.3528],[-98.9006,29.3491],[-98.8952,29.3473],[-98.8972,29.345],[-98.8978,29.3429],[-98.8901,29.3416],[-98.8893,29.3403],[-98.8903,29.3384],[-98.8897,29.3377],[-98.8866,29.337],[-98.8858,29.3347],[-98.8847,29.3337],[-98.8823,29.3338],[-98.8816,29.3276],[-98.8805,29.3264],[-98.879,29.3262],[-98.8784,29.3252],[-98.8798,29.3237],[-98.8784,29.3215],[-98.8802,29.3175],[-98.8771,29.3128],[-98.8744,29.3117],[-98.873,29.3094],[-98.8741,29.3049],[-98.8727,29.3045],[-98.8723,29.2993],[-98.87,29.2977],[-98.8688,29.2952],[-98.8674,29.2947],[-98.8666,29.2906],[-98.8649,29.2903],[-98.8593,29.2912],[-98.8546,29.2895],[-98.8519,29.2911],[-98.8481,29.288],[-98.8462,29.2853],[-98.8436,29.286],[-98.8367,29.2847],[-98.8315,29.2868],[-98.8286,29.2855],[-98.824,29.2849],[-98.8139,29.2859],[-98.8036,29.2818],[-98.8014,29.2824],[-98.8003,29.2803],[-98.7965,29.2771],[-98.7936,29.2786],[-98.7903,29.2788],[-98.7864,29.278],[-98.7841,29.2792],[-98.7785,29.2793],[-98.7756,29.2768],[-98.7723,29.2719],[-98.7691,29.2603],[-98.7672,29.2596],[-98.766,29.2576],[-98.7624,29.2551],[-98.7587,29.2546],[-98.7584,29.2518],[-98.7559,29.2506],[-98.755,29.2444],[-98.7562,29.2415],[-98.7554,29.2397],[-98.7579,29.2357],[-98.7535,29.2281],[-98.7546,29.2266],[-98.7539,29.2242],[-98.7524,29.2212],[-98.7507,29.2203],[-98.7534,29.2177],[-98.7497,29.2116],[-98.7451,29.2113],[-98.7427,29.2079],[-98.7426,29.204],[-98.7399,29.2048],[-98.7341,29.2049],[-98.7318,29.2006],[-98.7285,29.2],[-98.7107,29.2],[-98.7106,29.2001],[-98.7106,29.2],[-98.4066,29.2],[-98.4081,29.2015],[-98.4088,29.2048],[-98.4109,29.2081],[-98.4117,29.2117],[-98.4106,29.2144],[-98.4133,29.218],[-98.4132,29.2213],[-98.4146,29.2232],[-98.4147,29.2247],[-98.4113,29.2266],[-98.4109,29.2288],[-98.4087,29.2309],[-98.4095,29.2322],[-98.4084,29.2342],[-98.4097,29.2354],[-98.4104,29.2383],[-98.4139,29.2412],[-98.4141,29.2428],[-98.4157,29.2427],[-98.4256,29.2474],[-98.4285,29.2477],[-98.4324,29.2493],[-98.435,29.2536],[-98.4367,29.2543],[-98.4384,29.2535],[-98.4391,29.2524],[-98.4404,29.2524],[-98.4416,29.2536],[-98.4438,29.2543],[-98.443,29.2559],[-98.4435,29.2577],[-98.4455,29.2583],[-98.4472,29.2607],[-98.4507,29.2609],[-98.4519,29.2616],[-98.4542,29.2611],[-98.4561,29.2629],[-98.4584,29.2637],[-98.461,29.2692],[-98.4621,29.2692],[-98.4637,29.2716],[-98.4647,29.2766],[-98.4699,29.2841],[-98.4697,29.2893],[-98.4715,29.2911],[-98.4738,29.292],[-98.4758,29.2952],[-98.4744,29.3015],[-98.4752,29.3047],[-98.476,29.3061],[-98.4773,29.3067],[-98.4753,29.3088],[-98.4749,29.3182],[-98.4767,29.322],[-98.4805,29.322],[-98.4805,29.3237],[-98.4824,29.325],[-98.4877,29.3224],[-98.4915,29.324],[-98.4944,29.3264],[-98.4995,29.324],[-98.5025,29.3267],[-98.505,29.3279],[-98.5085,29.3285],[-98.5122,29.3277],[-98.5157,29.3295],[-98.5174,29.3285],[-98.518,29.3267],[-98.5204,29.3271],[-98.5234,29.3249],[-98.5311,29.3265],[-98.5345,29.3244],[-98.5375,29.324],[-98.5381,29.3296],[-98.5403,29.3332],[-98.5407,29.3352],[-98.5459,29.3411],[-98.5459,29.3442],[-98.5486,29.3467],[-98.5485,29.3585],[-98.5499,29.3621],[-98.559,29.3744],[-98.5589,29.3767],[-98.5605,29.3808],[-98.5604,29.3836],[-98.5628,29.3841],[-98.5628,29.3879],[-98.5678,29.39],[-98.5694,29.3922],[-98.5689,29.3963],[-98.5753,29.3977],[-98.5768,29.4038],[-98.5768,29.4069],[-98.5797,29.4098],[-98.5799,29.4133],[-98.5856,29.4156],[-98.5876,29.4183],[-98.5876,29.4237],[-98.5909,29.4267],[-98.5908,29.4293],[-98.5919,29.4317],[-98.5968,29.4347],[-98.61,29.4361],[-98.6112,29.4371],[-98.6115,29.4391],[-98.6129,29.4401],[-98.6145,29.4426],[-98.6122,29.4464],[-98.6139,29.4484],[-98.6121,29.4506],[-98.6117,29.4522],[-98.6103,29.4529],[-98.6093,29.4547],[-98.6092,29.4593],[-98.6115,29.4611],[-98.6115,29.4633],[-98.6123,29.4644],[-98.6115,29.4663],[-98.6093,29.4674],[-98.6105,29.4682],[-98.6108,29.4698],[-98.606,29.4744],[-98.6073,29.475],[-98.6083,29.4766],[-98.6074,29.4783],[-98.6095,29.4849],[-98.6077,29.4862],[-98.6086,29.4875],[-98.6086,29.4901],[-98.6059,29.4939],[-98.6051,29.4935],[-98.6021,29.4956],[-98.6018,29.4974],[-98.6036,29.4993],[-98.6,29.5017],[-98.601,29.5059],[-98.5994,29.5078],[-98.5992,29.5094],[-98.5912,29.5166],[-98.5858,29.5194],[-98.5836,29.5196],[-98.5784,29.5216],[-98.5751,29.5239],[-98.5757,29.5297],[-98.5753,29.5314],[-98.5738,29.5332],[-98.5732,29.539],[-98.5758,29.5397],[-98.5766,29.5409],[-98.5757,29.5461],[-98.5766,29.5464],[-98.577,29.5479],[-98.5765,29.5496],[-98.5806,29.5496],[-98.5817,29.5538],[-98.5838,29.554],[-98.5878,29.5566],[-98.588,29.5584],[-98.5889,29.5594],[-98.5862,29.5647],[-98.5859,29.5697],[-98.5865,29.5719],[-98.5858,29.5739],[-98.5863,29.5746],[-98.5885,29.5746],[-98.5897,29.5763],[-98.5912,29.5767],[-98.5931,29.5801],[-98.5912,29.5838],[-98.5883,29.5845],[-98.5892,29.5903],[-98.5855,29.5914],[-98.5861,29.5963],[-98.5878,29.5969],[-98.588,29.5988],[-98.5894,29.5997],[-98.5901,29.6026],[-98.5893,29.6036],[-98.588,29.6037],[-98.5849,29.6029],[-98.5825,29.6031],[-98.5815,29.6037],[-98.5812,29.6049],[-98.5821,29.609],[-98.5854,29.6136],[-98.5857,29.616],[-98.587,29.6177],[-98.5855,29.6197],[-98.5862,29.6224],[-98.5841,29.6248],[-98.5826,29.6252],[-98.5834,29.6276],[-98.5827,29.6295],[-98.5854,29.6323],[-98.5844,29.6337],[-98.585,29.6361],[-98.59,29.6365],[-98.5924,29.6378],[-98.5945,29.6371],[-98.5954,29.6431],[-98.5979,29.6462],[-98.6001,29.6456],[-98.6034,29.6488],[-98.606,29.6497],[-98.6089,29.6496],[-98.6089,29.6507],[-98.607,29.6529],[-98.6114,29.6587],[-98.6133,29.6595],[-98.6107,29.6646],[-98.6087,29.6658],[-98.6112,29.6699],[-98.6133,29.67],[-98.6143,29.6709],[-98.615,29.6738],[-98.6192,29.6741],[-98.6198,29.6749],[-98.6171,29.677],[-98.6172,29.6826],[-98.6186,29.6859],[-98.6172,29.6872],[-98.6176,29.6889],[-98.6205,29.6908],[-98.6251,29.6903],[-98.6255,29.6909],[-98.6299,29.6924],[-98.6306,29.6945],[-98.6302,29.6962],[-98.6314,29.6964],[-98.6321,29.6978],[-98.6339,29.6987],[-98.6352,29.6985],[-98.634,29.7016],[-98.6345,29.7045],[-98.6365,29.7062],[-98.6378,29.7088],[-98.6383,29.7112],[-98.6373,29.7139],[-98.6408,29.7154],[-98.6439,29.7154],[-98.6455,29.7187],[-98.6455,29.7201],[-98.6484,29.724],[-98.652,29.7244],[-98.6529,29.7258],[-98.6561,29.726],[-98.6594,29.7247],[-98.6602,29.7259],[-98.6613,29.7258],[-98.6643,29.7242],[-98.667,29.7256],[-98.6691,29.7258],[-98.6722,29.7228],[-98.6762,29.7225],[-98.6777,29.7198],[-98.6814,29.7202],[-98.683,29.7179],[-98.6873,29.7154],[-98.6876,29.7187],[-98.6905,29.7202],[-98.6928,29.7235],[-98.6947,29.7239],[-98.6968,29.7234],[-98.6974,29.7208],[-98.6998,29.7214],[-98.7013,29.7211],[-98.7029,29.7196],[-98.7042,29.718],[-98.7037,29.7173],[-98.7045,29.7154],[-98.7054,29.7145],[-98.7088,29.7131],[-98.711,29.713],[-98.7124,29.7101],[-98.7122,29.7087],[-98.7175,29.7092],[-98.7186,29.7078],[-98.7219,29.7075],[-98.7229,29.7063],[-98.725,29.7061],[-98.7271,29.7019],[-98.7303,29.7019],[-98.732,29.7008],[-98.7317,29.6966],[-98.7339,29.6973],[-98.7352,29.6943],[-98.7381,29.6918],[-98.7397,29.6929],[-98.7437,29.6923],[-98.747,29.6875],[-98.7476,29.6845],[-98.7493,29.6841],[-98.7508,29.6846],[-98.7517,29.6838],[-98.7529,29.6851],[-98.7566,29.6845],[-98.7572,29.6866],[-98.7584,29.6867],[-98.759,29.6879],[-98.7627,29.6885],[-98.7621,29.6911],[-98.7652,29.6936],[-98.7656,29.6946],[-98.767,29.6948],[-98.7679,29.6983],[-98.7693,29.6982],[-98.7704,29.6994],[-98.7715,29.6985],[-98.7739,29.6987],[-98.7754,29.6966],[-98.7775,29.6978],[-98.776,29.7071],[-98.7815,29.7083],[-98.7834,29.7096],[-98.7876,29.7097],[-98.7883,29.7108],[-98.7897,29.7115],[-98.7924,29.7102],[-98.7939,29.7103],[-98.7941,29.7116],[-98.7952,29.7127],[-98.7985,29.713],[-98.7988,29.7149],[-98.7974,29.7169],[-98.7977,29.7196],[-98.7962,29.7204],[-98.794,29.7205],[-98.7924,29.7222],[-98.793,29.7239],[-98.7919,29.7257],[-98.7901,29.7259],[-98.7887,29.7282],[-98.7865,29.7296],[-98.7867,29.7303],[-98.7854,29.732],[-98.7858,29.7331],[-98.7843,29.7341],[-98.7846,29.7358],[-98.7813,29.7382],[-98.781,29.7393],[-98.7842,29.7402],[-98.7864,29.7395],[-98.787,29.7401],[-98.7935,29.7404],[-98.795,29.7392],[-98.7963,29.7402],[-98.7986,29.7402],[-98.8004,29.7424],[-98.8021,29.7433],[-98.8061,29.7414],[-98.8093,29.7466],[-98.8088,29.7506],[-98.8105,29.7527],[-98.8118,29.7564],[-98.8179,29.7569],[-98.8209,29.7564],[-98.8208,29.7582],[-98.8248,29.7599],[-98.8273,29.7643],[-98.8308,29.7659],[-98.8315,29.7671],[-98.8359,29.7662],[-98.8376,29.7689],[-98.8412,29.771],[-98.8442,29.7682],[-98.8485,29.7703],[-98.8519,29.7692],[-98.8531,29.7696],[-98.8552,29.7685],[-98.8576,29.7696],[-98.8579,29.7719],[-98.8567,29.7734],[-98.8582,29.7744],[-98.858,29.7759],[-98.8557,29.7771],[-98.8548,29.7788],[-98.8518,29.7797],[-98.8504,29.7847],[-98.8541,29.7882],[-98.8586,29.7962],[-98.8588,29.7979],[-98.8568,29.8022],[-98.8575,29.8039],[-98.8597,29.8041],[-98.8611,29.8058],[-98.8642,29.8054],[-98.8652,29.8083],[-98.8688,29.8101],[-98.8696,29.8129],[-98.8758,29.8127],[-98.878,29.8151],[-98.8808,29.8164],[-98.8817,29.8189],[-98.8813,29.8204],[-98.8829,29.8216],[-98.8834,29.8228],[-98.8852,29.8236],[-98.8873,29.8282],[-98.8892,29.8298],[-98.8923,29.8346],[-98.8945,29.8332],[-98.898,29.8324],[-98.9092,29.835],[-98.9147,29.8351],[-98.9167,29.8366],[-98.9205,29.838],[-98.9201,29.8408],[-98.9216,29.8422],[-98.9226,29.8463],[-98.9254,29.8473],[-98.9291,29.8504],[-98.9306,29.8502],[-98.9343,29.8465],[-98.9359,29.8461],[-98.9362,29.8445],[-98.9431,29.8421],[-98.946,29.84],[-98.9472,29.8411],[-98.9506,29.8399],[-98.9505,29.8419],[-98.9523,29.8438],[-98.9527,29.8453],[-98.9562,29.8453],[-98.9585,29.8441],[-98.96,29.8452],[-98.9622,29.8447],[-98.9626,29.8459],[-98.9659,29.8473],[-98.9665,29.8491],[-98.9712,29.8469],[-98.9721,29.8478],[-98.9747,29.8478],[-98.9776,29.8532],[-98.979,29.8531],[-98.9784,29.8514],[-98.9796,29.8499],[-98.9815,29.8493],[-98.9821,29.8476],[-98.9863,29.848],[-98.9876,29.8491],[-98.9879,29.8513],[-98.9889,29.8523],[-98.994,29.8524],[-98.9934,29.8537],[-98.9904,29.8559],[-98.9863,29.8575],[-98.9859,29.8604],[-98.9876,29.8615],[-98.9876,29.8654],[-98.9887,29.8665],[-98.9922,29.8673],[-98.9963,29.8661],[-98.9978,29.8672],[-98.9983,29.8695],[-99.0,29.8696]]]}},
{"type":"Feature","properties":{"name":"Lower Colorado-Cummins","huc8":"12090301","sq_km":5688.28},"geometry":{"type":"Polygon","coordinates":[[[-97.569,30.4987],[-97.5767,30.5017],[-97.5785,30.5004],[-97.5808,30.5006],[-97.586,30.4981],[-97.5911,30.4975],[-97.5927,30.5002],[-97.5963,30.5005],[-97.5975,30.4991],[-97.6009,30.4992],[-97.6061,30.4952],[-97.6072,30.4924],[-97.6066,30.49],[-97.6103,30.49],[-97.6163,30.4923],[-97.6173,30.4921],[-97.6181,30.4902],[-97.6202,30.4883],[-97.6244,30.4871],[-97.628,30.4848],[-97.6311,30.4848],[-97.6359,30.4826],[-97.6404,30.4824],[-97.6433,30.4796],[-97.6434,30.4784],[-97.6505,30.4756],[-97.6525,30.4742],[-97.6578,30.4752],[-97.6611,30.4804],[-97.6625,30.4813],[-97.6651,30.4801],[-97.6675,30.4773],[-97.6694,30.4773],[-97.6725,30.4787],[-97.6732,30.4801],[-97.676,30.4798],[-97.6788,30.4812],[-97.6816,30.4799],[-97.6851,30.4803],[-97.688,30.479],[-97.6843,30.4747],[-97.6862,30.4662],[-97.689,30.4612],[-97.6858,30.4601],[-97.6779,30.4596],[-97.6753,30.4575],[-97.6696,30.4556],[-97.6694,30.4528],[-97.6651,30.45],[-97.6644,30.4478],[-97.6652,30.4435],[-97.6687,30.4374],[-97.6692,30.4351],[-97.6692,30.4266],[-97.6686,30.4259],[-97.666,30.4258],[-97.6642,30.4209],[-97.6611,30.4217],[-97.656,30.4165],[-97.6555,30.412],[-97.6579,30.4086],[-97.658,30.4055],[-97.6559,30.404],[-97.655,30.4023],[-97.6561,30.4003],[-97.6558,30.3983],[-97.6496,30.3943],[-97.6479,30.3887],[-97.6484,30.3829],[-97.647,30.3819],[-97.6465,30.3798],[-97.6435,30.381],[-97.6423,30.3798],[-97.6417,30.3752],[-97.6436,30.3725],[-97.644,30.3693],[-97.6391,30.3644],[-97.6334,30.3641],[-97.6305,30.3632],[-97.6296,30.3623],[-97.6286,30.3588],[-97.6274,30.3572],[-97.6237,30.3566],[-97.623,30.3559],[-97.6243,30.3494],[-97.6261,30.3489],[-97.6297,30.3497],[-97.6308,30.345],[-97.6268,30.3423],[-97.6222,30.3412],[-97.6222,30.3387],[-97.6233,30.3382],[-97.6246,30.3349],[-97.6274,30.3311],[-97.6349,30.328],[-97.6365,30.3266],[-97.6355,30.3242],[-97.6359,30.3224],[-97.6387,30.3201],[-97.6401,30.3162],[-97.6414,30.3148],[-97.6386,30.3121],[-97.6373,30.3121],[-97.6324,30.308],[-97.6306,30.3075],[-97.6292,30.3056],[-97.627,30.305],[-97.6255,30.3025],[-97.6254,30.2992],[-97.63,30.2937],[-97.6346,30.2915],[-97.6353,30.2896],[-97.6379,30.2885],[-97.64,30.2891],[-97.6393,30.2875],[-97.6409,30.2844],[-97.6377,30.2781],[-97.6367,30.2735],[-97.6313,30.2687],[-97.6269,30.262],[-97.6249,30.2605],[-97.6215,30.2592],[-97.6218,30.2498],[-97.6224,30.2474],[-97.624,30.2453],[-97.6232,30.2426],[-97.6194,30.2408],[-97.6122,30.2408],[-97.6044,30.2391],[-97.5906,30.2328],[-97.5895,30.2282],[-97.5903,30.2263],[-97.59,30.2206],[-97.5922,30.2118],[-97.5908,30.2099],[-97.5889,30.2088],[-97.5871,30.2052],[-97.589,30.2029],[-97.5896,30.1991],[-97.5933,30.1944],[-97.5974,30.1938],[-97.6011,30.1956],[-97.6029,30.1931],[-97.6073,30.1926],[-97.6101,30.1939],[-97.6135,30.1916],[-97.616,30.1834],[-97.6181,30.1818],[-97.618,30.1776],[-97.6187,30.1758],[-97.6232,30.1744],[-97.6248,30.1759],[-97.6258,30.1792],[-97.628,30.1781],[-97.6315,30.1737],[-97.6364,30.1731],[-97.6381,30.174],[-97.6398,30.1732],[-97.6398,30.1721],[-97.6351,30.1684],[-97.636,30.1647],[-97.6372,30.1635],[-97.6404,30.1625],[-97.6438,30.1588],[-97.6453,30.1583],[-97.6509,30.1622],[-97.6555,30.16],[-97.656,30.1585],[-97.6604,30.1547],[-97.6628,30.1556],[-97.6648,30.1539],[-97.6671,30.1559],[-97.6679,30.1576],[-97.677,30.1531],[-97.6817,30.1525],[-97.6852,30.1569],[-97.691,30.1564],[-97.6949,30.1579],[-97.6976,30.1606],[-97.6992,30.1597],[-97.7014,30.1596],[-97.7062,30.162],[-97.7082,30.1588],[-97.7128,30.1588],[-97.7133,30.1541],[-97.7155,30.1515],[-97.7177,30.1505],[-97.7183,30.1486],[-97.7186,30.146],[-97.7174,30.1432],[-97.7178,30.1413],[-97.7195,30.1388],[-97.7189,30.1359],[-97.7219,30.1335],[-97.7248,30.1335],[-97.7258,30.1317],[-97.7277,30.1309],[-97.7313,30.127],[-97.7337,30.1267],[-97.7337,30.1203],[-97.7373,30.1203],[-97.7399,30.1154],[-97.7418,30.1143],[-97.7439,30.1146],[-97.7465,30.11],[-97.7489,30.11],[-97.75,30.109],[-97.7527,30.1085],[-97.7535,30.1075],[-97.7548,30.108],[-97.7567,30.1104],[-97.7582,30.1107],[-97.7632,30.105],[-97.7631,30.1036],[-97.7607,30.1023],[-97.7603,30.1002],[-97.7641,30.0969],[-97.7645,30.0931],[-97.7669,30.0898],[-97.7663,30.0856],[-97.768,30.0822],[-97.7684,30.0793],[-97.7658,30.0693],[-97.7632,30.0676],[-97.7624,30.0642],[-97.7567,30.0609],[-97.756,30.0596],[-97.7561,30.0573],[-97.754,30.0573],[-97.7516,30.0557],[-97.7466,30.0556],[-97.744,30.0546],[-97.7417,30.0555],[-97.7384,30.0545],[-97.7344,30.0544],[-97.7327,30.0553],[-97.7302,30.0555],[-97.7291,30.0565],[-97.7258,30.0553],[-97.7217,30.0557],[-97.7193,30.0577],[-97.7144,30.0568],[-97.7114,30.059],[-97.7087,30.0582],[-97.7021,30.0533],[-97.7005,30.0536],[-97.699,30.0487],[-97.6958,30.0479],[-97.691,30.0446],[-97.6915,30.0403],[-97.69,30.0385],[-97.6897,30.0357],[-97.6904,30.0333],[-97.6899,30.031],[-97.6922,30.0292],[-97.693,30.0273],[-97.6904,30.0263],[-97.6888,30.0235],[-97.6888,30.0225],[-97.6901,30.022],[-97.6905,30.0211],[-97.6899,30.0203],[-97.688,30.0199],[-97.6875,30.0158],[-97.6904,30.0133],[-97.6896,30.0123],[-97.6898,30.0105],[-97.6873,30.0089],[-97.6846,30.0035],[-97.6815,30.0024],[-97.6783,30.0027],[-97.675,30.0058],[-97.6721,30.0072],[-97.6709,30.0072],[-97.6663,30.0049],[-97.6619,30.0051],[-97.656,30.0041],[-97.6514,30.008],[-97.6509,30.006],[-97.6494,30.0047],[-97.6424,30.0043],[-97.6413,30.0032],[-97.6416,30.0004],[-97.6404,29.9989],[-97.6388,29.9987],[-97.6335,30.001],[-97.6285,30.0017],[-97.6275,29.9962],[-97.6297,29.9939],[-97.6325,29.9931],[-97.6341,29.9913],[-97.6341,29.9897],[-97.6327,29.9868],[-97.6286,29.9863],[-97.6271,29.9855],[-97.6281,29.9804],[-97.6321,29.9773],[-97.6347,29.9738],[-97.6347,29.9727],[-97.6316,29.9702],[-97.6311,29.9668],[-97.6285,29.9649],[-97.6274,29.9627],[-97.6264,29.9621],[-97.6221,29.962],[-97.6185,29.96],[-97.6176,29.9586],[-97.6181,29.956],[-97.6164,29.9547],[-97.6168,29.9513],[-97.6142,29.9484],[-97.6145,29.9464],[-97.6131,29.9444],[-97.6095,29.9415],[-97.6008,29.9419],[-97.5987,29.9391],[-97.5918,29.9339],[-97.5904,29.9267],[-97.5894,29.9265],[-97.587,29.9273],[-97.5847,29.9256],[-97.5801,29.9258],[-97.5779,29.9261],[-97.5748,29.9291],[-97.5707,29.9266],[-97.5605,29.9271],[-97.5573,29.9285],[-97.5527,29.926],[-97.5505,29.9258],[-97.5502,29.9215],[-97.549,29.9202],[-97.5421,29.9233],[-97.5401,29.9232],[-97.5361,29.9218],[-97.5333,29.9232],[-97.5308,29.9223],[-97.5247,29.9178],[-97.523,29.92],[-97.5188,29.9196],[-97.5175,29.9187],[-97.5162,29.9152],[-97.515,29.9141],[-97.5135,29.9085],[-97.5158,29.9053],[-97.5137,29.9037],[-97.5105,29.9029],[-97.5078,29.9011],[-97.5065,29.8976],[-97.5037,29.8968],[-97.5021,29.8938],[-97.5008,29.8929],[-97.4949,29.8913],[-97.4917,29.8911],[-97.4902,29.8893],[-97.4871,29.8894],[-97.4854,29.8876],[-97.4847,29.8854],[-97.4818,29.8851],[-97.4802,29.882],[-97.4773,29.8825],[-97.476,29.8811],[-97.4697,29.8777],[-97.4675,29.8783],[-97.4633,29.8828],[-97.4604,29.8825],[-97.4581,29.8833],[-97.4562,29.8813],[-97.4539,29.8814],[-97.4519,29.8843],[-97.4502,29.8837],[-97.4491,29.8818],[-97.4427,29.8841],[-97.4401,29.8831],[-97.4375,29.8841],[-97.4369,29.8817],[-97.4351,29.8797],[-97.4319,29.88],[-97.4306,29.8816],[-97.429,29.8814],[-97.4279,29.8823],[-97.4234,29.8836],[-97.4226,29.8818],[-97.4207,29.8821],[-97.4191,29.8813],[-97.4168,29.8779],[-97.415,29.8784],[-97.4135,29.8776],[-97.4114,29.8778],[-97.4091,29.8803],[-97.408,29.8767],[-97.4052,29.873],[-97.4006,29.8712],[-97.3965,29.8712],[-97.3923,29.8696],[-97.3911,29.8684],[-97.39,29.8641],[-97.3872,29.8626],[-97.3842,29.8598],[-97.385,29.8577],[-97.3761,29.8532],[-97.3736,29.8545],[-97.3699,29.8596],[-97.3669,29.8599],[-97.3646,29.8636],[-97.3647,29.8671],[-97.3594,29.868],[-97.3591,29.87],[-97.3579,29.8717],[-97.3556,29.8731],[-97.3548,29.8752],[-97.3502,29.8753],[-97.3484,29.876],[-97.3458,29.8738],[-97.3438,29.8738],[-97.3411,29.8795],[-97.3387,29.8804],[-97.3375,29.8797],[-97.3362,29.88],[-97.3355,29.8832],[-97.3341,29.8833],[-97.3321,29.8866],[-97.33,29.8873],[-97.3289,29.8897],[-97.3258,29.8896],[-97.3246,29.8883],[-97.3245,29.8866],[-97.3216,29.8851],[-97.3211,29.882],[-97.3189,29.8843],[-97.3184,29.8862],[-97.3155,29.8875],[-97.312,29.886],[-97.3108,29.8836],[-97.3051,29.8828],[-97.3043,29.8868],[-97.3024,29.8884],[-97.3033,29.89],[-97.3019,29.8913],[-97.3016,29.8927],[-97.3001,29.8932],[-97.2974,29.8964],[-97.2988,29.9012],[-97.2964,29.9016],[-97.2915,29.9075],[-97.2854,29.9075],[-97.2844,29.9066],[-97.2817,29.9064],[-97.2806,29.9043],[-97.2778,29.9021],[-97.2783,29.8998],[-97.2758,29.8966],[-97.2754,29.8933],[-97.2669,29.8898],[-97.2637,29.8871],[-97.2602,29.8854],[-97.2592,29.8835],[-97.2566,29.8843],[-97.2546,29.8833],[-97.2555,29.8787],[-97.255,29.8765],[-97.2567,29.875],[-97.2546,29.873],[-97.2543,29.87],[-97.2545,29.8687],[-97.2556,29.8677],[-97.255,29.8661],[-97.2558,29.8598],[-97.2553,29.8591],[-97.2526,29.859],[-97.2492,29.8543],[-97.246,29.8536],[-97.2471,29.8461],[-97.2448,29.8428],[-97.2413,29.8426],[-97.2401,29.8419],[-97.24,29.8377],[-97.2387,29.8371],[-97.235,29.838],[-97.234,29.8372],[-97.2338,29.8332],[-97.2326,29.8307],[-97.2301,29.8284],[-97.2301,29.8265],[-97.229,29.8248],[-97.2299,29.8212],[-97.2272,29.82],[-97.2254,29.8151],[-97.2242,29.814],[-97.2239,29.8111],[-97.2204,29.8071],[-97.2203,29.8059],[-97.2224,29.8017],[-97.222,29.8001],[-97.2199,29.7981],[-97.22,29.7963],[-97.2209,29.7952],[-97.2205,29.793],[-97.2164,29.7914],[-97.2157,29.79],[-97.2122,29.7881],[-97.2101,29.7886],[-97.2042,29.7857],[-97.2009,29.781],[-97.199,29.7768],[-97.199,29.7748],[-97.1967,29.7761],[-97.1956,29.7781],[-97.1943,29.7789],[-97.1914,29.7776],[-97.1895,29.7783],[-97.1873,29.7766],[-97.1848,29.776],[-97.1812,29.7723],[-97.1814,29.7691],[-97.1785,29.7688],[-97.1762,29.7665],[-97.1782,29.7638],[-97.1765,29.7608],[-97.1746,29.76],[-97.1738,29.7607],[-97.1709,29.7601],[-97.1704,29.7589],[-97.1709,29.7562],[-97.1693,29.7545],[-97.167,29.7548],[-97.164,29.7581],[-97.1603,29.7592],[-97.1574,29.7614],[-97.1557,29.7604],[-97.1518,29.761],[-97.1511,29.7601],[-97.147,29.7588],[-97.1439,29.7559],[-97.1441,29.7538],[-97.1435,29.752],[-97.1338,29.7426],[-97.1322,29.7434],[-97.1308,29.7408],[-97.1262,29.7385],[-97.125,29.7364],[-97.124,29.7294],[-97.1196,29.7274],[-97.1157,29.724],[-97.1134,29.7237],[-97.1094,29.7215],[-97.1087,29.7191],[-97.1074,29.7183],[-97.1077,29.7148],[-97.1006,29.7135],[-97.0973,29.715],[-97.0956,29.7149],[-97.0951,29.7133],[-97.0932,29.7116],[-97.0929,29.709],[-97.0922,29.7084],[-97.0892,29.7093],[-97.0859,29.7094],[-97.0825,29.7107],[-97.0814,29.7161],[-97.0775,29.7169],[-97.0767,29.7212],[-97.071,29.7271],[-97.0655,29.7308],[-97.0606,29.7321],[-97.0594,29.7354],[-97.0593,29.7411],[-97.0578,29.7433],[-97.0579,29.7454],[-97.0502,29.7497],[-97.0442,29.7508],[-97.0443,29.7535],[-97.0431,29.7558],[-97.0437,29.76],[-97.0425,29.7626],[-97.0391,29.7657],[-97.0317,29.7674],[-97.0304,29.7697],[-97.0266,29.7714],[-97.0261,29.7764],[-97.0228,29.7798],[-97.0232,29.7836],[-97.02,29.7855],[-97.0187,29.7878],[-97.019,29.791],[-97.0182,29.7925],[-97.0139,29.7944],[-97.0091,29.7978],[-97.0038,29.7991],[-97.0031,29.8013],[-96.9995,29.8018],[-96.9985,29.8038],[-96.9944,29.8052],[-96.9912,29.803],[-96.9876,29.8046],[-96.9834,29.8043],[-96.9824,29.8056],[-96.9814,29.8058],[-96.9761,29.8033],[-96.974,29.8042],[-96.9707,29.8122],[-96.9699,29.8119],[-96.9697,29.8095],[-96.9659,29.8076],[-96.963,29.8087],[-96.9589,29.8139],[-96.9577,29.8134],[-96.9566,29.8111],[-96.9532,29.8108],[-96.9523,29.8112],[-96.9516,29.813],[-96.9481,29.8142],[-96.9467,29.8165],[-96.9464,29.8192],[-96.9427,29.8206],[-96.9416,29.8218],[-96.9395,29.8208],[-96.9349,29.8201],[-96.934,29.8175],[-96.9258,29.8124],[-96.9223,29.8122],[-96.919,29.8149],[-96.9188,29.813],[-96.9172,29.8105],[-96.9139,29.809],[-96.9121,29.809],[-96.9091,29.8034],[-96.906,29.8013],[-96.904,29.8019],[-96.9006,29.8052],[-96.8961,29.8056],[-96.8945,29.8032],[-96.8922,29.8035],[-96.891,29.8018],[-96.8865,29.8006],[-96.8856,29.7981],[-96.8839,29.7968],[-96.8804,29.7982],[-96.8785,29.7983],[-96.8756,29.7969],[-96.8731,29.7969],[-96.8698,29.7981],[-96.8688,29.7971],[-96.8668,29.7969],[-96.8638,29.7948],[-96.8563,29.7932],[-96.8509,29.7895],[-96.8514,29.7879],[-96.8478,29.7809],[-96.8407,29.7806],[-96.8384,29.7789],[-96.8366,29.7789],[-96.834,29.7802],[-96.8336,29.7793],[-96.8303,29.7777],[-96.8331,29.7729],[-96.8326,29.7722],[-96.8261,29.7704],[-96.8257,29.768],[-96.8239,29.7664],[-96.8235,29.7636],[-96.8212,29.763],[-96.816,29.7635],[-96.8149,29.761],[-96.8127,29.7593],[-96.8099,29.7599],[-96.8074,29.7579],[-96.8084,29.7556],[-96.8063,29.7535],[-96.8065,29.7513],[-96.8022,29.7506],[-96.8008,29.7483],[-96.7991,29.7474],[-96.796,29.7472],[-96.7963,29.7451],[-96.798,29.7439],[-96.7986,29.7414],[-96.8012,29.7382],[-96.8019,29.7349],[-96.8035,29.7337],[-96.8024,29.7289],[-96.8013,29.7272],[-96.792,29.7211],[-96.7912,29.7191],[-96.7911,29.7126],[-96.7901,29.7099],[-96.7875,29.7089],[-96.7853,29.7069],[-96.7856,29.7022],[-96.78,29.7022],[-96.7794,29.6958],[-96.7776,29.6946],[-96.7772,29.6918],[-96.7574,29.6923],[-96.7555,29.6938],[-96.754,29.6963],[-96.7508,29.6971],[-96.7479,29.6941],[-96.7477,29.6892],[-96.7464,29.6878],[-96.7462,29.6848],[-96.7402,29.6804],[-96.7371,29.6826],[-96.7349,29.6854],[-96.7317,29.6865],[-96.7282,29.6864],[-96.7202,29.6829],[-96.7177,29.6836],[-96.7149,29.6834],[-96.7097,29.6814],[-96.7083,29.6802],[-96.7066,29.6806],[-96.7028,29.6841],[-96.6982,29.6845],[-96.6947,29.6839],[-96.6932,29.6855],[-96.6926,29.689],[-96.6878,29.6859],[-96.6854,29.6868],[-96.6831,29.6902],[-96.6691,29.691],[-96.6681,29.6915],[-96.6671,29.6959],[-96.6659,29.697],[-96.6583,29.6974],[-96.6503,29.7008],[-96.6471,29.7013],[-96.6391,29.7044],[-96.6379,29.7021],[-96.6319,29.7016],[-96.629,29.6993],[-96.6264,29.699],[-96.6237,29.6998],[-96.6218,29.6996],[-96.6208,29.6989],[-96.6184,29.695],[-96.6157,29.6928],[-96.6133,29.695],[-96.6106,29.6946],[-96.607,29.6962],[-96.6062,29.6994],[-96.6043,29.7005],[-96.6009,29.7002],[-96.5987,29.6987],[-96.5968,29.6985],[-96.5895,29.7022],[-96.5832,29.7025],[-96.5742,29.7045],[-96.5683,29.7097],[-96.5666,29.7094],[-96.5637,29.7073],[-96.5487,29.708],[-96.5443,29.7061],[-96.5361,29.7052],[-96.5346,29.7045],[-96.5319,29.7],[-96.5289,29.6998],[-96.5265,29.7004],[-96.5237,29.6992],[-96.523,29.7009],[-96.5244,29.7024],[-96.5243,29.7038],[-96.519,29.7031],[-96.5141,29.7044],[-96.5092,29.712],[-96.509,29.7139],[-96.5102,29.717],[-96.5042,29.7196],[-96.5034,29.7203],[-96.5038,29.7225],[-96.5008,29.7246],[-96.4982,29.728],[-96.4925,29.7287],[-96.4886,29.7321],[-96.4855,29.7353],[-96.4855,29.739],[-96.484,29.7406],[-96.4802,29.7429],[-96.4781,29.7437],[-96.474,29.7437],[-96.4711,29.7456],[-96.4695,29.7468],[-96.4683,29.7516],[-96.4577,29.7491],[-96.456,29.7495],[-96.4557,29.7529],[-96.449,29.7549],[-96.4493,29.7574],[-96.4509,29.7583],[-96.4509,29.7626],[-96.452,29.7633],[-96.4521,29.7644],[-96.449,29.7678],[-96.4505,29.7738],[-96.4462,29.7777],[-96.4454,29.7797],[-96.4457,29.7812],[-96.4494,29.7824],[-96.4519,29.7824],[-96.4533,29.7834],[-96.4535,29.7886],[-96.4513,29.7947],[-96.4539,29.7969],[-96.4558,29.7996],[-96.4558,29.8039],[-96.4595,29.8051],[-96.4622,29.8071],[-96.4647,29.8074],[-96.4677,29.806],[-96.4712,29.8077],[-96.4747,29.8131],[-96.4751,29.8162],[-96.4767,29.8178],[-96.4795,29.8189],[-96.479,29.8203],[-96.4804,29.822],[-96.4829,29.8224],[-96.4839,29.8281],[-96.4906,29.8301],[-96.4891,29.8318],[-96.4881,29.8354],[-96.4849,29.8395],[-96.4845,29.8409],[-96.4857,29.8434],[-96.4895,29.8469],[-96.4912,29.847],[-96.4901,29.8492],[-96.4913,29.8517],[-96.4906,29.8527],[-96.4862,29.8546],[-96.4857,29.8576],[-96.4877,29.8586],[-96.488,29.8599],[-96.4904,29.859],[-96.4913,29.8595],[-96.4932,29.8664],[-96.4947,29.8684],[-96.4942,29.8709],[-96.4915,29.8716],[-96.4938,29.8746],[-96.4955,29.8755],[-96.4968,29.8777],[-96.4968,29.8797],[-96.4942,29.881],[-96.4935,29.8825],[-96.494,29.8867],[-96.4955,29.8905],[-96.497,29.8912],[-96.4986,29.8934],[-96.5012,29.8938],[-96.5006,29.8952],[-96.5015,29.8961],[-96.5074,29.8973],[-96.5067,29.8991],[-96.5079,29.9007],[-96.5095,29.8998],[-96.5138,29.8995],[-96.5153,29.897],[-96.5192,29.8967],[-96.522,29.8985],[-96.5245,29.899],[-96.5264,29.9007],[-96.5282,29.9039],[-96.5281,29.9059],[-96.5297,29.9097],[-96.5289,29.9122],[-96.5323,29.9158],[-96.5323,29.9169],[-96.5305,29.9177],[-96.5297,29.9194],[-96.5301,29.9217],[-96.5326,29.922],[-96.532,29.9251],[-96.5376,29.9294],[-96.5405,29.9298],[-96.5426,29.9291],[-96.5435,29.933],[-96.547,29.9353],[-96.5488,29.9346],[-96.5522,29.938],[-96.5526,29.9389],[-96.5513,29.9416],[-96.5551,29.9437],[-96.5539,29.9466],[-96.5569,29.9506],[-96.5566,29.9532],[-96.5573,29.9543],[-96.5614,29.955],[-96.5618,29.9557],[-96.5614,29.9602],[-96.5595,29.962],[-96.5594,29.9635],[-96.5616,29.9671],[-96.5624,29.9712],[-96.565,29.9725],[-96.5693,29.9764],[-96.5692,29.9828],[-96.5682,29.9847],[-96.5703,29.9859],[-96.571,29.9887],[-96.5739,29.9899],[-96.5751,29.9914],[-96.5771,29.9916],[-96.5794,29.9908],[-96.5816,29.9915],[-96.5851,29.9905],[-96.5882,29.9923],[-96.5898,30.0011],[-96.5892,30.0083],[-96.5904,30.0101],[-96.5878,30.0143],[-96.5908,30.0156],[-96.5919,30.0186],[-96.5945,30.0183],[-96.5974,30.0199],[-96.5956,30.0255],[-96.6009,30.0272],[-96.6048,30.0294],[-96.6047,30.0313],[-96.6064,30.0336],[-96.6061,30.0358],[-96.6088,30.0376],[-96.6105,30.0374],[-96.6124,30.0361],[-96.6154,30.036],[-96.6152,30.0384],[-96.6174,30.042],[-96.6182,30.0426],[-96.621,30.0426],[-96.6218,30.0432],[-96.6226,30.0454],[-96.6217,30.0475],[-96.6255,30.0524],[-96.6246,30.0537],[-96.6247,30.0555],[-96.6228,30.0574],[-96.6212,30.062],[-96.6245,30.0648],[-96.6249,30.0673],[-96.6281,30.0695],[-96.6318,30.0685],[-96.6329,30.0688],[-96.6341,30.0739],[-96.636,30.0759],[-96.6351,30.0772],[-96.6312,30.0783],[-96.6338,30.082],[-96.6328,30.084],[-96.6338,30.0873],[-96.6335,30.0939],[-96.6348,30.1004],[-96.634,30.1072],[-96.6354,30.1104],[-96.6382,30.1129],[-96.6396,30.1158],[-96.6396,30.1217],[-96.6416,30.1237],[-96.6442,30.1232],[-96.6467,30.1219],[-96.653,30.1285],[-96.6548,30.1296],[-96.6566,30.1324],[-96.651,30.1376],[-96.6473,30.1438],[-96.6471,30.1459],[-96.6501,30.146],[-96.6525,30.1469],[-96.656,30.1504],[-96.6602,30.1505],[-96.6655,30.1492],[-96.6674,30.1514],[-96.6708,30.1518],[-96.6739,30.153],[-96.6821,30.1525],[-96.6845,30.1547],[-96.685,30.1562],[-96.6838,30.1616],[-96.6882,30.1654],[-96.6892,30.1654],[-96.6938,30.1617],[-96.6932,30.1606],[-96.6984,30.1605],[-96.7016,30.1591],[-96.703,30.1599],[-96.7043,30.1587],[-96.7065,30.1586],[-96.7097,30.1569],[-96.711,30.1548],[-96.7111,30.1525],[-96.7134,30.1502],[-96.7129,30.1476],[-96.716,30.1449],[-96.7206,30.1462],[-96.7245,30.1495],[-96.7273,30.1505],[-96.7324,30.1474],[-96.7385,30.1491],[-96.7416,30.1481],[-96.7443,30.1481],[-96.7469,30.15],[-96.7501,30.1504],[-96.7517,30.1493],[-96.7514,30.1456],[-96.749,30.1427],[-96.7632,30.1408],[-96.7661,30.1411],[-96.7886,30.1497],[-96.7903,30.1519],[-96.7902,30.1535],[-96.7891,30.154],[-96.7881,30.1555],[-96.787,30.1576],[-96.7873,30.1587],[-96.7914,30.1586],[-96.795,30.1618],[-96.8038,30.1618],[-96.8061,30.1625],[-96.8109,30.1669],[-96.8123,30.1705],[-96.8177,30.1723],[-96.826,30.1783],[-96.8286,30.178],[-96.8316,30.1786],[-96.8359,30.1834],[-96.8381,30.1822],[-96.843,30.1832],[-96.8424,30.1852],[-96.843,30.1878],[-96.8456,30.1893],[-96.8512,30.1872],[-96.8534,30.1889],[-96.8553,30.1853],[-96.8594,30.1807],[-96.8665,30.1767],[-96.8681,30.177],[-96.871,30.18],[-96.8734,30.181],[-96.8791,30.1794],[-96.8802,30.1797],[-96.8824,30.1777],[-96.8852,30.1769],[-96.8863,30.1775],[-96.8872,30.1804],[-96.8901,30.1817],[-96.8944,30.1821],[-96.8977,30.1843],[-96.8997,30.1844],[-96.9016,30.1835],[-96.9028,30.1839],[-96.9048,30.1881],[-96.913,30.189],[-96.915,30.1876],[-96.9179,30.1836],[-96.9189,30.1755],[-96.9241,30.1766],[-96.9307,30.1821],[-96.9339,30.1835],[-96.9387,30.1843],[-96.9402,30.1861],[-96.9449,30.1853],[-96.9473,30.1837],[-96.9491,30.1845],[-96.9504,30.1839],[-96.9514,30.1851],[-96.9545,30.1857],[-96.9569,30.1874],[-96.9586,30.1873],[-96.9666,30.1854],[-96.9694,30.1835],[-96.9711,30.1812],[-96.9736,30.182],[-96.9756,30.1872],[-96.9769,30.188],[-96.981,30.1883],[-96.9818,30.1864],[-96.9874,30.1875],[-96.989,30.1884],[-96.9975,30.1878],[-97.0014,30.1907],[-97.0046,30.1903],[-97.006,30.1865],[-97.0089,30.1846],[-97.011,30.1841],[-97.0152,30.1848],[-97.0187,30.1844],[-97.0225,30.183],[-97.0254,30.1805],[-97.0265,30.1804],[-97.0275,30.1829],[-97.0297,30.1844],[-97.03,30.1863],[-97.0331,30.1885],[-97.0386,30.1876],[-97.0405,30.1865],[-97.0441,30.187],[-97.0474,30.1865],[-97.0516,30.1877],[-97.0543,30.1912],[-97.0592,30.194],[-97.0612,30.198],[-97.059,30.2059],[-97.0608,30.207],[-97.0641,30.2076],[-97.069,30.2073],[-97.0699,30.2104],[-97.0727,30.2115],[-97.0751,30.2113],[-97.0759,30.2099],[-97.079,30.2095],[-97.0809,30.2106],[-97.0825,30.2127],[-97.0873,30.2153],[-97.0935,30.2149],[-97.0966,30.2134],[-97.0991,30.2147],[-97.1016,30.2135],[-97.1086,30.2147],[-97.1127,30.2132],[-97.1163,30.2133],[-97.1208,30.2152],[-97.1247,30.2191],[-97.1267,30.2178],[-97.1328,30.2178],[-97.1363,30.2164],[-97.1384,30.217],[-97.1419,30.2154],[-97.1425,30.2135],[-97.1481,30.2094],[-97.1502,30.2058],[-97.1516,30.2055],[-97.1543,30.2081],[-97.1593,30.2106],[-97.1603,30.2128],[-97.1636,30.2149],[-97.1689,30.2149],[-97.1701,30.2159],[-97.1728,30.2155],[-97.1755,30.2203],[-97.1804,30.2242],[-97.1811,30.2255],[-97.1883,30.2281],[-97.1897,30.2303],[-97.1918,30.2316],[-97.1923,30.2331],[-97.2022,30.2304],[-97.2042,30.2309],[-97.2069,30.2336],[-97.2087,30.2342],[-97.2105,30.2373],[-97.2108,30.2396],[-97.2133,30.2416],[-97.2154,30.2455],[-97.2188,30.2472],[-97.2212,30.2497],[-97.2216,30.2508],[-97.2202,30.2579],[-97.2207,30.2599],[-97.2228,30.2625],[-97.2221,30.2654],[-97.2228,30.2656],[-97.2247,30.2645],[-97.2271,30.2641],[-97.2299,30.265],[-97.2315,30.2661],[-97.2316,30.2679],[-97.2332,30.2696],[-97.2308,30.2756],[-97.232,30.2778],[-97.2299,30.2784],[-97.2296,30.2795],[-97.2315,30.2806],[-97.2328,30.2832],[-97.2364,30.2849],[-97.2381,30.2883],[-97.2401,30.2883],[-97.2441,30.2909],[-97.2467,30.2937],[-97.2464,30.2957],[-97.2436,30.2984],[-97.2466,30.3012],[-97.2468,30.3024],[-97.2443,30.3037],[-97.2423,30.3073],[-97.2371,30.3103],[-97.2366,30.3143],[-97.2305,30.3182],[-97.2288,30.3211],[-97.2282,30.3241],[-97.2348,30.3295],[-97.2394,30.3288],[-97.2409,30.332],[-97.2421,30.3378],[-97.2437,30.3391],[-97.2459,30.3394],[-97.2485,30.3419],[-97.2488,30.3431],[-97.2509,30.3448],[-97.2538,30.3455],[-97.2544,30.3506],[-97.2565,30.3505],[-97.2633,30.348],[-97.2666,30.3488],[-97.2669,30.3504],[-97.2651,30.3552],[-97.2663,30.3584],[-97.2657,30.3622],[-97.2667,30.3636],[-97.2693,30.3643],[-97.2714,30.3663],[-97.271,30.3683],[-97.2722,30.3721],[-97.2761,30.3754],[-97.276,30.3787],[-97.2712,30.3853],[-97.2728,30.3886],[-97.2726,30.3919],[-97.2758,30.3915],[-97.2759,30.3902],[-97.2769,30.3895],[-97.2803,30.3908],[-97.2815,30.3933],[-97.2825,30.3938],[-97.2845,30.3935],[-97.2886,30.3985],[-97.2893,30.3986],[-97.2909,30.3972],[-97.2911,30.3944],[-97.2922,30.3938],[-97.2929,30.3918],[-97.2949,30.3913],[-97.2974,30.3894],[-97.3006,30.3899],[-97.3025,30.3929],[-97.3044,30.3938],[-97.3058,30.3957],[-97.314,30.3994],[-97.3152,30.4033],[-97.3148,30.4057],[-97.3163,30.408],[-97.3212,30.4084],[-97.3245,30.4095],[-97.3248,30.4104],[-97.3222,30.4152],[-97.3225,30.4171],[-97.3238,30.4176],[-97.3248,30.4194],[-97.3264,30.42],[-97.3278,30.4198],[-97.3296,30.4176],[-97.3369,30.4151],[-97.3411,30.4104],[-97.3429,30.411],[-97.352,30.4112],[-97.356,30.4079],[-97.3557,30.4043],[-97.3598,30.4048],[-97.3608,30.4037],[-97.3625,30.4045],[-97.3637,30.4074],[-97.3652,30.4088],[-97.3703,30.4128],[-97.3734,30.4136],[-97.3729,30.4147],[-97.3739,30.4175],[-97.3776,30.4188],[-97.3774,30.4205],[-97.3787,30.4227],[-97.3781,30.4252],[-97.3808,30.4242],[-97.3832,30.4242],[-97.3842,30.4278],[-97.3871,30.4296],[-97.3875,30.4328],[-97.3912,30.4341],[-97.3923,30.4375],[-97.3931,30.438],[-97.3954,30.4373],[-97.3973,30.4379],[-97.4042,30.4423],[-97.4061,30.4417],[-97.4065,30.4396],[-97.408,30.4379],[-97.4102,30.4371],[-97.4126,30.4406],[-97.4143,30.4418],[-97.4179,30.4401],[-97.4192,30.4407],[-97.4214,30.444],[-97.425,30.446],[-97.4256,30.4478],[-97.4244,30.4498],[-97.4255,30.4517],[-97.427,30.4522],[-97.4311,30.4518],[-97.433,30.4527],[-97.4339,30.4539],[-97.4342,30.458],[-97.4363,30.4595],[-97.439,30.4597],[-97.4398,30.4574],[-97.442,30.4546],[-97.4454,30.4555],[-97.4452,30.4581],[-97.446,30.461],[-97.4505,30.4614],[-97.4586,30.4581],[-97.4605,30.4583],[-97.4651,30.4602],[-97.4641,30.4638],[-97.4645,30.4644],[-97.4678,30.4645],[-97.4749,30.4671],[-97.4763,30.4687],[-97.4797,30.4699],[-97.4867,30.4686],[-97.4889,30.4709],[-97.489,30.4754],[-97.49,30.4755],[-97.4907,30.4743],[-97.4917,30.4741],[-97.4955,30.4764],[-97.4991,30.4767],[-97.5014,30.4778],[-97.5017,30.4797],[-97.5053,30.4812],[-97.5053,30.4821],[-97.5099,30.483],[-97.5108,30.4845],[-97.5157,30.4821],[-97.5166,30.4811],[-97.5168,30.4783],[-97.5204,30.4775],[-97.5235,30.4736],[-97.5269,30.474],[-97.5279,30.4745],[-97.5281,30.4759],[-97.5323,30.4774],[-97.5361,30.4768],[-97.5421,30.4794],[-97.5443,30.4774],[-97.5444,30.4743],[-97.5475,30.475],[-97.5498,30.4758],[-97.5509,30.4771],[-97.55,30.4813],[-97.5537,30.4843],[-97.5556,30.4913],[-97.5572,30.4918],[-97.5597,30.4888],[-97.5605,30.4887],[-97.5635,30.493],[-97.5645,30.4958],[-97.5672,30.4962],[-97.5687,30.4972],[-97.569,30.4987]]]}},
{"type":"Feature","properties":{"name":"Navidad","huc8":"12100102","sq_km":3628.96},"geometry":{"type":"Polygon","coordinates":[[[-96.8236,29.2],[-96.3284,29.2],[-96.3289,29.2027],[-96.3304,29.2062],[-96.3295,29.207],[-96.324,29.208],[-96.3214,29.2103],[-96.3185,29.2114],[-96.3171,29.2154],[-96.3146,29.2177],[-96.3117,29.2192],[-96.301,29.2275],[-96.2888,29.2423],[-96.2854,29.249],[-96.2843,29.249],[-96.283,29.2535],[-96.2801,29.2553],[-96.281,29.2588],[-96.2849,29.2673],[-96.2886,29.2718],[-96.294,29.2755],[-96.3017,29.2767],[-96.3088,29.2792],[-96.3122,29.2791],[-96.3148,29.2777],[-96.3206,29.2705],[-96.3305,29.2696],[-96.3319,29.2913],[-96.3417,29.3092],[-96.3346,29.3098],[-96.3306,29.3153],[-96.3221,29.3246],[-96.3206,29.3278],[-96.3183,29.3302],[-96.318,29.3326],[-96.3165,29.3346],[-96.3136,29.3371],[-96.3088,29.3378],[-96.3062,29.339],[-96.3054,29.3404],[-96.306,29.3428],[-96.3055,29.3442],[-96.3039,29.3454],[-96.301,29.3456],[-96.3006,29.3467],[-96.2967,29.3486],[-96.2916,29.3528],[-96.291,29.3544],[-96.2921,29.3553],[-96.2982,29.3531],[-96.3104,29.351],[-96.3185,29.3519],[-96.3213,29.3609],[-96.3272,29.3659],[-96.3286,29.3664],[-96.3326,29.3658],[-96.3355,29.3666],[-96.3382,29.3721],[-96.3435,29.3723],[-96.3474,29.3713],[-96.3534,29.3685],[-96.3591,29.3637],[-96.3615,29.3627],[-96.3634,29.3636],[-96.3632,29.3717],[-96.3642,29.3721],[-96.3692,29.3658],[-96.3723,29.3643],[-96.3796,29.3776],[-96.3914,29.4212],[-96.3947,29.423],[-96.4069,29.4252],[-96.4147,29.4253],[-96.418,29.4306],[-96.4164,29.4348],[-96.41,29.4459],[-96.4106,29.4478],[-96.4138,29.4514],[-96.4161,29.456],[-96.4281,29.4625],[-96.4311,29.4673],[-96.4309,29.4745],[-96.4272,29.4749],[-96.4266,29.4758],[-96.4334,29.4845],[-96.431,29.4857],[-96.4315,29.4873],[-96.438,29.4902],[-96.4394,29.4899],[-96.4404,29.4908],[-96.441,29.4934],[-96.4494,29.498],[-96.4541,29.4987],[-96.4556,29.4979],[-96.4572,29.5011],[-96.4589,29.5023],[-96.4619,29.5011],[-96.4677,29.5022],[-96.472,29.5098],[-96.4765,29.5132],[-96.4788,29.513],[-96.4868,29.517],[-96.4951,29.5283],[-96.4973,29.5286],[-96.5003,29.5308],[-96.5029,29.5308],[-96.508,29.5326],[-96.5117,29.5393],[-96.5221,29.5393],[-96.527,29.5375],[-96.5283,29.538],[-96.5297,29.5374],[-96.5395,29.5396],[-96.5449,29.5415],[-96.5504,29.5394],[-96.554,29.5357],[-96.5576,29.5349],[-96.5681,29.5344],[-96.5714,29.5349],[-96.5735,29.5387],[-96.5749,29.5397],[-96.5848,29.5416],[-96.5875,29.5403],[-96.5906,29.5348],[-96.5926,29.5344],[-96.5965,29.5376],[-96.6025,29.5404],[-96.6042,29.545],[-96.608,29.5473],[-96.6099,29.5527],[-96.6096,29.5558],[-96.6112,29.5578],[-96.6103,29.5627],[-96.6135,29.564],[-96.6138,29.5666],[-96.6167,29.5695],[-96.6114,29.5782],[-96.6108,29.5804],[-96.612,29.5812],[-96.6148,29.5814],[-96.6154,29.5831],[-96.6216,29.5854],[-96.6228,29.5898],[-96.6246,29.589],[-96.628,29.5894],[-96.6319,29.5881],[-96.6335,29.5854],[-96.6356,29.5851],[-96.6369,29.584],[-96.6395,29.5838],[-96.6428,29.586],[-96.6457,29.5859],[-96.6483,29.5813],[-96.6497,29.5822],[-96.6525,29.5827],[-96.653,29.5843],[-96.6552,29.5854],[-96.6636,29.5855],[-96.6657,29.5849],[-96.6672,29.5842],[-96.6688,29.5817],[-96.6714,29.5811],[-96.674,29.5832],[-96.6747,29.5858],[-96.678,29.5863],[-96.6792,29.5845],[-96.6824,29.5834],[-96.687,29.5854],[-96.6878,29.5899],[-96.689,29.5916],[-96.6892,29.5952],[-96.6918,29.5971],[-96.6922,29.5983],[-96.6951,29.5974],[-96.7001,29.6007],[-96.7004,29.6048],[-96.7016,29.6067],[-96.7042,29.607],[-96.7046,29.6082],[-96.7035,29.6123],[-96.705,29.6125],[-96.7062,29.6118],[-96.7101,29.6177],[-96.7094,29.6202],[-96.7116,29.6235],[-96.7173,29.6256],[-96.7174,29.6284],[-96.7162,29.6297],[-96.7177,29.6308],[-96.7177,29.6331],[-96.7158,29.6354],[-96.7159,29.6378],[-96.719,29.6436],[-96.7168,29.6481],[-96.7202,29.6506],[-96.72,29.6569],[-96.7213,29.6586],[-96.7255,29.6575],[-96.728,29.6582],[-96.7288,29.6592],[-96.73,29.6617],[-96.7309,29.667],[-96.7346,29.6694],[-96.7362,29.6725],[-96.7395,29.6749],[-96.7404,29.6765],[-96.7402,29.6804],[-96.7462,29.6848],[-96.7464,29.6878],[-96.7477,29.6892],[-96.7479,29.6941],[-96.7498,29.6965],[-96.7513,29.6971],[-96.754,29.6963],[-96.7555,29.6938],[-96.7574,29.6923],[-96.7772,29.6918],[-96.7776,29.6946],[-96.7794,29.6958],[-96.78,29.7022],[-96.7856,29.7022],[-96.7853,29.7069],[-96.7875,29.7089],[-96.7901,29.7099],[-96.7911,29.7126],[-96.7912,29.7191],[-96.792,29.7211],[-96.8013,29.7272],[-96.8036,29.7331],[-96.8019,29.7349],[-96.8012,29.7382],[-96.7986,29.7414],[-96.798,29.7439],[-96.7963,29.7451],[-96.796,29.7472],[-96.7991,29.7474],[-96.8008,29.7483],[-96.8022,29.7506],[-96.8065,29.7513],[-96.8063,29.7535],[-96.8084,29.7556],[-96.8074,29.7579],[-96.8099,29.7599],[-96.8127,29.7593],[-96.8149,29.761],[-96.816,29.7635],[-96.8212,29.763],[-96.8235,29.7636],[-96.8239,29.7664],[-96.8257,29.768],[-96.8261,29.7704],[-96.8326,29.7722],[-96.8331,29.7729],[-96.8301,29.7772],[-96.832,29.7789],[-96.8336,29.7793],[-96.834,29.7802],[-96.8366,29.7789],[-96.8384,29.7789],[-96.8407,29.7806],[-96.8478,29.7809],[-96.8514,29.7879],[-96.8509,29.7895],[-96.8563,29.7932],[-96.8638,29.7948],[-96.8668,29.7969],[-96.8688,29.7971],[-96.8698,29.7981],[-96.8731,29.7969],[-96.8756,29.7969],[-96.8785,29.7983],[-96.8804,29.7982],[-96.8839,29.7968],[-96.8856,29.7981],[-96.8865,29.8006],[-96.891,29.8018],[-96.8922,29.8035],[-96.8945,29.8032],[-96.8961,29.8056],[-96.9006,29.8052],[-96.904,29.8019],[-96.906,29.8013],[-96.9091,29.8034],[-96.9121,29.809],[-96.9139,29.809],[-96.9172,29.8105],[-96.9188,29.813],[-96.919,29.8149],[-96.9223,29.8122],[-96.9248,29.8121],[-96.934,29.8175],[-96.9349,29.8201],[-96.9395,29.8208],[-96.9416,29.8218],[-96.9427,29.8206],[-96.9464,29.8192],[-96.9467,29.8165],[-96.9481,29.8142],[-96.9516,29.813],[-96.9523,29.8112],[-96.9532,29.8108],[-96.9566,29.8111],[-96.9577,29.8134],[-96.9589,29.8139],[-96.963,29.8087],[-96.9659,29.8076],[-96.9697,29.8095],[-96.9699,29.8119],[-96.9707,29.8122],[-96.974,29.8042],[-96.9761,29.8033],[-96.9814,29.8058],[-96.9824,29.8056],[-96.9834,29.8043],[-96.9876,29.8046],[-96.9912,29.803],[-96.9944,29.8052],[-96.9985,29.8038],[-96.9995,29.8018],[-97.0031,29.8013],[-97.0038,29.7991],[-97.0091,29.7978],[-97.0139,29.7944],[-97.0182,29.7925],[-97.019,29.791],[-97.0187,29.7878],[-97.02,29.7855],[-97.0232,29.7836],[-97.0228,29.7798],[-97.0261,29.7764],[-97.0266,29.7714],[-97.0304,29.7697],[-97.0317,29.7674],[-97.0391,29.7657],[-97.0425,29.7626],[-97.0437,29.76],[-97.0431,29.7558],[-97.0443,29.7535],[-97.0442,29.7508],[-97.0502,29.7497],[-97.0579,29.7454],[-97.0578,29.7433],[-97.0593,29.7411],[-97.0594,29.7354],[-97.0606,29.7321],[-97.0655,29.7308],[-97.071,29.7271],[-97.0767,29.7212],[-97.0775,29.7169],[-97.0814,29.7161],[-97.0825,29.7107],[-97.0859,29.7094],[-97.0866,29.7069],[-97.0861,29.7055],[-97.0869,29.7042],[-97.0866,29.702],[-97.0881,29.6972],[-97.0934,29.6956],[-97.0952,29.6935],[-97.1002,29.6915],[-97.103,29.6877],[-97.1035,29.6845],[-97.1058,29.6821],[-97.1055,29.6788],[-97.1075,29.6776],[-97.1124,29.677],[-97.114,29.6693],[-97.1172,29.666],[-97.1177,29.6636],[-97.1204,29.6614],[-97.1231,29.6613],[-97.1219,29.6564],[-97.124,29.6516],[-97.1251,29.6506],[-97.1276,29.6512],[-97.1273,29.6421],[-97.125,29.6428],[-97.1151,29.6372],[-97.1117,29.6334],[-97.1088,29.6331],[-97.1072,29.6315],[-97.105,29.6317],[-97.1029,29.6289],[-97.1008,29.628],[-97.0988,29.6282],[-97.0969,29.6268],[-97.0941,29.626],[-97.0927,29.624],[-97.0873,29.6231],[-97.0864,29.6215],[-97.0869,29.6201],[-97.0846,29.616],[-97.0806,29.6154],[-97.0792,29.6139],[-97.0786,29.6108],[-97.0742,29.6131],[-97.0709,29.613],[-97.0672,29.612],[-97.0637,29.6081],[-97.0613,29.6071],[-97.0534,29.5981],[-97.0519,29.5974],[-97.0472,29.5969],[-97.044,29.5983],[-97.0421,29.6003],[-97.0407,29.6004],[-97.0365,29.5988],[-97.032,29.5954],[-97.0283,29.5956],[-97.0267,29.5951],[-97.024,29.5926],[-97.0211,29.5922],[-97.0174,29.5926],[-97.0142,29.5939],[-97.0118,29.593],[-97.009,29.5931],[-97.006,29.5914],[-97.0028,29.5913],[-96.9997,29.5874],[-96.9952,29.5861],[-96.9939,29.5834],[-96.9917,29.5821],[-96.9912,29.5829],[-96.9866,29.5835],[-96.9849,29.582],[-96.9845,29.5641],[-96.9777,29.5581],[-96.9721,29.5554],[-96.968,29.5508],[-96.9652,29.5426],[-96.9656,29.54],[-96.9643,29.5379],[-96.9653,29.5341],[-96.9647,29.5328],[-96.9619,29.5305],[-96.9575,29.5295],[-96.9555,29.5249],[-96.9505,29.5244],[-96.9459,29.5214],[-96.9442,29.5221],[-96.9378,29.5221],[-96.9341,29.5187],[-96.9328,29.5157],[-96.934,29.513],[-96.9331,29.5114],[-96.9259,29.5072],[-96.9252,29.5045],[-96.9223,29.5028],[-96.9188,29.5019],[-96.9181,29.4983],[-96.9195,29.4952],[-96.9168,29.4916],[-96.9134,29.4889],[-96.9147,29.4834],[-96.9097,29.4789],[-96.9093,29.474],[-96.9075,29.4701],[-96.9055,29.4683],[-96.9014,29.4676],[-96.8995,29.4644],[-96.8954,29.4633],[-96.8967,29.4609],[-96.8962,29.4589],[-96.8967,29.4545],[-96.8952,29.4533],[-96.8921,29.4533],[-96.8893,29.4524],[-96.8867,29.4479],[-96.8848,29.4473],[-96.8839,29.4462],[-96.8817,29.4459],[-96.873,29.4406],[-96.8731,29.4361],[-96.8704,29.4343],[-96.8704,29.431],[-96.8721,29.4281],[-96.8701,29.4241],[-96.8698,29.4205],[-96.8689,29.4198],[-96.8669,29.4197],[-96.8626,29.4165],[-96.8582,29.4148],[-96.8584,29.412],[-96.8552,29.4089],[-96.854,29.4057],[-96.8526,29.4047],[-96.8483,29.4043],[-96.8468,29.4005],[-96.8512,29.3931],[-96.8519,29.3913],[-96.8514,29.3903],[-96.8528,29.388],[-96.8518,29.3846],[-96.8519,29.377],[-96.8528,29.3753],[-96.8561,29.3733],[-96.8558,29.3714],[-96.8537,29.3698],[-96.8499,29.3629],[-96.8497,29.3587],[-96.8478,29.3548],[-96.8452,29.354],[-96.8411,29.3541],[-96.8427,29.3509],[-96.8429,29.3487],[-96.8371,29.342],[-96.8376,29.3388],[-96.8371,29.3381],[-96.8351,29.3379],[-96.8316,29.3352],[-96.8314,29.3327],[-96.8334,29.3276],[-96.8331,29.3225],[-96.8295,29.3201],[-96.8289,29.3151],[-96.8267,29.3115],[-96.8261,29.3081],[-96.8232,29.3063],[-96.8194,29.298],[-96.814,29.2973],[-96.8124,29.292],[-96.8106,29.291],[-96.8006,29.2798],[-96.7995,29.2761],[-96.8006,29.2739],[-96.8064,29.2706],[-96.8071,29.266],[-96.8081,29.2644],[-96.8131,29.2637],[-96.8132,29.2539],[-96.8155,29.2538],[-96.8147,29.2434],[-96.804,29.2355],[-96.8028,29.2339],[-96.8023,29.2254],[-96.8057,29.2207],[-96.8126,29.2157],[-96.8136,29.2112],[-96.824,29.2044],[-96.8236,29.2]]]}}
]
}
