{
"type": "FeatureCollection",
"name": "zipcodes",
"xy_coordinate_resolution": 1e-05,
"features": [
{"type":"Feature","properties":{"zipcode":"78615","city":"Coupland"},"geometry":{"type":"Polygon","coordinates":[[[-97.28971,30.53281],[-97.29295,30.53987],[-97.29427,30.54013],[-97.29728,30.53938],[-97.29899,30.53839],[-97.30268,30.53746],[-97.30316,30.53646],[-97.30359,30.53623],[-97.30647,30.53568],[-97.30769,30.53477],[-97.3092,30.53397],[-97.31027,30.53383],[-97.31165,30.53273],[-97.31328,30.53201],[-97.31522,30.53205],[-97.31641,30.53283],[-97.31773,30.53277],[-97.31889,30.5331],[-97.31958,30.53281],[-97.32047,30.5332],[-97.32181,30.53266],[-97.3233,30.53263],[-97.32365,30.53196],[-97.3265,30.53098],[-97.3268,30.53022],[-97.32782,30.52946],[-97.33011,30.52918],[-97.33279,30.52568],[-97.33348,30.52423],[-97.33328,30.52271],[-97.33474,30.52177],[-97.33567,30.52175],[-97.33841,30.51956],[-97.33556,30.51643],[-97.33218,30.51374],[-97.32958,30.51004],[-97.347,30.50463],[-97.35069,30.51357],[-97.34987,30.51375],[-97.34877,30.51347],[-97.34686,30.51421],[-97.34463,30.51443],[-97.34534,30.51622],[-97.34655,30.51862],[-97.35189,30.51646],[-97.35393,30.52134],[-97.36122,30.51891],[-97.36489,30.51712],[-97.36115,30.50827],[-97.36118,30.50784],[-97.38989,30.49895],[-97.38723,30.49229],[-97.38687,30.48958],[-97.38703,30.48719],[-97.3865,30.48728],[-97.38508,30.48852],[-97.38393,30.48901],[-97.3834,30.48827],[-97.38283,30.48834],[-97.38193,30.4879],[-97.38095,30.48687],[-97.37978,30.48696],[-97.37885,30.48818],[-97.37824,30.48574],[-97.38137,30.4702],[-97.3818,30.46977],[-97.38226,30.47008],[-97.38331,30.47014],[-97.38336,30.47105],[-97.38833,30.47226],[-97.38932,30.46108],[-97.38971,30.4596],[-97.38978,30.46338],[-97.39176,30.4633],[-97.39202,30.4617],[-97.39412,30.4618],[-97.39429,30.46076],[-97.39492,30.46055],[-97.40326,30.47148],[-97.40405,30.47308],[-97.4044,30.47475],[-97.41275,30.473],[-97.42297,30.47416],[-97.42676,30.4758],[-97.42912,30.47642],[-97.43213,30.47668],[-97.43571,30.47632],[-97.43816,30.47636],[-97.43886,30.47812],[-97.43948,30.47374],[-97.43799,30.47212],[-97.43636,30.47163],[-97.43635,30.47038],[-97.43574,30.46952],[-97.43757,30.45968],[-97.43867,30.45959],[-97.44152,30.45426],[-97.44408,30.45484],[-97.4454,30.45583],[-97.44553,30.45798],[-97.4459,30.45905],[-97.44564,30.46141],[-97.44594,30.46171],[-97.4486,30.46246],[-97.45165,30.46214],[-97.45295,30.46161],[-97.4572,30.46215],[-97.45749,30.45907],[-97.46137,30.45758],[-97.46379,30.45955],[-97.46506,30.46014],[-97.46696,30.46412],[-97.46732,30.4643],[-97.4662,30.46632],[-97.46343,30.46937],[-97.4638,30.46963],[-97.46428,30.46956],[-97.46473,30.46847],[-97.46714,30.46832],[-97.46681,30.46929],[-97.46599,30.47005],[-97.46475,30.47051],[-97.46473,30.47085],[-97.46514,30.4711],[-97.46607,30.47096],[-97.46679,30.47123],[-97.46698,30.4699],[-97.46827,30.46954],[-97.46893,30.46977],[-97.46954,30.47057],[-97.46967,30.4716],[-97.47058,30.47188],[-97.47116,30.47264],[-97.47235,30.47274],[-97.4738,30.47206],[-97.47433,30.47125],[-97.47508,30.47088],[-97.47573,30.47073],[-97.47643,30.47095],[-97.47679,30.47152],[-97.47801,30.47219],[-97.47772,30.47355],[-97.47696,30.47415],[-97.47824,30.47529],[-97.47883,30.47543],[-97.47948,30.47457],[-97.48129,30.47476],[-97.48214,30.47532],[-97.48227,30.47605],[-97.48162,30.47647],[-97.48178,30.47769],[-97.4813,30.47844],[-97.48235,30.47942],[-97.48386,30.47933],[-97.48413,30.47825],[-97.48453,30.47809],[-97.48534,30.47159],[-97.48903,30.47407],[-97.49064,30.47451],[-97.49047,30.47466],[-97.49362,30.47503],[-97.49367,30.47536],[-97.49983,30.47708],[-97.50147,30.47731],[-97.50431,30.46286],[-97.50505,30.46238],[-97.50759,30.4627],[-97.50818,30.46252],[-97.50914,30.45819],[-97.50955,30.45767],[-97.51279,30.45799],[-97.51354,30.45768],[-97.51558,30.44693],[-97.51752,30.44375],[-97.51694,30.44375],[-97.50729,30.43928],[-97.50666,30.43961],[-97.50544,30.44148],[-97.50478,30.4416],[-97.49504,30.43692],[-97.49498,30.43661],[-97.49632,30.43449],[-97.49596,30.43388],[-97.49431,30.43489],[-97.48983,30.43274],[-97.48835,30.43247],[-97.48641,30.43097],[-97.48608,30.43104],[-97.48614,30.43074],[-97.48546,30.43056],[-97.4855,30.42987],[-97.48467,30.4298],[-97.48531,30.42888],[-97.4848,30.42814],[-97.48328,30.42807],[-97.48267,30.42745],[-97.48315,30.42696],[-97.48441,30.42642],[-97.48448,30.42615],[-97.4838,30.42426],[-97.4826,30.42429],[-97.48177,30.42369],[-97.48316,30.42224],[-97.48288,30.42017],[-97.48251,30.41974],[-97.4831,30.41855],[-97.48242,30.41777],[-97.48125,30.42012],[-97.4807,30.4205],[-97.47973,30.42035],[-97.47591,30.41855],[-97.4739,30.42168],[-97.4603,30.41525],[-97.45219,30.42794],[-97.44642,30.42517],[-97.44758,30.42376],[-97.44744,30.42266],[-97.44815,30.42205],[-97.44857,30.42201],[-97.45072,30.41822],[-97.45088,30.41645],[-97.45222,30.41406],[-97.41946,30.4147],[-97.41823,30.4163],[-97.41473,30.41484],[-97.41408,30.415],[-97.41199,30.41694],[-97.41053,30.41708],[-97.41007,30.41695],[-97.40993,30.41654],[-97.40323,30.42705],[-97.38841,30.42002],[-97.39711,30.40654],[-97.38224,30.39949],[-97.36979,30.41936],[-97.37277,30.42089],[-97.37354,30.42298],[-97.36354,30.4261],[-97.36445,30.42825],[-97.35032,30.43264],[-97.35612,30.4467],[-97.35622,30.44925],[-97.36123,30.46133],[-97.36274,30.46565],[-97.33719,30.47365],[-97.3362,30.47416],[-97.33582,30.47476],[-97.33448,30.47444],[-97.32711,30.45756],[-97.32733,30.45719],[-97.32892,30.45671],[-97.32773,30.45481],[-97.32587,30.45357],[-97.32293,30.44719],[-97.3216,30.44304],[-97.30094,30.44956],[-97.29581,30.45143],[-97.30007,30.46145],[-97.30717,30.45924],[-97.30751,30.45937],[-97.31714,30.48271],[-97.29915,30.48838],[-97.29894,30.48864],[-97.29929,30.48941],[-97.29912,30.48953],[-97.28547,30.49391],[-97.28409,30.49104],[-97.2815,30.4879],[-97.27469,30.4717],[-97.25148,30.47938],[-97.25066,30.48099],[-97.25,30.4814],[-97.25516,30.48287],[-97.262,30.48654],[-97.26345,30.48803],[-97.26605,30.49406],[-97.27209,30.49241],[-97.28091,30.51334],[-97.28692,30.52542],[-97.28922,30.5309],[-97.28971,30.53281]]]}},
{"type":"Feature","properties":{"zipcode":"78616","city":"Dale"},"geometry":{"type":"Polygon","coordinates":[[[-97.62291,30.07214],[-97.62379,30.07286],[-97.62451,30.07383],[-97.62423,30.07543],[-97.63357,30.08314],[-97.63872,30.07869],[-97.64944,30.06787],[-97.65282,30.0709],[-97.6579,30.06812],[-97.66309,30.06343],[-97.66934,30.05716],[-97.67626,30.0527],[-97.67466,30.05085],[-97.67393,30.05061],[-97.6713,30.04836],[-97.6731,30.04668],[-97.6728,30.04579],[-97.6731,30.04505],[-97.67511,30.04322],[-97.67425,30.04163],[-97.67137,30.0397],[-97.67026,30.03949],[-97.66941,30.04015],[-97.66765,30.04086],[-97.66634,30.04056],[-97.66573,30.04133],[-97.66566,30.04229],[-97.66431,30.04252],[-97.66361,30.04162],[-97.66368,30.04078],[-97.66336,30.03997],[-97.66382,30.03927],[-97.66385,30.03829],[-97.6681,30.03418],[-97.66872,30.03283],[-97.67243,30.03116],[-97.67302,30.03127],[-97.67329,30.03107],[-97.67254,30.03096],[-97.67446,30.03058],[-97.65778,30.01621],[-97.66578,30.00904],[-97.6634,30.00678],[-97.67038,30.00039],[-97.67078,30.00049],[-97.68335,30.01105],[-97.68381,30.01087],[-97.6862,30.00446],[-97.66555,29.9869],[-97.66458,29.98775],[-97.66464,30.00023],[-97.66228,30.00105],[-97.66062,30.00054],[-97.65879,30.00222],[-97.65678,30.00056],[-97.65642,30.00058],[-97.6565,30.00091],[-97.65513,30.0005],[-97.65452,30.00064],[-97.65347,29.99837],[-97.64588,29.99196],[-97.64711,29.99078],[-97.64457,29.98812],[-97.6453,29.98717],[-97.64533,29.9855],[-97.64465,29.98498],[-97.64342,29.98508],[-97.64316,29.98482],[-97.64373,29.98314],[-97.64312,29.98165],[-97.64365,29.97985],[-97.64588,29.97759],[-97.64575,29.97736],[-97.64484,29.97718],[-97.64455,29.97673],[-97.64747,29.97546],[-97.64719,29.97503],[-97.64761,29.97442],[-97.64758,29.9739],[-97.64625,29.97297],[-97.64727,29.97136],[-97.64648,29.97068],[-97.64473,29.97255],[-97.64488,29.97323],[-97.64585,29.97406],[-97.64385,29.97631],[-97.64283,29.9768],[-97.64161,29.97641],[-97.63912,29.97859],[-97.63873,29.97969],[-97.63779,29.97983],[-97.63585,29.98125],[-97.63433,29.98142],[-97.63348,29.98308],[-97.62993,29.98305],[-97.63031,29.98424],[-97.63023,29.98646],[-97.62761,29.98958],[-97.62509,29.9905],[-97.62169,29.98944],[-97.62104,29.98978],[-97.61851,29.98951],[-97.6177,29.99011],[-97.61631,29.9906],[-97.61589,29.99028],[-97.61519,29.98933],[-97.61508,29.98864],[-97.61349,29.98817],[-97.61327,29.98736],[-97.61243,29.98709],[-97.61271,29.98549],[-97.61196,29.9838],[-97.61152,29.9837],[-97.60983,29.98437],[-97.60788,29.98092],[-97.60688,29.97996],[-97.60713,29.97881],[-97.60651,29.97775],[-97.60656,29.97701],[-97.60826,29.97646],[-97.60986,29.97489],[-97.61015,29.9732],[-97.61203,29.97126],[-97.6131,29.97101],[-97.61283,29.97022],[-97.61306,29.96939],[-97.61371,29.96939],[-97.6142,29.96882],[-97.61372,29.96798],[-97.61414,29.96739],[-97.61383,29.9659],[-97.61301,29.96557],[-97.61283,29.96519],[-97.61297,29.96464],[-97.61371,29.96424],[-97.61393,29.96371],[-97.61251,29.96294],[-97.61163,29.96191],[-97.61284,29.96069],[-97.61317,29.95985],[-97.6131,29.95811],[-97.61276,29.95763],[-97.60998,29.95621],[-97.61077,29.95526],[-97.60615,29.95137],[-97.60455,29.95268],[-97.60006,29.94897],[-97.60105,29.94611],[-97.60044,29.94565],[-97.60108,29.94398],[-97.59653,29.94091],[-97.59619,29.94028],[-97.59089,29.93578],[-97.59355,29.93154],[-97.5955,29.93323],[-97.59893,29.93048],[-97.59236,29.92497],[-97.59167,29.92403],[-97.58878,29.92191],[-97.58971,29.9169],[-97.5964,29.91593],[-97.59657,29.91519],[-97.60087,29.91451],[-97.60011,29.91049],[-97.60211,29.91014],[-97.60231,29.9099],[-97.60162,29.90616],[-97.60086,29.9062],[-97.59787,29.90382],[-97.59389,29.90411],[-97.5917,29.90134],[-97.5924,29.89915],[-97.59131,29.89809],[-97.59188,29.89627],[-97.59171,29.89581],[-97.591,29.89586],[-97.5904,29.89555],[-97.58857,29.89346],[-97.56722,29.9033],[-97.53901,29.87898],[-97.53868,29.8788],[-97.53831,29.87925],[-97.53805,29.87918],[-97.53654,29.8801],[-97.53642,29.88055],[-97.53602,29.88076],[-97.5356,29.88003],[-97.53387,29.87862],[-97.53182,29.87873],[-97.53134,29.87815],[-97.52963,29.87855],[-97.52844,29.87823],[-97.52596,29.8784],[-97.52523,29.87747],[-97.52328,29.87601],[-97.52237,29.87582],[-97.52067,29.87601],[-97.52075,29.875],[-97.52311,29.8709],[-97.51982,29.86868],[-97.51968,29.86803],[-97.51666,29.86544],[-97.51834,29.86003],[-97.52329,29.85549],[-97.52396,29.85551],[-97.52394,29.85492],[-97.52497,29.85403],[-97.53778,29.83856],[-97.5623,29.81013],[-97.56193,29.79866],[-97.56254,29.79762],[-97.56302,29.79552],[-97.56183,29.79309],[-97.56158,29.77902],[-97.57299,29.77898],[-97.57405,29.77774],[-97.5757,29.77649],[-97.57685,29.77433],[-97.57882,29.7735],[-97.57925,29.77236],[-97.57894,29.77157],[-97.57944,29.7698],[-97.57895,29.77003],[-97.57716,29.76989],[-97.5725,29.77022],[-97.57112,29.76804],[-97.57075,29.75625],[-97.56805,29.757],[-97.56302,29.75709],[-97.56081,29.75831],[-97.55891,29.75894],[-97.55856,29.75969],[-97.5569,29.75977],[-97.55681,29.75294],[-97.5493,29.75306],[-97.54819,29.7528],[-97.54589,29.75441],[-97.5431,29.75419],[-97.5392,29.75458],[-97.53948,29.76194],[-97.55046,29.76174],[-97.55401,29.76444],[-97.557,29.76443],[-97.55709,29.76664],[-97.55666,29.76668],[-97.55551,29.76597],[-97.55428,29.76605],[-97.55419,29.76669],[-97.55271,29.76625],[-97.5511,29.76646],[-97.5505,29.76604],[-97.55015,29.76611],[-97.54976,29.76675],[-97.54974,29.76879],[-97.54868,29.77034],[-97.54768,29.77043],[-97.54607,29.76906],[-97.54477,29.76895],[-97.54414,29.76945],[-97.54373,29.77118],[-97.54227,29.7737],[-97.54075,29.77446],[-97.53923,29.77456],[-97.53694,29.77396],[-97.53606,29.77344],[-97.5352,29.77251],[-97.53467,29.77126],[-97.52797,29.77091],[-97.52802,29.77018],[-97.51658,29.7712],[-97.51647,29.77017],[-97.51821,29.76901],[-97.52034,29.76617],[-97.52062,29.76468],[-97.52031,29.76258],[-97.51718,29.76267],[-97.51792,29.76218],[-97.51791,29.7606],[-97.4963,29.76083],[-97.49629,29.75867],[-97.49321,29.75629],[-97.49246,29.75523],[-97.48598,29.75541],[-97.48545,29.7552],[-97.48517,29.75552],[-97.4797,29.75559],[-97.47917,29.76241],[-97.47802,29.7622],[-97.47585,29.76243],[-97.47631,29.76661],[-97.47821,29.76942],[-97.47672,29.77216],[-97.47748,29.7803],[-97.47793,29.78236],[-97.47917,29.78251],[-97.48111,29.78419],[-97.48181,29.78541],[-97.48243,29.78533],[-97.48342,29.78572],[-97.48368,29.78818],[-97.48836,29.79595],[-97.47851,29.79745],[-97.47851,29.79368],[-97.4661,29.79353],[-97.46579,29.7977],[-97.46091,29.79499],[-97.45523,29.79486],[-97.45428,29.79404],[-97.45425,29.79507],[-97.45377,29.79633],[-97.45409,29.79738],[-97.45688,29.80086],[-97.45649,29.80151],[-97.4559,29.80414],[-97.4563,29.80442],[-97.45642,29.80505],[-97.45685,29.80527],[-97.45697,29.80611],[-97.45733,29.80644],[-97.459,29.80572],[-97.45888,29.80773],[-97.45802,29.80831],[-97.45692,29.80831],[-97.45474,29.80751],[-97.45292,29.80597],[-97.45224,29.80712],[-97.45186,29.80853],[-97.45136,29.81328],[-97.45156,29.81448],[-97.45026,29.81677],[-97.45023,29.81785],[-97.44654,29.81498],[-97.44602,29.8168],[-97.44592,29.81986],[-97.44505,29.82247],[-97.4446,29.82301],[-97.44598,29.82443],[-97.44643,29.82578],[-97.44674,29.82732],[-97.44654,29.82823],[-97.44591,29.82868],[-97.44578,29.82911],[-97.44661,29.82973],[-97.44768,29.83156],[-97.44749,29.83312],[-97.44785,29.83414],[-97.44878,29.83543],[-97.44832,29.83653],[-97.44916,29.83807],[-97.44624,29.83972],[-97.44478,29.84228],[-97.44485,29.84384],[-97.44273,29.84368],[-97.4422,29.84496],[-97.44302,29.84761],[-97.44333,29.84771],[-97.46059,29.85076],[-97.46214,29.85129],[-97.46079,29.85334],[-97.45971,29.85421],[-97.44891,29.87104],[-97.45429,29.87404],[-97.4538,29.8747],[-97.47284,29.88376],[-97.475,29.88484],[-97.47529,29.88523],[-97.47996,29.87761],[-97.48505,29.87992],[-97.48536,29.87983],[-97.48739,29.87349],[-97.49002,29.86974],[-97.49058,29.86936],[-97.50969,29.87882],[-97.4991,29.89509],[-97.49755,29.89846],[-97.49177,29.9075],[-97.49017,29.90986],[-97.48781,29.9125],[-97.48004,29.92482],[-97.49031,29.93344],[-97.50461,29.9238],[-97.50772,29.92553],[-97.50867,29.92554],[-97.51044,29.92488],[-97.51112,29.92489],[-97.51196,29.92555],[-97.51165,29.92588],[-97.51189,29.92692],[-97.51223,29.92718],[-97.51172,29.92795],[-97.51392,29.92977],[-97.51225,29.92998],[-97.51179,29.93108],[-97.51217,29.93168],[-97.51173,29.9322],[-97.51156,29.93337],[-97.50976,29.93417],[-97.50938,29.93509],[-97.50841,29.93554],[-97.50743,29.93749],[-97.50752,29.93808],[-97.50642,29.93907],[-97.50525,29.9396],[-97.50492,29.94081],[-97.50735,29.93976],[-97.50894,29.94099],[-97.51683,29.94053],[-97.51819,29.93845],[-97.5282,29.94179],[-97.52938,29.94558],[-97.52946,29.94951],[-97.52698,29.95068],[-97.52659,29.95149],[-97.52667,29.95214],[-97.52759,29.95234],[-97.528,29.95188],[-97.52892,29.95168],[-97.52906,29.95234],[-97.52874,29.95369],[-97.52742,29.95452],[-97.52558,29.95452],[-97.52344,29.95508],[-97.52365,29.95574],[-97.52347,29.95618],[-97.52301,29.95637],[-97.52244,29.95616],[-97.52143,29.9576],[-97.52094,29.95912],[-97.54043,29.9758],[-97.5329,29.98248],[-97.52715,29.99072],[-97.51483,30.00169],[-97.52515,30.01057],[-97.52542,30.00931],[-97.5281,30.01184],[-97.53214,30.01234],[-97.53179,30.01013],[-97.53215,30.00833],[-97.5328,30.00696],[-97.54147,29.99777],[-97.54238,29.99841],[-97.54525,29.99538],[-97.54605,29.99598],[-97.55209,30.00324],[-97.55261,30.00468],[-97.55713,30.01161],[-97.55957,30.01373],[-97.55938,30.01507],[-97.56184,30.01575],[-97.56542,30.01956],[-97.55961,30.02484],[-97.55568,30.02998],[-97.555,30.03012],[-97.55411,30.02967],[-97.55376,30.03011],[-97.55316,30.03136],[-97.55331,30.03194],[-97.55135,30.03393],[-97.55257,30.03697],[-97.55158,30.03748],[-97.55125,30.038],[-97.5501,30.03821],[-97.54854,30.03764],[-97.54776,30.03684],[-97.54504,30.0362],[-97.5437,30.03638],[-97.54217,30.03721],[-97.54112,30.03608],[-97.54046,30.04093],[-97.54052,30.04239],[-97.54092,30.04382],[-97.54199,30.04571],[-97.54317,30.04693],[-97.54591,30.04444],[-97.54838,30.04649],[-97.54859,30.04667],[-97.54576,30.04912],[-97.5852,30.08244],[-97.61832,30.07868],[-97.62055,30.07499],[-97.62291,30.07214]]]}},
{"type":"Feature","properties":{"zipcode":"78617","city":"Del Valle"},"geometry":{"type":"Polygon","coordinates":[[[-97.6499,30.23542],[-97.64988,30.23573],[-97.65148,30.23531],[-97.65261,30.23467],[-97.6558,30.23071],[-97.65793,30.22906],[-97.66031,30.22866],[-97.66163,30.22533],[-97.66367,30.227],[-97.66353,30.22778],[-97.66436,30.22842],[-97.66547,30.22789],[-97.66603,30.22802],[-97.66748,30.22703],[-97.67099,30.22995],[-97.6746,30.22668],[-97.67399,30.22618],[-97.67366,30.22678],[-97.67128,30.22529],[-97.6724,30.22449],[-97.66935,30.22178],[-97.67125,30.22138],[-97.67231,30.22032],[-97.65262,30.20973],[-97.65368,30.20818],[-97.65379,30.2076],[-97.65162,30.20506],[-97.65121,30.20221],[-97.65234,30.20086],[-97.65353,30.20059],[-97.65453,30.20074],[-97.65503,30.19901],[-97.65301,30.19715],[-97.65157,30.19846],[-97.64663,30.19433],[-97.64722,30.19412],[-97.64798,30.19308],[-97.64784,30.19257],[-97.64972,30.18881],[-97.65149,30.187],[-97.65459,30.18475],[-97.65513,30.18478],[-97.65603,30.18432],[-97.65706,30.18444],[-97.65817,30.18402],[-97.65969,30.18564],[-97.65972,30.18685],[-97.66009,30.18662],[-97.66135,30.18703],[-97.66407,30.18437],[-97.67054,30.17315],[-97.66362,30.17036],[-97.66378,30.16789],[-97.6606,30.16629],[-97.66848,30.15424],[-97.66937,30.15338],[-97.67054,30.15288],[-97.6706,30.15148],[-97.67325,30.14669],[-97.67334,30.14538],[-97.67292,30.14459],[-97.67203,30.14392],[-97.64463,30.13079],[-97.6436,30.12984],[-97.64123,30.12622],[-97.64955,30.1135],[-97.65063,30.11038],[-97.6565,30.10111],[-97.65668,30.10056],[-97.65618,30.09979],[-97.6562,30.09923],[-97.65981,30.09588],[-97.65989,30.09495],[-97.64063,30.07891],[-97.63987,30.07959],[-97.63872,30.07869],[-97.63357,30.08314],[-97.62423,30.07543],[-97.62451,30.07383],[-97.62291,30.07214],[-97.62055,30.07499],[-97.61832,30.07868],[-97.5852,30.08244],[-97.57256,30.07167],[-97.56595,30.07472],[-97.57199,30.07981],[-97.57197,30.08033],[-97.57115,30.08112],[-97.57043,30.08248],[-97.57009,30.0819],[-97.56728,30.08272],[-97.56584,30.08373],[-97.56493,30.08366],[-97.56309,30.08418],[-97.56162,30.0841],[-97.56004,30.08478],[-97.55725,30.08349],[-97.55703,30.0844],[-97.55584,30.08551],[-97.55516,30.08833],[-97.55839,30.10066],[-97.55939,30.10093],[-97.55974,30.10179],[-97.55978,30.10549],[-97.55896,30.10639],[-97.55899,30.10737],[-97.55754,30.10958],[-97.55542,30.1094],[-97.5544,30.11098],[-97.5548,30.11234],[-97.55309,30.11473],[-97.55251,30.11522],[-97.55134,30.11527],[-97.55016,30.1149],[-97.55004,30.12829],[-97.55443,30.13606],[-97.56046,30.13838],[-97.56545,30.13954],[-97.56674,30.14022],[-97.56793,30.14138],[-97.5659,30.14334],[-97.55558,30.15978],[-97.54731,30.17222],[-97.54603,30.1744],[-97.54548,30.17605],[-97.54126,30.1826],[-97.53565,30.17963],[-97.53552,30.17926],[-97.53534,30.17946],[-97.52949,30.17633],[-97.52121,30.18383],[-97.5164,30.19189],[-97.51929,30.19395],[-97.52031,30.19757],[-97.52081,30.19792],[-97.52267,30.19792],[-97.5237,30.19841],[-97.5257,30.2004],[-97.52663,30.20198],[-97.52874,30.20332],[-97.52916,30.20421],[-97.52849,30.20546],[-97.52681,30.20665],[-97.52339,30.20732],[-97.52059,30.20715],[-97.51937,30.2066],[-97.51897,30.20596],[-97.51687,30.20589],[-97.51468,30.20705],[-97.51506,30.20902],[-97.51386,30.2099],[-97.51385,30.21032],[-97.51354,30.20998],[-97.51318,30.21014],[-97.51562,30.21758],[-97.51638,30.22138],[-97.51657,30.226],[-97.51743,30.2285],[-97.51862,30.22931],[-97.51991,30.22944],[-97.52111,30.22931],[-97.52269,30.22856],[-97.52325,30.22766],[-97.52304,30.22337],[-97.52339,30.22196],[-97.52428,30.22083],[-97.52707,30.21888],[-97.5283,30.21853],[-97.5296,30.21878],[-97.53156,30.21963],[-97.53628,30.22078],[-97.53753,30.2217],[-97.53798,30.22442],[-97.5385,30.2255],[-97.53929,30.22608],[-97.54036,30.22607],[-97.54132,30.22571],[-97.54259,30.22318],[-97.54289,30.22193],[-97.54204,30.22046],[-97.54233,30.21979],[-97.543,30.21926],[-97.54399,30.21912],[-97.54749,30.21707],[-97.54882,30.21593],[-97.55012,30.21408],[-97.55474,30.20902],[-97.55672,30.20775],[-97.55754,30.20752],[-97.56004,30.20769],[-97.56156,30.20817],[-97.5625,30.20892],[-97.56271,30.21017],[-97.5631,30.2107],[-97.56542,30.21216],[-97.57127,30.21333],[-97.57433,30.21421],[-97.57691,30.21427],[-97.57874,30.21383],[-97.58126,30.21182],[-97.58205,30.20952],[-97.58243,30.20953],[-97.58479,30.20736],[-97.58872,30.20606],[-97.59306,30.20683],[-97.59431,30.20742],[-97.59507,30.20831],[-97.59444,30.21309],[-97.59482,30.2157],[-97.59564,30.21759],[-97.59568,30.22003],[-97.5954,30.22101],[-97.59345,30.22196],[-97.59259,30.22276],[-97.59216,30.22491],[-97.59237,30.22629],[-97.59347,30.22771],[-97.59645,30.22863],[-97.59828,30.22775],[-97.60224,30.22723],[-97.60336,30.22659],[-97.60371,30.22616],[-97.60509,30.21866],[-97.60676,30.21614],[-97.60676,30.21563],[-97.60741,30.21504],[-97.60861,30.21506],[-97.60973,30.21585],[-97.61037,30.21575],[-97.61169,30.21519],[-97.61262,30.21422],[-97.61576,30.21341],[-97.61952,30.21105],[-97.62043,30.21064],[-97.62199,30.21043],[-97.62227,30.2098],[-97.62256,30.21041],[-97.62762,30.20952],[-97.63177,30.20769],[-97.63431,30.20718],[-97.63993,30.20838],[-97.64665,30.21095],[-97.6498,30.21326],[-97.6571,30.22193],[-97.65871,30.2262],[-97.65838,30.22787],[-97.6577,30.22891],[-97.65544,30.23066],[-97.65356,30.23287],[-97.65134,30.2341],[-97.6499,30.23542]]]}},
{"type":"Feature","properties":{"zipcode":"78618","city":"Doss"},"geometry":{"type":"Polygon","coordinates":[[[-99.23677,30.49877],[-99.2686,30.4995],[-99.26665,30.49707],[-99.26336,30.49503],[-99.26011,30.49457],[-99.2567,30.49452],[-99.25495,30.49521],[-99.24842,30.49619],[-99.24831,30.495],[-99.24717,30.49154],[-99.24734,30.4705],[-99.25152,30.46678],[-99.25142,30.46071],[-99.25074,30.45956],[-99.25074,30.4591],[-99.25148,30.45805],[-99.25134,30.45734],[-99.24997,30.4564],[-99.24994,30.45603],[-99.24852,30.45615],[-99.24783,30.45558],[-99.24756,30.44762],[-99.24725,30.44696],[-99.24492,30.44517],[-99.24471,30.44467],[-99.24473,30.44373],[-99.24566,30.44226],[-99.24571,30.44118],[-99.24187,30.44105],[-99.24108,30.43811],[-99.23915,30.43672],[-99.23787,30.43424],[-99.23576,30.43234],[-99.23528,30.43133],[-99.23319,30.42892],[-99.23094,30.42746],[-99.22547,30.42643],[-99.22269,30.42425],[-99.22163,30.42237],[-99.21884,30.41934],[-99.20007,30.41984],[-99.19983,30.4101],[-99.19914,30.40958],[-99.19826,30.40969],[-99.19739,30.41072],[-99.19563,30.41165],[-99.19497,30.41175],[-99.19414,30.41145],[-99.19365,30.41034],[-99.19298,30.40989],[-99.19297,30.40937],[-99.19232,30.40898],[-99.19067,30.40955],[-99.18986,30.40932],[-99.18749,30.41056],[-99.18379,30.41117],[-99.18249,30.41171],[-99.18031,30.41404],[-99.17543,30.41706],[-99.16878,30.42268],[-99.16457,30.42916],[-99.16352,30.43008],[-99.16214,30.43064],[-99.155,30.43053],[-99.15511,30.4287],[-99.15652,30.42691],[-99.15599,30.42546],[-99.15528,30.42494],[-99.15585,30.42059],[-99.15646,30.41946],[-99.15614,30.41761],[-99.15667,30.41662],[-99.15802,30.41589],[-99.15823,30.41538],[-99.1581,30.41392],[-99.15667,30.41192],[-99.15572,30.40876],[-99.15565,30.40335],[-99.15581,30.40303],[-99.15691,30.40254],[-99.1571,30.40191],[-99.15686,30.39993],[-99.15382,30.39782],[-99.15316,30.39663],[-99.15147,30.39654],[-99.14999,30.39482],[-99.14978,30.39397],[-99.14856,30.39404],[-99.14558,30.39342],[-99.14285,30.39324],[-99.13987,30.39344],[-99.13831,30.3923],[-99.13677,30.39202],[-99.13434,30.39094],[-99.12459,30.39602],[-99.12131,30.39974],[-99.12071,30.4029],[-99.11973,30.40474],[-99.11878,30.40772],[-99.11876,30.40859],[-99.11947,30.40962],[-99.12053,30.41327],[-99.12196,30.41551],[-99.1221,30.42129],[-99.12286,30.42337],[-99.12342,30.42642],[-99.12449,30.42808],[-99.1228,30.4279],[-99.12149,30.42881],[-99.1081,30.42542],[-99.10641,30.4258],[-99.10613,30.42711],[-99.10578,30.42731],[-99.1052,30.42733],[-99.10351,30.42655],[-99.1035,30.42808],[-99.10255,30.42849],[-99.10295,30.43],[-99.09941,30.43369],[-99.0979,30.43441],[-99.0979,30.43554],[-99.09708,30.43485],[-99.0968,30.4334],[-99.09535,30.43321],[-99.09383,30.43028],[-99.09335,30.4278],[-99.09356,30.42746],[-99.09414,30.4273],[-99.09419,30.42654],[-99.09348,30.42421],[-99.09253,30.42297],[-99.09262,30.42256],[-99.09343,30.42211],[-99.09357,30.42177],[-99.09368,30.42075],[-99.09308,30.42001],[-99.09366,30.41983],[-99.09366,30.41958],[-99.0932,30.41883],[-99.09263,30.41882],[-99.09241,30.41857],[-99.09211,30.41759],[-99.09245,30.41641],[-99.09144,30.41355],[-99.09057,30.41284],[-99.08969,30.4113],[-99.08863,30.41016],[-99.08863,30.40949],[-99.08943,30.4078],[-99.08951,30.40477],[-99.08829,30.40296],[-99.08834,30.40253],[-99.08673,30.40152],[-99.08231,30.40149],[-99.08049,30.39753],[-99.08001,30.39677],[-99.07853,30.3956],[-99.07821,30.394],[-99.07652,30.39152],[-99.07493,30.39164],[-99.07512,30.39407],[-99.07578,30.39489],[-99.07562,30.39625],[-99.07591,30.39755],[-99.07552,30.39836],[-99.0747,30.39847],[-99.07338,30.3995],[-99.07197,30.39994],[-99.07086,30.40108],[-99.06944,30.40122],[-99.06843,30.40085],[-99.06687,30.40079],[-99.06468,30.40287],[-99.06155,30.40358],[-99.06087,30.40415],[-99.06029,30.40523],[-99.05984,30.40764],[-99.05923,30.40901],[-99.05785,30.40972],[-99.056,30.41229],[-99.05336,30.41445],[-99.05211,30.41484],[-99.04809,30.41694],[-99.04801,30.41894],[-99.04764,30.41967],[-99.04645,30.42066],[-99.04582,30.42222],[-99.04579,30.42345],[-99.04632,30.42558],[-99.04619,30.42639],[-99.04484,30.42749],[-99.0441,30.42971],[-99.04164,30.429],[-99.04084,30.4281],[-99.0396,30.42755],[-99.03754,30.42572],[-99.03704,30.42494],[-99.0355,30.42391],[-99.034,30.42347],[-99.03212,30.42398],[-99.03103,30.42373],[-99.02939,30.42217],[-99.02672,30.42184],[-99.02567,30.42198],[-99.02466,30.4209],[-99.0227,30.41951],[-99.02215,30.41813],[-99.02154,30.41772],[-99.0212,30.41685],[-99.02041,30.41614],[-99.01818,30.41536],[-99.01707,30.41444],[-99.01684,30.41251],[-99.01546,30.41189],[-99.01459,30.41017],[-99.01456,30.40974],[-99.0153,30.40912],[-99.0153,30.40868],[-99.01411,30.40841],[-99.01295,30.40761],[-99.01359,30.40582],[-99.01367,30.40359],[-99.01319,30.40263],[-99.01261,30.39995],[-99.01436,30.39704],[-99.016,30.39642],[-99.01716,30.39429],[-99.01838,30.39363],[-99.01851,30.39216],[-99.02041,30.39131],[-99.02047,30.38774],[-99.0201,30.38634],[-99.01629,30.38622],[-99.01428,30.38512],[-99.00839,30.38549],[-99.00617,30.38532],[-99.00337,30.38356],[-99.00035,30.38298],[-98.99847,30.38202],[-98.99635,30.38168],[-98.99572,30.38108],[-98.99408,30.37808],[-98.99244,30.37753],[-98.9894,30.37517],[-98.98829,30.37578],[-98.98594,30.37595],[-98.98328,30.37759],[-98.98162,30.37797],[-98.98142,30.38031],[-98.98204,30.38242],[-98.98212,30.38431],[-98.98262,30.38636],[-98.98248,30.38854],[-98.97885,30.39031],[-98.97318,30.39141],[-98.97236,30.39097],[-98.97154,30.38991],[-98.97011,30.38943],[-98.96573,30.39202],[-98.96572,30.39411],[-98.96752,30.39592],[-98.96844,30.39749],[-98.97526,30.39757],[-98.97692,30.39801],[-98.97984,30.39809],[-98.98256,30.39983],[-98.98344,30.40104],[-98.98644,30.40884],[-98.99018,30.41205],[-98.99365,30.4175],[-98.99857,30.42186],[-99.00196,30.42413],[-99.00524,30.42929],[-99.00682,30.43107],[-99.00835,30.43171],[-99.01379,30.4329],[-99.02296,30.43454],[-99.02569,30.4361],[-99.02686,30.43646],[-99.03632,30.43664],[-99.03765,30.43741],[-99.03963,30.43949],[-99.04471,30.43954],[-99.04454,30.44074],[-99.04397,30.44191],[-99.04298,30.44303],[-99.0427,30.44409],[-99.04339,30.44503],[-99.04376,30.44642],[-99.04518,30.44713],[-99.04629,30.44809],[-99.05031,30.44804],[-99.05097,30.44544],[-99.0673,30.44562],[-99.06892,30.44624],[-99.0767,30.44763],[-99.07881,30.44741],[-99.08083,30.44664],[-99.0859,30.44602],[-99.08888,30.44625],[-99.09163,30.44446],[-99.09845,30.4445],[-99.09862,30.44572],[-99.09823,30.44688],[-99.09754,30.44776],[-99.09732,30.44963],[-99.09845,30.45212],[-99.09802,30.45137],[-99.09731,30.45121],[-99.0961,30.45147],[-99.09857,30.45415],[-99.10096,30.45565],[-99.1009,30.45632],[-99.10145,30.45794],[-99.10156,30.46141],[-99.10212,30.46271],[-99.10101,30.46503],[-99.09942,30.46652],[-99.09799,30.47074],[-99.09693,30.4722],[-99.09691,30.47287],[-99.09572,30.47537],[-99.09519,30.47715],[-99.09654,30.47887],[-99.08945,30.48378],[-99.08625,30.48665],[-99.0858,30.48768],[-99.08453,30.49146],[-99.08456,30.49258],[-99.08703,30.49854],[-99.12545,30.49879],[-99.23677,30.49877]]]}},
{"type":"Feature","properties":{"zipcode":"78619","city":"Driftwood"},"geometry":{"type":"Polygon","coordinates":[[[-98.07079,30.16646],[-98.07034,30.16691],[-98.07113,30.16742],[-98.07557,30.1675],[-98.07612,30.16852],[-98.07715,30.16768],[-98.07801,30.16754],[-98.07899,30.16499],[-98.08036,30.16445],[-98.08182,30.16228],[-98.08304,30.16343],[-98.08553,30.16699],[-98.08683,30.16804],[-98.08813,30.1661],[-98.09084,30.16336],[-98.0912,30.16265],[-98.09111,30.1573],[-98.09,30.15423],[-98.09158,30.15011],[-98.09162,30.14931],[-98.08973,30.14522],[-98.08816,30.13965],[-98.08797,30.13744],[-98.08563,30.13729],[-98.08601,30.13603],[-98.08594,30.13423],[-98.08831,30.13544],[-98.09001,30.1306],[-98.08978,30.12929],[-98.08138,30.12883],[-98.08149,30.13026],[-98.07658,30.13028],[-98.07556,30.12975],[-98.07629,30.12887],[-98.07773,30.12888],[-98.07995,30.12481],[-98.0813,30.12411],[-98.08161,30.12234],[-98.08426,30.1219],[-98.08861,30.12188],[-98.09369,30.12025],[-98.09733,30.12042],[-98.10277,30.12247],[-98.10383,30.1236],[-98.10534,30.12449],[-98.10972,30.1243],[-98.11203,30.12628],[-98.11529,30.12726],[-98.12214,30.12548],[-98.1258,30.12379],[-98.13264,30.1233],[-98.13594,30.12388],[-98.13601,30.11903],[-98.13696,30.11684],[-98.13733,30.11676],[-98.13714,30.1153],[-98.13675,30.11465],[-98.13552,30.11401],[-98.13408,30.11238],[-98.13369,30.111],[-98.13244,30.10994],[-98.1313,30.10771],[-98.13299,30.10305],[-98.13346,30.10248],[-98.13448,30.10208],[-98.13495,30.10141],[-98.135,30.09999],[-98.13448,30.09798],[-98.13528,30.09449],[-98.12913,30.09511],[-98.12905,30.08948],[-98.1233,30.08911],[-98.12317,30.08578],[-98.10709,30.08616],[-98.10722,30.08666],[-98.10408,30.0863],[-98.10259,30.08639],[-98.10259,30.08601],[-98.10061,30.08625],[-98.10002,30.0834],[-98.09757,30.0793],[-98.09176,30.0741],[-98.09041,30.07013],[-98.08568,30.07017],[-98.08461,30.07051],[-98.08279,30.07024],[-98.07966,30.07025],[-98.07751,30.06927],[-98.0754,30.06673],[-98.07083,30.06676],[-98.07085,30.06801],[-98.06997,30.06934],[-98.06923,30.06955],[-98.06786,30.06927],[-98.06731,30.06962],[-98.06549,30.06951],[-98.06531,30.07205],[-98.06344,30.07139],[-98.06334,30.07162],[-98.06387,30.07403],[-98.07184,30.07135],[-98.07352,30.0726],[-98.07262,30.07724],[-98.07214,30.07779],[-98.0702,30.07879],[-98.06879,30.08024],[-98.06965,30.08119],[-98.07204,30.08283],[-98.07174,30.08583],[-98.07055,30.08698],[-98.07638,30.0867],[-98.07659,30.09051],[-98.04993,30.09179],[-98.04986,30.08982],[-98.04589,30.08986],[-98.0453,30.08878],[-98.04457,30.08839],[-98.04149,30.08949],[-98.04094,30.08941],[-98.0407,30.08867],[-98.04393,30.08628],[-98.04408,30.08411],[-98.04315,30.0828],[-98.0432,30.08208],[-98.04296,30.08197],[-98.04337,30.08092],[-98.04319,30.07971],[-98.04345,30.0784],[-98.04321,30.07498],[-98.04245,30.07306],[-98.04332,30.0721],[-98.04335,30.07173],[-98.04166,30.07015],[-98.03821,30.06951],[-98.03839,30.06877],[-98.03963,30.06792],[-98.03963,30.06731],[-98.0382,30.06683],[-98.0397,30.06468],[-98.0418,30.06278],[-98.0405,30.06009],[-98.04082,30.05909],[-98.04152,30.05864],[-98.04289,30.0584],[-98.04451,30.05904],[-98.04668,30.05859],[-98.04958,30.05846],[-98.06083,30.05929],[-98.06563,30.05977],[-98.06948,30.06052],[-98.07073,30.06126],[-98.07251,30.06183],[-98.07489,30.06161],[-98.07537,30.06193],[-98.07805,30.06037],[-98.08186,30.05885],[-98.0802,30.05795],[-98.07898,30.05678],[-98.07772,30.05353],[-98.07203,30.05225],[-98.06728,30.05162],[-98.04961,30.05323],[-98.04674,30.05381],[-98.04182,30.0523],[-98.03994,30.05099],[-98.03781,30.05071],[-98.03544,30.05103],[-98.03273,30.05192],[-98.02719,30.0495],[-98.02602,30.04809],[-98.03004,30.04791],[-98.03121,30.04738],[-98.03225,30.04623],[-98.03258,30.04495],[-98.03254,30.03975],[-98.03423,30.03499],[-98.00888,30.03431],[-98.00854,30.04342],[-98.00924,30.04641],[-98.00444,30.04656],[-98.00093,30.04781],[-97.99969,30.048],[-97.98703,30.04722],[-97.988,30.04765],[-97.98862,30.04836],[-97.98913,30.05201],[-97.9877,30.05176],[-97.98741,30.05133],[-97.98682,30.05116],[-97.9864,30.05125],[-97.98443,30.05191],[-97.98378,30.05296],[-97.98265,30.05362],[-97.98145,30.05388],[-97.98046,30.05617],[-97.98123,30.05854],[-97.979,30.06061],[-97.9821,30.06271],[-97.98295,30.06387],[-97.98208,30.06581],[-97.97792,30.06974],[-97.978,30.07186],[-97.9793,30.07451],[-97.97945,30.07667],[-97.97923,30.07734],[-97.97829,30.07831],[-97.97531,30.08053],[-97.97447,30.08171],[-97.97418,30.08266],[-97.9743,30.08365],[-97.97479,30.08464],[-97.97661,30.08616],[-97.97783,30.088],[-97.97888,30.08898],[-97.98091,30.08943],[-97.98184,30.08931],[-97.98804,30.08692],[-97.9902,30.08655],[-97.99249,30.08424],[-97.99438,30.07996],[-97.99526,30.07943],[-97.99708,30.07955],[-97.9981,30.08284],[-97.99934,30.08368],[-98.00027,30.08286],[-98.00244,30.08254],[-98.00517,30.08259],[-98.00583,30.08213],[-98.00632,30.08108],[-98.00754,30.08075],[-98.00739,30.08222],[-98.00801,30.08304],[-98.01063,30.08456],[-98.01255,30.08464],[-98.01441,30.08567],[-98.01493,30.08693],[-98.01378,30.0896],[-98.01382,30.09131],[-98.02159,30.10965],[-98.02289,30.11152],[-98.02576,30.11351],[-98.02635,30.1159],[-98.02771,30.11769],[-98.03056,30.11977],[-98.0313,30.12081],[-98.0316,30.12249],[-98.03194,30.13184],[-98.02477,30.13162],[-98.02112,30.13255],[-98.01755,30.13157],[-98.01304,30.13125],[-98.01155,30.13137],[-98.01035,30.1319],[-98.00152,30.12316],[-98.00001,30.12266],[-97.99512,30.12251],[-97.99342,30.12213],[-97.99207,30.12144],[-97.98714,30.11777],[-97.98547,30.11714],[-97.96082,30.11729],[-97.96123,30.11967],[-97.96197,30.12056],[-97.96294,30.12052],[-97.96357,30.12134],[-97.96645,30.12259],[-97.96732,30.12223],[-97.97015,30.12379],[-97.97004,30.12516],[-97.97172,30.12964],[-97.9755,30.13043],[-97.97698,30.13126],[-97.97387,30.13065],[-97.97518,30.13264],[-97.97484,30.13561],[-97.97143,30.13921],[-97.97107,30.14234],[-97.9712,30.14475],[-97.97013,30.14484],[-97.9707,30.14516],[-97.97208,30.14803],[-97.97219,30.15228],[-97.97426,30.15119],[-97.97736,30.15062],[-97.9826,30.14813],[-97.98924,30.14561],[-97.99181,30.14379],[-97.9944,30.15164],[-97.99465,30.15352],[-97.99553,30.15373],[-98.02468,30.15321],[-98.02507,30.16787],[-98.03926,30.16772],[-98.03881,30.16758],[-98.03843,30.16631],[-98.03762,30.16529],[-98.03792,30.16459],[-98.04787,30.16454],[-98.05065,30.16544],[-98.06543,30.16533],[-98.06545,30.16603],[-98.07024,30.16601],[-98.07079,30.16646]]]}},
{"type":"Feature","properties":{"zipcode":"78620","city":"Dripping Springs"},"geometry":{"type":"Polygon","coordinates":[[[-98.14498,30.3429],[-98.16459,30.35713],[-98.16693,30.35791],[-98.16943,30.35986],[-98.17033,30.3602],[-98.173,30.35631],[-98.1472,30.33795],[-98.14631,30.33728],[-98.14671,30.33681],[-98.15031,30.3388],[-98.15263,30.3394],[-98.15752,30.33876],[-98.16279,30.33842],[-98.16535,30.33772],[-98.17077,30.33942],[-98.17265,30.34107],[-98.17492,30.34186],[-98.17551,30.34252],[-98.17781,30.34366],[-98.17849,30.34272],[-98.18223,30.33339],[-98.18394,30.33482],[-98.18494,30.33719],[-98.18484,30.33799],[-98.18543,30.33893],[-98.18547,30.33985],[-98.18503,30.34111],[-98.18541,30.34554],[-98.18567,30.34694],[-98.18633,30.34789],[-98.18713,30.3484],[-98.19236,30.35022],[-98.19493,30.35008],[-98.1967,30.34931],[-98.19856,30.34564],[-98.19844,30.34503],[-98.19729,30.34358],[-98.19657,30.34018],[-98.19634,30.33797],[-98.1969,30.33621],[-98.19876,30.33483],[-98.20348,30.33333],[-98.20496,30.33261],[-98.2079,30.33001],[-98.21032,30.32719],[-98.20968,30.32634],[-98.20932,30.32456],[-98.20849,30.32377],[-98.20759,30.32221],[-98.20584,30.3222],[-98.20419,30.3216],[-98.20214,30.32157],[-98.20173,30.3209],[-98.20179,30.3203],[-98.20265,30.31974],[-98.20231,30.31906],[-98.20272,30.31785],[-98.20047,30.31466],[-98.19585,30.32086],[-98.18912,30.32469],[-98.18798,30.32495],[-98.18737,30.32407],[-98.18735,30.32042],[-98.19227,30.30741],[-98.20392,30.27836],[-98.20772,30.26804],[-98.21797,30.2426],[-98.22198,30.23134],[-98.2238,30.22288],[-98.22581,30.22154],[-98.23107,30.20809],[-98.23636,30.1934],[-98.2408,30.18317],[-98.24464,30.17322],[-98.24962,30.17632],[-98.25044,30.17603],[-98.25257,30.17623],[-98.25535,30.17606],[-98.25614,30.17706],[-98.25624,30.17786],[-98.25794,30.1787],[-98.25825,30.17961],[-98.25808,30.18021],[-98.25898,30.18075],[-98.25922,30.18141],[-98.26161,30.18223],[-98.26176,30.18308],[-98.26426,30.18284],[-98.26466,30.182],[-98.26402,30.18101],[-98.2632,30.18041],[-98.26174,30.17658],[-98.26503,30.16226],[-98.26422,30.16052],[-98.26562,30.16061],[-98.26732,30.15998],[-98.27272,30.15927],[-98.27457,30.15995],[-98.27594,30.16107],[-98.27645,30.1609],[-98.27721,30.15985],[-98.2779,30.15961],[-98.27922,30.16093],[-98.27974,30.16095],[-98.27992,30.15609],[-98.27903,30.15623],[-98.27937,30.15531],[-98.28043,30.15383],[-98.28338,30.15445],[-98.28418,30.15337],[-98.28493,30.15116],[-98.28679,30.15012],[-98.28724,30.14838],[-98.28671,30.14724],[-98.28901,30.1449],[-98.29082,30.14115],[-98.29236,30.1391],[-98.29173,30.13802],[-98.29176,30.13728],[-98.29117,30.13591],[-98.2913,30.13341],[-98.29066,30.13299],[-98.29063,30.13133],[-98.28937,30.13184],[-98.28696,30.13188],[-98.28034,30.13498],[-98.2769,30.13688],[-98.27538,30.136],[-98.27417,30.13694],[-98.27262,30.13659],[-98.27126,30.13758],[-98.27053,30.13747],[-98.26963,30.13818],[-98.26794,30.1383],[-98.26702,30.13896],[-98.26508,30.13785],[-98.2654,30.1373],[-98.26647,30.13698],[-98.2664,30.13528],[-98.26553,30.13575],[-98.26401,30.1353],[-98.23576,30.13457],[-98.23175,30.13496],[-98.23065,30.13392],[-98.22888,30.13403],[-98.22513,30.13338],[-98.22126,30.13335],[-98.22005,30.13308],[-98.21662,30.12824],[-98.2153,30.1275],[-98.21161,30.12964],[-98.21171,30.13058],[-98.21248,30.13158],[-98.21219,30.13232],[-98.21074,30.1328],[-98.20992,30.13385],[-98.20873,30.13372],[-98.20742,30.13498],[-98.20662,30.13493],[-98.2062,30.13385],[-98.20283,30.13092],[-98.2024,30.13003],[-98.20203,30.12989],[-98.19925,30.13115],[-98.19854,30.13047],[-98.19467,30.12983],[-98.19409,30.12887],[-98.19197,30.1287],[-98.19135,30.12789],[-98.19024,30.12748],[-98.18936,30.12771],[-98.18686,30.12517],[-98.18679,30.12363],[-98.18533,30.12263],[-98.18332,30.11865],[-98.18331,30.11736],[-98.18394,30.11694],[-98.18387,30.11659],[-98.1836,30.11575],[-98.18269,30.11507],[-98.18214,30.11408],[-98.18257,30.1139],[-98.1855,30.11585],[-98.18605,30.11585],[-98.18714,30.11652],[-98.18774,30.11649],[-98.18819,30.11588],[-98.1875,30.11558],[-98.18682,30.1142],[-98.1874,30.11274],[-98.18871,30.11113],[-98.19023,30.11027],[-98.19278,30.10974],[-98.19815,30.10729],[-98.1988,30.10682],[-98.1986,30.10601],[-98.19787,30.10593],[-98.1961,30.10511],[-98.19458,30.10533],[-98.19333,30.10452],[-98.19184,30.10231],[-98.18939,30.10131],[-98.18831,30.0994],[-98.18697,30.10006],[-98.18101,30.10169],[-98.17997,30.10363],[-98.17819,30.10456],[-98.17682,30.10437],[-98.17684,30.10522],[-98.17604,30.1066],[-98.17492,30.111],[-98.17394,30.11332],[-98.17394,30.1162],[-98.17102,30.11851],[-98.16106,30.11564],[-98.15864,30.11082],[-98.15234,30.11007],[-98.15229,30.1038],[-98.14519,30.1038],[-98.14583,30.09412],[-98.13545,30.09427],[-98.13502,30.095],[-98.13448,30.09798],[-98.135,30.09999],[-98.13495,30.10141],[-98.13448,30.10208],[-98.13346,30.10248],[-98.13299,30.10305],[-98.1313,30.10771],[-98.13244,30.10994],[-98.13369,30.111],[-98.13408,30.11238],[-98.13552,30.11401],[-98.13675,30.11465],[-98.13714,30.1153],[-98.13733,30.11676],[-98.13696,30.11684],[-98.13601,30.11903],[-98.13594,30.12388],[-98.13264,30.1233],[-98.1258,30.12379],[-98.12214,30.12548],[-98.11529,30.12726],[-98.11203,30.12628],[-98.10972,30.1243],[-98.10534,30.12449],[-98.10383,30.1236],[-98.10277,30.12247],[-98.09945,30.12104],[-98.09733,30.12042],[-98.09369,30.12025],[-98.08861,30.12188],[-98.08426,30.1219],[-98.08161,30.12234],[-98.0813,30.12411],[-98.07995,30.12481],[-98.07773,30.12888],[-98.07629,30.12887],[-98.07566,30.12947],[-98.07582,30.13004],[-98.07658,30.13028],[-98.08149,30.13026],[-98.08138,30.12883],[-98.08978,30.12929],[-98.08999,30.12992],[-98.08943,30.13267],[-98.08831,30.13544],[-98.08594,30.13423],[-98.08601,30.13603],[-98.08563,30.13729],[-98.08797,30.13744],[-98.08816,30.13965],[-98.08973,30.14522],[-98.09162,30.14931],[-98.09158,30.15011],[-98.09,30.15423],[-98.09111,30.1573],[-98.09136,30.16189],[-98.09084,30.16336],[-98.08813,30.1661],[-98.08683,30.16804],[-98.08553,30.16699],[-98.08304,30.16343],[-98.08182,30.16228],[-98.08036,30.16445],[-98.07899,30.16499],[-98.07801,30.16754],[-98.07715,30.16768],[-98.07612,30.16852],[-98.07557,30.1675],[-98.07113,30.16742],[-98.07034,30.16691],[-98.07079,30.16646],[-98.07024,30.16601],[-98.06545,30.16603],[-98.06543,30.16533],[-98.05065,30.16544],[-98.04787,30.16454],[-98.03792,30.16459],[-98.03762,30.16529],[-98.03843,30.16631],[-98.03881,30.16758],[-98.03926,30.16772],[-98.02507,30.16787],[-98.02468,30.15321],[-98.00891,30.15347],[-98.00908,30.15544],[-98.00852,30.16163],[-98.00853,30.16622],[-98.00821,30.16745],[-98.00787,30.16843],[-98.00508,30.17198],[-98.00437,30.17414],[-98.0029,30.17666],[-98.00192,30.18032],[-98.00177,30.18229],[-98.00105,30.1842],[-98.00035,30.18926],[-97.99985,30.19025],[-97.99778,30.19151],[-97.99729,30.1924],[-97.99785,30.19422],[-97.9974,30.19685],[-98.00034,30.19638],[-98.00651,30.19629],[-98.0128,30.19681],[-98.01536,30.20409],[-98.01558,30.20555],[-98.01698,30.2084],[-98.02056,30.21121],[-98.02236,30.21485],[-98.0242,30.21735],[-98.02496,30.21933],[-98.0247,30.22148],[-98.0258,30.22393],[-98.02879,30.2234],[-98.02954,30.22237],[-98.03001,30.22264],[-98.03054,30.22219],[-98.03125,30.22244],[-98.03171,30.22232],[-98.03187,30.2205],[-98.0337,30.21917],[-98.03348,30.21832],[-98.03368,30.21808],[-98.03372,30.21838],[-98.03458,30.21867],[-98.03461,30.2196],[-98.03224,30.22666],[-98.03459,30.22757],[-98.03557,30.22615],[-98.03536,30.22468],[-98.03563,30.22419],[-98.03677,30.2236],[-98.03831,30.22378],[-98.03827,30.22621],[-98.03591,30.22741],[-98.03546,30.22846],[-98.03406,30.2303],[-98.03289,30.23071],[-98.03194,30.23164],[-98.03192,30.23237],[-98.03317,30.23412],[-98.0328,30.23522],[-98.02874,30.23722],[-98.02757,30.23728],[-98.02488,30.23659],[-98.02625,30.23741],[-98.02695,30.23983],[-98.02882,30.24116],[-98.02972,30.24277],[-98.02914,30.24484],[-98.02779,30.24559],[-98.02755,30.24602],[-98.02859,30.24604],[-98.02855,30.24736],[-98.02678,30.25168],[-98.02541,30.25371],[-98.02463,30.25601],[-98.02281,30.25847],[-98.02121,30.25982],[-98.02056,30.26159],[-98.02,30.26457],[-98.02002,30.26536],[-98.02052,30.2662],[-98.02184,30.26716],[-98.02528,30.26815],[-98.02577,30.2685],[-98.02611,30.2695],[-98.02703,30.2703],[-98.02952,30.2746],[-98.03156,30.27644],[-98.03192,30.27742],[-98.03202,30.27977],[-98.03314,30.281],[-98.03305,30.28275],[-98.03378,30.28441],[-98.03443,30.2849],[-98.03607,30.28532],[-98.03688,30.2868],[-98.0369,30.28992],[-98.03623,30.29106],[-98.03638,30.29146],[-98.03857,30.29125],[-98.04154,30.29149],[-98.04498,30.2909],[-98.04654,30.29038],[-98.05197,30.28756],[-98.05629,30.28706],[-98.06219,30.28581],[-98.06391,30.28608],[-98.07146,30.2897],[-98.06931,30.29096],[-98.06895,30.29141],[-98.0674,30.29165],[-98.06713,30.2903],[-98.06534,30.29017],[-98.06544,30.29169],[-98.06334,30.29299],[-98.07709,30.30888],[-98.08556,30.31724],[-98.08588,30.31643],[-98.08718,30.31564],[-98.08754,30.31466],[-98.08895,30.31426],[-98.08963,30.31289],[-98.09056,30.31213],[-98.10414,30.32118],[-98.10756,30.32411],[-98.10912,30.32611],[-98.11207,30.32773],[-98.11573,30.3292],[-98.11727,30.331],[-98.11953,30.33258],[-98.12182,30.33331],[-98.12635,30.33565],[-98.1283,30.3362],[-98.13046,30.33918],[-98.1315,30.3398],[-98.13245,30.33987],[-98.13275,30.33763],[-98.13254,30.33671],[-98.13318,30.33542],[-98.13261,30.3334],[-98.13297,30.33276],[-98.13523,30.33161],[-98.13617,30.3304],[-98.13655,30.33035],[-98.14352,30.33535],[-98.14231,30.33515],[-98.14157,30.33589],[-98.14088,30.33568],[-98.14043,30.33584],[-98.13926,30.33989],[-98.1422,30.34167],[-98.14401,30.34218],[-98.14474,30.3421],[-98.14498,30.3429]]]}},
{"type":"Feature","properties":{"zipcode":"78621","city":"Elgin"},"geometry":{"type":"Polygon","coordinates":[[[-97.2815,30.4879],[-97.28409,30.49104],[-97.28547,30.49391],[-97.29912,30.48953],[-97.29929,30.48941],[-97.29894,30.48864],[-97.29915,30.48838],[-97.31714,30.48271],[-97.30751,30.45937],[-97.30717,30.45924],[-97.30007,30.46145],[-97.29581,30.45143],[-97.30094,30.44956],[-97.3216,30.44304],[-97.32293,30.44719],[-97.32587,30.45357],[-97.32773,30.45481],[-97.32892,30.45671],[-97.32733,30.45719],[-97.32711,30.45756],[-97.33448,30.47444],[-97.33582,30.47476],[-97.3362,30.47416],[-97.33719,30.47365],[-97.36274,30.46565],[-97.36123,30.46133],[-97.35622,30.44925],[-97.35612,30.4467],[-97.35032,30.43264],[-97.36445,30.42825],[-97.36354,30.4261],[-97.37354,30.42298],[-97.37277,30.42089],[-97.36979,30.41936],[-97.38224,30.39949],[-97.39711,30.40654],[-97.38841,30.42002],[-97.40323,30.42705],[-97.40993,30.41654],[-97.41007,30.41695],[-97.41053,30.41708],[-97.41199,30.41694],[-97.41408,30.415],[-97.41473,30.41484],[-97.41762,30.41619],[-97.41823,30.4163],[-97.41858,30.41605],[-97.43781,30.38519],[-97.45476,30.39348],[-97.46065,30.38425],[-97.4607,30.38179],[-97.45951,30.38147],[-97.44832,30.37634],[-97.44665,30.37632],[-97.44283,30.37723],[-97.45073,30.36438],[-97.46105,30.36935],[-97.46146,30.36866],[-97.46125,30.36823],[-97.46037,30.36762],[-97.46007,30.36687],[-97.45947,30.36655],[-97.46012,30.3658],[-97.46071,30.36569],[-97.46069,30.36513],[-97.46129,30.36462],[-97.46069,30.36432],[-97.46006,30.36467],[-97.45985,30.36438],[-97.46031,30.36409],[-97.46032,30.36369],[-97.46081,30.36379],[-97.4609,30.36299],[-97.46141,30.36291],[-97.46156,30.36316],[-97.46182,30.36284],[-97.46136,30.36225],[-97.46059,30.36226],[-97.46034,30.36139],[-97.46138,30.36085],[-97.46164,30.36044],[-97.46133,30.35956],[-97.46201,30.35883],[-97.46197,30.35715],[-97.46279,30.35717],[-97.46377,30.35775],[-97.46748,30.3516],[-97.47538,30.35144],[-97.47537,30.35117],[-97.47756,30.35111],[-97.47936,30.34811],[-97.48117,30.34669],[-97.48148,30.3459],[-97.48235,30.34523],[-97.482,30.34427],[-97.48269,30.34364],[-97.48099,30.34234],[-97.47985,30.34246],[-97.47917,30.34186],[-97.47889,30.34103],[-97.47889,30.33848],[-97.47986,30.33784],[-97.47974,30.33687],[-97.47855,30.33629],[-97.47784,30.33635],[-97.47753,30.33567],[-97.47808,30.33503],[-97.47762,30.33409],[-97.47775,30.33333],[-97.47898,30.33197],[-97.47865,30.33088],[-97.47878,30.33009],[-97.47766,30.32877],[-97.47679,30.32858],[-97.47679,30.32832],[-97.47553,30.32756],[-97.47491,30.32754],[-97.4745,30.32808],[-97.47403,30.32785],[-97.47359,30.32572],[-97.47161,30.32457],[-97.47117,30.32382],[-97.46919,30.32365],[-97.46714,30.32413],[-97.46564,30.3241],[-97.45829,30.3223],[-97.45263,30.32005],[-97.44781,30.31998],[-97.44766,30.31943],[-97.44395,30.31932],[-97.44964,30.3106],[-97.45013,30.3104],[-97.45151,30.31062],[-97.45256,30.30963],[-97.4642,30.29131],[-97.45942,30.28898],[-97.46118,30.28597],[-97.46114,30.28435],[-97.462,30.28463],[-97.46344,30.28594],[-97.46531,30.28648],[-97.46563,30.28719],[-97.4666,30.2877],[-97.46766,30.28762],[-97.46801,30.28689],[-97.4688,30.28693],[-97.46918,30.28721],[-97.46887,30.28791],[-97.46905,30.28824],[-97.4697,30.2884],[-97.47016,30.28888],[-97.47222,30.28936],[-97.47304,30.28892],[-97.47379,30.28899],[-97.4748,30.28943],[-97.47477,30.2899],[-97.47554,30.29013],[-97.47598,30.29061],[-97.47768,30.2902],[-97.47815,30.29033],[-97.47862,30.29133],[-97.47864,30.29228],[-97.47976,30.29216],[-97.48041,30.29307],[-97.4825,30.29412],[-97.48263,30.29467],[-97.48326,30.29499],[-97.48326,30.29523],[-97.48392,30.29522],[-97.48282,30.2966],[-97.48501,30.29767],[-97.49023,30.29059],[-97.48927,30.28966],[-97.48702,30.28891],[-97.48268,30.28627],[-97.48273,30.2844],[-97.48227,30.28358],[-97.48156,30.28302],[-97.48341,30.28087],[-97.48071,30.27636],[-97.48009,30.2761],[-97.4762,30.27643],[-97.47424,30.27824],[-97.47261,30.27713],[-97.47204,30.27542],[-97.47328,30.27373],[-97.47341,30.27257],[-97.47313,30.27165],[-97.47194,30.27037],[-97.47355,30.26893],[-97.47368,30.26806],[-97.47309,30.26702],[-97.46957,30.26628],[-97.46855,30.26711],[-97.46209,30.26481],[-97.46155,30.26256],[-97.45671,30.27001],[-97.45414,30.26894],[-97.45353,30.26814],[-97.45237,30.26752],[-97.45124,30.26744],[-97.44955,30.26779],[-97.44879,30.26704],[-97.44893,30.26612],[-97.4484,30.26493],[-97.44874,30.26399],[-97.44998,30.26318],[-97.45081,30.26166],[-97.44996,30.2613],[-97.44909,30.2616],[-97.44885,30.26059],[-97.44761,30.26025],[-97.44722,30.25956],[-97.44944,30.25678],[-97.44938,30.25627],[-97.44728,30.25569],[-97.4465,30.25699],[-97.44614,30.25711],[-97.44428,30.25738],[-97.44358,30.25693],[-97.44206,30.25683],[-97.4479,30.2476],[-97.4486,30.24815],[-97.44856,30.25037],[-97.4493,30.25065],[-97.45047,30.25038],[-97.45169,30.251],[-97.45212,30.25072],[-97.4527,30.25154],[-97.45355,30.25183],[-97.45359,30.25239],[-97.45496,30.25186],[-97.45653,30.25191],[-97.45826,30.2515],[-97.46521,30.24015],[-97.47292,30.24382],[-97.47181,30.24609],[-97.48438,30.25188],[-97.48575,30.24973],[-97.4927,30.24124],[-97.4934,30.24001],[-97.49349,30.23907],[-97.49253,30.23571],[-97.49248,30.23254],[-97.49104,30.22915],[-97.491,30.22401],[-97.49165,30.22362],[-97.49273,30.22203],[-97.4965,30.21612],[-97.49617,30.21595],[-97.50133,30.20841],[-97.49749,30.20877],[-97.49636,30.2091],[-97.49225,30.21265],[-97.49154,30.21229],[-97.49074,30.21123],[-97.48865,30.20948],[-97.48393,30.20633],[-97.4835,30.20569],[-97.48358,30.20431],[-97.48446,30.20282],[-97.48582,30.20201],[-97.48807,30.20149],[-97.4886,30.20116],[-97.48893,30.20033],[-97.4885,30.19873],[-97.48611,30.19624],[-97.48554,30.19502],[-97.48551,30.19062],[-97.48502,30.18924],[-97.48435,30.1885],[-97.47477,30.18524],[-97.47334,30.18371],[-97.47217,30.18312],[-97.46853,30.1828],[-97.46654,30.18399],[-97.46495,30.18436],[-97.46333,30.1838],[-97.46126,30.1819],[-97.45913,30.18182],[-97.45476,30.18302],[-97.44965,30.18511],[-97.44571,30.18598],[-97.44278,30.18718],[-97.4356,30.1891],[-97.43383,30.19021],[-97.42883,30.19062],[-97.42955,30.19172],[-97.43013,30.19178],[-97.43033,30.19212],[-97.42952,30.1933],[-97.42927,30.19274],[-97.42882,30.19271],[-97.42802,30.19398],[-97.42833,30.1942],[-97.42701,30.19581],[-97.42268,30.19199],[-97.42162,30.19033],[-97.42132,30.18824],[-97.42144,30.18204],[-97.41086,30.18533],[-97.41052,30.18219],[-97.41079,30.18062],[-97.4118,30.17847],[-97.41428,30.17672],[-97.41461,30.17541],[-97.41493,30.17515],[-97.41046,30.17165],[-97.40571,30.1697],[-97.40277,30.16758],[-97.3972,30.17145],[-97.39671,30.17282],[-97.39649,30.17522],[-97.39653,30.17632],[-97.39705,30.17763],[-97.39984,30.17887],[-97.40058,30.17933],[-97.40105,30.18008],[-97.40185,30.18238],[-97.40191,30.18468],[-97.40101,30.18597],[-97.39907,30.18698],[-97.39445,30.1875],[-97.39336,30.18721],[-97.39202,30.18623],[-97.38939,30.18414],[-97.38839,30.1828],[-97.38772,30.18237],[-97.38609,30.18203],[-97.38235,30.18326],[-97.3808,30.18341],[-97.37779,30.18214],[-97.3777,30.18132],[-97.37871,30.17835],[-97.38329,30.16906],[-97.38501,30.16679],[-97.38521,30.165],[-97.38417,30.16351],[-97.37937,30.16142],[-97.37379,30.1612],[-97.36388,30.16195],[-97.35535,30.16463],[-97.35402,30.16544],[-97.35424,30.16604],[-97.35405,30.16743],[-97.35302,30.16865],[-97.35457,30.16976],[-97.35722,30.17058],[-97.35808,30.17112],[-97.35921,30.17257],[-97.36285,30.17572],[-97.36315,30.17712],[-97.36625,30.17844],[-97.36805,30.18218],[-97.36837,30.18492],[-97.36921,30.18673],[-97.36954,30.18837],[-97.36576,30.19211],[-97.36369,30.19555],[-97.35824,30.20633],[-97.35604,30.20744],[-97.35537,30.20945],[-97.35228,30.21413],[-97.34996,30.21564],[-97.34884,30.21705],[-97.34669,30.21776],[-97.34283,30.22019],[-97.33791,30.22455],[-97.33666,30.22664],[-97.33374,30.22898],[-97.33075,30.2307],[-97.33484,30.23409],[-97.33689,30.23265],[-97.34063,30.2358],[-97.34068,30.23699],[-97.33952,30.23834],[-97.34552,30.24336],[-97.34647,30.24377],[-97.34769,30.24627],[-97.34804,30.24762],[-97.34443,30.24941],[-97.34378,30.25047],[-97.34238,30.25115],[-97.34114,30.25252],[-97.34,30.25296],[-97.33864,30.2541],[-97.33373,30.25059],[-97.33266,30.24936],[-97.33224,30.24762],[-97.33273,30.24429],[-97.32885,30.24884],[-97.32683,30.2529],[-97.32665,30.25453],[-97.32685,30.255],[-97.32746,30.25538],[-97.32869,30.25582],[-97.33001,30.25569],[-97.33096,30.25613],[-97.33244,30.25582],[-97.33317,30.25642],[-97.33305,30.25697],[-97.33213,30.2575],[-97.33216,30.25828],[-97.33269,30.25937],[-97.33235,30.25987],[-97.33225,30.26175],[-97.33096,30.26314],[-97.32915,30.26414],[-97.32794,30.26555],[-97.33054,30.2699],[-97.33957,30.28732],[-97.33841,30.28778],[-97.33715,30.28767],[-97.33576,30.28821],[-97.3336,30.28819],[-97.3322,30.28874],[-97.33108,30.28881],[-97.33039,30.28842],[-97.32998,30.28868],[-97.32987,30.28831],[-97.32941,30.28855],[-97.32904,30.28827],[-97.32864,30.28846],[-97.32902,30.28811],[-97.32819,30.28717],[-97.3283,30.28668],[-97.32383,30.29075],[-97.31884,30.28649],[-97.30912,30.29517],[-97.30752,30.29377],[-97.30507,30.29245],[-97.30148,30.29691],[-97.30007,30.29731],[-97.30007,30.29714],[-97.2953,30.29768],[-97.2872,30.29255],[-97.28777,30.28936],[-97.28675,30.27854],[-97.28627,30.27771],[-97.28328,30.27693],[-97.28297,30.27703],[-97.28226,30.27824],[-97.28053,30.27853],[-97.27913,30.27822],[-97.2783,30.27832],[-97.27742,30.27905],[-97.27722,30.28056],[-97.27629,30.28263],[-97.2744,30.28494],[-97.27375,30.28488],[-97.27204,30.28321],[-97.26975,30.28184],[-97.26737,30.28151],[-97.26699,30.28322],[-97.2657,30.28583],[-97.26504,30.28842],[-97.26501,30.28989],[-97.26441,30.29041],[-97.26195,30.28824],[-97.26031,30.2886],[-97.26035,30.29005],[-97.25973,30.29146],[-97.25937,30.29333],[-97.25933,30.29439],[-97.25957,30.29461],[-97.26789,30.29641],[-97.2726,30.29669],[-97.27388,30.29699],[-97.27568,30.2978],[-97.27799,30.29992],[-97.27962,30.30647],[-97.27815,30.31148],[-97.27912,30.31505],[-97.28681,30.31365],[-97.28644,30.31331],[-97.2883,30.31022],[-97.29108,30.31169],[-97.29166,30.31241],[-97.29051,30.3131],[-97.28978,30.31544],[-97.28998,30.31669],[-97.29147,30.31814],[-97.2897,30.32058],[-97.2897,30.32099],[-97.29061,30.32172],[-97.29012,30.32325],[-97.29002,30.32626],[-97.28251,30.33764],[-97.28096,30.33845],[-97.2752,30.34015],[-97.27383,30.34092],[-97.27214,30.34242],[-97.26296,30.35712],[-97.26169,30.35851],[-97.26051,30.35924],[-97.25219,30.3627],[-97.24771,30.36398],[-97.24459,30.36381],[-97.24468,30.36647],[-97.24753,30.37365],[-97.23953,30.3761],[-97.23858,30.37563],[-97.22779,30.37913],[-97.22677,30.38142],[-97.22681,30.38224],[-97.22762,30.38396],[-97.22812,30.38443],[-97.22903,30.38477],[-97.2303,30.38459],[-97.2316,30.38749],[-97.23533,30.39656],[-97.23546,30.39924],[-97.23502,30.39997],[-97.23673,30.40399],[-97.23695,30.4053],[-97.23058,30.4074],[-97.23047,30.40783],[-97.23123,30.40956],[-97.23087,30.41005],[-97.23117,30.41079],[-97.21217,30.41685],[-97.21199,30.41919],[-97.21046,30.41943],[-97.20877,30.4203],[-97.20832,30.4211],[-97.20756,30.42166],[-97.20666,30.42332],[-97.2062,30.4236],[-97.20651,30.4245],[-97.20621,30.42552],[-97.20562,30.42597],[-97.20574,30.42648],[-97.20635,30.42675],[-97.20592,30.42919],[-97.20431,30.43331],[-97.20355,30.43367],[-97.20374,30.43485],[-97.20296,30.43525],[-97.20312,30.43637],[-97.20258,30.43697],[-97.20327,30.43921],[-97.20369,30.44221],[-97.21003,30.44057],[-97.23985,30.43107],[-97.24031,30.43197],[-97.24244,30.43421],[-97.2436,30.43589],[-97.24453,30.4412],[-97.24462,30.44331],[-97.24536,30.44445],[-97.24489,30.4455],[-97.24486,30.44647],[-97.24418,30.44756],[-97.24424,30.4485],[-97.24293,30.4507],[-97.24242,30.4523],[-97.24056,30.45369],[-97.23993,30.45469],[-97.23992,30.45893],[-97.2391,30.46088],[-97.23806,30.46214],[-97.23754,30.4635],[-97.23739,30.46512],[-97.24858,30.46165],[-97.24967,30.46383],[-97.25041,30.46842],[-97.25006,30.47108],[-97.25131,30.47346],[-97.25297,30.4758],[-97.25148,30.47938],[-97.27469,30.4717],[-97.2815,30.4879]]]}},
{"type":"Feature","properties":{"zipcode":"78623","city":"Fischer"},"geometry":{"type":"Polygon","coordinates":[[[-98.26911,30.00774],[-98.26873,30.00941],[-98.26997,30.00981],[-98.27077,30.01128],[-98.27033,30.01403],[-98.27059,30.01471],[-98.27133,30.01518],[-98.2714,30.01583],[-98.27312,30.0155],[-98.27625,30.01376],[-98.2767,30.01306],[-98.27666,30.0106],[-98.27709,30.00991],[-98.27769,30.00952],[-98.2794,30.00932],[-98.2816,30.00804],[-98.2823,30.00793],[-98.28422,30.00847],[-98.2852,30.0084],[-98.28641,30.00865],[-98.28749,30.00921],[-98.29016,30.00957],[-98.29196,30.00896],[-98.29583,30.00618],[-98.29893,30.00603],[-98.29914,30.00431],[-98.30779,30.00428],[-98.30628,30.00364],[-98.30456,30.00039],[-98.3042,29.999],[-98.30882,30.00042],[-98.30803,29.99923],[-98.30858,29.99897],[-98.30879,29.99787],[-98.31083,29.99573],[-98.31035,29.99549],[-98.30972,29.9956],[-98.30869,29.99631],[-98.30782,29.99583],[-98.30745,29.99453],[-98.30853,29.99066],[-98.30716,29.9905],[-98.30626,29.991],[-98.30337,29.99031],[-98.30444,29.99261],[-98.30456,29.99395],[-98.30222,29.99171],[-98.29371,29.98735],[-98.29435,29.98673],[-98.29572,29.98654],[-98.29582,29.9856],[-98.29495,29.9848],[-98.2946,29.98383],[-98.29483,29.98274],[-98.29607,29.98281],[-98.29391,29.98144],[-98.29123,29.98058],[-98.29186,29.97998],[-98.29366,29.97917],[-98.2948,29.97954],[-98.29565,29.98056],[-98.29684,29.98074],[-98.29724,29.9813],[-98.29827,29.98114],[-98.30016,29.98313],[-98.30121,29.98297],[-98.30166,29.98317],[-98.30339,29.98279],[-98.30564,29.98147],[-98.30679,29.98166],[-98.30853,29.9813],[-98.30928,29.98142],[-98.3106,29.98094],[-98.30852,29.98364],[-98.3127,29.99217],[-98.31211,29.99211],[-98.31239,29.99344],[-98.31329,29.99479],[-98.3131,29.99577],[-98.31321,29.99606],[-98.3134,29.99595],[-98.31319,30.00186],[-98.31272,30.00232],[-98.31126,30.00285],[-98.32091,30.01022],[-98.32496,30.01421],[-98.33105,30.00892],[-98.3305,30.00858],[-98.32955,30.00574],[-98.32905,30.00562],[-98.32633,30.00657],[-98.32507,30.0087],[-98.32386,30.00893],[-98.32067,30.00833],[-98.32183,30.0067],[-98.32233,30.00337],[-98.32343,30.00276],[-98.32537,30.00065],[-98.32538,30.00019],[-98.32445,29.99887],[-98.32479,29.99851],[-98.3261,29.99822],[-98.32724,29.99632],[-98.32729,29.99521],[-98.32843,29.9937],[-98.3261,29.99495],[-98.32478,29.99615],[-98.32274,29.99618],[-98.32213,29.9959],[-98.3221,29.99558],[-98.32297,29.99441],[-98.3241,29.98995],[-98.3246,29.98942],[-98.3256,29.98916],[-98.32688,29.9898],[-98.32893,29.98859],[-98.32882,29.98591],[-98.32802,29.98541],[-98.3272,29.98294],[-98.32767,29.98197],[-98.33094,29.98217],[-98.33094,29.98192],[-98.32765,29.98043],[-98.32749,29.9799],[-98.32586,29.97869],[-98.32371,29.97989],[-98.32196,29.97908],[-98.32122,29.97907],[-98.3193,29.9797],[-98.31799,29.97869],[-98.31612,29.97886],[-98.31457,29.97947],[-98.31292,29.97896],[-98.31276,29.97824],[-98.31164,29.97698],[-98.31035,29.97669],[-98.30849,29.97664],[-98.30792,29.97685],[-98.30689,29.97861],[-98.30539,29.9792],[-98.3044,29.97996],[-98.30367,29.9798],[-98.30281,29.98003],[-98.3021,29.98064],[-98.30119,29.98024],[-98.2999,29.979],[-98.29824,29.97649],[-98.29732,29.97662],[-98.29703,29.97692],[-98.29626,29.97677],[-98.29451,29.97782],[-98.29369,29.97755],[-98.29348,29.97669],[-98.29245,29.97657],[-98.29164,29.97583],[-98.29047,29.97612],[-98.2894,29.97769],[-98.288,29.97857],[-98.28726,29.97855],[-98.28599,29.97913],[-98.28538,29.97903],[-98.28481,29.97944],[-98.28337,29.97979],[-98.28309,29.98024],[-98.28221,29.98028],[-98.28193,29.98137],[-98.27594,29.9778],[-98.26352,29.97484],[-98.2628,29.97318],[-98.26261,29.96905],[-98.2607,29.96347],[-98.26113,29.95091],[-98.26078,29.94146],[-98.24105,29.94529],[-98.24036,29.94494],[-98.23722,29.94594],[-98.23129,29.94694],[-98.2303,29.94625],[-98.22864,29.94393],[-98.22751,29.9429],[-98.22682,29.94263],[-98.22254,29.94616],[-98.22204,29.94623],[-98.2218,29.94595],[-98.22201,29.94506],[-98.22035,29.94403],[-98.21761,29.94046],[-98.2137,29.93984],[-98.2125,29.94042],[-98.21023,29.94038],[-98.20968,29.94061],[-98.20723,29.93843],[-98.20699,29.93414],[-98.2073,29.93273],[-98.20743,29.92805],[-98.20655,29.92264],[-98.20659,29.92002],[-98.20576,29.91893],[-98.20292,29.91956],[-98.20332,29.91628],[-98.19469,29.90855],[-98.19307,29.91152],[-98.18951,29.91384],[-98.18841,29.91566],[-98.18771,29.91773],[-98.17956,29.91516],[-98.17945,29.91471],[-98.17435,29.91482],[-98.17262,29.91595],[-98.16767,29.91462],[-98.16615,29.9148],[-98.1649,29.9131],[-98.16446,29.91059],[-98.16318,29.90803],[-98.1632,29.90672],[-98.16278,29.90515],[-98.16292,29.90389],[-98.16209,29.90241],[-98.15889,29.90518],[-98.15857,29.90579],[-98.15878,29.90675],[-98.15792,29.9088],[-98.15696,29.90947],[-98.15628,29.9119],[-98.15537,29.91246],[-98.15519,29.91289],[-98.15598,29.91591],[-98.15651,29.91689],[-98.1564,29.91764],[-98.15695,29.91837],[-98.15738,29.91986],[-98.15786,29.91996],[-98.15848,29.91805],[-98.16069,29.91782],[-98.16159,29.92135],[-98.16245,29.92298],[-98.16338,29.92301],[-98.16541,29.92427],[-98.16983,29.92456],[-98.17284,29.92522],[-98.1757,29.92514],[-98.17676,29.92564],[-98.17812,29.92654],[-98.17876,29.92749],[-98.17844,29.92873],[-98.1774,29.92946],[-98.17577,29.92932],[-98.17521,29.92999],[-98.17415,29.93042],[-98.17418,29.93069],[-98.17529,29.93053],[-98.17901,29.93127],[-98.18507,29.93051],[-98.18726,29.93063],[-98.18868,29.93099],[-98.19052,29.93178],[-98.19492,29.93438],[-98.2023,29.93688],[-98.20799,29.94104],[-98.20727,29.94176],[-98.20801,29.94288],[-98.20901,29.94356],[-98.20659,29.94382],[-98.20485,29.94461],[-98.2042,29.94696],[-98.2028,29.94789],[-98.2031,29.94914],[-98.20244,29.94951],[-98.20036,29.94935],[-98.19926,29.94984],[-98.19703,29.95134],[-98.19568,29.95377],[-98.19601,29.95284],[-98.19583,29.95222],[-98.19552,29.95191],[-98.19453,29.95207],[-98.19356,29.95156],[-98.19288,29.95024],[-98.19302,29.94858],[-98.1925,29.9484],[-98.19233,29.94902],[-98.19188,29.94926],[-98.19181,29.9503],[-98.19221,29.95222],[-98.19299,29.95289],[-98.19185,29.95385],[-98.19165,29.95459],[-98.19202,29.95517],[-98.18941,29.95796],[-98.18892,29.95781],[-98.18875,29.95641],[-98.18829,29.95622],[-98.1866,29.95889],[-98.18614,29.95894],[-98.19877,29.96774],[-98.19839,29.96806],[-98.19911,29.9694],[-98.19872,29.96979],[-98.19922,29.97066],[-98.19845,29.97182],[-98.19839,29.97332],[-98.19897,29.97415],[-98.2016,29.97608],[-98.2026,29.9758],[-98.20341,29.97474],[-98.20391,29.9745],[-98.20542,29.97488],[-98.20606,29.97616],[-98.20625,29.97788],[-98.20593,29.98402],[-98.21571,29.97994],[-98.2211,29.98378],[-98.2216,29.98266],[-98.22245,29.97665],[-98.22204,29.97503],[-98.22068,29.97229],[-98.22084,29.97],[-98.22367,29.97021],[-98.22449,29.97003],[-98.22527,29.97087],[-98.22945,29.97337],[-98.22978,29.97442],[-98.22974,29.97639],[-98.22823,29.97974],[-98.22893,29.98404],[-98.23116,29.98618],[-98.23157,29.98889],[-98.23349,29.99162],[-98.2333,29.99251],[-98.24556,30.00123],[-98.24739,30.00037],[-98.25389,30.00027],[-98.25888,30.00095],[-98.26319,30.00251],[-98.26521,30.00392],[-98.26625,30.00499],[-98.26792,30.00572],[-98.26869,30.00649],[-98.26911,30.00774]]]}},
{"type":"Feature","properties":{"zipcode":"78624","city":"Fredericksburg"},"geometry":{"type":"Polygon","coordinates":[[[-98.96419,30.54963],[-98.96479,30.54866],[-98.96678,30.54863],[-98.96787,30.5482],[-98.9698,30.54557],[-98.9706,30.54497],[-98.97093,30.54274],[-98.97011,30.5408],[-98.971,30.53896],[-98.9723,30.53801],[-98.9735,30.53817],[-98.97489,30.53759],[-98.97684,30.5374],[-98.97686,30.53609],[-98.97821,30.53459],[-98.97914,30.53405],[-98.97995,30.53428],[-98.98052,30.53416],[-98.98099,30.53356],[-98.98124,30.53248],[-98.98207,30.53216],[-98.98238,30.53166],[-98.98317,30.5317],[-98.98475,30.53109],[-98.98552,30.52998],[-98.98537,30.52925],[-98.98418,30.5287],[-98.9827,30.52576],[-98.98204,30.52609],[-98.98108,30.52525],[-98.97963,30.52471],[-98.97872,30.52387],[-98.97791,30.52192],[-98.97641,30.52124],[-98.97581,30.51826],[-98.97586,30.51636],[-98.9748,30.51556],[-98.97335,30.51538],[-98.97383,30.51348],[-98.97355,30.51194],[-98.97274,30.50937],[-98.97117,30.50733],[-98.97127,30.50323],[-98.97058,30.49845],[-99.01119,30.49813],[-99.01106,30.48632],[-99.0101,30.48432],[-99.00792,30.4823],[-98.98598,30.48231],[-98.98725,30.48186],[-98.98729,30.48156],[-98.98659,30.47694],[-98.98821,30.47662],[-98.98865,30.47619],[-98.98884,30.4747],[-98.99145,30.47158],[-98.99148,30.47071],[-98.99108,30.46972],[-98.99047,30.46924],[-98.98933,30.46933],[-98.98899,30.4691],[-98.98909,30.46826],[-98.99113,30.46706],[-98.9916,30.46631],[-98.99081,30.46539],[-98.99075,30.46454],[-98.99014,30.46349],[-98.98833,30.46294],[-98.98824,30.4626],[-98.98914,30.46125],[-98.98914,30.46083],[-98.98806,30.45931],[-98.98853,30.45772],[-98.98778,30.45673],[-98.98778,30.45552],[-98.98707,30.45449],[-98.9875,30.45427],[-98.99072,30.46046],[-98.993,30.46358],[-99.00187,30.47233],[-99.00278,30.47417],[-99.00412,30.47822],[-99.00514,30.4798],[-99.00674,30.4792],[-99.00857,30.47704],[-99.01139,30.47695],[-99.01371,30.47803],[-99.01494,30.47826],[-99.01728,30.47744],[-99.01937,30.47715],[-99.01723,30.48226],[-99.01746,30.4829],[-99.01733,30.48405],[-99.01834,30.48533],[-99.01834,30.48696],[-99.01754,30.48781],[-99.01717,30.49012],[-99.01571,30.49115],[-99.01572,30.49419],[-99.01714,30.49588],[-99.0177,30.49723],[-99.01874,30.49817],[-99.08703,30.49854],[-99.08456,30.49258],[-99.08453,30.49146],[-99.0858,30.48768],[-99.08625,30.48665],[-99.08945,30.48378],[-99.09654,30.47887],[-99.09519,30.47715],[-99.09572,30.47537],[-99.09691,30.47287],[-99.09693,30.4722],[-99.09799,30.47074],[-99.09942,30.46652],[-99.10101,30.46503],[-99.10212,30.46271],[-99.10156,30.46141],[-99.10145,30.45794],[-99.1009,30.45632],[-99.10096,30.45565],[-99.09857,30.45415],[-99.0961,30.45147],[-99.09731,30.45121],[-99.09802,30.45137],[-99.09845,30.45212],[-99.09732,30.44963],[-99.09754,30.44776],[-99.09823,30.44688],[-99.09862,30.44572],[-99.09845,30.4445],[-99.09163,30.44446],[-99.08888,30.44625],[-99.0859,30.44602],[-99.08083,30.44664],[-99.07881,30.44741],[-99.0767,30.44763],[-99.06892,30.44624],[-99.0673,30.44562],[-99.05097,30.44544],[-99.05031,30.44804],[-99.04629,30.44809],[-99.04518,30.44713],[-99.04376,30.44642],[-99.04339,30.44503],[-99.0427,30.44409],[-99.04298,30.44303],[-99.04397,30.44191],[-99.04454,30.44074],[-99.04471,30.43954],[-99.03963,30.43949],[-99.03765,30.43741],[-99.03632,30.43664],[-99.02686,30.43646],[-99.02569,30.4361],[-99.02296,30.43454],[-99.01379,30.4329],[-99.00835,30.43171],[-99.00682,30.43107],[-99.00524,30.42929],[-99.00196,30.42413],[-98.99857,30.42186],[-98.99365,30.4175],[-98.99018,30.41205],[-98.98644,30.40884],[-98.98344,30.40104],[-98.98256,30.39983],[-98.97984,30.39809],[-98.97692,30.39801],[-98.97526,30.39757],[-98.96844,30.39749],[-98.96752,30.39592],[-98.96572,30.39411],[-98.96573,30.39202],[-98.97011,30.38943],[-98.97154,30.38991],[-98.97236,30.39097],[-98.97318,30.39141],[-98.97885,30.39031],[-98.98248,30.38854],[-98.98262,30.38636],[-98.98212,30.38431],[-98.98204,30.38242],[-98.98142,30.38031],[-98.98162,30.37797],[-98.98328,30.37759],[-98.98594,30.37595],[-98.98829,30.37578],[-98.9894,30.37517],[-98.99244,30.37753],[-98.99408,30.37808],[-98.99572,30.38108],[-98.99635,30.38168],[-98.99847,30.38202],[-99.00035,30.38298],[-99.00337,30.38356],[-99.00617,30.38532],[-99.00839,30.38549],[-99.01428,30.38512],[-99.01629,30.38622],[-99.0201,30.38634],[-99.02047,30.38774],[-99.02041,30.39131],[-99.01851,30.39216],[-99.01838,30.39363],[-99.01716,30.39429],[-99.016,30.39642],[-99.01436,30.39704],[-99.01261,30.39995],[-99.01319,30.40263],[-99.01367,30.40359],[-99.01359,30.40582],[-99.01295,30.40761],[-99.01411,30.40841],[-99.0153,30.40868],[-99.0153,30.40912],[-99.01456,30.40974],[-99.01459,30.41017],[-99.01546,30.41189],[-99.01684,30.41251],[-99.01707,30.41444],[-99.01818,30.41536],[-99.02041,30.41614],[-99.0212,30.41685],[-99.02154,30.41772],[-99.02215,30.41813],[-99.0227,30.41951],[-99.02466,30.4209],[-99.02567,30.42198],[-99.02672,30.42184],[-99.02939,30.42217],[-99.03103,30.42373],[-99.03212,30.42398],[-99.034,30.42347],[-99.0355,30.42391],[-99.03704,30.42494],[-99.03754,30.42572],[-99.0396,30.42755],[-99.04084,30.4281],[-99.04164,30.429],[-99.0441,30.42971],[-99.04484,30.42749],[-99.04619,30.42639],[-99.04632,30.42558],[-99.04579,30.42345],[-99.04582,30.42222],[-99.04645,30.42066],[-99.04764,30.41967],[-99.04801,30.41894],[-99.04809,30.41694],[-99.05211,30.41484],[-99.05336,30.41445],[-99.056,30.41229],[-99.05785,30.40972],[-99.05923,30.40901],[-99.05984,30.40764],[-99.06029,30.40523],[-99.06087,30.40415],[-99.06155,30.40358],[-99.06468,30.40287],[-99.06687,30.40079],[-99.06843,30.40085],[-99.06944,30.40122],[-99.07086,30.40108],[-99.07197,30.39994],[-99.07338,30.3995],[-99.0747,30.39847],[-99.07552,30.39836],[-99.07591,30.39755],[-99.07562,30.39625],[-99.07578,30.39489],[-99.07512,30.39407],[-99.07493,30.39164],[-99.07652,30.39152],[-99.07821,30.394],[-99.07853,30.3956],[-99.08001,30.39677],[-99.08049,30.39753],[-99.08231,30.40149],[-99.08673,30.40152],[-99.08834,30.40253],[-99.08829,30.40296],[-99.08951,30.40477],[-99.08943,30.4078],[-99.08863,30.40949],[-99.08863,30.41016],[-99.08969,30.4113],[-99.09057,30.41284],[-99.09144,30.41355],[-99.09245,30.41641],[-99.09211,30.41759],[-99.09241,30.41857],[-99.09263,30.41882],[-99.0932,30.41883],[-99.09366,30.41958],[-99.09366,30.41983],[-99.09308,30.42001],[-99.09368,30.42075],[-99.09357,30.42177],[-99.09343,30.42211],[-99.09262,30.42256],[-99.09253,30.42297],[-99.09348,30.42421],[-99.09419,30.42654],[-99.09414,30.4273],[-99.09356,30.42746],[-99.09335,30.4278],[-99.09383,30.43028],[-99.09535,30.43321],[-99.0968,30.4334],[-99.09708,30.43485],[-99.0979,30.43554],[-99.0979,30.43441],[-99.09941,30.43369],[-99.10295,30.43],[-99.10255,30.42849],[-99.1035,30.42808],[-99.10351,30.42655],[-99.1052,30.42733],[-99.10578,30.42731],[-99.10613,30.42711],[-99.10641,30.4258],[-99.1081,30.42542],[-99.12149,30.42881],[-99.1228,30.4279],[-99.12449,30.42808],[-99.12342,30.42642],[-99.12286,30.42337],[-99.1221,30.42129],[-99.12196,30.41551],[-99.12053,30.41327],[-99.11947,30.40962],[-99.11876,30.40859],[-99.11878,30.40772],[-99.11973,30.40474],[-99.12071,30.4029],[-99.12131,30.39974],[-99.12459,30.39602],[-99.13156,30.39229],[-99.13434,30.39094],[-99.13677,30.39202],[-99.13831,30.3923],[-99.13987,30.39344],[-99.14285,30.39324],[-99.14558,30.39342],[-99.14856,30.39404],[-99.14978,30.39397],[-99.14999,30.39482],[-99.15147,30.39654],[-99.15316,30.39663],[-99.15382,30.39782],[-99.15686,30.39993],[-99.1571,30.40191],[-99.15691,30.40254],[-99.15771,30.40288],[-99.15849,30.40289],[-99.16118,30.40178],[-99.16435,30.40284],[-99.17331,30.40284],[-99.17389,30.40188],[-99.17397,30.38518],[-99.18068,30.38508],[-99.18243,30.38309],[-99.1831,30.38279],[-99.18347,30.38194],[-99.18377,30.37911],[-99.18321,30.37834],[-99.18352,30.37798],[-99.18339,30.37752],[-99.18057,30.37518],[-99.17908,30.37224],[-99.1785,30.37071],[-99.17842,30.36899],[-99.17757,30.36537],[-99.17638,30.36229],[-99.17641,30.36112],[-99.17736,30.35819],[-99.17718,30.35723],[-99.17591,30.35512],[-99.17591,30.35386],[-99.17786,30.34994],[-99.17815,30.34772],[-99.17969,30.34423],[-99.17971,30.34327],[-99.17781,30.34043],[-99.1771,30.33802],[-99.17736,30.33674],[-99.17787,30.33642],[-99.17818,30.33532],[-99.1781,30.33362],[-99.17702,30.33124],[-99.17602,30.3311],[-99.1757,30.33066],[-99.17565,30.30868],[-99.17515,30.30737],[-99.18223,30.30742],[-99.18722,30.30669],[-99.19076,30.30666],[-99.2086,30.3002],[-99.17414,30.30043],[-99.17242,30.30013],[-99.17019,30.29889],[-99.16816,30.30274],[-99.1675,30.30734],[-99.16846,30.30808],[-99.16855,30.30901],[-99.16756,30.31008],[-99.16791,30.31104],[-99.16724,30.3139],[-99.16592,30.31532],[-99.1659,30.31615],[-99.16524,30.31734],[-99.16336,30.31775],[-99.1622,30.31849],[-99.16135,30.31973],[-99.15956,30.32099],[-99.15733,30.32161],[-99.15652,30.32276],[-99.15493,30.32269],[-99.15437,30.32308],[-99.15351,30.3229],[-99.15346,30.32755],[-99.14179,30.32754],[-99.14132,30.32655],[-99.14188,30.32142],[-99.14006,30.31887],[-99.1398,30.31786],[-99.13906,30.31676],[-99.1398,30.31461],[-99.14204,30.31344],[-99.14255,30.31276],[-99.15283,30.31442],[-99.15332,30.31325],[-99.15278,30.31129],[-99.15229,30.31108],[-99.152,30.31056],[-99.14653,30.31039],[-99.14511,30.31057],[-99.14228,30.3098],[-99.1375,30.30908],[-99.13291,30.30713],[-99.13157,30.30707],[-99.13176,30.30412],[-99.13124,30.30398],[-99.13121,30.2995],[-99.10545,30.29947],[-99.10527,30.31338],[-99.10369,30.31454],[-99.0877,30.31474],[-99.08746,30.31828],[-99.08563,30.3179],[-99.08451,30.31793],[-99.08384,30.31854],[-99.07611,30.31844],[-99.07587,30.32342],[-99.06498,30.3239],[-99.06444,30.31991],[-99.06354,30.31846],[-99.06274,30.31635],[-99.06124,30.31555],[-99.05973,30.31518],[-99.0588,30.31406],[-99.05851,30.31201],[-99.05875,30.31117],[-99.05864,30.30899],[-99.05692,30.30269],[-99.05433,30.3026],[-99.04787,30.30122],[-99.04597,30.30052],[-99.04302,30.29878],[-99.04245,30.29942],[-99.04242,30.30063],[-99.04079,30.30284],[-99.03857,30.30299],[-99.03798,30.30272],[-99.03688,30.30331],[-99.0353,30.30253],[-99.03531,30.30196],[-99.03577,30.30133],[-99.0346,30.3014],[-99.03365,30.30103],[-99.03386,30.29978],[-99.03328,30.29838],[-99.03313,30.29603],[-99.02841,30.29645],[-99.02843,30.2886],[-99.02896,30.28784],[-99.02915,30.2864],[-99.02963,30.28545],[-99.0315,30.28429],[-99.03237,30.28193],[-99.03396,30.28115],[-99.0342,30.28007],[-99.03504,30.2792],[-99.03541,30.27794],[-99.03647,30.27773],[-99.03813,30.27806],[-99.03899,30.27672],[-99.03912,30.27597],[-99.03872,30.27421],[-99.04025,30.27302],[-99.03962,30.27102],[-99.04019,30.27113],[-99.04061,30.27184],[-99.04937,30.27224],[-99.05053,30.27153],[-99.0504,30.26958],[-99.05089,30.26864],[-99.05039,30.25044],[-99.04854,30.2505],[-99.04772,30.25083],[-99.04635,30.25058],[-99.04558,30.24711],[-99.04411,30.24543],[-99.04395,30.24289],[-99.04558,30.24298],[-99.05328,30.24479],[-99.05335,30.24927],[-99.06977,30.2489],[-99.07302,30.25173],[-99.07368,30.27779],[-99.09178,30.27739],[-99.09452,30.27827],[-99.10213,30.27821],[-99.1078,30.27883],[-99.11932,30.27837],[-99.11969,30.29415],[-99.13107,30.29409],[-99.1307,30.29278],[-99.13083,30.29094],[-99.13017,30.2894],[-99.13051,30.2889],[-99.13168,30.28839],[-99.13213,30.28761],[-99.13182,30.28525],[-99.13245,30.28495],[-99.13264,30.28362],[-99.13213,30.28327],[-99.13229,30.28236],[-99.13428,30.28029],[-99.13566,30.27807],[-99.13807,30.27678],[-99.13963,30.27401],[-99.13997,30.27362],[-99.14108,30.2733],[-99.14074,30.27116],[-99.13984,30.26903],[-99.13871,30.26942],[-99.13761,30.26834],[-99.13832,30.26695],[-99.14095,30.26595],[-99.14135,30.26403],[-99.14085,30.26229],[-99.14088,30.26055],[-99.13879,30.25835],[-99.13877,30.2572],[-99.14122,30.25749],[-99.16676,30.25807],[-99.16779,30.25841],[-99.16887,30.25793],[-99.16871,30.25722],[-99.17035,30.25484],[-99.17051,30.25362],[-99.17209,30.25268],[-99.17315,30.25151],[-99.17674,30.24106],[-99.1788,30.24019],[-99.17872,30.23842],[-99.17822,30.23744],[-99.17732,30.23695],[-99.17695,30.23622],[-99.17626,30.23629],[-99.17571,30.23595],[-99.17223,30.23608],[-99.1726,30.23519],[-99.1723,30.23496],[-99.17302,30.23388],[-99.17431,30.23285],[-99.17442,30.23173],[-99.17977,30.2307],[-99.18175,30.23081],[-99.18321,30.22977],[-99.18534,30.22894],[-99.18519,30.22784],[-99.18621,30.22712],[-99.18603,30.2261],[-99.18641,30.2258],[-99.18685,30.22623],[-99.1886,30.22619],[-99.18766,30.22934],[-99.18922,30.22973],[-99.19104,30.22971],[-99.19537,30.22846],[-99.19613,30.22922],[-99.19693,30.22854],[-99.20005,30.22797],[-99.2002,30.22732],[-99.19933,30.22677],[-99.19766,30.22494],[-99.1975,30.22384],[-99.19811,30.22301],[-99.20136,30.22229],[-99.20244,30.22132],[-99.20312,30.22004],[-99.20309,30.21935],[-99.2024,30.21799],[-99.20166,30.21747],[-99.20203,30.2165],[-99.20182,30.21565],[-99.20287,30.21476],[-99.20629,30.2142],[-99.20792,30.21365],[-99.20942,30.2125],[-99.21137,30.21151],[-99.21247,30.20942],[-99.21205,30.2083],[-99.21331,30.20521],[-99.21618,30.20358],[-99.21688,30.20204],[-99.21835,30.20138],[-99.21369,30.19804],[-99.21198,30.19512],[-99.20919,30.192],[-99.20599,30.18528],[-99.20174,30.18102],[-99.19721,30.18094],[-99.19613,30.1816],[-99.18843,30.18371],[-99.18292,30.18588],[-99.17371,30.18607],[-99.16875,30.18868],[-99.16297,30.19248],[-99.16168,30.19292],[-99.15899,30.19299],[-99.15825,30.19329],[-99.15344,30.19333],[-99.15286,30.1931],[-99.14707,30.19334],[-99.14453,30.19266],[-99.1417,30.19266],[-99.14134,30.19287],[-99.14023,30.19101],[-99.13949,30.19098],[-99.13883,30.19168],[-99.13751,30.1918],[-99.13566,30.19273],[-99.13454,30.1944],[-99.13378,30.19669],[-99.13099,30.19612],[-99.12862,30.1945],[-99.1285,30.19413],[-99.12626,30.19275],[-99.12626,30.19238],[-99.12689,30.19174],[-99.12644,30.19099],[-99.12532,30.19099],[-99.1243,30.19137],[-99.1204,30.19192],[-99.1209,30.19126],[-99.12082,30.1906],[-99.12024,30.18964],[-99.1186,30.18827],[-99.11868,30.18553],[-99.11483,30.18193],[-99.11314,30.17992],[-99.11257,30.1788],[-99.11297,30.17731],[-99.1124,30.17622],[-99.11194,30.16575],[-99.11128,30.16343],[-99.11052,30.16231],[-99.10988,30.15844],[-99.11038,30.1547],[-99.10988,30.15365],[-99.10895,30.15294],[-99.10848,30.15188],[-99.1079,30.15136],[-99.10782,30.15062],[-99.10857,30.14926],[-99.10918,30.14916],[-99.11013,30.14787],[-99.11022,30.14489],[-99.10979,30.13829],[-99.11133,30.13775],[-99.11194,30.13839],[-99.11202,30.13906],[-99.11312,30.13992],[-99.11528,30.13941],[-99.11628,30.14012],[-99.11668,30.14012],[-99.11984,30.13964],[-99.12179,30.13849],[-99.12327,30.13707],[-99.12488,30.13654],[-99.12484,30.13613],[-98.95123,30.13813],[-98.90074,30.13829],[-98.90058,30.13786],[-98.89866,30.13696],[-98.89763,30.13563],[-98.8967,30.13497],[-98.89473,30.13498],[-98.89307,30.1346],[-98.89026,30.13293],[-98.88817,30.13311],[-98.88604,30.13195],[-98.88248,30.13063],[-98.8812,30.13167],[-98.88056,30.13289],[-98.87784,30.13377],[-98.87554,30.13404],[-98.87364,30.13499],[-98.8704,30.13603],[-98.86942,30.13684],[-98.86764,30.13718],[-98.86608,30.13671],[-98.86314,30.13645],[-98.86063,30.13436],[-98.85906,30.13401],[-98.85643,30.13243],[-98.8552,30.13209],[-98.85392,30.13084],[-98.85123,30.13096],[-98.84984,30.13009],[-98.84612,30.12988],[-98.84394,30.12853],[-98.84247,30.12799],[-98.8419,30.12568],[-98.8369,30.12242],[-98.83371,30.12267],[-98.83237,30.12331],[-98.83111,30.12298],[-98.82839,30.12307],[-98.82669,30.12385],[-98.82567,30.12519],[-98.8244,30.12598],[-98.82158,30.12591],[-98.81938,30.12237],[-98.81907,30.11982],[-98.82011,30.11666],[-98.82042,30.10751],[-98.82116,30.10539],[-98.82134,30.09996],[-98.82109,30.0989],[-98.8203,30.09778],[-98.82141,30.09594],[-98.81954,30.092],[-98.81893,30.08884],[-98.8196,30.08719],[-98.8192,30.0865],[-98.81934,30.08213],[-98.82096,30.07854],[-98.82163,30.07807],[-98.82355,30.07757],[-98.82318,30.07367],[-98.82231,30.07273],[-98.82107,30.07269],[-98.82052,30.07293],[-98.82006,30.07333],[-98.81965,30.07458],[-98.82005,30.07535],[-98.81993,30.07618],[-98.81885,30.07712],[-98.81678,30.07706],[-98.8154,30.07804],[-98.81449,30.07789],[-98.81286,30.07596],[-98.8106,30.07549],[-98.81068,30.07402],[-98.81145,30.07297],[-98.81268,30.06985],[-98.81392,30.06873],[-98.8164,30.06761],[-98.81711,30.06694],[-98.81759,30.06591],[-98.81959,30.06474],[-98.8204,30.06332],[-98.82228,30.06181],[-98.82309,30.05986],[-98.82309,30.05922],[-98.82246,30.0577],[-98.82122,30.05683],[-98.8179,30.05679],[-98.81474,30.05559],[-98.8135,30.05569],[-98.81224,30.05667],[-98.81097,30.05718],[-98.81079,30.05691],[-98.81105,30.05557],[-98.81229,30.05415],[-98.81234,30.05273],[-98.81187,30.05222],[-98.8101,30.05172],[-98.80986,30.05117],[-98.80915,30.05096],[-98.80894,30.05039],[-98.81108,30.04661],[-98.81358,30.04714],[-98.81445,30.04817],[-98.81727,30.04764],[-98.81924,30.04833],[-98.81969,30.04936],[-98.82167,30.04803],[-98.82254,30.04874],[-98.82303,30.04748],[-98.82363,30.04682],[-98.82457,30.04856],[-98.82533,30.04906],[-98.82584,30.05032],[-98.82828,30.05083],[-98.82972,30.05075],[-98.83019,30.04835],[-98.83136,30.0472],[-98.8328,30.04451],[-98.83258,30.04158],[-98.83104,30.03857],[-98.8311,30.03744],[-98.83276,30.03678],[-98.82947,30.03613],[-98.82944,30.03375],[-98.82867,30.03258],[-98.82272,30.03283],[-98.8213,30.03242],[-98.82114,30.03155],[-98.82138,30.03059],[-98.82106,30.02965],[-98.82156,30.0285],[-98.82111,30.02791],[-98.82119,30.02676],[-98.82088,30.026],[-98.82169,30.0252],[-98.8229,30.02497],[-98.82422,30.02541],[-98.82467,30.02623],[-98.82588,30.02644],[-98.8273,30.02509],[-98.82799,30.02387],[-98.82783,30.02268],[-98.82728,30.02224],[-98.82733,30.02192],[-98.82846,30.02195],[-98.83067,30.02298],[-98.83112,30.02366],[-98.83107,30.0256],[-98.83214,30.02458],[-98.83233,30.02382],[-98.83168,30.02059],[-98.83304,30.01853],[-98.83417,30.01296],[-98.83344,30.01223],[-98.83321,30.01008],[-98.80548,30.02144],[-98.80094,30.02606],[-98.7847,30.03463],[-98.75671,30.05282],[-98.74636,30.05784],[-98.74133,30.05993],[-98.74021,30.06016],[-98.7385,30.06558],[-98.7388,30.07249],[-98.74106,30.07643],[-98.74225,30.07969],[-98.74612,30.08542],[-98.74767,30.0871],[-98.75065,30.08947],[-98.75141,30.09078],[-98.75155,30.09215],[-98.75076,30.09843],[-98.75245,30.1046],[-98.7522,30.10578],[-98.75069,30.10732],[-98.74212,30.11131],[-98.74074,30.11253],[-98.73754,30.11632],[-98.71634,30.11482],[-98.7113,30.11608],[-98.70055,30.11773],[-98.67946,30.12156],[-98.6786,30.12124],[-98.6756,30.12169],[-98.66669,30.12232],[-98.67126,30.12547],[-98.67573,30.131],[-98.68031,30.13356],[-98.68781,30.13629],[-98.69034,30.13869],[-98.66271,30.13881],[-98.66289,30.14185],[-98.66178,30.1438],[-98.66183,30.14494],[-98.66141,30.146],[-98.66057,30.14666],[-98.6603,30.14724],[-98.66078,30.14801],[-98.66086,30.14964],[-98.6616,30.1504],[-98.66149,30.15118],[-98.6608,30.15214],[-98.66138,30.15313],[-98.66107,30.15416],[-98.66275,30.15453],[-98.66289,30.15553],[-98.66196,30.15629],[-98.66133,30.1576],[-98.66043,30.15858],[-98.66014,30.16317],[-98.65902,30.16351],[-98.65846,30.16571],[-98.65895,30.16582],[-98.65931,30.16657],[-98.6617,30.16906],[-98.66233,30.17089],[-98.66201,30.17151],[-98.66243,30.17447],[-98.66431,30.17616],[-98.66447,30.17786],[-98.66763,30.181],[-98.66924,30.18332],[-98.67214,30.18412],[-98.67211,30.18526],[-98.67064,30.1862],[-98.67074,30.18707],[-98.67116,30.18743],[-98.67195,30.18746],[-98.67264,30.18688],[-98.6734,30.18716],[-98.6739,30.18862],[-98.67285,30.18954],[-98.67277,30.19022],[-98.67532,30.19313],[-98.67516,30.1945],[-98.67639,30.19475],[-98.67744,30.19576],[-98.67694,30.19864],[-98.67604,30.19964],[-98.67622,30.20064],[-98.67688,30.20094],[-98.67832,30.20088],[-98.67892,30.20293],[-98.67935,30.2033],[-98.68077,30.20264],[-98.68473,30.2026],[-98.6848,30.20658],[-98.68517,30.20741],[-98.68541,30.23058],[-98.68508,30.23254],[-98.68402,30.23268],[-98.68187,30.2318],[-98.68024,30.23192],[-98.67819,30.23382],[-98.6765,30.23604],[-98.67469,30.23734],[-98.67379,30.23776],[-98.66794,30.23859],[-98.66652,30.23905],[-98.66552,30.23955],[-98.66236,30.24265],[-98.66122,30.24329],[-98.65937,30.24351],[-98.65724,30.24323],[-98.65718,30.25517],[-98.65685,30.26118],[-98.65737,30.27436],[-98.65744,30.28539],[-98.64788,30.28558],[-98.64796,30.27622],[-98.63259,30.27426],[-98.62278,30.27497],[-98.61977,30.27619],[-98.61885,30.27731],[-98.61621,30.27814],[-98.61175,30.2783],[-98.61014,30.27778],[-98.61013,30.27723],[-98.60116,30.27721],[-98.60073,30.27622],[-98.60049,30.27429],[-98.5996,30.27239],[-98.59688,30.27115],[-98.59614,30.26999],[-98.59272,30.26909],[-98.59202,30.2685],[-98.59168,30.26774],[-98.58865,30.26584],[-98.58874,30.27733],[-98.58972,30.28059],[-98.58884,30.28741],[-98.58915,30.29748],[-98.58942,30.3694],[-98.5905,30.43018],[-98.59086,30.42961],[-98.6036,30.4311],[-98.60429,30.43069],[-98.60529,30.43098],[-98.61456,30.42939],[-98.62675,30.42873],[-98.64013,30.42445],[-98.66259,30.42759],[-98.66429,30.42753],[-98.66465,30.42675],[-98.66573,30.4259],[-98.66738,30.42388],[-98.67042,30.42156],[-98.67177,30.41989],[-98.6713,30.41867],[-98.67167,30.41819],[-98.67883,30.39267],[-98.68277,30.39266],[-98.68454,30.39295],[-98.68812,30.39443],[-98.69612,30.39673],[-98.7004,30.39707],[-98.70142,30.39802],[-98.70153,30.40071],[-98.70479,30.40074],[-98.70691,30.4012],[-98.71133,30.40123],[-98.71277,30.40163],[-98.71415,30.4026],[-98.71481,30.40365],[-98.715,30.41024],[-98.71536,30.41093],[-98.71613,30.4114],[-98.73094,30.41144],[-98.73213,30.41178],[-98.73407,30.41295],[-98.73668,30.41344],[-98.73664,30.40432],[-98.73828,30.40135],[-98.74121,30.40109],[-98.74295,30.4015],[-98.74676,30.40049],[-98.74756,30.40156],[-98.74822,30.40179],[-98.7488,30.40131],[-98.74891,30.40044],[-98.7496,30.39966],[-98.75286,30.39949],[-98.75445,30.39892],[-98.75601,30.39878],[-98.75702,30.39784],[-98.75821,30.39784],[-98.7599,30.39701],[-98.7616,30.39387],[-98.76228,30.39376],[-98.76465,30.39473],[-98.76639,30.39487],[-98.76762,30.39559],[-98.77046,30.39361],[-98.77227,30.39437],[-98.7703,30.39799],[-98.77013,30.39925],[-98.77157,30.40065],[-98.77364,30.40106],[-98.77548,30.40204],[-98.77551,30.41059],[-98.77481,30.41136],[-98.77347,30.4119],[-98.77299,30.41236],[-98.77277,30.41421],[-98.77191,30.41575],[-98.77508,30.41699],[-98.7756,30.42164],[-98.776,30.42219],[-98.77801,30.42283],[-98.77798,30.42338],[-98.77576,30.42808],[-98.77766,30.43003],[-98.7783,30.43026],[-98.78182,30.43076],[-98.78354,30.43044],[-98.78655,30.43097],[-98.78605,30.43285],[-98.78536,30.43407],[-98.78446,30.43484],[-98.78422,30.43583],[-98.78256,30.43759],[-98.78189,30.43936],[-98.78401,30.43968],[-98.78494,30.44007],[-98.78639,30.44131],[-98.7874,30.44124],[-98.7924,30.44229],[-98.79094,30.44534],[-98.79038,30.44564],[-98.7898,30.44683],[-98.78751,30.4498],[-98.78882,30.45835],[-98.78478,30.46037],[-98.78353,30.46065],[-98.78097,30.46046],[-98.77996,30.46227],[-98.77829,30.46273],[-98.77692,30.4642],[-98.77454,30.46525],[-98.77377,30.46678],[-98.76903,30.4683],[-98.76811,30.46871],[-98.76763,30.4693],[-98.7658,30.46967],[-98.76421,30.47125],[-98.76273,30.47146],[-98.76093,30.47256],[-98.76003,30.47345],[-98.76025,30.47555],[-98.75901,30.47658],[-98.75869,30.47654],[-98.75668,30.47555],[-98.75536,30.47541],[-98.75433,30.47416],[-98.752,30.47404],[-98.75166,30.47377],[-98.75208,30.47065],[-98.75174,30.47001],[-98.75248,30.46893],[-98.75097,30.46793],[-98.75082,30.46708],[-98.75163,30.46683],[-98.75197,30.46502],[-98.75163,30.46465],[-98.75069,30.46493],[-98.74993,30.46459],[-98.74993,30.4602],[-98.74895,30.46027],[-98.74868,30.45991],[-98.74867,30.45506],[-98.74812,30.45452],[-98.74748,30.45201],[-98.74827,30.45006],[-98.74814,30.44897],[-98.74845,30.44801],[-98.7471,30.4465],[-98.74657,30.44468],[-98.74649,30.44305],[-98.74208,30.44398],[-98.73956,30.44346],[-98.73721,30.44428],[-98.73525,30.44406],[-98.73026,30.45447],[-98.73002,30.4579],[-98.7287,30.46002],[-98.72481,30.46372],[-98.71587,30.46855],[-98.71438,30.47046],[-98.71333,30.47307],[-98.71245,30.47379],[-98.71098,30.47444],[-98.71131,30.47475],[-98.71227,30.4747],[-98.7136,30.47421],[-98.71441,30.47476],[-98.72001,30.47491],[-98.72064,30.47474],[-98.72267,30.47533],[-98.72414,30.47622],[-98.72608,30.47654],[-98.72682,30.4772],[-98.72425,30.48228],[-98.7232,30.48121],[-98.71919,30.48094],[-98.71707,30.47989],[-98.71564,30.47862],[-98.71468,30.47845],[-98.71405,30.47794],[-98.71115,30.4777],[-98.7097,30.47675],[-98.70896,30.47714],[-98.70829,30.47797],[-98.70833,30.47846],[-98.70948,30.47938],[-98.70944,30.48156],[-98.70872,30.48179],[-98.70634,30.4811],[-98.70491,30.48111],[-98.70569,30.47891],[-98.70308,30.48154],[-98.69079,30.49584],[-98.69009,30.49908],[-98.70611,30.4988],[-98.70693,30.50213],[-98.70743,30.50592],[-98.70738,30.52748],[-98.70815,30.53262],[-98.70773,30.53488],[-98.70436,30.54316],[-98.7073,30.543],[-98.70906,30.54246],[-98.7134,30.53925],[-98.72468,30.5269],[-98.72559,30.52548],[-98.72727,30.52155],[-98.72943,30.5191],[-98.73084,30.51834],[-98.74168,30.51429],[-98.7431,30.51302],[-98.74423,30.51053],[-98.74495,30.50966],[-98.74774,30.50777],[-98.74927,30.50717],[-98.75293,30.50692],[-98.76028,30.5073],[-98.76173,30.50804],[-98.76564,30.51124],[-98.76689,30.51167],[-98.76854,30.51177],[-98.77026,30.51136],[-98.77625,30.50745],[-98.77799,30.50683],[-98.79979,30.50696],[-98.80481,30.50632],[-98.80612,30.50574],[-98.80918,30.50319],[-98.81312,30.50149],[-98.81538,30.49948],[-98.84818,30.49892],[-98.85284,30.49925],[-98.8753,30.49921],[-98.88096,30.49892],[-98.88084,30.50339],[-98.89248,30.50291],[-98.89379,30.50353],[-98.89488,30.50341],[-98.8951,30.50392],[-98.89683,30.50413],[-98.89787,30.50379],[-98.90015,30.50227],[-98.90093,30.50201],[-98.90168,30.50216],[-98.90906,30.49885],[-98.96423,30.4983],[-98.96419,30.54963]]]}},
{"type":"Feature","properties":{"zipcode":"78626","city":"Georgetown"},"geometry":{"type":"Polygon","coordinates":[[[-97.56058,30.75849],[-97.56786,30.77488],[-97.58735,30.76737],[-97.58771,30.76629],[-97.58879,30.7652],[-97.58563,30.76594],[-97.58396,30.76238],[-97.5818,30.75659],[-97.58242,30.75607],[-97.58867,30.75411],[-97.58828,30.75447],[-97.59092,30.75505],[-97.59419,30.75358],[-97.59603,30.75331],[-97.59721,30.7525],[-97.59936,30.75181],[-97.60029,30.75083],[-97.60161,30.75037],[-97.60459,30.75778],[-97.60447,30.75915],[-97.60357,30.76027],[-97.61171,30.75788],[-97.61222,30.75803],[-97.61267,30.75858],[-97.61903,30.77349],[-97.62414,30.77186],[-97.62499,30.77345],[-97.62669,30.77386],[-97.62932,30.76524],[-97.6344,30.75301],[-97.63811,30.74115],[-97.64763,30.71336],[-97.65194,30.7017],[-97.66028,30.68088],[-97.67937,30.64987],[-97.67745,30.64872],[-97.67795,30.64814],[-97.67914,30.64814],[-97.67973,30.64847],[-97.68317,30.64534],[-97.6838,30.64656],[-97.68624,30.64448],[-97.68545,30.64335],[-97.68768,30.64066],[-97.68918,30.6377],[-97.68952,30.63853],[-97.69017,30.63692],[-97.69151,30.63246],[-97.69174,30.62871],[-97.68694,30.61138],[-97.68736,30.61118],[-97.68718,30.60793],[-97.68689,30.60735],[-97.6875,30.60621],[-97.68731,30.60442],[-97.68752,30.60307],[-97.69073,30.59536],[-97.69251,30.58948],[-97.69319,30.5858],[-97.69336,30.58003],[-97.69457,30.57726],[-97.69291,30.57728],[-97.69273,30.57214],[-97.69226,30.57233],[-97.69224,30.57043],[-97.68714,30.5705],[-97.68426,30.57149],[-97.68382,30.57143],[-97.68439,30.57301],[-97.68027,30.57421],[-97.67996,30.57597],[-97.67881,30.5763],[-97.6778,30.57628],[-97.67676,30.57691],[-97.67627,30.57606],[-97.676,30.57417],[-97.67513,30.57445],[-97.67541,30.57496],[-97.66837,30.57675],[-97.67033,30.58152],[-97.66514,30.58191],[-97.66342,30.58135],[-97.65583,30.58361],[-97.65413,30.58301],[-97.65307,30.58045],[-97.64586,30.5826],[-97.64485,30.58013],[-97.64087,30.58163],[-97.64001,30.57987],[-97.638,30.58071],[-97.63793,30.58102],[-97.63874,30.58174],[-97.63884,30.5822],[-97.6404,30.5828],[-97.64022,30.58393],[-97.64059,30.58485],[-97.63809,30.58534],[-97.63443,30.58653],[-97.63467,30.58389],[-97.63188,30.57739],[-97.6484,30.57243],[-97.64971,30.57227],[-97.64959,30.57155],[-97.65002,30.57116],[-97.64529,30.55996],[-97.6451,30.55872],[-97.64105,30.55904],[-97.62792,30.56302],[-97.62608,30.56333],[-97.62568,30.56419],[-97.62522,30.56452],[-97.60942,30.57183],[-97.61465,30.58413],[-97.59994,30.5886],[-97.60186,30.59308],[-97.60717,30.59138],[-97.6054,30.59952],[-97.60896,30.60885],[-97.60973,30.60832],[-97.61116,30.60631],[-97.61189,30.60585],[-97.62231,30.60252],[-97.62616,30.61163],[-97.6074,30.6175],[-97.60389,30.61477],[-97.60248,30.61293],[-97.6016,30.61118],[-97.58132,30.61755],[-97.58273,30.62095],[-97.57782,30.62033],[-97.56809,30.62011],[-97.56657,30.61941],[-97.56568,30.61621],[-97.56729,30.61548],[-97.56831,30.61444],[-97.57832,30.6105],[-97.57251,30.59662],[-97.55686,30.60148],[-97.55554,30.60215],[-97.55979,30.6119],[-97.56489,30.62473],[-97.5604,30.62715],[-97.5579,30.62786],[-97.55757,30.62838],[-97.55724,30.62815],[-97.55632,30.62868],[-97.55524,30.628],[-97.5543,30.62853],[-97.55174,30.62857],[-97.5515,30.63122],[-97.55045,30.63128],[-97.54909,30.63258],[-97.54749,30.63286],[-97.54692,30.6333],[-97.54682,30.63386],[-97.54736,30.63524],[-97.54683,30.6364],[-97.54092,30.63538],[-97.53465,30.63242],[-97.53236,30.63091],[-97.52869,30.63075],[-97.52796,30.63035],[-97.52714,30.62931],[-97.52628,30.62903],[-97.52486,30.62891],[-97.52135,30.62957],[-97.51876,30.63075],[-97.51604,30.63147],[-97.51479,30.63227],[-97.51272,30.6324],[-97.5109,30.63213],[-97.50858,30.63064],[-97.50613,30.62992],[-97.50428,30.62811],[-97.50226,30.62679],[-97.5018,30.62677],[-97.50034,30.62732],[-97.49951,30.62725],[-97.49927,30.62782],[-97.49871,30.62807],[-97.49689,30.62809],[-97.49562,30.62847],[-97.4892,30.62688],[-97.48517,30.62705],[-97.48323,30.62811],[-97.48182,30.62806],[-97.4802,30.62757],[-97.47871,30.62762],[-97.47691,30.62868],[-97.47569,30.62892],[-97.47488,30.62871],[-97.47299,30.62932],[-97.47132,30.63044],[-97.47019,30.6324],[-97.46931,30.63273],[-97.46774,30.63266],[-97.46552,30.63179],[-97.46477,30.63116],[-97.46229,30.63098],[-97.46154,30.63151],[-97.45983,30.63359],[-97.45699,30.63445],[-97.45521,30.63608],[-97.45515,30.63701],[-97.4562,30.63783],[-97.4575,30.63783],[-97.45766,30.63843],[-97.45731,30.63971],[-97.45623,30.64047],[-97.45522,30.64074],[-97.45293,30.64055],[-97.45426,30.64333],[-97.45842,30.64284],[-97.45917,30.64226],[-97.46075,30.64002],[-97.46277,30.63854],[-97.46861,30.63669],[-97.47127,30.63623],[-97.48241,30.66271],[-97.49609,30.66697],[-97.49192,30.67771],[-97.49031,30.67985],[-97.49359,30.68788],[-97.50149,30.68478],[-97.50339,30.68461],[-97.52692,30.69156],[-97.53839,30.68744],[-97.54173,30.68638],[-97.54185,30.68666],[-97.54609,30.68428],[-97.54952,30.69269],[-97.54911,30.69541],[-97.54956,30.69893],[-97.55253,30.70591],[-97.56026,30.70358],[-97.56183,30.70704],[-97.5644,30.70634],[-97.56319,30.70995],[-97.56414,30.71223],[-97.57239,30.70975],[-97.57334,30.71139],[-97.57655,30.71043],[-97.57852,30.71499],[-97.57987,30.71733],[-97.58402,30.72699],[-97.58293,30.72712],[-97.58188,30.72642],[-97.57968,30.72565],[-97.5786,30.7258],[-97.57706,30.72668],[-97.57487,30.72598],[-97.57378,30.72718],[-97.57269,30.72675],[-97.57173,30.72712],[-97.571,30.72855],[-97.57114,30.72909],[-97.57058,30.72945],[-97.56945,30.72932],[-97.56905,30.72875],[-97.56765,30.7282],[-97.56632,30.72837],[-97.56215,30.72731],[-97.56284,30.72828],[-97.5658,30.73562],[-97.56933,30.7378],[-97.57113,30.73949],[-97.57445,30.73942],[-97.57591,30.74048],[-97.57271,30.7416],[-97.57076,30.74348],[-97.56967,30.7441],[-97.55851,30.74752],[-97.55614,30.74963],[-97.56058,30.75849]]]}},
{"type":"Feature","properties":{"zipcode":"78628","city":"Georgetown"},"geometry":{"type":"MultiPolygon","coordinates":[[[[-97.6714,30.72596],[-97.67249,30.72598],[-97.68226,30.73118],[-97.69224,30.72638],[-97.69106,30.72495],[-97.69047,30.72529],[-97.6874,30.72589],[-97.68482,30.72591],[-97.68259,30.72549],[-97.68152,30.72393],[-97.68146,30.72261],[-97.68203,30.72146],[-97.68322,30.72073],[-97.68492,30.72014],[-97.68605,30.72066],[-97.68685,30.71976],[-97.69175,30.71748],[-97.69183,30.71575],[-97.69395,30.71474],[-97.69401,30.71237],[-97.69648,30.71159],[-97.69589,30.71042],[-97.70959,30.70667],[-97.70982,30.70679],[-97.7116,30.70534],[-97.7114,30.70436],[-97.71033,30.70334],[-97.71032,30.70285],[-97.71073,30.70144],[-97.7119,30.69999],[-97.70918,30.69931],[-97.7085,30.69768],[-97.70803,30.69728],[-97.7085,30.69555],[-97.70942,30.6933],[-97.71076,30.69168],[-97.71667,30.68795],[-97.71622,30.6877],[-97.7168,30.68502],[-97.71782,30.68296],[-97.71506,30.68173],[-97.71205,30.67987],[-97.71221,30.67962],[-97.71524,30.68148],[-97.71786,30.68264],[-97.71999,30.67845],[-97.72124,30.67042],[-97.72238,30.66906],[-97.72639,30.6667],[-97.72662,30.66732],[-97.72288,30.6695],[-97.72302,30.67047],[-97.7238,30.67045],[-97.72413,30.67127],[-97.72543,30.6721],[-97.72567,30.67314],[-97.72547,30.67363],[-97.72629,30.67423],[-97.7268,30.67553],[-97.72475,30.67816],[-97.72477,30.67881],[-97.72532,30.67801],[-97.72618,30.67767],[-97.72721,30.67678],[-97.72796,30.67846],[-97.72871,30.67666],[-97.73099,30.67779],[-97.73282,30.6791],[-97.73394,30.67915],[-97.73524,30.67973],[-97.7357,30.68092],[-97.73531,30.6822],[-97.73493,30.68236],[-97.73505,30.68273],[-97.73467,30.68331],[-97.73332,30.68407],[-97.73548,30.68339],[-97.73589,30.68353],[-97.73562,30.68641],[-97.73497,30.68743],[-97.73565,30.68697],[-97.73786,30.68822],[-97.73813,30.68876],[-97.73915,30.68845],[-97.73968,30.68889],[-97.74011,30.68865],[-97.73991,30.68821],[-97.73904,30.68761],[-97.73763,30.68729],[-97.73689,30.68624],[-97.73824,30.68223],[-97.73816,30.68037],[-97.73874,30.6795],[-97.74256,30.6801],[-97.74316,30.68187],[-97.74302,30.68244],[-97.74355,30.68303],[-97.74332,30.68362],[-97.74365,30.68442],[-97.74371,30.68353],[-97.74418,30.68371],[-97.7439,30.68324],[-97.74398,30.68245],[-97.74443,30.68129],[-97.74518,30.6807],[-97.74641,30.68079],[-97.74789,30.68237],[-97.74957,30.685],[-97.75035,30.68537],[-97.75035,30.68566],[-97.75186,30.6862],[-97.75244,30.68617],[-97.75241,30.68549],[-97.75303,30.68532],[-97.75302,30.68508],[-97.75202,30.68508],[-97.75207,30.68468],[-97.75168,30.68484],[-97.75108,30.68438],[-97.75048,30.68238],[-97.75153,30.68155],[-97.75342,30.68088],[-97.7505,30.68086],[-97.74958,30.68046],[-97.74867,30.67929],[-97.75069,30.6782],[-97.7532,30.67782],[-97.75404,30.67793],[-97.75419,30.67817],[-97.75432,30.67798],[-97.75552,30.67792],[-97.75397,30.67707],[-97.75402,30.67519],[-97.7552,30.67438],[-97.75455,30.67414],[-97.75397,30.67229],[-97.75477,30.67143],[-97.75614,30.67111],[-97.75796,30.67157],[-97.76072,30.67367],[-97.76125,30.67523],[-97.7622,30.67645],[-97.76255,30.67604],[-97.76539,30.67624],[-97.76608,30.67686],[-97.76827,30.67725],[-97.77101,30.67849],[-97.77303,30.67995],[-97.77352,30.67987],[-97.77596,30.68306],[-97.7763,30.68295],[-97.77634,30.68221],[-97.7766,30.68212],[-97.7801,30.68311],[-97.78219,30.68294],[-97.78536,30.68341],[-97.7859,30.68322],[-97.78768,30.68344],[-97.78809,30.68316],[-97.78883,30.68336],[-97.78893,30.68315],[-97.79033,30.68379],[-97.79125,30.68456],[-97.79152,30.68488],[-97.7914,30.68546],[-97.792,30.68611],[-97.79239,30.68603],[-97.792,30.6855],[-97.79212,30.68464],[-97.79356,30.68561],[-97.79579,30.68799],[-97.79962,30.68958],[-97.80061,30.69041],[-97.80212,30.69107],[-97.80317,30.69113],[-97.80452,30.69083],[-97.80523,30.69039],[-97.80668,30.69034],[-97.80919,30.6885],[-97.81138,30.68994],[-97.8123,30.69096],[-97.81557,30.69263],[-97.8177,30.69454],[-97.81948,30.69697],[-97.82037,30.69752],[-97.8219,30.69793],[-97.82337,30.69801],[-97.82579,30.69761],[-97.82729,30.69713],[-97.82881,30.69625],[-97.82826,30.69587],[-97.82868,30.69476],[-97.83055,30.69347],[-97.82126,30.68732],[-97.8203,30.68746],[-97.81969,30.68583],[-97.81883,30.68507],[-97.81809,30.68483],[-97.81577,30.68631],[-97.81284,30.68313],[-97.81287,30.68175],[-97.81355,30.68119],[-97.81356,30.67983],[-97.81406,30.67909],[-97.81344,30.67585],[-97.81366,30.67522],[-97.81721,30.67466],[-97.81864,30.6736],[-97.81865,30.67332],[-97.8182,30.67321],[-97.81831,30.67236],[-97.81758,30.67149],[-97.8167,30.67101],[-97.81662,30.67023],[-97.81581,30.66899],[-97.82716,30.66678],[-97.83128,30.66545],[-97.83307,30.66563],[-97.83553,30.6647],[-97.83589,30.66508],[-97.8383,30.66461],[-97.839,30.66382],[-97.84006,30.6637],[-97.83933,30.65889],[-97.83819,30.65587],[-97.83701,30.65372],[-97.83501,30.65101],[-97.83077,30.64627],[-97.8298,30.64474],[-97.82801,30.64536],[-97.82776,30.64428],[-97.82846,30.64072],[-97.82711,30.64069],[-97.82722,30.63946],[-97.82669,30.63767],[-97.83005,30.63776],[-97.83219,30.63817],[-97.8379,30.64108],[-97.83966,30.63838],[-97.84754,30.636],[-97.84489,30.62979],[-97.8468,30.62767],[-97.84753,30.62622],[-97.84739,30.62501],[-97.84601,30.62315],[-97.84642,30.61915],[-97.84589,30.61703],[-97.84674,30.61647],[-97.84636,30.61598],[-97.84606,30.61461],[-97.84517,30.61455],[-97.84485,30.61617],[-97.84198,30.61571],[-97.83796,30.61463],[-97.8361,30.61348],[-97.83383,30.61071],[-97.83167,30.60975],[-97.82928,30.60932],[-97.82781,30.60938],[-97.82662,30.61044],[-97.82248,30.6112],[-97.82079,30.61184],[-97.8164,30.61156],[-97.81234,30.61208],[-97.81083,30.61073],[-97.81027,30.60886],[-97.80915,30.60793],[-97.80745,30.60731],[-97.80592,30.60746],[-97.80492,30.60788],[-97.80436,30.60829],[-97.80253,30.61092],[-97.79861,30.61342],[-97.79629,30.61404],[-97.79462,30.61391],[-97.7934,30.61352],[-97.79365,30.61269],[-97.79493,30.61156],[-97.79515,30.60698],[-97.7958,30.606],[-97.79642,30.60363],[-97.79579,30.60057],[-97.79378,30.59701],[-97.79312,30.59437],[-97.79482,30.59455],[-97.79782,30.59561],[-97.79974,30.59548],[-97.80133,30.59448],[-97.80459,30.59053],[-97.80058,30.59001],[-97.79721,30.58803],[-97.79069,30.58108],[-97.78915,30.57996],[-97.78727,30.57938],[-97.78594,30.5772],[-97.78163,30.5742],[-97.78038,30.57195],[-97.77805,30.56936],[-97.77396,30.57067],[-97.7738,30.57033],[-97.77093,30.57121],[-97.77061,30.57049],[-97.77004,30.57064],[-97.76711,30.56411],[-97.7542,30.56956],[-97.75466,30.57067],[-97.75282,30.5726],[-97.754,30.57261],[-97.75415,30.57336],[-97.75112,30.57431],[-97.74591,30.575],[-97.74406,30.57494],[-97.73589,30.573],[-97.73146,30.57022],[-97.72975,30.56752],[-97.72859,30.56834],[-97.72767,30.56828],[-97.7271,30.56855],[-97.72697,30.56796],[-97.72639,30.56807],[-97.72519,30.56775],[-97.72307,30.56816],[-97.72186,30.56789],[-97.72145,30.56763],[-97.72058,30.56536],[-97.71698,30.56183],[-97.71283,30.56354],[-97.7072,30.56631],[-97.70419,30.5685],[-97.70453,30.57481],[-97.69799,30.5767],[-97.69787,30.57734],[-97.69674,30.57827],[-97.69635,30.57918],[-97.69595,30.57886],[-97.69558,30.57762],[-97.69457,30.57726],[-97.69336,30.58003],[-97.69319,30.5858],[-97.69251,30.58948],[-97.69073,30.59536],[-97.68752,30.60307],[-97.68731,30.60442],[-97.6875,30.60621],[-97.68689,30.60735],[-97.68718,30.60793],[-97.68736,30.61118],[-97.68694,30.61138],[-97.69174,30.62871],[-97.69151,30.63246],[-97.68952,30.63853],[-97.68918,30.6377],[-97.68768,30.64066],[-97.68545,30.64335],[-97.68624,30.64448],[-97.6838,30.64656],[-97.68317,30.64534],[-97.67973,30.64847],[-97.67914,30.64814],[-97.67795,30.64814],[-97.67745,30.64872],[-97.67937,30.64987],[-97.66028,30.68088],[-97.65194,30.7017],[-97.65322,30.70258],[-97.65434,30.70415],[-97.65494,30.70396],[-97.65725,30.70786],[-97.65713,30.70824],[-97.66496,30.7194],[-97.66761,30.72238],[-97.67189,30.72563],[-97.6714,30.72596]]],[[[-97.85177,30.63818],[-97.85183,30.63881],[-97.85118,30.63937],[-97.84886,30.6394],[-97.84862,30.64152],[-97.84759,30.64496],[-97.85956,30.64853],[-97.85825,30.64059],[-97.85724,30.63807],[-97.8564,30.63322],[-97.84926,30.63484],[-97.84964,30.63578],[-97.85057,30.63564],[-97.85109,30.63819],[-97.85177,30.63818]]]]}},
{"type":"Feature","properties":{"zipcode":"78629","city":"Gonzales"},"geometry":{"type":"MultiPolygon","coordinates":[[[[-97.5515,29.62457],[-97.55203,29.62555],[-97.55201,29.62682],[-97.55298,29.62885],[-97.5532,29.63218],[-97.55381,29.633],[-97.55384,29.63424],[-97.55534,29.63537],[-97.55558,29.637],[-97.56033,29.64107],[-97.56054,29.64338],[-97.56254,29.64647],[-97.56207,29.65048],[-97.59775,29.63071],[-97.59527,29.62925],[-97.59197,29.62651],[-97.59147,29.62601],[-97.59146,29.6249],[-97.59005,29.62393],[-97.58923,29.62284],[-97.58873,29.62281],[-97.58829,29.62394],[-97.58783,29.62391],[-97.58796,29.62273],[-97.58872,29.62124],[-97.58849,29.6188],[-97.58899,29.61854],[-97.58984,29.6188],[-97.58904,29.61753],[-97.58689,29.61628],[-97.58661,29.61486],[-97.58685,29.61365],[-97.59036,29.61264],[-97.59137,29.61174],[-97.59271,29.61179],[-97.59367,29.61121],[-97.59392,29.6116],[-97.59441,29.61167],[-97.59648,29.61024],[-97.59742,29.6099],[-97.60045,29.61034],[-97.6009,29.61021],[-97.60344,29.61122],[-97.60359,29.60875],[-97.60593,29.60698],[-97.60653,29.60685],[-97.61024,29.61073],[-97.61483,29.61362],[-97.62204,29.60824],[-97.62377,29.60816],[-97.63341,29.60097],[-97.63475,29.60212],[-97.63723,29.60022],[-97.63789,29.60155],[-97.6391,29.60219],[-97.6401,29.60352],[-97.6421,29.60438],[-97.64475,29.607],[-97.64507,29.60807],[-97.64601,29.60949],[-97.64113,29.61317],[-97.63831,29.61777],[-97.63857,29.61981],[-97.63777,29.62132],[-97.63853,29.62216],[-97.63884,29.62298],[-97.64073,29.6251],[-97.64432,29.62491],[-97.64535,29.62448],[-97.64626,29.6246],[-97.64871,29.62799],[-97.64949,29.62828],[-97.72485,29.52844],[-97.7277,29.52497],[-97.72703,29.52293],[-97.72686,29.52122],[-97.72467,29.51778],[-97.72327,29.51449],[-97.72139,29.51242],[-97.71909,29.51347],[-97.7176,29.51472],[-97.71767,29.51549],[-97.71992,29.51555],[-97.72055,29.51622],[-97.71997,29.51682],[-97.71884,29.51711],[-97.71793,29.51818],[-97.71506,29.51872],[-97.71452,29.51847],[-97.71373,29.51716],[-97.71307,29.51729],[-97.71264,29.51944],[-97.71282,29.52087],[-97.71221,29.52077],[-97.71141,29.5197],[-97.70918,29.51857],[-97.70749,29.5188],[-97.70721,29.51835],[-97.70722,29.5175],[-97.70795,29.51619],[-97.70872,29.51548],[-97.70994,29.5151],[-97.70986,29.51426],[-97.70877,29.51472],[-97.70701,29.5146],[-97.70606,29.51491],[-97.70592,29.51544],[-97.70673,29.51661],[-97.7063,29.51771],[-97.70551,29.51796],[-97.70458,29.51782],[-97.70342,29.51576],[-97.70297,29.51549],[-97.70035,29.5167],[-97.69977,29.51734],[-97.69908,29.51734],[-97.69942,29.51612],[-97.7004,29.51596],[-97.70092,29.51522],[-97.70091,29.51422],[-97.70012,29.51401],[-97.69928,29.51404],[-97.69704,29.51483],[-97.69727,29.51587],[-97.69841,29.51612],[-97.6982,29.51733],[-97.6973,29.51741],[-97.6956,29.51612],[-97.6946,29.51573],[-97.69396,29.51581],[-97.69207,29.51702],[-97.69223,29.51897],[-97.69188,29.51939],[-97.69068,29.5194],[-97.6896,29.51805],[-97.68969,29.51625],[-97.69469,29.51347],[-97.69617,29.51226],[-97.69771,29.51048],[-97.70667,29.49622],[-97.71331,29.48382],[-97.716,29.47995],[-97.72013,29.47532],[-97.71659,29.47303],[-97.71596,29.47305],[-97.70747,29.46756],[-97.70889,29.46546],[-97.7094,29.46375],[-97.71109,29.46236],[-97.71065,29.45954],[-97.71028,29.45903],[-97.71046,29.45841],[-97.71124,29.45775],[-97.71162,29.45654],[-97.7116,29.45586],[-97.71107,29.4558],[-97.71106,29.45251],[-97.70491,29.45225],[-97.70009,29.45166],[-97.70067,29.44446],[-97.69697,29.44433],[-97.69375,29.44179],[-97.68549,29.44091],[-97.67624,29.44059],[-97.66914,29.44088],[-97.66421,29.44058],[-97.65061,29.44215],[-97.64413,29.44351],[-97.63109,29.44274],[-97.63059,29.44961],[-97.62746,29.44966],[-97.62858,29.45282],[-97.62842,29.45539],[-97.61543,29.45474],[-97.6152,29.45665],[-97.61386,29.45963],[-97.61266,29.46119],[-97.61004,29.46376],[-97.60983,29.46604],[-97.60874,29.46875],[-97.60302,29.46799],[-97.59785,29.46658],[-97.59262,29.47987],[-97.59213,29.4805],[-97.5901,29.48128],[-97.58879,29.48244],[-97.58725,29.48613],[-97.58762,29.48684],[-97.58736,29.48754],[-97.5797,29.48599],[-97.57218,29.48221],[-97.57202,29.48186],[-97.57227,29.48098],[-97.57376,29.47915],[-97.57664,29.47965],[-97.57702,29.47928],[-97.57705,29.47863],[-97.57694,29.47773],[-97.57603,29.47746],[-97.57455,29.47636],[-97.57434,29.47494],[-97.57268,29.47095],[-97.57099,29.46897],[-97.5695,29.46907],[-97.56907,29.47034],[-97.56756,29.47157],[-97.5662,29.47352],[-97.56482,29.47486],[-97.56552,29.47659],[-97.56731,29.47735],[-97.56768,29.47833],[-97.56609,29.47953],[-97.56521,29.47941],[-97.56413,29.47868],[-97.5632,29.47902],[-97.5625,29.47966],[-97.56239,29.48142],[-97.56094,29.4828],[-97.55986,29.48308],[-97.55908,29.48279],[-97.55898,29.48217],[-97.5595,29.48127],[-97.55901,29.478],[-97.55863,29.47753],[-97.55709,29.4768],[-97.5557,29.47683],[-97.55526,29.47661],[-97.55585,29.47572],[-97.55713,29.47543],[-97.55796,29.47475],[-97.56043,29.47408],[-97.56112,29.47359],[-97.56123,29.47306],[-97.56067,29.47209],[-97.55928,29.47095],[-97.55849,29.47071],[-97.5529,29.47111],[-97.55178,29.47094],[-97.55018,29.47012],[-97.54973,29.47053],[-97.54943,29.47244],[-97.54842,29.47474],[-97.54594,29.47673],[-97.54396,29.47765],[-97.54295,29.47899],[-97.54252,29.47912],[-97.54188,29.47868],[-97.54164,29.47535],[-97.54235,29.47392],[-97.54321,29.47325],[-97.54319,29.4729],[-97.54159,29.4717],[-97.54077,29.47075],[-97.54017,29.46946],[-97.54073,29.46849],[-97.54345,29.46812],[-97.54286,29.46592],[-97.54076,29.46342],[-97.53959,29.46146],[-97.53849,29.46046],[-97.53629,29.45947],[-97.53409,29.45967],[-97.53362,29.45808],[-97.53411,29.45633],[-97.53395,29.4559],[-97.53301,29.45548],[-97.53219,29.45546],[-97.53077,29.45718],[-97.52916,29.45847],[-97.52745,29.45922],[-97.5264,29.45918],[-97.52552,29.45878],[-97.52509,29.45684],[-97.52533,29.45624],[-97.52603,29.45568],[-97.52603,29.45504],[-97.52507,29.45375],[-97.5238,29.45343],[-97.52215,29.45385],[-97.52181,29.45425],[-97.52173,29.45489],[-97.52239,29.45608],[-97.52152,29.45898],[-97.51304,29.45446],[-97.50469,29.45328],[-97.50583,29.4498],[-97.5058,29.44714],[-97.50716,29.44355],[-97.50705,29.44259],[-97.5063,29.44131],[-97.51594,29.43861],[-97.52534,29.43857],[-97.52667,29.4384],[-97.52903,29.4375],[-97.52902,29.43692],[-97.53203,29.42874],[-97.53083,29.42832],[-97.53024,29.42758],[-97.52639,29.42683],[-97.52566,29.42639],[-97.52547,29.42549],[-97.5243,29.42493],[-97.5241,29.42404],[-97.52366,29.4236],[-97.52302,29.42306],[-97.52194,29.42281],[-97.5215,29.42233],[-97.52156,29.42138],[-97.52092,29.42147],[-97.52085,29.42096],[-97.52045,29.42092],[-97.52044,29.42063],[-97.52005,29.42056],[-97.51962,29.41999],[-97.51895,29.41977],[-97.51902,29.41893],[-97.51648,29.41838],[-97.51634,29.41751],[-97.51726,29.4171],[-97.51658,29.41676],[-97.51631,29.41622],[-97.51725,29.415],[-97.51706,29.41457],[-97.51758,29.41426],[-97.51717,29.4139],[-97.52257,29.40827],[-97.52523,29.40641],[-97.53304,29.39895],[-97.53417,29.39823],[-97.54086,29.39554],[-97.54292,29.39068],[-97.54546,29.3872],[-97.55303,29.38257],[-97.56133,29.37656],[-97.56339,29.3757],[-97.56491,29.37386],[-97.57004,29.37564],[-97.57089,29.37655],[-97.57596,29.3781],[-97.57962,29.38178],[-97.5812,29.38127],[-97.58193,29.38021],[-97.5821,29.37933],[-97.58208,29.37819],[-97.58168,29.3771],[-97.58257,29.3768],[-97.58446,29.37445],[-97.58375,29.37188],[-97.58458,29.36973],[-97.58415,29.36862],[-97.58477,29.36773],[-97.58477,29.36323],[-97.58581,29.3607],[-97.58571,29.35991],[-97.58661,29.35929],[-97.58685,29.35844],[-97.58769,29.35815],[-97.58872,29.35686],[-97.58924,29.354],[-97.59139,29.35198],[-97.59245,29.35178],[-97.59314,29.35123],[-97.59357,29.3494],[-97.59455,29.34817],[-97.59424,29.34694],[-97.59311,29.34674],[-97.59296,29.3465],[-97.59352,29.34411],[-97.59256,29.34408],[-97.59139,29.34365],[-97.58993,29.3421],[-97.58982,29.34115],[-97.59001,29.34017],[-97.59073,29.33946],[-97.59231,29.33897],[-97.59311,29.33816],[-97.5923,29.3377],[-97.59294,29.33651],[-97.5929,29.33454],[-97.58986,29.33217],[-97.58755,29.33142],[-97.58691,29.33091],[-97.58708,29.32994],[-97.58648,29.32843],[-97.58669,29.32669],[-97.58441,29.32708],[-97.57934,29.32649],[-97.57742,29.32815],[-97.57555,29.33121],[-97.57231,29.33414],[-97.57566,29.33526],[-97.57882,29.33523],[-97.58016,29.33577],[-97.58123,29.33557],[-97.58134,29.33901],[-97.58087,29.34079],[-97.58092,29.34181],[-97.58009,29.34351],[-97.57999,29.34588],[-97.57916,29.34747],[-97.57729,29.34915],[-97.57848,29.35035],[-97.57728,29.35222],[-97.57695,29.35344],[-97.57407,29.35553],[-97.57389,29.35538],[-97.57336,29.35576],[-97.57313,29.35624],[-97.57334,29.35718],[-97.57458,29.35944],[-97.57037,29.36267],[-97.568,29.35843],[-97.56779,29.35739],[-97.56475,29.35883],[-97.5638,29.36033],[-97.56317,29.36203],[-97.56232,29.36286],[-97.56139,29.36309],[-97.56095,29.36362],[-97.55053,29.36026],[-97.54647,29.36003],[-97.54589,29.35601],[-97.54244,29.35452],[-97.52709,29.34171],[-97.54,29.32997],[-97.53962,29.3298],[-97.53961,29.32937],[-97.54061,29.32888],[-97.54073,29.32847],[-97.53893,29.32818],[-97.5375,29.32866],[-97.53617,29.32822],[-97.53519,29.32835],[-97.53476,29.32877],[-97.53528,29.32942],[-97.53506,29.33061],[-97.53322,29.33132],[-97.53292,29.33121],[-97.53272,29.33058],[-97.53074,29.32966],[-97.5305,29.32903],[-97.53088,29.32853],[-97.53123,29.32691],[-97.53232,29.32656],[-97.53443,29.32721],[-97.53487,29.32668],[-97.53476,29.32596],[-97.53186,29.32277],[-97.53085,29.32294],[-97.52997,29.32423],[-97.52851,29.32392],[-97.52962,29.32083],[-97.53033,29.3198],[-97.53031,29.31928],[-97.52869,29.31833],[-97.52784,29.31819],[-97.52787,29.31633],[-97.52664,29.31567],[-97.52606,29.31387],[-97.52574,29.31364],[-97.52471,29.31368],[-97.52495,29.31564],[-97.52427,29.31587],[-97.52353,29.31499],[-97.52217,29.31424],[-97.52209,29.31356],[-97.52299,29.31239],[-97.52286,29.31071],[-97.52151,29.31112],[-97.52024,29.31257],[-97.5197,29.31259],[-97.51954,29.31222],[-97.51892,29.31215],[-97.51781,29.31146],[-97.51642,29.31238],[-97.51447,29.31278],[-97.51399,29.31313],[-97.51378,29.31375],[-97.51399,29.31392],[-97.51486,29.31375],[-97.51509,29.3144],[-97.51341,29.31561],[-97.51208,29.31564],[-97.51198,29.31321],[-97.51137,29.313],[-97.5107,29.31339],[-97.50967,29.31525],[-97.50908,29.31551],[-97.50878,29.31605],[-97.50834,29.31608],[-97.5078,29.31588],[-97.50684,29.31478],[-97.50698,29.31307],[-97.50537,29.31316],[-97.50527,29.3125],[-97.50619,29.31138],[-97.50627,29.31067],[-97.50402,29.30971],[-97.50386,29.3086],[-97.50437,29.30813],[-97.50457,29.30739],[-97.50196,29.30486],[-97.50072,29.30481],[-97.50039,29.30587],[-97.49932,29.30632],[-97.49813,29.30591],[-97.49715,29.30493],[-97.49628,29.30496],[-97.49528,29.30551],[-97.49467,29.30683],[-97.49243,29.30565],[-97.4925,29.30506],[-97.49309,29.30507],[-97.49391,29.30409],[-97.49396,29.30366],[-97.49346,29.30321],[-97.49214,29.30303],[-97.49116,29.30384],[-97.49095,29.30464],[-97.49015,29.30457],[-97.48946,29.30341],[-97.49111,29.30158],[-97.49095,29.30027],[-97.49119,29.29912],[-97.49038,29.29793],[-97.48947,29.29748],[-97.48804,29.29761],[-97.48696,29.29679],[-97.48738,29.29491],[-97.48709,29.29458],[-97.48602,29.29426],[-97.48513,29.29248],[-97.48522,29.29155],[-97.48454,29.29071],[-97.48476,29.29021],[-97.48634,29.28954],[-97.487,29.28864],[-97.48645,29.28622],[-97.48599,29.28539],[-97.48662,29.28349],[-97.48541,29.28307],[-97.4851,29.28327],[-97.48345,29.28235],[-97.48269,29.28233],[-97.48246,29.28308],[-97.48294,29.28511],[-97.48352,29.28627],[-97.48349,29.2869],[-97.4829,29.28727],[-97.48228,29.28726],[-97.48177,29.28691],[-97.48115,29.2871],[-97.48053,29.28606],[-97.47965,29.28561],[-97.47848,29.28427],[-97.47668,29.28318],[-97.47548,29.28178],[-97.47479,29.2816],[-97.47447,29.28048],[-97.47447,29.27865],[-97.4733,29.27539],[-97.47448,29.27418],[-97.47424,29.27328],[-97.47367,29.27274],[-97.47127,29.27206],[-97.46834,29.27063],[-97.46635,29.27023],[-97.46506,29.27037],[-97.46415,29.27014],[-97.46315,29.26908],[-97.4613,29.26844],[-97.45877,29.26702],[-97.45787,29.26615],[-97.45608,29.26573],[-97.45592,29.2648],[-97.45707,29.26398],[-97.45729,29.26292],[-97.4571,29.26268],[-97.45535,29.26235],[-97.45464,29.26163],[-97.45513,29.26044],[-97.45523,29.25925],[-97.45443,29.25897],[-97.45329,29.25958],[-97.45229,29.25888],[-97.45122,29.25742],[-97.45054,29.25516],[-97.44866,29.25392],[-97.44757,29.25084],[-97.44711,29.25037],[-97.44609,29.25],[-97.44509,29.24853],[-97.44432,29.24794],[-97.44519,29.24705],[-97.44534,29.24619],[-97.44454,29.24611],[-97.44476,29.24545],[-97.44457,29.24503],[-97.44297,29.24414],[-97.44321,29.24369],[-97.44433,29.24307],[-97.44532,29.24145],[-97.44482,29.24116],[-97.44417,29.2413],[-97.44415,29.24075],[-97.44461,29.24023],[-97.44524,29.23986],[-97.44613,29.23994],[-97.44679,29.24038],[-97.44753,29.24019],[-97.44763,29.23984],[-97.44732,29.23946],[-97.4475,29.23819],[-97.44987,29.23829],[-97.45105,29.23742],[-97.45177,29.23606],[-97.45131,29.23547],[-97.45026,29.23505],[-97.4509,29.23434],[-97.45112,29.2326],[-97.45096,29.23136],[-97.45057,29.23081],[-97.37029,29.28937],[-97.36497,29.28502],[-97.36298,29.28658],[-97.35483,29.27986],[-97.33962,29.2793],[-97.33958,29.2784],[-97.33891,29.27754],[-97.33599,29.27584],[-97.3348,29.27601],[-97.33402,29.27681],[-97.33385,29.2802],[-97.33272,29.28083],[-97.3295,29.28042],[-97.32868,29.27971],[-97.32732,29.27749],[-97.30689,29.27618],[-97.30732,29.27669],[-97.30754,29.27846],[-97.30439,29.27862],[-97.30484,29.279],[-97.30541,29.28081],[-97.30527,29.28211],[-97.31385,29.29358],[-97.32059,29.3011],[-97.32135,29.30298],[-97.33189,29.31748],[-97.28914,29.34872],[-97.28971,29.34906],[-97.29059,29.35032],[-97.29129,29.35039],[-97.29276,29.34999],[-97.29357,29.35047],[-97.29361,29.35082],[-97.29263,29.35217],[-97.29323,29.35301],[-97.29404,29.35314],[-97.29621,29.35263],[-97.29695,29.35288],[-97.29714,29.35547],[-97.29798,29.35662],[-97.2992,29.35711],[-97.30212,29.35723],[-97.30398,29.35902],[-97.30531,29.36119],[-97.30568,29.36479],[-97.30988,29.36961],[-97.31102,29.3722],[-97.31201,29.37246],[-97.3131,29.37215],[-97.31322,29.3716],[-97.31291,29.37087],[-97.31324,29.36956],[-97.31364,29.36924],[-97.3148,29.36901],[-97.31825,29.36876],[-97.3198,29.36969],[-97.32022,29.37048],[-97.32024,29.37129],[-97.31956,29.37228],[-97.31826,29.37323],[-97.318,29.374],[-97.3196,29.37627],[-97.32055,29.38219],[-97.31934,29.38364],[-97.31546,29.38454],[-97.31296,29.38715],[-97.31082,29.38864],[-97.3096,29.39087],[-97.3084,29.39098],[-97.30751,29.3899],[-97.30672,29.39002],[-97.30546,29.39444],[-97.30572,29.39689],[-97.30642,29.3978],[-97.30864,29.39929],[-97.30962,29.40051],[-97.31025,29.40177],[-97.30989,29.4039],[-97.31063,29.4045],[-97.31163,29.40454],[-97.31234,29.40625],[-97.31152,29.40688],[-97.31015,29.40724],[-97.30929,29.40847],[-97.30839,29.40866],[-97.30608,29.41013],[-97.3046,29.41189],[-97.30459,29.41233],[-97.30331,29.41311],[-97.30288,29.41407],[-97.3017,29.41506],[-97.30063,29.41551],[-97.29892,29.41537],[-97.29764,29.4157],[-97.2959,29.4166],[-97.29652,29.41704],[-97.29643,29.41749],[-97.2956,29.41737],[-97.2947,29.41784],[-97.29373,29.41781],[-97.29426,29.41832],[-97.29431,29.42148],[-97.29357,29.42344],[-97.29392,29.42356],[-97.295,29.42328],[-97.29546,29.42356],[-97.29469,29.43001],[-97.28911,29.44125],[-97.28648,29.45199],[-97.28493,29.45178],[-97.28466,29.45197],[-97.2818,29.46441],[-97.26265,29.46211],[-97.26235,29.4588],[-97.26669,29.4427],[-97.26637,29.4414],[-97.26464,29.43787],[-97.2616,29.43648],[-97.23428,29.44216],[-97.23178,29.44571],[-97.2271,29.44346],[-97.22734,29.44309],[-97.22688,29.4429],[-97.22624,29.44339],[-97.22549,29.44302],[-97.22449,29.44307],[-97.22384,29.44368],[-97.22321,29.44332],[-97.22198,29.44321],[-97.21959,29.45093],[-97.24335,29.45775],[-97.24154,29.46615],[-97.25154,29.4691],[-97.25203,29.47069],[-97.26075,29.47288],[-97.26089,29.47413],[-97.25084,29.48554],[-97.23153,29.50844],[-97.23004,29.50778],[-97.227,29.50751],[-97.22396,29.50804],[-97.21972,29.50943],[-97.21822,29.50946],[-97.21677,29.5092],[-97.21612,29.50831],[-97.21425,29.5081],[-97.21239,29.50674],[-97.211,29.50615],[-97.20833,29.50592],[-97.20754,29.50597],[-97.20235,29.50775],[-97.20281,29.52631],[-97.20405,29.52626],[-97.20415,29.52446],[-97.21489,29.52427],[-97.21513,29.52758],[-97.21446,29.52828],[-97.21457,29.53177],[-97.22418,29.5317],[-97.22455,29.53191],[-97.22488,29.53722],[-97.22612,29.53732],[-97.22606,29.54234],[-97.2255,29.54346],[-97.2198,29.54798],[-97.2192,29.55049],[-97.21911,29.55583],[-97.22488,29.55497],[-97.22743,29.55428],[-97.22709,29.57103],[-97.21772,29.57117],[-97.21701,29.57087],[-97.21605,29.56904],[-97.2159,29.55934],[-97.21566,29.55914],[-97.19684,29.55929],[-97.19692,29.56804],[-97.20384,29.56831],[-97.20442,29.56924],[-97.20633,29.57031],[-97.20741,29.57053],[-97.20761,29.57115],[-97.20697,29.57161],[-97.20986,29.57348],[-97.21016,29.57425],[-97.21157,29.57434],[-97.21234,29.57491],[-97.21314,29.57472],[-97.21356,29.57577],[-97.21446,29.5756],[-97.2151,29.5761],[-97.2155,29.57687],[-97.21626,29.57717],[-97.21661,29.57761],[-97.2188,29.57781],[-97.21968,29.57736],[-97.22227,29.57895],[-97.22264,29.57931],[-97.22272,29.58026],[-97.223,29.58011],[-97.22329,29.58042],[-97.22396,29.58011],[-97.22508,29.58029],[-97.22596,29.58097],[-97.22631,29.58163],[-97.22659,29.58372],[-97.22636,29.5847],[-97.22733,29.58591],[-97.22784,29.5877],[-97.22831,29.58776],[-97.22804,29.59114],[-97.22818,29.59423],[-97.22908,29.59614],[-97.24204,29.596],[-97.2423,29.60032],[-97.25381,29.60034],[-97.25404,29.6033],[-97.25521,29.60341],[-97.25547,29.60203],[-97.2573,29.60134],[-97.25808,29.60075],[-97.25686,29.5997],[-97.25702,29.59884],[-97.2579,29.5982],[-97.25903,29.59784],[-97.25951,29.59731],[-97.25999,29.59787],[-97.2612,29.59786],[-97.26175,29.59651],[-97.26259,29.59589],[-97.26493,29.5951],[-97.26603,29.59393],[-97.26759,29.59294],[-97.26766,29.59169],[-97.26671,29.59168],[-97.26592,29.59059],[-97.26686,29.58892],[-97.2682,29.5882],[-97.28382,29.57482],[-97.28485,29.57341],[-97.28488,29.57162],[-97.28451,29.57058],[-97.28491,29.57011],[-97.28541,29.57005],[-97.28588,29.5691],[-97.28514,29.56818],[-97.28558,29.56765],[-97.28495,29.56722],[-97.28525,29.56702],[-97.28675,29.56742],[-97.28674,29.56703],[-97.28625,29.56659],[-97.28678,29.56613],[-97.28766,29.56705],[-97.28903,29.56737],[-97.28897,29.56794],[-97.28799,29.56865],[-97.28831,29.56996],[-97.29084,29.57223],[-97.29034,29.5728],[-97.28948,29.57311],[-97.28873,29.57289],[-97.28802,29.57213],[-97.2871,29.57346],[-97.28704,29.57399],[-97.28743,29.57432],[-97.28828,29.57444],[-97.28953,29.57382],[-97.28994,29.57392],[-97.2908,29.57535],[-97.29051,29.57678],[-97.29089,29.5775],[-97.2932,29.57769],[-97.29455,29.57659],[-97.29491,29.57648],[-97.29513,29.57677],[-97.29427,29.5803],[-97.29389,29.58089],[-97.29334,29.58068],[-97.2927,29.58107],[-97.29227,29.58231],[-97.29283,29.58468],[-97.2934,29.586],[-97.29406,29.5867],[-97.29411,29.58859],[-97.29329,29.58994],[-97.29387,29.59292],[-97.29479,29.59393],[-97.29501,29.59575],[-97.29697,29.59625],[-97.29674,29.5969],[-97.29691,29.60534],[-97.29658,29.60832],[-97.2974,29.60857],[-97.3081,29.60854],[-97.31026,29.60654],[-97.31166,29.60606],[-97.31507,29.60648],[-97.31766,29.60629],[-97.31838,29.60525],[-97.31853,29.60415],[-97.3192,29.60315],[-97.31834,29.60133],[-97.31852,29.59956],[-97.31813,29.59908],[-97.31845,29.59818],[-97.31838,29.59752],[-97.31798,29.59734],[-97.31806,29.59596],[-97.32073,29.59623],[-97.3248,29.59974],[-97.32618,29.60037],[-97.33683,29.60186],[-97.33913,29.60043],[-97.33919,29.60122],[-97.34316,29.59907],[-97.34236,29.59846],[-97.34232,29.59723],[-97.34634,29.59574],[-97.3464,29.59803],[-97.34676,29.59749],[-97.34874,29.59645],[-97.35403,29.59193],[-97.35821,29.58777],[-97.36594,29.58382],[-97.36672,29.583],[-97.36695,29.59036],[-97.36819,29.59345],[-97.38228,29.59355],[-97.38154,29.61214],[-97.38131,29.63616],[-97.381,29.6412],[-97.39499,29.64112],[-97.39754,29.6354],[-97.39829,29.63293],[-97.40519,29.61794],[-97.4149,29.61782],[-97.41509,29.60843],[-97.41607,29.60829],[-97.41774,29.60745],[-97.41938,29.60733],[-97.42104,29.6081],[-97.42459,29.60809],[-97.42537,29.6068],[-97.42942,29.60636],[-97.42993,29.6069],[-97.43154,29.60669],[-97.4316,29.60758],[-97.43206,29.60793],[-97.43601,29.60794],[-97.43592,29.61921],[-97.43622,29.61884],[-97.44541,29.61826],[-97.44983,29.61644],[-97.45116,29.61642],[-97.45059,29.61559],[-97.45047,29.61476],[-97.45111,29.61341],[-97.45262,29.61145],[-97.45504,29.60923],[-97.45914,29.60677],[-97.46394,29.60554],[-97.47162,29.60435],[-97.4721,29.60639],[-97.47587,29.6089],[-97.47649,29.61089],[-97.47835,29.61414],[-97.48481,29.61889],[-97.48703,29.62227],[-97.48893,29.62191],[-97.49245,29.62038],[-97.49356,29.61929],[-97.4915,29.61175],[-97.48821,29.61274],[-97.48769,29.61267],[-97.4867,29.61198],[-97.48861,29.61107],[-97.48868,29.61052],[-97.48974,29.61018],[-97.49,29.60904],[-97.49067,29.60852],[-97.48885,29.60044],[-97.4896,29.60034],[-97.49213,29.599],[-97.4922,29.59831],[-97.4939,29.59673],[-97.49415,29.59572],[-97.49523,29.59557],[-97.49574,29.59592],[-97.49757,29.59635],[-97.49895,29.5957],[-97.49933,29.59484],[-97.50024,29.59402],[-97.50242,29.59346],[-97.50498,29.59932],[-97.51681,29.58692],[-97.51771,29.58643],[-97.51822,29.58655],[-97.52201,29.58938],[-97.52314,29.58807],[-97.53429,29.59666],[-97.53408,29.59783],[-97.53537,29.59965],[-97.53668,29.59851],[-97.5374,29.59907],[-97.53722,29.59943],[-97.53747,29.59991],[-97.53814,29.59964],[-97.55769,29.61471],[-97.5515,29.62457]],[[-97.51543,29.37874],[-97.47755,29.36749],[-97.49127,29.33423],[-97.50297,29.32366],[-97.52892,29.34543],[-97.51543,29.37874]]],[[[-97.19688,29.51576],[-97.19769,29.51578],[-97.19876,29.517],[-97.19853,29.50553],[-97.19205,29.50708],[-97.18734,29.50712],[-97.18744,29.51404],[-97.18844,29.51395],[-97.18903,29.51429],[-97.19273,29.51496],[-97.19408,29.51504],[-97.19489,29.51477],[-97.19688,29.51576]]]]}},
{"type":"Feature","properties":{"zipcode":"78631","city":"Harper"},"geometry":{"type":"Polygon","coordinates":[[[-99.2686,30.4995],[-99.304,30.49983],[-99.30311,30.40685],[-99.30315,30.40485],[-99.30375,30.40205],[-99.30323,30.40016],[-99.30269,30.37584],[-99.30207,30.30064],[-99.30214,30.3002],[-99.30411,30.29768],[-99.30323,30.28634],[-99.3117,30.28676],[-99.39949,30.28788],[-99.39606,30.27861],[-99.39634,30.26394],[-99.39584,30.256],[-99.39807,30.24894],[-99.40391,30.22297],[-99.40174,30.22328],[-99.39995,30.22316],[-99.39955,30.22385],[-99.39033,30.23176],[-99.39489,30.23697],[-99.39112,30.23873],[-99.39369,30.24099],[-99.38697,30.24602],[-99.38387,30.24607],[-99.38311,30.2434],[-99.38042,30.24058],[-99.36583,30.23436],[-99.36023,30.23393],[-99.32776,30.2301],[-99.32682,30.22892],[-99.32681,30.21521],[-99.32629,30.21361],[-99.32447,30.2123],[-99.32117,30.21205],[-99.31949,30.21135],[-99.31834,30.20986],[-99.31816,30.20773],[-99.31314,30.20675],[-99.31095,30.20585],[-99.30981,30.2049],[-99.30986,30.20358],[-99.30805,30.20361],[-99.30867,30.2021],[-99.3082,30.20117],[-99.30752,30.20075],[-99.29966,30.20076],[-99.29634,30.20145],[-99.29378,30.20101],[-99.29172,30.20117],[-99.28631,30.20314],[-99.28552,30.20385],[-99.28377,30.20463],[-99.28201,30.20605],[-99.28106,30.20587],[-99.28027,30.20475],[-99.27921,30.20433],[-99.27683,30.20385],[-99.27398,30.20394],[-99.26791,30.20596],[-99.26601,30.20584],[-99.2643,30.20518],[-99.26232,30.20563],[-99.25928,30.20563],[-99.25585,30.20618],[-99.25485,30.20682],[-99.25284,30.20753],[-99.25279,30.20235],[-99.25483,30.19713],[-99.25594,30.19532],[-99.25711,30.19461],[-99.25787,30.19363],[-99.26092,30.19153],[-99.2648,30.18683],[-99.27134,30.17458],[-99.29015,30.1811],[-99.30131,30.18329],[-99.30102,30.1343],[-99.20721,30.13527],[-99.2066,30.13722],[-99.20644,30.14013],[-99.20462,30.14015],[-99.20254,30.141],[-99.2013,30.1408],[-99.19954,30.13958],[-99.19859,30.13939],[-99.19709,30.1424],[-99.19701,30.14339],[-99.19849,30.14456],[-99.19852,30.14514],[-99.19831,30.14541],[-99.19625,30.14592],[-99.19598,30.14642],[-99.19704,30.14697],[-99.19762,30.14764],[-99.19777,30.14902],[-99.19875,30.15071],[-99.19875,30.1523],[-99.20004,30.15395],[-99.20004,30.15645],[-99.20035,30.15725],[-99.19922,30.16243],[-99.19875,30.16298],[-99.19835,30.16308],[-99.19677,30.16255],[-99.19629,30.16184],[-99.1955,30.16149],[-99.19526,30.16049],[-99.19384,30.16028],[-99.19302,30.15913],[-99.19191,30.15867],[-99.19083,30.15673],[-99.19015,30.15636],[-99.18992,30.1576],[-99.18925,30.1583],[-99.1881,30.15866],[-99.18625,30.15859],[-99.18501,30.16011],[-99.18154,30.16209],[-99.18055,30.16295],[-99.17973,30.1648],[-99.17712,30.16528],[-99.18142,30.1721],[-99.18458,30.17332],[-99.19459,30.1757],[-99.19829,30.1777],[-99.20599,30.18528],[-99.20919,30.192],[-99.21198,30.19512],[-99.21369,30.19804],[-99.21835,30.20138],[-99.21688,30.20204],[-99.21618,30.20358],[-99.21331,30.20521],[-99.21205,30.2083],[-99.21247,30.20942],[-99.21137,30.21151],[-99.20942,30.2125],[-99.20792,30.21365],[-99.20629,30.2142],[-99.20287,30.21476],[-99.20182,30.21565],[-99.20203,30.2165],[-99.20166,30.21747],[-99.2024,30.21799],[-99.20309,30.21935],[-99.20312,30.22004],[-99.20244,30.22132],[-99.20136,30.22229],[-99.19811,30.22301],[-99.1975,30.22384],[-99.19766,30.22494],[-99.19933,30.22677],[-99.2002,30.22732],[-99.20005,30.22797],[-99.19693,30.22854],[-99.19613,30.22922],[-99.19537,30.22846],[-99.19104,30.22971],[-99.18922,30.22973],[-99.18766,30.22934],[-99.1886,30.22619],[-99.18685,30.22623],[-99.18641,30.2258],[-99.18603,30.2261],[-99.18621,30.22712],[-99.18519,30.22784],[-99.18534,30.22894],[-99.18321,30.22977],[-99.18175,30.23081],[-99.17977,30.2307],[-99.17442,30.23173],[-99.17431,30.23285],[-99.17302,30.23388],[-99.1723,30.23496],[-99.1726,30.23519],[-99.17223,30.23608],[-99.17571,30.23595],[-99.17626,30.23629],[-99.17695,30.23622],[-99.17732,30.23695],[-99.17822,30.23744],[-99.17872,30.23842],[-99.1788,30.24019],[-99.17674,30.24106],[-99.17315,30.25151],[-99.17209,30.25268],[-99.17051,30.25362],[-99.17035,30.25484],[-99.16871,30.25722],[-99.16887,30.25793],[-99.16779,30.25841],[-99.16676,30.25807],[-99.14122,30.25749],[-99.13877,30.2572],[-99.13879,30.25835],[-99.14088,30.26055],[-99.14085,30.26229],[-99.14135,30.26403],[-99.14095,30.26595],[-99.13832,30.26695],[-99.13761,30.26834],[-99.13871,30.26942],[-99.13984,30.26903],[-99.14074,30.27116],[-99.14108,30.2733],[-99.13997,30.27362],[-99.13963,30.27401],[-99.13807,30.27678],[-99.13566,30.27807],[-99.13428,30.28029],[-99.13229,30.28236],[-99.13213,30.28327],[-99.13264,30.28362],[-99.13245,30.28495],[-99.13182,30.28525],[-99.13213,30.28761],[-99.13168,30.28839],[-99.13051,30.2889],[-99.13017,30.2894],[-99.13083,30.29094],[-99.1307,30.29278],[-99.13107,30.29409],[-99.11969,30.29415],[-99.11932,30.27837],[-99.1078,30.27883],[-99.10213,30.27821],[-99.09452,30.27827],[-99.09178,30.27739],[-99.07368,30.27779],[-99.07302,30.25173],[-99.06977,30.2489],[-99.05335,30.24927],[-99.05328,30.24479],[-99.04558,30.24298],[-99.04395,30.24289],[-99.04411,30.24543],[-99.04558,30.24711],[-99.04635,30.25058],[-99.04772,30.25083],[-99.04854,30.2505],[-99.05039,30.25044],[-99.05089,30.26864],[-99.0504,30.26958],[-99.05053,30.27153],[-99.04937,30.27224],[-99.04061,30.27184],[-99.04019,30.27113],[-99.03962,30.27102],[-99.04025,30.27302],[-99.03872,30.27421],[-99.03912,30.27597],[-99.03899,30.27672],[-99.03813,30.27806],[-99.03647,30.27773],[-99.03541,30.27794],[-99.03504,30.2792],[-99.0342,30.28007],[-99.03396,30.28115],[-99.03237,30.28193],[-99.0315,30.28429],[-99.02963,30.28545],[-99.02915,30.2864],[-99.02896,30.28784],[-99.02843,30.2886],[-99.02841,30.29645],[-99.03313,30.29603],[-99.03328,30.29838],[-99.03386,30.29978],[-99.03365,30.30103],[-99.0346,30.3014],[-99.03577,30.30133],[-99.03531,30.30196],[-99.0353,30.30253],[-99.03688,30.30331],[-99.03798,30.30272],[-99.03857,30.30299],[-99.04079,30.30284],[-99.04242,30.30063],[-99.04245,30.29942],[-99.04302,30.29878],[-99.04597,30.30052],[-99.04787,30.30122],[-99.05433,30.3026],[-99.05692,30.30269],[-99.05864,30.30899],[-99.05875,30.31117],[-99.05851,30.31201],[-99.0588,30.31406],[-99.05973,30.31518],[-99.06124,30.31555],[-99.06274,30.31635],[-99.06354,30.31846],[-99.06444,30.31991],[-99.06498,30.3239],[-99.07587,30.32342],[-99.07611,30.31844],[-99.08384,30.31854],[-99.08451,30.31793],[-99.08563,30.3179],[-99.08746,30.31828],[-99.0877,30.31474],[-99.10369,30.31454],[-99.10527,30.31338],[-99.10545,30.29947],[-99.13121,30.2995],[-99.13124,30.30398],[-99.13176,30.30412],[-99.13157,30.30707],[-99.13291,30.30713],[-99.1375,30.30908],[-99.14228,30.3098],[-99.14511,30.31057],[-99.14653,30.31039],[-99.152,30.31056],[-99.15229,30.31108],[-99.15278,30.31129],[-99.15316,30.31217],[-99.15323,30.31391],[-99.15283,30.31442],[-99.14255,30.31276],[-99.14204,30.31344],[-99.1398,30.31461],[-99.13906,30.31676],[-99.1398,30.31786],[-99.14006,30.31887],[-99.14188,30.32142],[-99.14132,30.32655],[-99.14179,30.32754],[-99.15346,30.32755],[-99.15351,30.3229],[-99.15437,30.32308],[-99.15493,30.32269],[-99.15652,30.32276],[-99.15733,30.32161],[-99.15956,30.32099],[-99.16135,30.31973],[-99.1622,30.31849],[-99.16336,30.31775],[-99.16524,30.31734],[-99.1659,30.31615],[-99.16592,30.31532],[-99.16724,30.3139],[-99.16791,30.31104],[-99.16756,30.31008],[-99.16855,30.30901],[-99.16846,30.30808],[-99.1675,30.30734],[-99.16816,30.30274],[-99.17019,30.29889],[-99.17242,30.30013],[-99.17414,30.30043],[-99.2086,30.3002],[-99.19076,30.30666],[-99.18722,30.30669],[-99.18223,30.30742],[-99.17515,30.30737],[-99.17565,30.30868],[-99.1757,30.33066],[-99.17602,30.3311],[-99.17702,30.33124],[-99.1781,30.33362],[-99.17818,30.33532],[-99.17787,30.33642],[-99.17736,30.33674],[-99.1771,30.33802],[-99.17781,30.34043],[-99.17971,30.34327],[-99.17969,30.34423],[-99.17815,30.34772],[-99.17786,30.34994],[-99.17591,30.35386],[-99.17591,30.35512],[-99.17718,30.35723],[-99.17736,30.35819],[-99.17641,30.36112],[-99.17638,30.36229],[-99.17757,30.36537],[-99.17842,30.36899],[-99.1785,30.37071],[-99.17908,30.37224],[-99.18057,30.37518],[-99.18339,30.37752],[-99.18352,30.37798],[-99.18321,30.37834],[-99.18377,30.37911],[-99.18347,30.38194],[-99.1831,30.38279],[-99.18243,30.38309],[-99.18068,30.38508],[-99.17397,30.38518],[-99.17389,30.40188],[-99.17331,30.40284],[-99.16435,30.40284],[-99.16118,30.40178],[-99.15849,30.40289],[-99.15691,30.40254],[-99.15581,30.40303],[-99.15572,30.40876],[-99.15667,30.41192],[-99.1581,30.41392],[-99.15823,30.41538],[-99.15802,30.41589],[-99.15667,30.41662],[-99.15614,30.41761],[-99.15646,30.41946],[-99.15585,30.42059],[-99.15528,30.42494],[-99.15599,30.42546],[-99.15652,30.42691],[-99.15511,30.4287],[-99.155,30.43053],[-99.16214,30.43064],[-99.16352,30.43008],[-99.16457,30.42916],[-99.16878,30.42268],[-99.17543,30.41706],[-99.18031,30.41404],[-99.18249,30.41171],[-99.18379,30.41117],[-99.18749,30.41056],[-99.18986,30.40932],[-99.19067,30.40955],[-99.19232,30.40898],[-99.19297,30.40937],[-99.19298,30.40989],[-99.19365,30.41034],[-99.19414,30.41145],[-99.19497,30.41175],[-99.19563,30.41165],[-99.19739,30.41072],[-99.19868,30.40949],[-99.1997,30.4099],[-99.20007,30.41984],[-99.21884,30.41934],[-99.22163,30.42237],[-99.22269,30.42425],[-99.22547,30.42643],[-99.23094,30.42746],[-99.23319,30.42892],[-99.23528,30.43133],[-99.23576,30.43234],[-99.23787,30.43424],[-99.23915,30.43672],[-99.24108,30.43811],[-99.24187,30.44105],[-99.24571,30.44118],[-99.24566,30.44226],[-99.24473,30.44373],[-99.24471,30.44467],[-99.24492,30.44517],[-99.24725,30.44696],[-99.24756,30.44762],[-99.24783,30.45558],[-99.24852,30.45615],[-99.24994,30.45603],[-99.24997,30.4564],[-99.25134,30.45734],[-99.25148,30.45805],[-99.25074,30.4591],[-99.25074,30.45956],[-99.25142,30.46071],[-99.25152,30.46678],[-99.24734,30.4705],[-99.24717,30.49154],[-99.24831,30.495],[-99.24842,30.49619],[-99.25495,30.49521],[-99.2567,30.49452],[-99.26011,30.49457],[-99.26336,30.49503],[-99.26665,30.49707],[-99.2686,30.4995]]]}},
{"type":"Feature","properties":{"zipcode":"78632","city":"Harwood"},"geometry":{"type":"Polygon","coordinates":[[[-97.45428,29.79404],[-97.45523,29.79486],[-97.46091,29.79499],[-97.46579,29.7977],[-97.4661,29.79353],[-97.47851,29.79368],[-97.47851,29.79745],[-97.48836,29.79595],[-97.48368,29.78818],[-97.48342,29.78572],[-97.48243,29.78533],[-97.48181,29.78541],[-97.48111,29.78419],[-97.47917,29.78251],[-97.47793,29.78236],[-97.47748,29.7803],[-97.47672,29.77216],[-97.47821,29.76942],[-97.47631,29.76661],[-97.47585,29.76243],[-97.47802,29.7622],[-97.47917,29.76241],[-97.4797,29.75559],[-97.48517,29.75552],[-97.48545,29.7552],[-97.48598,29.75541],[-97.48796,29.75531],[-97.48795,29.75019],[-97.4917,29.75039],[-97.49193,29.74787],[-97.49562,29.74839],[-97.49677,29.74291],[-97.49895,29.7436],[-97.50443,29.74377],[-97.50594,29.744],[-97.50618,29.74424],[-97.5066,29.7441],[-97.50677,29.74547],[-97.50737,29.74631],[-97.50963,29.74706],[-97.51113,29.74899],[-97.51199,29.74696],[-97.51288,29.74629],[-97.51554,29.74597],[-97.51774,29.74534],[-97.52488,29.74535],[-97.5251,29.74301],[-97.52679,29.74273],[-97.52674,29.71922],[-97.52387,29.71931],[-97.52321,29.7194],[-97.52309,29.71973],[-97.51717,29.72021],[-97.51445,29.7124],[-97.51872,29.71106],[-97.52113,29.71172],[-97.52283,29.71049],[-97.52011,29.70752],[-97.51866,29.70496],[-97.51466,29.69195],[-97.53076,29.68602],[-97.53237,29.6858],[-97.54635,29.67503],[-97.54732,29.6738],[-97.55129,29.67082],[-97.55283,29.66853],[-97.55285,29.66826],[-97.54875,29.66872],[-97.54561,29.66819],[-97.53405,29.66321],[-97.53186,29.66254],[-97.52968,29.66245],[-97.52849,29.66371],[-97.53068,29.66044],[-97.53216,29.65901],[-97.54178,29.65408],[-97.5428,29.6538],[-97.54498,29.65371],[-97.54699,29.654],[-97.55084,29.65372],[-97.55582,29.65398],[-97.55773,29.65294],[-97.55298,29.65244],[-97.55294,29.65194],[-97.55328,29.65165],[-97.55234,29.65028],[-97.53336,29.6411],[-97.54241,29.63404],[-97.54483,29.63506],[-97.55769,29.61471],[-97.53814,29.59964],[-97.53747,29.59991],[-97.53722,29.59943],[-97.5374,29.59907],[-97.53668,29.59851],[-97.53537,29.59965],[-97.53408,29.59783],[-97.53429,29.59666],[-97.52314,29.58807],[-97.52201,29.58938],[-97.51822,29.58655],[-97.51771,29.58643],[-97.51681,29.58692],[-97.50498,29.59932],[-97.50242,29.59346],[-97.50024,29.59402],[-97.49933,29.59484],[-97.49895,29.5957],[-97.49757,29.59635],[-97.49574,29.59592],[-97.49523,29.59557],[-97.49415,29.59572],[-97.4939,29.59673],[-97.4922,29.59831],[-97.49213,29.599],[-97.4896,29.60034],[-97.48885,29.60044],[-97.49067,29.60852],[-97.49,29.60904],[-97.48974,29.61018],[-97.48868,29.61052],[-97.48861,29.61107],[-97.4867,29.61198],[-97.48769,29.61267],[-97.48821,29.61274],[-97.4915,29.61175],[-97.49356,29.61929],[-97.49245,29.62038],[-97.48893,29.62191],[-97.48703,29.62227],[-97.48481,29.61889],[-97.47835,29.61414],[-97.47649,29.61089],[-97.47587,29.6089],[-97.4721,29.60639],[-97.47162,29.60435],[-97.46394,29.60554],[-97.45914,29.60677],[-97.45504,29.60923],[-97.45262,29.61145],[-97.45111,29.61341],[-97.45047,29.61476],[-97.45059,29.61559],[-97.45116,29.61642],[-97.44983,29.61644],[-97.44541,29.61826],[-97.43622,29.61884],[-97.43592,29.61921],[-97.43601,29.60794],[-97.43206,29.60793],[-97.4316,29.60758],[-97.43154,29.60669],[-97.42993,29.6069],[-97.42942,29.60636],[-97.42537,29.6068],[-97.42459,29.60809],[-97.42104,29.6081],[-97.41938,29.60733],[-97.41774,29.60745],[-97.41607,29.60829],[-97.41509,29.60843],[-97.4149,29.61782],[-97.40519,29.61794],[-97.39829,29.63293],[-97.39754,29.6354],[-97.39491,29.64131],[-97.4085,29.64159],[-97.40853,29.65012],[-97.40881,29.65244],[-97.41004,29.65242],[-97.40948,29.65272],[-97.40914,29.6543],[-97.40731,29.65539],[-97.40746,29.65589],[-97.40702,29.65613],[-97.40695,29.65665],[-97.40645,29.65665],[-97.40653,29.65721],[-97.40577,29.65731],[-97.40563,29.65799],[-97.40523,29.65812],[-97.40538,29.65875],[-97.40346,29.66067],[-97.40261,29.66213],[-97.40302,29.66287],[-97.40085,29.66367],[-97.40083,29.66445],[-97.40048,29.66485],[-97.40185,29.66798],[-97.40261,29.6686],[-97.40242,29.6693],[-97.40296,29.6698],[-97.40367,29.6719],[-97.40419,29.67587],[-97.40382,29.67719],[-97.40411,29.67742],[-97.40702,29.67728],[-97.40965,29.67844],[-97.41019,29.67832],[-97.41084,29.67738],[-97.41144,29.67727],[-97.41407,29.67826],[-97.4142,29.67882],[-97.41367,29.67975],[-97.41387,29.68074],[-97.41499,29.68118],[-97.41631,29.68092],[-97.41656,29.68258],[-97.41765,29.68544],[-97.41697,29.69038],[-97.41003,29.71742],[-97.40945,29.75923],[-97.43947,29.78467],[-97.44862,29.78478],[-97.44883,29.7849],[-97.4489,29.78819],[-97.45423,29.78824],[-97.45428,29.79404]]]}},
{"type":"Feature","properties":{"zipcode":"78633","city":"Georgetown"},"geometry":{"type":"Polygon","coordinates":[[[-97.81459,30.77043],[-97.81584,30.7717],[-97.81755,30.77224],[-97.81744,30.77241],[-97.79648,30.77911],[-97.79905,30.78012],[-97.79938,30.78055],[-97.80177,30.78187],[-97.80333,30.78338],[-97.80379,30.78425],[-97.80485,30.78506],[-97.8044,30.78603],[-97.80473,30.78677],[-97.80912,30.78787],[-97.80909,30.78872],[-97.81062,30.78974],[-97.81103,30.79099],[-97.81193,30.79182],[-97.81219,30.79297],[-97.81445,30.79406],[-97.81556,30.79518],[-97.81825,30.7969],[-97.81957,30.79727],[-97.82123,30.80032],[-97.82031,30.80142],[-97.82107,30.80417],[-97.82491,30.80822],[-97.82597,30.81074],[-97.8402,30.80692],[-97.84368,30.80631],[-97.84802,30.80496],[-97.84952,30.80376],[-97.85001,30.80259],[-97.84992,30.80132],[-97.84405,30.7873],[-97.84417,30.78606],[-97.84512,30.78488],[-97.85484,30.78173],[-97.85774,30.78125],[-97.86014,30.78005],[-97.87707,30.77492],[-97.87662,30.75419],[-97.86956,30.75635],[-97.86796,30.75244],[-97.86931,30.75008],[-97.86895,30.74865],[-97.86711,30.74766],[-97.86666,30.7466],[-97.86685,30.74577],[-97.86714,30.74577],[-97.86711,30.74485],[-97.86634,30.7437],[-97.8658,30.74356],[-97.86496,30.74247],[-97.86473,30.74054],[-97.86364,30.74003],[-97.865,30.73685],[-97.86461,30.73512],[-97.86265,30.73082],[-97.86199,30.73034],[-97.86017,30.72973],[-97.8596,30.72892],[-97.85632,30.71997],[-97.86003,30.71868],[-97.85966,30.71193],[-97.86094,30.71126],[-97.8608,30.70791],[-97.86457,30.70686],[-97.86327,30.70212],[-97.86259,30.70206],[-97.85876,30.70052],[-97.85814,30.70051],[-97.85626,30.70564],[-97.8551,30.7052],[-97.83977,30.70248],[-97.83013,30.70316],[-97.83021,30.70227],[-97.82933,30.69883],[-97.82826,30.69838],[-97.82629,30.69867],[-97.82579,30.69761],[-97.82337,30.69801],[-97.82037,30.69752],[-97.81948,30.69697],[-97.8177,30.69454],[-97.81557,30.69263],[-97.8123,30.69096],[-97.81138,30.68994],[-97.80919,30.6885],[-97.80668,30.69034],[-97.80523,30.69039],[-97.80452,30.69083],[-97.80317,30.69113],[-97.80212,30.69107],[-97.80061,30.69041],[-97.79962,30.68958],[-97.79579,30.68799],[-97.79356,30.68561],[-97.79212,30.68464],[-97.792,30.6855],[-97.79239,30.68603],[-97.792,30.68611],[-97.7914,30.68546],[-97.79152,30.68488],[-97.79125,30.68456],[-97.79033,30.68379],[-97.78893,30.68315],[-97.78883,30.68336],[-97.78809,30.68316],[-97.78768,30.68344],[-97.7859,30.68322],[-97.78536,30.68341],[-97.78219,30.68294],[-97.7801,30.68311],[-97.7766,30.68212],[-97.77634,30.68221],[-97.7763,30.68295],[-97.77596,30.68306],[-97.77352,30.67987],[-97.77303,30.67995],[-97.77101,30.67849],[-97.76827,30.67725],[-97.76608,30.67686],[-97.76539,30.67624],[-97.76255,30.67604],[-97.7622,30.67645],[-97.76125,30.67523],[-97.76072,30.67367],[-97.75796,30.67157],[-97.75614,30.67111],[-97.75477,30.67143],[-97.75397,30.67229],[-97.75455,30.67414],[-97.7552,30.67438],[-97.75402,30.67519],[-97.75397,30.67707],[-97.75552,30.67792],[-97.75432,30.67798],[-97.75419,30.67817],[-97.75404,30.67793],[-97.7532,30.67782],[-97.75069,30.6782],[-97.74867,30.67929],[-97.74958,30.68046],[-97.7505,30.68086],[-97.75342,30.68088],[-97.75153,30.68155],[-97.75048,30.68238],[-97.75108,30.68438],[-97.75168,30.68484],[-97.75207,30.68468],[-97.75202,30.68508],[-97.75302,30.68508],[-97.75303,30.68532],[-97.75241,30.68549],[-97.75244,30.68617],[-97.75186,30.6862],[-97.75035,30.68566],[-97.75035,30.68537],[-97.74957,30.685],[-97.74789,30.68237],[-97.74641,30.68079],[-97.74518,30.6807],[-97.74443,30.68129],[-97.74398,30.68245],[-97.7439,30.68324],[-97.74418,30.68371],[-97.74371,30.68353],[-97.74365,30.68442],[-97.74332,30.68362],[-97.74355,30.68303],[-97.74302,30.68244],[-97.74316,30.68187],[-97.74256,30.6801],[-97.73874,30.6795],[-97.73816,30.68037],[-97.73824,30.68223],[-97.73689,30.68624],[-97.73763,30.68729],[-97.73904,30.68761],[-97.73991,30.68821],[-97.74011,30.68865],[-97.73968,30.68889],[-97.73915,30.68845],[-97.73813,30.68876],[-97.73786,30.68822],[-97.73565,30.68697],[-97.73497,30.68743],[-97.73562,30.68641],[-97.73589,30.68353],[-97.73548,30.68339],[-97.73332,30.68407],[-97.73467,30.68331],[-97.73505,30.68273],[-97.73493,30.68236],[-97.73531,30.6822],[-97.7357,30.68092],[-97.73524,30.67973],[-97.73394,30.67915],[-97.73282,30.6791],[-97.73099,30.67779],[-97.72871,30.67666],[-97.72796,30.67846],[-97.72721,30.67678],[-97.72618,30.67767],[-97.72532,30.67801],[-97.72477,30.67881],[-97.72475,30.67816],[-97.7268,30.67553],[-97.72629,30.67423],[-97.72547,30.67363],[-97.72567,30.67314],[-97.72543,30.6721],[-97.72413,30.67127],[-97.7238,30.67045],[-97.72302,30.67047],[-97.72288,30.6695],[-97.72662,30.66732],[-97.72639,30.6667],[-97.72238,30.66906],[-97.72124,30.67042],[-97.71999,30.67845],[-97.71786,30.68264],[-97.71524,30.68148],[-97.71221,30.67962],[-97.71205,30.67987],[-97.71506,30.68173],[-97.71782,30.68296],[-97.7168,30.68502],[-97.71622,30.6877],[-97.71667,30.68795],[-97.71076,30.69168],[-97.70942,30.6933],[-97.7085,30.69555],[-97.70803,30.69728],[-97.7085,30.69768],[-97.70918,30.69931],[-97.7119,30.69999],[-97.71073,30.70144],[-97.71032,30.70285],[-97.71033,30.70334],[-97.7114,30.70436],[-97.7116,30.70534],[-97.70982,30.70679],[-97.70959,30.70667],[-97.69589,30.71042],[-97.69648,30.71159],[-97.69401,30.71237],[-97.69395,30.71474],[-97.69183,30.71575],[-97.69175,30.71748],[-97.68685,30.71976],[-97.68605,30.72066],[-97.68492,30.72014],[-97.68322,30.72073],[-97.68203,30.72146],[-97.68146,30.72261],[-97.68152,30.72393],[-97.68259,30.72549],[-97.68482,30.72591],[-97.6874,30.72589],[-97.69047,30.72529],[-97.69106,30.72495],[-97.69224,30.72638],[-97.68226,30.73118],[-97.67249,30.72598],[-97.6714,30.72596],[-97.67189,30.72563],[-97.66761,30.72238],[-97.66496,30.7194],[-97.65892,30.71085],[-97.65713,30.70824],[-97.65725,30.70786],[-97.65494,30.70396],[-97.65434,30.70415],[-97.65322,30.70258],[-97.65194,30.7017],[-97.64763,30.71336],[-97.63811,30.74115],[-97.6344,30.75301],[-97.62932,30.76524],[-97.62669,30.77386],[-97.62862,30.77407],[-97.63348,30.77244],[-97.64334,30.79578],[-97.6537,30.79248],[-97.65222,30.78859],[-97.68019,30.77962],[-97.67945,30.77734],[-97.68061,30.77707],[-97.68049,30.77789],[-97.68201,30.78259],[-97.68447,30.78535],[-97.68475,30.78616],[-97.68656,30.78728],[-97.68753,30.78872],[-97.68983,30.78966],[-97.69088,30.79092],[-97.69211,30.79188],[-97.69348,30.7924],[-97.69523,30.79248],[-97.69592,30.79349],[-97.69746,30.79364],[-97.6989,30.7956],[-97.70027,30.79575],[-97.70177,30.79556],[-97.7054,30.79601],[-97.70708,30.7953],[-97.70852,30.79525],[-97.71086,30.79395],[-97.70947,30.79334],[-97.70883,30.79229],[-97.70937,30.78999],[-97.70932,30.78738],[-97.71063,30.78759],[-97.71171,30.78723],[-97.71298,30.78587],[-97.71433,30.78513],[-97.71508,30.78439],[-97.71622,30.78173],[-97.71815,30.7801],[-97.71756,30.77863],[-97.71693,30.77833],[-97.71471,30.77783],[-97.71323,30.77786],[-97.7121,30.77695],[-97.70898,30.77632],[-97.70859,30.77334],[-97.7089,30.77103],[-97.70671,30.77078],[-97.70525,30.77019],[-97.7038,30.76921],[-97.70181,30.76964],[-97.7011,30.76954],[-97.69911,30.76747],[-97.71725,30.76196],[-97.71553,30.75999],[-97.71842,30.75846],[-97.72223,30.75502],[-97.72317,30.75534],[-97.72379,30.75483],[-97.72786,30.75363],[-97.72992,30.752],[-97.73207,30.75157],[-97.73172,30.75056],[-97.73206,30.74995],[-97.73159,30.74805],[-97.75586,30.75427],[-97.75839,30.75355],[-97.76607,30.75275],[-97.76938,30.75276],[-97.77975,30.74933],[-97.78094,30.74928],[-97.78146,30.75044],[-97.78139,30.74967],[-97.78638,30.74904],[-97.78692,30.74871],[-97.78759,30.74748],[-97.78971,30.74552],[-97.79129,30.74448],[-97.79853,30.74157],[-97.80161,30.74062],[-97.80297,30.74308],[-97.81459,30.77043]]]}},
{"type":"Feature","properties":{"zipcode":"78634","city":"Hutto"},"geometry":{"type":"Polygon","coordinates":[[[-97.53341,30.63172],[-97.54092,30.63538],[-97.54683,30.6364],[-97.54736,30.63524],[-97.54682,30.63386],[-97.54692,30.6333],[-97.54749,30.63286],[-97.54909,30.63258],[-97.55045,30.63128],[-97.5515,30.63122],[-97.55174,30.62857],[-97.5543,30.62853],[-97.55524,30.628],[-97.55632,30.62868],[-97.55724,30.62815],[-97.55757,30.62838],[-97.5579,30.62786],[-97.5604,30.62715],[-97.56489,30.62473],[-97.55979,30.6119],[-97.55554,30.60215],[-97.55686,30.60148],[-97.57251,30.59662],[-97.57832,30.6105],[-97.56831,30.61444],[-97.56729,30.61548],[-97.56568,30.61621],[-97.56657,30.61941],[-97.567,30.61943],[-97.56743,30.61994],[-97.57782,30.62033],[-97.58273,30.62095],[-97.58132,30.61755],[-97.6016,30.61118],[-97.60248,30.61293],[-97.60389,30.61477],[-97.6074,30.6175],[-97.62616,30.61163],[-97.62231,30.60252],[-97.61189,30.60585],[-97.61116,30.60631],[-97.60973,30.60832],[-97.60896,30.60885],[-97.6054,30.59952],[-97.60717,30.59138],[-97.5964,30.5948],[-97.58823,30.57545],[-97.59295,30.57521],[-97.59681,30.5686],[-97.59319,30.5671],[-97.59305,30.5652],[-97.59107,30.56208],[-97.59474,30.56209],[-97.59435,30.56081],[-97.5945,30.55951],[-97.59301,30.55512],[-97.59205,30.55506],[-97.59191,30.54915],[-97.58695,30.54884],[-97.5869,30.54643],[-97.58788,30.54566],[-97.58793,30.54456],[-97.59271,30.54453],[-97.59276,30.5417],[-97.59439,30.54163],[-97.59416,30.53723],[-97.60126,30.53644],[-97.60118,30.53329],[-97.59505,30.53437],[-97.59514,30.53217],[-97.59437,30.5308],[-97.59563,30.52977],[-97.59618,30.52965],[-97.59623,30.52931],[-97.59024,30.53086],[-97.58957,30.53082],[-97.58866,30.51924],[-97.58963,30.5192],[-97.59023,30.5187],[-97.59002,30.50693],[-97.58951,30.50695],[-97.5894,30.50121],[-97.58858,30.50116],[-97.58897,30.49943],[-97.58885,30.49879],[-97.58725,30.49962],[-97.58662,30.49883],[-97.59017,30.49717],[-97.59084,30.49724],[-97.59112,30.4984],[-97.59149,30.49819],[-97.59149,30.49776],[-97.59294,30.49756],[-97.59267,30.49422],[-97.59234,30.49381],[-97.58243,30.49387],[-97.58145,30.49805],[-97.58056,30.49993],[-97.57984,30.50046],[-97.57761,30.50055],[-97.57387,30.50034],[-97.57308,30.50018],[-97.57309,30.49988],[-97.57036,30.49933],[-97.57007,30.49875],[-97.57085,30.49178],[-97.56918,30.49174],[-97.56894,30.49616],[-97.56526,30.49585],[-97.56477,30.49489],[-97.56479,30.4937],[-97.56391,30.49357],[-97.5608,30.49323],[-97.56033,30.49533],[-97.55111,30.49402],[-97.55361,30.48079],[-97.53986,30.47895],[-97.53927,30.47916],[-97.5395,30.47836],[-97.52814,30.4755],[-97.52497,30.47296],[-97.52325,30.47693],[-97.51224,30.48522],[-97.5085,30.48309],[-97.5066,30.48168],[-97.50424,30.48067],[-97.5031,30.47987],[-97.50143,30.47752],[-97.49779,30.49495],[-97.50032,30.4959],[-97.50663,30.49944],[-97.5129,30.50066],[-97.51699,30.50307],[-97.5199,30.50518],[-97.51387,30.53712],[-97.48667,30.53348],[-97.48304,30.55359],[-97.48414,30.55344],[-97.48444,30.55365],[-97.4839,30.55373],[-97.48452,30.55438],[-97.48566,30.55694],[-97.51239,30.55466],[-97.51521,30.5548],[-97.51922,30.55399],[-97.52171,30.55388],[-97.5244,30.55478],[-97.5218,30.56994],[-97.52207,30.57023],[-97.52637,30.57078],[-97.52776,30.5742],[-97.52597,30.57469],[-97.52538,30.57566],[-97.52495,30.57565],[-97.52423,30.57617],[-97.5234,30.57597],[-97.52271,30.57529],[-97.52087,30.57586],[-97.51996,30.57561],[-97.51977,30.57528],[-97.51964,30.5756],[-97.51881,30.57558],[-97.51754,30.57655],[-97.51719,30.57728],[-97.51599,30.57798],[-97.51581,30.57985],[-97.51486,30.5814],[-97.51211,30.58279],[-97.51232,30.58526],[-97.51156,30.58645],[-97.51011,30.58772],[-97.50947,30.58919],[-97.50753,30.58863],[-97.50663,30.58958],[-97.50578,30.58921],[-97.50478,30.58942],[-97.50491,30.58892],[-97.50433,30.58916],[-97.50437,30.58966],[-97.50386,30.59019],[-97.50314,30.58999],[-97.50187,30.59016],[-97.50054,30.58897],[-97.50061,30.58872],[-97.50111,30.58871],[-97.50101,30.58837],[-97.50174,30.58779],[-97.50163,30.58745],[-97.50007,30.58688],[-97.49941,30.58584],[-97.49863,30.58535],[-97.49851,30.58478],[-97.49766,30.58471],[-97.50377,30.59856],[-97.49875,30.6003],[-97.50042,30.60391],[-97.49404,30.60608],[-97.49253,30.60247],[-97.48151,30.60581],[-97.49066,30.62717],[-97.49562,30.62847],[-97.49689,30.62809],[-97.49871,30.62807],[-97.49927,30.62782],[-97.49951,30.62725],[-97.50034,30.62732],[-97.50226,30.62679],[-97.50428,30.62811],[-97.50613,30.62992],[-97.50858,30.63064],[-97.5109,30.63213],[-97.51272,30.6324],[-97.51479,30.63227],[-97.51604,30.63147],[-97.51876,30.63075],[-97.52135,30.62957],[-97.52486,30.62891],[-97.52714,30.62931],[-97.52796,30.63035],[-97.52869,30.63075],[-97.53236,30.63091],[-97.53341,30.63172]]]}},
{"type":"Feature","properties":{"zipcode":"78635","city":"Hye"},"geometry":{"type":"Polygon","coordinates":[[[-98.52382,30.24569],[-98.52578,30.24664],[-98.52678,30.24759],[-98.52675,30.24793],[-98.52498,30.24928],[-98.52487,30.25023],[-98.52551,30.25079],[-98.52831,30.25179],[-98.52902,30.25227],[-98.53767,30.24622],[-98.53997,30.24562],[-98.55294,30.24561],[-98.55965,30.24371],[-98.5665,30.2432],[-98.58787,30.23953],[-98.58787,30.18598],[-98.58671,30.18527],[-98.58638,30.18472],[-98.58609,30.18027],[-98.58471,30.17708],[-98.58383,30.17603],[-98.58021,30.1733],[-98.57859,30.17163],[-98.56951,30.16557],[-98.56423,30.16305],[-98.56161,30.1606],[-98.56086,30.16029],[-98.55465,30.15973],[-98.54771,30.16021],[-98.54762,30.16119],[-98.5467,30.16127],[-98.54553,30.16101],[-98.54344,30.16134],[-98.54137,30.16065],[-98.53947,30.16123],[-98.53658,30.16141],[-98.52979,30.16109],[-98.52895,30.16134],[-98.5283,30.1628],[-98.5272,30.16296],[-98.52547,30.16373],[-98.52464,30.16352],[-98.5228,30.16191],[-98.52207,30.16172],[-98.52039,30.16226],[-98.51929,30.1631],[-98.5183,30.16343],[-98.51676,30.16499],[-98.51448,30.16477],[-98.51332,30.16527],[-98.50613,30.16563],[-98.49267,30.17165],[-98.49203,30.17214],[-98.49328,30.1759],[-98.49346,30.17777],[-98.49418,30.17883],[-98.49427,30.18004],[-98.49389,30.18086],[-98.49428,30.18163],[-98.49449,30.18375],[-98.49553,30.18666],[-98.49596,30.18708],[-98.49479,30.18772],[-98.49426,30.18897],[-98.49429,30.18976],[-98.49491,30.19217],[-98.49574,30.19262],[-98.49602,30.19322],[-98.49608,30.19471],[-98.49523,30.19549],[-98.49691,30.20264],[-98.49723,30.2069],[-98.49835,30.21219],[-98.49891,30.21222],[-98.49956,30.21165],[-98.5007,30.21148],[-98.50144,30.21095],[-98.50217,30.20959],[-98.50376,30.20853],[-98.50571,30.20657],[-98.50561,30.20521],[-98.50595,30.20485],[-98.50698,30.20453],[-98.50884,30.20456],[-98.5115,30.20407],[-98.5122,30.20438],[-98.51237,30.20561],[-98.51197,30.20647],[-98.51436,30.20691],[-98.51476,30.20873],[-98.5156,30.20852],[-98.5163,30.2088],[-98.51641,30.21032],[-98.51586,30.21182],[-98.51666,30.21259],[-98.51686,30.21385],[-98.51721,30.21403],[-98.519,30.21394],[-98.51958,30.21453],[-98.51981,30.21653],[-98.51926,30.21774],[-98.52003,30.21776],[-98.52121,30.21721],[-98.52318,30.21754],[-98.52317,30.21885],[-98.52354,30.21942],[-98.52647,30.21978],[-98.52575,30.22087],[-98.52468,30.22087],[-98.52356,30.22179],[-98.52313,30.22182],[-98.52297,30.2225],[-98.52371,30.22385],[-98.52458,30.22466],[-98.52431,30.22742],[-98.52533,30.22829],[-98.52599,30.22974],[-98.52678,30.23022],[-98.52737,30.23114],[-98.5256,30.2318],[-98.52531,30.23228],[-98.52562,30.23347],[-98.52695,30.23587],[-98.52705,30.23695],[-98.52685,30.23799],[-98.52581,30.23958],[-98.52522,30.24282],[-98.52374,30.24486],[-98.52382,30.24569]]]}},
{"type":"Feature","properties":{"zipcode":"78636","city":"Johnson City"},"geometry":{"type":"Polygon","coordinates":[[[-98.41562,30.47288],[-98.41734,30.47737],[-98.41837,30.47842],[-98.42144,30.4799],[-98.42257,30.47794],[-98.42338,30.47748],[-98.42355,30.47667],[-98.42431,30.47652],[-98.42372,30.47501],[-98.42385,30.47468],[-98.42489,30.47397],[-98.42504,30.47324],[-98.42667,30.47256],[-98.42704,30.46974],[-98.42662,30.46908],[-98.4272,30.46767],[-98.42708,30.46678],[-98.42849,30.46631],[-98.42818,30.46582],[-98.42866,30.46497],[-98.42836,30.4644],[-98.42886,30.4639],[-98.42856,30.46278],[-98.42775,30.4628],[-98.42697,30.46237],[-98.4268,30.46113],[-98.42584,30.45954],[-98.424,30.45758],[-98.42274,30.45773],[-98.42179,30.45747],[-98.42035,30.45616],[-98.41994,30.45525],[-98.41969,30.45298],[-98.41983,30.4524],[-98.42073,30.4523],[-98.42142,30.45142],[-98.42387,30.45167],[-98.42476,30.45139],[-98.42521,30.45083],[-98.4261,30.45076],[-98.42635,30.44954],[-98.42521,30.44878],[-98.42489,30.4481],[-98.42497,30.44496],[-98.42683,30.44408],[-98.42831,30.44184],[-98.42923,30.44153],[-98.4307,30.43764],[-98.43146,30.43715],[-98.43225,30.43753],[-98.43234,30.43737],[-98.43211,30.43615],[-98.4329,30.43152],[-98.43086,30.42881],[-98.43043,30.42588],[-98.4298,30.42519],[-98.42778,30.42456],[-98.42708,30.42321],[-98.427,30.41963],[-98.42843,30.41766],[-98.42799,30.41733],[-98.42605,30.41713],[-98.42584,30.41671],[-98.42664,30.41587],[-98.42825,30.41311],[-98.43043,30.41119],[-98.43104,30.41006],[-98.43111,30.40904],[-98.43284,30.40935],[-98.43318,30.40996],[-98.43521,30.41154],[-98.43673,30.41625],[-98.43733,30.41702],[-98.43898,30.41783],[-98.44007,30.4188],[-98.44179,30.41945],[-98.44249,30.42236],[-98.44348,30.42302],[-98.44344,30.42332],[-98.44273,30.42315],[-98.4427,30.42349],[-98.44382,30.42402],[-98.44486,30.42366],[-98.44605,30.42376],[-98.44675,30.42354],[-98.44754,30.42447],[-98.45145,30.42393],[-98.45213,30.4256],[-98.45338,30.4268],[-98.45527,30.42736],[-98.45567,30.428],[-98.45761,30.42919],[-98.45819,30.42855],[-98.45901,30.42855],[-98.45905,30.43059],[-98.45781,30.43141],[-98.45714,30.4328],[-98.46023,30.43445],[-98.46106,30.43577],[-98.46082,30.43699],[-98.46217,30.43847],[-98.46304,30.44027],[-98.46208,30.44223],[-98.46196,30.44371],[-98.46143,30.44417],[-98.45816,30.44545],[-98.45381,30.4461],[-98.453,30.44667],[-98.45248,30.44755],[-98.45128,30.4504],[-98.45128,30.4621],[-98.45975,30.45953],[-98.46672,30.45872],[-98.47676,30.45567],[-98.4772,30.45541],[-98.47678,30.45535],[-98.4768,30.45439],[-98.47649,30.4541],[-98.47583,30.45409],[-98.47553,30.45266],[-98.47828,30.45321],[-98.48373,30.44787],[-98.48734,30.44509],[-98.48953,30.44385],[-98.48962,30.43499],[-98.49035,30.43088],[-98.49001,30.42858],[-98.49211,30.42222],[-98.49189,30.41974],[-98.49302,30.41684],[-98.49269,30.41397],[-98.4929,30.41273],[-98.49172,30.41029],[-98.49166,30.40909],[-98.4929,30.408],[-98.49413,30.40752],[-98.49413,30.40618],[-98.49954,30.40627],[-98.50202,30.4067],[-98.53028,30.40583],[-98.53559,30.41798],[-98.54008,30.41731],[-98.54156,30.42236],[-98.54268,30.4226],[-98.55129,30.42169],[-98.55305,30.42091],[-98.55396,30.41443],[-98.56004,30.41294],[-98.5601,30.40538],[-98.57963,30.40513],[-98.58266,30.40451],[-98.59006,30.40437],[-98.58942,30.3694],[-98.58915,30.29748],[-98.58884,30.28741],[-98.58972,30.28059],[-98.58874,30.27733],[-98.58865,30.26584],[-98.58819,30.26544],[-98.58819,30.26293],[-98.58774,30.26193],[-98.5881,30.26107],[-98.58787,30.23953],[-98.5665,30.2432],[-98.55965,30.24371],[-98.55294,30.24561],[-98.53997,30.24562],[-98.53767,30.24622],[-98.52902,30.25227],[-98.52831,30.25179],[-98.52551,30.25079],[-98.52487,30.25023],[-98.52478,30.24971],[-98.52498,30.24928],[-98.52675,30.24793],[-98.52678,30.24759],[-98.52578,30.24664],[-98.52382,30.24569],[-98.52367,30.24518],[-98.52522,30.24282],[-98.52581,30.23958],[-98.52685,30.23799],[-98.52705,30.23695],[-98.52695,30.23587],[-98.52562,30.23347],[-98.52531,30.23228],[-98.5256,30.2318],[-98.52737,30.23114],[-98.52678,30.23022],[-98.52599,30.22974],[-98.52533,30.22829],[-98.52431,30.22742],[-98.52458,30.22466],[-98.52371,30.22385],[-98.52297,30.2225],[-98.52313,30.22182],[-98.52356,30.22179],[-98.52468,30.22087],[-98.52575,30.22087],[-98.52647,30.21978],[-98.52354,30.21942],[-98.52317,30.21885],[-98.52318,30.21754],[-98.52121,30.21721],[-98.52003,30.21776],[-98.51926,30.21774],[-98.51981,30.21653],[-98.51958,30.21453],[-98.519,30.21394],[-98.51721,30.21403],[-98.51686,30.21385],[-98.51666,30.21259],[-98.51586,30.21182],[-98.51641,30.21032],[-98.5163,30.2088],[-98.5156,30.20852],[-98.51476,30.20873],[-98.51436,30.20691],[-98.51197,30.20647],[-98.51237,30.20561],[-98.5122,30.20438],[-98.5115,30.20407],[-98.50884,30.20456],[-98.50698,30.20453],[-98.50595,30.20485],[-98.50561,30.20521],[-98.50571,30.20657],[-98.50376,30.20853],[-98.50217,30.20959],[-98.50144,30.21095],[-98.5007,30.21148],[-98.49956,30.21165],[-98.49891,30.21222],[-98.49835,30.21219],[-98.49723,30.2069],[-98.49691,30.20264],[-98.49523,30.19549],[-98.49608,30.19471],[-98.49602,30.19322],[-98.49574,30.19262],[-98.49491,30.19217],[-98.49429,30.18976],[-98.49426,30.18897],[-98.49479,30.18772],[-98.49596,30.18708],[-98.49553,30.18666],[-98.49449,30.18375],[-98.49428,30.18163],[-98.49389,30.18086],[-98.49427,30.18004],[-98.49418,30.17883],[-98.49346,30.17777],[-98.49328,30.1759],[-98.49203,30.17214],[-98.47748,30.17907],[-98.47025,30.1811],[-98.46926,30.18169],[-98.46864,30.18148],[-98.45752,30.18454],[-98.45592,30.18632],[-98.45445,30.18737],[-98.45291,30.18718],[-98.44608,30.18823],[-98.44424,30.1882],[-98.44054,30.19041],[-98.43942,30.1907],[-98.42689,30.20063],[-98.42489,30.20057],[-98.42372,30.20132],[-98.42161,30.2007],[-98.41866,30.20165],[-98.4177,30.20051],[-98.41688,30.2001],[-98.41476,30.20057],[-98.41393,30.20008],[-98.41227,30.20043],[-98.4098,30.20032],[-98.40908,30.20053],[-98.4076,30.20178],[-98.407,30.2019],[-98.40602,30.20158],[-98.40451,30.20054],[-98.40363,30.2004],[-98.40336,30.19913],[-98.40372,30.19842],[-98.40277,30.19675],[-98.4036,30.1956],[-98.40344,30.19445],[-98.40282,30.19336],[-98.40344,30.19038],[-98.40281,30.18984],[-98.40009,30.18905],[-98.39963,30.18937],[-98.39935,30.1912],[-98.39726,30.19258],[-98.39661,30.19563],[-98.39748,30.19663],[-98.39775,30.19743],[-98.39665,30.19849],[-98.39604,30.20024],[-98.39628,30.20071],[-98.39727,30.20064],[-98.39969,30.20134],[-98.40009,30.20225],[-98.40109,30.20314],[-98.39994,30.20334],[-98.39823,30.20299],[-98.39391,30.20556],[-98.38907,30.20493],[-98.38767,30.20539],[-98.38528,30.20551],[-98.38395,30.20397],[-98.38163,30.20325],[-98.37792,30.20371],[-98.37696,30.20444],[-98.37642,30.20129],[-98.37595,30.2008],[-98.37543,30.20075],[-98.37373,30.20134],[-98.36633,30.20017],[-98.36672,30.19905],[-98.36643,30.19876],[-98.36653,30.19769],[-98.36468,30.19755],[-98.36404,30.19714],[-98.36434,30.19448],[-98.36379,30.19292],[-98.36337,30.19269],[-98.36393,30.19209],[-98.36343,30.19161],[-98.3628,30.1901],[-98.36282,30.18762],[-98.3608,30.18664],[-98.35967,30.18565],[-98.3603,30.18382],[-98.36089,30.17976],[-98.35249,30.17982],[-98.34824,30.17479],[-98.34524,30.17784],[-98.34437,30.17783],[-98.34311,30.17876],[-98.34172,30.18028],[-98.3408,30.18198],[-98.34015,30.18224],[-98.33835,30.18199],[-98.33783,30.18162],[-98.33768,30.18115],[-98.33817,30.1789],[-98.33705,30.1786],[-98.33645,30.17876],[-98.33595,30.18006],[-98.33301,30.18094],[-98.33239,30.18065],[-98.33224,30.18018],[-98.32835,30.1807],[-98.32004,30.17872],[-98.31669,30.17689],[-98.31596,30.17771],[-98.31373,30.17855],[-98.31204,30.17835],[-98.31056,30.17787],[-98.31038,30.17756],[-98.31034,30.17824],[-98.31203,30.17893],[-98.31215,30.1802],[-98.31396,30.18201],[-98.31352,30.1834],[-98.3146,30.1875],[-98.31447,30.18966],[-98.31383,30.19099],[-98.31245,30.19256],[-98.31203,30.19393],[-98.31451,30.19557],[-98.31516,30.19652],[-98.31453,30.19734],[-98.3115,30.19925],[-98.31286,30.20038],[-98.31311,30.20127],[-98.31112,30.20357],[-98.30914,30.20412],[-98.30914,30.20445],[-98.30986,30.20521],[-98.30637,30.2073],[-98.30392,30.20806],[-98.30012,30.20856],[-98.29936,30.20469],[-98.29869,30.20383],[-98.2961,30.19841],[-98.29444,30.19673],[-98.29392,30.19516],[-98.29421,30.19444],[-98.2941,30.19347],[-98.2931,30.19063],[-98.29307,30.18978],[-98.2927,30.18943],[-98.29178,30.18961],[-98.29133,30.18945],[-98.29037,30.1872],[-98.28987,30.18783],[-98.28847,30.18839],[-98.2889,30.18944],[-98.29036,30.19012],[-98.28886,30.19211],[-98.28557,30.19219],[-98.28499,30.19236],[-98.28447,30.19294],[-98.28441,30.19459],[-98.2849,30.19746],[-98.28267,30.19962],[-98.28238,30.20127],[-98.28201,30.20181],[-98.28272,30.20291],[-98.28368,30.20577],[-98.28546,30.20723],[-98.28455,30.20885],[-98.2848,30.20983],[-98.28541,30.21055],[-98.28296,30.21089],[-98.27978,30.20987],[-98.27751,30.20877],[-98.27393,30.2079],[-98.27128,30.20416],[-98.26511,30.19953],[-98.26091,30.19656],[-98.25682,30.19425],[-98.25333,30.19264],[-98.24993,30.19141],[-98.24852,30.19138],[-98.24791,30.19164],[-98.24747,30.19236],[-98.248,30.19521],[-98.24239,30.19475],[-98.23636,30.1934],[-98.23107,30.20809],[-98.22581,30.22154],[-98.2238,30.22288],[-98.22198,30.23134],[-98.21797,30.2426],[-98.20772,30.26804],[-98.20392,30.27836],[-98.19227,30.30741],[-98.18735,30.32042],[-98.18737,30.32407],[-98.18798,30.32495],[-98.18912,30.32469],[-98.19585,30.32086],[-98.20047,30.31466],[-98.20272,30.31785],[-98.20231,30.31906],[-98.20265,30.31974],[-98.20179,30.3203],[-98.20173,30.3209],[-98.20214,30.32157],[-98.20419,30.3216],[-98.20584,30.3222],[-98.20759,30.32221],[-98.20849,30.32377],[-98.20932,30.32456],[-98.20968,30.32634],[-98.21032,30.32719],[-98.21179,30.32509],[-98.21177,30.32205],[-98.21051,30.31958],[-98.20845,30.31805],[-98.20734,30.31771],[-98.20607,30.31685],[-98.20429,30.31519],[-98.20403,30.314],[-98.20483,30.31191],[-98.20673,30.31055],[-98.20867,30.31028],[-98.20965,30.31111],[-98.21217,30.31211],[-98.21445,30.31251],[-98.21703,30.31164],[-98.21993,30.30934],[-98.2199,30.31787],[-98.22935,30.31836],[-98.22946,30.32404],[-98.23539,30.32445],[-98.23548,30.32423],[-98.23741,30.32399],[-98.24196,30.32201],[-98.24384,30.32197],[-98.24505,30.32231],[-98.24621,30.32388],[-98.24574,30.32559],[-98.24527,30.32979],[-98.24567,30.33293],[-98.24809,30.33462],[-98.24893,30.33555],[-98.24915,30.33683],[-98.24964,30.3377],[-98.25343,30.3397],[-98.25517,30.34025],[-98.25675,30.3404],[-98.25941,30.33976],[-98.26481,30.35684],[-98.26493,30.3579],[-98.26596,30.35909],[-98.26588,30.36032],[-98.27001,30.36304],[-98.27185,30.3668],[-98.27151,30.36767],[-98.26973,30.36937],[-98.26488,30.37674],[-98.26156,30.37699],[-98.25829,30.37978],[-98.25645,30.38063],[-98.25115,30.38074],[-98.25045,30.38113],[-98.25004,30.38203],[-98.25,30.38315],[-98.24958,30.38307],[-98.25001,30.38341],[-98.25034,30.38312],[-98.25124,30.38327],[-98.25423,30.38503],[-98.25569,30.38729],[-98.25644,30.39074],[-98.25715,30.39153],[-98.26029,30.39269],[-98.26326,30.39269],[-98.26783,30.39037],[-98.27129,30.38785],[-98.27358,30.38561],[-98.27454,30.38522],[-98.27571,30.38516],[-98.27692,30.38583],[-98.27818,30.38812],[-98.28169,30.39022],[-98.28995,30.39322],[-98.29439,30.39552],[-98.29551,30.39675],[-98.29742,30.39818],[-98.30256,30.39964],[-98.3056,30.40137],[-98.30841,30.40348],[-98.31052,30.40568],[-98.31203,30.4087],[-98.31291,30.40984],[-98.3152,30.41132],[-98.31928,30.41214],[-98.32887,30.41577],[-98.33238,30.41565],[-98.33567,30.41494],[-98.33885,30.41329],[-98.34229,30.41442],[-98.34335,30.41541],[-98.34509,30.41515],[-98.3458,30.41597],[-98.34721,30.41601],[-98.34842,30.41685],[-98.35087,30.41655],[-98.35162,30.41562],[-98.35235,30.41702],[-98.35305,30.41733],[-98.35388,30.41706],[-98.35518,30.41718],[-98.35685,30.41667],[-98.35798,30.41605],[-98.3589,30.41483],[-98.36056,30.41588],[-98.3619,30.4153],[-98.36334,30.4155],[-98.36367,30.41496],[-98.3646,30.4149],[-98.36495,30.4146],[-98.36602,30.4147],[-98.36654,30.41442],[-98.36715,30.41481],[-98.36702,30.41543],[-98.3674,30.41587],[-98.37099,30.41783],[-98.37271,30.41824],[-98.37433,30.41827],[-98.37442,30.41982],[-98.37406,30.42079],[-98.37419,30.42131],[-98.37504,30.42189],[-98.37523,30.42563],[-98.37482,30.42615],[-98.37416,30.42559],[-98.37168,30.42449],[-98.37115,30.42522],[-98.37192,30.42659],[-98.37163,30.42678],[-98.3712,30.42664],[-98.37004,30.42774],[-98.36905,30.428],[-98.36929,30.42924],[-98.3687,30.43047],[-98.36866,30.43146],[-98.36774,30.4334],[-98.3667,30.43429],[-98.36569,30.43447],[-98.3649,30.43408],[-98.36426,30.43273],[-98.36411,30.43094],[-98.36151,30.43167],[-98.36053,30.43087],[-98.3594,30.43048],[-98.35836,30.43143],[-98.35699,30.43075],[-98.35642,30.43082],[-98.35554,30.43174],[-98.35483,30.43196],[-98.35353,30.43141],[-98.35029,30.43206],[-98.34696,30.43148],[-98.34615,30.43208],[-98.34803,30.43282],[-98.34899,30.43397],[-98.3499,30.43436],[-98.35058,30.43449],[-98.35157,30.43421],[-98.35624,30.43504],[-98.35895,30.43571],[-98.36008,30.43655],[-98.36304,30.43663],[-98.36838,30.4358],[-98.36907,30.43651],[-98.37066,30.43691],[-98.37095,30.43795],[-98.37141,30.43792],[-98.37199,30.43727],[-98.37443,30.43772],[-98.37565,30.43953],[-98.37549,30.44052],[-98.37379,30.44091],[-98.37284,30.44329],[-98.37567,30.44423],[-98.38712,30.44916],[-98.38894,30.45038],[-98.39061,30.44912],[-98.39067,30.44783],[-98.39113,30.44687],[-98.39056,30.44482],[-98.39458,30.44398],[-98.39535,30.44355],[-98.39606,30.44365],[-98.39831,30.44502],[-98.39957,30.44645],[-98.40138,30.44949],[-98.40213,30.45308],[-98.4029,30.45489],[-98.40456,30.4556],[-98.40514,30.4569],[-98.40497,30.45808],[-98.40608,30.45924],[-98.40618,30.46057],[-98.40687,30.46263],[-98.40775,30.46217],[-98.40702,30.46075],[-98.40929,30.46217],[-98.4087,30.46286],[-98.4083,30.46253],[-98.40792,30.46321],[-98.41011,30.46453],[-98.41068,30.46366],[-98.41008,30.46334],[-98.41046,30.46281],[-98.41187,30.46362],[-98.41088,30.46481],[-98.4122,30.4665],[-98.41309,30.46601],[-98.4126,30.46554],[-98.41329,30.46519],[-98.41433,30.46665],[-98.41341,30.46709],[-98.41316,30.46654],[-98.41245,30.46721],[-98.41352,30.46785],[-98.41288,30.46832],[-98.41562,30.47288]]]}},
{"type":"Feature","properties":{"zipcode":"78638","city":"Kingsbury"},"geometry":{"type":"Polygon","coordinates":[[[-97.89796,29.76852],[-97.89542,29.77094],[-97.90412,29.77796],[-97.90939,29.77264],[-97.90806,29.77116],[-97.90757,29.77006],[-97.90746,29.75372],[-97.89979,29.7538],[-97.89848,29.75259],[-97.89771,29.75122],[-97.8976,29.75027],[-97.90544,29.74468],[-97.90711,29.74692],[-97.90746,29.75023],[-97.94853,29.75023],[-97.94961,29.74382],[-97.95035,29.74139],[-97.94586,29.74105],[-97.94556,29.73778],[-97.94503,29.73754],[-97.94267,29.73741],[-97.94226,29.73714],[-97.94214,29.73349],[-97.94178,29.73303],[-97.93249,29.732],[-97.93037,29.72989],[-97.9355,29.72695],[-97.94662,29.71927],[-97.95972,29.72121],[-97.96209,29.71608],[-97.94357,29.71629],[-97.94232,29.71665],[-97.94091,29.71763],[-97.93628,29.71753],[-97.93609,29.71696],[-97.93547,29.71662],[-97.91412,29.71642],[-97.90712,29.70937],[-97.89669,29.7172],[-97.89942,29.70827],[-97.89875,29.70799],[-97.89925,29.70774],[-97.89841,29.70687],[-97.89868,29.70039],[-97.90723,29.69376],[-97.8995,29.68568],[-97.89686,29.68756],[-97.89539,29.68603],[-97.89378,29.6862],[-97.8884,29.68108],[-97.86888,29.6958],[-97.86797,29.69675],[-97.86247,29.68974],[-97.85974,29.6918],[-97.85217,29.6841],[-97.87107,29.67017],[-97.87109,29.66976],[-97.85802,29.65635],[-97.84788,29.65848],[-97.84458,29.66081],[-97.83491,29.65074],[-97.83397,29.64927],[-97.83191,29.64835],[-97.82819,29.64884],[-97.82807,29.64818],[-97.83938,29.64658],[-97.84185,29.64592],[-97.84378,29.64483],[-97.84847,29.64084],[-97.84806,29.64056],[-97.84722,29.64086],[-97.84326,29.64086],[-97.84103,29.64033],[-97.84023,29.63961],[-97.84068,29.63884],[-97.84123,29.63857],[-97.84018,29.63733],[-97.8406,29.6368],[-97.84139,29.63655],[-97.8421,29.63561],[-97.84226,29.63447],[-97.84286,29.63375],[-97.84268,29.6332],[-97.84299,29.63261],[-97.84367,29.62609],[-97.84536,29.62538],[-97.84529,29.62503],[-97.84443,29.6244],[-97.84536,29.62356],[-97.84429,29.62284],[-97.84433,29.62168],[-97.84492,29.6215],[-97.84488,29.62057],[-97.84531,29.61939],[-97.84611,29.61917],[-97.84623,29.61885],[-97.84605,29.61843],[-97.84552,29.61826],[-97.8457,29.61711],[-97.84499,29.61487],[-97.8372,29.61493],[-97.83153,29.6155],[-97.83114,29.61584],[-97.83093,29.61548],[-97.82651,29.61501],[-97.81132,29.61515],[-97.81117,29.61218],[-97.80887,29.6121],[-97.80828,29.61161],[-97.80812,29.61044],[-97.80494,29.61039],[-97.80457,29.60307],[-97.80471,29.59634],[-97.80489,29.59507],[-97.80573,29.59322],[-97.8057,29.58482],[-97.80397,29.58308],[-97.79982,29.58293],[-97.80054,29.57535],[-97.80027,29.57505],[-97.79916,29.57496],[-97.7998,29.57449],[-97.80039,29.57065],[-97.8014,29.56947],[-97.80297,29.56855],[-97.80915,29.57049],[-97.81375,29.56777],[-97.81029,29.56673],[-97.79614,29.55868],[-97.78572,29.5553],[-97.77751,29.55059],[-97.7776,29.54953],[-97.77681,29.54887],[-97.77665,29.54827],[-97.7775,29.54806],[-97.77752,29.5477],[-97.77558,29.54651],[-97.77537,29.54527],[-97.77467,29.5448],[-97.77408,29.54507],[-97.77381,29.54484],[-97.77419,29.54337],[-97.77504,29.54349],[-97.77531,29.54327],[-97.77438,29.54247],[-97.77425,29.54138],[-97.77608,29.54094],[-97.77468,29.53966],[-97.77457,29.53919],[-97.77309,29.53882],[-97.77395,29.53755],[-97.7746,29.53555],[-97.77733,29.53318],[-97.77825,29.53104],[-97.77802,29.5305],[-97.77511,29.52909],[-97.77311,29.52891],[-97.76743,29.53056],[-97.76467,29.53024],[-97.76373,29.53036],[-97.76276,29.53074],[-97.76175,29.53157],[-97.76014,29.53215],[-97.75549,29.53008],[-97.7534,29.53023],[-97.75264,29.52999],[-97.7525,29.52941],[-97.75296,29.52812],[-97.7523,29.52737],[-97.74812,29.52816],[-97.74747,29.52802],[-97.74657,29.52563],[-97.74729,29.52451],[-97.74806,29.52404],[-97.74831,29.52246],[-97.74682,29.52232],[-97.74523,29.52084],[-97.74454,29.52089],[-97.74335,29.5216],[-97.74271,29.5215],[-97.74201,29.52099],[-97.74231,29.51955],[-97.74356,29.51825],[-97.74352,29.51672],[-97.74412,29.51581],[-97.74356,29.51525],[-97.74224,29.51531],[-97.74158,29.51466],[-97.74137,29.51245],[-97.74061,29.51143],[-97.74045,29.50998],[-97.73964,29.50938],[-97.73283,29.51855],[-97.72485,29.52844],[-97.68681,29.57899],[-97.68851,29.58042],[-97.68769,29.58089],[-97.68644,29.58245],[-97.68604,29.58514],[-97.68796,29.58728],[-97.68457,29.59017],[-97.68455,29.5904],[-97.69779,29.60391],[-97.70237,29.60222],[-97.70818,29.60145],[-97.72795,29.58684],[-97.7404,29.59942],[-97.74199,29.59984],[-97.74353,29.5999],[-97.74191,29.60265],[-97.74069,29.60376],[-97.7388,29.60487],[-97.73788,29.60485],[-97.73516,29.6059],[-97.72881,29.61045],[-97.72664,29.61424],[-97.71238,29.625],[-97.70993,29.62814],[-97.70947,29.63137],[-97.70784,29.633],[-97.70439,29.63551],[-97.70543,29.63541],[-97.70649,29.6361],[-97.70871,29.63602],[-97.70929,29.63564],[-97.71163,29.63547],[-97.71378,29.63583],[-97.71477,29.63705],[-97.7148,29.63831],[-97.71529,29.63973],[-97.7226,29.63774],[-97.72291,29.63854],[-97.72101,29.63924],[-97.71633,29.64279],[-97.71612,29.64406],[-97.71769,29.64588],[-97.70853,29.65286],[-97.71123,29.65627],[-97.71341,29.66072],[-97.71517,29.66026],[-97.71581,29.6614],[-97.71598,29.6627],[-97.71697,29.66392],[-97.71849,29.66547],[-97.72093,29.66696],[-97.71907,29.66837],[-97.71878,29.6692],[-97.71503,29.67163],[-97.70892,29.67657],[-97.70765,29.67747],[-97.70622,29.67778],[-97.70583,29.67835],[-97.70585,29.67946],[-97.70724,29.68108],[-97.70643,29.68214],[-97.70551,29.68253],[-97.7065,29.68273],[-97.70832,29.68401],[-97.70907,29.68324],[-97.71097,29.68228],[-97.71168,29.68148],[-97.71525,29.68215],[-97.71702,29.68171],[-97.71772,29.68256],[-97.71696,29.68314],[-97.71685,29.6837],[-97.71759,29.68407],[-97.71891,29.68357],[-97.71974,29.68285],[-97.72171,29.6821],[-97.72259,29.68206],[-97.72258,29.68367],[-97.7216,29.6842],[-97.72225,29.6855],[-97.72345,29.68576],[-97.72583,29.68572],[-97.72709,29.68658],[-97.72723,29.68744],[-97.72775,29.688],[-97.73227,29.69022],[-97.73591,29.69135],[-97.73531,29.69271],[-97.7355,29.69401],[-97.73808,29.69641],[-97.74069,29.69676],[-97.7427,29.69669],[-97.74347,29.69718],[-97.74367,29.69792],[-97.74257,29.69947],[-97.73971,29.70044],[-97.73686,29.70209],[-97.73582,29.70598],[-97.73653,29.70906],[-97.73657,29.71084],[-97.73794,29.71187],[-97.73856,29.71303],[-97.73974,29.71249],[-97.74123,29.71255],[-97.7438,29.71192],[-97.74401,29.71145],[-97.74484,29.71189],[-97.74524,29.71252],[-97.74561,29.71224],[-97.74569,29.71151],[-97.74638,29.71114],[-97.74863,29.71109],[-97.74939,29.71136],[-97.7495,29.71203],[-97.74685,29.71253],[-97.74655,29.71334],[-97.74675,29.71379],[-97.74745,29.71434],[-97.74933,29.71442],[-97.7505,29.71484],[-97.7533,29.71679],[-97.7534,29.71732],[-97.75434,29.71808],[-97.75416,29.71897],[-97.75166,29.72088],[-97.75315,29.72735],[-97.75663,29.73216],[-97.75438,29.73336],[-97.76121,29.74308],[-97.77434,29.75775],[-97.7831,29.75118],[-97.78587,29.7477],[-97.80038,29.73667],[-97.80203,29.7358],[-97.80383,29.73541],[-97.80601,29.73562],[-97.80783,29.7364],[-97.81326,29.74161],[-97.81313,29.74201],[-97.81376,29.74323],[-97.81729,29.74693],[-97.81908,29.75005],[-97.81967,29.75383],[-97.82798,29.74795],[-97.82754,29.74786],[-97.82407,29.74503],[-97.82408,29.74427],[-97.82584,29.74406],[-97.82652,29.7436],[-97.82726,29.74231],[-97.82754,29.7423],[-97.82748,29.74158],[-97.82669,29.74123],[-97.82633,29.74146],[-97.82443,29.73988],[-97.82407,29.73824],[-97.82566,29.73724],[-97.82535,29.73536],[-97.82438,29.73486],[-97.8226,29.73479],[-97.82718,29.73123],[-97.8305,29.72923],[-97.8369,29.72446],[-97.86028,29.74846],[-97.8594,29.74957],[-97.86189,29.75214],[-97.8577,29.75467],[-97.85583,29.75802],[-97.85765,29.75835],[-97.85862,29.75889],[-97.86057,29.7611],[-97.86076,29.76178],[-97.86692,29.75719],[-97.87361,29.76384],[-97.87528,29.76198],[-97.87838,29.76516],[-97.87928,29.76451],[-97.88426,29.76946],[-97.8879,29.76672],[-97.88851,29.76586],[-97.89253,29.76294],[-97.89796,29.76852]]]}},
{"type":"Feature","properties":{"zipcode":"78639","city":"Kingsland"},"geometry":{"type":"Polygon","coordinates":[[[-98.39678,30.72356],[-98.3982,30.72345],[-98.39905,30.72278],[-98.40326,30.72274],[-98.40459,30.7224],[-98.40691,30.7208],[-98.40939,30.72069],[-98.41208,30.71841],[-98.41228,30.7172],[-98.4136,30.71683],[-98.41407,30.71714],[-98.41592,30.71705],[-98.41678,30.71774],[-98.4178,30.71794],[-98.41941,30.71768],[-98.4222,30.71788],[-98.42307,30.71857],[-98.42376,30.71994],[-98.42442,30.72026],[-98.4257,30.71977],[-98.42677,30.71847],[-98.42813,30.71921],[-98.42948,30.71953],[-98.43216,30.71852],[-98.43769,30.71929],[-98.43877,30.71902],[-98.43992,30.71994],[-98.44028,30.71412],[-98.43839,30.7127],[-98.43795,30.71102],[-98.43853,30.71102],[-98.43853,30.71163],[-98.43946,30.71232],[-98.4414,30.71236],[-98.44194,30.71127],[-98.44184,30.71019],[-98.44231,30.70871],[-98.44217,30.70615],[-98.44583,30.70235],[-98.44599,30.70149],[-98.44973,30.69897],[-98.45699,30.69483],[-98.45851,30.69473],[-98.46098,30.69667],[-98.46138,30.69661],[-98.46115,30.69584],[-98.46348,30.69611],[-98.46383,30.69583],[-98.46496,30.69654],[-98.46714,30.69587],[-98.46763,30.695],[-98.46749,30.69451],[-98.46958,30.69367],[-98.47008,30.69275],[-98.4717,30.69151],[-98.47228,30.69209],[-98.47318,30.69229],[-98.47476,30.69099],[-98.47772,30.68991],[-98.48106,30.68729],[-98.48186,30.68539],[-98.48338,30.68332],[-98.48338,30.68243],[-98.48394,30.68218],[-98.48419,30.67782],[-98.4855,30.67577],[-98.48731,30.6703],[-98.48788,30.6658],[-98.48767,30.6571],[-98.48883,30.65189],[-98.48864,30.65034],[-98.48692,30.64688],[-98.48398,30.64428],[-98.47986,30.64192],[-98.47801,30.64122],[-98.47115,30.63996],[-98.46252,30.63959],[-98.46257,30.63838],[-98.46474,30.63834],[-98.46822,30.63874],[-98.46773,30.63768],[-98.47072,30.63472],[-98.47183,30.63218],[-98.47196,30.62978],[-98.47244,30.62881],[-98.47101,30.62877],[-98.47024,30.62948],[-98.46909,30.62861],[-98.4578,30.63595],[-98.45664,30.63716],[-98.45473,30.63839],[-98.44441,30.63986],[-98.4447,30.6402],[-98.444,30.64066],[-98.44396,30.64008],[-98.44323,30.64],[-98.44228,30.63926],[-98.44026,30.63922],[-98.43826,30.63878],[-98.43689,30.64032],[-98.43626,30.64341],[-98.43208,30.64317],[-98.42881,30.64204],[-98.42585,30.64037],[-98.42554,30.63276],[-98.42408,30.63154],[-98.42364,30.63036],[-98.41846,30.63032],[-98.41746,30.62667],[-98.41644,30.62518],[-98.41056,30.61376],[-98.40722,30.60855],[-98.40218,30.60219],[-98.40078,30.60268],[-98.40133,30.60379],[-98.39919,30.6074],[-98.40028,30.60836],[-98.39943,30.6091],[-98.39908,30.61034],[-98.39847,30.61094],[-98.39814,30.61268],[-98.39683,30.61362],[-98.39773,30.61522],[-98.39913,30.6192],[-98.39955,30.62154],[-98.39914,30.62252],[-98.40823,30.62828],[-98.40956,30.63003],[-98.40988,30.63202],[-98.40849,30.63498],[-98.40854,30.63751],[-98.40628,30.63735],[-98.38071,30.63977],[-98.38045,30.64075],[-98.37886,30.64245],[-98.37721,30.64545],[-98.37968,30.64557],[-98.37979,30.64605],[-98.38245,30.64684],[-98.38368,30.6469],[-98.38347,30.64786],[-98.38378,30.64907],[-98.3849,30.64998],[-98.38517,30.65105],[-98.38771,30.65242],[-98.3894,30.65487],[-98.39086,30.65481],[-98.39319,30.65563],[-98.39423,30.65508],[-98.39359,30.65858],[-98.39651,30.65773],[-98.39842,30.65675],[-98.39916,30.65673],[-98.40022,30.65714],[-98.40149,30.65845],[-98.40352,30.65868],[-98.40481,30.66035],[-98.40561,30.66057],[-98.40674,30.65987],[-98.40774,30.65978],[-98.40814,30.6594],[-98.40828,30.65898],[-98.40777,30.65879],[-98.40754,30.65835],[-98.40749,30.65795],[-98.40778,30.65773],[-98.40966,30.65745],[-98.41009,30.65671],[-98.41103,30.65695],[-98.41192,30.65629],[-98.41269,30.65621],[-98.40624,30.66348],[-98.40028,30.67085],[-98.40223,30.67032],[-98.40253,30.67069],[-98.40205,30.67144],[-98.40192,30.6735],[-98.40242,30.67421],[-98.40259,30.67549],[-98.40306,30.67527],[-98.40312,30.67632],[-98.40081,30.67807],[-98.40177,30.67823],[-98.40157,30.68113],[-98.40355,30.68567],[-98.40385,30.68806],[-98.40543,30.69174],[-98.40811,30.69609],[-98.41161,30.70005],[-98.41335,30.70162],[-98.41318,30.7036],[-98.40978,30.70774],[-98.40827,30.71037],[-98.40734,30.71126],[-98.40694,30.71229],[-98.40752,30.7145],[-98.4072,30.71614],[-98.4039,30.72049],[-98.4022,30.72108],[-98.40006,30.72113],[-98.39738,30.72062],[-98.39232,30.72087],[-98.39171,30.72122],[-98.39208,30.7217],[-98.39315,30.72124],[-98.39591,30.7214],[-98.39593,30.72187],[-98.3969,30.72207],[-98.39653,30.7223],[-98.39653,30.72261],[-98.39681,30.7226],[-98.39678,30.72356]]]}},
{"type":"Feature","properties":{"zipcode":"78640","city":"Kyle"},"geometry":{"type":"Polygon","coordinates":[[[-97.979,30.06061],[-97.98123,30.05854],[-97.98046,30.05617],[-97.98145,30.05388],[-97.98265,30.05362],[-97.98378,30.05296],[-97.98443,30.05191],[-97.9864,30.05125],[-97.98682,30.05116],[-97.98741,30.05133],[-97.9877,30.05176],[-97.98913,30.05201],[-97.98877,30.04877],[-97.988,30.04765],[-97.98703,30.04722],[-97.98349,30.04681],[-97.98345,30.03361],[-97.9812,30.03396],[-97.97935,30.03211],[-97.97847,30.03178],[-97.97551,30.0324],[-97.97222,30.03252],[-97.97107,30.03312],[-97.97032,30.03388],[-97.9688,30.03707],[-97.96762,30.03731],[-97.96598,30.03708],[-97.96389,30.03606],[-97.96297,30.03512],[-97.96213,30.03363],[-97.96288,30.02904],[-97.96211,30.02727],[-97.96087,30.02594],[-97.96001,30.02566],[-97.95935,30.02598],[-97.95864,30.02693],[-97.95648,30.03279],[-97.95566,30.03249],[-97.95405,30.03346],[-97.95348,30.03349],[-97.95323,30.03328],[-97.95316,30.03198],[-97.95166,30.02997],[-97.9512,30.02811],[-97.95132,30.02389],[-97.95193,30.02149],[-97.95288,30.01941],[-97.95206,30.01803],[-97.95154,30.01636],[-97.95046,30.01501],[-97.94983,30.01242],[-97.94806,30.00978],[-97.94177,30.01223],[-97.94106,30.01317],[-97.94057,30.01253],[-97.93934,30.01333],[-97.93813,30.01369],[-97.93756,30.01361],[-97.93694,30.01294],[-97.93651,30.01138],[-97.93675,30.01018],[-97.93075,29.99856],[-97.92865,29.99306],[-97.92584,29.99062],[-97.92487,29.99034],[-97.92365,29.98937],[-97.92133,29.98924],[-97.92001,29.98876],[-97.92068,29.98778],[-97.91985,29.98694],[-97.91904,29.98413],[-97.91911,29.982],[-97.91992,29.97721],[-97.91986,29.97487],[-97.91921,29.97358],[-97.91884,29.97376],[-97.91548,29.97298],[-97.91366,29.97357],[-97.91221,29.97551],[-97.91211,29.97676],[-97.91061,29.97815],[-97.90896,29.98082],[-97.90647,29.98187],[-97.90571,29.9812],[-97.90521,29.97977],[-97.904,29.97784],[-97.90377,29.97451],[-97.90402,29.97235],[-97.90304,29.97047],[-97.90369,29.96851],[-97.9051,29.96721],[-97.90596,29.9669],[-97.90809,29.96405],[-97.90795,29.96287],[-97.90736,29.96175],[-97.90683,29.95847],[-97.9075,29.95651],[-97.90849,29.94662],[-97.903,29.94582],[-97.90156,29.94744],[-97.90055,29.94932],[-97.90012,29.95175],[-97.90029,29.95326],[-97.89554,29.95402],[-97.89204,29.95709],[-97.88955,29.95994],[-97.88803,29.95957],[-97.88453,29.95682],[-97.88457,29.95615],[-97.88387,29.95583],[-97.88194,29.95559],[-97.88115,29.95576],[-97.87993,29.95702],[-97.87798,29.96028],[-97.87728,29.95983],[-97.87813,29.95576],[-97.87927,29.95289],[-97.8797,29.94969],[-97.88079,29.94732],[-97.87555,29.94285],[-97.87817,29.94035],[-97.87816,29.94004],[-97.86287,29.9272],[-97.86141,29.9264],[-97.84919,29.91601],[-97.83717,29.92197],[-97.82728,29.92918],[-97.81788,29.93444],[-97.81144,29.93749],[-97.8104,29.93596],[-97.81019,29.93488],[-97.80868,29.9322],[-97.79857,29.93092],[-97.79214,29.9245],[-97.79149,29.92335],[-97.7804,29.93177],[-97.7825,29.9352],[-97.79246,29.9452],[-97.7917,29.9456],[-97.78915,29.94831],[-97.784,29.95551],[-97.78159,29.95369],[-97.7817,29.95236],[-97.78133,29.95189],[-97.77917,29.95048],[-97.77776,29.95055],[-97.77576,29.95196],[-97.7754,29.95256],[-97.7758,29.95325],[-97.77517,29.95441],[-97.77423,29.95459],[-97.77352,29.95417],[-97.77291,29.95415],[-97.77086,29.95462],[-97.7689,29.95269],[-97.76742,29.95211],[-97.76578,29.95189],[-97.76574,29.95155],[-97.76624,29.95137],[-97.76646,29.95058],[-97.76538,29.9485],[-97.76425,29.94849],[-97.76328,29.94932],[-97.7633,29.95016],[-97.76263,29.95057],[-97.76088,29.95055],[-97.76015,29.95013],[-97.75995,29.9493],[-97.76047,29.94868],[-97.76081,29.9466],[-97.7595,29.94685],[-97.758,29.9463],[-97.75436,29.94713],[-97.75332,29.94595],[-97.75388,29.94457],[-97.75409,29.94263],[-97.75379,29.94218],[-97.7523,29.94127],[-97.73611,29.95443],[-97.73705,29.95837],[-97.73945,29.9613],[-97.74014,29.96259],[-97.74238,29.97359],[-97.72924,29.97542],[-97.72904,29.97497],[-97.72864,29.97509],[-97.729,29.97753],[-97.7119,29.98035],[-97.70846,29.96313],[-97.69531,29.96531],[-97.69583,29.9679],[-97.69627,29.96822],[-97.69647,29.96906],[-97.69713,29.96997],[-97.69817,29.97352],[-97.69711,29.9751],[-97.69729,29.97545],[-97.69825,29.97585],[-97.69836,29.97699],[-97.69902,29.97716],[-97.69859,29.97853],[-97.69958,29.97862],[-97.70165,29.97983],[-97.70319,29.98017],[-97.70483,29.97867],[-97.70824,29.97824],[-97.71082,29.97832],[-97.71301,29.98991],[-97.70504,29.99031],[-97.70602,29.99798],[-97.70871,29.99752],[-97.71152,29.99894],[-97.71084,29.99959],[-97.70884,29.9999],[-97.70906,30.00064],[-97.70846,30.0017],[-97.70673,30.00309],[-97.70728,30.00446],[-97.70883,30.00586],[-97.70803,30.00565],[-97.70792,30.00688],[-97.70896,30.00831],[-97.70899,30.00902],[-97.7077,30.01015],[-97.70518,30.01031],[-97.70443,30.01064],[-97.70422,30.01095],[-97.70463,30.01147],[-97.70462,30.01252],[-97.70368,30.01482],[-97.70162,30.01613],[-97.70176,30.01747],[-97.70833,30.02274],[-97.70331,30.02444],[-97.70015,30.02519],[-97.70029,30.02567],[-97.70362,30.0315],[-97.70439,30.03236],[-97.7212,30.04654],[-97.72987,30.03866],[-97.75146,30.05435],[-97.75628,30.04995],[-97.75411,30.04849],[-97.76939,30.03475],[-97.77132,30.03355],[-97.77117,30.03317],[-97.7753,30.03279],[-97.77788,30.03344],[-97.78219,30.03591],[-97.79006,30.04223],[-97.79579,30.03706],[-97.79683,30.03783],[-97.7965,30.03839],[-97.79773,30.0394],[-97.80056,30.03865],[-97.8043,30.03856],[-97.80443,30.0375],[-97.80502,30.03655],[-97.81151,30.03097],[-97.813,30.03054],[-97.81923,30.03051],[-97.81897,30.03267],[-97.81939,30.03379],[-97.81863,30.03588],[-97.81854,30.03705],[-97.81882,30.03737],[-97.81885,30.03857],[-97.82519,30.03891],[-97.82505,30.03807],[-97.82447,30.0372],[-97.82472,30.03642],[-97.82521,30.03625],[-97.82543,30.0365],[-97.82581,30.03599],[-97.82572,30.03549],[-97.82484,30.03517],[-97.82518,30.03425],[-97.82586,30.03402],[-97.82545,30.03331],[-97.82526,30.03369],[-97.82485,30.03366],[-97.82487,30.03302],[-97.82515,30.03262],[-97.82718,30.03153],[-97.82903,30.03199],[-97.82808,30.0327],[-97.82826,30.04073],[-97.8434,30.0408],[-97.84607,30.03566],[-97.85227,30.03612],[-97.85264,30.03597],[-97.85274,30.03553],[-97.86471,30.03603],[-97.8669,30.0283],[-97.88736,30.0279],[-97.88743,30.02668],[-97.88802,30.02663],[-97.88815,30.0264],[-97.8897,30.02708],[-97.88893,30.02998],[-97.90255,30.02999],[-97.90861,30.02669],[-97.90993,30.02783],[-97.91121,30.02837],[-97.9104,30.02863],[-97.9067,30.0286],[-97.90649,30.03132],[-97.90488,30.03356],[-97.90491,30.03432],[-97.90512,30.03507],[-97.90693,30.03731],[-97.90779,30.03776],[-97.91194,30.03849],[-97.91302,30.03896],[-97.91362,30.03954],[-97.91295,30.04043],[-97.91223,30.04331],[-97.91158,30.04413],[-97.91013,30.04451],[-97.91261,30.04535],[-97.91365,30.04491],[-97.91661,30.04434],[-97.9179,30.0437],[-97.91898,30.04161],[-97.91919,30.03948],[-97.92046,30.03813],[-97.92299,30.03708],[-97.92354,30.03657],[-97.9231,30.03517],[-97.92321,30.03447],[-97.92648,30.03226],[-97.92729,30.03247],[-97.92886,30.0336],[-97.93142,30.03417],[-97.93197,30.03451],[-97.93138,30.03545],[-97.93113,30.03749],[-97.93217,30.04064],[-97.9311,30.04212],[-97.92956,30.04581],[-97.9296,30.04776],[-97.9345,30.04474],[-97.94028,30.0359],[-97.94189,30.03685],[-97.93945,30.04559],[-97.93881,30.04608],[-97.93851,30.04673],[-97.93738,30.04671],[-97.93615,30.04755],[-97.93582,30.04857],[-97.93743,30.05135],[-97.93845,30.04979],[-97.93974,30.04929],[-97.9427,30.05075],[-97.94341,30.05161],[-97.94619,30.05375],[-97.94815,30.05422],[-97.94952,30.05302],[-97.95449,30.05174],[-97.95666,30.05164],[-97.96432,30.05217],[-97.96486,30.05195],[-97.96511,30.05225],[-97.96716,30.05275],[-97.96911,30.05366],[-97.97322,30.05693],[-97.97538,30.05748],[-97.97713,30.06046],[-97.97831,30.06036],[-97.979,30.06061]]]}},
{"type":"Feature","properties":{"zipcode":"78642","city":"Liberty Hill"},"geometry":{"type":"Polygon","coordinates":[[[-97.88867,30.77165],[-97.89028,30.77434],[-97.89102,30.77975],[-97.89611,30.78307],[-97.89741,30.78451],[-97.89772,30.79012],[-97.8987,30.79253],[-97.91373,30.78772],[-97.91849,30.78694],[-97.92187,30.78593],[-97.922,30.78554],[-97.92106,30.78331],[-97.92075,30.78033],[-97.92117,30.77943],[-97.92197,30.77895],[-97.92511,30.77855],[-97.92984,30.77712],[-97.94988,30.77223],[-97.97448,30.76438],[-97.97989,30.75478],[-97.98172,30.75017],[-97.98586,30.74249],[-97.98894,30.73749],[-97.9993,30.71756],[-98.00444,30.70837],[-98.01654,30.71297],[-98.01847,30.7133],[-98.02182,30.71305],[-98.02731,30.71172],[-98.03073,30.71131],[-98.03396,30.71157],[-98.03384,30.70676],[-98.03326,30.70624],[-98.03334,30.70541],[-98.03169,30.70446],[-98.0321,30.70366],[-98.0313,30.7026],[-98.03381,30.70379],[-98.03523,30.7039],[-98.0366,30.7031],[-98.03814,30.70005],[-98.04267,30.69932],[-98.04286,30.69902],[-98.04503,30.69838],[-98.04829,30.69803],[-98.04848,30.69739],[-98.04723,30.69668],[-98.04705,30.69574],[-98.0501,30.69322],[-98.05087,30.69208],[-98.05071,30.69065],[-98.05005,30.68967],[-98.05021,30.68896],[-98.05167,30.68719],[-98.05183,30.68602],[-98.05268,30.68566],[-98.05335,30.68593],[-98.0543,30.6858],[-98.05521,30.68385],[-98.05529,30.68293],[-98.05489,30.68222],[-98.05507,30.68068],[-98.05449,30.67984],[-98.05433,30.67842],[-98.05308,30.67629],[-98.05283,30.67308],[-98.05177,30.67051],[-98.05201,30.66969],[-98.05116,30.66974],[-98.05084,30.66951],[-98.04687,30.66414],[-98.04442,30.66255],[-98.04212,30.66303],[-98.03442,30.66317],[-98.03308,30.66261],[-98.03003,30.66018],[-98.03485,30.65111],[-98.04784,30.62868],[-98.04944,30.62515],[-98.04997,30.62477],[-98.05022,30.62406],[-98.04028,30.61829],[-98.03959,30.61865],[-98.0365,30.61172],[-98.02979,30.61469],[-98.01774,30.61644],[-98.01273,30.61675],[-98.00628,30.62751],[-98.00431,30.62519],[-98.00367,30.62381],[-98.00194,30.6214],[-97.99799,30.61302],[-97.9924,30.60949],[-97.99102,30.60985],[-97.98128,30.61875],[-97.98049,30.6187],[-97.9785,30.61626],[-97.97785,30.61637],[-97.97626,30.6155],[-97.97357,30.61608],[-97.9714,30.61701],[-97.97036,30.61641],[-97.96984,30.61647],[-97.97,30.61602],[-97.96918,30.61555],[-97.96871,30.61557],[-97.96706,30.61922],[-97.9637,30.62393],[-97.96353,30.62479],[-97.96626,30.62368],[-97.97365,30.62268],[-97.97631,30.62888],[-97.97318,30.63133],[-97.972,30.63301],[-97.95261,30.63912],[-97.94946,30.63178],[-97.94849,30.63129],[-97.94653,30.63138],[-97.9451,30.63102],[-97.94474,30.63156],[-97.94259,30.63271],[-97.94086,30.63467],[-97.93932,30.63663],[-97.93936,30.63761],[-97.9379,30.63805],[-97.93641,30.63911],[-97.93056,30.64203],[-97.92966,30.64203],[-97.92642,30.64063],[-97.92603,30.63862],[-97.92528,30.63692],[-97.92416,30.63723],[-97.92206,30.63729],[-97.92082,30.63653],[-97.92005,30.63522],[-97.91882,30.63585],[-97.91792,30.63756],[-97.91663,30.63767],[-97.9153,30.63818],[-97.91295,30.63995],[-97.9113,30.63996],[-97.91078,30.64073],[-97.9106,30.64205],[-97.90919,30.64198],[-97.90584,30.64313],[-97.90542,30.63347],[-97.90105,30.63513],[-97.90066,30.63374],[-97.89882,30.63119],[-97.8962,30.63129],[-97.89602,30.62886],[-97.89566,30.62844],[-97.89484,30.62846],[-97.89213,30.63099],[-97.89146,30.63107],[-97.89102,30.63084],[-97.89034,30.6297],[-97.88682,30.62816],[-97.88528,30.6269],[-97.88412,30.6267],[-97.88423,30.62855],[-97.88276,30.63182],[-97.87824,30.63245],[-97.8797,30.63769],[-97.88123,30.64022],[-97.87158,30.64329],[-97.87138,30.64338],[-97.87165,30.64403],[-97.86426,30.64637],[-97.85929,30.64686],[-97.85956,30.64853],[-97.84759,30.64496],[-97.84862,30.64152],[-97.84886,30.6394],[-97.85118,30.63937],[-97.85183,30.63881],[-97.85177,30.63818],[-97.85109,30.63819],[-97.85044,30.63557],[-97.84964,30.63578],[-97.84946,30.63534],[-97.83966,30.63838],[-97.8379,30.64108],[-97.83219,30.63817],[-97.83005,30.63776],[-97.82669,30.63767],[-97.82722,30.63946],[-97.82711,30.64069],[-97.82846,30.64072],[-97.82776,30.64428],[-97.82801,30.64536],[-97.8298,30.64474],[-97.83077,30.64627],[-97.83501,30.65101],[-97.83701,30.65372],[-97.83819,30.65587],[-97.83933,30.65889],[-97.84006,30.6637],[-97.839,30.66382],[-97.8383,30.66461],[-97.83589,30.66508],[-97.83553,30.6647],[-97.83307,30.66563],[-97.83128,30.66545],[-97.82716,30.66678],[-97.81581,30.66899],[-97.81662,30.67023],[-97.8167,30.67101],[-97.81758,30.67149],[-97.81831,30.67236],[-97.8182,30.67321],[-97.81865,30.67332],[-97.81864,30.6736],[-97.81721,30.67466],[-97.81354,30.67535],[-97.81406,30.67909],[-97.81356,30.67983],[-97.81355,30.68119],[-97.81287,30.68175],[-97.81284,30.68313],[-97.81577,30.68631],[-97.81809,30.68483],[-97.81883,30.68507],[-97.81969,30.68583],[-97.8203,30.68746],[-97.82126,30.68732],[-97.83055,30.69347],[-97.82868,30.69476],[-97.82826,30.69587],[-97.82881,30.69625],[-97.82729,30.69713],[-97.82579,30.69761],[-97.82629,30.69867],[-97.82826,30.69838],[-97.82933,30.69883],[-97.83021,30.70227],[-97.83013,30.70316],[-97.83977,30.70248],[-97.8551,30.7052],[-97.85626,30.70564],[-97.85814,30.70051],[-97.85876,30.70052],[-97.86259,30.70206],[-97.86327,30.70212],[-97.86457,30.70686],[-97.8608,30.70791],[-97.86094,30.71126],[-97.85966,30.71193],[-97.86003,30.71868],[-97.85632,30.71997],[-97.8596,30.72892],[-97.86017,30.72973],[-97.86199,30.73034],[-97.86265,30.73082],[-97.86461,30.73512],[-97.865,30.73685],[-97.86364,30.74003],[-97.86473,30.74054],[-97.86496,30.74247],[-97.8658,30.74356],[-97.86634,30.7437],[-97.86711,30.74485],[-97.86714,30.74577],[-97.86685,30.74577],[-97.86666,30.7466],[-97.86711,30.74766],[-97.86895,30.74865],[-97.86931,30.75008],[-97.86796,30.75244],[-97.86956,30.75635],[-97.87662,30.75419],[-97.87707,30.77492],[-97.88817,30.77153],[-97.88867,30.77165]]]}},
{"type":"Feature","properties":{"zipcode":"78643","city":"Llano"},"geometry":{"type":"Polygon","coordinates":[[[-98.61764,30.9056],[-98.61818,30.90687],[-98.61975,30.90752],[-98.62128,30.90896],[-98.6219,30.91154],[-98.62463,30.91533],[-98.62569,30.91812],[-98.62509,30.91933],[-98.62582,30.92182],[-98.7206,30.9211],[-98.72001,30.92042],[-98.7194,30.91806],[-98.71983,30.91648],[-98.72086,30.91536],[-98.72097,30.91421],[-98.72256,30.91316],[-98.72254,30.91082],[-98.72288,30.90958],[-98.72264,30.9091],[-98.72161,30.90898],[-98.72118,30.90862],[-98.72113,30.90807],[-98.72057,30.90745],[-98.72081,30.90614],[-98.71738,30.90504],[-98.71528,30.90133],[-98.71464,30.90081],[-98.71551,30.89659],[-98.71668,30.89432],[-98.71652,30.89352],[-98.71381,30.89187],[-98.71254,30.89035],[-98.71251,30.88857],[-98.71222,30.88788],[-98.71176,30.88767],[-98.70913,30.88765],[-98.70677,30.8866],[-98.70395,30.88669],[-98.70342,30.8865],[-98.7031,30.8854],[-98.70461,30.88302],[-98.70451,30.88256],[-98.70366,30.88215],[-98.7031,30.88151],[-98.70445,30.8791],[-98.70443,30.87839],[-98.70228,30.87649],[-98.70142,30.87519],[-98.70073,30.87275],[-98.70137,30.86969],[-98.70218,30.86855],[-98.70474,30.86624],[-98.70582,30.86151],[-98.70829,30.85813],[-98.7128,30.8495],[-98.71525,30.84663],[-98.71645,30.84577],[-98.71619,30.84275],[-98.71487,30.83921],[-98.71539,30.83848],[-98.71721,30.8381],[-98.71843,30.84109],[-98.72021,30.84335],[-98.7256,30.84469],[-98.7304,30.84508],[-98.73595,30.84615],[-98.74108,30.84933],[-98.75444,30.84928],[-98.75476,30.84957],[-98.75489,30.85218],[-98.76535,30.85219],[-98.76541,30.8556],[-98.76577,30.85597],[-98.80029,30.85632],[-98.81636,30.85623],[-98.81694,30.85591],[-98.81755,30.85667],[-98.81881,30.85751],[-98.82326,30.85979],[-98.82483,30.86019],[-98.82465,30.85041],[-98.82427,30.84909],[-98.82505,30.84609],[-98.82479,30.83405],[-98.82558,30.82031],[-98.82597,30.81908],[-98.82585,30.80538],[-98.8256,30.80456],[-98.82815,30.80502],[-98.83342,30.80324],[-98.83816,30.80295],[-98.84019,30.80327],[-98.84214,30.80153],[-98.84216,30.80103],[-98.84285,30.8008],[-98.84379,30.80122],[-98.84503,30.80009],[-98.84807,30.79819],[-98.8481,30.79788],[-98.84728,30.79713],[-98.84677,30.79616],[-98.84835,30.79627],[-98.84914,30.79584],[-98.84979,30.79639],[-98.85087,30.79634],[-98.85083,30.79588],[-98.85342,30.79622],[-98.85511,30.79675],[-98.8558,30.79788],[-98.85688,30.79769],[-98.85805,30.79784],[-98.85971,30.79644],[-98.85955,30.79463],[-98.86002,30.79291],[-98.85898,30.79093],[-98.85856,30.78882],[-98.86015,30.78781],[-98.86102,30.78828],[-98.86195,30.78993],[-98.86376,30.79134],[-98.86435,30.79512],[-98.86469,30.79565],[-98.86687,30.79615],[-98.87042,30.79782],[-98.87227,30.79735],[-98.87249,30.79701],[-98.87228,30.79633],[-98.87136,30.79565],[-98.87127,30.7951],[-98.87207,30.79486],[-98.87235,30.79426],[-98.87297,30.79409],[-98.87425,30.79461],[-98.87522,30.7946],[-98.88025,30.79325],[-98.88132,30.79208],[-98.8842,30.791],[-98.8854,30.78923],[-98.88596,30.78889],[-98.88772,30.78985],[-98.88802,30.79032],[-98.88895,30.79059],[-98.88929,30.79036],[-98.88982,30.78867],[-98.89252,30.7871],[-98.89218,30.78638],[-98.8924,30.78607],[-98.89407,30.78577],[-98.89812,30.78599],[-98.90297,30.7815],[-98.90536,30.78095],[-98.90926,30.77948],[-98.91469,30.77667],[-98.9164,30.77667],[-98.91909,30.77822],[-98.92094,30.7784],[-98.93056,30.77833],[-98.93407,30.77765],[-98.9342,30.77572],[-98.93292,30.77449],[-98.93253,30.77248],[-98.93309,30.77152],[-98.93284,30.77065],[-98.93458,30.76572],[-98.93463,30.76486],[-98.93727,30.75942],[-98.93866,30.75845],[-98.9404,30.75865],[-98.94317,30.75751],[-98.94433,30.75603],[-98.94535,30.75557],[-98.94723,30.75381],[-98.94877,30.75285],[-98.94932,30.75222],[-98.95025,30.75005],[-98.95009,30.74742],[-98.95064,30.74547],[-98.95182,30.74292],[-98.95219,30.7406],[-98.94949,30.74108],[-98.94957,30.74021],[-98.95016,30.73903],[-98.9499,30.73765],[-98.9506,30.73755],[-98.94922,30.7349],[-98.94936,30.7322],[-98.94897,30.7306],[-98.94688,30.73067],[-98.9326,30.73411],[-98.93224,30.73397],[-98.9309,30.73461],[-98.92129,30.73415],[-98.91372,30.73473],[-98.89982,30.73459],[-98.90057,30.73327],[-98.90078,30.73128],[-98.90125,30.73029],[-98.901,30.72818],[-98.90305,30.72339],[-98.90322,30.72173],[-98.9027,30.72107],[-98.90253,30.71968],[-98.90155,30.71785],[-98.90243,30.71677],[-98.90257,30.71598],[-98.90202,30.7153],[-98.90129,30.71492],[-98.89967,30.71488],[-98.89867,30.71354],[-98.91027,30.71166],[-98.91099,30.71086],[-98.91816,30.70863],[-98.92107,30.70725],[-98.92344,30.70594],[-98.92289,30.70313],[-98.92347,30.70165],[-98.92028,30.70217],[-98.91688,30.70373],[-98.91439,30.7045],[-98.90695,30.7046],[-98.90715,30.70392],[-98.91069,30.70049],[-98.91153,30.69663],[-98.91037,30.69091],[-98.9103,30.6873],[-98.90974,30.68481],[-98.90924,30.67791],[-98.90957,30.67459],[-98.90938,30.67381],[-98.91032,30.67167],[-98.90965,30.66822],[-98.9101,30.6671],[-98.91028,30.66408],[-98.91006,30.66264],[-98.91036,30.66118],[-98.91003,30.6598],[-98.90281,30.65905],[-98.90132,30.65947],[-98.89962,30.65945],[-98.89951,30.65907],[-98.89815,30.65847],[-98.89383,30.65762],[-98.89272,30.65654],[-98.88643,30.65594],[-98.8849,30.65448],[-98.88445,30.65366],[-98.88433,30.65154],[-98.88738,30.64779],[-98.8887,30.64545],[-98.89257,30.64134],[-98.89236,30.63934],[-98.89305,30.63889],[-98.8954,30.63533],[-98.89962,30.63094],[-98.90043,30.63072],[-98.90715,30.6315],[-98.91101,30.6309],[-98.92217,30.62837],[-98.93248,30.63799],[-98.93574,30.64303],[-98.94376,30.64515],[-98.94524,30.64581],[-98.9458,30.66195],[-98.94796,30.66475],[-98.95313,30.6661],[-98.95337,30.66639],[-98.95344,30.66844],[-98.95262,30.67049],[-98.95156,30.67702],[-98.9528,30.68211],[-98.964,30.68113],[-98.96434,30.64662],[-98.96407,30.63477],[-98.9645,30.62518],[-98.96432,30.59277],[-98.96396,30.58665],[-98.96429,30.57293],[-98.96423,30.4983],[-98.90906,30.49885],[-98.90168,30.50216],[-98.90093,30.50201],[-98.90015,30.50227],[-98.89787,30.50379],[-98.89683,30.50413],[-98.8951,30.50392],[-98.89488,30.50341],[-98.89379,30.50353],[-98.89248,30.50291],[-98.88084,30.50339],[-98.88096,30.49892],[-98.8753,30.49921],[-98.85284,30.49925],[-98.84818,30.49892],[-98.81538,30.49948],[-98.81312,30.50149],[-98.80918,30.50319],[-98.80612,30.50574],[-98.80481,30.50632],[-98.79979,30.50696],[-98.77799,30.50683],[-98.77625,30.50745],[-98.77026,30.51136],[-98.76854,30.51177],[-98.76689,30.51167],[-98.76564,30.51124],[-98.76173,30.50804],[-98.76028,30.5073],[-98.75293,30.50692],[-98.74927,30.50717],[-98.74774,30.50777],[-98.74495,30.50966],[-98.74423,30.51053],[-98.7431,30.51302],[-98.74168,30.51429],[-98.73084,30.51834],[-98.72943,30.5191],[-98.72727,30.52155],[-98.72559,30.52548],[-98.72468,30.5269],[-98.7134,30.53925],[-98.70906,30.54246],[-98.7073,30.543],[-98.70436,30.54316],[-98.70773,30.53488],[-98.70815,30.53262],[-98.70738,30.52748],[-98.70743,30.50592],[-98.70693,30.50213],[-98.70611,30.4988],[-98.69009,30.49908],[-98.66423,30.49888],[-98.65447,30.49918],[-98.6231,30.4992],[-98.61821,30.49965],[-98.61779,30.49948],[-98.55924,30.50041],[-98.55481,30.50028],[-98.51391,30.50134],[-98.49802,30.50137],[-98.49579,30.50118],[-98.4823,30.50151],[-98.4115,30.5021],[-98.4032,30.50019],[-98.35104,30.48615],[-98.35127,30.50307],[-98.35109,30.51222],[-98.35165,30.51714],[-98.36334,30.5143],[-98.36986,30.51311],[-98.37053,30.5187],[-98.36964,30.51918],[-98.36919,30.52044],[-98.36863,30.52085],[-98.36879,30.5218],[-98.36802,30.52284],[-98.3692,30.52389],[-98.36844,30.52465],[-98.36926,30.52631],[-98.36935,30.52719],[-98.36851,30.5289],[-98.36636,30.5307],[-98.36922,30.53102],[-98.36992,30.53003],[-98.37004,30.52702],[-98.37044,30.52591],[-98.37042,30.52431],[-98.37003,30.52411],[-98.36997,30.52325],[-98.37056,30.52315],[-98.37072,30.51978],[-98.37104,30.51921],[-98.37178,30.5188],[-98.37636,30.51703],[-98.3766,30.51638],[-98.37605,30.5144],[-98.37635,30.51278],[-98.39491,30.51457],[-98.40512,30.51738],[-98.41249,30.52094],[-98.42043,30.5264],[-98.42713,30.52943],[-98.43307,30.53139],[-98.44773,30.54409],[-98.46817,30.56111],[-98.46747,30.56262],[-98.4675,30.56351],[-98.46899,30.56616],[-98.46901,30.56711],[-98.46963,30.56852],[-98.46975,30.57137],[-98.4692,30.57235],[-98.4679,30.57355],[-98.46589,30.57444],[-98.465,30.57457],[-98.46348,30.57419],[-98.46107,30.57261],[-98.45926,30.573],[-98.45726,30.57254],[-98.4555,30.57303],[-98.45361,30.57306],[-98.45213,30.57357],[-98.45062,30.57371],[-98.44854,30.57273],[-98.44474,30.57192],[-98.44365,30.57124],[-98.44336,30.57055],[-98.44343,30.56923],[-98.44445,30.56664],[-98.44452,30.5657],[-98.44418,30.56505],[-98.44272,30.56488],[-98.44128,30.5652],[-98.43905,30.56627],[-98.43575,30.56628],[-98.43105,30.56339],[-98.4307,30.56302],[-98.43027,30.56139],[-98.42623,30.5578],[-98.42503,30.55745],[-98.42423,30.55767],[-98.42268,30.55833],[-98.41874,30.56582],[-98.41876,30.56784],[-98.41853,30.56832],[-98.41748,30.56903],[-98.41858,30.56966],[-98.4186,30.57014],[-98.41834,30.57023],[-98.41744,30.56998],[-98.41818,30.57055],[-98.41769,30.571],[-98.41856,30.57113],[-98.41898,30.57175],[-98.41879,30.57298],[-98.41914,30.57398],[-98.41831,30.57525],[-98.41747,30.57501],[-98.41704,30.57415],[-98.41679,30.57471],[-98.41618,30.57489],[-98.41479,30.57425],[-98.41437,30.57358],[-98.41545,30.57305],[-98.41413,30.57136],[-98.40848,30.56741],[-98.40811,30.56674],[-98.40823,30.56618],[-98.41002,30.56608],[-98.41181,30.56676],[-98.41255,30.56665],[-98.41289,30.56628],[-98.41245,30.56628],[-98.41235,30.56576],[-98.40957,30.56457],[-98.40763,30.56258],[-98.40725,30.56281],[-98.40728,30.56351],[-98.40603,30.56326],[-98.40589,30.56239],[-98.40641,30.56144],[-98.40627,30.56072],[-98.40705,30.56057],[-98.40723,30.56029],[-98.40662,30.55985],[-98.40546,30.55986],[-98.40422,30.56501],[-98.40819,30.5697],[-98.41072,30.57388],[-98.41215,30.57783],[-98.41242,30.58006],[-98.41334,30.58222],[-98.41383,30.58505],[-98.41333,30.58673],[-98.41177,30.58824],[-98.40813,30.59041],[-98.40225,30.59325],[-98.40071,30.59459],[-98.40013,30.59619],[-98.40002,30.59762],[-98.40079,30.59992],[-98.40323,30.60367],[-98.40722,30.60855],[-98.41056,30.61376],[-98.41644,30.62518],[-98.41746,30.62667],[-98.41846,30.63032],[-98.42364,30.63036],[-98.42408,30.63154],[-98.42554,30.63276],[-98.42585,30.64037],[-98.42881,30.64204],[-98.43208,30.64317],[-98.43568,30.64353],[-98.43626,30.64341],[-98.43689,30.64032],[-98.43826,30.63878],[-98.44026,30.63922],[-98.44228,30.63926],[-98.44323,30.64],[-98.44396,30.64008],[-98.444,30.64066],[-98.4447,30.6402],[-98.44441,30.63986],[-98.45473,30.63839],[-98.45664,30.63716],[-98.4578,30.63595],[-98.46909,30.62861],[-98.47024,30.62948],[-98.47101,30.62877],[-98.47171,30.6287],[-98.47244,30.62881],[-98.47196,30.62978],[-98.47183,30.63218],[-98.47015,30.63549],[-98.46773,30.63768],[-98.46822,30.63874],[-98.46474,30.63834],[-98.46257,30.63838],[-98.46252,30.63959],[-98.47115,30.63996],[-98.47801,30.64122],[-98.47986,30.64192],[-98.48398,30.64428],[-98.48692,30.64688],[-98.48864,30.65034],[-98.48883,30.65189],[-98.48767,30.6571],[-98.48788,30.6658],[-98.48731,30.6703],[-98.4855,30.67577],[-98.48419,30.67782],[-98.48394,30.68218],[-98.48338,30.68243],[-98.48338,30.68332],[-98.48186,30.68539],[-98.48106,30.68729],[-98.47772,30.68991],[-98.47476,30.69099],[-98.47318,30.69229],[-98.47265,30.6933],[-98.47307,30.69431],[-98.47373,30.69411],[-98.47302,30.69563],[-98.4735,30.69652],[-98.47301,30.69731],[-98.47316,30.69845],[-98.47442,30.70001],[-98.47512,30.69976],[-98.47639,30.70094],[-98.47687,30.70086],[-98.47789,30.70202],[-98.48039,30.70308],[-98.4831,30.70276],[-98.48429,30.70345],[-98.48802,30.70286],[-98.50034,30.70324],[-98.50705,30.70614],[-98.50196,30.71447],[-98.50252,30.715],[-98.50226,30.71765],[-98.50151,30.71794],[-98.50138,30.71894],[-98.49911,30.7234],[-98.4997,30.72594],[-98.50035,30.72693],[-98.50073,30.73006],[-98.50187,30.73121],[-98.50261,30.73159],[-98.50378,30.73172],[-98.50412,30.73256],[-98.50709,30.73281],[-98.50655,30.73389],[-98.5051,30.73466],[-98.50348,30.73597],[-98.50334,30.7379],[-98.50294,30.73902],[-98.50294,30.74092],[-98.50231,30.74222],[-98.50255,30.74356],[-98.50182,30.74554],[-98.50513,30.74575],[-98.50891,30.74472],[-98.51116,30.74476],[-98.51541,30.74564],[-98.51457,30.76123],[-98.52741,30.76197],[-98.53046,30.76281],[-98.53351,30.76327],[-98.53429,30.76327],[-98.53497,30.76282],[-98.54721,30.7696],[-98.55691,30.77711],[-98.55747,30.77914],[-98.55731,30.78007],[-98.55133,30.78585],[-98.5499,30.7875],[-98.54981,30.78811],[-98.55669,30.79686],[-98.55849,30.80081],[-98.56025,30.80323],[-98.56179,30.80438],[-98.56251,30.80369],[-98.56369,30.80361],[-98.56372,30.80567],[-98.5661,30.80708],[-98.56739,30.80991],[-98.56843,30.81129],[-98.57518,30.81135],[-98.57538,30.81306],[-98.57391,30.81423],[-98.57431,30.82065],[-98.57483,30.821],[-98.57691,30.82104],[-98.57727,30.82131],[-98.57742,30.82334],[-98.57736,30.83536],[-98.57651,30.83701],[-98.57672,30.84993],[-98.58532,30.84996],[-98.58852,30.84954],[-98.59075,30.85096],[-98.59202,30.85293],[-98.59186,30.8556],[-98.59213,30.85852],[-98.59331,30.86052],[-98.59471,30.86173],[-98.60163,30.86507],[-98.60224,30.8668],[-98.60122,30.86794],[-98.60136,30.86929],[-98.60351,30.87333],[-98.60379,30.87517],[-98.60504,30.87662],[-98.60507,30.87729],[-98.60419,30.87942],[-98.60608,30.88075],[-98.61012,30.88272],[-98.61078,30.88384],[-98.61054,30.88533],[-98.6077,30.88671],[-98.60725,30.8873],[-98.60728,30.88806],[-98.60978,30.89159],[-98.61071,30.89234],[-98.60999,30.8934],[-98.60986,30.89411],[-98.61143,30.89901],[-98.61308,30.90082],[-98.61267,30.90303],[-98.61277,30.90403],[-98.61406,30.90415],[-98.61521,30.90512],[-98.61583,30.90605],[-98.61764,30.9056]]]}},
{"type":"Feature","properties":{"zipcode":"78644","city":"Lockhart"},"geometry":{"type":"Polygon","coordinates":[[[-97.65778,30.01621],[-97.67446,30.03058],[-97.68922,30.02762],[-97.68867,30.02451],[-97.69688,30.0223],[-97.70397,30.01917],[-97.70176,30.01747],[-97.70162,30.01613],[-97.70368,30.01482],[-97.70462,30.01252],[-97.70463,30.01147],[-97.70422,30.01095],[-97.70443,30.01064],[-97.70518,30.01031],[-97.7077,30.01015],[-97.70899,30.00902],[-97.70896,30.00831],[-97.70792,30.00688],[-97.70803,30.00565],[-97.70883,30.00586],[-97.70728,30.00446],[-97.70673,30.00309],[-97.70846,30.0017],[-97.70906,30.00064],[-97.70884,29.9999],[-97.71084,29.99959],[-97.71152,29.99894],[-97.70871,29.99752],[-97.70602,29.99798],[-97.70504,29.99031],[-97.71301,29.98991],[-97.71082,29.97832],[-97.70824,29.97824],[-97.70483,29.97867],[-97.70319,29.98017],[-97.70165,29.97983],[-97.69958,29.97862],[-97.69859,29.97853],[-97.69902,29.97716],[-97.69836,29.97699],[-97.69825,29.97585],[-97.69729,29.97545],[-97.69711,29.9751],[-97.69817,29.97352],[-97.69713,29.96997],[-97.69647,29.96906],[-97.69627,29.96822],[-97.69583,29.9679],[-97.69531,29.96531],[-97.70846,29.96313],[-97.7119,29.98035],[-97.729,29.97753],[-97.72864,29.97509],[-97.72904,29.97497],[-97.72924,29.97542],[-97.74238,29.97359],[-97.74014,29.96259],[-97.73945,29.9613],[-97.73705,29.95837],[-97.73611,29.95443],[-97.7523,29.94127],[-97.76222,29.93233],[-97.77106,29.9265],[-97.77945,29.92033],[-97.78748,29.91394],[-97.78283,29.90871],[-97.78084,29.90444],[-97.77963,29.90345],[-97.77766,29.90278],[-97.77658,29.90115],[-97.77587,29.90119],[-97.77191,29.90314],[-97.77111,29.90328],[-97.76977,29.90269],[-97.7689,29.90142],[-97.76834,29.90143],[-97.76717,29.9022],[-97.76664,29.90206],[-97.76597,29.90138],[-97.76531,29.90136],[-97.76429,29.90026],[-97.76386,29.89889],[-97.76338,29.8984],[-97.76131,29.89838],[-97.76067,29.89783],[-97.75972,29.89762],[-97.75926,29.89685],[-97.74127,29.91064],[-97.73647,29.90568],[-97.73904,29.90334],[-97.7391,29.90305],[-97.73805,29.90199],[-97.73831,29.90151],[-97.73713,29.90126],[-97.73228,29.89625],[-97.73412,29.89504],[-97.73269,29.89265],[-97.73319,29.89197],[-97.73316,29.8914],[-97.7324,29.88968],[-97.74099,29.88495],[-97.74496,29.88341],[-97.74873,29.88269],[-97.74038,29.87053],[-97.75359,29.87064],[-97.7577,29.87129],[-97.75949,29.8713],[-97.75904,29.87034],[-97.75926,29.8694],[-97.75812,29.86873],[-97.75777,29.86775],[-97.75707,29.86768],[-97.75678,29.86636],[-97.75543,29.86469],[-97.75489,29.86311],[-97.74824,29.85246],[-97.7912,29.82017],[-97.78136,29.80991],[-97.80029,29.79588],[-97.80058,29.79524],[-97.81444,29.78476],[-97.81371,29.7842],[-97.81185,29.78384],[-97.81411,29.78193],[-97.81458,29.78064],[-97.81452,29.77995],[-97.81293,29.77831],[-97.81215,29.77815],[-97.81114,29.77888],[-97.81094,29.77945],[-97.81155,29.77948],[-97.81191,29.77994],[-97.81139,29.78029],[-97.81069,29.78025],[-97.80976,29.77978],[-97.8083,29.77969],[-97.80641,29.77801],[-97.80623,29.77738],[-97.80565,29.77705],[-97.80562,29.77656],[-97.80645,29.77515],[-97.80551,29.77318],[-97.80639,29.7731],[-97.80775,29.77457],[-97.80838,29.77477],[-97.80914,29.77439],[-97.81121,29.77421],[-97.81126,29.77388],[-97.81046,29.77278],[-97.80919,29.77234],[-97.80844,29.77121],[-97.80838,29.77055],[-97.80684,29.76868],[-97.80554,29.76796],[-97.80516,29.76723],[-97.80215,29.76652],[-97.80113,29.76694],[-97.80026,29.7659],[-97.80024,29.76429],[-97.7998,29.76341],[-97.80053,29.75989],[-97.80123,29.75896],[-97.80299,29.7586],[-97.80391,29.75716],[-97.80373,29.75678],[-97.80308,29.75672],[-97.80291,29.75626],[-97.8031,29.75573],[-97.80382,29.75548],[-97.80403,29.75514],[-97.80331,29.75363],[-97.8028,29.75355],[-97.80208,29.75417],[-97.80128,29.75421],[-97.80088,29.75383],[-97.80087,29.75297],[-97.79954,29.75221],[-97.79647,29.7522],[-97.79498,29.75249],[-97.79382,29.75309],[-97.79297,29.75403],[-97.7929,29.75642],[-97.79329,29.75795],[-97.79317,29.75865],[-97.79248,29.7595],[-97.79086,29.75956],[-97.78673,29.76094],[-97.78145,29.75959],[-97.78222,29.76216],[-97.78373,29.76208],[-97.78445,29.76161],[-97.78489,29.76189],[-97.78494,29.76249],[-97.78457,29.76315],[-97.78371,29.76343],[-97.78462,29.76406],[-97.78524,29.76491],[-97.7847,29.76542],[-97.78414,29.76551],[-97.7839,29.76598],[-97.784,29.76725],[-97.78468,29.76852],[-97.78186,29.77057],[-97.77812,29.76216],[-97.77434,29.75775],[-97.74986,29.77635],[-97.74557,29.77912],[-97.73361,29.7882],[-97.72127,29.77579],[-97.72125,29.77554],[-97.72514,29.7726],[-97.72355,29.77075],[-97.72556,29.769],[-97.71052,29.75361],[-97.71042,29.75325],[-97.71103,29.7525],[-97.70665,29.7478],[-97.70002,29.75187],[-97.69851,29.75493],[-97.69274,29.75894],[-97.69101,29.7606],[-97.67946,29.76958],[-97.67939,29.77247],[-97.68134,29.77523],[-97.6815,29.77555],[-97.68125,29.77578],[-97.67991,29.77635],[-97.67727,29.77689],[-97.67501,29.7762],[-97.67168,29.77569],[-97.66184,29.7831],[-97.6577,29.77479],[-97.65572,29.76369],[-97.65534,29.76364],[-97.65465,29.76282],[-97.654,29.76153],[-97.65377,29.76184],[-97.65308,29.76158],[-97.65215,29.76179],[-97.64976,29.76466],[-97.6481,29.76523],[-97.6469,29.76618],[-97.6459,29.76645],[-97.64608,29.7672],[-97.64448,29.76859],[-97.64393,29.76813],[-97.63747,29.76949],[-97.63176,29.76368],[-97.6316,29.76459],[-97.62714,29.77016],[-97.61651,29.78246],[-97.61442,29.78054],[-97.61345,29.77891],[-97.61166,29.77826],[-97.61208,29.7778],[-97.61198,29.77704],[-97.61114,29.77622],[-97.61203,29.77532],[-97.61124,29.77465],[-97.61075,29.77363],[-97.61102,29.77182],[-97.61002,29.77121],[-97.60876,29.77099],[-97.60856,29.77072],[-97.60874,29.77018],[-97.60796,29.76902],[-97.60707,29.7688],[-97.60681,29.76834],[-97.60594,29.76843],[-97.60586,29.76743],[-97.60498,29.76602],[-97.59473,29.77315],[-97.59265,29.77497],[-97.59274,29.77575],[-97.59191,29.77579],[-97.58732,29.78092],[-97.53778,29.83856],[-97.52497,29.85403],[-97.52394,29.85492],[-97.52396,29.85551],[-97.52329,29.85549],[-97.51834,29.86003],[-97.51666,29.86544],[-97.51968,29.86803],[-97.51982,29.86868],[-97.52311,29.8709],[-97.52075,29.875],[-97.5207,29.87604],[-97.52237,29.87582],[-97.52328,29.87601],[-97.52523,29.87747],[-97.52596,29.8784],[-97.52844,29.87823],[-97.52963,29.87855],[-97.53134,29.87815],[-97.53182,29.87873],[-97.53387,29.87862],[-97.5356,29.88003],[-97.53602,29.88076],[-97.53642,29.88055],[-97.53654,29.8801],[-97.53805,29.87918],[-97.53831,29.87925],[-97.53868,29.8788],[-97.53901,29.87898],[-97.56722,29.9033],[-97.58857,29.89346],[-97.5904,29.89555],[-97.591,29.89586],[-97.59171,29.89581],[-97.59188,29.89627],[-97.59131,29.89809],[-97.5924,29.89915],[-97.5917,29.90134],[-97.59389,29.90411],[-97.59787,29.90382],[-97.60086,29.9062],[-97.60162,29.90616],[-97.60231,29.9099],[-97.60211,29.91014],[-97.60011,29.91049],[-97.60087,29.91451],[-97.59657,29.91519],[-97.5964,29.91593],[-97.58971,29.9169],[-97.58878,29.92191],[-97.59167,29.92403],[-97.59236,29.92497],[-97.59893,29.93048],[-97.5955,29.93323],[-97.59355,29.93154],[-97.59089,29.93578],[-97.59619,29.94028],[-97.59653,29.94091],[-97.60108,29.94398],[-97.60044,29.94565],[-97.60105,29.94611],[-97.60006,29.94897],[-97.60455,29.95268],[-97.60615,29.95137],[-97.61077,29.95526],[-97.60998,29.95621],[-97.61276,29.95763],[-97.6131,29.95811],[-97.61317,29.95985],[-97.61284,29.96069],[-97.61163,29.96191],[-97.61251,29.96294],[-97.61393,29.96371],[-97.61371,29.96424],[-97.61297,29.96464],[-97.61283,29.96519],[-97.61301,29.96557],[-97.61383,29.9659],[-97.61414,29.96739],[-97.61372,29.96798],[-97.6142,29.96882],[-97.61371,29.96939],[-97.61306,29.96939],[-97.61283,29.97022],[-97.6131,29.97101],[-97.61203,29.97126],[-97.61015,29.9732],[-97.60986,29.97489],[-97.60826,29.97646],[-97.60656,29.97701],[-97.60651,29.97775],[-97.60713,29.97881],[-97.60688,29.97996],[-97.60788,29.98092],[-97.60983,29.98437],[-97.61152,29.9837],[-97.61196,29.9838],[-97.61271,29.98549],[-97.61243,29.98709],[-97.61327,29.98736],[-97.61349,29.98817],[-97.61508,29.98864],[-97.61519,29.98933],[-97.61631,29.9906],[-97.6177,29.99011],[-97.61851,29.98951],[-97.62104,29.98978],[-97.62169,29.98944],[-97.6256,29.99047],[-97.62761,29.98958],[-97.63023,29.98646],[-97.63031,29.98424],[-97.62993,29.98305],[-97.63348,29.98308],[-97.63433,29.98142],[-97.63585,29.98125],[-97.63779,29.97983],[-97.63873,29.97969],[-97.63912,29.97859],[-97.64161,29.97641],[-97.64283,29.9768],[-97.64385,29.97631],[-97.64585,29.97406],[-97.64488,29.97323],[-97.64473,29.97255],[-97.64648,29.97068],[-97.64727,29.97136],[-97.64625,29.97297],[-97.64758,29.9739],[-97.64761,29.97442],[-97.64719,29.97503],[-97.64747,29.97546],[-97.64455,29.97673],[-97.64484,29.97718],[-97.64575,29.97736],[-97.64588,29.97759],[-97.64365,29.97985],[-97.64312,29.98165],[-97.64373,29.98314],[-97.64316,29.98482],[-97.64342,29.98508],[-97.64465,29.98498],[-97.64533,29.9855],[-97.6453,29.98717],[-97.64457,29.98812],[-97.64711,29.99078],[-97.64588,29.99196],[-97.65347,29.99837],[-97.65452,30.00064],[-97.65513,30.0005],[-97.6565,30.00091],[-97.65642,30.00058],[-97.65678,30.00056],[-97.65879,30.00222],[-97.66062,30.00054],[-97.66228,30.00105],[-97.66464,30.00023],[-97.66458,29.98775],[-97.66555,29.9869],[-97.6862,30.00446],[-97.68381,30.01087],[-97.68335,30.01105],[-97.67078,30.00049],[-97.67038,30.00039],[-97.6634,30.00678],[-97.66578,30.00904],[-97.65778,30.01621]]]}},
{"type":"Feature","properties":{"zipcode":"78645","city":"Leander"},"geometry":{"type":"Polygon","coordinates":[[[-97.91968,30.51211],[-97.92131,30.51116],[-97.92264,30.50915],[-97.92539,30.50832],[-97.92659,30.50706],[-97.92945,30.5057],[-97.93013,30.50562],[-97.93094,30.50615],[-97.93284,30.50661],[-97.93501,30.50527],[-97.93874,30.50466],[-97.93931,30.50496],[-97.93996,30.50612],[-97.94106,30.50648],[-97.94559,30.503],[-97.94655,30.5026],[-97.94712,30.50162],[-97.94891,30.50145],[-97.95032,30.50046],[-97.95094,30.50093],[-97.95173,30.49797],[-97.95286,30.49957],[-97.95433,30.49958],[-97.95463,30.50049],[-97.95876,30.50079],[-97.95909,30.50125],[-97.95906,30.50187],[-97.95974,30.5025],[-97.96408,30.50253],[-97.96547,30.50191],[-97.96813,30.50138],[-97.96851,30.50157],[-97.96729,30.50379],[-97.96746,30.50458],[-97.97062,30.50361],[-97.97105,30.50423],[-97.97211,30.5041],[-97.9729,30.50465],[-97.97365,30.50598],[-97.97606,30.50643],[-97.97725,30.50576],[-97.9785,30.50612],[-97.97956,30.50607],[-97.97823,30.49972],[-97.98122,30.49805],[-97.97982,30.49725],[-97.9791,30.49622],[-97.97902,30.4953],[-97.97957,30.49306],[-97.98511,30.48501],[-97.99079,30.48779],[-97.99191,30.48787],[-97.99399,30.48723],[-97.99633,30.48732],[-97.99779,30.48677],[-97.99892,30.4855],[-97.99905,30.485],[-98.00009,30.48461],[-98.00054,30.48355],[-98.00145,30.48251],[-98.00188,30.48123],[-98.00304,30.48004],[-98.00245,30.47679],[-98.00366,30.47417],[-98.00246,30.47064],[-97.99966,30.46427],[-97.9997,30.461],[-98.00019,30.45879],[-98.00114,30.45718],[-98.00419,30.45429],[-98.01476,30.44789],[-98.02749,30.43771],[-98.03043,30.43499],[-98.033,30.43158],[-98.03568,30.42723],[-98.03667,30.42467],[-98.03624,30.41998],[-98.03555,30.41878],[-98.03312,30.41688],[-98.03005,30.41545],[-98.02274,30.41439],[-98.01551,30.414],[-98.00006,30.41397],[-97.98898,30.41454],[-97.98443,30.41203],[-97.98398,30.41066],[-97.98377,30.40776],[-97.98409,30.40601],[-97.98495,30.40417],[-97.98697,30.40304],[-97.9884,30.4027],[-97.99357,30.40058],[-97.99769,30.39793],[-98.00226,30.39406],[-98.01552,30.38372],[-98.01743,30.38184],[-98.01842,30.37919],[-98.0186,30.37617],[-98.01672,30.37292],[-98.015,30.37104],[-98.01395,30.37045],[-98.01257,30.37005],[-98.01092,30.37034],[-98.00911,30.37118],[-97.99846,30.3745],[-97.99264,30.37669],[-97.99037,30.37732],[-97.98924,30.37729],[-97.98082,30.3844],[-97.97635,30.3901],[-97.97413,30.39193],[-97.97178,30.39324],[-97.96755,30.3944],[-97.96594,30.39456],[-97.95342,30.39386],[-97.94787,30.39402],[-97.94626,30.39469],[-97.94304,30.39986],[-97.94256,30.40332],[-97.94323,30.4077],[-97.94599,30.41382],[-97.9498,30.4182],[-97.95093,30.41991],[-97.95162,30.42175],[-97.95182,30.42405],[-97.95153,30.42678],[-97.95087,30.42905],[-97.9496,30.43127],[-97.94821,30.43244],[-97.94558,30.43391],[-97.94077,30.43501],[-97.93728,30.43659],[-97.93364,30.43701],[-97.92879,30.43682],[-97.92625,30.43619],[-97.92294,30.43489],[-97.91958,30.433],[-97.9198,30.43747],[-97.92016,30.43822],[-97.92106,30.43952],[-97.92493,30.44237],[-97.92487,30.44872],[-97.92539,30.4558],[-97.92251,30.45981],[-97.92009,30.46197],[-97.91704,30.46368],[-97.91547,30.46419],[-97.91267,30.46453],[-97.91109,30.46725],[-97.91084,30.46847],[-97.91124,30.46927],[-97.91328,30.46891],[-97.91389,30.46951],[-97.91404,30.47031],[-97.91664,30.47282],[-97.91804,30.47601],[-97.91776,30.47746],[-97.91797,30.47802],[-97.91815,30.47816],[-97.91886,30.4779],[-97.91869,30.47842],[-97.91923,30.47902],[-97.92002,30.47904],[-97.92045,30.47954],[-97.91893,30.48003],[-97.9182,30.47961],[-97.91848,30.4823],[-97.91965,30.48294],[-97.92035,30.48261],[-97.92019,30.48303],[-97.92218,30.48727],[-97.92188,30.4873],[-97.92148,30.48672],[-97.92062,30.48699],[-97.92031,30.48755],[-97.92006,30.48721],[-97.91961,30.48732],[-97.91827,30.48833],[-97.91781,30.48905],[-97.91788,30.48939],[-97.91716,30.48988],[-97.9169,30.49077],[-97.91773,30.49185],[-97.91681,30.49128],[-97.91617,30.4939],[-97.91609,30.49598],[-97.91528,30.49714],[-97.91403,30.49773],[-97.9129,30.49793],[-97.91206,30.49928],[-97.91155,30.49809],[-97.91131,30.49807],[-97.91029,30.49817],[-97.90838,30.49892],[-97.907,30.49888],[-97.90619,30.49939],[-97.90502,30.50133],[-97.90494,30.50186],[-97.90553,30.50252],[-97.90559,30.50371],[-97.90488,30.50464],[-97.90751,30.50413],[-97.90783,30.50273],[-97.90812,30.50256],[-97.91014,30.50204],[-97.91129,30.50242],[-97.91194,30.50298],[-97.91126,30.50385],[-97.91067,30.50541],[-97.91106,30.50589],[-97.91291,30.50657],[-97.91415,30.50753],[-97.91337,30.50943],[-97.9196,30.5117],[-97.92001,30.51164],[-97.91968,30.51211]]]}},
{"type":"Feature","properties":{"zipcode":"78648","city":"Luling"},"geometry":{"type":"Polygon","coordinates":[[[-97.57944,29.7698],[-97.57894,29.77157],[-97.57925,29.77236],[-97.57882,29.7735],[-97.57685,29.77433],[-97.5757,29.77649],[-97.57405,29.77774],[-97.57299,29.77898],[-97.56158,29.77902],[-97.56183,29.79309],[-97.56302,29.79552],[-97.56254,29.79762],[-97.56193,29.79866],[-97.5623,29.81013],[-97.58732,29.78092],[-97.59191,29.77579],[-97.59274,29.77575],[-97.59279,29.77483],[-97.59473,29.77315],[-97.60498,29.76602],[-97.60586,29.76743],[-97.60594,29.76843],[-97.60681,29.76834],[-97.60707,29.7688],[-97.60796,29.76902],[-97.60874,29.77018],[-97.60856,29.77072],[-97.60876,29.77099],[-97.61002,29.77121],[-97.61102,29.77182],[-97.61075,29.77363],[-97.61124,29.77465],[-97.61203,29.77532],[-97.61114,29.77622],[-97.61198,29.77704],[-97.61208,29.7778],[-97.61166,29.77826],[-97.61345,29.77891],[-97.61442,29.78054],[-97.61651,29.78246],[-97.62714,29.77016],[-97.6316,29.76459],[-97.63176,29.76368],[-97.63747,29.76949],[-97.64393,29.76813],[-97.64448,29.76859],[-97.64608,29.7672],[-97.6459,29.76645],[-97.6469,29.76618],[-97.6481,29.76523],[-97.64976,29.76466],[-97.65215,29.76179],[-97.65308,29.76158],[-97.65377,29.76184],[-97.654,29.76153],[-97.65465,29.76282],[-97.65534,29.76364],[-97.65572,29.76369],[-97.6577,29.77479],[-97.66184,29.7831],[-97.67168,29.77569],[-97.67501,29.7762],[-97.67727,29.77689],[-97.67991,29.77635],[-97.68125,29.77578],[-97.6815,29.77555],[-97.68134,29.77523],[-97.67939,29.77247],[-97.67946,29.76958],[-97.69101,29.7606],[-97.69274,29.75894],[-97.69851,29.75493],[-97.70002,29.75187],[-97.70665,29.7478],[-97.71103,29.7525],[-97.71042,29.75325],[-97.71052,29.75361],[-97.72556,29.769],[-97.72355,29.77075],[-97.72514,29.7726],[-97.72125,29.77554],[-97.72127,29.77579],[-97.73361,29.7882],[-97.74557,29.77912],[-97.74986,29.77635],[-97.77434,29.75775],[-97.76121,29.74308],[-97.75438,29.73336],[-97.75663,29.73216],[-97.75315,29.72735],[-97.75166,29.72088],[-97.75416,29.71897],[-97.75434,29.71808],[-97.7534,29.71732],[-97.7533,29.71679],[-97.7505,29.71484],[-97.74933,29.71442],[-97.74745,29.71434],[-97.74675,29.71379],[-97.74655,29.71334],[-97.74685,29.71253],[-97.7495,29.71203],[-97.74939,29.71136],[-97.74863,29.71109],[-97.74638,29.71114],[-97.74569,29.71151],[-97.74561,29.71224],[-97.74524,29.71252],[-97.74484,29.71189],[-97.74401,29.71145],[-97.7438,29.71192],[-97.74123,29.71255],[-97.73974,29.71249],[-97.73856,29.71303],[-97.73794,29.71187],[-97.73657,29.71084],[-97.73653,29.70906],[-97.73582,29.70598],[-97.73686,29.70209],[-97.73971,29.70044],[-97.74257,29.69947],[-97.74367,29.69792],[-97.74347,29.69718],[-97.7427,29.69669],[-97.74069,29.69676],[-97.73808,29.69641],[-97.7355,29.69401],[-97.73531,29.69271],[-97.73591,29.69135],[-97.73227,29.69022],[-97.72775,29.688],[-97.72723,29.68744],[-97.72709,29.68658],[-97.72583,29.68572],[-97.72345,29.68576],[-97.72225,29.6855],[-97.7216,29.6842],[-97.72258,29.68367],[-97.72259,29.68206],[-97.72171,29.6821],[-97.71974,29.68285],[-97.71891,29.68357],[-97.71759,29.68407],[-97.71685,29.6837],[-97.71696,29.68314],[-97.71772,29.68256],[-97.71702,29.68171],[-97.71525,29.68215],[-97.71168,29.68148],[-97.71097,29.68228],[-97.70907,29.68324],[-97.70832,29.68401],[-97.7065,29.68273],[-97.70551,29.68253],[-97.70643,29.68214],[-97.70724,29.68108],[-97.70585,29.67946],[-97.70583,29.67835],[-97.70622,29.67778],[-97.70765,29.67747],[-97.70892,29.67657],[-97.71503,29.67163],[-97.71878,29.6692],[-97.71907,29.66837],[-97.72093,29.66696],[-97.71849,29.66547],[-97.71697,29.66392],[-97.71598,29.6627],[-97.71581,29.6614],[-97.71517,29.66026],[-97.71341,29.66072],[-97.71123,29.65627],[-97.70853,29.65286],[-97.71769,29.64588],[-97.71612,29.64406],[-97.71633,29.64279],[-97.72101,29.63924],[-97.72291,29.63854],[-97.7226,29.63774],[-97.71529,29.63973],[-97.7148,29.63831],[-97.71477,29.63705],[-97.71378,29.63583],[-97.71163,29.63547],[-97.70929,29.63564],[-97.70871,29.63602],[-97.70649,29.6361],[-97.70543,29.63541],[-97.70439,29.63551],[-97.70784,29.633],[-97.70947,29.63137],[-97.70993,29.62814],[-97.71238,29.625],[-97.72664,29.61424],[-97.72881,29.61045],[-97.73516,29.6059],[-97.73788,29.60485],[-97.7388,29.60487],[-97.74069,29.60376],[-97.74191,29.60265],[-97.74353,29.5999],[-97.74199,29.59984],[-97.7404,29.59942],[-97.72795,29.58684],[-97.70818,29.60145],[-97.70237,29.60222],[-97.69779,29.60391],[-97.68455,29.5904],[-97.68796,29.58728],[-97.68604,29.58514],[-97.68644,29.58245],[-97.68769,29.58089],[-97.68851,29.58042],[-97.68681,29.57899],[-97.64949,29.62828],[-97.64871,29.62799],[-97.64626,29.6246],[-97.64535,29.62448],[-97.64432,29.62491],[-97.64073,29.6251],[-97.63884,29.62298],[-97.63853,29.62216],[-97.63777,29.62132],[-97.63857,29.61981],[-97.63831,29.61777],[-97.64113,29.61317],[-97.64601,29.60949],[-97.64507,29.60807],[-97.64475,29.607],[-97.6421,29.60438],[-97.6401,29.60352],[-97.6391,29.60219],[-97.63789,29.60155],[-97.63723,29.60022],[-97.63475,29.60212],[-97.63341,29.60097],[-97.62377,29.60816],[-97.62204,29.60824],[-97.61483,29.61362],[-97.61024,29.61073],[-97.60653,29.60685],[-97.60593,29.60698],[-97.60359,29.60875],[-97.60344,29.61122],[-97.6009,29.61021],[-97.60045,29.61034],[-97.59742,29.6099],[-97.59648,29.61024],[-97.59441,29.61167],[-97.59392,29.6116],[-97.59367,29.61121],[-97.59271,29.61179],[-97.59137,29.61174],[-97.59036,29.61264],[-97.58685,29.61365],[-97.58661,29.61486],[-97.58689,29.61628],[-97.58904,29.61753],[-97.58984,29.6188],[-97.58899,29.61854],[-97.58849,29.6188],[-97.58872,29.62124],[-97.58796,29.62273],[-97.58783,29.62391],[-97.58829,29.62394],[-97.58873,29.62281],[-97.58923,29.62284],[-97.59005,29.62393],[-97.59146,29.6249],[-97.59147,29.62601],[-97.59197,29.62651],[-97.59527,29.62925],[-97.59775,29.63071],[-97.56207,29.65048],[-97.56254,29.64647],[-97.56054,29.64338],[-97.56033,29.64107],[-97.55558,29.637],[-97.55534,29.63537],[-97.55384,29.63424],[-97.55381,29.633],[-97.5532,29.63218],[-97.55298,29.62885],[-97.55201,29.62682],[-97.55203,29.62555],[-97.5515,29.62457],[-97.54483,29.63506],[-97.54241,29.63404],[-97.53336,29.6411],[-97.55234,29.65028],[-97.55328,29.65165],[-97.55294,29.65194],[-97.55298,29.65244],[-97.55773,29.65294],[-97.55582,29.65398],[-97.55084,29.65372],[-97.54699,29.654],[-97.54498,29.65371],[-97.5428,29.6538],[-97.54178,29.65408],[-97.53216,29.65901],[-97.53068,29.66044],[-97.52849,29.66371],[-97.52968,29.66245],[-97.53186,29.66254],[-97.53405,29.66321],[-97.54561,29.66819],[-97.54875,29.66872],[-97.55285,29.66826],[-97.55283,29.66853],[-97.55129,29.67082],[-97.54732,29.6738],[-97.54635,29.67503],[-97.53237,29.6858],[-97.53076,29.68602],[-97.51466,29.69195],[-97.51866,29.70496],[-97.52011,29.70752],[-97.52283,29.71049],[-97.52113,29.71172],[-97.51872,29.71106],[-97.51445,29.7124],[-97.51717,29.72021],[-97.52309,29.71973],[-97.52321,29.7194],[-97.52387,29.71931],[-97.52674,29.71922],[-97.52679,29.74273],[-97.5251,29.74301],[-97.52488,29.74535],[-97.51774,29.74534],[-97.51554,29.74597],[-97.51288,29.74629],[-97.51199,29.74696],[-97.51113,29.74899],[-97.50963,29.74706],[-97.50737,29.74631],[-97.50677,29.74547],[-97.5066,29.7441],[-97.50618,29.74424],[-97.50594,29.744],[-97.50443,29.74377],[-97.49895,29.7436],[-97.49677,29.74291],[-97.49562,29.74839],[-97.49193,29.74787],[-97.4917,29.75039],[-97.48795,29.75019],[-97.48796,29.75531],[-97.49246,29.75523],[-97.49321,29.75629],[-97.49629,29.75867],[-97.4963,29.76083],[-97.51791,29.7606],[-97.51792,29.76218],[-97.51718,29.76267],[-97.52031,29.76258],[-97.52062,29.76468],[-97.52034,29.76617],[-97.51821,29.76901],[-97.51647,29.77017],[-97.51658,29.7712],[-97.52802,29.77018],[-97.52797,29.77091],[-97.53467,29.77126],[-97.5352,29.77251],[-97.53606,29.77344],[-97.53694,29.77396],[-97.53923,29.77456],[-97.54075,29.77446],[-97.54227,29.7737],[-97.54373,29.77118],[-97.54414,29.76945],[-97.54477,29.76895],[-97.54607,29.76906],[-97.54768,29.77043],[-97.54868,29.77034],[-97.54974,29.76879],[-97.54976,29.76675],[-97.55015,29.76611],[-97.5505,29.76604],[-97.5511,29.76646],[-97.55271,29.76625],[-97.55419,29.76669],[-97.55428,29.76605],[-97.55551,29.76597],[-97.55666,29.76668],[-97.55709,29.76664],[-97.557,29.76443],[-97.55401,29.76444],[-97.55046,29.76174],[-97.53948,29.76194],[-97.5392,29.75458],[-97.5431,29.75419],[-97.54589,29.75441],[-97.54819,29.7528],[-97.5493,29.75306],[-97.55681,29.75294],[-97.5569,29.75977],[-97.55856,29.75969],[-97.55891,29.75894],[-97.56081,29.75831],[-97.56302,29.75709],[-97.56805,29.757],[-97.57075,29.75625],[-97.57112,29.76804],[-97.57217,29.76993],[-97.5725,29.77022],[-97.57484,29.77019],[-97.57716,29.76989],[-97.57895,29.77003],[-97.57944,29.7698]]]}},
{"type":"Feature","properties":{"zipcode":"78650","city":"Mc Dade"},"geometry":{"type":"Polygon","coordinates":[[[-97.17686,30.38434],[-97.17988,30.38648],[-97.18091,30.38673],[-97.18222,30.38665],[-97.19195,30.38353],[-97.19795,30.38073],[-97.20367,30.37879],[-97.20815,30.37863],[-97.21442,30.37682],[-97.21589,30.37758],[-97.21704,30.37872],[-97.21753,30.37996],[-97.21802,30.37935],[-97.21915,30.37854],[-97.21998,30.37836],[-97.22095,30.37748],[-97.2223,30.37722],[-97.22436,30.37798],[-97.22591,30.37735],[-97.22628,30.37747],[-97.2271,30.3772],[-97.22779,30.37913],[-97.23858,30.37563],[-97.23953,30.3761],[-97.24753,30.37365],[-97.24468,30.36647],[-97.24459,30.36381],[-97.24771,30.36398],[-97.25219,30.3627],[-97.26051,30.35924],[-97.26169,30.35851],[-97.26296,30.35712],[-97.27214,30.34242],[-97.27383,30.34092],[-97.2752,30.34015],[-97.28096,30.33845],[-97.28251,30.33764],[-97.29002,30.32626],[-97.29012,30.32325],[-97.29061,30.32172],[-97.2897,30.32099],[-97.2897,30.32058],[-97.29147,30.31814],[-97.28998,30.31669],[-97.28978,30.31544],[-97.29051,30.3131],[-97.29166,30.31241],[-97.29108,30.31169],[-97.2883,30.31022],[-97.28644,30.31331],[-97.28681,30.31365],[-97.27912,30.31505],[-97.27815,30.31148],[-97.27962,30.30647],[-97.27843,30.30099],[-97.27731,30.2991],[-97.27568,30.2978],[-97.27388,30.29699],[-97.2726,30.29669],[-97.26789,30.29641],[-97.25933,30.29439],[-97.25973,30.29146],[-97.26035,30.29005],[-97.26031,30.2886],[-97.26195,30.28824],[-97.26441,30.29041],[-97.26501,30.28989],[-97.26504,30.28842],[-97.2657,30.28583],[-97.26699,30.28322],[-97.26737,30.28151],[-97.26781,30.28061],[-97.269,30.27944],[-97.26921,30.27846],[-97.27114,30.27468],[-97.2709,30.27232],[-97.26993,30.27175],[-97.26931,30.27175],[-97.26773,30.27242],[-97.26618,30.27232],[-97.26547,30.27199],[-97.26428,30.27065],[-97.26378,30.27045],[-97.26279,30.27051],[-97.26222,30.27104],[-97.26072,30.2716],[-97.25871,30.27116],[-97.25814,30.27057],[-97.2556,30.27097],[-97.25277,30.26936],[-97.25248,30.26888],[-97.25042,30.26815],[-97.25012,30.26765],[-97.24961,30.26746],[-97.25124,30.26045],[-97.25208,30.25812],[-97.25421,30.25392],[-97.25524,30.25283],[-97.26041,30.24883],[-97.26632,30.24113],[-97.27401,30.23189],[-97.27083,30.22916],[-97.2704,30.22777],[-97.26731,30.2263],[-97.26473,30.2241],[-97.26344,30.22242],[-97.2605,30.22059],[-97.25597,30.2167],[-97.25552,30.21593],[-97.25595,30.21529],[-97.23116,30.19356],[-97.23079,30.19452],[-97.23117,30.19772],[-97.23058,30.19882],[-97.22902,30.19974],[-97.22593,30.19946],[-97.21909,30.20358],[-97.21662,30.20469],[-97.2127,30.20777],[-97.21339,30.2091],[-97.21334,30.21076],[-97.21278,30.21278],[-97.21311,30.2174],[-97.21472,30.21884],[-97.21592,30.22249],[-97.2176,30.22429],[-97.21891,30.22525],[-97.22064,30.23148],[-97.22012,30.23247],[-97.21956,30.23277],[-97.21942,30.23354],[-97.21741,30.23549],[-97.21617,30.23828],[-97.21517,30.23772],[-97.21412,30.23658],[-97.21377,30.23454],[-97.21357,30.23458],[-97.20966,30.24008],[-97.18432,30.23097],[-97.1432,30.21306],[-97.14115,30.21412],[-97.14766,30.2293],[-97.15189,30.23547],[-97.15855,30.23851],[-97.19506,30.26927],[-97.18685,30.27686],[-97.18627,30.27676],[-97.18547,30.27547],[-97.18466,30.27501],[-97.18159,30.27645],[-97.17341,30.27904],[-97.17235,30.27856],[-97.17142,30.27736],[-97.15575,30.28211],[-97.16075,30.29384],[-97.15237,30.29652],[-97.15128,30.29796],[-97.15139,30.2992],[-97.15034,30.30192],[-97.14912,30.30311],[-97.14883,30.30402],[-97.15882,30.31068],[-97.16182,30.31635],[-97.1632,30.31961],[-97.16327,30.32034],[-97.16288,30.32065],[-97.16197,30.32062],[-97.15996,30.32138],[-97.16014,30.32225],[-97.15419,30.32412],[-97.16043,30.33922],[-97.1624,30.3411],[-97.16292,30.34311],[-97.16418,30.34476],[-97.16658,30.34523],[-97.16805,30.34593],[-97.16972,30.34599],[-97.17182,30.34665],[-97.17299,30.34817],[-97.17564,30.34789],[-97.17546,30.34952],[-97.17438,30.3505],[-97.17334,30.35343],[-97.17073,30.35709],[-97.17109,30.35886],[-97.17023,30.35989],[-97.16981,30.36133],[-97.17165,30.36478],[-97.1728,30.36874],[-97.17163,30.36944],[-97.17106,30.37032],[-97.16996,30.37286],[-97.17,30.37428],[-97.16927,30.37624],[-97.16743,30.3781],[-97.16728,30.37886],[-97.16764,30.3803],[-97.16759,30.3839],[-97.16788,30.38502],[-97.17446,30.38392],[-97.17686,30.38434]]]}},
{"type":"Feature","properties":{"zipcode":"78652","city":"Manchaca"},"geometry":{"type":"Polygon","coordinates":[[[-97.90374,30.16433],[-97.92884,30.18217],[-97.92904,30.17558],[-97.92992,30.17421],[-97.93124,30.17346],[-97.93085,30.16991],[-97.92873,30.16962],[-97.92469,30.16852],[-97.92095,30.16645],[-97.91942,30.1653],[-97.91894,30.1639],[-97.91924,30.15947],[-97.918,30.15819],[-97.91653,30.15813],[-97.91461,30.1601],[-97.90978,30.16243],[-97.90743,30.16323],[-97.9066,30.16086],[-97.90505,30.15912],[-97.90504,30.15817],[-97.90565,30.15626],[-97.9064,30.15576],[-97.9061,30.15473],[-97.90515,30.15421],[-97.9043,30.15282],[-97.90118,30.15163],[-97.89766,30.14949],[-97.89626,30.14919],[-97.89693,30.1477],[-97.89785,30.14699],[-97.89778,30.14504],[-97.89866,30.14473],[-97.89898,30.1424],[-97.90098,30.14235],[-97.90085,30.13899],[-97.90222,30.13256],[-97.89939,30.13066],[-97.89105,30.13144],[-97.89103,30.13181],[-97.88545,30.13196],[-97.88512,30.13078],[-97.88682,30.12915],[-97.88684,30.12828],[-97.88664,30.12762],[-97.88506,30.12632],[-97.8831,30.12739],[-97.88415,30.12888],[-97.88217,30.12996],[-97.88201,30.13087],[-97.88241,30.13161],[-97.87775,30.13128],[-97.87202,30.13188],[-97.8666,30.13204],[-97.85807,30.13105],[-97.85724,30.13124],[-97.82422,30.10748],[-97.82191,30.10549],[-97.82073,30.10403],[-97.81558,30.10039],[-97.81351,30.10401],[-97.81139,30.10639],[-97.81143,30.11242],[-97.80785,30.11246],[-97.80625,30.11532],[-97.80496,30.11853],[-97.80883,30.12103],[-97.8117,30.12359],[-97.81177,30.12561],[-97.81253,30.12754],[-97.81185,30.13065],[-97.81104,30.13172],[-97.81035,30.13353],[-97.80649,30.13529],[-97.80391,30.13869],[-97.80157,30.14282],[-97.80997,30.14485],[-97.81107,30.14447],[-97.81318,30.14218],[-97.81861,30.14189],[-97.82393,30.14062],[-97.83774,30.14047],[-97.84036,30.14134],[-97.84247,30.14263],[-97.84358,30.14279],[-97.84674,30.14095],[-97.84782,30.13998],[-97.84793,30.14063],[-97.849,30.14067],[-97.84969,30.13971],[-97.85015,30.13958],[-97.85223,30.13993],[-97.85477,30.14104],[-97.85538,30.14088],[-97.85594,30.14149],[-97.85755,30.14128],[-97.86072,30.14311],[-97.86164,30.14396],[-97.86159,30.1448],[-97.86099,30.14569],[-97.862,30.14637],[-97.8617,30.14753],[-97.86188,30.14775],[-97.86367,30.14757],[-97.86443,30.14829],[-97.87337,30.15221],[-97.87975,30.15221],[-97.8821,30.1547],[-97.88365,30.15683],[-97.88754,30.15971],[-97.88836,30.15986],[-97.88912,30.15959],[-97.88992,30.15782],[-97.89055,30.15722],[-97.89126,30.15718],[-97.89574,30.15914],[-97.89703,30.16058],[-97.89742,30.16284],[-97.89743,30.16514],[-97.89792,30.1661],[-97.8994,30.16622],[-97.90374,30.16433]]]}},
{"type":"Feature","properties":{"zipcode":"78653","city":"Manor"},"geometry":{"type":"Polygon","coordinates":[[[-97.50139,30.47741],[-97.5031,30.47987],[-97.50424,30.48067],[-97.5066,30.48168],[-97.5085,30.48309],[-97.51224,30.48522],[-97.52325,30.47693],[-97.52497,30.47296],[-97.52714,30.47465],[-97.52818,30.46882],[-97.52453,30.46821],[-97.52423,30.46796],[-97.52566,30.46108],[-97.53478,30.44697],[-97.53771,30.44837],[-97.54303,30.43955],[-97.54616,30.44114],[-97.54656,30.44045],[-97.54614,30.43983],[-97.54707,30.43806],[-97.54721,30.43683],[-97.54809,30.43589],[-97.54818,30.43541],[-97.54917,30.4351],[-97.54955,30.43541],[-97.54958,30.43588],[-97.55004,30.436],[-97.55067,30.43584],[-97.55092,30.43538],[-97.55191,30.43478],[-97.54891,30.43439],[-97.54683,30.4337],[-97.53191,30.42703],[-97.53668,30.41915],[-97.52618,30.413],[-97.52479,30.41193],[-97.52657,30.40845],[-97.52755,30.40796],[-97.53963,30.41475],[-97.54138,30.41197],[-97.54121,30.41132],[-97.54005,30.4106],[-97.53994,30.40979],[-97.55278,30.3893],[-97.55341,30.38745],[-97.56461,30.39285],[-97.57202,30.39729],[-97.57535,30.39852],[-97.57382,30.40068],[-97.5738,30.40131],[-97.58242,30.40504],[-97.58277,30.40647],[-97.58968,30.39568],[-97.59004,30.39555],[-97.5926,30.39665],[-97.59407,30.39624],[-97.60189,30.3838],[-97.60615,30.38138],[-97.61419,30.38536],[-97.61454,30.3852],[-97.61542,30.38596],[-97.62714,30.39162],[-97.62775,30.39221],[-97.62848,30.394],[-97.63259,30.39648],[-97.63319,30.39749],[-97.63336,30.3985],[-97.63653,30.39821],[-97.63714,30.39876],[-97.63748,30.39875],[-97.64075,30.38333],[-97.63363,30.37974],[-97.6328,30.3787],[-97.62777,30.37626],[-97.62764,30.37531],[-97.62431,30.37359],[-97.62724,30.36945],[-97.62969,30.36271],[-97.62909,30.36297],[-97.62715,30.36295],[-97.62425,30.36445],[-97.62161,30.36496],[-97.62242,30.37093],[-97.62169,30.3707],[-97.61787,30.37571],[-97.61642,30.3772],[-97.61594,30.37697],[-97.61354,30.37716],[-97.61008,30.37554],[-97.61452,30.36864],[-97.61335,30.36839],[-97.61327,30.36863],[-97.60865,30.36771],[-97.6072,30.37297],[-97.6046,30.3773],[-97.60568,30.3775],[-97.60407,30.3801],[-97.59772,30.37707],[-97.60178,30.36787],[-97.60326,30.36859],[-97.60591,30.36447],[-97.608,30.36493],[-97.60873,30.36267],[-97.60649,30.36153],[-97.6062,30.35951],[-97.60585,30.35904],[-97.59803,30.35496],[-97.60226,30.34833],[-97.60585,30.35002],[-97.61132,30.3415],[-97.60352,30.33767],[-97.60252,30.33671],[-97.5996,30.33778],[-97.59976,30.3366],[-97.58503,30.34218],[-97.58067,30.34207],[-97.57901,30.34132],[-97.57712,30.34205],[-97.57519,30.34225],[-97.57275,30.34245],[-97.56927,30.34225],[-97.56976,30.33974],[-97.57158,30.33623],[-97.57103,30.33375],[-97.57226,30.33072],[-97.57502,30.3278],[-97.57539,30.32602],[-97.57731,30.32632],[-97.57805,30.32506],[-97.58518,30.31958],[-97.59198,30.30905],[-97.57225,30.29945],[-97.5707,30.2991],[-97.56885,30.29648],[-97.57308,30.29022],[-97.57537,30.28812],[-97.57895,30.28852],[-97.58355,30.28857],[-97.58012,30.28686],[-97.57867,30.28529],[-97.57673,30.28437],[-97.57899,30.28007],[-97.58003,30.27562],[-97.58122,30.27386],[-97.57778,30.27191],[-97.56967,30.26937],[-97.56828,30.26862],[-97.56638,30.26673],[-97.56499,30.26319],[-97.56366,30.26145],[-97.5617,30.26017],[-97.5549,30.25695],[-97.55386,30.25614],[-97.55499,30.25603],[-97.55612,30.25536],[-97.55961,30.24994],[-97.56062,30.24911],[-97.55969,30.24893],[-97.55869,30.24916],[-97.55874,30.24781],[-97.56019,30.24716],[-97.56082,30.24607],[-97.56053,30.24511],[-97.55815,30.24267],[-97.55813,30.2414],[-97.55724,30.24099],[-97.55625,30.23992],[-97.55588,30.23998],[-97.55578,30.24029],[-97.5555,30.24226],[-97.5545,30.2426],[-97.5529,30.24246],[-97.55238,30.24276],[-97.55064,30.24242],[-97.55121,30.24159],[-97.55127,30.24094],[-97.55052,30.24046],[-97.54985,30.24048],[-97.54924,30.2413],[-97.54865,30.24145],[-97.5472,30.24094],[-97.54486,30.24098],[-97.54426,30.24059],[-97.5436,30.23909],[-97.54436,30.23662],[-97.54514,30.23605],[-97.54754,30.23565],[-97.54783,30.23494],[-97.54735,30.23452],[-97.54644,30.2345],[-97.54591,30.23272],[-97.545,30.23221],[-97.54396,30.23027],[-97.54338,30.22796],[-97.54285,30.22723],[-97.54193,30.22666],[-97.54132,30.22571],[-97.54036,30.22607],[-97.53929,30.22608],[-97.5385,30.2255],[-97.53798,30.22442],[-97.53753,30.2217],[-97.53688,30.22112],[-97.53462,30.22022],[-97.53156,30.21963],[-97.52894,30.21857],[-97.52707,30.21888],[-97.52428,30.22083],[-97.52339,30.22196],[-97.52304,30.22337],[-97.52325,30.22766],[-97.52269,30.22856],[-97.52111,30.22931],[-97.51991,30.22944],[-97.51862,30.22931],[-97.51743,30.2285],[-97.51657,30.226],[-97.51638,30.22138],[-97.51562,30.21758],[-97.51318,30.21014],[-97.51354,30.20998],[-97.51385,30.21032],[-97.51386,30.2099],[-97.51506,30.20902],[-97.51468,30.20705],[-97.51687,30.20589],[-97.51897,30.20596],[-97.51937,30.2066],[-97.52059,30.20715],[-97.52339,30.20732],[-97.52681,30.20665],[-97.52849,30.20546],[-97.52916,30.20421],[-97.52874,30.20332],[-97.52663,30.20198],[-97.5257,30.2004],[-97.5237,30.19841],[-97.52212,30.19782],[-97.51546,30.19855],[-97.51293,30.19938],[-97.50985,30.20305],[-97.50514,30.20719],[-97.50415,30.20776],[-97.50133,30.20841],[-97.49945,30.21087],[-97.49617,30.21595],[-97.4965,30.21612],[-97.49273,30.22203],[-97.49165,30.22362],[-97.491,30.22401],[-97.49104,30.22915],[-97.49248,30.23254],[-97.49253,30.23571],[-97.49349,30.23907],[-97.4934,30.24001],[-97.49186,30.24231],[-97.48575,30.24973],[-97.48438,30.25188],[-97.47181,30.24609],[-97.47292,30.24382],[-97.46521,30.24015],[-97.45826,30.2515],[-97.45653,30.25191],[-97.45496,30.25186],[-97.45359,30.25239],[-97.45355,30.25183],[-97.4527,30.25154],[-97.45212,30.25072],[-97.45169,30.251],[-97.45047,30.25038],[-97.4493,30.25065],[-97.44856,30.25037],[-97.4486,30.24815],[-97.4479,30.2476],[-97.44206,30.25683],[-97.44358,30.25693],[-97.44428,30.25738],[-97.44614,30.25711],[-97.4465,30.25699],[-97.44728,30.25569],[-97.44938,30.25627],[-97.44944,30.25678],[-97.44722,30.25956],[-97.44761,30.26025],[-97.44885,30.26059],[-97.44909,30.2616],[-97.44996,30.2613],[-97.45081,30.26166],[-97.44998,30.26318],[-97.44874,30.26399],[-97.4484,30.26493],[-97.44893,30.26612],[-97.44879,30.26704],[-97.44955,30.26779],[-97.45124,30.26744],[-97.45237,30.26752],[-97.45353,30.26814],[-97.45414,30.26894],[-97.45671,30.27001],[-97.46155,30.26256],[-97.46209,30.26481],[-97.46855,30.26711],[-97.46957,30.26628],[-97.47309,30.26702],[-97.47368,30.26806],[-97.47355,30.26893],[-97.47194,30.27037],[-97.47313,30.27165],[-97.47341,30.27257],[-97.47328,30.27373],[-97.47204,30.27542],[-97.47261,30.27713],[-97.47424,30.27824],[-97.4762,30.27643],[-97.48009,30.2761],[-97.48071,30.27636],[-97.48341,30.28087],[-97.48156,30.28302],[-97.48227,30.28358],[-97.48273,30.2844],[-97.48268,30.28627],[-97.48702,30.28891],[-97.48927,30.28966],[-97.49023,30.29059],[-97.48501,30.29767],[-97.48282,30.2966],[-97.48392,30.29522],[-97.48326,30.29523],[-97.48326,30.29499],[-97.48263,30.29467],[-97.4825,30.29412],[-97.48041,30.29307],[-97.47976,30.29216],[-97.47864,30.29228],[-97.47862,30.29133],[-97.47815,30.29033],[-97.47768,30.2902],[-97.47598,30.29061],[-97.47554,30.29013],[-97.47477,30.2899],[-97.4748,30.28943],[-97.47379,30.28899],[-97.47304,30.28892],[-97.47222,30.28936],[-97.47016,30.28888],[-97.4697,30.2884],[-97.46905,30.28824],[-97.46887,30.28791],[-97.46918,30.28721],[-97.4688,30.28693],[-97.46801,30.28689],[-97.46766,30.28762],[-97.4666,30.2877],[-97.46563,30.28719],[-97.46531,30.28648],[-97.46344,30.28594],[-97.462,30.28463],[-97.46114,30.28435],[-97.46118,30.28597],[-97.45942,30.28898],[-97.4642,30.29131],[-97.45256,30.30963],[-97.45151,30.31062],[-97.45013,30.3104],[-97.44964,30.3106],[-97.44395,30.31932],[-97.44766,30.31943],[-97.44781,30.31998],[-97.45263,30.32005],[-97.45829,30.3223],[-97.46564,30.3241],[-97.46714,30.32413],[-97.46919,30.32365],[-97.47117,30.32382],[-97.47161,30.32457],[-97.47359,30.32572],[-97.47403,30.32785],[-97.4745,30.32808],[-97.47491,30.32754],[-97.47553,30.32756],[-97.47679,30.32832],[-97.47679,30.32858],[-97.47766,30.32877],[-97.47878,30.33009],[-97.47865,30.33088],[-97.47898,30.33197],[-97.47775,30.33333],[-97.47762,30.33409],[-97.47808,30.33503],[-97.47753,30.33567],[-97.47784,30.33635],[-97.47855,30.33629],[-97.47974,30.33687],[-97.47986,30.33784],[-97.47889,30.33848],[-97.47889,30.34103],[-97.47917,30.34186],[-97.47985,30.34246],[-97.48099,30.34234],[-97.48269,30.34364],[-97.482,30.34427],[-97.48235,30.34523],[-97.48148,30.3459],[-97.48117,30.34669],[-97.47936,30.34811],[-97.47756,30.35111],[-97.47537,30.35117],[-97.47538,30.35144],[-97.46748,30.3516],[-97.46377,30.35775],[-97.46279,30.35717],[-97.46197,30.35715],[-97.46201,30.35883],[-97.46133,30.35956],[-97.46164,30.36044],[-97.46138,30.36085],[-97.46034,30.36139],[-97.46059,30.36226],[-97.46136,30.36225],[-97.46182,30.36284],[-97.46156,30.36316],[-97.46141,30.36291],[-97.4609,30.36299],[-97.46081,30.36379],[-97.46032,30.36369],[-97.46031,30.36409],[-97.45985,30.36438],[-97.46006,30.36467],[-97.46069,30.36432],[-97.46129,30.36462],[-97.46069,30.36513],[-97.46071,30.36569],[-97.46012,30.3658],[-97.45947,30.36655],[-97.46007,30.36687],[-97.46037,30.36762],[-97.46125,30.36823],[-97.46146,30.36866],[-97.46105,30.36935],[-97.45073,30.36438],[-97.44283,30.37723],[-97.44665,30.37632],[-97.44832,30.37634],[-97.45951,30.38147],[-97.4607,30.38179],[-97.46065,30.38425],[-97.45476,30.39348],[-97.43781,30.38519],[-97.41946,30.4147],[-97.45222,30.41406],[-97.45088,30.41645],[-97.45072,30.41822],[-97.44857,30.42201],[-97.44815,30.42205],[-97.44744,30.42266],[-97.44758,30.42376],[-97.44642,30.42517],[-97.45219,30.42794],[-97.4603,30.41525],[-97.4739,30.42168],[-97.47591,30.41855],[-97.47973,30.42035],[-97.4807,30.4205],[-97.48125,30.42012],[-97.48242,30.41777],[-97.4831,30.41855],[-97.48251,30.41974],[-97.48288,30.42017],[-97.48316,30.42224],[-97.48177,30.42369],[-97.4826,30.42429],[-97.4838,30.42426],[-97.48448,30.42615],[-97.48441,30.42642],[-97.48315,30.42696],[-97.48267,30.42745],[-97.48328,30.42807],[-97.4848,30.42814],[-97.48531,30.42888],[-97.48467,30.4298],[-97.4855,30.42987],[-97.48546,30.43056],[-97.48614,30.43074],[-97.48608,30.43104],[-97.48641,30.43097],[-97.48835,30.43247],[-97.48983,30.43274],[-97.49431,30.43489],[-97.49596,30.43388],[-97.49632,30.43449],[-97.49498,30.43661],[-97.49504,30.43692],[-97.50478,30.4416],[-97.50544,30.44148],[-97.50666,30.43961],[-97.50729,30.43928],[-97.51694,30.44375],[-97.51752,30.44375],[-97.51558,30.44693],[-97.51354,30.45768],[-97.51279,30.45799],[-97.50955,30.45767],[-97.50914,30.45819],[-97.50818,30.46252],[-97.50759,30.4627],[-97.50505,30.46238],[-97.50431,30.46286],[-97.50139,30.47741]]]}},
{"type":"Feature","properties":{"zipcode":"78654","city":"Marble Falls"},"geometry":{"type":"Polygon","coordinates":[[[-98.34627,30.68353],[-98.3491,30.68446],[-98.35063,30.68541],[-98.35273,30.68836],[-98.35694,30.69032],[-98.35691,30.68488],[-98.35756,30.68485],[-98.3579,30.68413],[-98.36126,30.68349],[-98.3678,30.67715],[-98.36867,30.67692],[-98.37031,30.67575],[-98.3777,30.66561],[-98.38181,30.65897],[-98.39083,30.663],[-98.39359,30.65858],[-98.39423,30.65508],[-98.39319,30.65563],[-98.39086,30.65481],[-98.3894,30.65487],[-98.38771,30.65242],[-98.38517,30.65105],[-98.3849,30.64998],[-98.38378,30.64907],[-98.38347,30.64786],[-98.38368,30.6469],[-98.38245,30.64684],[-98.37979,30.64605],[-98.37968,30.64557],[-98.37721,30.64545],[-98.37886,30.64245],[-98.38045,30.64075],[-98.38071,30.63977],[-98.40628,30.63735],[-98.40854,30.63751],[-98.40849,30.63498],[-98.40988,30.63202],[-98.40956,30.63003],[-98.40823,30.62828],[-98.39914,30.62252],[-98.39955,30.62154],[-98.39913,30.6192],[-98.39773,30.61522],[-98.39683,30.61362],[-98.39814,30.61268],[-98.39847,30.61094],[-98.39908,30.61034],[-98.39943,30.6091],[-98.40028,30.60836],[-98.39919,30.6074],[-98.40133,30.60379],[-98.40078,30.60268],[-98.40218,30.60219],[-98.40079,30.59992],[-98.40002,30.59762],[-98.40013,30.59619],[-98.40071,30.59459],[-98.40225,30.59325],[-98.40813,30.59041],[-98.41247,30.58773],[-98.41373,30.58589],[-98.41372,30.58376],[-98.41242,30.58006],[-98.41215,30.57783],[-98.41072,30.57388],[-98.40819,30.5697],[-98.40538,30.56621],[-98.40294,30.56401],[-98.40135,30.56365],[-98.39879,30.56376],[-98.39757,30.56411],[-98.39112,30.56748],[-98.38603,30.56896],[-98.38115,30.57115],[-98.37586,30.57397],[-98.37333,30.57461],[-98.37156,30.57468],[-98.36927,30.57428],[-98.36667,30.57333],[-98.36276,30.5704],[-98.35198,30.55838],[-98.35198,30.55798],[-98.3492,30.55795],[-98.34682,30.55688],[-98.34247,30.55581],[-98.33901,30.55569],[-98.33792,30.55595],[-98.33796,30.55653],[-98.33444,30.55927],[-98.32873,30.56513],[-98.32549,30.56726],[-98.32239,30.56779],[-98.32026,30.56732],[-98.31683,30.56569],[-98.31374,30.56309],[-98.305,30.55814],[-98.30529,30.55763],[-98.30413,30.5572],[-98.30418,30.5545],[-98.30351,30.55276],[-98.30019,30.55034],[-98.30098,30.54832],[-98.30029,30.54584],[-98.29602,30.54704],[-98.29596,30.54667],[-98.2947,30.54557],[-98.29206,30.54558],[-98.29221,30.54611],[-98.29343,30.54654],[-98.29398,30.54625],[-98.29483,30.54786],[-98.29573,30.5476],[-98.29612,30.54773],[-98.29614,30.54916],[-98.29523,30.55075],[-98.29365,30.5515],[-98.29011,30.55166],[-98.28886,30.55229],[-98.28774,30.55185],[-98.28697,30.55281],[-98.28625,30.55224],[-98.28558,30.55229],[-98.28535,30.55192],[-98.28694,30.55054],[-98.28758,30.54931],[-98.28937,30.54809],[-98.28821,30.54422],[-98.28811,30.54284],[-98.28647,30.54033],[-98.28446,30.53979],[-98.28254,30.53999],[-98.28126,30.54058],[-98.2786,30.53991],[-98.29247,30.51351],[-98.3209,30.47799],[-98.25977,30.46163],[-98.26159,30.46427],[-98.2618,30.46661],[-98.26481,30.46962],[-98.26469,30.4739],[-98.26491,30.47461],[-98.2641,30.47556],[-98.26269,30.47648],[-98.26248,30.4789],[-98.26104,30.48051],[-98.26056,30.48177],[-98.25929,30.48312],[-98.25784,30.48557],[-98.25667,30.48637],[-98.25397,30.48685],[-98.25356,30.48722],[-98.25408,30.48748],[-98.25435,30.488],[-98.25378,30.48875],[-98.25345,30.49061],[-98.25209,30.49217],[-98.25111,30.49272],[-98.25063,30.4943],[-98.2624,30.49784],[-98.26731,30.50006],[-98.26523,30.50355],[-98.26487,30.5052],[-98.26553,30.51631],[-98.265,30.5235],[-98.26519,30.52675],[-98.25943,30.52596],[-98.25803,30.5249],[-98.25565,30.52513],[-98.25472,30.52486],[-98.25445,30.52303],[-98.25376,30.52141],[-98.25186,30.51903],[-98.24802,30.51654],[-98.24585,30.5147],[-98.24437,30.51406],[-98.24117,30.51367],[-98.2378,30.51429],[-98.23651,30.51429],[-98.23413,30.51368],[-98.23365,30.51377],[-98.23158,30.51576],[-98.22267,30.519],[-98.22176,30.51987],[-98.22005,30.52061],[-98.24232,30.53795],[-98.23489,30.54364],[-98.23196,30.54506],[-98.22794,30.54761],[-98.22643,30.548],[-98.22496,30.54785],[-98.22327,30.54723],[-98.22428,30.54331],[-98.22412,30.5409],[-98.22449,30.53982],[-98.22392,30.53851],[-98.22326,30.53812],[-98.2231,30.53721],[-98.22227,30.53645],[-98.21915,30.53465],[-98.21526,30.53383],[-98.21447,30.53076],[-98.21377,30.52973],[-98.21332,30.53028],[-98.2131,30.53187],[-98.21193,30.53281],[-98.21092,30.53437],[-98.21031,30.53483],[-98.2047,30.53538],[-98.19473,30.53509],[-98.19268,30.53722],[-98.19086,30.53861],[-98.18737,30.53951],[-98.18567,30.53666],[-98.18422,30.53536],[-98.18177,30.53445],[-98.17946,30.53417],[-98.17764,30.53494],[-98.17278,30.53923],[-98.1716,30.53956],[-98.17019,30.53928],[-98.16899,30.53794],[-98.16926,30.53427],[-98.16991,30.53131],[-98.16859,30.52871],[-98.16732,30.52737],[-98.16567,30.52641],[-98.16292,30.52535],[-98.15977,30.52496],[-98.15277,30.52562],[-98.14735,30.52582],[-98.14396,30.52526],[-98.14233,30.52451],[-98.14143,30.52459],[-98.13881,30.52662],[-98.13736,30.52827],[-98.13384,30.53423],[-98.13226,30.53631],[-98.12867,30.53959],[-98.12695,30.54072],[-98.1253,30.54138],[-98.12095,30.52886],[-98.1197,30.52339],[-98.12184,30.52066],[-98.1253,30.51933],[-98.1253,30.51733],[-98.12726,30.51662],[-98.12964,30.51523],[-98.13123,30.51365],[-98.1319,30.51266],[-98.13235,30.51124],[-98.13105,30.51155],[-98.12884,30.51135],[-98.12836,30.51175],[-98.12752,30.51193],[-98.12823,30.51093],[-98.12862,30.51123],[-98.12867,30.51093],[-98.1304,30.51094],[-98.13101,30.51033],[-98.13051,30.50402],[-98.1301,30.50318],[-98.12963,30.50291],[-98.12988,30.50253],[-98.12933,30.50154],[-98.12963,30.50126],[-98.12942,30.49992],[-98.12902,30.49883],[-98.12836,30.49871],[-98.12876,30.49822],[-98.12846,30.49747],[-98.12784,30.49731],[-98.12803,30.49697],[-98.1278,30.4965],[-98.12607,30.49472],[-98.1253,30.4935],[-98.12494,30.49152],[-98.1237,30.49043],[-98.12322,30.49069],[-98.12338,30.49018],[-98.12208,30.4892],[-98.12007,30.48841],[-98.11809,30.48802],[-98.11691,30.48809],[-98.11501,30.48881],[-98.11426,30.4896],[-98.11462,30.49033],[-98.11456,30.49094],[-98.11492,30.49113],[-98.11482,30.49158],[-98.11558,30.49223],[-98.11546,30.49259],[-98.1158,30.49291],[-98.11541,30.49375],[-98.11553,30.49416],[-98.11515,30.49414],[-98.11537,30.49283],[-98.11397,30.49188],[-98.11375,30.4905],[-98.11246,30.49407],[-98.11269,30.49448],[-98.11039,30.49611],[-98.10864,30.49806],[-98.11012,30.49806],[-98.11044,30.49834],[-98.11039,30.49903],[-98.11094,30.49995],[-98.11082,30.5006],[-98.11104,30.50113],[-98.11134,30.50103],[-98.11167,30.50153],[-98.11131,30.50123],[-98.11121,30.50169],[-98.11077,30.50168],[-98.11061,30.50256],[-98.11093,30.50289],[-98.11051,30.5027],[-98.11045,30.50213],[-98.10991,30.5017],[-98.11007,30.50108],[-98.11039,30.50099],[-98.1101,30.50038],[-98.11025,30.49983],[-98.10955,30.49933],[-98.10842,30.49942],[-98.1075,30.49891],[-98.10717,30.49912],[-98.10718,30.49955],[-98.10663,30.49919],[-98.10474,30.49974],[-98.10455,30.50025],[-98.10491,30.50063],[-98.10476,30.50127],[-98.10434,30.50114],[-98.10454,30.5007],[-98.10416,30.50041],[-98.10414,30.49997],[-98.10221,30.50084],[-98.10149,30.50087],[-98.10039,30.50163],[-98.09899,30.5014],[-98.09686,30.5017],[-98.09671,30.50184],[-98.09736,30.50286],[-98.09645,30.5024],[-98.09591,30.50306],[-98.09606,30.50206],[-98.09563,30.50175],[-98.09208,30.50183],[-98.09195,30.50213],[-98.09123,30.50189],[-98.09052,30.50223],[-98.09006,30.50336],[-98.09057,30.50396],[-98.09037,30.505],[-98.09187,30.50649],[-98.09162,30.50663],[-98.0917,30.50737],[-98.09141,30.50655],[-98.08984,30.50512],[-98.08976,30.50433],[-98.08942,30.50411],[-98.08752,30.50526],[-98.08742,30.50647],[-98.08722,30.507],[-98.08694,30.50702],[-98.08714,30.50536],[-98.08628,30.5048],[-98.08674,30.50446],[-98.087,30.50464],[-98.0873,30.50434],[-98.0871,30.50403],[-98.08885,30.50312],[-98.08874,30.50221],[-98.08781,30.50165],[-98.08598,30.50131],[-98.08523,30.50188],[-98.08485,30.50077],[-98.08229,30.49894],[-98.08282,30.50007],[-98.08254,30.50085],[-98.08232,30.50085],[-98.08224,30.50157],[-98.08141,30.50101],[-98.0809,30.50213],[-98.08088,30.50328],[-98.07983,30.50372],[-98.08055,30.50282],[-98.0804,30.50182],[-98.0777,30.50293],[-98.07767,30.50247],[-98.07851,30.50228],[-98.07826,30.50182],[-98.07954,30.50192],[-98.07948,30.50147],[-98.08,30.50138],[-98.08162,30.49998],[-98.0812,30.49938],[-98.0806,30.4993],[-98.08042,30.49874],[-98.07989,30.49848],[-98.08069,30.49826],[-98.08094,30.49789],[-98.08054,30.49722],[-98.08017,30.4969],[-98.07914,30.49702],[-98.07958,30.49672],[-98.07959,30.49632],[-98.07903,30.49604],[-98.07923,30.49574],[-98.07853,30.49416],[-98.07841,30.49071],[-98.07774,30.4921],[-98.07686,30.49225],[-98.0756,30.49309],[-98.07622,30.49222],[-98.07726,30.49153],[-98.07755,30.49047],[-98.07752,30.49016],[-98.07632,30.4894],[-98.07823,30.4897],[-98.07825,30.48923],[-98.08127,30.48619],[-98.08289,30.48407],[-98.08247,30.48359],[-98.08146,30.48356],[-98.08036,30.48403],[-98.08076,30.48331],[-98.07968,30.48313],[-98.07881,30.48195],[-98.07757,30.482],[-98.07661,30.48115],[-98.07765,30.48179],[-98.07896,30.48124],[-98.0799,30.4817],[-98.07975,30.48212],[-98.08041,30.48253],[-98.08151,30.4826],[-98.08261,30.48212],[-98.08305,30.48257],[-98.0837,30.48269],[-98.08445,30.48231],[-98.08669,30.47931],[-98.08649,30.47868],[-98.08672,30.47853],[-98.08702,30.47874],[-98.08724,30.47845],[-98.08638,30.47791],[-98.08544,30.47797],[-98.08444,30.47754],[-98.08451,30.47711],[-98.08415,30.47688],[-98.08469,30.476],[-98.08441,30.47552],[-98.08488,30.47586],[-98.08479,30.47671],[-98.08551,30.47705],[-98.08635,30.47674],[-98.08654,30.47599],[-98.08705,30.47605],[-98.08748,30.4753],[-98.08812,30.47548],[-98.08821,30.47483],[-98.0892,30.47505],[-98.0895,30.47439],[-98.08894,30.47387],[-98.08911,30.47364],[-98.08992,30.47361],[-98.0905,30.47161],[-98.09013,30.47125],[-98.08948,30.4713],[-98.08931,30.47092],[-98.0899,30.46983],[-98.08784,30.46803],[-98.08703,30.46857],[-98.08652,30.47019],[-98.08624,30.47014],[-98.08586,30.46974],[-98.08539,30.468],[-98.08482,30.46773],[-98.08475,30.46664],[-98.08441,30.4663],[-98.08358,30.46677],[-98.08304,30.46647],[-98.08294,30.46605],[-98.08221,30.46618],[-98.08147,30.46567],[-98.08085,30.46639],[-98.08092,30.46692],[-98.08135,30.46724],[-98.08109,30.46723],[-98.08033,30.46696],[-98.08006,30.46569],[-98.07866,30.46551],[-98.07829,30.46516],[-98.07763,30.4657],[-98.07804,30.46667],[-98.07759,30.46732],[-98.07747,30.46665],[-98.07703,30.46617],[-98.07622,30.46607],[-98.07662,30.46579],[-98.0765,30.4653],[-98.07565,30.46477],[-98.07517,30.46529],[-98.07475,30.4653],[-98.07408,30.46479],[-98.07331,30.46533],[-98.07152,30.46454],[-98.07015,30.46442],[-98.06931,30.46473],[-98.06883,30.46444],[-98.0683,30.46478],[-98.06732,30.46482],[-98.06728,30.46583],[-98.06793,30.46641],[-98.0694,30.46664],[-98.07026,30.46726],[-98.07038,30.46881],[-98.07166,30.46959],[-98.07013,30.46927],[-98.06945,30.47136],[-98.06873,30.47226],[-98.06835,30.47232],[-98.06938,30.47111],[-98.06988,30.46878],[-98.06941,30.4677],[-98.06772,30.46736],[-98.06691,30.46694],[-98.06638,30.46728],[-98.06594,30.46672],[-98.06571,30.46694],[-98.06584,30.46776],[-98.0656,30.46859],[-98.06496,30.46935],[-98.06531,30.46872],[-98.06474,30.4685],[-98.06515,30.46828],[-98.06542,30.46754],[-98.06436,30.46727],[-98.06494,30.46692],[-98.06472,30.46647],[-98.06513,30.46611],[-98.06478,30.46566],[-98.06396,30.46554],[-98.06429,30.46501],[-98.06453,30.46513],[-98.0644,30.46476],[-98.06271,30.46409],[-98.06172,30.46476],[-98.06105,30.4645],[-98.06152,30.46393],[-98.06185,30.46394],[-98.0617,30.46369],[-98.05865,30.46198],[-98.05678,30.45998],[-98.05524,30.45964],[-98.05603,30.45897],[-98.05514,30.45736],[-98.05486,30.45708],[-98.05419,30.45707],[-98.054,30.45734],[-98.05353,30.45691],[-98.05295,30.45689],[-98.05444,30.45634],[-98.0545,30.45586],[-98.05374,30.4545],[-98.05364,30.45222],[-98.05248,30.4518],[-98.05353,30.4515],[-98.0535,30.45111],[-98.05295,30.4507],[-98.05368,30.45045],[-98.05433,30.4492],[-98.05573,30.4477],[-98.05834,30.44578],[-98.0597,30.44519],[-98.05933,30.44482],[-98.06134,30.44316],[-98.06197,30.44308],[-98.06157,30.4426],[-98.06189,30.44233],[-98.06216,30.44252],[-98.06185,30.44197],[-98.06238,30.44149],[-98.06217,30.44095],[-98.06094,30.44094],[-98.06126,30.44043],[-98.06179,30.44042],[-98.06218,30.44004],[-98.0617,30.43929],[-98.06177,30.4387],[-98.06112,30.43848],[-98.06142,30.43809],[-98.06125,30.43766],[-98.06074,30.43707],[-98.06022,30.43744],[-98.0601,30.43683],[-98.05958,30.4368],[-98.05987,30.4363],[-98.05966,30.43599],[-98.05867,30.43587],[-98.05852,30.43533],[-98.05781,30.43501],[-98.05566,30.43518],[-98.05477,30.43595],[-98.05492,30.43742],[-98.05538,30.43794],[-98.05487,30.43788],[-98.05361,30.43666],[-98.05031,30.43855],[-98.04977,30.43918],[-98.05058,30.43949],[-98.05034,30.43997],[-98.05091,30.44076],[-98.04979,30.44007],[-98.04872,30.44002],[-98.04553,30.44239],[-98.04524,30.44274],[-98.04589,30.44402],[-98.04469,30.44323],[-98.04328,30.44451],[-98.04457,30.44697],[-98.04387,30.44601],[-98.04258,30.44522],[-98.03995,30.44819],[-98.04079,30.44962],[-98.03985,30.44878],[-98.03935,30.44884],[-98.03728,30.45132],[-98.03758,30.45201],[-98.03806,30.45231],[-98.03682,30.45213],[-98.0347,30.45567],[-98.03331,30.45928],[-98.03423,30.45907],[-98.035,30.4581],[-98.03679,30.45871],[-98.03732,30.45843],[-98.03742,30.45893],[-98.03698,30.45923],[-98.0371,30.46025],[-98.03772,30.46084],[-98.03894,30.46113],[-98.03925,30.46184],[-98.03846,30.4623],[-98.03876,30.46148],[-98.03683,30.4608],[-98.0363,30.45951],[-98.03596,30.45974],[-98.03557,30.45931],[-98.03391,30.46034],[-98.03283,30.46048],[-98.03264,30.46081],[-98.03301,30.46106],[-98.03246,30.46131],[-98.03222,30.46191],[-98.03257,30.46235],[-98.03194,30.46257],[-98.03158,30.46357],[-98.0318,30.46408],[-98.03131,30.46436],[-98.03118,30.46551],[-98.0308,30.46618],[-98.03113,30.46632],[-98.03393,30.46579],[-98.03427,30.46665],[-98.03414,30.46759],[-98.03471,30.4677],[-98.03233,30.46869],[-98.03374,30.46864],[-98.0351,30.47002],[-98.03548,30.47177],[-98.03532,30.47288],[-98.03623,30.47318],[-98.0376,30.47525],[-98.03869,30.47623],[-98.03751,30.47543],[-98.03624,30.47359],[-98.03505,30.47297],[-98.03498,30.4714],[-98.03404,30.46968],[-98.03182,30.46942],[-98.03098,30.46895],[-98.03089,30.46817],[-98.03231,30.46781],[-98.03293,30.46731],[-98.03224,30.46724],[-98.03043,30.46757],[-98.03012,30.46809],[-98.02964,30.46993],[-98.0298,30.47031],[-98.02919,30.47139],[-98.03019,30.47191],[-98.02888,30.4723],[-98.029,30.47288],[-98.02859,30.47306],[-98.02859,30.47385],[-98.02799,30.47473],[-98.02862,30.47503],[-98.0311,30.47423],[-98.03232,30.47508],[-98.03096,30.47462],[-98.02939,30.47545],[-98.02931,30.4762],[-98.02871,30.47588],[-98.02759,30.47592],[-98.0274,30.47638],[-98.02774,30.47667],[-98.02713,30.47695],[-98.027,30.47775],[-98.0266,30.4781],[-98.0269,30.47846],[-98.02615,30.47851],[-98.02415,30.48123],[-98.02291,30.48161],[-98.02107,30.483],[-98.01855,30.48402],[-98.01809,30.48479],[-98.01771,30.48434],[-98.01704,30.48415],[-98.01572,30.48415],[-98.01537,30.48453],[-98.01268,30.48442],[-98.01225,30.48397],[-98.00963,30.48299],[-98.01207,30.4806],[-98.00895,30.47962],[-98.00697,30.47841],[-98.00551,30.47692],[-98.00366,30.47417],[-98.00245,30.47679],[-98.00304,30.48004],[-98.00188,30.48123],[-98.00145,30.48251],[-98.00054,30.48355],[-98.00009,30.48461],[-97.99905,30.485],[-97.99892,30.4855],[-97.99779,30.48677],[-97.99633,30.48732],[-97.99399,30.48723],[-97.99191,30.48787],[-97.99079,30.48779],[-97.98511,30.48501],[-97.97957,30.49306],[-97.97902,30.4953],[-97.9791,30.49622],[-97.97982,30.49725],[-97.98122,30.49805],[-97.98224,30.49807],[-97.98422,30.49714],[-97.98602,30.49749],[-97.98856,30.50034],[-97.98876,30.50231],[-97.98928,30.50312],[-97.99074,30.50416],[-97.99182,30.50536],[-97.9937,30.50595],[-97.99637,30.50727],[-97.99758,30.50724],[-97.9986,30.50685],[-97.9999,30.50455],[-98.00136,30.50395],[-98.00533,30.50572],[-98.00662,30.50582],[-98.00858,30.5049],[-98.0116,30.50255],[-98.01436,30.5016],[-98.01697,30.50196],[-98.01855,30.50379],[-98.01942,30.50426],[-98.0224,30.50508],[-98.02428,30.50495],[-98.02574,30.50541],[-98.02308,30.50552],[-98.02311,30.50823],[-98.02268,30.50863],[-98.02122,30.50894],[-98.02088,30.5093],[-98.02114,30.51029],[-98.02246,30.51141],[-98.02107,30.51294],[-98.02031,30.51296],[-98.02044,30.51357],[-98.01948,30.51524],[-98.01953,30.5175],[-98.01713,30.52089],[-98.0168,30.5216],[-98.01678,30.52296],[-98.01565,30.52426],[-98.01637,30.52616],[-98.01793,30.52797],[-98.01761,30.52926],[-98.01649,30.53095],[-98.0148,30.53194],[-98.01504,30.53238],[-98.01688,30.5337],[-98.0169,30.53561],[-98.01581,30.53691],[-98.01415,30.53812],[-98.01355,30.53927],[-98.01173,30.54056],[-98.01053,30.54287],[-98.01126,30.54549],[-98.01208,30.54616],[-98.01235,30.54695],[-98.01167,30.54893],[-98.01169,30.55031],[-98.01216,30.55224],[-98.01275,30.55326],[-98.01202,30.55631],[-98.01231,30.55716],[-98.01278,30.5575],[-98.01279,30.55924],[-98.01378,30.56019],[-98.01405,30.56098],[-98.01389,30.5617],[-98.01478,30.56196],[-98.01576,30.56283],[-98.01627,30.56295],[-98.01658,30.56392],[-98.01823,30.56518],[-98.01838,30.56591],[-98.01927,30.56675],[-98.01978,30.56793],[-98.01948,30.56833],[-98.01988,30.56876],[-98.02026,30.57026],[-98.0208,30.57082],[-98.01825,30.57417],[-98.01607,30.57505],[-98.01619,30.57423],[-98.01699,30.57366],[-98.01763,30.57266],[-98.01768,30.57142],[-98.01742,30.57126],[-98.01675,30.57244],[-98.01429,30.57412],[-98.01364,30.57548],[-98.01515,30.57752],[-98.01817,30.57798],[-98.02018,30.57869],[-98.02127,30.57989],[-98.02222,30.58165],[-98.02285,30.5819],[-98.02378,30.58179],[-98.02406,30.58201],[-98.02485,30.58446],[-98.02596,30.58541],[-98.02588,30.58754],[-98.02679,30.58894],[-98.0269,30.58959],[-98.02772,30.59015],[-98.02911,30.59024],[-98.03096,30.59088],[-98.03173,30.59147],[-98.03425,30.59078],[-98.03467,30.58844],[-98.03514,30.58774],[-98.03465,30.58595],[-98.03524,30.58548],[-98.03559,30.58394],[-98.03661,30.58355],[-98.03712,30.58291],[-98.03706,30.58221],[-98.03635,30.58181],[-98.03705,30.58072],[-98.03842,30.5801],[-98.03885,30.57925],[-98.03942,30.57887],[-98.03985,30.57886],[-98.04018,30.57945],[-98.04083,30.57915],[-98.04139,30.57729],[-98.04269,30.57584],[-98.04342,30.57551],[-98.0443,30.57464],[-98.04439,30.57436],[-98.044,30.57394],[-98.04477,30.57357],[-98.04516,30.57304],[-98.04433,30.57194],[-98.04488,30.57145],[-98.04606,30.57108],[-98.05402,30.57472],[-98.05423,30.5744],[-98.05588,30.57561],[-98.05741,30.57576],[-98.05988,30.57769],[-98.06207,30.58101],[-98.06374,30.58225],[-98.0618,30.58779],[-98.06168,30.58871],[-98.06196,30.58973],[-98.06342,30.59076],[-98.06457,30.59073],[-98.06583,30.59146],[-98.06668,30.59288],[-98.05475,30.6151],[-98.05551,30.61471],[-98.05587,30.61353],[-98.05685,30.61217],[-98.06049,30.61263],[-98.0632,30.61397],[-98.06311,30.61702],[-98.06358,30.61746],[-98.06489,30.61692],[-98.06671,30.61871],[-98.06753,30.61869],[-98.06926,30.61927],[-98.07289,30.61877],[-98.07327,30.61901],[-98.07344,30.61995],[-98.0741,30.62057],[-98.07681,30.61822],[-98.08359,30.60867],[-98.08571,30.60744],[-98.08607,30.60695],[-98.08985,30.60545],[-98.09229,30.60388],[-98.09855,30.59931],[-98.09906,30.59789],[-98.10087,30.59616],[-98.10211,30.59575],[-98.11804,30.61687],[-98.12993,30.60898],[-98.13417,30.61138],[-98.12758,30.62021],[-98.13922,30.62656],[-98.13529,30.63188],[-98.14362,30.63521],[-98.14396,30.63505],[-98.14457,30.63336],[-98.1454,30.63315],[-98.14696,30.63347],[-98.14937,30.63476],[-98.15072,30.63487],[-98.15141,30.63386],[-98.15255,30.63299],[-98.15743,30.63199],[-98.1565,30.63132],[-98.15602,30.63006],[-98.15955,30.62795],[-98.16146,30.62942],[-98.16294,30.63013],[-98.16331,30.63107],[-98.16347,30.63396],[-98.16315,30.63469],[-98.16225,30.63556],[-98.16032,30.6362],[-98.16008,30.63671],[-98.16026,30.63779],[-98.16199,30.63946],[-98.16312,30.64106],[-98.16318,30.64196],[-98.16241,30.64285],[-98.16278,30.64379],[-98.16416,30.64441],[-98.16713,30.64514],[-98.16906,30.64615],[-98.1707,30.64746],[-98.17834,30.65087],[-98.18139,30.64989],[-98.18255,30.64993],[-98.18831,30.6521],[-98.19302,30.64474],[-98.19631,30.64493],[-98.19888,30.64429],[-98.20024,30.64456],[-98.20251,30.64216],[-98.20405,30.64005],[-98.20572,30.63876],[-98.20601,30.63783],[-98.2071,30.63792],[-98.20789,30.63764],[-98.20943,30.63794],[-98.2102,30.63732],[-98.21163,30.63718],[-98.21301,30.63665],[-98.2157,30.63481],[-98.21599,30.6344],[-98.21599,30.63323],[-98.2178,30.63323],[-98.21825,30.63281],[-98.21987,30.63249],[-98.2217,30.63047],[-98.22363,30.62896],[-98.22607,30.62845],[-98.22631,30.62692],[-98.22679,30.6263],[-98.22771,30.62605],[-98.22829,30.62486],[-98.2503,30.63976],[-98.25883,30.64516],[-98.26421,30.64918],[-98.28439,30.66275],[-98.28476,30.66345],[-98.28555,30.66354],[-98.28697,30.66449],[-98.28677,30.66595],[-98.28772,30.66701],[-98.29059,30.66692],[-98.29693,30.67125],[-98.2954,30.67218],[-98.29529,30.67357],[-98.29575,30.67589],[-98.29519,30.67644],[-98.29387,30.67672],[-98.29464,30.67772],[-98.29443,30.67984],[-98.29512,30.68142],[-98.29299,30.68171],[-98.29326,30.68311],[-98.29064,30.68341],[-98.29121,30.68565],[-98.31126,30.68179],[-98.31285,30.68172],[-98.31495,30.68008],[-98.31624,30.67958],[-98.31727,30.6795],[-98.31997,30.67958],[-98.32394,30.68032],[-98.32749,30.68155],[-98.32985,30.68279],[-98.33474,30.68408],[-98.33717,30.68435],[-98.33881,30.68498],[-98.33973,30.68485],[-98.34154,30.68371],[-98.34497,30.68339],[-98.34627,30.68353]]]}},
{"type":"Feature","properties":{"zipcode":"78655","city":"Martindale"},"geometry":{"type":"Polygon","coordinates":[[[-97.77641,29.87212],[-97.77915,29.87459],[-97.78081,29.87496],[-97.78178,29.87484],[-97.78604,29.87291],[-97.79091,29.86916],[-97.79201,29.87075],[-97.79333,29.8687],[-97.79417,29.86831],[-97.79428,29.86761],[-97.79566,29.86735],[-97.79654,29.86832],[-97.80813,29.86112],[-97.81333,29.86614],[-97.84008,29.8464],[-97.84002,29.84663],[-97.85187,29.85187],[-97.85585,29.85553],[-97.85393,29.85886],[-97.85642,29.86132],[-97.8548,29.86198],[-97.85713,29.86636],[-97.85917,29.8656],[-97.85879,29.86587],[-97.85953,29.86663],[-97.8658,29.8619],[-97.86748,29.86272],[-97.86956,29.86324],[-97.86944,29.86411],[-97.86997,29.8645],[-97.87064,29.86432],[-97.87462,29.86549],[-97.8758,29.86441],[-97.87327,29.86391],[-97.87397,29.86281],[-97.8737,29.86214],[-97.87968,29.86261],[-97.87917,29.86105],[-97.87592,29.86071],[-97.87452,29.8599],[-97.87436,29.8592],[-97.87488,29.85881],[-97.87498,29.85828],[-97.87572,29.85788],[-97.87435,29.85598],[-97.8733,29.8533],[-97.87436,29.85201],[-97.87035,29.84769],[-97.86677,29.85043],[-97.86712,29.85108],[-97.86651,29.85163],[-97.8667,29.85285],[-97.86624,29.85374],[-97.86467,29.85433],[-97.86416,29.85399],[-97.86331,29.85404],[-97.86278,29.85473],[-97.86213,29.85486],[-97.86144,29.85485],[-97.86086,29.85358],[-97.8569,29.84958],[-97.85829,29.84831],[-97.86561,29.84303],[-97.86825,29.84553],[-97.87539,29.8382],[-97.87573,29.83863],[-97.89247,29.82267],[-97.8841,29.81413],[-97.88296,29.815],[-97.88208,29.81433],[-97.87928,29.81512],[-97.87676,29.81097],[-97.87502,29.8092],[-97.87692,29.80807],[-97.87723,29.80741],[-97.88605,29.80077],[-97.88817,29.79802],[-97.86307,29.77241],[-97.87253,29.76531],[-97.87361,29.76384],[-97.86692,29.75719],[-97.86076,29.76178],[-97.86057,29.7611],[-97.85862,29.75889],[-97.85765,29.75835],[-97.85583,29.75802],[-97.8577,29.75467],[-97.86189,29.75214],[-97.8594,29.74957],[-97.86028,29.74846],[-97.8369,29.72446],[-97.8305,29.72923],[-97.82718,29.73123],[-97.8226,29.73479],[-97.82438,29.73486],[-97.82535,29.73536],[-97.82566,29.73724],[-97.82407,29.73824],[-97.82443,29.73988],[-97.82633,29.74146],[-97.82669,29.74123],[-97.82748,29.74158],[-97.82754,29.7423],[-97.82726,29.74231],[-97.82652,29.7436],[-97.82584,29.74406],[-97.82408,29.74427],[-97.82407,29.74503],[-97.82754,29.74786],[-97.82798,29.74795],[-97.81967,29.75383],[-97.81908,29.75005],[-97.81729,29.74693],[-97.81376,29.74323],[-97.81313,29.74201],[-97.81326,29.74161],[-97.80783,29.7364],[-97.80601,29.73562],[-97.80383,29.73541],[-97.80203,29.7358],[-97.80038,29.73667],[-97.78587,29.7477],[-97.7831,29.75118],[-97.77434,29.75775],[-97.77812,29.76216],[-97.78186,29.77057],[-97.78468,29.76852],[-97.784,29.76725],[-97.7839,29.76598],[-97.78414,29.76551],[-97.7847,29.76542],[-97.78524,29.76491],[-97.78462,29.76406],[-97.78371,29.76343],[-97.78457,29.76315],[-97.78494,29.76249],[-97.78489,29.76189],[-97.78445,29.76161],[-97.78373,29.76208],[-97.78222,29.76216],[-97.78145,29.75959],[-97.78673,29.76094],[-97.79086,29.75956],[-97.79248,29.7595],[-97.79317,29.75865],[-97.79329,29.75795],[-97.7929,29.75642],[-97.79297,29.75403],[-97.79382,29.75309],[-97.79498,29.75249],[-97.79647,29.7522],[-97.79954,29.75221],[-97.80087,29.75297],[-97.80088,29.75383],[-97.80128,29.75421],[-97.80208,29.75417],[-97.8028,29.75355],[-97.80331,29.75363],[-97.80403,29.75514],[-97.80382,29.75548],[-97.8031,29.75573],[-97.80291,29.75626],[-97.80308,29.75672],[-97.80373,29.75678],[-97.80391,29.75716],[-97.80299,29.7586],[-97.80123,29.75896],[-97.80053,29.75989],[-97.7998,29.76341],[-97.80024,29.76429],[-97.80026,29.7659],[-97.80113,29.76694],[-97.80215,29.76652],[-97.80516,29.76723],[-97.80554,29.76796],[-97.80684,29.76868],[-97.80838,29.77055],[-97.80844,29.77121],[-97.80919,29.77234],[-97.81046,29.77278],[-97.81126,29.77388],[-97.81121,29.77421],[-97.80914,29.77439],[-97.80838,29.77477],[-97.80775,29.77457],[-97.80639,29.7731],[-97.80551,29.77318],[-97.80645,29.77515],[-97.80562,29.77656],[-97.80565,29.77705],[-97.80623,29.77738],[-97.80641,29.77801],[-97.8083,29.77969],[-97.80976,29.77978],[-97.81069,29.78025],[-97.81139,29.78029],[-97.81191,29.77994],[-97.8109,29.77924],[-97.81248,29.77813],[-97.81452,29.77995],[-97.81458,29.78064],[-97.81411,29.78193],[-97.81185,29.78384],[-97.81371,29.7842],[-97.81444,29.78476],[-97.80058,29.79524],[-97.80029,29.79588],[-97.78136,29.80991],[-97.7912,29.82017],[-97.74824,29.85246],[-97.75489,29.86311],[-97.75543,29.86469],[-97.75678,29.86636],[-97.75707,29.86768],[-97.75777,29.86775],[-97.75812,29.86873],[-97.75926,29.8694],[-97.75904,29.87034],[-97.75949,29.8713],[-97.76216,29.87177],[-97.76226,29.87256],[-97.76272,29.87199],[-97.76372,29.87252],[-97.76426,29.87141],[-97.77641,29.87212]]]}},
{"type":"Feature","properties":{"zipcode":"78656","city":"Maxwell"},"geometry":{"type":"Polygon","coordinates":[[[-97.77917,29.95048],[-97.78133,29.95189],[-97.7817,29.95236],[-97.78159,29.95369],[-97.784,29.95551],[-97.78915,29.94831],[-97.7917,29.9456],[-97.79246,29.9452],[-97.7825,29.9352],[-97.7804,29.93177],[-97.79149,29.92335],[-97.79214,29.9245],[-97.79857,29.93092],[-97.80868,29.9322],[-97.81019,29.93488],[-97.8104,29.93596],[-97.81144,29.93749],[-97.81788,29.93444],[-97.82728,29.92918],[-97.83717,29.92197],[-97.84919,29.91601],[-97.85266,29.91375],[-97.85421,29.9151],[-97.85903,29.91671],[-97.86706,29.91671],[-97.8662,29.91618],[-97.86591,29.91527],[-97.86601,29.91466],[-97.86651,29.91407],[-97.86668,29.90924],[-97.86326,29.90621],[-97.87963,29.89453],[-97.87934,29.89405],[-97.8792,29.8884],[-97.87862,29.88764],[-97.87791,29.8876],[-97.8757,29.8888],[-97.86542,29.88909],[-97.86433,29.88819],[-97.86229,29.88825],[-97.8595,29.88516],[-97.86047,29.8858],[-97.86072,29.88571],[-97.86487,29.882],[-97.88149,29.88163],[-97.88176,29.8776],[-97.88869,29.87788],[-97.88855,29.88047],[-97.89283,29.88046],[-97.89286,29.88121],[-97.89364,29.88181],[-97.89461,29.88196],[-97.89616,29.87061],[-97.89137,29.86775],[-97.88985,29.86713],[-97.8758,29.86441],[-97.87462,29.86549],[-97.87064,29.86432],[-97.86997,29.8645],[-97.86944,29.86411],[-97.86956,29.86324],[-97.86748,29.86272],[-97.8658,29.8619],[-97.85953,29.86663],[-97.85879,29.86587],[-97.85917,29.8656],[-97.85713,29.86636],[-97.8548,29.86198],[-97.85642,29.86132],[-97.85393,29.85886],[-97.85585,29.85553],[-97.85187,29.85187],[-97.84002,29.84663],[-97.84008,29.8464],[-97.81333,29.86614],[-97.80813,29.86112],[-97.79654,29.86832],[-97.79566,29.86735],[-97.79428,29.86761],[-97.79417,29.86831],[-97.79333,29.8687],[-97.79201,29.87075],[-97.79091,29.86916],[-97.78604,29.87291],[-97.78178,29.87484],[-97.78081,29.87496],[-97.77915,29.87459],[-97.77641,29.87212],[-97.76426,29.87141],[-97.76372,29.87252],[-97.76272,29.87199],[-97.76226,29.87256],[-97.76216,29.87177],[-97.75359,29.87064],[-97.74038,29.87053],[-97.74873,29.88269],[-97.74496,29.88341],[-97.74099,29.88495],[-97.7324,29.88968],[-97.73316,29.8914],[-97.73319,29.89197],[-97.73269,29.89265],[-97.73412,29.89504],[-97.73228,29.89625],[-97.73713,29.90126],[-97.73831,29.90151],[-97.73805,29.90199],[-97.7391,29.90305],[-97.73904,29.90334],[-97.73647,29.90568],[-97.74127,29.91064],[-97.75926,29.89685],[-97.75972,29.89762],[-97.76067,29.89783],[-97.76131,29.89838],[-97.76338,29.8984],[-97.76386,29.89889],[-97.76429,29.90026],[-97.76531,29.90136],[-97.76597,29.90138],[-97.76664,29.90206],[-97.76717,29.9022],[-97.76834,29.90143],[-97.7689,29.90142],[-97.76977,29.90269],[-97.77111,29.90328],[-97.77191,29.90314],[-97.77587,29.90119],[-97.77658,29.90115],[-97.77766,29.90278],[-97.77963,29.90345],[-97.78084,29.90444],[-97.78283,29.90871],[-97.78748,29.91394],[-97.77945,29.92033],[-97.77106,29.9265],[-97.76222,29.93233],[-97.7523,29.94127],[-97.75379,29.94218],[-97.75409,29.94263],[-97.75388,29.94457],[-97.75332,29.94595],[-97.75436,29.94713],[-97.758,29.9463],[-97.7595,29.94685],[-97.76081,29.9466],[-97.76047,29.94868],[-97.75995,29.9493],[-97.76015,29.95013],[-97.76088,29.95055],[-97.76263,29.95057],[-97.7633,29.95016],[-97.76328,29.94932],[-97.76425,29.94849],[-97.76538,29.9485],[-97.76646,29.95058],[-97.76624,29.95137],[-97.76574,29.95155],[-97.76578,29.95189],[-97.76742,29.95211],[-97.7689,29.95269],[-97.77086,29.95462],[-97.77291,29.95415],[-97.77352,29.95417],[-97.77423,29.95459],[-97.77517,29.95441],[-97.7758,29.95325],[-97.7754,29.95256],[-97.77576,29.95196],[-97.77776,29.95055],[-97.77917,29.95048]]]}},
{"type":"Feature","properties":{"zipcode":"78657","city":"Horseshoe Bay"},"geometry":{"type":"Polygon","coordinates":[[[-98.41704,30.57415],[-98.41747,30.57501],[-98.41831,30.57525],[-98.41914,30.57398],[-98.41879,30.57298],[-98.41898,30.57175],[-98.41856,30.57113],[-98.41769,30.571],[-98.41818,30.57055],[-98.41744,30.56998],[-98.4186,30.57014],[-98.41858,30.56966],[-98.41748,30.56903],[-98.41853,30.56832],[-98.41876,30.56784],[-98.41874,30.56582],[-98.42268,30.55833],[-98.42503,30.55745],[-98.42623,30.5578],[-98.42901,30.56006],[-98.43027,30.56139],[-98.4307,30.56302],[-98.43105,30.56339],[-98.43575,30.56628],[-98.43905,30.56627],[-98.44128,30.5652],[-98.44272,30.56488],[-98.44418,30.56505],[-98.44452,30.5657],[-98.44445,30.56664],[-98.44343,30.56923],[-98.44336,30.57055],[-98.44365,30.57124],[-98.44474,30.57192],[-98.44854,30.57273],[-98.45062,30.57371],[-98.45213,30.57357],[-98.45361,30.57306],[-98.4555,30.57303],[-98.45726,30.57254],[-98.45926,30.573],[-98.46107,30.57261],[-98.46348,30.57419],[-98.465,30.57457],[-98.46589,30.57444],[-98.4679,30.57355],[-98.4692,30.57235],[-98.46975,30.57137],[-98.46963,30.56852],[-98.46901,30.56711],[-98.46899,30.56616],[-98.4675,30.56351],[-98.46747,30.56262],[-98.46817,30.56111],[-98.44773,30.54409],[-98.43307,30.53139],[-98.42713,30.52943],[-98.42043,30.5264],[-98.41249,30.52094],[-98.40512,30.51738],[-98.39491,30.51457],[-98.37635,30.51278],[-98.37605,30.5144],[-98.3766,30.51638],[-98.37636,30.51703],[-98.37178,30.5188],[-98.37104,30.51921],[-98.37072,30.51978],[-98.37056,30.52315],[-98.36997,30.52325],[-98.37003,30.52411],[-98.37042,30.52431],[-98.37044,30.52591],[-98.37004,30.52702],[-98.36992,30.53003],[-98.36922,30.53102],[-98.36636,30.5307],[-98.36851,30.5289],[-98.36935,30.52719],[-98.36926,30.52631],[-98.36844,30.52465],[-98.3692,30.52389],[-98.36802,30.52284],[-98.36879,30.5218],[-98.36863,30.52085],[-98.36919,30.52044],[-98.36964,30.51918],[-98.37053,30.5187],[-98.36986,30.51311],[-98.36334,30.5143],[-98.35165,30.51714],[-98.35109,30.51222],[-98.35127,30.50307],[-98.35104,30.48615],[-98.34423,30.48413],[-98.33015,30.48049],[-98.33209,30.48258],[-98.33236,30.48437],[-98.33196,30.48562],[-98.33131,30.4855],[-98.32926,30.48651],[-98.32818,30.48674],[-98.32811,30.48484],[-98.32138,30.48511],[-98.32141,30.48855],[-98.31367,30.48705],[-98.29247,30.51351],[-98.2786,30.53991],[-98.28126,30.54058],[-98.28254,30.53999],[-98.28446,30.53979],[-98.28647,30.54033],[-98.28811,30.54284],[-98.28821,30.54422],[-98.28937,30.54809],[-98.28758,30.54931],[-98.28694,30.55054],[-98.28535,30.55192],[-98.28558,30.55229],[-98.28625,30.55224],[-98.28697,30.55281],[-98.28774,30.55185],[-98.28886,30.55229],[-98.29011,30.55166],[-98.29365,30.5515],[-98.29523,30.55075],[-98.29614,30.54916],[-98.29612,30.54773],[-98.29573,30.5476],[-98.29483,30.54786],[-98.29398,30.54625],[-98.29343,30.54654],[-98.29221,30.54611],[-98.29206,30.54558],[-98.2947,30.54557],[-98.29596,30.54667],[-98.29602,30.54704],[-98.30029,30.54584],[-98.30098,30.54832],[-98.30019,30.55034],[-98.30351,30.55276],[-98.30418,30.5545],[-98.30413,30.5572],[-98.30529,30.55763],[-98.305,30.55814],[-98.31374,30.56309],[-98.31683,30.56569],[-98.32026,30.56732],[-98.32239,30.56779],[-98.32549,30.56726],[-98.32873,30.56513],[-98.33444,30.55927],[-98.33796,30.55653],[-98.33792,30.55595],[-98.33901,30.55569],[-98.34247,30.55581],[-98.34682,30.55688],[-98.3492,30.55795],[-98.35198,30.55798],[-98.35198,30.55838],[-98.36276,30.5704],[-98.36667,30.57333],[-98.36927,30.57428],[-98.37156,30.57468],[-98.37333,30.57461],[-98.37586,30.57397],[-98.38115,30.57115],[-98.38603,30.56896],[-98.39112,30.56748],[-98.39757,30.56411],[-98.39879,30.56376],[-98.40135,30.56365],[-98.40294,30.56401],[-98.40422,30.56501],[-98.40546,30.55986],[-98.40662,30.55985],[-98.40723,30.56029],[-98.40705,30.56057],[-98.40627,30.56072],[-98.40641,30.56144],[-98.40589,30.56239],[-98.40603,30.56326],[-98.40728,30.56351],[-98.40725,30.56281],[-98.40763,30.56258],[-98.40957,30.56457],[-98.41235,30.56576],[-98.41245,30.56628],[-98.41289,30.56628],[-98.41255,30.56665],[-98.41181,30.56676],[-98.41002,30.56608],[-98.40823,30.56618],[-98.40811,30.56674],[-98.40848,30.56741],[-98.41413,30.57136],[-98.41545,30.57305],[-98.41437,30.57358],[-98.41479,30.57425],[-98.41618,30.57489],[-98.41679,30.57471],[-98.41704,30.57415]]]}},
{"type":"Feature","properties":{"zipcode":"78659","city":"Paige"},"geometry":{"type":"Polygon","coordinates":[[[-97.10134,30.30702],[-97.1022,30.30689],[-97.10254,30.30627],[-97.10317,30.30609],[-97.10493,30.30615],[-97.10571,30.30651],[-97.10637,30.30599],[-97.10681,30.30392],[-97.10791,30.30312],[-97.10788,30.30189],[-97.10869,30.30103],[-97.10868,30.30063],[-97.10761,30.30023],[-97.10746,30.29991],[-97.10852,30.29906],[-97.10868,30.29728],[-97.10967,30.29653],[-97.10967,30.29628],[-97.10903,30.29625],[-97.10886,30.29548],[-97.10925,30.29511],[-97.10992,30.29545],[-97.11042,30.29538],[-97.11007,30.29406],[-97.11124,30.29328],[-97.10941,30.29256],[-97.10928,30.29186],[-97.10873,30.29152],[-97.11058,30.28986],[-97.11091,30.28894],[-97.11004,30.28763],[-97.10886,30.2867],[-97.10862,30.2857],[-97.10786,30.2855],[-97.10795,30.28493],[-97.10762,30.28415],[-97.10673,30.2836],[-97.10788,30.28316],[-97.10849,30.28086],[-97.10747,30.28037],[-97.1072,30.27984],[-97.10644,30.27973],[-97.10608,30.27895],[-97.10478,30.27872],[-97.10407,30.2781],[-97.10439,30.27762],[-97.10515,30.27744],[-97.10573,30.27761],[-97.10613,30.27607],[-97.10559,30.27606],[-97.10591,30.27537],[-97.14883,30.30402],[-97.14912,30.30311],[-97.15034,30.30192],[-97.15139,30.2992],[-97.15128,30.29796],[-97.15237,30.29652],[-97.16075,30.29384],[-97.15575,30.28211],[-97.17142,30.27736],[-97.17235,30.27856],[-97.17341,30.27904],[-97.18159,30.27645],[-97.18466,30.27501],[-97.18547,30.27547],[-97.18627,30.27676],[-97.18685,30.27686],[-97.19506,30.26927],[-97.15855,30.23851],[-97.15189,30.23547],[-97.14766,30.2293],[-97.14115,30.21412],[-97.1432,30.21306],[-97.18432,30.23097],[-97.20966,30.24008],[-97.21357,30.23458],[-97.21377,30.23454],[-97.21412,30.23658],[-97.21517,30.23772],[-97.21617,30.23828],[-97.21741,30.23549],[-97.21942,30.23354],[-97.21956,30.23277],[-97.22012,30.23247],[-97.22064,30.23148],[-97.21891,30.22525],[-97.2176,30.22429],[-97.21592,30.22249],[-97.21472,30.21884],[-97.21311,30.2174],[-97.21278,30.21278],[-97.21334,30.21076],[-97.21339,30.2091],[-97.2127,30.20777],[-97.21662,30.20469],[-97.21909,30.20358],[-97.22593,30.19946],[-97.22902,30.19974],[-97.23058,30.19882],[-97.23117,30.19772],[-97.23079,30.19452],[-97.23116,30.19356],[-97.2246,30.18793],[-97.22129,30.18343],[-97.21764,30.17953],[-97.22068,30.17711],[-97.22127,30.1776],[-97.22255,30.17694],[-97.22325,30.17617],[-97.22351,30.1745],[-97.22457,30.17533],[-97.22535,30.17338],[-97.22598,30.17274],[-97.22488,30.17205],[-97.22374,30.17263],[-97.21902,30.16872],[-97.21983,30.16801],[-97.22062,30.16805],[-97.22363,30.16528],[-97.22355,30.16494],[-97.22258,30.1649],[-97.22271,30.16478],[-97.22458,30.16367],[-97.22576,30.16329],[-97.21776,30.15647],[-97.22574,30.15173],[-97.22226,30.14882],[-97.22056,30.14875],[-97.21957,30.1492],[-97.21517,30.14687],[-97.21426,30.14706],[-97.20899,30.14581],[-97.20551,30.14491],[-97.20419,30.14425],[-97.20347,30.14259],[-97.20458,30.13972],[-97.21376,30.13703],[-97.21321,30.13473],[-97.21287,30.13452],[-97.21182,30.13514],[-97.21014,30.13678],[-97.20742,30.13859],[-97.20543,30.13818],[-97.20522,30.13743],[-97.206,30.13623],[-97.20592,30.13346],[-97.20483,30.13245],[-97.204,30.13227],[-97.20333,30.13077],[-97.2021,30.13038],[-97.20083,30.13089],[-97.19974,30.1303],[-97.1982,30.13105],[-97.19708,30.13046],[-97.1963,30.12946],[-97.19501,30.12944],[-97.19397,30.12866],[-97.19321,30.12872],[-97.18454,30.12447],[-97.18436,30.11337],[-97.18191,30.11368],[-97.17851,30.11466],[-97.1739,30.11685],[-97.17012,30.11975],[-97.16537,30.12155],[-97.16259,30.1229],[-97.15764,30.1234],[-97.1558,30.12431],[-97.15105,30.12591],[-97.1452,30.12661],[-97.1309,30.13138],[-97.13082,30.13556],[-97.10241,30.13634],[-97.10203,30.13612],[-97.10174,30.1342],[-97.10083,30.13309],[-97.08613,30.13339],[-97.08554,30.13368],[-97.08543,30.13751],[-97.06316,30.13802],[-97.06222,30.10954],[-97.04437,30.10999],[-97.0433,30.11105],[-97.04092,30.11124],[-97.05417,30.15972],[-97.05041,30.1599],[-97.04843,30.16054],[-97.04953,30.1623],[-97.05173,30.17148],[-97.04428,30.17376],[-97.04066,30.17693],[-97.03874,30.17749],[-97.03841,30.17866],[-97.03476,30.18206],[-97.03375,30.18262],[-97.03352,30.18316],[-97.03204,30.18286],[-97.03189,30.18353],[-97.02839,30.18285],[-97.02109,30.18293],[-97.01424,30.18368],[-97.01508,30.18458],[-97.01559,30.18638],[-97.01654,30.18692],[-97.01938,30.19179],[-97.02987,30.19574],[-97.02922,30.19572],[-97.02846,30.19645],[-97.02837,30.19751],[-97.02917,30.1996],[-97.02907,30.20044],[-97.02894,30.20067],[-97.01507,30.19883],[-97.01584,30.19331],[-97.01467,30.19293],[-97.00744,30.19202],[-97.00538,30.20802],[-96.99759,30.21799],[-97.00142,30.22037],[-97.00216,30.21812],[-97.00362,30.21768],[-97.00553,30.21791],[-97.00621,30.21687],[-97.00554,30.21611],[-97.00537,30.21506],[-97.00577,30.2146],[-97.00797,30.21426],[-97.00976,30.21341],[-97.00985,30.213],[-97.00937,30.21239],[-97.00871,30.21211],[-97.00844,30.21167],[-97.00789,30.21166],[-97.00784,30.21142],[-97.00895,30.21051],[-97.00961,30.2105],[-97.01024,30.20997],[-97.01055,30.2103],[-97.0109,30.21013],[-97.01119,30.20958],[-97.01101,30.20893],[-97.01164,30.20856],[-97.01443,30.20826],[-97.01515,30.20858],[-97.01598,30.20858],[-97.01723,30.20921],[-97.0179,30.20922],[-97.01799,30.20873],[-97.02687,30.21005],[-97.02846,30.21076],[-97.02781,30.21269],[-97.02666,30.21417],[-97.02732,30.21524],[-97.02811,30.21517],[-97.03198,30.21683],[-97.03284,30.21808],[-97.04023,30.22464],[-97.03926,30.23045],[-97.06038,30.23213],[-97.05993,30.23429],[-97.06053,30.23525],[-97.05972,30.23606],[-97.05985,30.23779],[-97.05936,30.23843],[-97.05922,30.23965],[-97.05834,30.24086],[-97.05691,30.24441],[-97.05691,30.24502],[-97.05786,30.24503],[-97.05796,30.24545],[-97.05684,30.24662],[-97.05402,30.24732],[-97.0504,30.24707],[-97.04925,30.24748],[-97.04873,30.24871],[-97.04657,30.24959],[-97.04575,30.24946],[-97.04465,30.24988],[-97.04431,30.24977],[-97.04795,30.25271],[-97.04936,30.25424],[-97.0514,30.25458],[-97.05294,30.25793],[-97.05348,30.25798],[-97.05681,30.25697],[-97.05794,30.25757],[-97.05878,30.26055],[-97.05874,30.26158],[-97.06013,30.26399],[-97.06345,30.27159],[-97.0646,30.27516],[-97.06923,30.28298],[-97.07466,30.28658],[-97.07752,30.29334],[-97.07751,30.29722],[-97.07905,30.29789],[-97.08169,30.30115],[-97.08252,30.30395],[-97.08332,30.30518],[-97.08682,30.30374],[-97.08655,30.30323],[-97.08602,30.30305],[-97.08609,30.30278],[-97.08735,30.3021],[-97.0884,30.30205],[-97.09435,30.30389],[-97.09647,30.30353],[-97.09753,30.30368],[-97.09828,30.30411],[-97.09839,30.30593],[-97.09926,30.30691],[-97.1002,30.30676],[-97.10134,30.30702]]]}},
{"type":"Feature","properties":{"zipcode":"78660","city":"Pflugerville"},"geometry":{"type":"Polygon","coordinates":[[[-97.57387,30.50034],[-97.57984,30.50046],[-97.58056,30.49993],[-97.58145,30.49805],[-97.58243,30.49387],[-97.59234,30.49381],[-97.59267,30.49422],[-97.59294,30.49756],[-97.59474,30.49724],[-97.59982,30.49719],[-97.6001,30.49685],[-97.60041,30.49117],[-97.60015,30.4881],[-97.61074,30.48793],[-97.61018,30.48915],[-97.61193,30.4889],[-97.61201,30.48793],[-97.62405,30.48789],[-97.62424,30.48749],[-97.62531,30.48774],[-97.62593,30.48745],[-97.62743,30.48738],[-97.62568,30.4871],[-97.62598,30.4869],[-97.62758,30.48693],[-97.62724,30.48633],[-97.62795,30.48595],[-97.62922,30.48725],[-97.63028,30.48757],[-97.63092,30.48726],[-97.63154,30.48521],[-97.63219,30.48465],[-97.63336,30.48425],[-97.6355,30.48089],[-97.63958,30.48173],[-97.64109,30.48113],[-97.64345,30.47825],[-97.64139,30.47334],[-97.64118,30.47226],[-97.6429,30.47237],[-97.64212,30.4706],[-97.64215,30.46995],[-97.64422,30.46667],[-97.64623,30.46761],[-97.64787,30.46773],[-97.64658,30.46299],[-97.64896,30.46027],[-97.65066,30.45753],[-97.65919,30.46168],[-97.65954,30.46172],[-97.6598,30.46035],[-97.66241,30.46139],[-97.66455,30.46083],[-97.66772,30.46835],[-97.66873,30.46965],[-97.67053,30.46973],[-97.6668,30.45734],[-97.6663,30.45336],[-97.67162,30.42446],[-97.67007,30.42398],[-97.65903,30.41859],[-97.6565,30.41664],[-97.65446,30.41427],[-97.65097,30.41239],[-97.64895,30.40985],[-97.64295,30.40693],[-97.64211,30.4063],[-97.6414,30.40651],[-97.63785,30.40473],[-97.63857,30.40361],[-97.63658,30.40263],[-97.63748,30.39875],[-97.63714,30.39876],[-97.63653,30.39821],[-97.63336,30.3985],[-97.63319,30.39749],[-97.63259,30.39648],[-97.62848,30.394],[-97.62775,30.39221],[-97.62714,30.39162],[-97.61542,30.38596],[-97.61454,30.3852],[-97.61419,30.38536],[-97.60615,30.38138],[-97.60189,30.3838],[-97.59407,30.39624],[-97.5926,30.39665],[-97.59004,30.39555],[-97.58968,30.39568],[-97.58277,30.40647],[-97.58242,30.40504],[-97.5738,30.40131],[-97.57382,30.40068],[-97.57535,30.39852],[-97.57202,30.39729],[-97.56461,30.39285],[-97.55341,30.38745],[-97.55278,30.3893],[-97.53994,30.40979],[-97.54005,30.4106],[-97.54121,30.41132],[-97.54138,30.41197],[-97.53963,30.41475],[-97.52755,30.40796],[-97.52657,30.40845],[-97.52479,30.41193],[-97.52618,30.413],[-97.53668,30.41915],[-97.53191,30.42703],[-97.54683,30.4337],[-97.54891,30.43439],[-97.55191,30.43478],[-97.55092,30.43538],[-97.55067,30.43584],[-97.55004,30.436],[-97.54958,30.43588],[-97.54955,30.43541],[-97.54917,30.4351],[-97.54818,30.43541],[-97.54809,30.43589],[-97.54721,30.43683],[-97.54707,30.43806],[-97.54614,30.43983],[-97.54656,30.44045],[-97.54616,30.44114],[-97.54303,30.43955],[-97.53771,30.44837],[-97.53478,30.44697],[-97.52566,30.46108],[-97.52423,30.46796],[-97.52453,30.46821],[-97.52818,30.46882],[-97.52714,30.47465],[-97.52814,30.4755],[-97.5395,30.47836],[-97.53927,30.47916],[-97.53986,30.47895],[-97.55361,30.48079],[-97.55111,30.49402],[-97.56033,30.49533],[-97.5608,30.49323],[-97.56391,30.49357],[-97.56479,30.4937],[-97.56477,30.49489],[-97.56526,30.49585],[-97.56894,30.49616],[-97.56918,30.49174],[-97.57085,30.49178],[-97.57007,30.49875],[-97.57036,30.49933],[-97.57309,30.49988],[-97.57308,30.50018],[-97.57387,30.50034]]]}},
{"type":"Feature","properties":{"zipcode":"78662","city":"Red Rock"},"geometry":{"type":"Polygon","coordinates":[[[-97.44843,30.01425],[-97.4493,30.01507],[-97.4509,30.01538],[-97.45258,30.01474],[-97.45356,30.01321],[-97.45501,30.01299],[-97.45621,30.01345],[-97.45765,30.01327],[-97.45884,30.01262],[-97.45983,30.01368],[-97.46059,30.01402],[-97.46102,30.01393],[-97.46156,30.01269],[-97.46075,30.01066],[-97.46085,30.00799],[-97.46301,30.00821],[-97.46362,30.0086],[-97.46499,30.00809],[-97.46401,30.0064],[-97.46641,30.00457],[-97.4678,30.00484],[-97.46702,30.00397],[-97.46748,30.00303],[-97.46734,30.00276],[-97.46583,30.00232],[-97.46674,30.00144],[-97.46623,30.00046],[-97.46521,29.9998],[-97.46513,29.99939],[-97.46548,29.99895],[-97.4704,29.99659],[-97.47273,29.99583],[-97.47594,29.99528],[-97.47743,29.99408],[-97.47828,29.99379],[-97.4836,29.99256],[-97.48406,29.99221],[-97.48517,29.99206],[-97.48562,29.99166],[-97.48744,29.99207],[-97.48875,29.9918],[-97.48915,29.99151],[-97.49022,29.98837],[-97.49328,29.98703],[-97.49493,29.98585],[-97.49504,29.98544],[-97.49649,29.98619],[-97.49884,29.98833],[-97.50104,29.98954],[-97.5031,29.99172],[-97.51483,30.00169],[-97.52715,29.99072],[-97.5329,29.98248],[-97.54043,29.9758],[-97.52094,29.95912],[-97.52143,29.9576],[-97.52244,29.95616],[-97.52301,29.95637],[-97.52347,29.95618],[-97.52365,29.95574],[-97.52344,29.95508],[-97.52558,29.95452],[-97.52742,29.95452],[-97.52874,29.95369],[-97.52906,29.95234],[-97.52892,29.95168],[-97.528,29.95188],[-97.52759,29.95234],[-97.52667,29.95214],[-97.52659,29.95149],[-97.52698,29.95068],[-97.52946,29.94951],[-97.52938,29.94558],[-97.5282,29.94179],[-97.51819,29.93845],[-97.51683,29.94053],[-97.50894,29.94099],[-97.50735,29.93976],[-97.50492,29.94081],[-97.50525,29.9396],[-97.50642,29.93907],[-97.50752,29.93808],[-97.50743,29.93749],[-97.50841,29.93554],[-97.50938,29.93509],[-97.50976,29.93417],[-97.51156,29.93337],[-97.51173,29.9322],[-97.51217,29.93168],[-97.51179,29.93108],[-97.51225,29.92998],[-97.51392,29.92977],[-97.51172,29.92795],[-97.51223,29.92718],[-97.51189,29.92692],[-97.51165,29.92588],[-97.51196,29.92555],[-97.51112,29.92489],[-97.51044,29.92488],[-97.50867,29.92554],[-97.50772,29.92553],[-97.50461,29.9238],[-97.49031,29.93344],[-97.48004,29.92482],[-97.48781,29.9125],[-97.49017,29.90986],[-97.49177,29.9075],[-97.49755,29.89846],[-97.4991,29.89509],[-97.50969,29.87882],[-97.49058,29.86936],[-97.49002,29.86974],[-97.48739,29.87349],[-97.48536,29.87983],[-97.48505,29.87992],[-97.47996,29.87761],[-97.47529,29.88523],[-97.475,29.88484],[-97.47284,29.88376],[-97.4538,29.8747],[-97.45429,29.87404],[-97.44891,29.87104],[-97.44828,29.87207],[-97.44741,29.87166],[-97.44675,29.87244],[-97.4457,29.87275],[-97.44209,29.8724],[-97.44061,29.87186],[-97.4398,29.87206],[-97.42635,29.86587],[-97.42517,29.86508],[-97.42487,29.86432],[-97.42367,29.86413],[-97.41999,29.86217],[-97.41502,29.86984],[-97.43795,29.88921],[-97.4363,29.89194],[-97.43457,29.89607],[-97.43468,29.89723],[-97.43407,29.89733],[-97.43259,29.89861],[-97.42485,29.89477],[-97.42393,29.89407],[-97.42365,29.89322],[-97.42225,29.89276],[-97.42274,29.89209],[-97.42234,29.89145],[-97.41895,29.88998],[-97.41813,29.88998],[-97.41729,29.89088],[-97.41627,29.8914],[-97.41587,29.89201],[-97.41459,29.8916],[-97.4131,29.89219],[-97.41221,29.89191],[-97.41153,29.89199],[-97.41124,29.89249],[-97.41189,29.89347],[-97.4113,29.89416],[-97.41036,29.89356],[-97.40914,29.89456],[-97.40761,29.89514],[-97.40562,29.89506],[-97.40476,29.89613],[-97.40362,29.89668],[-97.40302,29.89807],[-97.40098,29.9005],[-97.3993,29.90097],[-97.39987,29.90175],[-97.3987,29.90238],[-97.39929,29.9029],[-97.39837,29.90382],[-97.39861,29.90506],[-97.39656,29.90735],[-97.3967,29.90755],[-97.39747,29.90745],[-97.39792,29.90905],[-97.39709,29.91206],[-97.39653,29.91219],[-97.39624,29.9117],[-97.39523,29.91187],[-97.39198,29.91349],[-97.3916,29.91453],[-97.39196,29.91745],[-97.39167,29.91775],[-97.39172,29.91824],[-97.39111,29.91884],[-97.39116,29.91925],[-97.38711,29.92143],[-97.38453,29.92222],[-97.38449,29.92321],[-97.3835,29.92386],[-97.38299,29.9248],[-97.38313,29.92527],[-97.38407,29.92582],[-97.38354,29.9272],[-97.38274,29.92535],[-97.37428,29.92192],[-97.34852,29.91481],[-97.34891,29.91539],[-97.34946,29.91558],[-97.34926,29.91737],[-97.35054,29.91844],[-97.35062,29.91949],[-97.35093,29.91978],[-97.35171,29.91969],[-97.35211,29.91995],[-97.35186,29.92156],[-97.35248,29.92298],[-97.35302,29.92341],[-97.35439,29.92359],[-97.35664,29.9268],[-97.35609,29.92702],[-97.35614,29.9283],[-97.35575,29.92994],[-97.35576,29.93041],[-97.35636,29.93074],[-97.35624,29.93225],[-97.35663,29.93345],[-97.35672,29.93693],[-97.35391,29.93918],[-97.35125,29.94067],[-97.35135,29.94239],[-97.3511,29.94284],[-97.35079,29.9465],[-97.35242,29.94744],[-97.35308,29.94818],[-97.35317,29.94862],[-97.35247,29.95001],[-97.35274,29.95084],[-97.35315,29.95109],[-97.35538,29.95112],[-97.35578,29.95135],[-97.3549,29.95282],[-97.35394,29.95343],[-97.35605,29.9535],[-97.3579,29.95299],[-97.35998,29.95422],[-97.3602,29.95531],[-97.35902,29.95755],[-97.34706,29.95154],[-97.34057,29.95511],[-97.34295,29.9557],[-97.34513,29.95672],[-97.34636,29.95794],[-97.3472,29.95986],[-97.34671,29.96177],[-97.34785,29.9653],[-97.34787,29.96656],[-97.34891,29.96761],[-97.34938,29.96877],[-97.35229,29.97],[-97.35911,29.97007],[-97.36184,29.96978],[-97.36489,29.97104],[-97.36598,29.96973],[-97.38051,29.97665],[-97.37401,29.98661],[-97.37625,29.98787],[-97.38501,29.99187],[-97.3859,29.99052],[-97.39026,29.98721],[-97.39346,29.98775],[-97.39582,29.98777],[-97.39679,29.98736],[-97.39785,29.9877],[-97.4093,29.9933],[-97.40932,29.99449],[-97.40717,29.99698],[-97.40659,30.0],[-97.40579,30.00173],[-97.40598,30.00213],[-97.40777,30.00301],[-97.42054,29.99339],[-97.42277,29.99009],[-97.43014,29.99384],[-97.43088,29.99575],[-97.4304,29.99722],[-97.43275,30.003],[-97.4337,30.00411],[-97.43434,30.00568],[-97.4392,30.00799],[-97.43976,30.00802],[-97.44276,30.00452],[-97.44487,30.00377],[-97.44509,30.0039],[-97.44795,30.00956],[-97.44856,30.01018],[-97.44795,30.01145],[-97.44865,30.01184],[-97.44859,30.01294],[-97.44913,30.01306],[-97.44902,30.01369],[-97.44837,30.01366],[-97.44843,30.01425]]]}},
{"type":"Feature","properties":{"zipcode":"78663","city":"Round Mountain"},"geometry":{"type":"Polygon","coordinates":[[[-98.4115,30.5021],[-98.4823,30.50151],[-98.49579,30.50118],[-98.49802,30.50137],[-98.51391,30.50134],[-98.55481,30.50028],[-98.55924,30.50041],[-98.59167,30.49987],[-98.59006,30.40437],[-98.58266,30.40451],[-98.57963,30.40513],[-98.5601,30.40538],[-98.56004,30.41294],[-98.55396,30.41443],[-98.55305,30.42091],[-98.55129,30.42169],[-98.54268,30.4226],[-98.54156,30.42236],[-98.54008,30.41731],[-98.53559,30.41798],[-98.53028,30.40583],[-98.50202,30.4067],[-98.49954,30.40627],[-98.49413,30.40618],[-98.49413,30.40752],[-98.4929,30.408],[-98.49166,30.40909],[-98.49172,30.41029],[-98.4929,30.41273],[-98.49269,30.41397],[-98.49302,30.41684],[-98.49189,30.41974],[-98.49211,30.42222],[-98.49001,30.42858],[-98.49035,30.43088],[-98.48962,30.43499],[-98.48953,30.44385],[-98.48734,30.44509],[-98.48373,30.44787],[-98.47828,30.45321],[-98.47553,30.45266],[-98.47583,30.45409],[-98.47649,30.4541],[-98.4768,30.45439],[-98.47678,30.45535],[-98.4772,30.45541],[-98.47676,30.45567],[-98.46672,30.45872],[-98.45975,30.45953],[-98.45128,30.4621],[-98.45128,30.4504],[-98.45248,30.44755],[-98.453,30.44667],[-98.45381,30.4461],[-98.45816,30.44545],[-98.46143,30.44417],[-98.46196,30.44371],[-98.46208,30.44223],[-98.46304,30.44027],[-98.46217,30.43847],[-98.46082,30.43699],[-98.46106,30.43577],[-98.46023,30.43445],[-98.45714,30.4328],[-98.45781,30.43141],[-98.45905,30.43059],[-98.45901,30.42855],[-98.45819,30.42855],[-98.45761,30.42919],[-98.45567,30.428],[-98.45527,30.42736],[-98.45338,30.4268],[-98.45213,30.4256],[-98.45145,30.42393],[-98.44754,30.42447],[-98.44675,30.42354],[-98.44605,30.42376],[-98.44486,30.42366],[-98.44382,30.42402],[-98.4427,30.42349],[-98.44273,30.42315],[-98.44344,30.42332],[-98.44348,30.42302],[-98.44249,30.42236],[-98.44179,30.41945],[-98.44007,30.4188],[-98.43898,30.41783],[-98.43733,30.41702],[-98.43673,30.41625],[-98.43521,30.41154],[-98.43318,30.40996],[-98.43284,30.40935],[-98.43111,30.40904],[-98.43104,30.41006],[-98.43043,30.41119],[-98.42825,30.41311],[-98.42664,30.41587],[-98.42584,30.41671],[-98.42605,30.41713],[-98.42799,30.41733],[-98.42843,30.41766],[-98.427,30.41963],[-98.42708,30.42321],[-98.42778,30.42456],[-98.4298,30.42519],[-98.43043,30.42588],[-98.43086,30.42881],[-98.4329,30.43152],[-98.43211,30.43615],[-98.43234,30.43737],[-98.43225,30.43753],[-98.43146,30.43715],[-98.4307,30.43764],[-98.42923,30.44153],[-98.42831,30.44184],[-98.42683,30.44408],[-98.42497,30.44496],[-98.42489,30.4481],[-98.42521,30.44878],[-98.42635,30.44954],[-98.4261,30.45076],[-98.42521,30.45083],[-98.42476,30.45139],[-98.42387,30.45167],[-98.42142,30.45142],[-98.42073,30.4523],[-98.41983,30.4524],[-98.41969,30.45298],[-98.41994,30.45525],[-98.42035,30.45616],[-98.42179,30.45747],[-98.42274,30.45773],[-98.424,30.45758],[-98.42584,30.45954],[-98.4268,30.46113],[-98.42697,30.46237],[-98.42775,30.4628],[-98.42856,30.46278],[-98.42886,30.4639],[-98.42836,30.4644],[-98.42866,30.46497],[-98.42818,30.46582],[-98.42849,30.46631],[-98.42708,30.46678],[-98.4272,30.46767],[-98.42662,30.46908],[-98.42704,30.46974],[-98.42667,30.47256],[-98.42504,30.47324],[-98.42489,30.47397],[-98.42385,30.47468],[-98.42372,30.47501],[-98.42431,30.47652],[-98.42355,30.47667],[-98.42338,30.47748],[-98.42257,30.47794],[-98.42144,30.4799],[-98.41837,30.47842],[-98.41734,30.47737],[-98.41562,30.47288],[-98.41288,30.46832],[-98.41352,30.46785],[-98.41245,30.46721],[-98.41316,30.46654],[-98.41341,30.46709],[-98.41433,30.46665],[-98.41329,30.46519],[-98.4126,30.46554],[-98.41309,30.46601],[-98.4122,30.4665],[-98.41088,30.46481],[-98.41187,30.46362],[-98.41046,30.46281],[-98.41008,30.46334],[-98.41068,30.46366],[-98.41011,30.46453],[-98.40792,30.46321],[-98.4083,30.46253],[-98.4087,30.46286],[-98.40929,30.46217],[-98.40702,30.46075],[-98.40775,30.46217],[-98.40687,30.46263],[-98.40618,30.46057],[-98.40608,30.45924],[-98.40497,30.45808],[-98.40514,30.4569],[-98.40456,30.4556],[-98.4029,30.45489],[-98.40213,30.45308],[-98.40138,30.44949],[-98.39957,30.44645],[-98.39831,30.44502],[-98.39606,30.44365],[-98.39535,30.44355],[-98.39458,30.44398],[-98.39056,30.44482],[-98.39113,30.44687],[-98.39067,30.44783],[-98.39061,30.44912],[-98.38894,30.45038],[-98.38712,30.44916],[-98.37567,30.44423],[-98.37284,30.44329],[-98.37379,30.44091],[-98.37549,30.44052],[-98.37565,30.43953],[-98.37443,30.43772],[-98.37199,30.43727],[-98.37141,30.43792],[-98.37095,30.43795],[-98.37066,30.43691],[-98.36907,30.43651],[-98.36838,30.4358],[-98.36304,30.43663],[-98.36008,30.43655],[-98.35895,30.43571],[-98.35624,30.43504],[-98.35157,30.43421],[-98.35058,30.43449],[-98.3499,30.43436],[-98.34899,30.43397],[-98.34803,30.43282],[-98.34615,30.43208],[-98.34696,30.43148],[-98.35029,30.43206],[-98.35353,30.43141],[-98.35483,30.43196],[-98.35554,30.43174],[-98.35642,30.43082],[-98.35699,30.43075],[-98.35836,30.43143],[-98.3594,30.43048],[-98.36053,30.43087],[-98.36151,30.43167],[-98.36411,30.43094],[-98.36426,30.43273],[-98.3649,30.43408],[-98.36569,30.43447],[-98.3667,30.43429],[-98.36774,30.4334],[-98.36866,30.43146],[-98.3687,30.43047],[-98.36929,30.42924],[-98.36905,30.428],[-98.37004,30.42774],[-98.3712,30.42664],[-98.37163,30.42678],[-98.37192,30.42659],[-98.37115,30.42522],[-98.37168,30.42449],[-98.37416,30.42559],[-98.37482,30.42615],[-98.37523,30.42563],[-98.37504,30.42189],[-98.37419,30.42131],[-98.37406,30.42079],[-98.37442,30.41982],[-98.37433,30.41827],[-98.37271,30.41824],[-98.37099,30.41783],[-98.3674,30.41587],[-98.36702,30.41543],[-98.36715,30.41481],[-98.36654,30.41442],[-98.36602,30.4147],[-98.36495,30.4146],[-98.3646,30.4149],[-98.36367,30.41496],[-98.36334,30.4155],[-98.3619,30.4153],[-98.36056,30.41588],[-98.3589,30.41483],[-98.35798,30.41605],[-98.35685,30.41667],[-98.35518,30.41718],[-98.35388,30.41706],[-98.35305,30.41733],[-98.35235,30.41702],[-98.35162,30.41562],[-98.35087,30.41655],[-98.34842,30.41685],[-98.34721,30.41601],[-98.3458,30.41597],[-98.34509,30.41515],[-98.34335,30.41541],[-98.34229,30.41442],[-98.33885,30.41329],[-98.33567,30.41494],[-98.33238,30.41565],[-98.32887,30.41577],[-98.31928,30.41214],[-98.3152,30.41132],[-98.31291,30.40984],[-98.31203,30.4087],[-98.31052,30.40568],[-98.30841,30.40348],[-98.3056,30.40137],[-98.30256,30.39964],[-98.29742,30.39818],[-98.29551,30.39675],[-98.29439,30.39552],[-98.28995,30.39322],[-98.28169,30.39022],[-98.27818,30.38812],[-98.27692,30.38583],[-98.27571,30.38516],[-98.27454,30.38522],[-98.27358,30.38561],[-98.27129,30.38785],[-98.26783,30.39037],[-98.26326,30.39269],[-98.26029,30.39269],[-98.25715,30.39153],[-98.25644,30.39074],[-98.25569,30.38729],[-98.25423,30.38503],[-98.25124,30.38327],[-98.25034,30.38312],[-98.25001,30.38341],[-98.24958,30.38307],[-98.25,30.38315],[-98.25004,30.38203],[-98.25045,30.38113],[-98.25115,30.38074],[-98.25645,30.38063],[-98.25829,30.37978],[-98.26156,30.37699],[-98.26488,30.37674],[-98.26973,30.36937],[-98.27151,30.36767],[-98.27185,30.3668],[-98.27148,30.36573],[-98.27067,30.36476],[-98.27001,30.36304],[-98.26588,30.36032],[-98.26596,30.35909],[-98.26493,30.3579],[-98.26481,30.35684],[-98.25941,30.33976],[-98.25675,30.3404],[-98.25517,30.34025],[-98.25343,30.3397],[-98.24964,30.3377],[-98.24915,30.33683],[-98.24893,30.33555],[-98.24809,30.33462],[-98.24567,30.33293],[-98.24527,30.32979],[-98.24574,30.32559],[-98.24621,30.32388],[-98.24554,30.32273],[-98.24505,30.32231],[-98.24384,30.32197],[-98.24196,30.32201],[-98.23741,30.32399],[-98.23548,30.32423],[-98.23539,30.32445],[-98.22946,30.32404],[-98.22935,30.31836],[-98.2199,30.31787],[-98.21993,30.30934],[-98.21703,30.31164],[-98.21445,30.31251],[-98.21217,30.31211],[-98.20965,30.31111],[-98.20867,30.31028],[-98.20673,30.31055],[-98.20483,30.31191],[-98.20401,30.31472],[-98.20607,30.31685],[-98.20734,30.31771],[-98.20845,30.31805],[-98.21051,30.31958],[-98.21177,30.32205],[-98.21179,30.32509],[-98.21103,30.32636],[-98.2079,30.33001],[-98.20578,30.332],[-98.20348,30.33333],[-98.19876,30.33483],[-98.1969,30.33621],[-98.19634,30.33797],[-98.19657,30.34018],[-98.19729,30.34358],[-98.19844,30.34503],[-98.19856,30.34564],[-98.1967,30.34931],[-98.1955,30.34996],[-98.19236,30.35022],[-98.18713,30.3484],[-98.18633,30.34789],[-98.18567,30.34694],[-98.18541,30.34554],[-98.18503,30.34111],[-98.18547,30.33985],[-98.18543,30.33893],[-98.18484,30.33799],[-98.18494,30.33719],[-98.18394,30.33482],[-98.18223,30.33339],[-98.17849,30.34272],[-98.17781,30.34366],[-98.17551,30.34252],[-98.17492,30.34186],[-98.17265,30.34107],[-98.17077,30.33942],[-98.16535,30.33772],[-98.16279,30.33842],[-98.15752,30.33876],[-98.15263,30.3394],[-98.15031,30.3388],[-98.14671,30.33681],[-98.14631,30.33728],[-98.1472,30.33795],[-98.173,30.35631],[-98.17033,30.3602],[-98.16943,30.35986],[-98.16693,30.35791],[-98.16459,30.35713],[-98.14542,30.34337],[-98.14474,30.3421],[-98.14401,30.34218],[-98.1422,30.34167],[-98.13926,30.33989],[-98.14043,30.33584],[-98.14088,30.33568],[-98.14157,30.33589],[-98.14231,30.33515],[-98.14352,30.33535],[-98.13655,30.33035],[-98.13617,30.3304],[-98.13523,30.33161],[-98.13297,30.33276],[-98.13261,30.3334],[-98.13318,30.33542],[-98.13254,30.33671],[-98.13275,30.33763],[-98.13245,30.33987],[-98.1315,30.3398],[-98.13046,30.33918],[-98.1283,30.3362],[-98.12635,30.33565],[-98.12434,30.33463],[-98.12458,30.33528],[-98.1264,30.3375],[-98.12664,30.3403],[-98.12625,30.34246],[-98.12863,30.34764],[-98.12958,30.34688],[-98.13634,30.35233],[-98.13432,30.35542],[-98.13303,30.35668],[-98.13097,30.35782],[-98.12676,30.35935],[-98.12597,30.36029],[-98.12532,30.36207],[-98.12699,30.36426],[-98.12862,30.36557],[-98.13017,30.36631],[-98.13131,30.36756],[-98.13167,30.36856],[-98.13137,30.36971],[-98.13049,30.37115],[-98.12864,30.3724],[-98.12871,30.37297],[-98.12985,30.37319],[-98.13265,30.37579],[-98.13237,30.37846],[-98.13353,30.37944],[-98.13686,30.38047],[-98.13966,30.38022],[-98.14133,30.38077],[-98.14862,30.38061],[-98.1546,30.38083],[-98.15573,30.38045],[-98.15709,30.38037],[-98.1499,30.39041],[-98.13492,30.41242],[-98.13638,30.41233],[-98.1369,30.41111],[-98.13783,30.41082],[-98.14396,30.41057],[-98.14558,30.41115],[-98.15044,30.41191],[-98.15308,30.41275],[-98.15657,30.41441],[-98.15887,30.41736],[-98.16033,30.41827],[-98.16098,30.41952],[-98.16199,30.42037],[-98.16199,30.42155],[-98.16309,30.42222],[-98.16323,30.42425],[-98.16494,30.42656],[-98.1656,30.42813],[-98.16534,30.43004],[-98.16654,30.42997],[-98.16756,30.43114],[-98.16895,30.43146],[-98.16973,30.4324],[-98.16951,30.43561],[-98.16846,30.43737],[-98.3209,30.47799],[-98.31367,30.48705],[-98.32141,30.48855],[-98.32138,30.48511],[-98.32811,30.48484],[-98.32818,30.48674],[-98.32926,30.48651],[-98.33131,30.4855],[-98.33196,30.48562],[-98.33236,30.48437],[-98.33209,30.48258],[-98.33015,30.48049],[-98.4032,30.50019],[-98.4115,30.5021]]]}},
{"type":"Feature","properties":{"zipcode":"78664","city":"Round Rock"},"geometry":{"type":"Polygon","coordinates":[[[-97.69226,30.57233],[-97.69283,30.57212],[-97.69219,30.5353],[-97.69172,30.53249],[-97.68615,30.50961],[-97.68445,30.50521],[-97.68287,30.50226],[-97.68323,30.50192],[-97.68129,30.49829],[-97.67973,30.49622],[-97.6786,30.49369],[-97.67808,30.4921],[-97.67814,30.49008],[-97.6777,30.48845],[-97.67596,30.48469],[-97.67429,30.47969],[-97.67386,30.47964],[-97.67059,30.46946],[-97.67053,30.46973],[-97.66873,30.46965],[-97.66772,30.46835],[-97.66455,30.46083],[-97.66241,30.46139],[-97.6598,30.46035],[-97.65954,30.46172],[-97.65919,30.46168],[-97.65066,30.45753],[-97.64896,30.46027],[-97.64658,30.46299],[-97.64787,30.46773],[-97.64623,30.46761],[-97.64422,30.46667],[-97.64215,30.46995],[-97.64212,30.4706],[-97.6429,30.47237],[-97.64118,30.47226],[-97.64139,30.47334],[-97.64345,30.47825],[-97.64109,30.48113],[-97.63958,30.48173],[-97.6355,30.48089],[-97.63336,30.48425],[-97.63219,30.48465],[-97.63154,30.48521],[-97.63092,30.48726],[-97.63028,30.48757],[-97.62922,30.48725],[-97.62795,30.48595],[-97.62724,30.48633],[-97.62758,30.48693],[-97.62598,30.4869],[-97.62568,30.4871],[-97.62743,30.48738],[-97.62593,30.48745],[-97.62531,30.48774],[-97.62424,30.48749],[-97.62405,30.48789],[-97.61201,30.48793],[-97.61193,30.4889],[-97.61018,30.48915],[-97.61074,30.48793],[-97.60015,30.4881],[-97.60041,30.49117],[-97.6001,30.49685],[-97.59982,30.49719],[-97.59474,30.49724],[-97.5923,30.49772],[-97.59202,30.49753],[-97.59149,30.49776],[-97.59149,30.49819],[-97.59112,30.4984],[-97.59084,30.49724],[-97.59017,30.49717],[-97.58662,30.49883],[-97.58725,30.49962],[-97.58885,30.49879],[-97.58897,30.49943],[-97.58858,30.50116],[-97.5894,30.50121],[-97.58951,30.50695],[-97.59002,30.50693],[-97.59023,30.5187],[-97.58963,30.5192],[-97.58866,30.51924],[-97.58957,30.53082],[-97.59024,30.53086],[-97.59623,30.52931],[-97.59618,30.52965],[-97.59563,30.52977],[-97.59437,30.5308],[-97.59514,30.53217],[-97.59505,30.53437],[-97.60118,30.53329],[-97.60121,30.53379],[-97.61036,30.53278],[-97.61033,30.53256],[-97.61454,30.53168],[-97.61398,30.52929],[-97.61331,30.49711],[-97.61732,30.49743],[-97.62226,30.49664],[-97.64528,30.49631],[-97.64531,30.50202],[-97.64443,30.50423],[-97.64441,30.50712],[-97.64598,30.50709],[-97.6478,30.50664],[-97.64865,30.50555],[-97.64924,30.5056],[-97.64819,30.50696],[-97.6466,30.50749],[-97.64547,30.50977],[-97.64628,30.50966],[-97.64571,30.51149],[-97.6468,30.51389],[-97.64731,30.5192],[-97.65557,30.51785],[-97.65566,30.51836],[-97.65544,30.52165],[-97.65224,30.52874],[-97.65198,30.53518],[-97.65079,30.54149],[-97.64987,30.54375],[-97.66325,30.53958],[-97.66818,30.53906],[-97.67032,30.5384],[-97.67622,30.53756],[-97.68185,30.53584],[-97.68576,30.53374],[-97.6879,30.53376],[-97.69141,30.53511],[-97.69194,30.54155],[-97.69161,30.54917],[-97.69199,30.55307],[-97.69186,30.55821],[-97.69226,30.57233]]]}},
{"type":"Feature","properties":{"zipcode":"78665","city":"Round Rock"},"geometry":{"type":"Polygon","coordinates":[[[-97.59305,30.5652],[-97.59319,30.5671],[-97.59681,30.5686],[-97.59295,30.57521],[-97.58823,30.57545],[-97.5964,30.5948],[-97.60186,30.59308],[-97.59994,30.5886],[-97.61465,30.58413],[-97.60942,30.57183],[-97.62522,30.56452],[-97.62568,30.56419],[-97.62608,30.56333],[-97.62792,30.56302],[-97.64105,30.55904],[-97.6451,30.55872],[-97.64529,30.55996],[-97.65002,30.57116],[-97.64959,30.57155],[-97.64971,30.57227],[-97.6484,30.57243],[-97.63188,30.57739],[-97.63467,30.58389],[-97.63443,30.58653],[-97.63809,30.58534],[-97.64059,30.58485],[-97.64022,30.58393],[-97.6404,30.5828],[-97.63884,30.5822],[-97.63874,30.58174],[-97.63793,30.58102],[-97.638,30.58071],[-97.64001,30.57987],[-97.64087,30.58163],[-97.64485,30.58013],[-97.64586,30.5826],[-97.65307,30.58045],[-97.65413,30.58301],[-97.65583,30.58361],[-97.66342,30.58135],[-97.66514,30.58191],[-97.67033,30.58152],[-97.66837,30.57675],[-97.67541,30.57496],[-97.67513,30.57445],[-97.676,30.57417],[-97.67627,30.57606],[-97.67676,30.57691],[-97.6778,30.57628],[-97.67881,30.5763],[-97.67996,30.57597],[-97.68027,30.57421],[-97.68439,30.57301],[-97.68382,30.57143],[-97.68426,30.57149],[-97.68714,30.5705],[-97.69224,30.57043],[-97.69186,30.55821],[-97.69199,30.55307],[-97.69161,30.54917],[-97.69194,30.54155],[-97.69141,30.53511],[-97.6879,30.53376],[-97.68576,30.53374],[-97.68185,30.53584],[-97.67622,30.53756],[-97.67032,30.5384],[-97.66818,30.53906],[-97.66325,30.53958],[-97.64987,30.54375],[-97.65079,30.54149],[-97.65198,30.53518],[-97.65224,30.52874],[-97.65544,30.52165],[-97.65566,30.51836],[-97.65557,30.51785],[-97.64731,30.5192],[-97.6468,30.51389],[-97.64571,30.51149],[-97.64628,30.50966],[-97.64547,30.50977],[-97.6466,30.50749],[-97.64819,30.50696],[-97.64924,30.5056],[-97.64865,30.50555],[-97.6478,30.50664],[-97.64598,30.50709],[-97.64441,30.50712],[-97.64443,30.50423],[-97.64531,30.50202],[-97.64528,30.49631],[-97.62226,30.49664],[-97.61732,30.49743],[-97.61331,30.49711],[-97.61398,30.52929],[-97.61454,30.53168],[-97.61033,30.53256],[-97.61036,30.53278],[-97.60121,30.53379],[-97.60126,30.53644],[-97.59416,30.53723],[-97.59439,30.54163],[-97.59276,30.5417],[-97.59271,30.54453],[-97.58793,30.54456],[-97.58788,30.54566],[-97.5869,30.54643],[-97.58695,30.54884],[-97.59191,30.54915],[-97.59205,30.55506],[-97.59301,30.55512],[-97.5945,30.55951],[-97.59435,30.56081],[-97.59474,30.56209],[-97.59107,30.56208],[-97.59305,30.5652]]]}},
{"type":"Feature","properties":{"zipcode":"78666","city":"San Marcos"},"geometry":{"type":"Polygon","coordinates":[[[-97.93675,30.01018],[-97.93651,30.01138],[-97.93694,30.01294],[-97.93756,30.01361],[-97.93934,30.01333],[-97.94057,30.01253],[-97.94247,30.00943],[-97.94357,30.00828],[-97.9454,30.0075],[-97.94943,30.00652],[-97.95436,30.00384],[-97.95501,30.00374],[-97.95701,30.00572],[-97.95794,30.00832],[-97.95972,30.01083],[-97.96221,30.012],[-97.96442,30.01211],[-97.96672,30.01112],[-97.96857,30.00923],[-97.9704,30.00783],[-97.97186,30.00714],[-97.98556,30.00484],[-97.98831,30.00378],[-97.99227,30.0016],[-97.99437,29.99951],[-97.99459,29.99827],[-97.99396,29.99665],[-97.99489,29.99463],[-97.99551,29.99415],[-97.99646,29.99414],[-97.99857,29.99524],[-98.00278,29.99911],[-98.00381,29.99939],[-98.0049,29.9991],[-98.00587,29.99844],[-98.00639,29.99769],[-98.00705,29.995],[-98.00627,29.99066],[-98.00497,29.97256],[-98.04167,29.97202],[-98.04421,29.96654],[-98.04433,29.96137],[-98.04493,29.95904],[-98.04336,29.95558],[-98.04131,29.95232],[-98.04162,29.95274],[-98.04692,29.95408],[-98.04963,29.95516],[-98.06221,29.95545],[-98.05685,29.95069],[-98.05655,29.94951],[-98.05868,29.94797],[-98.05669,29.94546],[-98.05642,29.9444],[-98.06541,29.94453],[-98.06768,29.94431],[-98.07037,29.94482],[-98.07145,29.94447],[-98.0723,29.94472],[-98.07384,29.94442],[-98.07433,29.94384],[-98.0746,29.94439],[-98.07387,29.94478],[-98.07184,29.94797],[-98.08352,29.93961],[-98.08577,29.94036],[-98.0897,29.94098],[-98.09127,29.94174],[-98.09246,29.94326],[-98.09341,29.94679],[-98.10104,29.94383],[-98.10872,29.93928],[-98.10885,29.94662],[-98.11019,29.94719],[-98.11103,29.94787],[-98.11219,29.94812],[-98.11295,29.95128],[-98.11361,29.9509],[-98.11432,29.95101],[-98.11525,29.95207],[-98.11601,29.95475],[-98.11741,29.9567],[-98.11812,29.95823],[-98.1212,29.958],[-98.1236,29.95862],[-98.12415,29.95899],[-98.12407,29.95963],[-98.12487,29.96013],[-98.125,29.96096],[-98.12573,29.9616],[-98.12614,29.96421],[-98.12578,29.96485],[-98.12434,29.96584],[-98.12633,29.96674],[-98.12642,29.96766],[-98.12586,29.96975],[-98.13052,29.97011],[-98.13672,29.96871],[-98.13841,29.96797],[-98.14023,29.96779],[-98.14128,29.96793],[-98.14351,29.96908],[-98.14585,29.96925],[-98.14772,29.96881],[-98.14845,29.96821],[-98.14866,29.96756],[-98.14862,29.96579],[-98.14749,29.96367],[-98.14733,29.96223],[-98.14801,29.96078],[-98.14863,29.96034],[-98.14978,29.95975],[-98.15144,29.95978],[-98.15391,29.95991],[-98.15658,29.96075],[-98.15891,29.96064],[-98.16151,29.95898],[-98.16195,29.95725],[-98.16241,29.9565],[-98.16361,29.9555],[-98.16491,29.95491],[-98.16609,29.95472],[-98.16846,29.95497],[-98.16921,29.95549],[-98.16873,29.95617],[-98.16763,29.95645],[-98.16586,29.95629],[-98.1632,29.95795],[-98.16733,29.9615],[-98.16797,29.96305],[-98.16817,29.96484],[-98.16874,29.96576],[-98.16752,29.97627],[-98.16774,29.97683],[-98.16855,29.97729],[-98.16952,29.97675],[-98.1737,29.97591],[-98.17554,29.97497],[-98.17903,29.96992],[-98.18314,29.96936],[-98.18969,29.96956],[-98.19001,29.96891],[-98.18964,29.96721],[-98.19242,29.96868],[-98.19659,29.96629],[-98.18614,29.95894],[-98.1866,29.95889],[-98.18829,29.95622],[-98.18875,29.95641],[-98.18892,29.95781],[-98.18941,29.95796],[-98.19202,29.95517],[-98.19165,29.95459],[-98.19185,29.95385],[-98.19299,29.95289],[-98.19221,29.95222],[-98.19181,29.9503],[-98.19188,29.94926],[-98.19233,29.94902],[-98.1925,29.9484],[-98.19302,29.94858],[-98.19288,29.95024],[-98.19356,29.95156],[-98.19453,29.95207],[-98.19552,29.95191],[-98.19583,29.95222],[-98.19601,29.95284],[-98.19568,29.95377],[-98.19703,29.95134],[-98.19926,29.94984],[-98.20036,29.94935],[-98.20244,29.94951],[-98.2031,29.94914],[-98.2028,29.94789],[-98.2042,29.94696],[-98.20485,29.94461],[-98.20659,29.94382],[-98.20901,29.94356],[-98.20801,29.94288],[-98.20727,29.94176],[-98.20799,29.94104],[-98.2035,29.93762],[-98.20051,29.93614],[-98.19492,29.93438],[-98.19052,29.93178],[-98.18868,29.93099],[-98.18726,29.93063],[-98.18507,29.93051],[-98.17901,29.93127],[-98.17529,29.93053],[-98.17418,29.93069],[-98.17415,29.93042],[-98.17521,29.92999],[-98.17577,29.92932],[-98.1774,29.92946],[-98.17844,29.92873],[-98.17876,29.92749],[-98.17812,29.92654],[-98.17676,29.92564],[-98.1757,29.92514],[-98.17284,29.92522],[-98.16983,29.92456],[-98.16541,29.92427],[-98.16338,29.92301],[-98.16245,29.92298],[-98.16159,29.92135],[-98.16069,29.91782],[-98.15848,29.91805],[-98.15786,29.91996],[-98.15738,29.91986],[-98.15695,29.91837],[-98.1564,29.91764],[-98.15651,29.91689],[-98.15598,29.91591],[-98.15519,29.91289],[-98.15537,29.91246],[-98.15628,29.9119],[-98.1567,29.91001],[-98.14023,29.90483],[-98.14029,29.90544],[-98.12186,29.89825],[-98.12256,29.89936],[-98.12267,29.90015],[-98.12153,29.90311],[-98.12159,29.90639],[-98.1223,29.90841],[-98.12155,29.91014],[-98.12139,29.91293],[-98.03064,29.84868],[-98.01964,29.81606],[-98.02311,29.81852],[-98.02447,29.81919],[-98.02534,29.81835],[-98.02563,29.81761],[-98.02692,29.81676],[-98.02729,29.81617],[-98.02992,29.81477],[-98.03089,29.81374],[-98.0312,29.81278],[-98.02942,29.8124],[-98.02794,29.81136],[-98.02831,29.80952],[-98.02747,29.80879],[-98.02787,29.80796],[-98.02746,29.8073],[-98.02546,29.80753],[-98.02433,29.80694],[-98.0218,29.80977],[-98.01419,29.81592],[-98.00533,29.82369],[-98.00335,29.82206],[-98.01815,29.81109],[-98.00716,29.77704],[-98.0056,29.77546],[-98.00288,29.77195],[-98.00275,29.7702],[-98.00164,29.7695],[-97.99731,29.76878],[-97.99498,29.76789],[-97.9939,29.76498],[-97.99415,29.76196],[-97.99358,29.76084],[-98.00286,29.75272],[-97.99713,29.74767],[-97.98998,29.74349],[-97.98877,29.74324],[-97.98748,29.74324],[-97.98323,29.74401],[-97.98321,29.74641],[-97.98278,29.74642],[-97.98307,29.74752],[-97.98268,29.74785],[-97.9816,29.748],[-97.9815,29.762],[-97.97694,29.76193],[-97.97685,29.76016],[-97.97553,29.75842],[-97.97542,29.75633],[-97.975,29.75601],[-97.97215,29.75577],[-97.96979,29.75467],[-97.96641,29.7541],[-97.9615,29.75273],[-97.94807,29.75286],[-97.94853,29.75023],[-97.90746,29.75023],[-97.90711,29.74692],[-97.90544,29.74468],[-97.8976,29.75027],[-97.89771,29.75122],[-97.89848,29.75259],[-97.89979,29.7538],[-97.90746,29.75372],[-97.90757,29.77006],[-97.90806,29.77116],[-97.90939,29.77264],[-97.90412,29.77796],[-97.89542,29.77094],[-97.89796,29.76852],[-97.89253,29.76294],[-97.88851,29.76586],[-97.8879,29.76672],[-97.88426,29.76946],[-97.87928,29.76451],[-97.87838,29.76516],[-97.87528,29.76198],[-97.87424,29.76287],[-97.87253,29.76531],[-97.86307,29.77241],[-97.88817,29.79802],[-97.88605,29.80077],[-97.87723,29.80741],[-97.87692,29.80807],[-97.87502,29.8092],[-97.87676,29.81097],[-97.87928,29.81512],[-97.88208,29.81433],[-97.88296,29.815],[-97.8841,29.81413],[-97.89247,29.82267],[-97.87573,29.83863],[-97.87539,29.8382],[-97.86825,29.84553],[-97.86561,29.84303],[-97.85829,29.84831],[-97.8569,29.84958],[-97.86086,29.85358],[-97.86144,29.85485],[-97.86213,29.85486],[-97.86278,29.85473],[-97.86331,29.85404],[-97.86416,29.85399],[-97.86467,29.85433],[-97.86624,29.85374],[-97.8667,29.85285],[-97.86651,29.85163],[-97.86712,29.85108],[-97.86677,29.85043],[-97.87035,29.84769],[-97.87436,29.85201],[-97.8733,29.8533],[-97.87435,29.85598],[-97.87572,29.85788],[-97.87498,29.85828],[-97.87488,29.85881],[-97.87436,29.8592],[-97.87452,29.8599],[-97.87592,29.86071],[-97.87917,29.86105],[-97.87968,29.86261],[-97.8737,29.86214],[-97.87397,29.86281],[-97.87327,29.86391],[-97.88985,29.86713],[-97.89137,29.86775],[-97.89616,29.87061],[-97.89461,29.88196],[-97.89364,29.88181],[-97.89286,29.88121],[-97.89283,29.88046],[-97.88855,29.88047],[-97.88869,29.87788],[-97.88176,29.8776],[-97.88149,29.88163],[-97.86487,29.882],[-97.86072,29.88571],[-97.86047,29.8858],[-97.8595,29.88516],[-97.86229,29.88825],[-97.86433,29.88819],[-97.86542,29.88909],[-97.8757,29.8888],[-97.87791,29.8876],[-97.87862,29.88764],[-97.8792,29.8884],[-97.87934,29.89405],[-97.87963,29.89453],[-97.86326,29.90621],[-97.86668,29.90924],[-97.86651,29.91407],[-97.86601,29.91466],[-97.86591,29.91527],[-97.8662,29.91618],[-97.86706,29.91671],[-97.85903,29.91671],[-97.85421,29.9151],[-97.85266,29.91375],[-97.84919,29.91601],[-97.86141,29.9264],[-97.86287,29.9272],[-97.87816,29.94004],[-97.87817,29.94035],[-97.87555,29.94285],[-97.88079,29.94732],[-97.8797,29.94969],[-97.87927,29.95289],[-97.87813,29.95576],[-97.87728,29.95983],[-97.87798,29.96028],[-97.87993,29.95702],[-97.88115,29.95576],[-97.88194,29.95559],[-97.88387,29.95583],[-97.88457,29.95615],[-97.88453,29.95682],[-97.88803,29.95957],[-97.88955,29.95994],[-97.89204,29.95709],[-97.89554,29.95402],[-97.90029,29.95326],[-97.90012,29.95175],[-97.90055,29.94932],[-97.90156,29.94744],[-97.903,29.94582],[-97.90849,29.94662],[-97.9075,29.95651],[-97.90683,29.95847],[-97.90736,29.96175],[-97.90795,29.96287],[-97.90809,29.96405],[-97.90596,29.9669],[-97.9051,29.96721],[-97.90369,29.96851],[-97.90304,29.97047],[-97.90402,29.97235],[-97.90377,29.97451],[-97.90405,29.97582],[-97.90379,29.97658],[-97.90423,29.97839],[-97.90521,29.97977],[-97.90571,29.9812],[-97.90647,29.98187],[-97.90896,29.98082],[-97.91061,29.97815],[-97.91211,29.97676],[-97.91221,29.97551],[-97.91366,29.97357],[-97.91548,29.97298],[-97.91884,29.97376],[-97.91921,29.97358],[-97.91986,29.97487],[-97.91992,29.97721],[-97.91911,29.982],[-97.91904,29.98413],[-97.91985,29.98694],[-97.92068,29.98778],[-97.92001,29.98876],[-97.92133,29.98924],[-97.92365,29.98937],[-97.92487,29.99034],[-97.92584,29.99062],[-97.92865,29.99306],[-97.93075,29.99856],[-97.93675,30.01018]]]}},
{"type":"Feature","properties":{"zipcode":"78671","city":"Stonewall"},"geometry":{"type":"Polygon","coordinates":[[[-98.64796,30.27622],[-98.64788,30.28558],[-98.65744,30.28539],[-98.65737,30.27436],[-98.65685,30.26118],[-98.65718,30.25517],[-98.65724,30.24323],[-98.65937,30.24351],[-98.66122,30.24329],[-98.66236,30.24265],[-98.66552,30.23955],[-98.66652,30.23905],[-98.66794,30.23859],[-98.67379,30.23776],[-98.6765,30.23604],[-98.67819,30.23382],[-98.68024,30.23192],[-98.68187,30.2318],[-98.68402,30.23268],[-98.68508,30.23254],[-98.68541,30.23058],[-98.68517,30.20741],[-98.6848,30.20658],[-98.68473,30.2026],[-98.68077,30.20264],[-98.67935,30.2033],[-98.67892,30.20293],[-98.67832,30.20088],[-98.67688,30.20094],[-98.67622,30.20064],[-98.67604,30.19964],[-98.67694,30.19864],[-98.67744,30.19576],[-98.67639,30.19475],[-98.67516,30.1945],[-98.67532,30.19313],[-98.67277,30.19022],[-98.67285,30.18954],[-98.6739,30.18862],[-98.6734,30.18716],[-98.67264,30.18688],[-98.67195,30.18746],[-98.67116,30.18743],[-98.67074,30.18707],[-98.67064,30.1862],[-98.67211,30.18526],[-98.67214,30.18412],[-98.66924,30.18332],[-98.66763,30.181],[-98.66447,30.17786],[-98.66431,30.17616],[-98.66243,30.17447],[-98.66201,30.17151],[-98.66233,30.17089],[-98.6617,30.16906],[-98.65931,30.16657],[-98.65895,30.16582],[-98.65846,30.16571],[-98.65902,30.16351],[-98.66014,30.16317],[-98.66043,30.15858],[-98.66133,30.1576],[-98.66196,30.15629],[-98.66289,30.15553],[-98.66275,30.15453],[-98.66107,30.15416],[-98.66138,30.15313],[-98.6608,30.15214],[-98.66149,30.15118],[-98.6616,30.1504],[-98.66086,30.14964],[-98.66078,30.14801],[-98.6603,30.14724],[-98.66057,30.14666],[-98.66141,30.146],[-98.66183,30.14494],[-98.66178,30.1438],[-98.66289,30.14185],[-98.66281,30.13894],[-98.64966,30.13886],[-98.64881,30.138],[-98.63568,30.13891],[-98.62224,30.13889],[-98.61191,30.13698],[-98.60954,30.13699],[-98.60801,30.1389],[-98.5879,30.13895],[-98.5878,30.24601],[-98.5881,30.26107],[-98.58774,30.26193],[-98.58819,30.26293],[-98.58819,30.26544],[-98.59168,30.26774],[-98.59202,30.2685],[-98.59272,30.26909],[-98.59614,30.26999],[-98.59688,30.27115],[-98.5996,30.27239],[-98.60049,30.27429],[-98.60073,30.27622],[-98.60116,30.27721],[-98.61013,30.27723],[-98.61014,30.27778],[-98.61175,30.2783],[-98.61621,30.27814],[-98.61885,30.27731],[-98.61977,30.27619],[-98.62278,30.27497],[-98.63259,30.27426],[-98.64796,30.27622]]]}},
{"type":"Feature","properties":{"zipcode":"78672","city":"Tow"},"geometry":{"type":"Polygon","coordinates":[[[-98.51805,30.92205],[-98.53671,30.92171],[-98.55739,30.92199],[-98.62582,30.92182],[-98.62509,30.91933],[-98.62569,30.91812],[-98.62548,30.91727],[-98.62463,30.91533],[-98.6219,30.91154],[-98.62128,30.90896],[-98.61975,30.90752],[-98.61818,30.90687],[-98.61764,30.9056],[-98.61583,30.90605],[-98.61521,30.90512],[-98.61406,30.90415],[-98.61277,30.90403],[-98.61267,30.90303],[-98.61308,30.90082],[-98.61143,30.89901],[-98.60986,30.89411],[-98.60999,30.8934],[-98.61071,30.89234],[-98.60978,30.89159],[-98.60728,30.88806],[-98.60725,30.8873],[-98.6077,30.88671],[-98.61054,30.88533],[-98.61078,30.88384],[-98.61046,30.88306],[-98.60908,30.8821],[-98.60608,30.88075],[-98.60419,30.87942],[-98.60507,30.87729],[-98.60504,30.87662],[-98.60379,30.87517],[-98.60351,30.87333],[-98.60136,30.86929],[-98.60122,30.86794],[-98.60224,30.8668],[-98.60208,30.86589],[-98.60163,30.86507],[-98.59471,30.86173],[-98.59331,30.86052],[-98.59213,30.85852],[-98.59186,30.8556],[-98.59202,30.85293],[-98.59075,30.85096],[-98.58852,30.84954],[-98.58532,30.84996],[-98.57672,30.84993],[-98.57656,30.84062],[-98.57374,30.84139],[-98.57075,30.84401],[-98.56519,30.84572],[-98.56357,30.84653],[-98.56247,30.8477],[-98.56025,30.8525],[-98.55654,30.85375],[-98.5549,30.85384],[-98.55476,30.85837],[-98.55364,30.8624],[-98.55354,30.86657],[-98.55241,30.86732],[-98.55263,30.868],[-98.55181,30.86839],[-98.55127,30.86935],[-98.5514,30.871],[-98.55108,30.87231],[-98.55149,30.87267],[-98.55156,30.87319],[-98.55042,30.87498],[-98.55171,30.87648],[-98.55184,30.87732],[-98.55297,30.87923],[-98.55401,30.88028],[-98.55405,30.88146],[-98.5512,30.88516],[-98.55037,30.88434],[-98.5504,30.88274],[-98.54977,30.88225],[-98.54915,30.88232],[-98.54626,30.8812],[-98.54541,30.88151],[-98.54379,30.88062],[-98.54331,30.88064],[-98.54294,30.8811],[-98.54233,30.88128],[-98.53967,30.88098],[-98.53917,30.88052],[-98.53919,30.8789],[-98.53847,30.87486],[-98.53874,30.87432],[-98.5383,30.87247],[-98.53834,30.87115],[-98.53657,30.86961],[-98.53588,30.86932],[-98.53476,30.868],[-98.53369,30.86651],[-98.53353,30.86533],[-98.53317,30.86468],[-98.53339,30.86607],[-98.53257,30.86675],[-98.53171,30.86704],[-98.53123,30.86679],[-98.52997,30.86514],[-98.5293,30.86516],[-98.52744,30.86591],[-98.52533,30.86553],[-98.52297,30.86617],[-98.51943,30.86607],[-98.51809,30.86556],[-98.51718,30.8647],[-98.51643,30.86216],[-98.51504,30.8609],[-98.51426,30.86056],[-98.51258,30.8583],[-98.51142,30.85777],[-98.50918,30.8578],[-98.50726,30.85716],[-98.50369,30.85441],[-98.50076,30.85023],[-98.49173,30.84545],[-98.49129,30.84402],[-98.49028,30.84561],[-98.48479,30.85019],[-98.48404,30.85022],[-98.48399,30.84919],[-98.48505,30.84863],[-98.48477,30.84723],[-98.48391,30.84687],[-98.48307,30.84733],[-98.48261,30.84713],[-98.48163,30.84732],[-98.48013,30.84635],[-98.47888,30.84654],[-98.47861,30.84634],[-98.47902,30.84383],[-98.47845,30.84297],[-98.47774,30.84277],[-98.47619,30.83852],[-98.47473,30.83694],[-98.47406,30.83495],[-98.4703,30.83277],[-98.46904,30.8307],[-98.46596,30.8281],[-98.4649,30.82785],[-98.46476,30.82684],[-98.46445,30.82666],[-98.46129,30.82756],[-98.45982,30.82722],[-98.45909,30.82819],[-98.45758,30.82901],[-98.45668,30.83035],[-98.45504,30.83138],[-98.45485,30.83185],[-98.45526,30.8324],[-98.45504,30.83524],[-98.45445,30.83598],[-98.45374,30.83627],[-98.45313,30.83726],[-98.45149,30.8388],[-98.45021,30.83874],[-98.44984,30.83943],[-98.44967,30.8411],[-98.44933,30.8415],[-98.44872,30.84158],[-98.4493,30.84265],[-98.4485,30.8456],[-98.44497,30.8456],[-98.44276,30.84531],[-98.44242,30.84643],[-98.4417,30.84479],[-98.44335,30.84413],[-98.44335,30.84357],[-98.4438,30.84287],[-98.44294,30.84266],[-98.44197,30.84295],[-98.44178,30.84218],[-98.44132,30.84188],[-98.44083,30.84186],[-98.44008,30.84247],[-98.4394,30.84254],[-98.43681,30.8415],[-98.43646,30.84109],[-98.43636,30.83992],[-98.43699,30.83912],[-98.43623,30.83836],[-98.43599,30.83671],[-98.43448,30.83623],[-98.43443,30.83561],[-98.435,30.83412],[-98.43349,30.83267],[-98.43277,30.83251],[-98.43036,30.83335],[-98.42899,30.83246],[-98.4288,30.83152],[-98.42788,30.83099],[-98.42727,30.83001],[-98.42558,30.82953],[-98.4238,30.82987],[-98.42195,30.82973],[-98.42015,30.82767],[-98.41935,30.82811],[-98.41873,30.82798],[-98.41817,30.82878],[-98.41741,30.82898],[-98.41713,30.82996],[-98.41519,30.82963],[-98.41472,30.8305],[-98.41413,30.83048],[-98.41376,30.8298],[-98.41302,30.82925],[-98.41341,30.82891],[-98.41429,30.82906],[-98.41456,30.82873],[-98.41629,30.82886],[-98.41619,30.82809],[-98.41655,30.82752],[-98.41796,30.82702],[-98.41752,30.82678],[-98.4172,30.82589],[-98.41617,30.82518],[-98.41782,30.82401],[-98.41759,30.82295],[-98.41789,30.82217],[-98.41921,30.82153],[-98.41995,30.82147],[-98.42046,30.82165],[-98.42146,30.82289],[-98.42105,30.8237],[-98.42109,30.82441],[-98.42216,30.82499],[-98.4222,30.82556],[-98.42109,30.82595],[-98.42109,30.82624],[-98.42166,30.82662],[-98.42139,30.82828],[-98.42269,30.82882],[-98.42702,30.82924],[-98.42832,30.8306],[-98.42914,30.83078],[-98.4307,30.83018],[-98.43107,30.83065],[-98.43099,30.83164],[-98.43136,30.83182],[-98.4334,30.83195],[-98.43591,30.83159],[-98.43614,30.83139],[-98.43614,30.83034],[-98.43678,30.83015],[-98.43766,30.8313],[-98.43831,30.83123],[-98.43934,30.83163],[-98.44036,30.83151],[-98.44302,30.83373],[-98.44343,30.83332],[-98.44308,30.8309],[-98.44206,30.83003],[-98.44196,30.82952],[-98.44447,30.82836],[-98.44495,30.82876],[-98.44494,30.8291],[-98.44519,30.82889],[-98.44622,30.82904],[-98.44782,30.83082],[-98.44876,30.83091],[-98.44884,30.83055],[-98.44779,30.82925],[-98.40516,30.81582],[-98.40404,30.81771],[-98.40193,30.81887],[-98.39587,30.81826],[-98.39021,30.81857],[-98.38432,30.82191],[-98.3776,30.8295],[-98.37673,30.83338],[-98.37758,30.83565],[-98.38082,30.83793],[-98.3875,30.84007],[-98.39461,30.84338],[-98.40139,30.84399],[-98.40498,30.84382],[-98.40577,30.84298],[-98.40691,30.83905],[-98.40886,30.83656],[-98.41343,30.83501],[-98.42147,30.83467],[-98.42221,30.83536],[-98.42242,30.83729],[-98.42001,30.84988],[-98.41935,30.85802],[-98.42017,30.86077],[-98.42145,30.86305],[-98.42685,30.86728],[-98.43146,30.86949],[-98.43659,30.87048],[-98.44787,30.87039],[-98.45249,30.87231],[-98.45591,30.87598],[-98.45699,30.87772],[-98.45762,30.88035],[-98.45682,30.88282],[-98.45495,30.88541],[-98.44933,30.88984],[-98.44849,30.89145],[-98.44861,30.89348],[-98.44952,30.89775],[-98.4495,30.90558],[-98.44756,30.91625],[-98.44705,30.91836],[-98.44579,30.92144],[-98.50032,30.92195],[-98.51552,30.92184],[-98.51805,30.92205]]]}},
{"type":"Feature","properties":{"zipcode":"78675","city":"Willow City"},"geometry":{"type":"Polygon","coordinates":[[[-98.59167,30.49987],[-98.61779,30.49948],[-98.61821,30.49965],[-98.6231,30.4992],[-98.65447,30.49918],[-98.66423,30.49888],[-98.69009,30.49908],[-98.69079,30.49584],[-98.70308,30.48154],[-98.70569,30.47891],[-98.70491,30.48111],[-98.70634,30.4811],[-98.70872,30.48179],[-98.70944,30.48156],[-98.70948,30.47938],[-98.70833,30.47846],[-98.70829,30.47797],[-98.70896,30.47714],[-98.7097,30.47675],[-98.71115,30.4777],[-98.71405,30.47794],[-98.71468,30.47845],[-98.71564,30.47862],[-98.71707,30.47989],[-98.71919,30.48094],[-98.7232,30.48121],[-98.72425,30.48228],[-98.72682,30.4772],[-98.72608,30.47654],[-98.72414,30.47622],[-98.72267,30.47533],[-98.72064,30.47474],[-98.72001,30.47491],[-98.71441,30.47476],[-98.7136,30.47421],[-98.71227,30.4747],[-98.71131,30.47475],[-98.71098,30.47444],[-98.71245,30.47379],[-98.71333,30.47307],[-98.71438,30.47046],[-98.71587,30.46855],[-98.72481,30.46372],[-98.7287,30.46002],[-98.73002,30.4579],[-98.73026,30.45447],[-98.73525,30.44406],[-98.73721,30.44428],[-98.73956,30.44346],[-98.74208,30.44398],[-98.74649,30.44305],[-98.74657,30.44468],[-98.7471,30.4465],[-98.74845,30.44801],[-98.74814,30.44897],[-98.74827,30.45006],[-98.74748,30.45201],[-98.74812,30.45452],[-98.74867,30.45506],[-98.74868,30.45991],[-98.74895,30.46027],[-98.74993,30.4602],[-98.74993,30.46459],[-98.75069,30.46493],[-98.75163,30.46465],[-98.75197,30.46502],[-98.75163,30.46683],[-98.75082,30.46708],[-98.75097,30.46793],[-98.75248,30.46893],[-98.75174,30.47001],[-98.75208,30.47065],[-98.75166,30.47377],[-98.752,30.47404],[-98.75433,30.47416],[-98.75536,30.47541],[-98.75668,30.47555],[-98.75782,30.47626],[-98.75901,30.47658],[-98.76025,30.47555],[-98.76003,30.47345],[-98.76093,30.47256],[-98.76273,30.47146],[-98.76421,30.47125],[-98.7658,30.46967],[-98.76763,30.4693],[-98.76811,30.46871],[-98.76903,30.4683],[-98.77377,30.46678],[-98.77454,30.46525],[-98.77692,30.4642],[-98.77829,30.46273],[-98.77996,30.46227],[-98.78097,30.46046],[-98.78353,30.46065],[-98.78478,30.46037],[-98.78882,30.45835],[-98.78751,30.4498],[-98.7898,30.44683],[-98.79038,30.44564],[-98.79094,30.44534],[-98.7924,30.44229],[-98.7874,30.44124],[-98.78639,30.44131],[-98.78494,30.44007],[-98.78401,30.43968],[-98.78189,30.43936],[-98.78256,30.43759],[-98.78422,30.43583],[-98.78446,30.43484],[-98.78536,30.43407],[-98.78605,30.43285],[-98.78655,30.43097],[-98.78354,30.43044],[-98.78182,30.43076],[-98.7783,30.43026],[-98.77766,30.43003],[-98.77576,30.42808],[-98.77798,30.42338],[-98.77801,30.42283],[-98.776,30.42219],[-98.7756,30.42164],[-98.77508,30.41699],[-98.77191,30.41575],[-98.77277,30.41421],[-98.77299,30.41236],[-98.77347,30.4119],[-98.77481,30.41136],[-98.77551,30.41059],[-98.77548,30.40204],[-98.77364,30.40106],[-98.77157,30.40065],[-98.77013,30.39925],[-98.7703,30.39799],[-98.77227,30.39437],[-98.77046,30.39361],[-98.76762,30.39559],[-98.76639,30.39487],[-98.76465,30.39473],[-98.76228,30.39376],[-98.7616,30.39387],[-98.7599,30.39701],[-98.75821,30.39784],[-98.75702,30.39784],[-98.75601,30.39878],[-98.75445,30.39892],[-98.75286,30.39949],[-98.7496,30.39966],[-98.74891,30.40044],[-98.7488,30.40131],[-98.74822,30.40179],[-98.74756,30.40156],[-98.74676,30.40049],[-98.74295,30.4015],[-98.74121,30.40109],[-98.73828,30.40135],[-98.73664,30.40432],[-98.73668,30.41344],[-98.73407,30.41295],[-98.73213,30.41178],[-98.73094,30.41144],[-98.71613,30.4114],[-98.71536,30.41093],[-98.715,30.41024],[-98.71481,30.40365],[-98.71415,30.4026],[-98.71277,30.40163],[-98.71133,30.40123],[-98.70691,30.4012],[-98.70479,30.40074],[-98.70153,30.40071],[-98.70142,30.39802],[-98.7004,30.39707],[-98.69612,30.39673],[-98.68812,30.39443],[-98.68454,30.39295],[-98.68277,30.39266],[-98.67883,30.39267],[-98.67167,30.41819],[-98.6713,30.41867],[-98.67177,30.41989],[-98.67042,30.42156],[-98.66738,30.42388],[-98.66573,30.4259],[-98.66465,30.42675],[-98.66429,30.42753],[-98.66259,30.42759],[-98.64013,30.42445],[-98.62675,30.42873],[-98.61456,30.42939],[-98.60529,30.43098],[-98.60429,30.43069],[-98.6036,30.4311],[-98.59086,30.42961],[-98.5905,30.43018],[-98.59167,30.49987]]]}},
{"type":"Feature","properties":{"zipcode":"78676","city":"Wimberley"},"geometry":{"type":"Polygon","coordinates":[[[-98.26702,30.13896],[-98.26794,30.1383],[-98.26963,30.13818],[-98.27053,30.13747],[-98.27126,30.13758],[-98.27262,30.13659],[-98.27417,30.13694],[-98.27538,30.136],[-98.2769,30.13688],[-98.28034,30.13498],[-98.28696,30.13188],[-98.29595,30.12541],[-98.29711,30.12442],[-98.29881,30.12221],[-98.29882,30.12087],[-98.30008,30.1195],[-98.30042,30.11786],[-98.30015,30.11683],[-98.30083,30.11594],[-98.30113,30.11456],[-98.30224,30.11336],[-98.28194,30.11162],[-98.27664,30.10937],[-98.27309,30.10836],[-98.27085,30.10674],[-98.27948,30.0846],[-98.28201,30.08694],[-98.28394,30.08733],[-98.2849,30.08724],[-98.28656,30.08614],[-98.28761,30.08383],[-98.28976,30.08361],[-98.29179,30.0841],[-98.29252,30.07933],[-98.2963,30.06969],[-98.29485,30.06913],[-98.29566,30.06707],[-98.28721,30.06475],[-98.29758,30.03801],[-98.27045,30.01887],[-98.26995,30.01786],[-98.27144,30.01644],[-98.27133,30.01518],[-98.27059,30.01471],[-98.27033,30.01403],[-98.27077,30.01128],[-98.26997,30.00981],[-98.26873,30.00941],[-98.26911,30.00774],[-98.26869,30.00649],[-98.26792,30.00572],[-98.26625,30.00499],[-98.26521,30.00392],[-98.26319,30.00251],[-98.25888,30.00095],[-98.25389,30.00027],[-98.25154,30.00022],[-98.24739,30.00037],[-98.24556,30.00123],[-98.2333,29.99251],[-98.23349,29.99162],[-98.23157,29.98889],[-98.23116,29.98618],[-98.22893,29.98404],[-98.22823,29.97974],[-98.22974,29.97639],[-98.22978,29.97442],[-98.22945,29.97337],[-98.22527,29.97087],[-98.22449,29.97003],[-98.22367,29.97021],[-98.22084,29.97],[-98.22068,29.97229],[-98.22204,29.97503],[-98.22245,29.97665],[-98.2216,29.98266],[-98.2211,29.98378],[-98.21571,29.97994],[-98.20593,29.98402],[-98.20625,29.97788],[-98.20579,29.97542],[-98.20511,29.9747],[-98.20391,29.9745],[-98.20341,29.97474],[-98.2026,29.9758],[-98.2016,29.97608],[-98.19897,29.97415],[-98.19839,29.97332],[-98.19845,29.97182],[-98.19922,29.97066],[-98.19872,29.96979],[-98.19911,29.9694],[-98.19839,29.96806],[-98.19877,29.96774],[-98.19659,29.96629],[-98.19242,29.96868],[-98.18964,29.96721],[-98.19001,29.96891],[-98.18969,29.96956],[-98.18314,29.96936],[-98.17903,29.96992],[-98.17554,29.97497],[-98.1737,29.97591],[-98.16952,29.97675],[-98.16855,29.97729],[-98.16774,29.97683],[-98.16752,29.97627],[-98.16874,29.96576],[-98.16817,29.96484],[-98.16797,29.96305],[-98.16733,29.9615],[-98.1632,29.95795],[-98.16586,29.95629],[-98.16763,29.95645],[-98.16873,29.95617],[-98.16921,29.95549],[-98.16846,29.95497],[-98.16609,29.95472],[-98.16491,29.95491],[-98.16361,29.9555],[-98.16241,29.9565],[-98.16195,29.95725],[-98.16151,29.95898],[-98.15891,29.96064],[-98.15658,29.96075],[-98.15391,29.95991],[-98.14978,29.95975],[-98.14801,29.96078],[-98.14733,29.96223],[-98.14734,29.96308],[-98.14862,29.96579],[-98.14866,29.96756],[-98.14845,29.96821],[-98.14772,29.96881],[-98.14585,29.96925],[-98.14351,29.96908],[-98.14128,29.96793],[-98.14023,29.96779],[-98.13841,29.96797],[-98.13672,29.96871],[-98.13052,29.97011],[-98.12586,29.96975],[-98.12642,29.96766],[-98.12633,29.96674],[-98.12434,29.96584],[-98.12578,29.96485],[-98.12614,29.96421],[-98.12573,29.9616],[-98.125,29.96096],[-98.12487,29.96013],[-98.12407,29.95963],[-98.12415,29.95899],[-98.1236,29.95862],[-98.1212,29.958],[-98.11812,29.95823],[-98.11741,29.9567],[-98.11601,29.95475],[-98.11525,29.95207],[-98.11432,29.95101],[-98.11361,29.9509],[-98.11295,29.95128],[-98.11219,29.94812],[-98.11103,29.94787],[-98.11019,29.94719],[-98.10885,29.94662],[-98.10872,29.93928],[-98.10104,29.94383],[-98.09341,29.94679],[-98.09246,29.94326],[-98.09127,29.94174],[-98.0897,29.94098],[-98.08577,29.94036],[-98.08352,29.93961],[-98.07184,29.94797],[-98.07387,29.94478],[-98.0746,29.94439],[-98.07433,29.94384],[-98.07384,29.94442],[-98.0723,29.94472],[-98.07145,29.94447],[-98.07037,29.94482],[-98.06768,29.94431],[-98.06541,29.94453],[-98.05642,29.9444],[-98.05669,29.94546],[-98.05868,29.94797],[-98.05655,29.94951],[-98.05685,29.95069],[-98.06221,29.95545],[-98.04963,29.95516],[-98.04692,29.95408],[-98.04162,29.95274],[-98.04131,29.95232],[-98.04336,29.95558],[-98.04493,29.95904],[-98.04433,29.96137],[-98.04421,29.96654],[-98.04167,29.97202],[-98.00497,29.97256],[-98.00627,29.99066],[-98.00705,29.995],[-98.00639,29.99769],[-98.00587,29.99844],[-98.0049,29.9991],[-98.00381,29.99939],[-98.00278,29.99911],[-97.99857,29.99524],[-97.99646,29.99414],[-97.99551,29.99415],[-97.99489,29.99463],[-97.99396,29.99665],[-97.99459,29.99827],[-97.99437,29.99951],[-97.99227,30.0016],[-97.98831,30.00378],[-97.98556,30.00484],[-97.97186,30.00714],[-97.9704,30.00783],[-97.96857,30.00923],[-97.96672,30.01112],[-97.96534,30.01185],[-97.96442,30.01211],[-97.96221,30.012],[-97.95972,30.01083],[-97.95794,30.00832],[-97.95701,30.00572],[-97.95483,30.00373],[-97.94943,30.00652],[-97.9454,30.0075],[-97.94357,30.00828],[-97.94247,30.00943],[-97.94057,30.01253],[-97.94106,30.01317],[-97.94177,30.01223],[-97.9439,30.01125],[-97.94743,30.0099],[-97.94806,30.00978],[-97.94846,30.01015],[-97.94983,30.01242],[-97.95046,30.01501],[-97.95154,30.01636],[-97.95206,30.01803],[-97.95288,30.01941],[-97.95193,30.02149],[-97.95132,30.02389],[-97.9512,30.02811],[-97.95166,30.02997],[-97.95316,30.03198],[-97.95323,30.03328],[-97.95348,30.03349],[-97.95405,30.03346],[-97.95566,30.03249],[-97.95648,30.03279],[-97.95864,30.02693],[-97.95935,30.02598],[-97.96001,30.02566],[-97.96087,30.02594],[-97.96211,30.02727],[-97.96288,30.02904],[-97.96213,30.03363],[-97.96297,30.03512],[-97.96389,30.03606],[-97.96598,30.03708],[-97.96762,30.03731],[-97.9688,30.03707],[-97.97032,30.03388],[-97.97107,30.03312],[-97.97222,30.03252],[-97.97551,30.0324],[-97.97847,30.03178],[-97.97935,30.03211],[-97.9812,30.03396],[-97.98345,30.03361],[-97.98349,30.04681],[-97.98917,30.04741],[-97.99969,30.048],[-98.00093,30.04781],[-98.00444,30.04656],[-98.00924,30.04641],[-98.00854,30.04342],[-98.00888,30.03431],[-98.03423,30.03499],[-98.03254,30.03975],[-98.03258,30.04495],[-98.03225,30.04623],[-98.03121,30.04738],[-98.03004,30.04791],[-98.02602,30.04809],[-98.02719,30.0495],[-98.03273,30.05192],[-98.03544,30.05103],[-98.03781,30.05071],[-98.03994,30.05099],[-98.04182,30.0523],[-98.04674,30.05381],[-98.04961,30.05323],[-98.06728,30.05162],[-98.07203,30.05225],[-98.07772,30.05353],[-98.07898,30.05678],[-98.0802,30.05795],[-98.08186,30.05885],[-98.07805,30.06037],[-98.07537,30.06193],[-98.07489,30.06161],[-98.07251,30.06183],[-98.07073,30.06126],[-98.06948,30.06052],[-98.06563,30.05977],[-98.06083,30.05929],[-98.04958,30.05846],[-98.04668,30.05859],[-98.04451,30.05904],[-98.04289,30.0584],[-98.04152,30.05864],[-98.04082,30.05909],[-98.0405,30.06009],[-98.0418,30.06278],[-98.0397,30.06468],[-98.0382,30.06683],[-98.03963,30.06731],[-98.03963,30.06792],[-98.03839,30.06877],[-98.03821,30.06951],[-98.04166,30.07015],[-98.04335,30.07173],[-98.04332,30.0721],[-98.04245,30.07306],[-98.04321,30.07498],[-98.04345,30.0784],[-98.04319,30.07971],[-98.04337,30.08092],[-98.04296,30.08197],[-98.0432,30.08208],[-98.04315,30.0828],[-98.04408,30.08411],[-98.04393,30.08628],[-98.0407,30.08867],[-98.04094,30.08941],[-98.04149,30.08949],[-98.04457,30.08839],[-98.0453,30.08878],[-98.04589,30.08986],[-98.04986,30.08982],[-98.04993,30.09179],[-98.07659,30.09051],[-98.07638,30.0867],[-98.07055,30.08698],[-98.07174,30.08583],[-98.07204,30.08283],[-98.06965,30.08119],[-98.06879,30.08024],[-98.0702,30.07879],[-98.07214,30.07779],[-98.07262,30.07724],[-98.07352,30.0726],[-98.07184,30.07135],[-98.06387,30.07403],[-98.06334,30.07162],[-98.06344,30.07139],[-98.06531,30.07205],[-98.06549,30.06951],[-98.06731,30.06962],[-98.06786,30.06927],[-98.06923,30.06955],[-98.06997,30.06934],[-98.07085,30.06801],[-98.07083,30.06676],[-98.0754,30.06673],[-98.07751,30.06927],[-98.07966,30.07025],[-98.08279,30.07024],[-98.08461,30.07051],[-98.08568,30.07017],[-98.09041,30.07013],[-98.09176,30.0741],[-98.09757,30.0793],[-98.10002,30.0834],[-98.10061,30.08625],[-98.10259,30.08601],[-98.10259,30.08639],[-98.10408,30.0863],[-98.10722,30.08666],[-98.10709,30.08616],[-98.12317,30.08578],[-98.1233,30.08911],[-98.12905,30.08948],[-98.12913,30.09511],[-98.13528,30.09449],[-98.13545,30.09427],[-98.14583,30.09412],[-98.14519,30.1038],[-98.15229,30.1038],[-98.15234,30.11007],[-98.15864,30.11082],[-98.16106,30.11564],[-98.17102,30.11851],[-98.17394,30.1162],[-98.17394,30.11332],[-98.17492,30.111],[-98.17604,30.1066],[-98.17684,30.10522],[-98.17682,30.10437],[-98.17819,30.10456],[-98.17997,30.10363],[-98.18101,30.10169],[-98.18697,30.10006],[-98.18831,30.0994],[-98.18939,30.10131],[-98.19184,30.10231],[-98.19333,30.10452],[-98.19458,30.10533],[-98.1961,30.10511],[-98.19787,30.10593],[-98.1986,30.10601],[-98.1988,30.10682],[-98.19278,30.10974],[-98.19023,30.11027],[-98.18871,30.11113],[-98.1874,30.11274],[-98.18682,30.1142],[-98.1875,30.11558],[-98.18819,30.11588],[-98.18774,30.11649],[-98.18714,30.11652],[-98.18605,30.11585],[-98.1855,30.11585],[-98.18257,30.1139],[-98.18214,30.11408],[-98.18269,30.11507],[-98.1836,30.11575],[-98.18387,30.11659],[-98.18394,30.11694],[-98.18331,30.11736],[-98.18324,30.11792],[-98.18415,30.12062],[-98.18533,30.12263],[-98.18679,30.12363],[-98.18686,30.12517],[-98.18936,30.12771],[-98.19024,30.12748],[-98.19135,30.12789],[-98.19197,30.1287],[-98.19409,30.12887],[-98.19467,30.12983],[-98.19854,30.13047],[-98.19925,30.13115],[-98.20203,30.12989],[-98.2024,30.13003],[-98.20283,30.13092],[-98.2062,30.13385],[-98.20662,30.13493],[-98.20742,30.13498],[-98.20873,30.13372],[-98.20992,30.13385],[-98.21074,30.1328],[-98.21219,30.13232],[-98.21248,30.13158],[-98.21171,30.13058],[-98.21161,30.12964],[-98.2153,30.1275],[-98.21662,30.12824],[-98.22005,30.13308],[-98.22126,30.13335],[-98.22513,30.13338],[-98.22888,30.13403],[-98.23065,30.13392],[-98.23175,30.13496],[-98.23576,30.13457],[-98.26401,30.1353],[-98.26553,30.13575],[-98.2664,30.13528],[-98.26647,30.13698],[-98.2654,30.1373],[-98.26508,30.13785],[-98.26702,30.13896]]]}},
{"type":"Feature","properties":{"zipcode":"78677","city":"Wrightsboro"},"geometry":{"type":"Polygon","coordinates":[[[-97.50297,29.32366],[-97.49205,29.3333],[-97.49127,29.33423],[-97.47755,29.36749],[-97.51543,29.37874],[-97.52892,29.34543],[-97.50297,29.32366]]]}},
{"type":"Feature","properties":{"zipcode":"78681","city":"Round Rock"},"geometry":{"type":"Polygon","coordinates":[[[-97.69511,30.57731],[-97.69558,30.57762],[-97.69595,30.57886],[-97.69635,30.57918],[-97.69674,30.57827],[-97.69787,30.57734],[-97.69799,30.5767],[-97.70453,30.57481],[-97.70419,30.5685],[-97.7072,30.56631],[-97.71283,30.56354],[-97.71698,30.56183],[-97.72058,30.56536],[-97.72145,30.56763],[-97.72186,30.56789],[-97.72307,30.56816],[-97.72519,30.56775],[-97.72639,30.56807],[-97.72697,30.56796],[-97.7271,30.56855],[-97.72767,30.56828],[-97.72859,30.56834],[-97.72975,30.56752],[-97.73146,30.57022],[-97.73589,30.573],[-97.74406,30.57494],[-97.74591,30.575],[-97.75112,30.57431],[-97.75415,30.57336],[-97.754,30.57261],[-97.75282,30.5726],[-97.75466,30.57067],[-97.7542,30.56956],[-97.76122,30.56676],[-97.75736,30.55934],[-97.76601,30.55373],[-97.76375,30.55174],[-97.76308,30.55056],[-97.75993,30.54274],[-97.76681,30.54131],[-97.76544,30.53864],[-97.76469,30.53594],[-97.76536,30.5337],[-97.76465,30.53282],[-97.76466,30.53164],[-97.76264,30.53113],[-97.76299,30.52837],[-97.75888,30.52773],[-97.75772,30.52738],[-97.75731,30.52691],[-97.75562,30.52678],[-97.75481,30.52641],[-97.75418,30.52647],[-97.75393,30.52688],[-97.75361,30.52854],[-97.7515,30.52712],[-97.74968,30.52506],[-97.7489,30.52337],[-97.74874,30.52189],[-97.74807,30.52064],[-97.74713,30.51986],[-97.74559,30.5192],[-97.74185,30.51936],[-97.74186,30.51915],[-97.73974,30.51945],[-97.73875,30.51778],[-97.7381,30.51553],[-97.74066,30.51457],[-97.74138,30.51465],[-97.74168,30.51341],[-97.741,30.51357],[-97.74026,30.51136],[-97.73694,30.5107],[-97.73825,30.50608],[-97.74086,30.50164],[-97.74098,30.5004],[-97.74052,30.49911],[-97.73777,30.49606],[-97.73677,30.49536],[-97.73499,30.49493],[-97.72911,30.49503],[-97.72326,30.49202],[-97.72212,30.49008],[-97.72014,30.48156],[-97.73498,30.48252],[-97.73928,30.48327],[-97.74237,30.48275],[-97.74401,30.48169],[-97.747,30.48174],[-97.74992,30.48112],[-97.76137,30.47742],[-97.7534,30.47461],[-97.75031,30.47401],[-97.74371,30.47467],[-97.73728,30.47657],[-97.7314,30.47693],[-97.72323,30.47517],[-97.72214,30.47441],[-97.71999,30.4719],[-97.71968,30.47035],[-97.72021,30.46423],[-97.7185,30.46375],[-97.71954,30.46064],[-97.71987,30.45814],[-97.72048,30.45709],[-97.72038,30.45605],[-97.7144,30.45842],[-97.71186,30.45822],[-97.70396,30.45851],[-97.69641,30.46124],[-97.69524,30.46863],[-97.69481,30.46988],[-97.69413,30.4708],[-97.69349,30.46938],[-97.69326,30.46944],[-97.69247,30.47064],[-97.68628,30.47638],[-97.68515,30.478],[-97.68505,30.4798],[-97.67467,30.48079],[-97.67596,30.48469],[-97.6777,30.48845],[-97.67814,30.49008],[-97.67808,30.4921],[-97.6786,30.49369],[-97.67973,30.49622],[-97.68129,30.49829],[-97.68323,30.50192],[-97.68287,30.50226],[-97.68445,30.50521],[-97.68615,30.50961],[-97.69172,30.53249],[-97.69233,30.53752],[-97.6928,30.57686],[-97.69291,30.57728],[-97.69511,30.57731]]]}},
{"type":"Feature","properties":{"zipcode":"78701","city":"Austin"},"geometry":{"type":"Polygon","coordinates":[[[-97.7496,30.28388],[-97.7533,30.28357],[-97.75098,30.28201],[-97.75076,30.28079],[-97.75104,30.27852],[-97.75014,30.27651],[-97.75115,30.27562],[-97.75206,30.27415],[-97.75083,30.27246],[-97.75103,30.27199],[-97.75083,30.27146],[-97.75124,30.27049],[-97.75059,30.27025],[-97.75123,30.26851],[-97.75247,30.26857],[-97.75271,30.26916],[-97.75243,30.26959],[-97.75317,30.26975],[-97.75397,30.26847],[-97.7534,30.26784],[-97.75342,30.26685],[-97.75459,30.2649],[-97.74799,30.26289],[-97.74517,30.26176],[-97.74421,30.26107],[-97.74258,30.25916],[-97.7412,30.25532],[-97.73957,30.2528],[-97.73579,30.25047],[-97.737,30.25654],[-97.73692,30.25894],[-97.73454,30.26576],[-97.73417,30.26564],[-97.73264,30.26989],[-97.73249,30.27033],[-97.73297,30.27046],[-97.73004,30.27856],[-97.7322,30.27897],[-97.73281,30.2783],[-97.73389,30.2754],[-97.7371,30.27629],[-97.73574,30.27997],[-97.7496,30.28388]]]}},
{"type":"Feature","properties":{"zipcode":"78702","city":"Austin"},"geometry":{"type":"Polygon","coordinates":[[[-97.70399,30.28257],[-97.71429,30.28092],[-97.71461,30.28169],[-97.71641,30.28139],[-97.71624,30.28061],[-97.72538,30.27902],[-97.73004,30.27856],[-97.73297,30.27046],[-97.73249,30.27033],[-97.73264,30.26989],[-97.73417,30.26564],[-97.73454,30.26576],[-97.73692,30.25894],[-97.737,30.25654],[-97.73579,30.25047],[-97.72692,30.24683],[-97.72549,30.24652],[-97.72247,30.24674],[-97.71561,30.24973],[-97.71367,30.25027],[-97.70918,30.25054],[-97.70475,30.25034],[-97.70192,30.24981],[-97.70034,30.24903],[-97.69934,30.24757],[-97.69873,30.24603],[-97.69819,30.24566],[-97.69661,30.24563],[-97.69457,30.24517],[-97.69029,30.24562],[-97.69081,30.2488],[-97.692,30.2511],[-97.69173,30.25107],[-97.69194,30.25287],[-97.69258,30.25384],[-97.69337,30.2584],[-97.69804,30.27393],[-97.70016,30.27659],[-97.70399,30.28257]]]}},
{"type":"Feature","properties":{"zipcode":"78703","city":"Austin"},"geometry":{"type":"Polygon","coordinates":[[[-97.76891,30.31454],[-97.76985,30.31433],[-97.77159,30.31316],[-97.77301,30.31267],[-97.77395,30.31258],[-97.77695,30.31346],[-97.7781,30.30871],[-97.77923,30.30629],[-97.78496,30.29893],[-97.78622,30.29667],[-97.78617,30.29547],[-97.78532,30.29312],[-97.7858,30.29161],[-97.78308,30.29155],[-97.77432,30.2796],[-97.77318,30.27852],[-97.77444,30.27683],[-97.77231,30.27544],[-97.77145,30.27438],[-97.7719,30.27376],[-97.76943,30.27161],[-97.76712,30.27009],[-97.76117,30.26775],[-97.7567,30.26554],[-97.75459,30.2649],[-97.75342,30.26685],[-97.7534,30.26784],[-97.75397,30.26847],[-97.75317,30.26975],[-97.75243,30.26959],[-97.75271,30.26916],[-97.75247,30.26857],[-97.75123,30.26851],[-97.75059,30.27025],[-97.75124,30.27049],[-97.75083,30.27146],[-97.75103,30.27199],[-97.75083,30.27246],[-97.75206,30.27415],[-97.75115,30.27562],[-97.75014,30.27651],[-97.75104,30.27852],[-97.75076,30.28079],[-97.75098,30.28201],[-97.75442,30.2843],[-97.75456,30.28475],[-97.7539,30.28567],[-97.75359,30.28812],[-97.75195,30.29037],[-97.75175,30.29136],[-97.75118,30.29188],[-97.75032,30.29215],[-97.74971,30.29221],[-97.74988,30.29174],[-97.74773,30.29216],[-97.74707,30.29285],[-97.74748,30.29273],[-97.74793,30.29404],[-97.75003,30.29767],[-97.74919,30.29876],[-97.74745,30.29904],[-97.74702,30.29946],[-97.74714,30.29996],[-97.74885,30.30124],[-97.74958,30.30243],[-97.75016,30.30284],[-97.74866,30.3048],[-97.74926,30.30521],[-97.7493,30.30597],[-97.75039,30.30712],[-97.75162,30.30775],[-97.75465,30.30856],[-97.76181,30.30999],[-97.76441,30.31197],[-97.76891,30.31454]]]}},
{"type":"Feature","properties":{"zipcode":"78704","city":"Austin"},"geometry":{"type":"Polygon","coordinates":[[[-97.74799,30.26289],[-97.7567,30.26554],[-97.76117,30.26775],[-97.76148,30.26692],[-97.76595,30.26456],[-97.76753,30.26399],[-97.76972,30.26394],[-97.77189,30.26346],[-97.77452,30.26365],[-97.77833,30.26272],[-97.77968,30.26271],[-97.78247,30.26172],[-97.78398,30.26158],[-97.78499,30.26109],[-97.78564,30.26027],[-97.78548,30.25994],[-97.78423,30.25939],[-97.78351,30.25856],[-97.78402,30.25716],[-97.78797,30.25606],[-97.79332,30.25381],[-97.79474,30.25349],[-97.79543,30.25314],[-97.79587,30.25253],[-97.79634,30.25124],[-97.79697,30.24815],[-97.79642,30.24678],[-97.79549,30.24672],[-97.79483,30.24635],[-97.7939,30.24638],[-97.79122,30.24707],[-97.78933,30.24632],[-97.78877,30.24518],[-97.78868,30.24397],[-97.78904,30.24294],[-97.78982,30.24212],[-97.79237,30.24182],[-97.79358,30.24224],[-97.79429,30.24331],[-97.79791,30.24495],[-97.80035,30.24523],[-97.80222,30.24468],[-97.7983,30.23679],[-97.79631,30.23442],[-97.79674,30.23417],[-97.79487,30.23266],[-97.78468,30.22781],[-97.78282,30.22749],[-97.77308,30.2273],[-97.77078,30.2268],[-97.76302,30.22176],[-97.75675,30.21884],[-97.7534,30.21612],[-97.75199,30.21562],[-97.74123,30.23376],[-97.74048,30.23361],[-97.73961,30.23561],[-97.73649,30.24066],[-97.73741,30.24108],[-97.73591,30.24332],[-97.73535,30.24486],[-97.73578,30.248],[-97.73541,30.24793],[-97.73594,30.25054],[-97.7385,30.25194],[-97.74054,30.25403],[-97.74258,30.25916],[-97.74421,30.26107],[-97.74517,30.26176],[-97.74799,30.26289]]]}},
{"type":"Feature","properties":{"zipcode":"78705","city":"Austin"},"geometry":{"type":"MultiPolygon","coordinates":[[[[-97.74793,30.30711],[-97.7473,30.30592],[-97.74927,30.30423],[-97.75016,30.30284],[-97.74958,30.30243],[-97.74885,30.30124],[-97.74714,30.29996],[-97.74702,30.29946],[-97.74745,30.29904],[-97.74919,30.29876],[-97.75003,30.29767],[-97.74793,30.29404],[-97.74748,30.29273],[-97.74707,30.29285],[-97.74773,30.29216],[-97.74988,30.29174],[-97.74971,30.29221],[-97.75032,30.29215],[-97.75118,30.29188],[-97.75175,30.29136],[-97.75195,30.29037],[-97.75359,30.28812],[-97.7539,30.28567],[-97.75456,30.28475],[-97.75442,30.2843],[-97.7533,30.28357],[-97.7496,30.28388],[-97.73813,30.28063],[-97.73768,30.28165],[-97.73572,30.28153],[-97.73525,30.28174],[-97.73399,30.28083],[-97.73329,30.28162],[-97.73406,30.28321],[-97.73744,30.28346],[-97.73753,30.28245],[-97.73914,30.28243],[-97.73902,30.28359],[-97.74196,30.28382],[-97.74141,30.28986],[-97.74027,30.28976],[-97.74011,30.29193],[-97.73885,30.29181],[-97.73876,30.29283],[-97.73849,30.29297],[-97.73656,30.29255],[-97.73681,30.28947],[-97.73492,30.28917],[-97.73416,30.28795],[-97.73403,30.28709],[-97.73354,30.28705],[-97.73372,30.28525],[-97.73276,30.28527],[-97.73168,30.28787],[-97.73059,30.28784],[-97.72992,30.28746],[-97.72919,30.28828],[-97.72679,30.28711],[-97.72823,30.28277],[-97.73077,30.27977],[-97.7322,30.27897],[-97.72911,30.2785],[-97.72723,30.28249],[-97.72471,30.28639],[-97.72168,30.28426],[-97.72079,30.28402],[-97.72464,30.2865],[-97.72302,30.28911],[-97.72347,30.28931],[-97.72018,30.2943],[-97.72334,30.29581],[-97.72342,30.29562],[-97.72465,30.29617],[-97.74307,30.30517],[-97.74669,30.30681],[-97.74793,30.30711]]],[[[-97.73888,30.28788],[-97.73912,30.28796],[-97.73893,30.28963],[-97.74028,30.28966],[-97.74046,30.28758],[-97.73891,30.28747],[-97.73888,30.28788]]]]}},
{"type":"Feature","properties":{"zipcode":"78712","city":"Austin"},"geometry":{"type":"Polygon","coordinates":[[[-97.73656,30.29255],[-97.73849,30.29297],[-97.73876,30.29283],[-97.73885,30.29181],[-97.74011,30.29193],[-97.74027,30.28976],[-97.74141,30.28986],[-97.74196,30.28382],[-97.73902,30.28359],[-97.73914,30.28243],[-97.73753,30.28245],[-97.73744,30.28346],[-97.73406,30.28321],[-97.73329,30.28162],[-97.73399,30.28083],[-97.73525,30.28174],[-97.73572,30.28153],[-97.73768,30.28165],[-97.73813,30.28063],[-97.73574,30.27997],[-97.7371,30.27629],[-97.73389,30.2754],[-97.73281,30.2783],[-97.7322,30.27897],[-97.73077,30.27977],[-97.72823,30.28277],[-97.72679,30.28711],[-97.72919,30.28828],[-97.72992,30.28746],[-97.73059,30.28784],[-97.73168,30.28787],[-97.73276,30.28527],[-97.73372,30.28525],[-97.73354,30.28705],[-97.73403,30.28709],[-97.73416,30.28795],[-97.73492,30.28917],[-97.73681,30.28947],[-97.73656,30.29255]],[[-97.74046,30.28758],[-97.74028,30.28966],[-97.73893,30.28963],[-97.73912,30.28796],[-97.73888,30.28788],[-97.73891,30.28747],[-97.74046,30.28758]]]}},
{"type":"Feature","properties":{"zipcode":"78717","city":"Austin"},"geometry":{"type":"Polygon","coordinates":[[[-97.73974,30.51945],[-97.74186,30.51915],[-97.74185,30.51936],[-97.74559,30.5192],[-97.74653,30.51819],[-97.74911,30.51649],[-97.75492,30.51337],[-97.75763,30.50913],[-97.75831,30.50864],[-97.76062,30.50843],[-97.76145,30.50935],[-97.76219,30.5095],[-97.76511,30.50878],[-97.76728,30.50927],[-97.76588,30.50799],[-97.77112,30.50517],[-97.77232,30.50528],[-97.7736,30.50608],[-97.77453,30.50599],[-97.77574,30.50409],[-97.77724,30.50359],[-97.78043,30.50389],[-97.78271,30.50364],[-97.78873,30.50567],[-97.78968,30.50577],[-97.79176,30.50524],[-97.79567,30.50249],[-97.79765,30.49964],[-97.79996,30.49768],[-97.80374,30.49608],[-97.80526,30.49576],[-97.80597,30.49521],[-97.80629,30.49456],[-97.81022,30.49385],[-97.80917,30.4921],[-97.80896,30.49052],[-97.80693,30.48603],[-97.8042,30.48694],[-97.80428,30.48562],[-97.80385,30.4837],[-97.80193,30.48012],[-97.8032,30.47976],[-97.80339,30.47932],[-97.8005,30.47546],[-97.79734,30.46797],[-97.78136,30.47288],[-97.77857,30.47344],[-97.77245,30.47391],[-97.76841,30.47475],[-97.76081,30.47723],[-97.76137,30.47742],[-97.75605,30.47924],[-97.74992,30.48112],[-97.747,30.48174],[-97.74401,30.48169],[-97.74237,30.48275],[-97.73928,30.48327],[-97.73498,30.48252],[-97.72014,30.48156],[-97.72212,30.49008],[-97.72326,30.49202],[-97.72911,30.49503],[-97.73499,30.49493],[-97.73677,30.49536],[-97.73777,30.49606],[-97.74052,30.49911],[-97.74098,30.5004],[-97.74086,30.50164],[-97.73825,30.50608],[-97.73694,30.5107],[-97.74026,30.51136],[-97.741,30.51357],[-97.74168,30.51341],[-97.74138,30.51465],[-97.74066,30.51457],[-97.7381,30.51553],[-97.73875,30.51778],[-97.73974,30.51945]]]}},
{"type":"Feature","properties":{"zipcode":"78719","city":"Austin"},"geometry":{"type":"Polygon","coordinates":[[[-97.65742,30.21213],[-97.6713,30.21981],[-97.67284,30.2203],[-97.67266,30.21997],[-97.67833,30.21695],[-97.68034,30.21747],[-97.68201,30.2166],[-97.68319,30.21738],[-97.68319,30.20506],[-97.68507,30.19158],[-97.69248,30.1651],[-97.69368,30.16189],[-97.69663,30.15142],[-97.69696,30.14876],[-97.69352,30.08948],[-97.69319,30.07572],[-97.69116,30.07566],[-97.69009,30.07592],[-97.68289,30.08162],[-97.68091,30.08223],[-97.67851,30.08245],[-97.67812,30.08221],[-97.67656,30.08232],[-97.67508,30.08168],[-97.67422,30.0819],[-97.67314,30.08357],[-97.67298,30.08511],[-97.67239,30.08554],[-97.67229,30.08603],[-97.67143,30.08637],[-97.65905,30.07631],[-97.64944,30.06787],[-97.63872,30.07869],[-97.63987,30.07959],[-97.64063,30.07891],[-97.65948,30.0946],[-97.66002,30.09537],[-97.65981,30.09588],[-97.6562,30.09923],[-97.65618,30.09979],[-97.65668,30.10056],[-97.6565,30.10111],[-97.65063,30.11038],[-97.64955,30.1135],[-97.64123,30.12622],[-97.6436,30.12984],[-97.64463,30.13079],[-97.67203,30.14392],[-97.67292,30.14459],[-97.6734,30.14613],[-97.6706,30.15148],[-97.67054,30.15288],[-97.66937,30.15338],[-97.66848,30.15424],[-97.6606,30.16629],[-97.66378,30.16789],[-97.66362,30.17036],[-97.67054,30.17315],[-97.66982,30.17456],[-97.66407,30.18437],[-97.66135,30.18703],[-97.66009,30.18662],[-97.65972,30.18685],[-97.65969,30.18564],[-97.65817,30.18402],[-97.65706,30.18444],[-97.65603,30.18432],[-97.65513,30.18478],[-97.65459,30.18475],[-97.65149,30.187],[-97.64972,30.18881],[-97.64784,30.19257],[-97.64798,30.19308],[-97.64722,30.19412],[-97.64663,30.19433],[-97.65157,30.19846],[-97.65301,30.19715],[-97.65503,30.19901],[-97.65453,30.20074],[-97.65353,30.20059],[-97.65234,30.20086],[-97.65121,30.20221],[-97.65162,30.20506],[-97.65379,30.2076],[-97.65368,30.20818],[-97.65262,30.20973],[-97.65742,30.21213]]]}},
{"type":"Feature","properties":{"zipcode":"78721","city":"Austin"},"geometry":{"type":"Polygon","coordinates":[[[-97.66684,30.28058],[-97.66567,30.28585],[-97.67195,30.28676],[-97.674,30.2867],[-97.68268,30.28583],[-97.70399,30.28257],[-97.70016,30.27659],[-97.69804,30.27393],[-97.69337,30.2584],[-97.69258,30.25384],[-97.69194,30.25287],[-97.69173,30.25107],[-97.692,30.2511],[-97.69081,30.2488],[-97.69029,30.24562],[-97.68483,30.24592],[-97.67864,30.24747],[-97.67442,30.24966],[-97.67199,30.25223],[-97.67214,30.25263],[-97.67407,30.25262],[-97.6754,30.25211],[-97.67874,30.25298],[-97.67644,30.25677],[-97.67264,30.25822],[-97.6755,30.25936],[-97.67095,30.26646],[-97.66996,30.26898],[-97.66896,30.26854],[-97.66815,30.27339],[-97.66837,30.27396],[-97.66609,30.28158],[-97.66684,30.28058]]]}},
{"type":"Feature","properties":{"zipcode":"78722","city":"Austin"},"geometry":{"type":"Polygon","coordinates":[[[-97.71149,30.30482],[-97.7118,30.30665],[-97.7142,30.30334],[-97.71403,30.30393],[-97.72,30.29422],[-97.72018,30.2943],[-97.72347,30.28931],[-97.72302,30.28911],[-97.72464,30.2865],[-97.72079,30.28402],[-97.72168,30.28426],[-97.72471,30.28639],[-97.72723,30.28249],[-97.72911,30.2785],[-97.71624,30.28061],[-97.71641,30.28139],[-97.71461,30.28169],[-97.71429,30.28092],[-97.70399,30.28257],[-97.70593,30.28559],[-97.707,30.28832],[-97.70804,30.29601],[-97.70884,30.2978],[-97.70726,30.29794],[-97.70735,30.29813],[-97.70899,30.298],[-97.70997,30.29897],[-97.70877,30.30091],[-97.70926,30.30171],[-97.70923,30.30261],[-97.71149,30.30482]]]}},
{"type":"Feature","properties":{"zipcode":"78723","city":"Austin"},"geometry":{"type":"Polygon","coordinates":[[[-97.67059,30.32366],[-97.67359,30.32562],[-97.68327,30.32237],[-97.68522,30.32196],[-97.69265,30.32173],[-97.70501,30.32277],[-97.70585,30.32269],[-97.70602,30.32231],[-97.70692,30.32215],[-97.70776,30.31594],[-97.70851,30.31323],[-97.71,30.31021],[-97.7142,30.30334],[-97.7118,30.30665],[-97.71149,30.30482],[-97.70923,30.30261],[-97.70926,30.30171],[-97.70877,30.30091],[-97.70997,30.29897],[-97.70899,30.298],[-97.70735,30.29813],[-97.70726,30.29794],[-97.70884,30.2978],[-97.70804,30.29601],[-97.707,30.28832],[-97.70593,30.28559],[-97.70399,30.28257],[-97.68268,30.28583],[-97.674,30.2867],[-97.67195,30.28676],[-97.66567,30.28585],[-97.66418,30.29196],[-97.66344,30.29168],[-97.66351,30.29235],[-97.66296,30.29286],[-97.66061,30.30094],[-97.66016,30.30487],[-97.66036,30.30717],[-97.66197,30.31305],[-97.66239,30.31583],[-97.66336,30.31772],[-97.66678,30.32125],[-97.67052,30.32405],[-97.67059,30.32366]]]}},
{"type":"Feature","properties":{"zipcode":"78724","city":"Austin"},"geometry":{"type":"Polygon","coordinates":[[[-97.56927,30.34225],[-97.57275,30.34245],[-97.57519,30.34225],[-97.57712,30.34205],[-97.57901,30.34132],[-97.58067,30.34207],[-97.58503,30.34218],[-97.59976,30.3366],[-97.59979,30.33782],[-97.60615,30.3354],[-97.62217,30.33132],[-97.66394,30.32836],[-97.67218,30.32669],[-97.6742,30.32604],[-97.67107,30.32385],[-97.67059,30.32366],[-97.67052,30.32405],[-97.66678,30.32125],[-97.66336,30.31772],[-97.66239,30.31583],[-97.66197,30.31305],[-97.66036,30.30717],[-97.66016,30.30487],[-97.66061,30.30094],[-97.66296,30.29286],[-97.66351,30.29235],[-97.66344,30.29168],[-97.66418,30.29196],[-97.66572,30.28567],[-97.65661,30.28406],[-97.64173,30.27845],[-97.63815,30.27738],[-97.6367,30.27622],[-97.63352,30.27212],[-97.62913,30.27031],[-97.62702,30.26901],[-97.62423,30.26542],[-97.61968,30.26108],[-97.61462,30.25931],[-97.61139,30.25659],[-97.60968,30.25566],[-97.59914,30.25153],[-97.59597,30.25148],[-97.58921,30.25021],[-97.58407,30.24765],[-97.58273,30.24742],[-97.57585,30.24883],[-97.56975,30.24907],[-97.56485,30.24813],[-97.56189,30.24845],[-97.56062,30.24911],[-97.55961,30.24994],[-97.55612,30.25536],[-97.55499,30.25603],[-97.55386,30.25614],[-97.5549,30.25695],[-97.5617,30.26017],[-97.56366,30.26145],[-97.56499,30.26319],[-97.56638,30.26673],[-97.56828,30.26862],[-97.56967,30.26937],[-97.57778,30.27191],[-97.58122,30.27386],[-97.58003,30.27562],[-97.57899,30.28007],[-97.57673,30.28437],[-97.57867,30.28529],[-97.58012,30.28686],[-97.58355,30.28857],[-97.57895,30.28852],[-97.57537,30.28812],[-97.57308,30.29022],[-97.56885,30.29648],[-97.5707,30.2991],[-97.57225,30.29945],[-97.59198,30.30905],[-97.58518,30.31958],[-97.57805,30.32506],[-97.57731,30.32632],[-97.57539,30.32602],[-97.57502,30.3278],[-97.57226,30.33072],[-97.57103,30.33375],[-97.57158,30.33623],[-97.56976,30.33974],[-97.56927,30.34225]]]}},
{"type":"Feature","properties":{"zipcode":"78725","city":"Austin"},"geometry":{"type":"Polygon","coordinates":[[[-97.65661,30.28406],[-97.66572,30.28567],[-97.66684,30.28058],[-97.66609,30.28158],[-97.66837,30.27396],[-97.66815,30.27339],[-97.66896,30.26854],[-97.66996,30.26898],[-97.67095,30.26646],[-97.6755,30.25936],[-97.67264,30.25822],[-97.67644,30.25677],[-97.67874,30.25298],[-97.6754,30.25211],[-97.67407,30.25262],[-97.67214,30.25263],[-97.67158,30.25434],[-97.67095,30.25496],[-97.66157,30.26068],[-97.65593,30.26197],[-97.64588,30.26318],[-97.64337,30.26261],[-97.64178,30.26157],[-97.64148,30.26055],[-97.64148,30.25705],[-97.64063,30.25647],[-97.63885,30.25643],[-97.6338,30.25562],[-97.62814,30.25596],[-97.62622,30.25507],[-97.626,30.25417],[-97.62571,30.25111],[-97.62585,30.24997],[-97.62612,30.24997],[-97.62672,30.2481],[-97.62825,30.24648],[-97.62961,30.24445],[-97.6336,30.24016],[-97.63669,30.23901],[-97.6479,30.23663],[-97.64988,30.23573],[-97.6499,30.23542],[-97.65134,30.2341],[-97.65399,30.23248],[-97.65544,30.23066],[-97.6577,30.22891],[-97.65838,30.22787],[-97.65871,30.2262],[-97.65766,30.22312],[-97.65613,30.2205],[-97.6498,30.21326],[-97.64665,30.21095],[-97.63993,30.20838],[-97.63431,30.20718],[-97.63177,30.20769],[-97.62762,30.20952],[-97.62256,30.21041],[-97.62227,30.2098],[-97.62199,30.21043],[-97.62043,30.21064],[-97.61952,30.21105],[-97.61576,30.21341],[-97.61262,30.21422],[-97.61169,30.21519],[-97.61037,30.21575],[-97.60973,30.21585],[-97.60861,30.21506],[-97.60741,30.21504],[-97.60676,30.21563],[-97.60676,30.21614],[-97.60509,30.21866],[-97.60371,30.22616],[-97.60336,30.22659],[-97.60224,30.22723],[-97.59828,30.22775],[-97.59645,30.22863],[-97.59347,30.22771],[-97.59237,30.22629],[-97.59216,30.22491],[-97.59259,30.22276],[-97.59345,30.22196],[-97.5954,30.22101],[-97.59568,30.22003],[-97.59564,30.21759],[-97.59482,30.2157],[-97.59444,30.21309],[-97.59507,30.20831],[-97.59431,30.20742],[-97.59306,30.20683],[-97.59008,30.20616],[-97.58806,30.20615],[-97.58479,30.20736],[-97.58243,30.20953],[-97.58205,30.20952],[-97.58126,30.21182],[-97.57874,30.21383],[-97.57691,30.21427],[-97.57433,30.21421],[-97.57127,30.21333],[-97.56542,30.21216],[-97.5631,30.2107],[-97.56271,30.21017],[-97.5625,30.20892],[-97.56156,30.20817],[-97.56004,30.20769],[-97.55754,30.20752],[-97.55672,30.20775],[-97.55474,30.20902],[-97.55012,30.21408],[-97.54882,30.21593],[-97.54749,30.21707],[-97.54399,30.21912],[-97.543,30.21926],[-97.54233,30.21979],[-97.54204,30.22046],[-97.54289,30.22193],[-97.54259,30.22318],[-97.54132,30.22571],[-97.54193,30.22666],[-97.54285,30.22723],[-97.54338,30.22796],[-97.54396,30.23027],[-97.545,30.23221],[-97.54591,30.23272],[-97.54644,30.2345],[-97.54735,30.23452],[-97.54783,30.23494],[-97.54754,30.23565],[-97.54514,30.23605],[-97.54436,30.23662],[-97.5436,30.23909],[-97.54395,30.24012],[-97.54486,30.24098],[-97.5472,30.24094],[-97.54865,30.24145],[-97.54924,30.2413],[-97.54985,30.24048],[-97.55052,30.24046],[-97.55127,30.24094],[-97.55121,30.24159],[-97.55064,30.24242],[-97.55238,30.24276],[-97.5529,30.24246],[-97.5545,30.2426],[-97.5555,30.24226],[-97.55578,30.24029],[-97.55588,30.23998],[-97.55625,30.23992],[-97.55724,30.24099],[-97.55813,30.2414],[-97.55815,30.24267],[-97.56053,30.24511],[-97.5608,30.24579],[-97.56019,30.24716],[-97.55874,30.24781],[-97.55869,30.24916],[-97.55969,30.24893],[-97.56062,30.24911],[-97.56189,30.24845],[-97.56485,30.24813],[-97.56975,30.24907],[-97.57585,30.24883],[-97.58273,30.24742],[-97.58407,30.24765],[-97.58921,30.25021],[-97.59597,30.25148],[-97.59914,30.25153],[-97.60968,30.25566],[-97.61139,30.25659],[-97.61462,30.25931],[-97.61968,30.26108],[-97.62423,30.26542],[-97.62702,30.26901],[-97.62913,30.27031],[-97.63352,30.27212],[-97.6367,30.27622],[-97.63815,30.27738],[-97.64173,30.27845],[-97.65661,30.28406]]]}},
{"type":"Feature","properties":{"zipcode":"78726","city":"Austin"},"geometry":{"type":"Polygon","coordinates":[[[-97.82645,30.45566],[-97.83385,30.4575],[-97.83816,30.46033],[-97.83954,30.46039],[-97.83934,30.46027],[-97.84407,30.45865],[-97.84549,30.45766],[-97.84615,30.45673],[-97.84679,30.45447],[-97.84832,30.45284],[-97.85644,30.44938],[-97.85788,30.44839],[-97.85888,30.44678],[-97.86132,30.4457],[-97.8656,30.4425],[-97.8688,30.4411],[-97.87137,30.44118],[-97.87372,30.4398],[-97.87318,30.4385],[-97.87334,30.43621],[-97.87164,30.43483],[-97.87167,30.43433],[-97.87335,30.43282],[-97.8739,30.42987],[-97.87287,30.42848],[-97.87231,30.42458],[-97.86929,30.42009],[-97.86866,30.41644],[-97.86649,30.41324],[-97.86401,30.41154],[-97.86323,30.40949],[-97.86262,30.40874],[-97.85561,30.40493],[-97.85399,30.40376],[-97.8529,30.40279],[-97.84915,30.39687],[-97.84508,30.39419],[-97.84361,30.39406],[-97.83869,30.39512],[-97.83408,30.39753],[-97.83058,30.40213],[-97.82772,30.40383],[-97.82634,30.40525],[-97.82437,30.40669],[-97.82799,30.40848],[-97.83167,30.40921],[-97.83046,30.41229],[-97.82565,30.41032],[-97.82498,30.41054],[-97.82449,30.41032],[-97.81956,30.41718],[-97.81814,30.41845],[-97.81712,30.4183],[-97.81614,30.41772],[-97.81365,30.42176],[-97.82097,30.42544],[-97.81893,30.42886],[-97.8146,30.4266],[-97.81346,30.42837],[-97.81332,30.429],[-97.81457,30.43141],[-97.81408,30.43263],[-97.81487,30.43816],[-97.81428,30.43903],[-97.81488,30.43995],[-97.81561,30.44031],[-97.81624,30.44153],[-97.81493,30.44331],[-97.81494,30.44431],[-97.81315,30.44713],[-97.81538,30.44925],[-97.81785,30.45017],[-97.82006,30.45052],[-97.82319,30.45348],[-97.8262,30.45502],[-97.82645,30.45566]]]}},
{"type":"Feature","properties":{"zipcode":"78727","city":"Austin"},"geometry":{"type":"Polygon","coordinates":[[[-97.71117,30.44487],[-97.71328,30.44597],[-97.71604,30.44834],[-97.71714,30.44885],[-97.72373,30.44953],[-97.72452,30.44942],[-97.74002,30.44467],[-97.75418,30.43934],[-97.76902,30.43446],[-97.74921,30.42457],[-97.74815,30.42363],[-97.74721,30.42227],[-97.74644,30.41914],[-97.74532,30.41909],[-97.73162,30.41255],[-97.72986,30.4151],[-97.72907,30.41526],[-97.72409,30.41273],[-97.72186,30.41202],[-97.71634,30.42049],[-97.71534,30.42087],[-97.71449,30.42093],[-97.70824,30.41788],[-97.70515,30.42103],[-97.70663,30.42176],[-97.70466,30.42644],[-97.70306,30.42621],[-97.70256,30.42575],[-97.70328,30.4246],[-97.70354,30.42283],[-97.70435,30.42055],[-97.70169,30.41861],[-97.68296,30.40949],[-97.68297,30.40924],[-97.67826,30.40775],[-97.68105,30.40884],[-97.68031,30.41146],[-97.68044,30.41285],[-97.68008,30.4135],[-97.68038,30.41439],[-97.67936,30.41591],[-97.67951,30.41667],[-97.67908,30.41774],[-97.6781,30.41877],[-97.67804,30.41944],[-97.67915,30.42026],[-97.67834,30.42152],[-97.67662,30.42252],[-97.67605,30.42315],[-97.67631,30.42397],[-97.6773,30.4244],[-97.67736,30.42544],[-97.67606,30.4266],[-97.68433,30.43062],[-97.68632,30.43463],[-97.69522,30.43899],[-97.69588,30.43995],[-97.6975,30.43997],[-97.70056,30.44084],[-97.71117,30.44487]]]}},
{"type":"Feature","properties":{"zipcode":"78728","city":"Austin"},"geometry":{"type":"Polygon","coordinates":[[[-97.6668,30.45734],[-97.67386,30.47964],[-97.67429,30.47969],[-97.67467,30.48079],[-97.68505,30.4798],[-97.68515,30.478],[-97.68628,30.47638],[-97.69247,30.47064],[-97.69326,30.46944],[-97.69349,30.46938],[-97.69413,30.4708],[-97.69481,30.46988],[-97.69524,30.46863],[-97.69641,30.46124],[-97.70396,30.45851],[-97.71186,30.45822],[-97.7144,30.45842],[-97.72193,30.45548],[-97.73003,30.4515],[-97.7287,30.44815],[-97.72373,30.44953],[-97.71714,30.44885],[-97.71604,30.44834],[-97.71328,30.44597],[-97.71117,30.44487],[-97.70056,30.44084],[-97.6975,30.43997],[-97.69588,30.43995],[-97.69522,30.43899],[-97.68632,30.43463],[-97.68433,30.43062],[-97.67162,30.42446],[-97.6663,30.45336],[-97.6668,30.45734]]]}},
{"type":"Feature","properties":{"zipcode":"78729","city":"Austin"},"geometry":{"type":"Polygon","coordinates":[[[-97.75206,30.47424],[-97.76081,30.47723],[-97.77036,30.47424],[-97.77857,30.47344],[-97.78136,30.47288],[-97.79632,30.46828],[-97.79205,30.45765],[-97.78992,30.44841],[-97.78888,30.4465],[-97.78631,30.44441],[-97.77663,30.43825],[-97.76902,30.43446],[-97.75418,30.43934],[-97.74002,30.44467],[-97.72772,30.44833],[-97.7287,30.44815],[-97.73003,30.4515],[-97.72038,30.45605],[-97.72048,30.45709],[-97.71987,30.45814],[-97.71954,30.46064],[-97.7185,30.46375],[-97.72021,30.46423],[-97.71968,30.47035],[-97.71999,30.4719],[-97.72214,30.47441],[-97.72323,30.47517],[-97.7314,30.47693],[-97.73728,30.47657],[-97.74371,30.47467],[-97.7487,30.47406],[-97.75206,30.47424]]]}},
{"type":"Feature","properties":{"zipcode":"78730","city":"Austin"},"geometry":{"type":"Polygon","coordinates":[[[-97.84385,30.39351],[-97.84915,30.39687],[-97.8529,30.40279],[-97.85399,30.40376],[-97.8568,30.39835],[-97.85762,30.39745],[-97.86291,30.39558],[-97.86687,30.39477],[-97.86655,30.39407],[-97.86664,30.3934],[-97.86888,30.39374],[-97.86983,30.39345],[-97.87062,30.39266],[-97.87005,30.39254],[-97.86374,30.39369],[-97.87743,30.37219],[-97.87752,30.37083],[-97.8787,30.37029],[-97.88237,30.36492],[-97.87199,30.35879],[-97.8653,30.35532],[-97.86557,30.35462],[-97.86731,30.35375],[-97.86835,30.3523],[-97.87002,30.35115],[-97.87144,30.35058],[-97.87346,30.34918],[-97.87413,30.3494],[-97.87461,30.34897],[-97.87464,30.34807],[-97.87542,30.34773],[-97.87537,30.34747],[-97.87418,30.34696],[-97.87345,30.3473],[-97.86501,30.35327],[-97.86306,30.35432],[-97.86282,30.35389],[-97.86036,30.35471],[-97.85714,30.35473],[-97.8545,30.3537],[-97.85083,30.35152],[-97.84807,30.34836],[-97.84636,30.34398],[-97.84552,30.34053],[-97.8462,30.34065],[-97.84538,30.33261],[-97.84472,30.32872],[-97.8437,30.32617],[-97.84303,30.32533],[-97.8426,30.32525],[-97.8422,30.32453],[-97.84165,30.32437],[-97.84107,30.32372],[-97.83823,30.32253],[-97.83699,30.32277],[-97.83591,30.32217],[-97.83549,30.32293],[-97.83304,30.32355],[-97.82945,30.32506],[-97.82426,30.32923],[-97.81931,30.33501],[-97.81462,30.33956],[-97.81231,30.34278],[-97.80953,30.34749],[-97.80736,30.34999],[-97.80483,30.35142],[-97.8033,30.35175],[-97.80213,30.35166],[-97.79938,30.3506],[-97.79746,30.34918],[-97.79216,30.35762],[-97.79082,30.36069],[-97.79128,30.36085],[-97.7926,30.36012],[-97.79217,30.35996],[-97.79295,30.36014],[-97.79535,30.36268],[-97.79754,30.3659],[-97.80112,30.36836],[-97.80324,30.37135],[-97.806,30.37826],[-97.80688,30.37931],[-97.80877,30.38073],[-97.81229,30.38223],[-97.81602,30.38255],[-97.81766,30.38306],[-97.82732,30.38985],[-97.83084,30.39176],[-97.83224,30.39206],[-97.83941,30.39219],[-97.84385,30.39351]]]}},
{"type":"Feature","properties":{"zipcode":"78731","city":"Austin"},"geometry":{"type":"Polygon","coordinates":[[[-97.7506,30.36538],[-97.75411,30.36782],[-97.7554,30.37047],[-97.7578,30.37185],[-97.75965,30.37461],[-97.7609,30.37537],[-97.76285,30.37581],[-97.76382,30.37644],[-97.76496,30.37823],[-97.76589,30.38326],[-97.7668,30.38513],[-97.77498,30.38088],[-97.78878,30.36913],[-97.78994,30.36684],[-97.79037,30.36275],[-97.79154,30.35882],[-97.79697,30.34995],[-97.79113,30.34594],[-97.78761,30.34257],[-97.78542,30.33943],[-97.77868,30.32797],[-97.77688,30.32373],[-97.77614,30.32066],[-97.77617,30.31692],[-97.77695,30.31346],[-97.77395,30.31258],[-97.77301,30.31267],[-97.77159,30.31316],[-97.76985,30.31433],[-97.76891,30.31454],[-97.76441,30.31197],[-97.76181,30.30999],[-97.75162,30.30775],[-97.75039,30.30712],[-97.7493,30.30597],[-97.74926,30.30521],[-97.74866,30.3048],[-97.7473,30.30592],[-97.74869,30.30863],[-97.74889,30.30988],[-97.74881,30.31285],[-97.74918,30.31527],[-97.74882,30.31718],[-97.74931,30.32061],[-97.74863,30.32088],[-97.74604,30.32006],[-97.74541,30.32061],[-97.74519,30.32139],[-97.74593,30.323],[-97.74577,30.32411],[-97.74609,30.32604],[-97.7459,30.32599],[-97.74663,30.32639],[-97.74639,30.32648],[-97.74688,30.32715],[-97.74709,30.32812],[-97.7469,30.32998],[-97.74642,30.33076],[-97.74712,30.3317],[-97.74899,30.33305],[-97.7496,30.33395],[-97.74962,30.33446],[-97.75084,30.33438],[-97.75202,30.33464],[-97.75477,30.33621],[-97.74372,30.35967],[-97.74402,30.35982],[-97.74337,30.36129],[-97.74585,30.36139],[-97.74687,30.36181],[-97.7488,30.36333],[-97.74946,30.36426],[-97.74943,30.36378],[-97.7506,30.36538]]]}},
{"type":"Feature","properties":{"zipcode":"78732","city":"Austin"},"geometry":{"type":"Polygon","coordinates":[[[-97.87255,30.43403],[-97.87238,30.43432],[-97.87294,30.43477],[-97.87361,30.43483],[-97.87408,30.43449],[-97.87446,30.43274],[-97.87441,30.43022],[-97.87534,30.42904],[-97.87408,30.42864],[-97.87388,30.42783],[-97.87304,30.42695],[-97.87391,30.42726],[-97.87446,30.42819],[-97.87514,30.42802],[-97.87572,30.42826],[-97.87597,30.42902],[-97.87701,30.42945],[-97.8779,30.43024],[-97.87898,30.43053],[-97.87958,30.43038],[-97.8806,30.42907],[-97.88157,30.42668],[-97.88084,30.42511],[-97.88111,30.42477],[-97.88186,30.42557],[-97.8823,30.42561],[-97.88274,30.42499],[-97.88366,30.42454],[-97.88299,30.42429],[-97.88284,30.42385],[-97.88412,30.42333],[-97.88598,30.42396],[-97.88635,30.42497],[-97.88697,30.42343],[-97.88708,30.42459],[-97.88799,30.42509],[-97.89204,30.42287],[-97.89267,30.42298],[-97.89333,30.42372],[-97.89449,30.42379],[-97.89677,30.4218],[-97.91054,30.42203],[-97.90637,30.41174],[-97.90282,30.40438],[-97.90061,30.40063],[-97.89891,30.39464],[-97.8997,30.39414],[-97.90367,30.3933],[-97.90921,30.39129],[-97.91189,30.38976],[-97.91334,30.38819],[-97.91415,30.38614],[-97.91452,30.38348],[-97.91403,30.37001],[-97.91316,30.3616],[-97.91389,30.35833],[-97.91531,30.35561],[-97.91866,30.35161],[-97.92456,30.3464],[-97.93167,30.33941],[-97.93443,30.33594],[-97.93462,30.33303],[-97.93414,30.33182],[-97.93304,30.33039],[-97.92961,30.32778],[-97.92562,30.32591],[-97.92355,30.32551],[-97.92081,30.32551],[-97.91658,30.32644],[-97.91493,30.32717],[-97.90772,30.33241],[-97.90132,30.33857],[-97.89807,30.34078],[-97.89222,30.34248],[-97.88213,30.34366],[-97.87742,30.34496],[-97.87209,30.34747],[-97.86693,30.35141],[-97.86282,30.35389],[-97.86306,30.35432],[-97.86501,30.35327],[-97.87345,30.3473],[-97.87418,30.34696],[-97.87537,30.34747],[-97.87542,30.34773],[-97.87464,30.34807],[-97.87461,30.34897],[-97.87413,30.3494],[-97.87346,30.34918],[-97.87144,30.35058],[-97.87002,30.35115],[-97.86835,30.3523],[-97.86731,30.35375],[-97.86557,30.35462],[-97.8653,30.35532],[-97.87199,30.35879],[-97.88237,30.36492],[-97.8787,30.37029],[-97.87752,30.37083],[-97.87743,30.37219],[-97.86374,30.39369],[-97.87005,30.39254],[-97.87062,30.39266],[-97.87035,30.39303],[-97.86888,30.39374],[-97.86664,30.3934],[-97.86655,30.39407],[-97.86687,30.39477],[-97.86291,30.39558],[-97.85762,30.39745],[-97.8568,30.39835],[-97.85399,30.40376],[-97.85561,30.40493],[-97.86262,30.40874],[-97.86323,30.40949],[-97.86401,30.41154],[-97.86649,30.41324],[-97.86866,30.41644],[-97.86929,30.42009],[-97.87231,30.42458],[-97.87287,30.42848],[-97.8739,30.42987],[-97.87335,30.43282],[-97.87215,30.4339],[-97.87255,30.43403]]]}},
{"type":"Feature","properties":{"zipcode":"78733","city":"Austin"},"geometry":{"type":"Polygon","coordinates":[[[-97.84636,30.34398],[-97.84807,30.34836],[-97.85083,30.35152],[-97.85219,30.35246],[-97.8545,30.3537],[-97.85714,30.35473],[-97.85913,30.35488],[-97.86182,30.35433],[-97.86496,30.35275],[-97.87209,30.34747],[-97.87742,30.34496],[-97.88213,30.34366],[-97.89222,30.34248],[-97.89807,30.34078],[-97.90132,30.33857],[-97.90772,30.33241],[-97.91188,30.32933],[-97.91223,30.32724],[-97.91423,30.32589],[-97.91827,30.32441],[-97.9193,30.32451],[-97.92007,30.32501],[-97.92101,30.32487],[-97.92482,30.32253],[-97.92316,30.32146],[-97.92005,30.32196],[-97.91736,30.32319],[-97.91695,30.32373],[-97.9171,30.32432],[-97.91662,30.32475],[-97.9142,30.32293],[-97.91412,30.32226],[-97.91492,30.32133],[-97.91188,30.31878],[-97.91193,30.31661],[-97.91252,30.31497],[-97.9115,30.31473],[-97.91022,30.31237],[-97.9094,30.3092],[-97.90849,30.30796],[-97.90776,30.30538],[-97.9064,30.30426],[-97.90347,30.30322],[-97.9009,30.30085],[-97.89819,30.29889],[-97.89708,30.29764],[-97.89698,30.29683],[-97.8975,30.29604],[-97.89891,30.29488],[-97.89987,30.29453],[-97.90212,30.29221],[-97.90197,30.29132],[-97.90057,30.28942],[-97.89895,30.28924],[-97.89693,30.28981],[-97.89494,30.29148],[-97.8921,30.29509],[-97.89117,30.29556],[-97.89029,30.29558],[-97.88882,30.2948],[-97.88813,30.29407],[-97.88664,30.29118],[-97.88594,30.28885],[-97.88449,30.28723],[-97.88347,30.28666],[-97.88205,30.28687],[-97.88082,30.28812],[-97.88037,30.2909],[-97.88145,30.29362],[-97.88149,30.29504],[-97.88104,30.29578],[-97.87976,30.29667],[-97.87906,30.29787],[-97.87765,30.29868],[-97.87618,30.29898],[-97.87308,30.29732],[-97.87118,30.29717],[-97.86992,30.29787],[-97.868,30.30111],[-97.86807,30.30161],[-97.86863,30.30182],[-97.86848,30.30372],[-97.86937,30.30527],[-97.86898,30.30625],[-97.8682,30.30682],[-97.86639,30.30624],[-97.86471,30.30392],[-97.86415,30.30165],[-97.86445,30.30123],[-97.86446,30.29967],[-97.86383,30.29949],[-97.86309,30.29979],[-97.86262,30.30024],[-97.86241,30.30196],[-97.86377,30.30331],[-97.86367,30.30447],[-97.86455,30.30604],[-97.86532,30.30681],[-97.86619,30.30878],[-97.86549,30.31097],[-97.86456,30.31243],[-97.86357,30.3126],[-97.86319,30.31361],[-97.86396,30.31426],[-97.86461,30.31641],[-97.86563,30.31799],[-97.86304,30.31851],[-97.86163,30.31832],[-97.85857,30.31594],[-97.85098,30.31256],[-97.84875,30.31074],[-97.84771,30.31033],[-97.8456,30.31006],[-97.84535,30.31173],[-97.84355,30.31368],[-97.84304,30.31717],[-97.84138,30.31906],[-97.84187,30.32134],[-97.84406,30.32421],[-97.84408,30.32547],[-97.84354,30.32599],[-97.84472,30.32872],[-97.84538,30.33261],[-97.8462,30.34065],[-97.84552,30.34053],[-97.84636,30.34398]]]}},
{"type":"Feature","properties":{"zipcode":"78734","city":"Austin"},"geometry":{"type":"Polygon","coordinates":[[[-97.8997,30.39414],[-97.89891,30.39464],[-97.90061,30.40063],[-97.90282,30.40438],[-97.90637,30.41174],[-97.91249,30.42649],[-97.91498,30.42964],[-97.91874,30.43256],[-97.92294,30.43489],[-97.92625,30.43619],[-97.93075,30.43704],[-97.93364,30.43701],[-97.93728,30.43659],[-97.94077,30.43501],[-97.94558,30.43391],[-97.94821,30.43244],[-97.9496,30.43127],[-97.95087,30.42905],[-97.95153,30.42678],[-97.95182,30.42405],[-97.95162,30.42175],[-97.95093,30.41991],[-97.94846,30.41652],[-97.94599,30.41382],[-97.94323,30.4077],[-97.94256,30.40332],[-97.94262,30.40157],[-97.94304,30.39986],[-97.94626,30.39469],[-97.94787,30.39402],[-97.95342,30.39386],[-97.96594,30.39456],[-97.96755,30.3944],[-97.97178,30.39324],[-97.97413,30.39193],[-97.97635,30.3901],[-97.98082,30.3844],[-97.98924,30.37729],[-97.99037,30.37732],[-97.99264,30.37669],[-97.99846,30.3745],[-98.00485,30.37252],[-98.00427,30.37106],[-98.00869,30.36914],[-98.01071,30.36858],[-98.01388,30.36822],[-98.0134,30.36724],[-98.01251,30.36732],[-98.01138,30.36677],[-98.01022,30.36674],[-98.00897,30.36746],[-98.01004,30.36637],[-98.01084,30.36627],[-98.01097,30.36601],[-98.0105,30.36562],[-98.01051,30.36481],[-98.01013,30.36422],[-98.00908,30.36441],[-98.01006,30.36366],[-98.00975,30.3629],[-98.00919,30.36313],[-98.00847,30.36278],[-98.00867,30.36179],[-98.00799,30.36069],[-98.00864,30.35946],[-98.00787,30.35811],[-98.00721,30.35756],[-98.00479,30.35732],[-98.00344,30.35618],[-98.00078,30.35598],[-98.00083,30.35659],[-98.00205,30.35849],[-98.00257,30.36162],[-98.00238,30.36222],[-98.0016,30.36264],[-98.00139,30.36185],[-97.99868,30.35973],[-97.99657,30.35748],[-97.99625,30.3568],[-97.996,30.35264],[-97.9943,30.35153],[-97.99335,30.35145],[-97.99176,30.35228],[-97.98997,30.35526],[-97.98943,30.3557],[-97.98877,30.35576],[-97.98714,30.3551],[-97.98639,30.35508],[-97.98373,30.35637],[-97.98332,30.35547],[-97.98012,30.35385],[-97.97718,30.35305],[-97.97696,30.35155],[-97.97725,30.34787],[-97.97671,30.34546],[-97.97718,30.34468],[-97.9782,30.3405],[-97.97774,30.34037],[-97.97796,30.33963],[-97.97515,30.33946],[-97.97462,30.34007],[-97.9741,30.34015],[-97.97438,30.34108],[-97.97412,30.34194],[-97.9745,30.34225],[-97.97352,30.34348],[-97.97314,30.34332],[-97.97323,30.34277],[-97.97213,30.34168],[-97.97206,30.34093],[-97.97283,30.34023],[-97.97386,30.33765],[-97.97331,30.33645],[-97.97235,30.33563],[-97.97058,30.33616],[-97.97014,30.33771],[-97.97044,30.33891],[-97.96976,30.3388],[-97.96869,30.34083],[-97.96824,30.3406],[-97.96771,30.33993],[-97.96792,30.34015],[-97.9682,30.33969],[-97.96753,30.33935],[-97.96809,30.3386],[-97.96799,30.3382],[-97.96746,30.33781],[-97.96759,30.33725],[-97.9671,30.33619],[-97.96671,30.33613],[-97.96686,30.33574],[-97.96609,30.33399],[-97.96446,30.33175],[-97.9639,30.33182],[-97.96178,30.33055],[-97.96328,30.33208],[-97.96212,30.33235],[-97.96139,30.33334],[-97.96139,30.33382],[-97.96238,30.33521],[-97.96249,30.3363],[-97.96182,30.3379],[-97.95991,30.33954],[-97.95903,30.34111],[-97.95468,30.34066],[-97.95363,30.34262],[-97.95121,30.34406],[-97.94852,30.3422],[-97.94755,30.34264],[-97.94648,30.34242],[-97.94444,30.34078],[-97.94381,30.33951],[-97.94316,30.33927],[-97.94095,30.33928],[-97.93918,30.3374],[-97.93887,30.33754],[-97.93856,30.33915],[-97.93789,30.33963],[-97.93693,30.33932],[-97.93606,30.33808],[-97.93599,30.33738],[-97.93671,30.33637],[-97.93567,30.33677],[-97.93513,30.33656],[-97.93484,30.337],[-97.93403,30.33667],[-97.93167,30.33941],[-97.92456,30.3464],[-97.91866,30.35161],[-97.91531,30.35561],[-97.91389,30.35833],[-97.91316,30.3616],[-97.91403,30.37001],[-97.91452,30.38348],[-97.91415,30.38614],[-97.91334,30.38819],[-97.91189,30.38976],[-97.90921,30.39129],[-97.90367,30.3933],[-97.8997,30.39414]]]}},
{"type":"Feature","properties":{"zipcode":"78735","city":"Austin"},"geometry":{"type":"Polygon","coordinates":[[[-97.8975,30.29604],[-97.89698,30.29683],[-97.89708,30.29764],[-97.89819,30.29889],[-97.9009,30.30085],[-97.90347,30.30322],[-97.9064,30.30426],[-97.90715,30.30472],[-97.90867,30.30649],[-97.90946,30.30701],[-97.91014,30.30709],[-97.91131,30.30675],[-97.91271,30.30512],[-97.91572,30.30335],[-97.9174,30.30279],[-97.91855,30.30181],[-97.91916,30.30074],[-97.91927,30.29884],[-97.92034,30.29767],[-97.92325,30.29602],[-97.92577,30.29636],[-97.92347,30.29395],[-97.91943,30.29145],[-97.91798,30.28988],[-97.91675,30.28675],[-97.91686,30.28157],[-97.91658,30.27999],[-97.91286,30.27287],[-97.90949,30.26774],[-97.90767,30.26103],[-97.90693,30.25969],[-97.89952,30.25259],[-97.88843,30.24706],[-97.88868,30.24606],[-97.88916,30.24578],[-97.88896,30.24532],[-97.88788,30.24527],[-97.88643,30.24476],[-97.88482,30.24471],[-97.88123,30.24114],[-97.87779,30.23636],[-97.87654,30.23517],[-97.87483,30.23429],[-97.87255,30.23381],[-97.86767,30.23406],[-97.865,30.23382],[-97.86115,30.23513],[-97.85922,30.23547],[-97.85193,30.23551],[-97.8518,30.23509],[-97.85148,30.23502],[-97.84422,30.23608],[-97.83029,30.23605],[-97.82566,30.23517],[-97.82056,30.23303],[-97.81863,30.23261],[-97.81807,30.23354],[-97.81392,30.23388],[-97.81323,30.23369],[-97.81356,30.2334],[-97.81282,30.23304],[-97.81193,30.23307],[-97.81165,30.23347],[-97.81179,30.23388],[-97.81082,30.23393],[-97.81119,30.23402],[-97.80977,30.23376],[-97.80524,30.23228],[-97.80413,30.23228],[-97.80133,30.23625],[-97.80007,30.23516],[-97.79997,30.23531],[-97.7987,30.23365],[-97.79799,30.23366],[-97.79631,30.23442],[-97.7983,30.23679],[-97.80222,30.24468],[-97.80601,30.24269],[-97.80875,30.23987],[-97.80952,30.23958],[-97.81041,30.23974],[-97.811,30.24053],[-97.81077,30.24265],[-97.81109,30.24419],[-97.81317,30.24891],[-97.81308,30.24955],[-97.81394,30.25135],[-97.81535,30.2528],[-97.81869,30.25426],[-97.82035,30.25529],[-97.82268,30.2577],[-97.82364,30.26068],[-97.82292,30.26401],[-97.82299,30.26483],[-97.8238,30.2677],[-97.82469,30.26943],[-97.82587,30.27],[-97.82983,30.26974],[-97.83072,30.26992],[-97.83156,30.27124],[-97.83404,30.27396],[-97.83684,30.27515],[-97.84479,30.26298],[-97.84516,30.26134],[-97.84557,30.26115],[-97.8454,30.26098],[-97.8457,30.26048],[-97.84908,30.25534],[-97.84641,30.25406],[-97.84942,30.24971],[-97.85475,30.25243],[-97.85757,30.25298],[-97.85698,30.25411],[-97.86267,30.25616],[-97.85735,30.26153],[-97.85854,30.26357],[-97.8574,30.26553],[-97.85496,30.26581],[-97.85476,30.27038],[-97.85257,30.27202],[-97.85362,30.27304],[-97.85417,30.27457],[-97.85479,30.27539],[-97.85416,30.27721],[-97.85403,30.2774],[-97.85147,30.27749],[-97.84986,30.27711],[-97.8483,30.27756],[-97.84816,30.27797],[-97.85218,30.28065],[-97.85264,30.28276],[-97.85218,30.28414],[-97.85033,30.28586],[-97.84813,30.28693],[-97.84651,30.28842],[-97.8451,30.289],[-97.84327,30.29051],[-97.84298,30.29218],[-97.84351,30.29293],[-97.84479,30.29279],[-97.84642,30.29137],[-97.84719,30.29118],[-97.84946,30.29147],[-97.85072,30.29216],[-97.8525,30.29781],[-97.85267,30.30014],[-97.85311,30.30169],[-97.85293,30.30295],[-97.85353,30.30421],[-97.85494,30.30492],[-97.85572,30.30504],[-97.85703,30.30449],[-97.85796,30.30266],[-97.85835,30.29912],[-97.85879,30.2982],[-97.8605,30.29692],[-97.86199,30.29687],[-97.86277,30.29721],[-97.86397,30.29886],[-97.86383,30.29949],[-97.86446,30.29967],[-97.86463,30.30003],[-97.86415,30.30165],[-97.86471,30.30392],[-97.86639,30.30624],[-97.8682,30.30682],[-97.86898,30.30625],[-97.86937,30.30527],[-97.86848,30.30372],[-97.86863,30.30182],[-97.86807,30.30161],[-97.868,30.30111],[-97.86928,30.29874],[-97.86992,30.29787],[-97.87118,30.29717],[-97.87308,30.29732],[-97.87618,30.29898],[-97.87765,30.29868],[-97.87906,30.29787],[-97.87976,30.29667],[-97.88104,30.29578],[-97.88149,30.29504],[-97.88145,30.29362],[-97.88044,30.29142],[-97.88063,30.28868],[-97.88122,30.28754],[-97.88205,30.28687],[-97.88299,30.28662],[-97.88401,30.28684],[-97.88594,30.28885],[-97.88664,30.29118],[-97.88813,30.29407],[-97.88882,30.2948],[-97.89029,30.29558],[-97.89117,30.29556],[-97.8921,30.29509],[-97.89494,30.29148],[-97.89693,30.28981],[-97.89895,30.28924],[-97.90057,30.28942],[-97.90197,30.29132],[-97.90212,30.29221],[-97.89987,30.29453],[-97.89891,30.29488],[-97.8975,30.29604]]]}},
{"type":"Feature","properties":{"zipcode":"78736","city":"Austin"},"geometry":{"type":"Polygon","coordinates":[[[-97.91661,30.28543],[-97.91798,30.28988],[-97.91943,30.29145],[-97.91951,30.28993],[-97.91852,30.28857],[-97.91879,30.28768],[-97.91934,30.28751],[-97.92033,30.28767],[-97.92215,30.28875],[-97.92328,30.28896],[-97.92467,30.28859],[-97.92598,30.28733],[-97.92603,30.2867],[-97.92505,30.2857],[-97.92473,30.2844],[-97.92482,30.2831],[-97.92555,30.28218],[-97.92614,30.28204],[-97.93113,30.28438],[-97.93209,30.28462],[-97.93305,30.28438],[-97.93454,30.28292],[-97.9344,30.28217],[-97.93219,30.27893],[-97.93233,30.27782],[-97.93278,30.27731],[-97.93358,30.27726],[-97.93628,30.27846],[-97.93956,30.28045],[-97.94138,30.28085],[-97.94245,30.2805],[-97.94291,30.28],[-97.94295,30.27918],[-97.94249,30.27844],[-97.94313,30.27833],[-97.94469,30.27715],[-97.94609,30.27655],[-97.94835,30.27674],[-97.95159,30.27597],[-97.95481,30.27598],[-97.95714,30.27699],[-97.95967,30.27597],[-97.96048,30.2751],[-97.96059,30.27413],[-97.96008,30.27307],[-97.95794,30.27233],[-97.957,30.27152],[-97.95639,30.26967],[-97.95777,30.26929],[-97.95941,30.2695],[-97.9631,30.27098],[-97.96444,30.27118],[-97.9651,30.27101],[-97.96556,30.27052],[-97.96619,30.26871],[-97.96598,30.26687],[-97.96673,30.26533],[-97.96937,30.26473],[-97.9702,30.26527],[-97.97202,30.2675],[-97.97439,30.27185],[-97.97579,30.27245],[-97.97695,30.27198],[-97.97749,30.27075],[-97.97718,30.26833],[-97.9777,30.26676],[-97.97935,30.26523],[-97.98054,30.26514],[-97.98163,30.26577],[-97.98276,30.26712],[-97.98239,30.2716],[-97.98361,30.27297],[-97.98499,30.2734],[-97.98615,30.27225],[-97.98663,30.27121],[-97.98661,30.27002],[-97.98703,30.26865],[-97.98801,30.2674],[-97.98915,30.26714],[-97.98897,30.26806],[-97.98918,30.26813],[-97.98984,30.26767],[-97.99217,30.26761],[-97.99277,30.26738],[-97.99403,30.26784],[-97.99607,30.26615],[-97.9961,30.26507],[-97.99556,30.26433],[-97.99454,30.26374],[-97.99262,30.26327],[-97.99224,30.26288],[-97.99226,30.26212],[-97.9928,30.26164],[-97.99371,30.26139],[-97.99609,30.26173],[-97.99735,30.26134],[-97.99781,30.25994],[-97.99745,30.25869],[-97.99682,30.25781],[-97.99699,30.25716],[-97.99893,30.2553],[-98.00228,30.25509],[-98.00329,30.2546],[-98.00361,30.25315],[-98.00295,30.25142],[-98.0031,30.251],[-98.00508,30.25012],[-98.00766,30.25013],[-98.01145,30.24877],[-98.01119,30.24798],[-98.0096,30.24631],[-98.00661,30.2451],[-98.00622,30.24434],[-98.00665,30.24361],[-98.00787,30.2428],[-98.00942,30.24364],[-98.01056,30.2436],[-98.01096,30.24331],[-98.01106,30.24257],[-98.01162,30.24217],[-98.01549,30.24061],[-98.01825,30.2416],[-98.02307,30.24439],[-98.02331,30.23658],[-98.01356,30.23648],[-98.00771,30.23671],[-98.00476,30.23394],[-98.00227,30.23261],[-98.00103,30.23231],[-98.0,30.23243],[-97.99759,30.23335],[-97.99378,30.23362],[-97.98914,30.2324],[-97.98779,30.23292],[-97.98577,30.23273],[-97.98479,30.23331],[-97.98252,30.23388],[-97.97942,30.23318],[-97.97396,30.2303],[-97.97181,30.22944],[-97.97015,30.22838],[-97.96796,30.22819],[-97.96468,30.22716],[-97.96707,30.22277],[-97.96529,30.22158],[-97.96263,30.22618],[-97.95832,30.22413],[-97.95674,30.22303],[-97.956,30.22193],[-97.95251,30.22367],[-97.93671,30.23002],[-97.91196,30.23444],[-97.90829,30.23421],[-97.89402,30.2299],[-97.885,30.22901],[-97.88327,30.22917],[-97.88119,30.22979],[-97.87574,30.23298],[-97.87257,30.23394],[-97.87483,30.23429],[-97.87654,30.23517],[-97.87779,30.23636],[-97.88123,30.24114],[-97.88482,30.24471],[-97.88643,30.24476],[-97.88788,30.24527],[-97.88896,30.24532],[-97.88916,30.24578],[-97.88868,30.24606],[-97.88843,30.24706],[-97.89952,30.25259],[-97.90693,30.25969],[-97.90767,30.26103],[-97.90949,30.26774],[-97.91286,30.27287],[-97.91658,30.27999],[-97.91686,30.28157],[-97.91661,30.28543]]]}},
{"type":"Feature","properties":{"zipcode":"78737","city":"Austin"},"geometry":{"type":"Polygon","coordinates":[[[-98.02307,30.24439],[-98.02755,30.24602],[-98.02779,30.24559],[-98.02914,30.24484],[-98.0297,30.24238],[-98.02882,30.24116],[-98.02695,30.23983],[-98.02625,30.23741],[-98.02488,30.23659],[-98.02757,30.23728],[-98.02874,30.23722],[-98.0328,30.23522],[-98.03317,30.23412],[-98.03192,30.23237],[-98.03194,30.23164],[-98.03289,30.23071],[-98.03406,30.2303],[-98.03546,30.22846],[-98.03591,30.22741],[-98.03827,30.22621],[-98.03831,30.22378],[-98.03677,30.2236],[-98.03563,30.22419],[-98.03536,30.22468],[-98.03557,30.22615],[-98.03459,30.22757],[-98.03224,30.22666],[-98.03461,30.2196],[-98.03458,30.21867],[-98.03372,30.21838],[-98.03368,30.21808],[-98.03348,30.21832],[-98.0337,30.21917],[-98.03187,30.2205],[-98.03171,30.22232],[-98.03125,30.22244],[-98.03054,30.22219],[-98.03001,30.22264],[-98.02954,30.22237],[-98.02879,30.2234],[-98.0258,30.22393],[-98.0247,30.22148],[-98.02496,30.21933],[-98.0242,30.21735],[-98.02236,30.21485],[-98.02056,30.21121],[-98.01698,30.2084],[-98.01558,30.20555],[-98.01536,30.20409],[-98.0128,30.19681],[-98.00651,30.19629],[-98.00034,30.19638],[-97.9974,30.19685],[-97.99785,30.19422],[-97.99729,30.1924],[-97.99778,30.19151],[-97.99985,30.19025],[-98.00035,30.18926],[-98.00105,30.1842],[-98.00177,30.18229],[-98.00192,30.18032],[-98.0029,30.17666],[-98.00437,30.17414],[-98.00508,30.17198],[-98.00787,30.16843],[-98.00821,30.16745],[-98.00853,30.16622],[-98.00852,30.16163],[-98.00908,30.15544],[-98.00891,30.15347],[-97.99553,30.15373],[-97.99465,30.15352],[-97.9944,30.15164],[-97.99181,30.14379],[-97.98924,30.14561],[-97.9826,30.14813],[-97.97736,30.15062],[-97.97426,30.15119],[-97.97219,30.15228],[-97.97208,30.14803],[-97.9707,30.14516],[-97.97013,30.14484],[-97.9712,30.14475],[-97.97107,30.14234],[-97.97143,30.13921],[-97.97484,30.13561],[-97.97518,30.13264],[-97.97387,30.13065],[-97.97698,30.13126],[-97.9755,30.13043],[-97.97172,30.12964],[-97.97004,30.12516],[-97.97015,30.12379],[-97.96732,30.12223],[-97.96645,30.12259],[-97.96357,30.12134],[-97.96294,30.12052],[-97.96197,30.12056],[-97.96123,30.11967],[-97.96082,30.11729],[-97.95782,30.11723],[-97.95574,30.1166],[-97.95151,30.11427],[-97.94876,30.11175],[-97.94662,30.11041],[-97.94478,30.11118],[-97.94161,30.10913],[-97.93964,30.10949],[-97.93827,30.11019],[-97.93402,30.10963],[-97.93256,30.10972],[-97.92894,30.1063],[-97.92843,30.10533],[-97.9271,30.10534],[-97.92564,30.10608],[-97.92327,30.10626],[-97.92051,30.10715],[-97.91991,30.10776],[-97.91742,30.10912],[-97.91514,30.11167],[-97.91603,30.11418],[-97.9149,30.11679],[-97.91545,30.11773],[-97.91544,30.11882],[-97.91413,30.12181],[-97.91045,30.12458],[-97.90689,30.12555],[-97.90254,30.12438],[-97.90078,30.12465],[-97.9006,30.1252],[-97.90093,30.1281],[-97.90166,30.12941],[-97.90048,30.13026],[-97.89939,30.13066],[-97.90222,30.13256],[-97.90085,30.13899],[-97.90098,30.14235],[-97.89898,30.1424],[-97.89866,30.14473],[-97.89778,30.14504],[-97.89785,30.14699],[-97.89693,30.1477],[-97.89626,30.14919],[-97.89766,30.14949],[-97.90118,30.15163],[-97.9043,30.15282],[-97.90515,30.15421],[-97.9061,30.15473],[-97.9064,30.15576],[-97.90565,30.15626],[-97.90504,30.15817],[-97.90505,30.15912],[-97.9066,30.16086],[-97.90743,30.16323],[-97.90978,30.16243],[-97.91461,30.1601],[-97.91653,30.15813],[-97.918,30.15819],[-97.91924,30.15947],[-97.91894,30.1639],[-97.91942,30.1653],[-97.92095,30.16645],[-97.92469,30.16852],[-97.92873,30.16962],[-97.93085,30.16991],[-97.93124,30.17346],[-97.92992,30.17421],[-97.92904,30.17558],[-97.92875,30.17868],[-97.92893,30.1861],[-97.9286,30.18733],[-97.92597,30.19143],[-97.92339,30.19465],[-97.91823,30.2026],[-97.91761,30.20312],[-97.91207,30.20485],[-97.91136,30.20553],[-97.90925,30.20891],[-97.90829,30.20969],[-97.90685,30.20996],[-97.90413,30.2094],[-97.90165,30.2093],[-97.89992,30.2098],[-97.89903,30.21052],[-97.89552,30.21588],[-97.89305,30.22124],[-97.89024,30.22324],[-97.89023,30.22376],[-97.88842,30.22419],[-97.88751,30.22401],[-97.8879,30.22275],[-97.88753,30.22217],[-97.88692,30.22187],[-97.88593,30.22176],[-97.88578,30.22288],[-97.88506,30.22352],[-97.88135,30.22158],[-97.88038,30.22301],[-97.88,30.22306],[-97.8815,30.22416],[-97.88024,30.22371],[-97.88028,30.22507],[-97.88064,30.22523],[-97.8805,30.22571],[-97.88231,30.22659],[-97.88352,30.22818],[-97.885,30.22901],[-97.89402,30.2299],[-97.90829,30.23421],[-97.91196,30.23444],[-97.93671,30.23002],[-97.95251,30.22367],[-97.956,30.22193],[-97.95674,30.22303],[-97.95832,30.22413],[-97.96263,30.22618],[-97.96529,30.22158],[-97.96707,30.22277],[-97.96468,30.22716],[-97.96796,30.22819],[-97.97015,30.22838],[-97.97181,30.22944],[-97.97396,30.2303],[-97.97942,30.23318],[-97.98252,30.23388],[-97.98479,30.23331],[-97.98577,30.23273],[-97.98779,30.23292],[-97.98914,30.2324],[-97.99378,30.23362],[-97.99759,30.23335],[-98.0,30.23243],[-98.00103,30.23231],[-98.00227,30.23261],[-98.00476,30.23394],[-98.00771,30.23671],[-98.01356,30.23648],[-98.02331,30.23658],[-98.02307,30.24439]]]}},
{"type":"Feature","properties":{"zipcode":"78738","city":"Austin"},"geometry":{"type":"Polygon","coordinates":[[[-98.0134,30.36724],[-98.01388,30.36822],[-98.01594,30.36906],[-98.01753,30.36776],[-98.01783,30.3666],[-98.01861,30.36632],[-98.01816,30.3652],[-98.01911,30.3637],[-98.01919,30.36306],[-98.01869,30.36218],[-98.01973,30.36147],[-98.01919,30.36025],[-98.02023,30.35832],[-98.02817,30.35819],[-98.02887,30.3571],[-98.02917,30.35576],[-98.02981,30.35511],[-98.03077,30.35468],[-98.02992,30.3544],[-98.02831,30.35291],[-98.02818,30.34988],[-98.02741,30.34458],[-98.02646,30.34328],[-98.02642,30.34128],[-98.02699,30.33951],[-98.02691,30.33871],[-98.02609,30.3379],[-98.02425,30.33728],[-98.02354,30.33614],[-98.02398,30.33456],[-98.02388,30.33307],[-98.02465,30.33155],[-98.02572,30.33241],[-98.0279,30.33348],[-98.02973,30.33497],[-98.03246,30.33631],[-98.03678,30.33945],[-98.03835,30.33996],[-98.04101,30.34012],[-98.04224,30.3406],[-98.05052,30.34648],[-98.05281,30.34732],[-98.05854,30.34815],[-98.06051,30.34883],[-98.06182,30.34978],[-98.06429,30.35267],[-98.06763,30.35062],[-98.06878,30.34953],[-98.072,30.34811],[-98.07422,30.3478],[-98.0759,30.34696],[-98.07675,30.34529],[-98.07698,30.34324],[-98.07656,30.34076],[-98.07713,30.33841],[-98.07666,30.33697],[-98.07799,30.33503],[-98.07871,30.3334],[-98.07913,30.33149],[-98.08187,30.32821],[-98.08199,30.32694],[-98.08265,30.32551],[-98.08338,30.32064],[-98.08378,30.32003],[-98.08491,30.31944],[-98.08556,30.31724],[-98.07709,30.30888],[-98.06334,30.29299],[-98.06544,30.29169],[-98.06534,30.29017],[-98.06713,30.2903],[-98.0674,30.29165],[-98.06895,30.29141],[-98.06931,30.29096],[-98.07146,30.2897],[-98.06391,30.28608],[-98.06219,30.28581],[-98.05629,30.28706],[-98.05197,30.28756],[-98.04654,30.29038],[-98.04498,30.2909],[-98.04154,30.29149],[-98.03857,30.29125],[-98.03638,30.29146],[-98.03623,30.29106],[-98.0369,30.28992],[-98.03688,30.2868],[-98.03607,30.28532],[-98.03443,30.2849],[-98.03378,30.28441],[-98.03305,30.28275],[-98.03314,30.281],[-98.03202,30.27977],[-98.03192,30.27742],[-98.03156,30.27644],[-98.02952,30.2746],[-98.02703,30.2703],[-98.02611,30.2695],[-98.02577,30.2685],[-98.02528,30.26815],[-98.02184,30.26716],[-98.02052,30.2662],[-98.02002,30.26536],[-98.02056,30.26159],[-98.02121,30.25982],[-98.02281,30.25847],[-98.02463,30.25601],[-98.02541,30.25371],[-98.02678,30.25168],[-98.02819,30.24841],[-98.02859,30.24604],[-98.02755,30.24602],[-98.02307,30.24439],[-98.01825,30.2416],[-98.01549,30.24061],[-98.01162,30.24217],[-98.01106,30.24257],[-98.01096,30.24331],[-98.01056,30.2436],[-98.00942,30.24364],[-98.00787,30.2428],[-98.00625,30.24401],[-98.00689,30.24533],[-98.0096,30.24631],[-98.01041,30.24695],[-98.01145,30.24877],[-98.00766,30.25013],[-98.00508,30.25012],[-98.0031,30.251],[-98.00295,30.25142],[-98.00361,30.25315],[-98.00329,30.2546],[-98.00228,30.25509],[-97.99893,30.2553],[-97.99699,30.25716],[-97.99682,30.25781],[-97.99745,30.25869],[-97.99781,30.25994],[-97.99735,30.26134],[-97.99609,30.26173],[-97.99371,30.26139],[-97.9928,30.26164],[-97.99226,30.26212],[-97.99224,30.26288],[-97.99262,30.26327],[-97.99454,30.26374],[-97.99556,30.26433],[-97.9961,30.26507],[-97.99607,30.26615],[-97.99403,30.26784],[-97.99277,30.26738],[-97.99217,30.26761],[-97.98984,30.26767],[-97.98918,30.26813],[-97.98897,30.26806],[-97.98915,30.26714],[-97.98801,30.2674],[-97.98703,30.26865],[-97.98661,30.27002],[-97.98663,30.27121],[-97.98615,30.27225],[-97.98499,30.2734],[-97.98361,30.27297],[-97.98239,30.2716],[-97.98276,30.26712],[-97.98163,30.26577],[-97.98054,30.26514],[-97.97935,30.26523],[-97.9777,30.26676],[-97.97718,30.26833],[-97.97749,30.27075],[-97.97695,30.27198],[-97.97579,30.27245],[-97.97439,30.27185],[-97.97202,30.2675],[-97.9702,30.26527],[-97.96937,30.26473],[-97.96673,30.26533],[-97.96598,30.26687],[-97.96619,30.26871],[-97.96556,30.27052],[-97.9651,30.27101],[-97.96444,30.27118],[-97.9631,30.27098],[-97.95941,30.2695],[-97.95777,30.26929],[-97.95639,30.26967],[-97.957,30.27152],[-97.95794,30.27233],[-97.96008,30.27307],[-97.96059,30.27413],[-97.96016,30.27559],[-97.95748,30.27694],[-97.95548,30.27645],[-97.95481,30.27598],[-97.95159,30.27597],[-97.94835,30.27674],[-97.94609,30.27655],[-97.94469,30.27715],[-97.94313,30.27833],[-97.94249,30.27844],[-97.94295,30.27918],[-97.94291,30.28],[-97.94245,30.2805],[-97.94138,30.28085],[-97.93956,30.28045],[-97.93628,30.27846],[-97.93358,30.27726],[-97.93278,30.27731],[-97.93233,30.27782],[-97.93219,30.27893],[-97.9344,30.28217],[-97.93454,30.28292],[-97.93305,30.28438],[-97.93209,30.28462],[-97.93113,30.28438],[-97.92614,30.28204],[-97.92555,30.28218],[-97.92482,30.2831],[-97.92473,30.2844],[-97.92505,30.2857],[-97.92603,30.2867],[-97.92598,30.28733],[-97.92467,30.28859],[-97.92328,30.28896],[-97.92215,30.28875],[-97.92033,30.28767],[-97.91934,30.28751],[-97.91857,30.28792],[-97.91885,30.28932],[-97.91951,30.28993],[-97.91943,30.29145],[-97.92347,30.29395],[-97.92577,30.29636],[-97.92325,30.29602],[-97.92034,30.29767],[-97.91927,30.29884],[-97.91916,30.30074],[-97.91855,30.30181],[-97.9174,30.30279],[-97.91572,30.30335],[-97.91271,30.30512],[-97.91131,30.30675],[-97.91014,30.30709],[-97.90946,30.30701],[-97.90776,30.30538],[-97.90849,30.30796],[-97.9094,30.3092],[-97.91022,30.31237],[-97.9115,30.31473],[-97.91252,30.31497],[-97.91193,30.31661],[-97.91188,30.31878],[-97.91492,30.32133],[-97.91412,30.32226],[-97.9142,30.32293],[-97.91662,30.32475],[-97.9171,30.32432],[-97.91695,30.32373],[-97.91736,30.32319],[-97.92005,30.32196],[-97.92316,30.32146],[-97.92482,30.32253],[-97.92101,30.32487],[-97.92007,30.32501],[-97.9193,30.32451],[-97.91827,30.32441],[-97.91423,30.32589],[-97.91223,30.32724],[-97.91188,30.32933],[-97.91493,30.32717],[-97.9187,30.32587],[-97.92081,30.32551],[-97.92355,30.32551],[-97.92562,30.32591],[-97.92961,30.32778],[-97.93304,30.33039],[-97.93414,30.33182],[-97.93462,30.33303],[-97.93465,30.33515],[-97.93403,30.33667],[-97.93484,30.337],[-97.93513,30.33656],[-97.93567,30.33677],[-97.93671,30.33637],[-97.93599,30.33738],[-97.93606,30.33808],[-97.93693,30.33932],[-97.93825,30.33956],[-97.93887,30.33754],[-97.93918,30.3374],[-97.94095,30.33928],[-97.94316,30.33927],[-97.94381,30.33951],[-97.94444,30.34078],[-97.94648,30.34242],[-97.94755,30.34264],[-97.94852,30.3422],[-97.95121,30.34406],[-97.95363,30.34262],[-97.95468,30.34066],[-97.95903,30.34111],[-97.95991,30.33954],[-97.96182,30.3379],[-97.96249,30.3363],[-97.96238,30.33521],[-97.96139,30.33382],[-97.96139,30.33334],[-97.96212,30.33235],[-97.96328,30.33208],[-97.96178,30.33055],[-97.9639,30.33182],[-97.96446,30.33175],[-97.96609,30.33399],[-97.96686,30.33574],[-97.96671,30.33613],[-97.9671,30.33619],[-97.96759,30.33725],[-97.96746,30.33781],[-97.96799,30.3382],[-97.96809,30.3386],[-97.96753,30.33935],[-97.9682,30.33969],[-97.96792,30.34015],[-97.96771,30.33993],[-97.96824,30.3406],[-97.96869,30.34083],[-97.96976,30.3388],[-97.97044,30.33891],[-97.97014,30.33771],[-97.97058,30.33616],[-97.97235,30.33563],[-97.97331,30.33645],[-97.97386,30.33765],[-97.97283,30.34023],[-97.97206,30.34093],[-97.97213,30.34168],[-97.97323,30.34277],[-97.97314,30.34332],[-97.97352,30.34348],[-97.9745,30.34225],[-97.97412,30.34194],[-97.97438,30.34108],[-97.9741,30.34015],[-97.97462,30.34007],[-97.97515,30.33946],[-97.97796,30.33963],[-97.97774,30.34037],[-97.9782,30.3405],[-97.97718,30.34468],[-97.97671,30.34546],[-97.97725,30.34787],[-97.97696,30.35155],[-97.97718,30.35305],[-97.98012,30.35385],[-97.98332,30.35547],[-97.98373,30.35637],[-97.98639,30.35508],[-97.98714,30.3551],[-97.98877,30.35576],[-97.98943,30.3557],[-97.98997,30.35526],[-97.99176,30.35228],[-97.99335,30.35145],[-97.9943,30.35153],[-97.996,30.35264],[-97.99625,30.3568],[-97.99657,30.35748],[-97.99868,30.35973],[-98.00139,30.36185],[-98.0016,30.36264],[-98.00238,30.36222],[-98.00257,30.36162],[-98.00205,30.35849],[-98.00083,30.35659],[-98.00078,30.35598],[-98.00344,30.35618],[-98.00479,30.35732],[-98.00721,30.35756],[-98.00856,30.35896],[-98.00854,30.35986],[-98.00799,30.36069],[-98.00867,30.36179],[-98.00847,30.36278],[-98.00919,30.36313],[-98.00975,30.3629],[-98.01006,30.36366],[-98.00908,30.36441],[-98.01013,30.36422],[-98.01051,30.36481],[-98.0105,30.36562],[-98.01097,30.36601],[-98.01084,30.36627],[-98.01004,30.36637],[-98.00897,30.36746],[-98.01022,30.36674],[-98.01138,30.36677],[-98.01251,30.36732],[-98.0134,30.36724]]]}},
{"type":"Feature","properties":{"zipcode":"78739","city":"Austin"},"geometry":{"type":"Polygon","coordinates":[[[-97.8906,30.20228],[-97.89369,30.20411],[-97.89548,30.20496],[-97.89646,30.20513],[-97.89912,30.20659],[-97.9022,30.2074],[-97.90293,30.20848],[-97.90314,30.20934],[-97.90685,30.20996],[-97.90829,30.20969],[-97.90925,30.20891],[-97.91136,30.20553],[-97.91207,30.20485],[-97.91317,30.20436],[-97.91684,30.20351],[-97.91823,30.2026],[-97.92339,30.19465],[-97.92597,30.19143],[-97.9286,30.18733],[-97.92893,30.1861],[-97.92884,30.18217],[-97.90374,30.16433],[-97.8994,30.16622],[-97.89792,30.1661],[-97.89743,30.16514],[-97.89742,30.16284],[-97.89703,30.16058],[-97.89574,30.15914],[-97.89126,30.15718],[-97.89055,30.15722],[-97.88992,30.15782],[-97.88912,30.15959],[-97.88836,30.15986],[-97.88754,30.15971],[-97.88365,30.15683],[-97.8821,30.1547],[-97.87975,30.15221],[-97.87337,30.15221],[-97.86443,30.14829],[-97.86367,30.14757],[-97.86188,30.14775],[-97.8617,30.14753],[-97.862,30.14637],[-97.86115,30.14591],[-97.86001,30.1457],[-97.8593,30.14761],[-97.8578,30.14749],[-97.85807,30.1481],[-97.85522,30.1492],[-97.8574,30.15359],[-97.85981,30.15702],[-97.86031,30.16784],[-97.85937,30.16986],[-97.85775,30.17115],[-97.85397,30.17708],[-97.85643,30.17867],[-97.85677,30.17813],[-97.85952,30.17842],[-97.85863,30.17758],[-97.85945,30.17778],[-97.86007,30.17902],[-97.86154,30.17989],[-97.86343,30.18204],[-97.86385,30.18368],[-97.86124,30.187],[-97.86082,30.18836],[-97.86242,30.19041],[-97.8638,30.19068],[-97.86484,30.19032],[-97.86594,30.1908],[-97.86622,30.19241],[-97.86554,30.19457],[-97.86616,30.1952],[-97.86723,30.19571],[-97.87082,30.19645],[-97.87502,30.19811],[-97.87584,30.19795],[-97.87802,30.19672],[-97.87942,30.19739],[-97.88168,30.19655],[-97.88283,30.19931],[-97.88423,30.20038],[-97.88627,30.20121],[-97.88775,30.20239],[-97.88853,30.20256],[-97.88938,30.20222],[-97.8906,30.20228]]]}},
{"type":"Feature","properties":{"zipcode":"78741","city":"Austin"},"geometry":{"type":"Polygon","coordinates":[[[-97.73579,30.25047],[-97.73535,30.24486],[-97.73591,30.24332],[-97.73741,30.24108],[-97.73649,30.24066],[-97.73961,30.23561],[-97.74048,30.23361],[-97.74123,30.23376],[-97.75199,30.21562],[-97.74525,30.21578],[-97.73992,30.21554],[-97.727,30.2137],[-97.71249,30.21197],[-97.71034,30.21194],[-97.7081,30.21239],[-97.6905,30.21814],[-97.68484,30.22115],[-97.68308,30.22178],[-97.67988,30.22241],[-97.67648,30.22211],[-97.67886,30.22373],[-97.68003,30.22422],[-97.68175,30.22618],[-97.68376,30.23231],[-97.68948,30.24209],[-97.69029,30.24562],[-97.69457,30.24517],[-97.69661,30.24563],[-97.69819,30.24566],[-97.69873,30.24603],[-97.69934,30.24757],[-97.70034,30.24903],[-97.70192,30.24981],[-97.70475,30.25034],[-97.70918,30.25054],[-97.71367,30.25027],[-97.71561,30.24973],[-97.72247,30.24674],[-97.72549,30.24652],[-97.72692,30.24683],[-97.73579,30.25047]]]}},
{"type":"Feature","properties":{"zipcode":"78742","city":"Austin"},"geometry":{"type":"Polygon","coordinates":[[[-97.64178,30.26157],[-97.64337,30.26261],[-97.64588,30.26318],[-97.65593,30.26197],[-97.66157,30.26068],[-97.67095,30.25496],[-97.67158,30.25434],[-97.67214,30.25263],[-97.67199,30.25223],[-97.67241,30.25156],[-97.67442,30.24966],[-97.67645,30.24846],[-97.67864,30.24747],[-97.68282,30.24627],[-97.68483,30.24592],[-97.69029,30.24562],[-97.68948,30.24209],[-97.68376,30.23231],[-97.68175,30.22618],[-97.68003,30.22422],[-97.67642,30.22224],[-97.67685,30.22205],[-97.67988,30.22241],[-97.68308,30.22178],[-97.68319,30.21738],[-97.68201,30.2166],[-97.68034,30.21747],[-97.67833,30.21695],[-97.67266,30.21997],[-97.67284,30.2203],[-97.6713,30.21981],[-97.67231,30.22032],[-97.67212,30.22057],[-97.67125,30.22138],[-97.66935,30.22178],[-97.6724,30.22449],[-97.67128,30.22529],[-97.67366,30.22678],[-97.67399,30.22618],[-97.6746,30.22668],[-97.67099,30.22995],[-97.66748,30.22703],[-97.66603,30.22802],[-97.66547,30.22789],[-97.66436,30.22842],[-97.66353,30.22778],[-97.66367,30.227],[-97.66163,30.22533],[-97.66031,30.22866],[-97.65793,30.22906],[-97.6558,30.23071],[-97.65261,30.23467],[-97.65148,30.23531],[-97.6479,30.23663],[-97.64519,30.23706],[-97.63481,30.23962],[-97.6336,30.24016],[-97.63175,30.24199],[-97.62961,30.24445],[-97.62825,30.24648],[-97.6272,30.24736],[-97.62612,30.24997],[-97.62585,30.24997],[-97.62571,30.25111],[-97.62622,30.25507],[-97.62814,30.25596],[-97.6338,30.25562],[-97.63885,30.25643],[-97.64063,30.25647],[-97.64148,30.25705],[-97.64148,30.26055],[-97.64178,30.26157]]]}},
{"type":"Feature","properties":{"zipcode":"78744","city":"Austin"},"geometry":{"type":"Polygon","coordinates":[[[-97.68319,30.20506],[-97.68308,30.22178],[-97.68484,30.22115],[-97.6905,30.21814],[-97.7081,30.21239],[-97.71034,30.21194],[-97.71249,30.21197],[-97.727,30.2137],[-97.73992,30.21554],[-97.74525,30.21578],[-97.75199,30.21562],[-97.75772,30.20648],[-97.77247,30.18795],[-97.78619,30.16712],[-97.78499,30.16708],[-97.78619,30.16475],[-97.78787,30.16422],[-97.78822,30.16353],[-97.78955,30.16029],[-97.79146,30.15387],[-97.79076,30.15496],[-97.78986,30.15751],[-97.78635,30.15594],[-97.78215,30.15742],[-97.78126,30.15497],[-97.78056,30.1547],[-97.78003,30.15641],[-97.77911,30.15722],[-97.77844,30.15748],[-97.77761,30.1573],[-97.77607,30.15774],[-97.77437,30.15726],[-97.77197,30.15721],[-97.77122,30.1577],[-97.7706,30.15891],[-97.76974,30.15935],[-97.76922,30.15751],[-97.76655,30.15826],[-97.7621,30.15646],[-97.76,30.15968],[-97.7595,30.1599],[-97.75696,30.15875],[-97.75262,30.15787],[-97.7532,30.15649],[-97.75312,30.15607],[-97.7527,30.15747],[-97.75055,30.16058],[-97.74595,30.15841],[-97.7416,30.1656],[-97.73616,30.16262],[-97.73603,30.16181],[-97.73636,30.16091],[-97.73578,30.15565],[-97.73605,30.15501],[-97.7351,30.15455],[-97.73149,30.15015],[-97.72922,30.14223],[-97.71529,30.13542],[-97.71514,30.13499],[-97.71665,30.13241],[-97.71649,30.13207],[-97.71012,30.12899],[-97.69989,30.14545],[-97.69975,30.14559],[-97.69674,30.14418],[-97.69696,30.14876],[-97.69663,30.15142],[-97.69368,30.16189],[-97.69248,30.1651],[-97.68507,30.19158],[-97.68319,30.20506]]]}},
{"type":"Feature","properties":{"zipcode":"78745","city":"Austin"},"geometry":{"type":"Polygon","coordinates":[[[-97.79913,30.23438],[-97.80133,30.23625],[-97.80413,30.23228],[-97.80618,30.23244],[-97.80977,30.23376],[-97.81119,30.23402],[-97.81082,30.23393],[-97.81179,30.23388],[-97.81165,30.23347],[-97.81193,30.23307],[-97.81282,30.23304],[-97.81356,30.2334],[-97.81323,30.23369],[-97.81392,30.23388],[-97.81807,30.23354],[-97.81839,30.23323],[-97.81872,30.23208],[-97.84232,30.19538],[-97.8271,30.18787],[-97.82537,30.19039],[-97.81547,30.18559],[-97.79978,30.18578],[-97.79492,30.1855],[-97.79263,30.18389],[-97.79347,30.18282],[-97.79329,30.18269],[-97.79276,30.18246],[-97.79117,30.18257],[-97.7899,30.18192],[-97.78928,30.18221],[-97.78903,30.18272],[-97.78673,30.18316],[-97.78571,30.18305],[-97.78446,30.18253],[-97.78367,30.18316],[-97.78206,30.18319],[-97.78576,30.17144],[-97.78804,30.16927],[-97.78844,30.16855],[-97.78853,30.16719],[-97.78619,30.16712],[-97.77247,30.18795],[-97.75772,30.20648],[-97.75199,30.21562],[-97.7534,30.21612],[-97.75675,30.21884],[-97.76302,30.22176],[-97.77078,30.2268],[-97.77308,30.2273],[-97.78282,30.22749],[-97.78468,30.22781],[-97.79487,30.23266],[-97.79674,30.23417],[-97.79799,30.23366],[-97.7987,30.23365],[-97.79913,30.23438]]]}},
{"type":"Feature","properties":{"zipcode":"78746","city":"Austin"},"geometry":{"type":"Polygon","coordinates":[[[-97.79746,30.34918],[-97.80054,30.35119],[-97.8033,30.35175],[-97.80483,30.35142],[-97.80736,30.34999],[-97.80953,30.34749],[-97.81231,30.34278],[-97.81462,30.33956],[-97.81931,30.33501],[-97.82426,30.32923],[-97.82945,30.32506],[-97.83304,30.32355],[-97.83549,30.32293],[-97.83591,30.32217],[-97.83699,30.32277],[-97.83823,30.32253],[-97.84107,30.32372],[-97.84354,30.32599],[-97.84408,30.32547],[-97.84406,30.32421],[-97.84187,30.32134],[-97.84138,30.31906],[-97.84304,30.31717],[-97.84355,30.31368],[-97.84535,30.31173],[-97.8456,30.31006],[-97.84771,30.31033],[-97.84875,30.31074],[-97.85098,30.31256],[-97.85857,30.31594],[-97.86163,30.31832],[-97.86304,30.31851],[-97.86563,30.31799],[-97.86461,30.31641],[-97.86396,30.31426],[-97.86319,30.31361],[-97.86357,30.3126],[-97.86456,30.31243],[-97.86549,30.31097],[-97.86619,30.30878],[-97.86532,30.30681],[-97.86455,30.30604],[-97.86367,30.30447],[-97.86377,30.30331],[-97.86241,30.30196],[-97.86262,30.30024],[-97.86383,30.29949],[-97.86397,30.29886],[-97.86277,30.29721],[-97.86199,30.29687],[-97.8605,30.29692],[-97.85879,30.2982],[-97.85835,30.29912],[-97.85796,30.30266],[-97.85743,30.30398],[-97.85638,30.3048],[-97.85572,30.30504],[-97.85494,30.30492],[-97.85353,30.30421],[-97.85301,30.30342],[-97.85311,30.30169],[-97.85267,30.30014],[-97.8525,30.29781],[-97.85072,30.29216],[-97.84946,30.29147],[-97.84719,30.29118],[-97.84642,30.29137],[-97.84434,30.29295],[-97.84351,30.29293],[-97.84298,30.29218],[-97.84327,30.29051],[-97.84429,30.28953],[-97.84651,30.28842],[-97.84813,30.28693],[-97.85033,30.28586],[-97.85218,30.28414],[-97.85264,30.28276],[-97.85218,30.28065],[-97.84816,30.27797],[-97.8483,30.27756],[-97.84986,30.27711],[-97.85147,30.27749],[-97.85403,30.2774],[-97.85416,30.27721],[-97.85479,30.27539],[-97.85417,30.27457],[-97.85362,30.27304],[-97.85257,30.27202],[-97.85476,30.27038],[-97.85496,30.26581],[-97.8574,30.26553],[-97.85854,30.26357],[-97.85735,30.26153],[-97.86267,30.25616],[-97.85698,30.25411],[-97.85757,30.25298],[-97.85475,30.25243],[-97.84942,30.24971],[-97.84641,30.25406],[-97.84908,30.25534],[-97.8457,30.26048],[-97.8454,30.26098],[-97.84557,30.26115],[-97.84516,30.26134],[-97.84479,30.26298],[-97.83684,30.27515],[-97.83404,30.27396],[-97.83156,30.27124],[-97.83072,30.26992],[-97.82983,30.26974],[-97.82587,30.27],[-97.82469,30.26943],[-97.8238,30.2677],[-97.82299,30.26483],[-97.82292,30.26401],[-97.82364,30.26068],[-97.82268,30.2577],[-97.82035,30.25529],[-97.81869,30.25426],[-97.81535,30.2528],[-97.81394,30.25135],[-97.81308,30.24955],[-97.81317,30.24891],[-97.81109,30.24419],[-97.81077,30.24265],[-97.811,30.24053],[-97.81041,30.23974],[-97.80952,30.23958],[-97.80776,30.24069],[-97.80601,30.24269],[-97.80222,30.24468],[-97.80035,30.24523],[-97.79791,30.24495],[-97.79673,30.24454],[-97.79429,30.24331],[-97.79358,30.24224],[-97.79237,30.24182],[-97.78982,30.24212],[-97.78904,30.24294],[-97.78868,30.24397],[-97.78877,30.24518],[-97.78933,30.24632],[-97.79122,30.24707],[-97.79483,30.24635],[-97.79549,30.24672],[-97.79642,30.24678],[-97.7968,30.24733],[-97.79697,30.24815],[-97.79634,30.25124],[-97.79543,30.25314],[-97.78797,30.25606],[-97.78402,30.25716],[-97.78351,30.25856],[-97.78423,30.25939],[-97.78548,30.25994],[-97.78564,30.26027],[-97.78499,30.26109],[-97.78398,30.26158],[-97.78247,30.26172],[-97.77968,30.26271],[-97.77833,30.26272],[-97.77452,30.26365],[-97.77189,30.26346],[-97.76972,30.26394],[-97.76753,30.26399],[-97.76595,30.26456],[-97.76148,30.26692],[-97.76117,30.26775],[-97.76828,30.27073],[-97.7719,30.27376],[-97.77145,30.27438],[-97.77231,30.27544],[-97.77444,30.27683],[-97.77318,30.27852],[-97.77432,30.2796],[-97.78308,30.29155],[-97.7858,30.29161],[-97.78532,30.29312],[-97.78617,30.29547],[-97.78622,30.29667],[-97.78496,30.29893],[-97.77923,30.30629],[-97.7781,30.30871],[-97.77617,30.31692],[-97.77614,30.32066],[-97.77688,30.32373],[-97.77868,30.32797],[-97.78542,30.33943],[-97.78761,30.34257],[-97.79242,30.34693],[-97.79697,30.34995],[-97.79746,30.34918]]]}},
{"type":"Feature","properties":{"zipcode":"78747","city":"Austin"},"geometry":{"type":"Polygon","coordinates":[[[-97.73578,30.15565],[-97.73636,30.16091],[-97.73603,30.16181],[-97.73616,30.16262],[-97.7416,30.1656],[-97.74595,30.15841],[-97.75055,30.16058],[-97.7527,30.15747],[-97.75312,30.15607],[-97.7532,30.15649],[-97.75262,30.15787],[-97.75696,30.15875],[-97.7595,30.1599],[-97.76,30.15968],[-97.7621,30.15646],[-97.76655,30.15826],[-97.76922,30.15751],[-97.76974,30.15935],[-97.7706,30.15891],[-97.77122,30.1577],[-97.77197,30.15721],[-97.77437,30.15726],[-97.77607,30.15774],[-97.77761,30.1573],[-97.77844,30.15748],[-97.77911,30.15722],[-97.78003,30.15641],[-97.78056,30.1547],[-97.78126,30.15497],[-97.78215,30.15742],[-97.78635,30.15594],[-97.78986,30.15751],[-97.79181,30.15267],[-97.79208,30.15265],[-97.79651,30.13985],[-97.80625,30.11532],[-97.80785,30.11246],[-97.81143,30.11242],[-97.81139,30.10639],[-97.81351,30.10401],[-97.81558,30.10039],[-97.80986,30.09624],[-97.80996,30.09786],[-97.81102,30.10214],[-97.80622,30.11248],[-97.78278,30.11283],[-97.78167,30.11259],[-97.75625,30.10041],[-97.74919,30.1116],[-97.74964,30.11195],[-97.749,30.11316],[-97.74852,30.11388],[-97.74763,30.11416],[-97.74079,30.12427],[-97.71947,30.11403],[-97.73232,30.0936],[-97.72751,30.09094],[-97.72279,30.08882],[-97.70768,30.08833],[-97.70016,30.08191],[-97.70082,30.08108],[-97.70063,30.08037],[-97.70022,30.08021],[-97.70044,30.07964],[-97.69688,30.07927],[-97.69601,30.07798],[-97.69553,30.07778],[-97.69524,30.07705],[-97.69319,30.07572],[-97.69352,30.08948],[-97.69674,30.14418],[-97.69975,30.14559],[-97.69989,30.14545],[-97.71012,30.12899],[-97.71649,30.13207],[-97.71665,30.13241],[-97.71514,30.13499],[-97.71529,30.13542],[-97.72922,30.14223],[-97.73149,30.15015],[-97.7351,30.15455],[-97.73605,30.15501],[-97.73578,30.15565]]]}},
{"type":"Feature","properties":{"zipcode":"78748","city":"Austin"},"geometry":{"type":"Polygon","coordinates":[[[-97.84232,30.19538],[-97.85775,30.17115],[-97.85937,30.16986],[-97.86031,30.16784],[-97.85981,30.15702],[-97.8574,30.15359],[-97.85522,30.1492],[-97.85807,30.1481],[-97.8578,30.14749],[-97.8593,30.14761],[-97.86001,30.1457],[-97.86115,30.14591],[-97.86099,30.14569],[-97.86159,30.1448],[-97.86164,30.14396],[-97.85833,30.14157],[-97.85755,30.14128],[-97.85594,30.14149],[-97.85538,30.14088],[-97.85477,30.14104],[-97.85223,30.13993],[-97.85015,30.13958],[-97.84969,30.13971],[-97.849,30.14067],[-97.84793,30.14063],[-97.84782,30.13998],[-97.84674,30.14095],[-97.84358,30.14279],[-97.84247,30.14263],[-97.84036,30.14134],[-97.83842,30.14063],[-97.83677,30.14044],[-97.82393,30.14062],[-97.81861,30.14189],[-97.81361,30.14206],[-97.8127,30.14253],[-97.81107,30.14447],[-97.80997,30.14485],[-97.80157,30.14282],[-97.80391,30.13869],[-97.80649,30.13529],[-97.81035,30.13353],[-97.81104,30.13172],[-97.81185,30.13065],[-97.81253,30.12754],[-97.81177,30.12561],[-97.8117,30.12359],[-97.80883,30.12103],[-97.80496,30.11853],[-97.79651,30.13985],[-97.79208,30.15265],[-97.79181,30.15267],[-97.78955,30.16029],[-97.78822,30.16353],[-97.78787,30.16422],[-97.78619,30.16475],[-97.78499,30.16708],[-97.78853,30.16719],[-97.78844,30.16855],[-97.78804,30.16927],[-97.78576,30.17144],[-97.78206,30.18319],[-97.78367,30.18316],[-97.78446,30.18253],[-97.78571,30.18305],[-97.78673,30.18316],[-97.78903,30.18272],[-97.78928,30.18221],[-97.7899,30.18192],[-97.79117,30.18257],[-97.79276,30.18246],[-97.79329,30.18269],[-97.79347,30.18282],[-97.79263,30.18389],[-97.79492,30.1855],[-97.79978,30.18578],[-97.81547,30.18559],[-97.82537,30.19039],[-97.8271,30.18787],[-97.84232,30.19538]]]}},
{"type":"Feature","properties":{"zipcode":"78749","city":"Austin"},"geometry":{"type":"Polygon","coordinates":[[[-97.82566,30.23517],[-97.83029,30.23605],[-97.84422,30.23608],[-97.85148,30.23502],[-97.8518,30.23509],[-97.85193,30.23551],[-97.85922,30.23547],[-97.86115,30.23513],[-97.865,30.23382],[-97.86767,30.23406],[-97.87125,30.23398],[-97.8742,30.23359],[-97.87574,30.23298],[-97.88119,30.22979],[-97.88327,30.22917],[-97.885,30.22901],[-97.88352,30.22818],[-97.88231,30.22659],[-97.8805,30.22571],[-97.88064,30.22523],[-97.88028,30.22507],[-97.88024,30.22371],[-97.8815,30.22416],[-97.88,30.22306],[-97.88038,30.22301],[-97.88135,30.22158],[-97.88506,30.22352],[-97.88578,30.22288],[-97.88593,30.22176],[-97.88692,30.22187],[-97.88753,30.22217],[-97.8879,30.22275],[-97.88751,30.22401],[-97.88842,30.22419],[-97.89023,30.22376],[-97.89024,30.22324],[-97.89305,30.22124],[-97.89552,30.21588],[-97.89903,30.21052],[-97.90075,30.20946],[-97.90314,30.20934],[-97.90293,30.20848],[-97.9022,30.2074],[-97.89912,30.20659],[-97.89646,30.20513],[-97.89548,30.20496],[-97.89369,30.20411],[-97.8906,30.20228],[-97.88938,30.20222],[-97.88853,30.20256],[-97.88719,30.20208],[-97.88627,30.20121],[-97.88423,30.20038],[-97.88283,30.19931],[-97.88168,30.19655],[-97.87942,30.19739],[-97.87802,30.19672],[-97.87584,30.19795],[-97.87502,30.19811],[-97.87082,30.19645],[-97.86723,30.19571],[-97.86616,30.1952],[-97.86554,30.19457],[-97.86622,30.19241],[-97.86594,30.1908],[-97.86484,30.19032],[-97.8638,30.19068],[-97.86242,30.19041],[-97.86082,30.18836],[-97.86124,30.187],[-97.86385,30.18368],[-97.86343,30.18204],[-97.86154,30.17989],[-97.86007,30.17902],[-97.85945,30.17778],[-97.85863,30.17758],[-97.85952,30.17842],[-97.85677,30.17813],[-97.85643,30.17867],[-97.85397,30.17708],[-97.81872,30.23208],[-97.81863,30.23261],[-97.82056,30.23303],[-97.82566,30.23517]]]}},
{"type":"Feature","properties":{"zipcode":"78750","city":"Austin"},"geometry":{"type":"Polygon","coordinates":[[[-97.79143,30.4556],[-97.79632,30.46828],[-97.8196,30.46098],[-97.82089,30.46018],[-97.82572,30.45546],[-97.82645,30.45566],[-97.8262,30.45502],[-97.82319,30.45348],[-97.82006,30.45052],[-97.81785,30.45017],[-97.81538,30.44925],[-97.81315,30.44713],[-97.81494,30.44431],[-97.81493,30.44331],[-97.81624,30.44153],[-97.81561,30.44031],[-97.81488,30.43995],[-97.81428,30.43903],[-97.81487,30.43816],[-97.81408,30.43263],[-97.81457,30.43141],[-97.81332,30.429],[-97.81346,30.42837],[-97.8146,30.4266],[-97.81893,30.42886],[-97.82097,30.42544],[-97.81365,30.42176],[-97.81614,30.41772],[-97.81712,30.4183],[-97.81814,30.41845],[-97.81956,30.41718],[-97.82449,30.41032],[-97.82498,30.41054],[-97.82565,30.41032],[-97.83046,30.41229],[-97.83167,30.40921],[-97.82799,30.40848],[-97.82437,30.40669],[-97.82634,30.40525],[-97.82772,30.40383],[-97.83058,30.40213],[-97.83408,30.39753],[-97.83869,30.39512],[-97.84361,30.39406],[-97.84508,30.39419],[-97.84385,30.39351],[-97.83941,30.39219],[-97.83224,30.39206],[-97.83084,30.39176],[-97.82732,30.38985],[-97.81766,30.38306],[-97.81602,30.38255],[-97.81229,30.38223],[-97.80877,30.38073],[-97.80688,30.37931],[-97.806,30.37826],[-97.80324,30.37135],[-97.80112,30.36836],[-97.79754,30.3659],[-97.79535,30.36268],[-97.79295,30.36014],[-97.79217,30.35996],[-97.7926,30.36012],[-97.79128,30.36085],[-97.79082,30.36069],[-97.78994,30.36684],[-97.78878,30.36913],[-97.77498,30.38088],[-97.77143,30.38274],[-97.77135,30.38449],[-97.77156,30.38578],[-97.77334,30.38723],[-97.77426,30.38986],[-97.77564,30.39089],[-97.77806,30.39106],[-97.77852,30.39153],[-97.77857,30.39195],[-97.77814,30.39259],[-97.77899,30.39305],[-97.77886,30.39502],[-97.77758,30.39632],[-97.77921,30.39729],[-97.78198,30.3983],[-97.78356,30.3999],[-97.78458,30.4021],[-97.7856,30.40352],[-97.78655,30.40424],[-97.7882,30.40482],[-97.79219,30.40851],[-97.79248,30.40907],[-97.79218,30.41086],[-97.79246,30.4126],[-97.79326,30.41367],[-97.79511,30.41527],[-97.79529,30.41583],[-97.79512,30.41721],[-97.79417,30.41862],[-97.79376,30.42045],[-97.79392,30.42111],[-97.79472,30.42177],[-97.793,30.4228],[-97.79093,30.4232],[-97.78814,30.42245],[-97.78602,30.42285],[-97.78496,30.42403],[-97.78515,30.42607],[-97.78492,30.42684],[-97.78325,30.42816],[-97.78172,30.42989],[-97.77892,30.43149],[-97.76918,30.43453],[-97.77663,30.43825],[-97.78791,30.44555],[-97.78888,30.4465],[-97.78992,30.44841],[-97.79143,30.4556]]]}},
{"type":"Feature","properties":{"zipcode":"78751","city":"Austin"},"geometry":{"type":"Polygon","coordinates":[[[-97.71535,30.32037],[-97.71955,30.32245],[-97.72381,30.32355],[-97.7251,30.32439],[-97.72631,30.32598],[-97.73132,30.31799],[-97.73245,30.31668],[-97.73577,30.31546],[-97.73654,30.31488],[-97.74307,30.30517],[-97.72465,30.29617],[-97.72342,30.29562],[-97.72334,30.29581],[-97.72,30.29422],[-97.71,30.31021],[-97.70851,30.31323],[-97.70776,30.31594],[-97.70692,30.32215],[-97.70858,30.32166],[-97.7082,30.32225],[-97.71123,30.32143],[-97.7121,30.32055],[-97.71535,30.32037]]]}},
{"type":"Feature","properties":{"zipcode":"78752","city":"Austin"},"geometry":{"type":"Polygon","coordinates":[[[-97.71124,30.34693],[-97.71286,30.34795],[-97.71742,30.34012],[-97.71885,30.34091],[-97.72054,30.34078],[-97.71918,30.33743],[-97.72631,30.32598],[-97.7251,30.32439],[-97.72381,30.32355],[-97.71955,30.32245],[-97.71535,30.32037],[-97.71374,30.32035],[-97.7121,30.32055],[-97.71123,30.32143],[-97.7082,30.32225],[-97.70858,30.32166],[-97.70602,30.32231],[-97.70585,30.32269],[-97.70501,30.32277],[-97.69265,30.32173],[-97.68522,30.32196],[-97.68327,30.32237],[-97.67359,30.32562],[-97.67581,30.32719],[-97.67563,30.32743],[-97.67536,30.32726],[-97.67692,30.32859],[-97.699,30.3388],[-97.7003,30.3391],[-97.70099,30.33956],[-97.70065,30.33961],[-97.70079,30.33991],[-97.70447,30.34365],[-97.7076,30.34576],[-97.71124,30.34693]]]}},
{"type":"Feature","properties":{"zipcode":"78753","city":"Austin"},"geometry":{"type":"Polygon","coordinates":[[[-97.64295,30.40693],[-97.64895,30.40985],[-97.65097,30.41239],[-97.65446,30.41427],[-97.6565,30.41664],[-97.65903,30.41859],[-97.67007,30.42398],[-97.67189,30.42456],[-97.67606,30.4266],[-97.67723,30.42565],[-97.6773,30.4244],[-97.67631,30.42397],[-97.67605,30.42315],[-97.67662,30.42252],[-97.67834,30.42152],[-97.67915,30.42026],[-97.67804,30.41944],[-97.6781,30.41877],[-97.67908,30.41774],[-97.67951,30.41667],[-97.67936,30.41591],[-97.68038,30.41439],[-97.68008,30.4135],[-97.68044,30.41285],[-97.68031,30.41146],[-97.68105,30.40884],[-97.67823,30.40789],[-97.67965,30.39749],[-97.68445,30.38564],[-97.70038,30.3573],[-97.7106,30.3499],[-97.71247,30.34778],[-97.71124,30.34693],[-97.7076,30.34576],[-97.70447,30.34365],[-97.70079,30.33991],[-97.70065,30.33961],[-97.70099,30.33956],[-97.70042,30.33917],[-97.699,30.3388],[-97.68625,30.33285],[-97.68076,30.34131],[-97.67806,30.34452],[-97.6759,30.35113],[-97.66866,30.36245],[-97.66887,30.36756],[-97.66742,30.36994],[-97.66858,30.37088],[-97.67034,30.37162],[-97.66902,30.37372],[-97.66587,30.37241],[-97.6606,30.37494],[-97.65812,30.37787],[-97.65485,30.37906],[-97.65379,30.37978],[-97.65073,30.38303],[-97.65007,30.3839],[-97.64644,30.39141],[-97.64305,30.39679],[-97.64482,30.39751],[-97.64938,30.40114],[-97.64677,30.40354],[-97.64627,30.4032],[-97.64722,30.40175],[-97.64631,30.40103],[-97.64478,30.40334],[-97.64544,30.40462],[-97.64228,30.40621],[-97.64111,30.40486],[-97.63857,30.40361],[-97.63785,30.40473],[-97.6414,30.40651],[-97.64211,30.4063],[-97.64295,30.40693]]]}},
{"type":"Feature","properties":{"zipcode":"78754","city":"Austin"},"geometry":{"type":"Polygon","coordinates":[[[-97.63658,30.40263],[-97.64111,30.40486],[-97.64228,30.40621],[-97.64544,30.40462],[-97.64478,30.40334],[-97.64631,30.40103],[-97.64722,30.40175],[-97.64627,30.4032],[-97.64677,30.40354],[-97.64938,30.40114],[-97.64482,30.39751],[-97.64305,30.39679],[-97.64644,30.39141],[-97.65007,30.3839],[-97.65379,30.37978],[-97.65485,30.37906],[-97.65812,30.37787],[-97.6606,30.37494],[-97.66587,30.37241],[-97.66902,30.37372],[-97.67034,30.37162],[-97.66858,30.37088],[-97.66742,30.36994],[-97.66887,30.36756],[-97.66866,30.36245],[-97.6759,30.35113],[-97.67806,30.34452],[-97.68076,30.34131],[-97.68625,30.33285],[-97.67692,30.32859],[-97.67536,30.32726],[-97.67563,30.32743],[-97.67581,30.32719],[-97.6742,30.32604],[-97.67218,30.32669],[-97.66394,30.32836],[-97.62217,30.33132],[-97.60615,30.3354],[-97.60252,30.33671],[-97.60352,30.33767],[-97.61132,30.3415],[-97.60585,30.35002],[-97.60226,30.34833],[-97.59803,30.35496],[-97.60585,30.35904],[-97.6062,30.35951],[-97.60649,30.36153],[-97.60873,30.36267],[-97.608,30.36493],[-97.60591,30.36447],[-97.60326,30.36859],[-97.60178,30.36787],[-97.59772,30.37707],[-97.60407,30.3801],[-97.60568,30.3775],[-97.6046,30.3773],[-97.6072,30.37297],[-97.60865,30.36771],[-97.61327,30.36863],[-97.61335,30.36839],[-97.61452,30.36864],[-97.61008,30.37554],[-97.61354,30.37716],[-97.61594,30.37697],[-97.61642,30.3772],[-97.61787,30.37571],[-97.62169,30.3707],[-97.62242,30.37093],[-97.62161,30.36496],[-97.62425,30.36445],[-97.62715,30.36295],[-97.62909,30.36297],[-97.62969,30.36271],[-97.62724,30.36945],[-97.62431,30.37359],[-97.62764,30.37531],[-97.62777,30.37626],[-97.6328,30.3787],[-97.63363,30.37974],[-97.64075,30.38333],[-97.63658,30.40263]]]}},
{"type":"Feature","properties":{"zipcode":"78756","city":"Austin"},"geometry":{"type":"Polygon","coordinates":[[[-97.74016,30.33489],[-97.74575,30.33581],[-97.74962,30.33446],[-97.7496,30.33395],[-97.74899,30.33305],[-97.74712,30.3317],[-97.74642,30.33076],[-97.7469,30.32998],[-97.74709,30.32812],[-97.74688,30.32715],[-97.74639,30.32648],[-97.74663,30.32639],[-97.7459,30.32599],[-97.74609,30.32604],[-97.74577,30.32411],[-97.74593,30.323],[-97.74519,30.32139],[-97.74541,30.32061],[-97.74604,30.32006],[-97.74863,30.32088],[-97.74931,30.32061],[-97.74882,30.31718],[-97.74918,30.31527],[-97.74881,30.31285],[-97.74869,30.30863],[-97.74793,30.30711],[-97.74669,30.30681],[-97.74307,30.30517],[-97.73654,30.31488],[-97.73577,30.31546],[-97.73245,30.31668],[-97.73132,30.31799],[-97.72518,30.32777],[-97.74016,30.33489]]]}},
{"type":"Feature","properties":{"zipcode":"78757","city":"Austin"},"geometry":{"type":"Polygon","coordinates":[[[-97.72767,30.36828],[-97.73005,30.36897],[-97.72998,30.3695],[-97.72888,30.37141],[-97.73003,30.37221],[-97.72889,30.37401],[-97.73092,30.37473],[-97.73644,30.37792],[-97.74084,30.36742],[-97.74195,30.36793],[-97.74399,30.36129],[-97.74337,30.36129],[-97.74402,30.35982],[-97.74372,30.35967],[-97.75477,30.33621],[-97.75287,30.33503],[-97.75084,30.33438],[-97.74914,30.33455],[-97.74575,30.33581],[-97.74016,30.33489],[-97.72518,30.32777],[-97.71918,30.33743],[-97.72054,30.34078],[-97.71885,30.34091],[-97.71742,30.34012],[-97.71286,30.34795],[-97.71344,30.34875],[-97.71363,30.34865],[-97.71443,30.35083],[-97.71726,30.36173],[-97.71914,30.36786],[-97.71996,30.36926],[-97.72129,30.37033],[-97.72639,30.37287],[-97.72767,30.36828]]]}},
{"type":"Feature","properties":{"zipcode":"78758","city":"Austin"},"geometry":{"type":"Polygon","coordinates":[[[-97.70169,30.41861],[-97.7046,30.4207],[-97.70583,30.41693],[-97.70674,30.41521],[-97.71065,30.4111],[-97.71062,30.41082],[-97.71077,30.41102],[-97.71377,30.40953],[-97.71611,30.4091],[-97.71569,30.40665],[-97.71608,30.40496],[-97.71934,30.40653],[-97.72003,30.40625],[-97.72018,30.40574],[-97.72148,30.40542],[-97.72154,30.4065],[-97.72648,30.40387],[-97.72852,30.40196],[-97.72838,30.39882],[-97.72882,30.39638],[-97.73644,30.37792],[-97.73092,30.37473],[-97.72889,30.37401],[-97.73003,30.37221],[-97.72888,30.37141],[-97.73005,30.36897],[-97.72767,30.36828],[-97.72639,30.37287],[-97.72129,30.37033],[-97.71996,30.36926],[-97.71914,30.36786],[-97.71726,30.36173],[-97.71443,30.35083],[-97.71363,30.34865],[-97.71344,30.34875],[-97.71257,30.3476],[-97.7106,30.3499],[-97.70099,30.35672],[-97.6998,30.35816],[-97.68445,30.38564],[-97.67965,30.39749],[-97.67826,30.40775],[-97.68297,30.40924],[-97.68296,30.40949],[-97.70169,30.41861]]]}},
{"type":"Feature","properties":{"zipcode":"78759","city":"Austin"},"geometry":{"type":"Polygon","coordinates":[[[-97.74815,30.42363],[-97.75003,30.42507],[-97.76918,30.43453],[-97.77892,30.43149],[-97.78172,30.42989],[-97.78325,30.42816],[-97.78492,30.42684],[-97.78515,30.42607],[-97.78496,30.42403],[-97.78602,30.42285],[-97.78814,30.42245],[-97.79093,30.4232],[-97.79385,30.4224],[-97.79472,30.42177],[-97.79392,30.42111],[-97.79376,30.42045],[-97.79417,30.41862],[-97.79512,30.41721],[-97.79529,30.41583],[-97.79511,30.41527],[-97.79326,30.41367],[-97.79246,30.4126],[-97.79218,30.41086],[-97.79248,30.40907],[-97.79219,30.40851],[-97.7882,30.40482],[-97.78655,30.40424],[-97.7856,30.40352],[-97.78458,30.4021],[-97.78356,30.3999],[-97.78198,30.3983],[-97.77921,30.39729],[-97.77758,30.39632],[-97.77886,30.39502],[-97.77899,30.39305],[-97.77814,30.39259],[-97.77857,30.39195],[-97.77852,30.39153],[-97.77806,30.39106],[-97.77564,30.39089],[-97.77426,30.38986],[-97.77334,30.38723],[-97.77156,30.38578],[-97.77143,30.38274],[-97.7668,30.38513],[-97.76589,30.38326],[-97.76496,30.37823],[-97.76382,30.37644],[-97.76285,30.37581],[-97.7609,30.37537],[-97.75965,30.37461],[-97.7578,30.37185],[-97.7554,30.37047],[-97.75411,30.36782],[-97.7506,30.36538],[-97.74943,30.36378],[-97.74946,30.36426],[-97.7488,30.36333],[-97.74687,30.36181],[-97.74585,30.36139],[-97.74399,30.36129],[-97.74195,30.36793],[-97.74084,30.36742],[-97.72882,30.39638],[-97.72838,30.39882],[-97.72852,30.40196],[-97.72648,30.40387],[-97.72154,30.4065],[-97.72148,30.40542],[-97.72018,30.40574],[-97.72003,30.40625],[-97.71934,30.40653],[-97.71608,30.40496],[-97.71569,30.40665],[-97.71611,30.4091],[-97.71377,30.40953],[-97.71077,30.41102],[-97.71062,30.41082],[-97.71065,30.4111],[-97.70674,30.41521],[-97.70583,30.41693],[-97.7046,30.4207],[-97.70435,30.42055],[-97.70354,30.42283],[-97.70328,30.4246],[-97.70256,30.42575],[-97.70306,30.42621],[-97.70466,30.42644],[-97.70663,30.42176],[-97.70515,30.42103],[-97.70824,30.41788],[-97.71449,30.42093],[-97.71634,30.42049],[-97.72186,30.41202],[-97.72409,30.41273],[-97.72907,30.41526],[-97.72986,30.4151],[-97.73162,30.41255],[-97.74532,30.41909],[-97.74644,30.41914],[-97.74721,30.42227],[-97.74815,30.42363]]]}},
{"type":"Feature","properties":{"zipcode":"78602","city":"Bastrop"},"geometry":{"type":"Polygon","coordinates":[[[-97.2953,30.29768],[-97.30007,30.29714],[-97.30007,30.29731],[-97.30148,30.29691],[-97.30507,30.29245],[-97.30752,30.29377],[-97.30912,30.29517],[-97.31884,30.28649],[-97.32383,30.29075],[-97.3283,30.28668],[-97.32819,30.28717],[-97.32902,30.28811],[-97.32864,30.28846],[-97.32904,30.28827],[-97.32941,30.28855],[-97.32987,30.28831],[-97.32998,30.28868],[-97.33039,30.28842],[-97.33108,30.28881],[-97.3322,30.28874],[-97.3336,30.28819],[-97.33576,30.28821],[-97.33715,30.28767],[-97.33841,30.28778],[-97.33957,30.28732],[-97.33054,30.2699],[-97.32794,30.26555],[-97.32915,30.26414],[-97.33096,30.26314],[-97.33225,30.26175],[-97.33235,30.25987],[-97.33269,30.25937],[-97.33216,30.25828],[-97.33213,30.2575],[-97.33305,30.25697],[-97.33317,30.25642],[-97.33244,30.25582],[-97.33096,30.25613],[-97.33001,30.25569],[-97.32869,30.25582],[-97.32746,30.25538],[-97.32685,30.255],[-97.32665,30.25453],[-97.32683,30.2529],[-97.32885,30.24884],[-97.33273,30.24429],[-97.33224,30.24762],[-97.33266,30.24936],[-97.33373,30.25059],[-97.33864,30.2541],[-97.34,30.25296],[-97.34114,30.25252],[-97.34238,30.25115],[-97.34378,30.25047],[-97.34443,30.24941],[-97.34804,30.24762],[-97.34769,30.24627],[-97.34647,30.24377],[-97.34552,30.24336],[-97.33952,30.23834],[-97.34068,30.23699],[-97.34063,30.2358],[-97.33689,30.23265],[-97.33484,30.23409],[-97.33075,30.2307],[-97.33374,30.22898],[-97.33666,30.22664],[-97.33791,30.22455],[-97.34283,30.22019],[-97.34669,30.21776],[-97.34884,30.21705],[-97.34996,30.21564],[-97.35228,30.21413],[-97.35537,30.20945],[-97.35604,30.20744],[-97.35824,30.20633],[-97.36369,30.19555],[-97.36576,30.19211],[-97.36954,30.18837],[-97.36921,30.18673],[-97.36837,30.18492],[-97.36805,30.18218],[-97.36625,30.17844],[-97.36315,30.17712],[-97.36285,30.17572],[-97.35921,30.17257],[-97.35808,30.17112],[-97.35722,30.17058],[-97.35457,30.16976],[-97.35302,30.16865],[-97.35405,30.16743],[-97.35424,30.16604],[-97.35402,30.16544],[-97.35613,30.16433],[-97.35819,30.1639],[-97.36122,30.16263],[-97.36388,30.16195],[-97.37379,30.1612],[-97.37821,30.16128],[-97.37937,30.16142],[-97.38309,30.16289],[-97.38476,30.16405],[-97.38521,30.165],[-97.38521,30.16608],[-97.38464,30.16748],[-97.38329,30.16906],[-97.37871,30.17835],[-97.3777,30.18132],[-97.37779,30.18214],[-97.3808,30.18341],[-97.38235,30.18326],[-97.38609,30.18203],[-97.38772,30.18237],[-97.38839,30.1828],[-97.38939,30.18414],[-97.39202,30.18623],[-97.39336,30.18721],[-97.39445,30.1875],[-97.39907,30.18698],[-97.40101,30.18597],[-97.40191,30.18468],[-97.40185,30.18238],[-97.40105,30.18008],[-97.40058,30.17933],[-97.39984,30.17887],[-97.39705,30.17763],[-97.39653,30.17632],[-97.39649,30.17522],[-97.39671,30.17282],[-97.3972,30.17145],[-97.40277,30.16758],[-97.40571,30.1697],[-97.41046,30.17165],[-97.41493,30.17515],[-97.41461,30.17541],[-97.41428,30.17672],[-97.4118,30.17847],[-97.41079,30.18062],[-97.41052,30.18219],[-97.41086,30.18533],[-97.42144,30.18204],[-97.42132,30.18824],[-97.42162,30.19033],[-97.42268,30.19199],[-97.42701,30.19581],[-97.42833,30.1942],[-97.42802,30.19398],[-97.42882,30.19271],[-97.42927,30.19274],[-97.42952,30.1933],[-97.43033,30.19212],[-97.43013,30.19178],[-97.42955,30.19172],[-97.42883,30.19062],[-97.42634,30.19011],[-97.42437,30.18909],[-97.42353,30.18831],[-97.42253,30.1859],[-97.42324,30.18388],[-97.42443,30.18226],[-97.4259,30.181],[-97.43202,30.17702],[-97.43414,30.17511],[-97.43733,30.17058],[-97.43873,30.16736],[-97.44092,30.16486],[-97.44402,30.16211],[-97.44659,30.15755],[-97.45126,30.15385],[-97.45326,30.15138],[-97.4534,30.1507],[-97.45304,30.14967],[-97.45102,30.14844],[-97.4499,30.14726],[-97.44753,30.14572],[-97.44426,30.14278],[-97.44347,30.14237],[-97.44179,30.14209],[-97.4385,30.143],[-97.43425,30.14551],[-97.4353,30.14424],[-97.4352,30.13525],[-97.42715,30.13535],[-97.43293,30.12227],[-97.41581,30.11229],[-97.41592,30.11177],[-97.41689,30.1111],[-97.41954,30.11029],[-97.41973,30.10918],[-97.42218,30.10791],[-97.42194,30.10421],[-97.42437,30.10325],[-97.42759,30.0996],[-97.42748,30.0986],[-97.42932,30.09869],[-97.43626,30.09696],[-97.43625,30.08634],[-97.43219,30.08431],[-97.43188,30.08396],[-97.4322,30.08374],[-97.43056,30.08403],[-97.43043,30.08507],[-97.43009,30.08535],[-97.42785,30.08511],[-97.42645,30.0858],[-97.42566,30.08555],[-97.42459,30.08439],[-97.42407,30.08429],[-97.42047,30.08907],[-97.41982,30.08975],[-97.41905,30.09001],[-97.41783,30.0895],[-97.41709,30.08839],[-97.41427,30.08807],[-97.41228,30.08682],[-97.41129,30.08661],[-97.40979,30.0868],[-97.40789,30.08759],[-97.40536,30.08798],[-97.40372,30.08694],[-97.40425,30.08547],[-97.40359,30.08339],[-97.40096,30.08304],[-97.39892,30.08222],[-97.39834,30.08239],[-97.39738,30.08323],[-97.39636,30.08235],[-97.39277,30.08518],[-97.38914,30.08516],[-97.40515,30.06171],[-97.40427,30.06114],[-97.4029,30.0609],[-97.39999,30.06173],[-97.3997,30.06213],[-97.39829,30.06277],[-97.39701,30.06265],[-97.39655,30.06238],[-97.39716,30.05765],[-97.3977,30.05593],[-97.39774,30.04201],[-97.41764,30.04337],[-97.42519,30.03211],[-97.4295,30.01688],[-97.43141,30.0178],[-97.43239,30.01872],[-97.43248,30.02024],[-97.43183,30.02078],[-97.43307,30.02109],[-97.43309,30.02379],[-97.43361,30.02408],[-97.43455,30.02364],[-97.43655,30.02186],[-97.43777,30.02147],[-97.43836,30.021],[-97.43849,30.02009],[-97.43739,30.01969],[-97.43686,30.01854],[-97.43777,30.01714],[-97.43969,30.01969],[-97.44102,30.02425],[-97.44206,30.02575],[-97.44837,30.02318],[-97.44916,30.02344],[-97.45113,30.02191],[-97.45389,30.01773],[-97.45475,30.01696],[-97.45472,30.01559],[-97.45554,30.01449],[-97.45562,30.01305],[-97.45356,30.01321],[-97.45258,30.01474],[-97.4509,30.01538],[-97.45016,30.01539],[-97.44892,30.01477],[-97.44843,30.01425],[-97.44837,30.01366],[-97.44902,30.01369],[-97.44913,30.01306],[-97.44859,30.01294],[-97.44865,30.01184],[-97.44795,30.01145],[-97.44856,30.01018],[-97.44795,30.00956],[-97.44738,30.00803],[-97.44487,30.00377],[-97.44276,30.00452],[-97.43976,30.00802],[-97.4392,30.00799],[-97.43434,30.00568],[-97.4337,30.00411],[-97.43275,30.003],[-97.4304,29.99722],[-97.43088,29.99575],[-97.43014,29.99384],[-97.42277,29.99009],[-97.42054,29.99339],[-97.40777,30.00301],[-97.40598,30.00213],[-97.40579,30.00173],[-97.40659,30.0],[-97.40717,29.99698],[-97.40932,29.99449],[-97.4093,29.9933],[-97.39785,29.9877],[-97.39679,29.98736],[-97.39582,29.98777],[-97.39346,29.98775],[-97.39026,29.98721],[-97.3859,29.99052],[-97.38501,29.99187],[-97.37625,29.98787],[-97.37401,29.98661],[-97.38051,29.97665],[-97.36598,29.96973],[-97.36489,29.97104],[-97.36184,29.96978],[-97.35911,29.97007],[-97.35229,29.97],[-97.34926,29.96857],[-97.3474,29.96835],[-97.3454,29.96729],[-97.34375,29.96793],[-97.34267,29.97134],[-97.34293,29.97316],[-97.34249,29.97459],[-97.34178,29.97522],[-97.33959,29.97481],[-97.33887,29.97526],[-97.33881,29.97677],[-97.33988,29.97759],[-97.33943,29.97867],[-97.33887,29.97908],[-97.33853,29.98067],[-97.33931,29.98093],[-97.3401,29.98361],[-97.33906,29.98497],[-97.33745,29.98526],[-97.33615,29.98471],[-97.33559,29.98483],[-97.33612,29.98595],[-97.33595,29.98665],[-97.33688,29.98711],[-97.33685,29.99015],[-97.33646,29.99018],[-97.33551,29.98955],[-97.33458,29.98958],[-97.33418,29.99049],[-97.3343,29.991],[-97.3328,29.99215],[-97.33314,29.99329],[-97.335,29.99395],[-97.33777,29.99655],[-97.33863,29.99794],[-97.33836,30.00146],[-97.33708,30.00369],[-97.33659,30.00525],[-97.33597,30.0057],[-97.33494,30.00582],[-97.33389,30.00539],[-97.33302,30.00426],[-97.33078,30.00389],[-97.32981,30.00437],[-97.32917,30.00437],[-97.3291,30.00306],[-97.32856,30.00252],[-97.32494,30.00295],[-97.32394,30.00334],[-97.32339,30.0041],[-97.32311,30.0054],[-97.32348,30.00872],[-97.32421,30.00907],[-97.3266,30.00841],[-97.32793,30.00915],[-97.32919,30.01137],[-97.32874,30.01309],[-97.32822,30.01378],[-97.32578,30.01488],[-97.32476,30.0167],[-97.32243,30.01824],[-97.32094,30.02014],[-97.31884,30.02077],[-97.31665,30.02085],[-97.3159,30.02195],[-97.31463,30.02301],[-97.31484,30.02362],[-97.31604,30.02435],[-97.31668,30.02521],[-97.3165,30.02555],[-97.31442,30.02599],[-97.31381,30.02642],[-97.31396,30.02704],[-97.3157,30.0286],[-97.31585,30.02932],[-97.31529,30.03016],[-97.31363,30.03037],[-97.31328,30.03176],[-97.31346,30.03207],[-97.31458,30.03219],[-97.31487,30.03245],[-97.31503,30.03344],[-97.31579,30.03447],[-97.31481,30.03473],[-97.31281,30.03668],[-97.31276,30.03736],[-97.31336,30.03806],[-97.31681,30.03999],[-97.3171,30.04066],[-97.31444,30.045],[-97.31292,30.04497],[-97.31258,30.0445],[-97.31175,30.04415],[-97.31034,30.04202],[-97.30921,30.03929],[-97.30799,30.03823],[-97.30634,30.03816],[-97.30089,30.03921],[-97.29557,30.03912],[-97.29381,30.03846],[-97.29329,30.03765],[-97.29296,30.03349],[-97.29214,30.03216],[-97.28445,30.02761],[-97.282,30.02553],[-97.28019,30.02513],[-97.27816,30.02506],[-97.277,30.02469],[-97.27614,30.02425],[-97.27474,30.02251],[-97.27366,30.0221],[-97.27075,30.02242],[-97.26634,30.02216],[-97.26301,30.02273],[-97.2587,30.02406],[-97.25715,30.02486],[-97.25706,30.02571],[-97.25534,30.02612],[-97.25001,30.0259],[-97.24703,30.02629],[-97.24636,30.02612],[-97.24579,30.02547],[-97.24644,30.02361],[-97.24651,30.01998],[-97.24601,30.01979],[-97.24558,30.01865],[-97.247,30.01582],[-97.24873,30.01335],[-97.24919,30.01209],[-97.24903,30.01129],[-97.24793,30.01044],[-97.24245,30.01356],[-97.23715,30.0142],[-97.23561,30.01481],[-97.23353,30.01626],[-97.232,30.01823],[-97.23158,30.02026],[-97.2319,30.02146],[-97.23282,30.02264],[-97.23303,30.02492],[-97.23242,30.02594],[-97.23048,30.02704],[-97.22849,30.02762],[-97.22593,30.02765],[-97.22291,30.02666],[-97.21767,30.02598],[-97.2163,30.02508],[-97.21448,30.02341],[-97.2141,30.02273],[-97.21262,30.0221],[-97.212,30.02213],[-97.21052,30.02315],[-97.2061,30.02843],[-97.20392,30.03052],[-97.20236,30.03283],[-97.20204,30.03493],[-97.20315,30.04206],[-97.21282,30.04991],[-97.21343,30.05],[-97.21626,30.0485],[-97.21683,30.0478],[-97.21823,30.0471],[-97.21851,30.04563],[-97.21934,30.04405],[-97.22101,30.04193],[-97.22253,30.04067],[-97.22231,30.03965],[-97.22249,30.03912],[-97.2254,30.04027],[-97.22739,30.04311],[-97.2287,30.04593],[-97.22852,30.04721],[-97.22618,30.04958],[-97.22641,30.05139],[-97.22537,30.05199],[-97.22336,30.05489],[-97.22148,30.05679],[-97.22983,30.06341],[-97.22933,30.06677],[-97.22766,30.07326],[-97.22959,30.07377],[-97.22938,30.07439],[-97.23307,30.07481],[-97.23284,30.07572],[-97.23425,30.07604],[-97.23463,30.07697],[-97.23373,30.07642],[-97.23251,30.07717],[-97.23149,30.0807],[-97.23442,30.08124],[-97.23454,30.08165],[-97.22956,30.0993],[-97.23051,30.10013],[-97.23307,30.10009],[-97.2343,30.10089],[-97.23636,30.10142],[-97.23685,30.10194],[-97.23658,30.10313],[-97.23791,30.10433],[-97.23847,30.10564],[-97.23993,30.10585],[-97.24134,30.10654],[-97.24194,30.10738],[-97.24297,30.10706],[-97.24503,30.10757],[-97.246,30.10833],[-97.2469,30.11002],[-97.24761,30.11005],[-97.24926,30.1093],[-97.25058,30.10919],[-97.25052,30.11973],[-97.24696,30.11744],[-97.24764,30.11883],[-97.24587,30.11935],[-97.24371,30.1191],[-97.24147,30.11746],[-97.23772,30.11549],[-97.23424,30.11297],[-97.23212,30.11241],[-97.23077,30.11174],[-97.22748,30.11129],[-97.22672,30.11147],[-97.22564,30.11012],[-97.2245,30.10967],[-97.22318,30.10966],[-97.22263,30.10892],[-97.22183,30.10891],[-97.22035,30.10618],[-97.21994,30.10589],[-97.21875,30.10576],[-97.21745,30.10643],[-97.21686,30.10714],[-97.2163,30.10721],[-97.21396,30.10586],[-97.21382,30.10437],[-97.20731,30.10444],[-97.20443,30.10482],[-97.19963,30.10939],[-97.19614,30.11028],[-97.1947,30.11118],[-97.1935,30.11291],[-97.18436,30.11337],[-97.18454,30.12447],[-97.19321,30.12872],[-97.19397,30.12866],[-97.19501,30.12944],[-97.1963,30.12946],[-97.19708,30.13046],[-97.1982,30.13105],[-97.19974,30.1303],[-97.20083,30.13089],[-97.2021,30.13038],[-97.20333,30.13077],[-97.204,30.13227],[-97.20483,30.13245],[-97.20592,30.13346],[-97.206,30.13623],[-97.20522,30.13743],[-97.20543,30.13818],[-97.20742,30.13859],[-97.21014,30.13678],[-97.21182,30.13514],[-97.21287,30.13452],[-97.21321,30.13473],[-97.21376,30.13703],[-97.20458,30.13972],[-97.20347,30.14259],[-97.20419,30.14425],[-97.20551,30.14491],[-97.20899,30.14581],[-97.21426,30.14706],[-97.21517,30.14687],[-97.21957,30.1492],[-97.22056,30.14875],[-97.22226,30.14882],[-97.22574,30.15173],[-97.21776,30.15647],[-97.22576,30.16329],[-97.22458,30.16367],[-97.22271,30.16478],[-97.22258,30.1649],[-97.22355,30.16494],[-97.22363,30.16528],[-97.22062,30.16805],[-97.21983,30.16801],[-97.21902,30.16872],[-97.22374,30.17263],[-97.22488,30.17205],[-97.22598,30.17274],[-97.22535,30.17338],[-97.22457,30.17533],[-97.22351,30.1745],[-97.22325,30.17617],[-97.22255,30.17694],[-97.22127,30.1776],[-97.22068,30.17711],[-97.21764,30.17953],[-97.22129,30.18343],[-97.2246,30.18793],[-97.25595,30.21529],[-97.25552,30.21593],[-97.25597,30.2167],[-97.2605,30.22059],[-97.26344,30.22242],[-97.26473,30.2241],[-97.26731,30.2263],[-97.2704,30.22777],[-97.27083,30.22916],[-97.27401,30.23189],[-97.26632,30.24113],[-97.26041,30.24883],[-97.25524,30.25283],[-97.25421,30.25392],[-97.25208,30.25812],[-97.25124,30.26045],[-97.24961,30.26746],[-97.25012,30.26765],[-97.25042,30.26815],[-97.25248,30.26888],[-97.25277,30.26936],[-97.2556,30.27097],[-97.25814,30.27057],[-97.25871,30.27116],[-97.26072,30.2716],[-97.26222,30.27104],[-97.26279,30.27051],[-97.26378,30.27045],[-97.26428,30.27065],[-97.26547,30.27199],[-97.26618,30.27232],[-97.26773,30.27242],[-97.26931,30.27175],[-97.27075,30.27209],[-97.27114,30.27468],[-97.26921,30.27846],[-97.269,30.27944],[-97.26781,30.28061],[-97.26737,30.28151],[-97.26975,30.28184],[-97.27204,30.28321],[-97.27375,30.28488],[-97.2744,30.28494],[-97.275,30.28446],[-97.27629,30.28263],[-97.27722,30.28056],[-97.27742,30.27905],[-97.2783,30.27832],[-97.28167,30.27846],[-97.28226,30.27824],[-97.28297,30.27703],[-97.28328,30.27693],[-97.28627,30.27771],[-97.28675,30.27854],[-97.28777,30.28936],[-97.2872,30.29255],[-97.2953,30.29768]]]}},
{"type":"Feature","properties":{"zipcode":"78605","city":"Bertram"},"geometry":{"type":"Polygon","coordinates":[[[-98.03442,30.89998],[-98.03525,30.90045],[-98.03548,30.90212],[-98.03799,30.90434],[-98.03727,30.90586],[-98.03722,30.90666],[-98.03805,30.90759],[-98.04057,30.90726],[-98.04256,30.90333],[-98.04664,30.89706],[-98.04836,30.89259],[-98.05116,30.88898],[-98.05183,30.88766],[-98.05228,30.88485],[-98.05184,30.88278],[-98.04694,30.87131],[-98.04692,30.87033],[-98.0476,30.8689],[-98.04834,30.86824],[-98.05019,30.8675],[-98.05307,30.86822],[-98.05358,30.87021],[-98.05254,30.87249],[-98.05143,30.87405],[-98.0519,30.87483],[-98.05196,30.87568],[-98.05384,30.87926],[-98.06099,30.88507],[-98.06246,30.88685],[-98.06394,30.88934],[-98.06491,30.88925],[-98.06593,30.88792],[-98.06729,30.88769],[-98.0684,30.88714],[-98.06864,30.88715],[-98.06881,30.88775],[-98.07159,30.8872],[-98.07202,30.88777],[-98.07239,30.88712],[-98.07348,30.88682],[-98.07324,30.8863],[-98.0734,30.88552],[-98.07579,30.88478],[-98.07619,30.88439],[-98.07659,30.88153],[-98.07667,30.87754],[-98.07579,30.87417],[-98.07584,30.87336],[-98.07709,30.87022],[-98.07768,30.86947],[-98.07669,30.86752],[-98.07677,30.86647],[-98.07837,30.86511],[-98.07948,30.865],[-98.08642,30.8677],[-98.08825,30.86761],[-98.08779,30.86678],[-98.08734,30.86455],[-98.08735,30.86127],[-98.06937,30.86202],[-98.06627,30.86243],[-98.06265,30.85392],[-98.07709,30.84953],[-98.08577,30.84987],[-98.08676,30.84948],[-98.0901,30.84717],[-98.09599,30.84694],[-98.09609,30.84426],[-98.09808,30.84338],[-98.09637,30.84133],[-98.09501,30.8377],[-98.09137,30.83213],[-98.08992,30.82772],[-98.08872,30.82664],[-98.08403,30.82448],[-98.08303,30.82378],[-98.08237,30.82282],[-98.08042,30.81822],[-98.11951,30.80611],[-98.11709,30.80073],[-98.11648,30.80052],[-98.11409,30.80112],[-98.11383,30.80087],[-98.11024,30.79264],[-98.10915,30.79195],[-98.10878,30.79115],[-98.10864,30.78898],[-98.10803,30.78751],[-98.10792,30.78607],[-98.1054,30.77958],[-98.11111,30.7777],[-98.11798,30.77653],[-98.12135,30.7757],[-98.12999,30.77302],[-98.13037,30.77265],[-98.13082,30.77029],[-98.13175,30.76967],[-98.13439,30.76895],[-98.13709,30.76756],[-98.13828,30.76755],[-98.13954,30.76694],[-98.1538,30.76242],[-98.15435,30.76053],[-98.15198,30.75072],[-98.1519,30.74942],[-98.16083,30.7494],[-98.16187,30.74372],[-98.16293,30.74071],[-98.16199,30.7389],[-98.16146,30.73856],[-98.15485,30.73581],[-98.1547,30.73536],[-98.15551,30.73299],[-98.15186,30.73215],[-98.1504,30.73245],[-98.14979,30.73232],[-98.1486,30.73129],[-98.14722,30.72941],[-98.14205,30.72659],[-98.13919,30.72446],[-98.14285,30.72282],[-98.14391,30.72153],[-98.14409,30.72075],[-98.1452,30.71912],[-98.14553,30.71759],[-98.14622,30.71675],[-98.14579,30.71626],[-98.14589,30.71535],[-98.14516,30.71413],[-98.1442,30.71414],[-98.14615,30.71083],[-98.1406,30.70689],[-98.14081,30.70221],[-98.14435,30.6971],[-98.14399,30.69629],[-98.15006,30.6943],[-98.15099,30.69364],[-98.1429,30.67482],[-98.14584,30.67438],[-98.14721,30.66962],[-98.14988,30.66553],[-98.15054,30.66365],[-98.15043,30.6632],[-98.14819,30.6585],[-98.13911,30.64923],[-98.14022,30.6474],[-98.14178,30.64697],[-98.1412,30.6461],[-98.14201,30.64449],[-98.14566,30.64625],[-98.14916,30.64022],[-98.15968,30.64502],[-98.16067,30.64454],[-98.16183,30.64343],[-98.16247,30.64325],[-98.16241,30.64285],[-98.16318,30.64196],[-98.16312,30.64106],[-98.16199,30.63946],[-98.16026,30.63779],[-98.16008,30.63671],[-98.16032,30.6362],[-98.16225,30.63556],[-98.16315,30.63469],[-98.16347,30.63396],[-98.16331,30.63107],[-98.16294,30.63013],[-98.16146,30.62942],[-98.15955,30.62795],[-98.15602,30.63006],[-98.1565,30.63132],[-98.15743,30.63199],[-98.15255,30.63299],[-98.15141,30.63386],[-98.15093,30.63471],[-98.15038,30.6349],[-98.14937,30.63476],[-98.14696,30.63347],[-98.1454,30.63315],[-98.14457,30.63336],[-98.14396,30.63505],[-98.14362,30.63521],[-98.13529,30.63188],[-98.13922,30.62656],[-98.12758,30.62021],[-98.13417,30.61138],[-98.12993,30.60898],[-98.11804,30.61687],[-98.10211,30.59575],[-98.10087,30.59616],[-98.09906,30.59789],[-98.09855,30.59931],[-98.09229,30.60388],[-98.08985,30.60545],[-98.08607,30.60695],[-98.08571,30.60744],[-98.08359,30.60867],[-98.07681,30.61822],[-98.0741,30.62057],[-98.07344,30.61995],[-98.07327,30.61901],[-98.07289,30.61877],[-98.06926,30.61927],[-98.06753,30.61869],[-98.06671,30.61871],[-98.06489,30.61692],[-98.06358,30.61746],[-98.06311,30.61702],[-98.0632,30.61397],[-98.06049,30.61263],[-98.0576,30.61217],[-98.05685,30.61217],[-98.05657,30.61241],[-98.05551,30.61471],[-98.05475,30.6151],[-98.04784,30.62868],[-98.03485,30.65111],[-98.03003,30.66018],[-98.03308,30.66261],[-98.03442,30.66317],[-98.04212,30.66303],[-98.04442,30.66255],[-98.04687,30.66414],[-98.05084,30.66951],[-98.05116,30.66974],[-98.05201,30.66969],[-98.05177,30.67051],[-98.05283,30.67308],[-98.05308,30.67629],[-98.05433,30.67842],[-98.05449,30.67984],[-98.05507,30.68068],[-98.05489,30.68222],[-98.05529,30.68293],[-98.05521,30.68385],[-98.0543,30.6858],[-98.05335,30.68593],[-98.05268,30.68566],[-98.05183,30.68602],[-98.05167,30.68719],[-98.05021,30.68896],[-98.05005,30.68967],[-98.05071,30.69065],[-98.05087,30.69208],[-98.0501,30.69322],[-98.04705,30.69574],[-98.04723,30.69668],[-98.04848,30.69739],[-98.04848,30.69778],[-98.04798,30.69817],[-98.04503,30.69838],[-98.04286,30.69902],[-98.04267,30.69932],[-98.03814,30.70005],[-98.0366,30.7031],[-98.03523,30.7039],[-98.03381,30.70379],[-98.0313,30.7026],[-98.0321,30.70366],[-98.03169,30.70446],[-98.03334,30.70541],[-98.03326,30.70624],[-98.03384,30.70676],[-98.03396,30.71157],[-98.03073,30.71131],[-98.02731,30.71172],[-98.02182,30.71305],[-98.01847,30.7133],[-98.01654,30.71297],[-98.00444,30.70837],[-97.9993,30.71756],[-97.98894,30.73749],[-97.98586,30.74249],[-97.98172,30.75017],[-97.97989,30.75478],[-97.96288,30.78575],[-97.95368,30.794],[-97.93317,30.81332],[-97.93006,30.81677],[-97.92657,30.81951],[-97.91176,30.83345],[-97.90364,30.83991],[-97.90613,30.84732],[-97.92129,30.88314],[-97.94372,30.87619],[-97.94686,30.87548],[-97.94749,30.87562],[-97.94903,30.87924],[-97.94978,30.87899],[-97.95113,30.87784],[-97.95236,30.87781],[-97.95329,30.87692],[-97.95536,30.87585],[-97.96112,30.87404],[-97.96267,30.87305],[-97.96365,30.87384],[-97.96792,30.87455],[-97.97232,30.87627],[-97.97249,30.87575],[-97.9731,30.87648],[-97.97312,30.87733],[-97.97251,30.87986],[-97.97283,30.88032],[-97.97456,30.88114],[-97.97498,30.88168],[-97.97486,30.88297],[-97.97399,30.88455],[-97.97393,30.8854],[-97.97446,30.88659],[-97.97648,30.88676],[-97.97831,30.88724],[-97.97913,30.88871],[-97.97894,30.89161],[-97.97963,30.89212],[-97.9804,30.8918],[-97.98138,30.89208],[-97.98301,30.89368],[-97.98383,30.89292],[-97.98399,30.89193],[-97.98594,30.89056],[-97.98596,30.88987],[-97.98687,30.88918],[-97.98896,30.88952],[-97.98879,30.89057],[-97.9911,30.89078],[-97.99331,30.89014],[-97.99493,30.89043],[-97.99721,30.88807],[-98.00032,30.88695],[-98.00413,30.8864],[-98.00814,30.88736],[-98.00835,30.88722],[-98.00819,30.88585],[-98.00896,30.88535],[-98.00912,30.88473],[-98.00788,30.88404],[-98.00753,30.8833],[-98.00918,30.88243],[-98.01016,30.88065],[-98.01261,30.88074],[-98.01298,30.88049],[-98.01306,30.87893],[-98.01221,30.8776],[-98.01303,30.87714],[-98.01354,30.876],[-98.01372,30.87516],[-98.01349,30.872],[-98.01591,30.86868],[-98.01646,30.86579],[-98.01838,30.8635],[-98.01857,30.86256],[-98.02614,30.86014],[-98.02756,30.85998],[-98.02746,30.86131],[-98.02687,30.8623],[-98.02642,30.86225],[-98.02643,30.86298],[-98.02598,30.86335],[-98.02614,30.86442],[-98.02545,30.86626],[-98.02439,30.86679],[-98.02403,30.86777],[-98.02335,30.86801],[-98.0232,30.86888],[-98.02293,30.86906],[-98.02269,30.86868],[-98.02218,30.8687],[-98.02277,30.87012],[-98.02245,30.87101],[-98.02314,30.872],[-98.02322,30.87337],[-98.02418,30.87456],[-98.02482,30.87615],[-98.02548,30.87663],[-98.02564,30.87748],[-98.02689,30.8792],[-98.02723,30.88035],[-98.02646,30.88314],[-98.02805,30.88573],[-98.02669,30.88864],[-98.02597,30.88938],[-98.02595,30.89013],[-98.02666,30.89187],[-98.0265,30.8935],[-98.02927,30.8957],[-98.02855,30.89738],[-98.02868,30.8976],[-98.02985,30.89832],[-98.03105,30.89767],[-98.03137,30.89882],[-98.03214,30.89962],[-98.0332,30.90024],[-98.03442,30.89998]]]}},
{"type":"Feature","properties":{"zipcode":"78606","city":"Blanco"},"geometry":{"type":"Polygon","coordinates":[[[-98.24993,30.19141],[-98.25682,30.19425],[-98.26091,30.19656],[-98.26511,30.19953],[-98.27128,30.20416],[-98.27393,30.2079],[-98.27751,30.20877],[-98.27978,30.20987],[-98.28296,30.21089],[-98.28541,30.21055],[-98.2848,30.20983],[-98.28455,30.20885],[-98.28546,30.20723],[-98.28368,30.20577],[-98.28272,30.20291],[-98.28201,30.20181],[-98.28238,30.20127],[-98.28267,30.19962],[-98.2849,30.19746],[-98.28441,30.19459],[-98.28447,30.19294],[-98.28499,30.19236],[-98.28557,30.19219],[-98.28886,30.19211],[-98.29036,30.19012],[-98.2889,30.18944],[-98.28847,30.18839],[-98.28987,30.18783],[-98.29037,30.1872],[-98.29133,30.18945],[-98.29178,30.18961],[-98.2927,30.18943],[-98.29307,30.18978],[-98.2931,30.19063],[-98.2941,30.19347],[-98.29421,30.19444],[-98.29392,30.19516],[-98.29444,30.19673],[-98.2961,30.19841],[-98.29869,30.20383],[-98.29936,30.20469],[-98.30012,30.20856],[-98.30392,30.20806],[-98.30637,30.2073],[-98.30986,30.20521],[-98.30914,30.20445],[-98.30914,30.20412],[-98.31112,30.20357],[-98.31311,30.20127],[-98.31286,30.20038],[-98.3115,30.19925],[-98.31453,30.19734],[-98.31516,30.19652],[-98.31451,30.19557],[-98.31203,30.19393],[-98.31245,30.19256],[-98.31383,30.19099],[-98.31447,30.18966],[-98.3146,30.1875],[-98.31352,30.1834],[-98.31396,30.18201],[-98.31215,30.1802],[-98.31203,30.17893],[-98.31034,30.17824],[-98.31038,30.17756],[-98.31056,30.17787],[-98.31204,30.17835],[-98.31373,30.17855],[-98.31596,30.17771],[-98.31669,30.17689],[-98.32004,30.17872],[-98.32835,30.1807],[-98.33224,30.18018],[-98.33239,30.18065],[-98.33301,30.18094],[-98.33595,30.18006],[-98.33645,30.17876],[-98.33705,30.1786],[-98.33817,30.1789],[-98.33768,30.18115],[-98.33783,30.18162],[-98.33835,30.18199],[-98.34015,30.18224],[-98.3408,30.18198],[-98.34172,30.18028],[-98.34311,30.17876],[-98.34437,30.17783],[-98.34524,30.17784],[-98.34824,30.17479],[-98.35249,30.17982],[-98.36089,30.17976],[-98.3603,30.18382],[-98.35967,30.18565],[-98.3608,30.18664],[-98.36282,30.18762],[-98.3628,30.1901],[-98.36343,30.19161],[-98.36393,30.19209],[-98.36337,30.19269],[-98.36379,30.19292],[-98.36434,30.19448],[-98.36404,30.19714],[-98.36468,30.19755],[-98.36653,30.19769],[-98.36643,30.19876],[-98.36672,30.19905],[-98.36633,30.20017],[-98.37373,30.20134],[-98.37543,30.20075],[-98.37595,30.2008],[-98.37642,30.20129],[-98.37696,30.20444],[-98.37792,30.20371],[-98.38163,30.20325],[-98.38395,30.20397],[-98.38528,30.20551],[-98.38767,30.20539],[-98.38907,30.20493],[-98.39391,30.20556],[-98.39823,30.20299],[-98.39994,30.20334],[-98.40109,30.20314],[-98.40009,30.20225],[-98.39969,30.20134],[-98.39727,30.20064],[-98.39628,30.20071],[-98.39604,30.20024],[-98.39665,30.19849],[-98.39775,30.19743],[-98.39748,30.19663],[-98.39661,30.19563],[-98.39726,30.19258],[-98.39935,30.1912],[-98.39963,30.18937],[-98.40009,30.18905],[-98.40281,30.18984],[-98.40344,30.19038],[-98.40282,30.19336],[-98.40344,30.19445],[-98.4036,30.1956],[-98.40277,30.19675],[-98.40372,30.19842],[-98.40336,30.19913],[-98.40363,30.2004],[-98.40451,30.20054],[-98.40602,30.20158],[-98.407,30.2019],[-98.4076,30.20178],[-98.40908,30.20053],[-98.4098,30.20032],[-98.41227,30.20043],[-98.41393,30.20008],[-98.41476,30.20057],[-98.41688,30.2001],[-98.4177,30.20051],[-98.41866,30.20165],[-98.42161,30.2007],[-98.42372,30.20132],[-98.42489,30.20057],[-98.42689,30.20063],[-98.43942,30.1907],[-98.44054,30.19041],[-98.44424,30.1882],[-98.44608,30.18823],[-98.45291,30.18718],[-98.45445,30.18737],[-98.45592,30.18632],[-98.45752,30.18454],[-98.46864,30.18148],[-98.46926,30.18169],[-98.47025,30.1811],[-98.47748,30.17907],[-98.49267,30.17165],[-98.50613,30.16563],[-98.51332,30.16527],[-98.51448,30.16477],[-98.51676,30.16499],[-98.5183,30.16343],[-98.51929,30.1631],[-98.52039,30.16226],[-98.52207,30.16172],[-98.5228,30.16191],[-98.52464,30.16352],[-98.52547,30.16373],[-98.5272,30.16296],[-98.5283,30.1628],[-98.52895,30.16134],[-98.52979,30.16109],[-98.53658,30.16141],[-98.53947,30.16123],[-98.54137,30.16065],[-98.54344,30.16134],[-98.54553,30.16101],[-98.5467,30.16127],[-98.54762,30.16119],[-98.54771,30.16021],[-98.55465,30.15973],[-98.55956,30.16007],[-98.56161,30.1606],[-98.56423,30.16305],[-98.56951,30.16557],[-98.57859,30.17163],[-98.58021,30.1733],[-98.58383,30.17603],[-98.58471,30.17708],[-98.58609,30.18027],[-98.58638,30.18472],[-98.58671,30.18527],[-98.58787,30.18598],[-98.5879,30.13895],[-98.58065,30.1304],[-98.58867,30.12698],[-98.59358,30.12405],[-98.60706,30.1192],[-98.61174,30.11816],[-98.61355,30.11687],[-98.62035,30.11438],[-98.62946,30.11184],[-98.63238,30.11185],[-98.63837,30.11383],[-98.64331,30.1139],[-98.64715,30.11325],[-98.65105,30.11406],[-98.6557,30.1142],[-98.6569,30.11275],[-98.65849,30.11289],[-98.65913,30.11195],[-98.66265,30.1088],[-98.66461,30.10797],[-98.66604,30.10798],[-98.66607,30.10761],[-98.66275,30.10641],[-98.65829,30.10747],[-98.65623,30.10651],[-98.64748,30.1045],[-98.64154,30.10726],[-98.63745,30.10747],[-98.63426,30.10631],[-98.63145,30.10601],[-98.62938,30.106],[-98.62512,30.10663],[-98.62391,30.10614],[-98.62239,30.10393],[-98.62231,30.10318],[-98.62323,30.1014],[-98.623,30.10091],[-98.62251,30.10069],[-98.61989,30.10133],[-98.61914,30.10245],[-98.61761,30.10344],[-98.61501,30.10318],[-98.61335,30.10358],[-98.60947,30.10593],[-98.60876,30.10536],[-98.6083,30.10439],[-98.6078,30.10055],[-98.60793,30.099],[-98.60738,30.09789],[-98.6069,30.09763],[-98.60592,30.09781],[-98.60257,30.09955],[-98.59684,30.10035],[-98.59538,30.10127],[-98.5923,30.10475],[-98.58992,30.105],[-98.5867,30.1048],[-98.58406,30.10409],[-98.57733,30.09802],[-98.56921,30.09727],[-98.56647,30.09833],[-98.5615,30.099],[-98.55818,30.10003],[-98.55763,30.09961],[-98.5537,30.09903],[-98.55043,30.09491],[-98.54486,30.0889],[-98.53888,30.08179],[-98.53243,30.07376],[-98.52967,30.07127],[-98.50349,30.04094],[-98.50122,30.04089],[-98.49802,30.03877],[-98.49649,30.04289],[-98.4957,30.04367],[-98.49173,30.04143],[-98.49353,30.04054],[-98.49424,30.03958],[-98.49678,30.03759],[-98.49657,30.03653],[-98.49682,30.03544],[-98.49817,30.0348],[-98.48055,30.01473],[-98.47966,30.01458],[-98.47759,30.01312],[-98.47509,30.01276],[-98.4745,30.01351],[-98.47407,30.01472],[-98.47235,30.01549],[-98.4644,30.01601],[-98.46275,30.01714],[-98.45955,30.01612],[-98.45537,30.014],[-98.4542,30.01379],[-98.45168,30.01387],[-98.44888,30.0125],[-98.44773,30.01245],[-98.44465,30.01155],[-98.44433,30.01157],[-98.44376,30.01223],[-98.44297,30.01217],[-98.44276,30.0118],[-98.44053,30.01088],[-98.43872,30.00955],[-98.43727,30.00917],[-98.43652,30.00786],[-98.43677,30.00616],[-98.43623,30.00492],[-98.43449,30.00473],[-98.43266,30.00547],[-98.43162,30.00455],[-98.42802,30.0041],[-98.425,30.00276],[-98.42295,30.00082],[-98.42263,30.00017],[-98.42012,29.99826],[-98.41907,29.99781],[-98.41789,29.99793],[-98.41616,29.9998],[-98.41368,30.00128],[-98.41229,30.00139],[-98.41118,30.00098],[-98.40553,30.00111],[-98.40557,29.99792],[-98.40685,29.99295],[-98.40592,29.99418],[-98.40478,29.99437],[-98.40319,29.99377],[-98.40191,29.99385],[-98.40101,29.99357],[-98.39994,29.99382],[-98.39542,29.99387],[-98.39368,29.99341],[-98.39315,29.99359],[-98.3923,29.99328],[-98.38858,29.99348],[-98.38593,29.99294],[-98.38293,29.99391],[-98.38245,29.99466],[-98.3781,29.99701],[-98.37638,29.99703],[-98.37388,29.99661],[-98.37186,29.99729],[-98.368,30.00009],[-98.36722,29.99872],[-98.36715,29.99785],[-98.3659,29.99649],[-98.36497,29.99413],[-98.36442,29.99355],[-98.36297,29.99307],[-98.36099,29.99174],[-98.36002,29.99047],[-98.35849,29.99009],[-98.35868,29.98918],[-98.35832,29.98852],[-98.35731,29.988],[-98.35642,29.98707],[-98.32496,30.01421],[-98.32091,30.01022],[-98.31126,30.00285],[-98.31272,30.00232],[-98.31319,30.00186],[-98.3134,29.99595],[-98.31321,29.99606],[-98.3131,29.99577],[-98.31329,29.99479],[-98.31239,29.99344],[-98.31211,29.99211],[-98.3127,29.99217],[-98.30852,29.98364],[-98.3106,29.98094],[-98.30928,29.98142],[-98.30853,29.9813],[-98.30679,29.98166],[-98.30564,29.98147],[-98.30339,29.98279],[-98.30166,29.98317],[-98.30121,29.98297],[-98.30016,29.98313],[-98.29827,29.98114],[-98.29724,29.9813],[-98.29684,29.98074],[-98.29565,29.98056],[-98.2948,29.97954],[-98.29366,29.97917],[-98.29186,29.97998],[-98.29123,29.98058],[-98.29391,29.98144],[-98.29607,29.98281],[-98.29483,29.98274],[-98.2946,29.98383],[-98.29495,29.9848],[-98.29582,29.9856],[-98.29572,29.98654],[-98.29435,29.98673],[-98.29371,29.98735],[-98.30222,29.99171],[-98.30456,29.99395],[-98.30444,29.99261],[-98.30337,29.99031],[-98.30626,29.991],[-98.30716,29.9905],[-98.30853,29.99066],[-98.30745,29.99453],[-98.30782,29.99583],[-98.30869,29.99631],[-98.30972,29.9956],[-98.31035,29.99549],[-98.31083,29.99573],[-98.30879,29.99787],[-98.30858,29.99897],[-98.30803,29.99923],[-98.30882,30.00042],[-98.3042,29.999],[-98.30456,30.00039],[-98.30628,30.00364],[-98.30779,30.00428],[-98.29914,30.00431],[-98.29893,30.00603],[-98.29583,30.00618],[-98.29196,30.00896],[-98.29016,30.00957],[-98.28749,30.00921],[-98.28641,30.00865],[-98.2852,30.0084],[-98.28422,30.00847],[-98.2823,30.00793],[-98.2816,30.00804],[-98.2794,30.00932],[-98.27769,30.00952],[-98.27709,30.00991],[-98.27666,30.0106],[-98.2767,30.01306],[-98.27625,30.01376],[-98.27312,30.0155],[-98.2714,30.01583],[-98.27132,30.01677],[-98.26995,30.01786],[-98.27045,30.01887],[-98.29758,30.03801],[-98.28721,30.06475],[-98.29566,30.06707],[-98.29485,30.06913],[-98.2963,30.06969],[-98.29252,30.07933],[-98.29179,30.0841],[-98.28976,30.08361],[-98.28761,30.08383],[-98.28656,30.08614],[-98.2849,30.08724],[-98.28394,30.08733],[-98.28201,30.08694],[-98.27948,30.0846],[-98.27085,30.10674],[-98.27309,30.10836],[-98.27664,30.10937],[-98.28194,30.11162],[-98.30224,30.11336],[-98.30091,30.11503],[-98.30083,30.11594],[-98.30015,30.11683],[-98.30042,30.11786],[-98.30008,30.1195],[-98.29882,30.12087],[-98.29881,30.12221],[-98.2977,30.12371],[-98.29595,30.12541],[-98.28696,30.13188],[-98.28937,30.13184],[-98.29078,30.13138],[-98.29066,30.13299],[-98.2913,30.13341],[-98.29117,30.13591],[-98.29176,30.13728],[-98.29173,30.13802],[-98.29236,30.1391],[-98.29082,30.14115],[-98.28901,30.1449],[-98.28671,30.14724],[-98.28724,30.14838],[-98.28679,30.15012],[-98.28493,30.15116],[-98.28418,30.15337],[-98.28338,30.15445],[-98.28043,30.15383],[-98.27937,30.15531],[-98.27903,30.15623],[-98.27992,30.15609],[-98.27974,30.16095],[-98.27922,30.16093],[-98.2779,30.15961],[-98.27721,30.15985],[-98.27645,30.1609],[-98.27594,30.16107],[-98.27457,30.15995],[-98.27272,30.15927],[-98.26732,30.15998],[-98.26562,30.16061],[-98.26422,30.16052],[-98.26503,30.16226],[-98.26174,30.17658],[-98.2632,30.18041],[-98.26402,30.18101],[-98.26466,30.182],[-98.26426,30.18284],[-98.26176,30.18308],[-98.26161,30.18223],[-98.25922,30.18141],[-98.25898,30.18075],[-98.25808,30.18021],[-98.25825,30.17961],[-98.25794,30.1787],[-98.25624,30.17786],[-98.25614,30.17706],[-98.25535,30.17606],[-98.25257,30.17623],[-98.25044,30.17603],[-98.24962,30.17632],[-98.24464,30.17322],[-98.2408,30.18317],[-98.23636,30.1934],[-98.24239,30.19475],[-98.248,30.19521],[-98.24747,30.19236],[-98.24791,30.19164],[-98.24852,30.19138],[-98.24993,30.19141]]]}},
{"type":"Feature","properties":{"zipcode":"78607","city":"Bluffton"},"geometry":{"type":"Polygon","coordinates":[[[-98.5504,30.88274],[-98.55037,30.88434],[-98.5512,30.88516],[-98.55405,30.88146],[-98.55401,30.88028],[-98.55297,30.87923],[-98.55184,30.87732],[-98.55171,30.87648],[-98.55042,30.87498],[-98.55156,30.87319],[-98.55149,30.87267],[-98.55108,30.87231],[-98.5514,30.871],[-98.55127,30.86935],[-98.55181,30.86839],[-98.55263,30.868],[-98.55241,30.86732],[-98.55354,30.86657],[-98.55364,30.8624],[-98.55476,30.85837],[-98.5549,30.85384],[-98.55654,30.85375],[-98.56025,30.8525],[-98.56247,30.8477],[-98.56357,30.84653],[-98.56519,30.84572],[-98.57075,30.84401],[-98.57374,30.84139],[-98.57656,30.84062],[-98.57651,30.83701],[-98.57736,30.83536],[-98.57727,30.82131],[-98.57691,30.82104],[-98.57483,30.821],[-98.57431,30.82065],[-98.57391,30.81423],[-98.5717,30.81584],[-98.56356,30.82043],[-98.5615,30.82103],[-98.49212,30.82062],[-98.48782,30.82147],[-98.48467,30.81767],[-98.4833,30.8169],[-98.48121,30.81689],[-98.4802,30.81648],[-98.47839,30.81654],[-98.47529,30.81525],[-98.47323,30.81545],[-98.47293,30.8158],[-98.47063,30.81573],[-98.46839,30.81661],[-98.46732,30.81644],[-98.46771,30.81578],[-98.46879,30.81541],[-98.46806,30.81488],[-98.46924,30.81457],[-98.46852,30.81337],[-98.46719,30.81263],[-98.46618,30.8116],[-98.46405,30.81143],[-98.46423,30.81072],[-98.46352,30.81001],[-98.46224,30.80943],[-98.46134,30.80943],[-98.4607,30.80891],[-98.45754,30.80816],[-98.45722,30.80747],[-98.45779,30.80681],[-98.45753,30.80535],[-98.45682,30.80531],[-98.4563,30.80573],[-98.45597,30.80568],[-98.4555,30.80462],[-98.45489,30.80432],[-98.4541,30.80222],[-98.45281,30.80142],[-98.45167,30.80132],[-98.45099,30.80179],[-98.45085,30.80248],[-98.45194,30.8041],[-98.45179,30.80625],[-98.45151,30.80644],[-98.44988,30.80508],[-98.44777,30.80575],[-98.44735,30.80562],[-98.44719,30.80516],[-98.44614,30.80464],[-98.44619,30.80421],[-98.44684,30.80394],[-98.44682,30.80371],[-98.44597,30.8033],[-98.446,30.80269],[-98.44568,30.80246],[-98.44266,30.80338],[-98.44266,30.80422],[-98.44224,30.8045],[-98.4423,30.80568],[-98.44338,30.80672],[-98.44315,30.80797],[-98.44458,30.80758],[-98.44594,30.80824],[-98.44708,30.8104],[-98.44796,30.81099],[-98.44719,30.81138],[-98.44395,30.81191],[-98.44371,30.81232],[-98.44517,30.81264],[-98.44581,30.81319],[-98.44581,30.81363],[-98.44511,30.81425],[-98.44506,30.81468],[-98.44591,30.81604],[-98.44777,30.81725],[-98.44774,30.81782],[-98.44658,30.81746],[-98.44612,30.81753],[-98.44602,30.81792],[-98.44562,30.81787],[-98.44448,30.81709],[-98.44392,30.81711],[-98.4432,30.81773],[-98.44227,30.81764],[-98.44193,30.81737],[-98.44057,30.81755],[-98.43986,30.81675],[-98.4393,30.81714],[-98.43943,30.81785],[-98.44007,30.81847],[-98.44012,30.81922],[-98.43949,30.82037],[-98.4397,30.82074],[-98.44055,30.82051],[-98.44079,30.82074],[-98.44057,30.82252],[-98.44134,30.82213],[-98.44214,30.82213],[-98.44225,30.82303],[-98.44312,30.82367],[-98.44288,30.82424],[-98.44137,30.82475],[-98.44137,30.82579],[-98.44299,30.82481],[-98.44383,30.82515],[-98.44538,30.82499],[-98.44824,30.82617],[-98.44864,30.82725],[-98.44972,30.8282],[-98.44991,30.82916],[-98.44949,30.82948],[-98.44784,30.8291],[-98.44797,30.82973],[-98.44884,30.83055],[-98.44876,30.83091],[-98.44782,30.83082],[-98.44622,30.82904],[-98.44519,30.82889],[-98.44494,30.8291],[-98.44495,30.82876],[-98.44447,30.82836],[-98.44196,30.82952],[-98.44206,30.83003],[-98.44308,30.8309],[-98.44332,30.83366],[-98.44302,30.83373],[-98.44036,30.83151],[-98.43934,30.83163],[-98.43831,30.83123],[-98.43766,30.8313],[-98.43678,30.83015],[-98.43614,30.83034],[-98.43614,30.83139],[-98.43591,30.83159],[-98.4334,30.83195],[-98.43136,30.83182],[-98.43099,30.83164],[-98.43107,30.83065],[-98.4307,30.83018],[-98.42914,30.83078],[-98.42832,30.8306],[-98.42702,30.82924],[-98.42269,30.82882],[-98.42139,30.82828],[-98.42166,30.82662],[-98.42109,30.82624],[-98.42109,30.82595],[-98.4222,30.82556],[-98.42216,30.82499],[-98.42109,30.82441],[-98.42105,30.8237],[-98.42146,30.82289],[-98.42046,30.82165],[-98.41995,30.82147],[-98.41921,30.82153],[-98.41789,30.82217],[-98.41759,30.82295],[-98.41782,30.82401],[-98.41617,30.82518],[-98.4172,30.82589],[-98.41752,30.82678],[-98.41796,30.82702],[-98.41655,30.82752],[-98.41619,30.82809],[-98.41629,30.82886],[-98.41456,30.82873],[-98.41429,30.82906],[-98.41341,30.82891],[-98.41302,30.82925],[-98.41376,30.8298],[-98.41413,30.83048],[-98.41472,30.8305],[-98.41519,30.82963],[-98.41713,30.82996],[-98.41741,30.82898],[-98.41817,30.82878],[-98.41873,30.82798],[-98.41935,30.82811],[-98.42015,30.82767],[-98.42195,30.82973],[-98.4238,30.82987],[-98.42558,30.82953],[-98.42727,30.83001],[-98.42788,30.83099],[-98.4288,30.83152],[-98.42899,30.83246],[-98.43036,30.83335],[-98.43277,30.83251],[-98.43349,30.83267],[-98.435,30.83412],[-98.43443,30.83561],[-98.43448,30.83623],[-98.43599,30.83671],[-98.43623,30.83836],[-98.43699,30.83912],[-98.43636,30.83992],[-98.43646,30.84109],[-98.43681,30.8415],[-98.4394,30.84254],[-98.44008,30.84247],[-98.44083,30.84186],[-98.44132,30.84188],[-98.44178,30.84218],[-98.44197,30.84295],[-98.44294,30.84266],[-98.4438,30.84287],[-98.44335,30.84357],[-98.44335,30.84413],[-98.4417,30.84479],[-98.44242,30.84643],[-98.44276,30.84531],[-98.44497,30.8456],[-98.4485,30.8456],[-98.4493,30.84265],[-98.44872,30.84158],[-98.44933,30.8415],[-98.44967,30.8411],[-98.44984,30.83943],[-98.45021,30.83874],[-98.45149,30.8388],[-98.45313,30.83726],[-98.45374,30.83627],[-98.45445,30.83598],[-98.45504,30.83524],[-98.45526,30.8324],[-98.45485,30.83185],[-98.45504,30.83138],[-98.45668,30.83035],[-98.45758,30.82901],[-98.45909,30.82819],[-98.45982,30.82722],[-98.46129,30.82756],[-98.46445,30.82666],[-98.46476,30.82684],[-98.4649,30.82785],[-98.46596,30.8281],[-98.46904,30.8307],[-98.4703,30.83277],[-98.47406,30.83495],[-98.47473,30.83694],[-98.47619,30.83852],[-98.47774,30.84277],[-98.47845,30.84297],[-98.47902,30.84383],[-98.47861,30.84634],[-98.47888,30.84654],[-98.48013,30.84635],[-98.48163,30.84732],[-98.48261,30.84713],[-98.48307,30.84733],[-98.48391,30.84687],[-98.48477,30.84723],[-98.48505,30.84863],[-98.48399,30.84919],[-98.48404,30.85022],[-98.48479,30.85019],[-98.49028,30.84561],[-98.49129,30.84402],[-98.49173,30.84545],[-98.50076,30.85023],[-98.50369,30.85441],[-98.50726,30.85716],[-98.50918,30.8578],[-98.51142,30.85777],[-98.51258,30.8583],[-98.51426,30.86056],[-98.51504,30.8609],[-98.51643,30.86216],[-98.51718,30.8647],[-98.51809,30.86556],[-98.51943,30.86607],[-98.52297,30.86617],[-98.52533,30.86553],[-98.52744,30.86591],[-98.5293,30.86516],[-98.52997,30.86514],[-98.53123,30.86679],[-98.53171,30.86704],[-98.53257,30.86675],[-98.53339,30.86607],[-98.53317,30.86468],[-98.53337,30.86481],[-98.53369,30.86651],[-98.53476,30.868],[-98.53588,30.86932],[-98.53657,30.86961],[-98.53834,30.87115],[-98.5383,30.87247],[-98.53874,30.87432],[-98.53847,30.87486],[-98.53919,30.8789],[-98.53917,30.88052],[-98.53967,30.88098],[-98.54233,30.88128],[-98.54294,30.8811],[-98.54331,30.88064],[-98.54379,30.88062],[-98.54541,30.88151],[-98.54626,30.8812],[-98.54915,30.88232],[-98.54977,30.88225],[-98.5504,30.88274]]]}},
{"type":"Feature","properties":{"zipcode":"78608","city":"Briggs"},"geometry":{"type":"Polygon","coordinates":[[[-97.88704,31.00227],[-97.88993,31.0061],[-97.89955,31.00314],[-97.90142,31.00185],[-97.90345,31.00223],[-97.90867,31.00436],[-97.9092,31.00433],[-97.91145,31.00091],[-97.91168,30.99981],[-97.91226,30.99976],[-97.9121,30.99913],[-97.91603,30.99783],[-97.91787,30.99638],[-97.91807,30.99646],[-97.91972,30.9919],[-97.9202,30.98341],[-97.91984,30.98128],[-97.92028,30.98134],[-97.92125,30.98334],[-97.92326,30.98578],[-97.92386,30.98633],[-97.92482,30.98643],[-97.92918,30.98376],[-97.93277,30.9807],[-97.93442,30.97705],[-97.93625,30.97515],[-97.93704,30.97469],[-97.93839,30.97439],[-97.93921,30.97488],[-97.93953,30.97558],[-97.94014,30.97597],[-97.94181,30.97576],[-97.94351,30.97611],[-97.94471,30.97588],[-97.94902,30.97741],[-97.94829,30.97419],[-97.94871,30.97245],[-97.94982,30.9711],[-97.95016,30.97015],[-97.95629,30.96217],[-97.96399,30.98002],[-97.97604,30.97624],[-97.97636,30.97599],[-97.97612,30.97445],[-97.97449,30.97272],[-97.97584,30.97282],[-97.97672,30.97335],[-97.97646,30.97488],[-97.97693,30.97531],[-97.97999,30.97515],[-97.98089,30.97604],[-97.98395,30.97728],[-97.98498,30.9773],[-97.98597,30.97652],[-97.9865,30.97524],[-97.9896,30.97572],[-97.99215,30.97482],[-97.99353,30.97347],[-97.99468,30.974],[-97.9959,30.97342],[-97.99755,30.97427],[-97.99848,30.9742],[-98.00031,30.97255],[-98.00262,30.9723],[-98.0045,30.97162],[-98.00421,30.96876],[-98.02171,30.96341],[-98.02469,30.96315],[-98.03097,30.96423],[-98.03637,30.9633],[-98.04515,30.96043],[-98.03625,30.95315],[-98.0307,30.94994],[-98.02954,30.94847],[-98.02558,30.94142],[-98.02427,30.93987],[-98.02012,30.93672],[-98.01446,30.93429],[-98.01587,30.93239],[-98.02456,30.92679],[-98.03073,30.9195],[-98.0358,30.91262],[-98.03935,30.90909],[-98.04057,30.90726],[-98.03805,30.90759],[-98.03716,30.90625],[-98.03799,30.90434],[-98.03548,30.90212],[-98.03525,30.90045],[-98.03418,30.89993],[-98.0332,30.90024],[-98.03214,30.89962],[-98.03137,30.89882],[-98.03105,30.89767],[-98.02985,30.89832],[-98.02868,30.8976],[-98.02855,30.89738],[-98.02927,30.8957],[-98.0265,30.8935],[-98.02666,30.89187],[-98.02595,30.89013],[-98.02597,30.88938],[-98.02669,30.88864],[-98.02805,30.88573],[-98.02646,30.88314],[-98.02723,30.88035],[-98.02689,30.8792],[-98.02564,30.87748],[-98.02548,30.87663],[-98.02482,30.87615],[-98.02418,30.87456],[-98.02322,30.87337],[-98.02314,30.872],[-98.02245,30.87101],[-98.02277,30.87012],[-98.02218,30.8687],[-98.02269,30.86868],[-98.02293,30.86906],[-98.0232,30.86888],[-98.02335,30.86801],[-98.02403,30.86777],[-98.02439,30.86679],[-98.02545,30.86626],[-98.02614,30.86442],[-98.02598,30.86335],[-98.02643,30.86298],[-98.02642,30.86225],[-98.02687,30.8623],[-98.02746,30.86131],[-98.02756,30.85998],[-98.02614,30.86014],[-98.01857,30.86256],[-98.01838,30.8635],[-98.01646,30.86579],[-98.01591,30.86868],[-98.01349,30.872],[-98.01372,30.87516],[-98.01354,30.876],[-98.01303,30.87714],[-98.01221,30.8776],[-98.01306,30.87893],[-98.01298,30.88049],[-98.01261,30.88074],[-98.01016,30.88065],[-98.00918,30.88243],[-98.00753,30.8833],[-98.00788,30.88404],[-98.00912,30.88473],[-98.00896,30.88535],[-98.00819,30.88585],[-98.00835,30.88722],[-98.00814,30.88736],[-98.00413,30.8864],[-98.00032,30.88695],[-97.99721,30.88807],[-97.99493,30.89043],[-97.99331,30.89014],[-97.9911,30.89078],[-97.98879,30.89057],[-97.98896,30.88952],[-97.98687,30.88918],[-97.98596,30.88987],[-97.98594,30.89056],[-97.98399,30.89193],[-97.98383,30.89292],[-97.98301,30.89368],[-97.98138,30.89208],[-97.9804,30.8918],[-97.97963,30.89212],[-97.97894,30.89161],[-97.97913,30.88871],[-97.97831,30.88724],[-97.97648,30.88676],[-97.97446,30.88659],[-97.97393,30.8854],[-97.97399,30.88455],[-97.97486,30.88297],[-97.97498,30.88168],[-97.97456,30.88114],[-97.97283,30.88032],[-97.97251,30.87986],[-97.97312,30.87733],[-97.9731,30.87648],[-97.97249,30.87575],[-97.97232,30.87627],[-97.96792,30.87455],[-97.96365,30.87384],[-97.96267,30.87305],[-97.96112,30.87404],[-97.95536,30.87585],[-97.95329,30.87692],[-97.95236,30.87781],[-97.95113,30.87784],[-97.94978,30.87899],[-97.94903,30.87924],[-97.94749,30.87562],[-97.94686,30.87548],[-97.94372,30.87619],[-97.92129,30.88314],[-97.90613,30.84732],[-97.90364,30.83991],[-97.88188,30.86097],[-97.8775,30.86668],[-97.87775,30.86668],[-97.8758,30.86828],[-97.87172,30.8707],[-97.87079,30.87157],[-97.87088,30.87189],[-97.87168,30.87212],[-97.87389,30.87225],[-97.87532,30.87333],[-97.87572,30.87394],[-97.87605,30.87645],[-97.87717,30.87716],[-97.87724,30.87872],[-97.87791,30.87939],[-97.8783,30.88163],[-97.87945,30.88262],[-97.87834,30.88433],[-97.87845,30.88518],[-97.87818,30.88585],[-97.8771,30.88699],[-97.87678,30.88812],[-97.87654,30.8883],[-97.87569,30.88814],[-97.87393,30.88931],[-97.87414,30.89126],[-97.87335,30.89256],[-97.87348,30.89401],[-97.8725,30.89593],[-97.87258,30.89721],[-97.87454,30.89952],[-97.87443,30.90041],[-97.87381,30.89994],[-97.87232,30.90038],[-97.8712,30.89992],[-97.8694,30.90056],[-97.86891,30.90139],[-97.86632,30.89757],[-97.86986,30.90587],[-97.87071,30.90625],[-97.87227,30.90824],[-97.87456,30.90781],[-97.87531,30.90823],[-97.87454,30.90944],[-97.87406,30.91092],[-97.87338,30.91106],[-97.87243,30.91218],[-97.87306,30.9151],[-97.87306,30.91588],[-97.87264,30.91645],[-97.87059,30.91698],[-97.8691,30.91689],[-97.86792,30.91645],[-97.86627,30.91688],[-97.86598,30.91739],[-97.86609,30.91812],[-97.8668,30.92028],[-97.86754,30.92093],[-97.86441,30.92275],[-97.86158,30.92294],[-97.8616,30.92204],[-97.86083,30.92067],[-97.85794,30.91799],[-97.85772,30.91645],[-97.85698,30.91513],[-97.85695,30.91107],[-97.85664,30.91036],[-97.85493,30.9086],[-97.85547,30.90633],[-97.85493,30.90406],[-97.85499,30.90241],[-97.8539,30.90126],[-97.85371,30.90005],[-97.85318,30.8992],[-97.85312,30.89863],[-97.85392,30.89751],[-97.85384,30.89716],[-97.85176,30.89456],[-97.85165,30.89401],[-97.85216,30.89261],[-97.85085,30.8916],[-97.85059,30.89032],[-97.82993,30.90949],[-97.84044,30.92918],[-97.84033,30.9294],[-97.85445,30.95209],[-97.87349,30.98076],[-97.89891,30.97057],[-97.90015,30.96999],[-97.90115,30.96886],[-97.90391,30.96739],[-97.9047,30.96645],[-97.90612,30.96664],[-97.90759,30.96589],[-97.90992,30.96957],[-97.91376,30.97355],[-97.90325,30.99051],[-97.90163,30.99039],[-97.90038,30.99081],[-97.89697,30.99399],[-97.89652,30.99482],[-97.89649,30.99637],[-97.89471,31.00018],[-97.89175,31.00163],[-97.88792,31.00181],[-97.88704,31.00227]]]}},
{"type":"Feature","properties":{"zipcode":"78609","city":"Buchanan Dam"},"geometry":{"type":"Polygon","coordinates":[[[-98.44779,30.82925],[-98.44983,30.8294],[-98.44972,30.8282],[-98.44864,30.82725],[-98.44824,30.82617],[-98.4475,30.82571],[-98.44538,30.82499],[-98.44383,30.82515],[-98.44299,30.82481],[-98.44137,30.82579],[-98.44137,30.82475],[-98.44288,30.82424],[-98.44312,30.82367],[-98.44225,30.82303],[-98.44214,30.82213],[-98.44134,30.82213],[-98.44057,30.82252],[-98.44079,30.82074],[-98.44055,30.82051],[-98.4397,30.82074],[-98.43949,30.82037],[-98.44012,30.81922],[-98.44007,30.81847],[-98.43943,30.81785],[-98.4393,30.81714],[-98.43986,30.81675],[-98.44057,30.81755],[-98.44193,30.81737],[-98.44227,30.81764],[-98.4432,30.81773],[-98.44392,30.81711],[-98.44448,30.81709],[-98.44562,30.81787],[-98.44602,30.81792],[-98.44612,30.81753],[-98.44658,30.81746],[-98.44774,30.81782],[-98.44777,30.81725],[-98.44591,30.81604],[-98.44506,30.81468],[-98.44511,30.81425],[-98.44581,30.81363],[-98.44581,30.81319],[-98.44517,30.81264],[-98.44371,30.81232],[-98.44395,30.81191],[-98.44719,30.81138],[-98.44796,30.81099],[-98.44708,30.8104],[-98.44594,30.80824],[-98.44458,30.80758],[-98.44315,30.80797],[-98.44338,30.80672],[-98.4423,30.80568],[-98.44224,30.8045],[-98.44266,30.80422],[-98.44266,30.80338],[-98.44568,30.80246],[-98.446,30.80269],[-98.44597,30.8033],[-98.44682,30.80371],[-98.44684,30.80394],[-98.44619,30.80421],[-98.44614,30.80464],[-98.44719,30.80516],[-98.44735,30.80562],[-98.44777,30.80575],[-98.44988,30.80508],[-98.45151,30.80644],[-98.45179,30.80625],[-98.45194,30.8041],[-98.45085,30.80248],[-98.45099,30.80179],[-98.45167,30.80132],[-98.45281,30.80142],[-98.4541,30.80222],[-98.45489,30.80432],[-98.4555,30.80462],[-98.45597,30.80568],[-98.4563,30.80573],[-98.45682,30.80531],[-98.45753,30.80535],[-98.45779,30.80681],[-98.45722,30.80747],[-98.45754,30.80816],[-98.4607,30.80891],[-98.46134,30.80943],[-98.46224,30.80943],[-98.46352,30.81001],[-98.46423,30.81072],[-98.46405,30.81143],[-98.46618,30.8116],[-98.46719,30.81263],[-98.46852,30.81337],[-98.46924,30.81457],[-98.46806,30.81488],[-98.46879,30.81541],[-98.46771,30.81578],[-98.46732,30.81644],[-98.46839,30.81661],[-98.47063,30.81573],[-98.47293,30.8158],[-98.47323,30.81545],[-98.47529,30.81525],[-98.47839,30.81654],[-98.4802,30.81648],[-98.48121,30.81689],[-98.4833,30.8169],[-98.48467,30.81767],[-98.48782,30.82147],[-98.49212,30.82062],[-98.5615,30.82103],[-98.56356,30.82043],[-98.5717,30.81584],[-98.57538,30.81306],[-98.57518,30.81135],[-98.56843,30.81129],[-98.56739,30.80991],[-98.5661,30.80708],[-98.56372,30.80567],[-98.56369,30.80361],[-98.56251,30.80369],[-98.56179,30.80438],[-98.56025,30.80323],[-98.55849,30.80081],[-98.55669,30.79686],[-98.54981,30.78811],[-98.5499,30.7875],[-98.55133,30.78585],[-98.55731,30.78007],[-98.55747,30.77914],[-98.55691,30.77711],[-98.54721,30.7696],[-98.53497,30.76282],[-98.53429,30.76327],[-98.53351,30.76327],[-98.53046,30.76281],[-98.52741,30.76197],[-98.51457,30.76123],[-98.51541,30.74564],[-98.51116,30.74476],[-98.50891,30.74472],[-98.50513,30.74575],[-98.50182,30.74554],[-98.50255,30.74356],[-98.50231,30.74222],[-98.50294,30.74092],[-98.50294,30.73902],[-98.50334,30.7379],[-98.50348,30.73597],[-98.5051,30.73466],[-98.50655,30.73389],[-98.50709,30.73281],[-98.50412,30.73256],[-98.50378,30.73172],[-98.50261,30.73159],[-98.50187,30.73121],[-98.50073,30.73006],[-98.50035,30.72693],[-98.4997,30.72594],[-98.49911,30.7234],[-98.50138,30.71894],[-98.50151,30.71794],[-98.50226,30.71765],[-98.50252,30.715],[-98.50196,30.71447],[-98.50705,30.70614],[-98.50034,30.70324],[-98.48802,30.70286],[-98.48429,30.70345],[-98.4831,30.70276],[-98.48039,30.70308],[-98.47789,30.70202],[-98.47687,30.70086],[-98.47639,30.70094],[-98.47512,30.69976],[-98.47442,30.70001],[-98.47355,30.69909],[-98.47316,30.69845],[-98.47301,30.69731],[-98.4735,30.69652],[-98.47302,30.69563],[-98.47373,30.69411],[-98.47307,30.69431],[-98.47277,30.69396],[-98.47265,30.6933],[-98.47318,30.69229],[-98.47228,30.69209],[-98.4717,30.69151],[-98.47008,30.69275],[-98.46958,30.69367],[-98.46749,30.69451],[-98.46763,30.695],[-98.46714,30.69587],[-98.4663,30.69621],[-98.46496,30.69654],[-98.46383,30.69583],[-98.46348,30.69611],[-98.46115,30.69584],[-98.46138,30.69661],[-98.46098,30.69667],[-98.45851,30.69473],[-98.45699,30.69483],[-98.44973,30.69897],[-98.44599,30.70149],[-98.44583,30.70235],[-98.44217,30.70615],[-98.44231,30.70871],[-98.44184,30.71019],[-98.44194,30.71127],[-98.4414,30.71236],[-98.43946,30.71232],[-98.43853,30.71163],[-98.43853,30.71102],[-98.43795,30.71102],[-98.43839,30.7127],[-98.44028,30.71412],[-98.43992,30.71994],[-98.43877,30.71902],[-98.43769,30.71929],[-98.43216,30.71852],[-98.42948,30.71953],[-98.42813,30.71921],[-98.42677,30.71847],[-98.4257,30.71977],[-98.42442,30.72026],[-98.42376,30.71994],[-98.42307,30.71857],[-98.4222,30.71788],[-98.41941,30.71768],[-98.4178,30.71794],[-98.41678,30.71774],[-98.41592,30.71705],[-98.41407,30.71714],[-98.4136,30.71683],[-98.41228,30.7172],[-98.41208,30.71841],[-98.40939,30.72069],[-98.40691,30.7208],[-98.40459,30.7224],[-98.40326,30.72274],[-98.39905,30.72278],[-98.3982,30.72345],[-98.39678,30.72356],[-98.39648,30.72639],[-98.39834,30.72921],[-98.39841,30.72992],[-98.39716,30.73254],[-98.39554,30.73476],[-98.39228,30.73783],[-98.39085,30.73798],[-98.39015,30.73941],[-98.38922,30.74028],[-98.38919,30.74112],[-98.38831,30.74294],[-98.38906,30.74429],[-98.38984,30.74461],[-98.39473,30.74502],[-98.39831,30.74662],[-98.40409,30.74728],[-98.40421,30.74768],[-98.39717,30.74889],[-98.4002,30.75092],[-98.40185,30.7508],[-98.40585,30.75166],[-98.40798,30.75181],[-98.41183,30.75161],[-98.41477,30.75205],[-98.42003,30.75113],[-98.42208,30.75043],[-98.42368,30.75037],[-98.42636,30.75137],[-98.4285,30.75356],[-98.4302,30.75671],[-98.43064,30.75886],[-98.42971,30.76389],[-98.42599,30.76911],[-98.42301,30.77237],[-98.42247,30.77562],[-98.42411,30.77806],[-98.43176,30.78499],[-98.43264,30.78826],[-98.432,30.79043],[-98.42835,30.79417],[-98.42505,30.79566],[-98.42048,30.79544],[-98.41515,30.79398],[-98.41338,30.79455],[-98.41066,30.79766],[-98.40913,30.80224],[-98.40886,30.80738],[-98.40516,30.81582],[-98.44779,30.82925]]]}},
{"type":"Feature","properties":{"zipcode":"78611","city":"Burnet"},"geometry":{"type":"Polygon","coordinates":[[[-98.38082,30.92018],[-98.38177,30.92249],[-98.38307,30.92838],[-98.38666,30.9263],[-98.39134,30.92463],[-98.39323,30.92431],[-98.39514,30.92263],[-98.39589,30.92108],[-98.39671,30.92018],[-98.39732,30.91972],[-98.39832,30.91951],[-98.40356,30.92225],[-98.40657,30.92222],[-98.40712,30.92356],[-98.40791,30.92369],[-98.40948,30.92458],[-98.41063,30.92601],[-98.41126,30.92572],[-98.41197,30.9259],[-98.41245,30.92673],[-98.41523,30.92821],[-98.41524,30.92775],[-98.41777,30.92784],[-98.41961,30.92535],[-98.42088,30.92465],[-98.42233,30.92426],[-98.42921,30.92643],[-98.43513,30.9271],[-98.44021,30.92652],[-98.4419,30.92586],[-98.4446,30.92311],[-98.44641,30.92016],[-98.44756,30.91625],[-98.44896,30.90946],[-98.4495,30.90558],[-98.44952,30.89775],[-98.44861,30.89348],[-98.44865,30.89085],[-98.45036,30.88887],[-98.45495,30.88541],[-98.45682,30.88282],[-98.45762,30.88035],[-98.45746,30.8789],[-98.45591,30.87598],[-98.45249,30.87231],[-98.44787,30.87039],[-98.43659,30.87048],[-98.43146,30.86949],[-98.42685,30.86728],[-98.42145,30.86305],[-98.42017,30.86077],[-98.41935,30.85802],[-98.42001,30.84988],[-98.42242,30.83729],[-98.42221,30.83536],[-98.42147,30.83467],[-98.41343,30.83501],[-98.40886,30.83656],[-98.40691,30.83905],[-98.40577,30.84298],[-98.40498,30.84382],[-98.40139,30.84399],[-98.39461,30.84338],[-98.3875,30.84007],[-98.38082,30.83793],[-98.37758,30.83565],[-98.37673,30.83338],[-98.3776,30.8295],[-98.38432,30.82191],[-98.39021,30.81857],[-98.39587,30.81826],[-98.40193,30.81887],[-98.40404,30.81771],[-98.40554,30.81517],[-98.40886,30.80738],[-98.40913,30.80224],[-98.41066,30.79766],[-98.41338,30.79455],[-98.41515,30.79398],[-98.42048,30.79544],[-98.42505,30.79566],[-98.42835,30.79417],[-98.432,30.79043],[-98.43264,30.78826],[-98.43176,30.78499],[-98.42411,30.77806],[-98.42247,30.77562],[-98.42301,30.77237],[-98.42599,30.76911],[-98.42971,30.76389],[-98.43064,30.75886],[-98.4302,30.75671],[-98.4285,30.75356],[-98.42636,30.75137],[-98.42368,30.75037],[-98.42208,30.75043],[-98.42003,30.75113],[-98.41477,30.75205],[-98.41183,30.75161],[-98.40798,30.75181],[-98.40585,30.75166],[-98.40185,30.7508],[-98.4002,30.75092],[-98.39717,30.74889],[-98.40421,30.74768],[-98.40409,30.74728],[-98.39831,30.74662],[-98.39473,30.74502],[-98.38984,30.74461],[-98.38906,30.74429],[-98.38836,30.7434],[-98.38831,30.74294],[-98.38919,30.74112],[-98.38922,30.74028],[-98.39015,30.73941],[-98.39085,30.73798],[-98.39228,30.73783],[-98.39554,30.73476],[-98.39716,30.73254],[-98.39841,30.72992],[-98.39834,30.72921],[-98.39648,30.72639],[-98.39681,30.7226],[-98.39653,30.72261],[-98.39653,30.7223],[-98.3969,30.72207],[-98.39593,30.72187],[-98.39591,30.7214],[-98.39315,30.72124],[-98.39208,30.7217],[-98.39171,30.72122],[-98.39232,30.72087],[-98.39738,30.72062],[-98.40006,30.72113],[-98.4022,30.72108],[-98.4039,30.72049],[-98.4072,30.71614],[-98.40752,30.7145],[-98.40694,30.71229],[-98.40734,30.71126],[-98.40827,30.71037],[-98.40978,30.70774],[-98.41318,30.7036],[-98.41335,30.70162],[-98.41161,30.70005],[-98.40811,30.69609],[-98.40543,30.69174],[-98.40385,30.68806],[-98.40355,30.68567],[-98.40157,30.68113],[-98.40177,30.67823],[-98.40081,30.67807],[-98.40312,30.67632],[-98.40306,30.67527],[-98.40259,30.67549],[-98.40242,30.67421],[-98.40192,30.6735],[-98.40205,30.67144],[-98.40253,30.67069],[-98.40223,30.67032],[-98.40028,30.67085],[-98.40624,30.66348],[-98.41269,30.65621],[-98.41192,30.65629],[-98.41103,30.65695],[-98.41009,30.65671],[-98.40966,30.65745],[-98.40778,30.65773],[-98.40749,30.65795],[-98.40754,30.65835],[-98.40777,30.65879],[-98.40828,30.65898],[-98.40814,30.6594],[-98.40774,30.65978],[-98.40674,30.65987],[-98.40561,30.66057],[-98.40481,30.66035],[-98.40352,30.65868],[-98.40149,30.65845],[-98.40022,30.65714],[-98.39916,30.65673],[-98.39842,30.65675],[-98.39651,30.65773],[-98.39359,30.65858],[-98.39083,30.663],[-98.38181,30.65897],[-98.3777,30.66561],[-98.37031,30.67575],[-98.36867,30.67692],[-98.3678,30.67715],[-98.36126,30.68349],[-98.3579,30.68413],[-98.35756,30.68485],[-98.35691,30.68488],[-98.35694,30.69032],[-98.35273,30.68836],[-98.35063,30.68541],[-98.3491,30.68446],[-98.34627,30.68353],[-98.34497,30.68339],[-98.34154,30.68371],[-98.33973,30.68485],[-98.33881,30.68498],[-98.33717,30.68435],[-98.33474,30.68408],[-98.32985,30.68279],[-98.32749,30.68155],[-98.32394,30.68032],[-98.31997,30.67958],[-98.31624,30.67958],[-98.31495,30.68008],[-98.31285,30.68172],[-98.31126,30.68179],[-98.29121,30.68565],[-98.29064,30.68341],[-98.29326,30.68311],[-98.29299,30.68171],[-98.29512,30.68142],[-98.29443,30.67984],[-98.29464,30.67772],[-98.29387,30.67672],[-98.29519,30.67644],[-98.29575,30.67589],[-98.29529,30.67357],[-98.2954,30.67218],[-98.29693,30.67125],[-98.29059,30.66692],[-98.28772,30.66701],[-98.28677,30.66595],[-98.28697,30.66449],[-98.28555,30.66354],[-98.28476,30.66345],[-98.28439,30.66275],[-98.26421,30.64918],[-98.25883,30.64516],[-98.2503,30.63976],[-98.22829,30.62486],[-98.22771,30.62605],[-98.22679,30.6263],[-98.22631,30.62692],[-98.22607,30.62845],[-98.22363,30.62896],[-98.2217,30.63047],[-98.21987,30.63249],[-98.21825,30.63281],[-98.2178,30.63323],[-98.21599,30.63323],[-98.21599,30.6344],[-98.2157,30.63481],[-98.21301,30.63665],[-98.21163,30.63718],[-98.2102,30.63732],[-98.20943,30.63794],[-98.20789,30.63764],[-98.2071,30.63792],[-98.20601,30.63783],[-98.20572,30.63876],[-98.20405,30.64005],[-98.20251,30.64216],[-98.20024,30.64456],[-98.19888,30.64429],[-98.19631,30.64493],[-98.19302,30.64474],[-98.18831,30.6521],[-98.18255,30.64993],[-98.18139,30.64989],[-98.17834,30.65087],[-98.1707,30.64746],[-98.16906,30.64615],[-98.16713,30.64514],[-98.16416,30.64441],[-98.16278,30.64379],[-98.16247,30.64325],[-98.16183,30.64343],[-98.16067,30.64454],[-98.15968,30.64502],[-98.14916,30.64022],[-98.14566,30.64625],[-98.14201,30.64449],[-98.1412,30.6461],[-98.14178,30.64697],[-98.14022,30.6474],[-98.13911,30.64923],[-98.14819,30.6585],[-98.15054,30.66365],[-98.14988,30.66553],[-98.14721,30.66962],[-98.14584,30.67438],[-98.1429,30.67482],[-98.15099,30.69364],[-98.15006,30.6943],[-98.14399,30.69629],[-98.14435,30.6971],[-98.14081,30.70221],[-98.1406,30.70689],[-98.14615,30.71083],[-98.1442,30.71414],[-98.14516,30.71413],[-98.14589,30.71535],[-98.14579,30.71626],[-98.14622,30.71675],[-98.14553,30.71759],[-98.1452,30.71912],[-98.14409,30.72075],[-98.14391,30.72153],[-98.14285,30.72282],[-98.13919,30.72446],[-98.14205,30.72659],[-98.14722,30.72941],[-98.1486,30.73129],[-98.14979,30.73232],[-98.1504,30.73245],[-98.15186,30.73215],[-98.15551,30.73299],[-98.1547,30.73536],[-98.15485,30.73581],[-98.16199,30.7389],[-98.16293,30.74071],[-98.16187,30.74372],[-98.16083,30.7494],[-98.1519,30.74942],[-98.15198,30.75072],[-98.15435,30.76053],[-98.1538,30.76242],[-98.13954,30.76694],[-98.13828,30.76755],[-98.13709,30.76756],[-98.13439,30.76895],[-98.13175,30.76967],[-98.13082,30.77029],[-98.13037,30.77265],[-98.12999,30.77302],[-98.12135,30.7757],[-98.11798,30.77653],[-98.11111,30.7777],[-98.1054,30.77958],[-98.10792,30.78607],[-98.10803,30.78751],[-98.10864,30.78898],[-98.10878,30.79115],[-98.10915,30.79195],[-98.11024,30.79264],[-98.11383,30.80087],[-98.11409,30.80112],[-98.11648,30.80052],[-98.11709,30.80073],[-98.11951,30.80611],[-98.08042,30.81822],[-98.08237,30.82282],[-98.08303,30.82378],[-98.08403,30.82448],[-98.08872,30.82664],[-98.08992,30.82772],[-98.09137,30.83213],[-98.09501,30.8377],[-98.09637,30.84133],[-98.09808,30.84338],[-98.09609,30.84426],[-98.09599,30.84694],[-98.0901,30.84717],[-98.08676,30.84948],[-98.08577,30.84987],[-98.07709,30.84953],[-98.06265,30.85392],[-98.06627,30.86243],[-98.06937,30.86202],[-98.08735,30.86127],[-98.08734,30.86455],[-98.08779,30.86678],[-98.08825,30.86761],[-98.08642,30.8677],[-98.07948,30.865],[-98.07837,30.86511],[-98.07677,30.86647],[-98.07669,30.86752],[-98.07768,30.86947],[-98.07709,30.87022],[-98.07584,30.87336],[-98.07579,30.87417],[-98.07667,30.87754],[-98.07635,30.88389],[-98.07579,30.88478],[-98.0734,30.88552],[-98.07324,30.8863],[-98.07348,30.88682],[-98.07313,30.88698],[-98.07325,30.88754],[-98.07391,30.88823],[-98.07341,30.88958],[-98.07431,30.88986],[-98.07463,30.89034],[-98.07426,30.89153],[-98.07524,30.8935],[-98.07564,30.89589],[-98.07561,30.8971],[-98.07463,30.89985],[-98.07471,30.90189],[-98.07732,30.90215],[-98.07795,30.90329],[-98.07976,30.90462],[-98.08032,30.90453],[-98.08146,30.90325],[-98.08444,30.90226],[-98.08792,30.90378],[-98.09055,30.90305],[-98.09216,30.90374],[-98.0965,30.90463],[-98.09758,30.90512],[-98.09852,30.905],[-98.09966,30.90352],[-98.10119,30.90214],[-98.10204,30.90191],[-98.11253,30.90373],[-98.11502,30.90359],[-98.11646,30.9029],[-98.11859,30.90283],[-98.11861,30.90439],[-98.11933,30.90712],[-98.12032,30.90787],[-98.12061,30.9087],[-98.12218,30.91014],[-98.12533,30.90882],[-98.12691,30.90775],[-98.12736,30.90787],[-98.12816,30.90759],[-98.12928,30.90826],[-98.12983,30.90826],[-98.13356,30.90718],[-98.13544,30.90737],[-98.15161,30.90461],[-98.15403,30.90493],[-98.15354,30.906],[-98.15514,30.90618],[-98.15982,30.90499],[-98.1634,30.90472],[-98.18017,30.9055],[-98.18727,30.90401],[-98.19214,30.90832],[-98.19328,30.90897],[-98.19394,30.9091],[-98.19421,30.90782],[-98.19306,30.90765],[-98.19346,30.90594],[-98.19457,30.90614],[-98.19614,30.9051],[-98.19624,30.9055],[-98.19709,30.90541],[-98.19974,30.90699],[-98.20037,30.90701],[-98.20101,30.90889],[-98.20471,30.90882],[-98.21077,30.90579],[-98.23325,30.89696],[-98.23765,30.89552],[-98.23901,30.89559],[-98.24223,30.89491],[-98.24658,30.89749],[-98.24856,30.90012],[-98.24337,30.90232],[-98.24558,30.90539],[-98.24028,30.90797],[-98.23761,30.9054],[-98.23742,30.91776],[-98.243,30.91622],[-98.2422,30.91387],[-98.24844,30.91214],[-98.24899,30.91373],[-98.24973,30.91358],[-98.24992,30.91412],[-98.25129,30.91313],[-98.25532,30.9225],[-98.26124,30.92078],[-98.26363,30.92115],[-98.26747,30.91996],[-98.26934,30.91991],[-98.27761,30.91654],[-98.27933,30.92033],[-98.28327,30.91253],[-98.29176,30.90008],[-98.2926,30.89831],[-98.29471,30.89574],[-98.31174,30.89521],[-98.34032,30.89511],[-98.34413,30.91163],[-98.37207,30.91133],[-98.3756,30.91125],[-98.37788,30.9109],[-98.37649,30.91231],[-98.37609,30.91399],[-98.37688,30.91513],[-98.37789,30.91568],[-98.37933,30.91577],[-98.3797,30.91616],[-98.38079,30.91859],[-98.38082,30.92018]]]}},
{"type":"Feature","properties":{"zipcode":"78612","city":"Cedar Creek"},"geometry":{"type":"Polygon","coordinates":[[[-97.47217,30.18312],[-97.47334,30.18371],[-97.47477,30.18524],[-97.48302,30.18787],[-97.48435,30.1885],[-97.48502,30.18924],[-97.4856,30.19143],[-97.48554,30.19502],[-97.48611,30.19624],[-97.4885,30.19873],[-97.48893,30.20033],[-97.4886,30.20116],[-97.48807,30.20149],[-97.48582,30.20201],[-97.48446,30.20282],[-97.48358,30.20431],[-97.4835,30.20569],[-97.48393,30.20633],[-97.48865,30.20948],[-97.49074,30.21123],[-97.49154,30.21229],[-97.49197,30.21261],[-97.49252,30.21259],[-97.49636,30.2091],[-97.49749,30.20877],[-97.50247,30.20824],[-97.50415,30.20776],[-97.50514,30.20719],[-97.50985,30.20305],[-97.51293,30.19938],[-97.51546,30.19855],[-97.52081,30.19792],[-97.52031,30.19757],[-97.51929,30.19395],[-97.5164,30.19189],[-97.52121,30.18383],[-97.52949,30.17633],[-97.53534,30.17946],[-97.53552,30.17926],[-97.53565,30.17963],[-97.54126,30.1826],[-97.54548,30.17605],[-97.54603,30.1744],[-97.54731,30.17222],[-97.55558,30.15978],[-97.5659,30.14334],[-97.56793,30.14138],[-97.56674,30.14022],[-97.56545,30.13954],[-97.56046,30.13838],[-97.55443,30.13606],[-97.55004,30.12829],[-97.55016,30.1149],[-97.55134,30.11527],[-97.55251,30.11522],[-97.55309,30.11473],[-97.5548,30.11234],[-97.5544,30.11098],[-97.55542,30.1094],[-97.55754,30.10958],[-97.55899,30.10737],[-97.55896,30.10639],[-97.55978,30.10549],[-97.55974,30.10179],[-97.55939,30.10093],[-97.55839,30.10066],[-97.55516,30.08833],[-97.55584,30.08551],[-97.55703,30.0844],[-97.55725,30.08349],[-97.56004,30.08478],[-97.56162,30.0841],[-97.56309,30.08418],[-97.56493,30.08366],[-97.56584,30.08373],[-97.56728,30.08272],[-97.57009,30.0819],[-97.57043,30.08248],[-97.57115,30.08112],[-97.57197,30.08033],[-97.57199,30.07981],[-97.56595,30.07472],[-97.57256,30.07167],[-97.54576,30.04912],[-97.54859,30.04667],[-97.54838,30.04649],[-97.54591,30.04444],[-97.54317,30.04693],[-97.54199,30.04571],[-97.54092,30.04382],[-97.54046,30.04093],[-97.54112,30.03608],[-97.54217,30.03721],[-97.54455,30.03618],[-97.54661,30.03643],[-97.54776,30.03684],[-97.54854,30.03764],[-97.5501,30.03821],[-97.55125,30.038],[-97.55158,30.03748],[-97.55257,30.03697],[-97.55135,30.03393],[-97.55331,30.03194],[-97.55316,30.03136],[-97.55376,30.03011],[-97.55411,30.02967],[-97.555,30.03012],[-97.55568,30.02998],[-97.55961,30.02484],[-97.56542,30.01956],[-97.56184,30.01575],[-97.55938,30.01507],[-97.55957,30.01373],[-97.55713,30.01161],[-97.55261,30.00468],[-97.55209,30.00324],[-97.54605,29.99598],[-97.54525,29.99538],[-97.54238,29.99841],[-97.54147,29.99777],[-97.5328,30.00696],[-97.53215,30.00833],[-97.53179,30.01013],[-97.53214,30.01234],[-97.5281,30.01184],[-97.52542,30.00931],[-97.52515,30.01057],[-97.5031,29.99172],[-97.50104,29.98954],[-97.49884,29.98833],[-97.49649,29.98619],[-97.49504,29.98544],[-97.49493,29.98585],[-97.49328,29.98703],[-97.49022,29.98837],[-97.48915,29.99151],[-97.48875,29.9918],[-97.48744,29.99207],[-97.48562,29.99166],[-97.48517,29.99206],[-97.48406,29.99221],[-97.4836,29.99256],[-97.47828,29.99379],[-97.47743,29.99408],[-97.47594,29.99528],[-97.47273,29.99583],[-97.4704,29.99659],[-97.46548,29.99895],[-97.46513,29.99939],[-97.46521,29.9998],[-97.46623,30.00046],[-97.46674,30.00144],[-97.46583,30.00232],[-97.46734,30.00276],[-97.46748,30.00303],[-97.46702,30.00397],[-97.4678,30.00484],[-97.46641,30.00457],[-97.46401,30.0064],[-97.46499,30.00809],[-97.46362,30.0086],[-97.46301,30.00821],[-97.46085,30.00799],[-97.46075,30.01066],[-97.46156,30.01269],[-97.46102,30.01393],[-97.46059,30.01402],[-97.45983,30.01368],[-97.45884,30.01262],[-97.45765,30.01327],[-97.45621,30.01345],[-97.45562,30.01305],[-97.45554,30.01449],[-97.45472,30.01559],[-97.45475,30.01696],[-97.45389,30.01773],[-97.45113,30.02191],[-97.44916,30.02344],[-97.44837,30.02318],[-97.44206,30.02575],[-97.44102,30.02425],[-97.43969,30.01969],[-97.43777,30.01714],[-97.43686,30.01854],[-97.43739,30.01969],[-97.43849,30.02009],[-97.43836,30.021],[-97.43777,30.02147],[-97.43655,30.02186],[-97.43455,30.02364],[-97.43361,30.02408],[-97.43309,30.02379],[-97.43307,30.02109],[-97.43183,30.02078],[-97.43248,30.02024],[-97.43239,30.01872],[-97.43141,30.0178],[-97.4295,30.01688],[-97.42519,30.03211],[-97.41764,30.04337],[-97.39774,30.04201],[-97.3977,30.05593],[-97.39716,30.05765],[-97.39655,30.06238],[-97.39701,30.06265],[-97.39829,30.06277],[-97.3997,30.06213],[-97.39999,30.06173],[-97.4029,30.0609],[-97.40427,30.06114],[-97.40515,30.06171],[-97.38914,30.08516],[-97.39277,30.08518],[-97.39636,30.08235],[-97.39738,30.08323],[-97.39834,30.08239],[-97.39892,30.08222],[-97.40096,30.08304],[-97.40359,30.08339],[-97.40425,30.08547],[-97.40372,30.08694],[-97.40536,30.08798],[-97.40789,30.08759],[-97.40979,30.0868],[-97.41129,30.08661],[-97.41228,30.08682],[-97.41427,30.08807],[-97.41709,30.08839],[-97.41783,30.0895],[-97.41905,30.09001],[-97.41982,30.08975],[-97.42047,30.08907],[-97.42407,30.08429],[-97.42459,30.08439],[-97.42566,30.08555],[-97.42645,30.0858],[-97.42785,30.08511],[-97.43009,30.08535],[-97.43043,30.08507],[-97.43056,30.08403],[-97.4322,30.08374],[-97.43188,30.08396],[-97.43219,30.08431],[-97.43625,30.08634],[-97.43626,30.09696],[-97.42932,30.09869],[-97.42748,30.0986],[-97.42759,30.0996],[-97.42437,30.10325],[-97.42194,30.10421],[-97.42218,30.10791],[-97.41973,30.10918],[-97.41954,30.11029],[-97.41689,30.1111],[-97.41592,30.11177],[-97.41581,30.11229],[-97.43293,30.12227],[-97.42715,30.13535],[-97.4352,30.13525],[-97.4353,30.14424],[-97.43425,30.14551],[-97.4385,30.143],[-97.44179,30.14209],[-97.44347,30.14237],[-97.44426,30.14278],[-97.44753,30.14572],[-97.4499,30.14726],[-97.45102,30.14844],[-97.45304,30.14967],[-97.4534,30.1507],[-97.45326,30.15138],[-97.45217,30.15294],[-97.44659,30.15755],[-97.44402,30.16211],[-97.44092,30.16486],[-97.43873,30.16736],[-97.43733,30.17058],[-97.43414,30.17511],[-97.43202,30.17702],[-97.42928,30.17866],[-97.42443,30.18226],[-97.42324,30.18388],[-97.42253,30.1859],[-97.42353,30.18831],[-97.42437,30.18909],[-97.42634,30.19011],[-97.42786,30.19052],[-97.43249,30.19047],[-97.43383,30.19021],[-97.4356,30.1891],[-97.44278,30.18718],[-97.44571,30.18598],[-97.44965,30.18511],[-97.45476,30.18302],[-97.45913,30.18182],[-97.46126,30.1819],[-97.46333,30.1838],[-97.46495,30.18436],[-97.46654,30.18399],[-97.46853,30.1828],[-97.47217,30.18312]]]}},
{"type":"Feature","properties":{"zipcode":"78614","city":"Cost"},"geometry":{"type":"Polygon","coordinates":[[[-97.5797,29.48599],[-97.58736,29.48754],[-97.58762,29.48684],[-97.58725,29.48613],[-97.58879,29.48244],[-97.5901,29.48128],[-97.59213,29.4805],[-97.59262,29.47987],[-97.59785,29.46658],[-97.60302,29.46799],[-97.60874,29.46875],[-97.60983,29.46604],[-97.61004,29.46376],[-97.61266,29.46119],[-97.61386,29.45963],[-97.6152,29.45665],[-97.61543,29.45474],[-97.62842,29.45539],[-97.62858,29.45282],[-97.62746,29.44966],[-97.63059,29.44961],[-97.63154,29.43748],[-97.63736,29.43765],[-97.63793,29.42922],[-97.64343,29.42649],[-97.6379,29.41637],[-97.65219,29.41701],[-97.65685,29.41767],[-97.66596,29.41956],[-97.67089,29.4197],[-97.67404,29.41857],[-97.67489,29.40711],[-97.67015,29.39887],[-97.67157,29.39808],[-97.66841,29.39233],[-97.67441,29.3878],[-97.6897,29.37404],[-97.68913,29.37373],[-97.68841,29.3723],[-97.6883,29.3713],[-97.6865,29.36954],[-97.68642,29.36849],[-97.6852,29.36847],[-97.68226,29.36681],[-97.67258,29.3589],[-97.65996,29.36836],[-97.65945,29.36961],[-97.65851,29.37031],[-97.65617,29.37593],[-97.64999,29.38364],[-97.64731,29.38852],[-97.64455,29.39201],[-97.64288,29.39591],[-97.6411,29.39863],[-97.63951,29.39995],[-97.63712,29.40118],[-97.63348,29.40279],[-97.63291,29.4028],[-97.63304,29.40228],[-97.63272,29.40173],[-97.63122,29.40106],[-97.63095,29.4007],[-97.63012,29.40132],[-97.62959,29.40136],[-97.62827,29.39963],[-97.62774,29.39954],[-97.62689,29.40015],[-97.62561,29.39941],[-97.62561,29.39823],[-97.6252,29.39777],[-97.6248,29.3979],[-97.62443,29.3985],[-97.62264,29.39851],[-97.62234,29.39749],[-97.62081,29.39735],[-97.62067,29.39655],[-97.62019,29.39652],[-97.61896,29.39717],[-97.61763,29.39633],[-97.61625,29.39696],[-97.61572,29.3968],[-97.61535,29.3965],[-97.616,29.39596],[-97.61562,29.39498],[-97.61501,29.39465],[-97.6141,29.39473],[-97.61322,29.39402],[-97.61368,29.39331],[-97.61221,29.39298],[-97.61202,29.39052],[-97.61136,29.38867],[-97.61099,29.38839],[-97.61065,29.38847],[-97.61049,29.38752],[-97.61085,29.388],[-97.61146,29.38751],[-97.61135,29.38731],[-97.61,29.38712],[-97.60867,29.38801],[-97.60828,29.38744],[-97.60657,29.38696],[-97.60581,29.38643],[-97.60593,29.38416],[-97.60631,29.38343],[-97.60577,29.38273],[-97.60447,29.38378],[-97.60401,29.38456],[-97.60292,29.38493],[-97.59962,29.38728],[-97.59967,29.3909],[-97.5937,29.39559],[-97.59337,29.3957],[-97.59241,29.39488],[-97.59325,29.39432],[-97.59269,29.39427],[-97.59255,29.39373],[-97.59216,29.39347],[-97.59083,29.39343],[-97.59079,29.39249],[-97.59136,29.39223],[-97.59192,29.39151],[-97.59196,29.3909],[-97.59148,29.38987],[-97.59204,29.38908],[-97.59192,29.38834],[-97.59133,29.38793],[-97.59093,29.38827],[-97.59036,29.3882],[-97.58958,29.38758],[-97.58958,29.38736],[-97.58996,29.38742],[-97.59079,29.38673],[-97.59063,29.38526],[-97.59019,29.38516],[-97.58951,29.38563],[-97.58866,29.38577],[-97.58784,29.38532],[-97.58771,29.3845],[-97.58801,29.38337],[-97.58915,29.38175],[-97.5896,29.38052],[-97.58938,29.38028],[-97.588,29.38038],[-97.58742,29.37965],[-97.58872,29.37787],[-97.592,29.37659],[-97.59404,29.37391],[-97.59404,29.37283],[-97.59528,29.37235],[-97.59527,29.37138],[-97.59399,29.36765],[-97.59396,29.36684],[-97.59227,29.36708],[-97.59089,29.36697],[-97.58797,29.36622],[-97.58774,29.36572],[-97.58786,29.3637],[-97.58851,29.36306],[-97.58962,29.3632],[-97.58993,29.3627],[-97.58915,29.36087],[-97.59014,29.35951],[-97.5898,29.3589],[-97.59051,29.3573],[-97.59018,29.35642],[-97.59085,29.35532],[-97.5906,29.35255],[-97.59027,29.35326],[-97.58924,29.354],[-97.58872,29.35686],[-97.58769,29.35815],[-97.58685,29.35844],[-97.58661,29.35929],[-97.58571,29.35991],[-97.58581,29.3607],[-97.58477,29.36323],[-97.58477,29.36773],[-97.58415,29.36862],[-97.58458,29.36973],[-97.58375,29.37188],[-97.58446,29.37445],[-97.58257,29.3768],[-97.58168,29.3771],[-97.58208,29.37819],[-97.5821,29.37933],[-97.58193,29.38021],[-97.5812,29.38127],[-97.57962,29.38178],[-97.57596,29.3781],[-97.57089,29.37655],[-97.57004,29.37564],[-97.56491,29.37386],[-97.56339,29.3757],[-97.56133,29.37656],[-97.55303,29.38257],[-97.54546,29.3872],[-97.54292,29.39068],[-97.54086,29.39554],[-97.53417,29.39823],[-97.53304,29.39895],[-97.52523,29.40641],[-97.52257,29.40827],[-97.51717,29.4139],[-97.51758,29.41426],[-97.51706,29.41457],[-97.51725,29.415],[-97.51631,29.41622],[-97.51658,29.41676],[-97.51726,29.4171],[-97.51634,29.41751],[-97.51648,29.41838],[-97.51902,29.41893],[-97.51895,29.41977],[-97.51962,29.41999],[-97.52005,29.42056],[-97.52044,29.42063],[-97.52045,29.42092],[-97.52085,29.42096],[-97.52092,29.42147],[-97.52156,29.42138],[-97.5215,29.42233],[-97.52194,29.42281],[-97.52302,29.42306],[-97.52366,29.4236],[-97.5241,29.42404],[-97.5243,29.42493],[-97.52547,29.42549],[-97.52566,29.42639],[-97.52639,29.42683],[-97.53024,29.42758],[-97.53083,29.42832],[-97.53203,29.42874],[-97.52902,29.43692],[-97.52903,29.4375],[-97.52846,29.43779],[-97.52534,29.43857],[-97.51594,29.43861],[-97.5063,29.44131],[-97.50705,29.44259],[-97.50716,29.44355],[-97.5058,29.44714],[-97.50583,29.4498],[-97.50469,29.45328],[-97.51304,29.45446],[-97.52152,29.45898],[-97.52239,29.45608],[-97.52173,29.45489],[-97.52181,29.45425],[-97.52215,29.45385],[-97.5238,29.45343],[-97.52507,29.45375],[-97.52603,29.45504],[-97.52603,29.45568],[-97.52533,29.45624],[-97.52509,29.45684],[-97.52552,29.45878],[-97.5264,29.45918],[-97.52745,29.45922],[-97.52916,29.45847],[-97.53077,29.45718],[-97.53219,29.45546],[-97.53301,29.45548],[-97.53395,29.4559],[-97.53411,29.45633],[-97.53362,29.45808],[-97.53409,29.45967],[-97.53629,29.45947],[-97.53849,29.46046],[-97.53959,29.46146],[-97.54076,29.46342],[-97.54286,29.46592],[-97.54345,29.46812],[-97.54073,29.46849],[-97.54017,29.46946],[-97.54077,29.47075],[-97.54159,29.4717],[-97.54319,29.4729],[-97.54321,29.47325],[-97.54235,29.47392],[-97.54164,29.47535],[-97.54188,29.47868],[-97.54252,29.47912],[-97.54295,29.47899],[-97.54396,29.47765],[-97.54594,29.47673],[-97.54842,29.47474],[-97.54943,29.47244],[-97.54973,29.47053],[-97.55018,29.47012],[-97.55178,29.47094],[-97.5529,29.47111],[-97.55849,29.47071],[-97.55928,29.47095],[-97.56067,29.47209],[-97.56123,29.47306],[-97.56112,29.47359],[-97.56043,29.47408],[-97.55796,29.47475],[-97.55713,29.47543],[-97.55585,29.47572],[-97.55526,29.47661],[-97.5557,29.47683],[-97.55709,29.4768],[-97.55863,29.47753],[-97.55901,29.478],[-97.5595,29.48127],[-97.55898,29.48217],[-97.55908,29.48279],[-97.55986,29.48308],[-97.56094,29.4828],[-97.56239,29.48142],[-97.5625,29.47966],[-97.5632,29.47902],[-97.56413,29.47868],[-97.56521,29.47941],[-97.56609,29.47953],[-97.56768,29.47833],[-97.56731,29.47735],[-97.56552,29.47659],[-97.56482,29.47486],[-97.5662,29.47352],[-97.56756,29.47157],[-97.56907,29.47034],[-97.5695,29.46907],[-97.57099,29.46897],[-97.57268,29.47095],[-97.57434,29.47494],[-97.57455,29.47636],[-97.57603,29.47746],[-97.57694,29.47773],[-97.57705,29.47863],[-97.57702,29.47928],[-97.57664,29.47965],[-97.57376,29.47915],[-97.57227,29.48098],[-97.57202,29.48186],[-97.57218,29.48221],[-97.5797,29.48599]]]}},
{"type":"Feature","properties":{"zipcode":"78641","city":"Leander"},"geometry":{"type":"Polygon","coordinates":[[[-97.85724,30.63807],[-97.85825,30.64059],[-97.85929,30.64686],[-97.86426,30.64637],[-97.87165,30.64403],[-97.87138,30.64338],[-97.87158,30.64329],[-97.88123,30.64022],[-97.8797,30.63769],[-97.87824,30.63245],[-97.88276,30.63182],[-97.88423,30.62855],[-97.88412,30.6267],[-97.88528,30.6269],[-97.88682,30.62816],[-97.89034,30.6297],[-97.89102,30.63084],[-97.89146,30.63107],[-97.89213,30.63099],[-97.89484,30.62846],[-97.89566,30.62844],[-97.89602,30.62886],[-97.8962,30.63129],[-97.89882,30.63119],[-97.90066,30.63374],[-97.90105,30.63513],[-97.90542,30.63347],[-97.90584,30.64313],[-97.90919,30.64198],[-97.9106,30.64205],[-97.91078,30.64073],[-97.9113,30.63996],[-97.91295,30.63995],[-97.9153,30.63818],[-97.91663,30.63767],[-97.91792,30.63756],[-97.91882,30.63585],[-97.92005,30.63522],[-97.92082,30.63653],[-97.92206,30.63729],[-97.92416,30.63723],[-97.92528,30.63692],[-97.92603,30.63862],[-97.92642,30.64063],[-97.92966,30.64203],[-97.93056,30.64203],[-97.93641,30.63911],[-97.9379,30.63805],[-97.93936,30.63761],[-97.93932,30.63663],[-97.94086,30.63467],[-97.94259,30.63271],[-97.94474,30.63156],[-97.9451,30.63102],[-97.94653,30.63138],[-97.94849,30.63129],[-97.94946,30.63178],[-97.95261,30.63912],[-97.972,30.63301],[-97.97318,30.63133],[-97.97631,30.62888],[-97.97365,30.62268],[-97.96626,30.62368],[-97.96353,30.62479],[-97.9637,30.62393],[-97.96706,30.61922],[-97.96871,30.61557],[-97.96918,30.61555],[-97.97,30.61602],[-97.96984,30.61647],[-97.97036,30.61641],[-97.9714,30.61701],[-97.97357,30.61608],[-97.97626,30.6155],[-97.97785,30.61637],[-97.9785,30.61626],[-97.98049,30.6187],[-97.98128,30.61875],[-97.99102,30.60985],[-97.9924,30.60949],[-97.99799,30.61302],[-98.00194,30.6214],[-98.00367,30.62381],[-98.00431,30.62519],[-98.00628,30.62751],[-98.01273,30.61675],[-98.01774,30.61644],[-98.02979,30.61469],[-98.0365,30.61172],[-98.03959,30.61865],[-98.04028,30.61829],[-98.05022,30.62406],[-98.05332,30.61777],[-98.06668,30.59288],[-98.06583,30.59146],[-98.06457,30.59073],[-98.06342,30.59076],[-98.06196,30.58973],[-98.06168,30.58871],[-98.0618,30.58779],[-98.06374,30.58225],[-98.06207,30.58101],[-98.05988,30.57769],[-98.05741,30.57576],[-98.05588,30.57561],[-98.05423,30.5744],[-98.05402,30.57472],[-98.04606,30.57108],[-98.04438,30.57176],[-98.04457,30.57249],[-98.04516,30.57304],[-98.04477,30.57357],[-98.044,30.57394],[-98.04439,30.57436],[-98.0443,30.57464],[-98.04342,30.57551],[-98.04269,30.57584],[-98.04139,30.57729],[-98.04083,30.57915],[-98.04018,30.57945],[-98.03985,30.57886],[-98.03942,30.57887],[-98.03885,30.57925],[-98.03842,30.5801],[-98.03705,30.58072],[-98.03635,30.58181],[-98.03706,30.58221],[-98.03712,30.58291],[-98.03661,30.58355],[-98.03559,30.58394],[-98.03524,30.58548],[-98.03465,30.58595],[-98.03514,30.58774],[-98.03467,30.58844],[-98.03425,30.59078],[-98.03173,30.59147],[-98.03096,30.59088],[-98.02911,30.59024],[-98.02772,30.59015],[-98.0269,30.58959],[-98.02679,30.58894],[-98.02588,30.58754],[-98.02596,30.58541],[-98.02485,30.58446],[-98.02406,30.58201],[-98.02378,30.58179],[-98.02285,30.5819],[-98.02222,30.58165],[-98.02127,30.57989],[-98.02018,30.57869],[-98.01817,30.57798],[-98.01515,30.57752],[-98.01364,30.57548],[-98.01429,30.57412],[-98.01675,30.57244],[-98.01742,30.57126],[-98.01768,30.57142],[-98.01763,30.57266],[-98.01699,30.57366],[-98.01619,30.57423],[-98.01607,30.57505],[-98.01825,30.57417],[-98.0208,30.57082],[-98.02026,30.57026],[-98.01988,30.56876],[-98.01948,30.56833],[-98.01978,30.56793],[-98.01927,30.56675],[-98.01838,30.56591],[-98.01823,30.56518],[-98.01658,30.56392],[-98.01627,30.56295],[-98.01576,30.56283],[-98.01478,30.56196],[-98.01389,30.5617],[-98.01405,30.56098],[-98.01378,30.56019],[-98.01279,30.55924],[-98.01278,30.5575],[-98.01231,30.55716],[-98.01202,30.55631],[-98.01275,30.55326],[-98.01216,30.55224],[-98.01169,30.55031],[-98.01167,30.54893],[-98.01235,30.54695],[-98.01208,30.54616],[-98.01126,30.54549],[-98.01053,30.54287],[-98.01173,30.54056],[-98.01355,30.53927],[-98.01415,30.53812],[-98.01581,30.53691],[-98.0169,30.53561],[-98.01688,30.5337],[-98.01504,30.53238],[-98.0148,30.53194],[-98.01649,30.53095],[-98.01761,30.52926],[-98.01793,30.52797],[-98.01637,30.52616],[-98.01565,30.52426],[-98.01678,30.52296],[-98.0168,30.5216],[-98.01713,30.52089],[-98.01953,30.5175],[-98.01948,30.51524],[-98.02044,30.51357],[-98.02031,30.51296],[-98.02107,30.51294],[-98.02246,30.51141],[-98.02114,30.51029],[-98.02088,30.5093],[-98.02122,30.50894],[-98.02268,30.50863],[-98.02311,30.50823],[-98.02308,30.50552],[-98.02574,30.50541],[-98.02428,30.50495],[-98.0224,30.50508],[-98.01942,30.50426],[-98.01855,30.50379],[-98.01697,30.50196],[-98.01436,30.5016],[-98.0116,30.50255],[-98.00858,30.5049],[-98.00662,30.50582],[-98.00533,30.50572],[-98.0019,30.50404],[-98.00074,30.50404],[-97.9999,30.50455],[-97.9986,30.50685],[-97.99758,30.50724],[-97.99637,30.50727],[-97.9937,30.50595],[-97.99182,30.50536],[-97.99074,30.50416],[-97.98928,30.50312],[-97.98876,30.50231],[-97.98856,30.50034],[-97.98648,30.49786],[-97.98509,30.49715],[-97.98422,30.49714],[-97.98224,30.49807],[-97.98122,30.49805],[-97.97823,30.49972],[-97.97956,30.50607],[-97.9785,30.50612],[-97.97725,30.50576],[-97.97606,30.50643],[-97.97365,30.50598],[-97.9729,30.50465],[-97.97211,30.5041],[-97.97105,30.50423],[-97.97062,30.50361],[-97.96746,30.50458],[-97.96729,30.50379],[-97.96851,30.50157],[-97.96813,30.50138],[-97.96547,30.50191],[-97.96408,30.50253],[-97.95974,30.5025],[-97.95906,30.50187],[-97.95909,30.50125],[-97.95876,30.50079],[-97.95463,30.50049],[-97.95433,30.49958],[-97.95286,30.49957],[-97.95173,30.49797],[-97.95094,30.50093],[-97.95032,30.50046],[-97.94891,30.50145],[-97.94712,30.50162],[-97.94655,30.5026],[-97.94559,30.503],[-97.94106,30.50648],[-97.93996,30.50612],[-97.93931,30.50496],[-97.93874,30.50466],[-97.93501,30.50527],[-97.93284,30.50661],[-97.93094,30.50615],[-97.93013,30.50562],[-97.92945,30.5057],[-97.92659,30.50706],[-97.92539,30.50832],[-97.92264,30.50915],[-97.92131,30.51116],[-97.91968,30.51211],[-97.92001,30.51164],[-97.9196,30.5117],[-97.91337,30.50943],[-97.91415,30.50753],[-97.91291,30.50657],[-97.91106,30.50589],[-97.91067,30.50541],[-97.91126,30.50385],[-97.91194,30.50298],[-97.91129,30.50242],[-97.91014,30.50204],[-97.90812,30.50256],[-97.90783,30.50273],[-97.90751,30.50413],[-97.90488,30.50464],[-97.90559,30.50371],[-97.90553,30.50252],[-97.90494,30.50186],[-97.90502,30.50133],[-97.90619,30.49939],[-97.907,30.49888],[-97.90838,30.49892],[-97.91029,30.49817],[-97.91131,30.49807],[-97.91155,30.49809],[-97.91206,30.49928],[-97.9129,30.49793],[-97.91403,30.49773],[-97.91528,30.49714],[-97.91609,30.49598],[-97.91617,30.4939],[-97.91681,30.49128],[-97.91773,30.49185],[-97.9169,30.49077],[-97.91716,30.48988],[-97.91788,30.48939],[-97.91781,30.48905],[-97.91827,30.48833],[-97.91961,30.48732],[-97.92006,30.48721],[-97.92031,30.48755],[-97.92062,30.48699],[-97.92148,30.48672],[-97.92188,30.4873],[-97.92218,30.48727],[-97.92019,30.48303],[-97.92035,30.48261],[-97.91965,30.48294],[-97.91848,30.4823],[-97.9182,30.47961],[-97.91893,30.48003],[-97.92045,30.47954],[-97.92002,30.47904],[-97.91923,30.47902],[-97.91869,30.47842],[-97.91886,30.4779],[-97.91815,30.47816],[-97.91797,30.47802],[-97.91776,30.47746],[-97.91804,30.47601],[-97.91664,30.47282],[-97.91404,30.47031],[-97.91389,30.46951],[-97.91328,30.46891],[-97.91124,30.46927],[-97.91084,30.46847],[-97.91109,30.46725],[-97.91267,30.46453],[-97.91547,30.46419],[-97.91704,30.46368],[-97.92009,30.46197],[-97.92251,30.45981],[-97.92539,30.4558],[-97.9255,30.45522],[-97.92487,30.44872],[-97.92493,30.44237],[-97.92106,30.43952],[-97.9198,30.43747],[-97.91958,30.433],[-97.91498,30.42964],[-97.91249,30.42649],[-97.91054,30.42203],[-97.89677,30.4218],[-97.89449,30.42379],[-97.89333,30.42372],[-97.89267,30.42298],[-97.89204,30.42287],[-97.88799,30.42509],[-97.88708,30.42459],[-97.88697,30.42343],[-97.88635,30.42497],[-97.88598,30.42396],[-97.88412,30.42333],[-97.88284,30.42385],[-97.88299,30.42429],[-97.88366,30.42454],[-97.88274,30.42499],[-97.8823,30.42561],[-97.88186,30.42557],[-97.88111,30.42477],[-97.88084,30.42511],[-97.88157,30.42668],[-97.8806,30.42907],[-97.87958,30.43038],[-97.87898,30.43053],[-97.8779,30.43024],[-97.87701,30.42945],[-97.87597,30.42902],[-97.87572,30.42826],[-97.87514,30.42802],[-97.87446,30.42819],[-97.87391,30.42726],[-97.87304,30.42695],[-97.87388,30.42783],[-97.87408,30.42864],[-97.87534,30.42904],[-97.87441,30.43022],[-97.87446,30.43274],[-97.87408,30.43449],[-97.87361,30.43483],[-97.87294,30.43477],[-97.87238,30.43432],[-97.8725,30.43389],[-97.87167,30.43433],[-97.87194,30.43519],[-97.87334,30.43621],[-97.87318,30.4385],[-97.87372,30.4398],[-97.87137,30.44118],[-97.8688,30.4411],[-97.8656,30.4425],[-97.86308,30.44419],[-97.86035,30.4467],[-97.85939,30.44664],[-97.85876,30.44709],[-97.85854,30.44853],[-97.85886,30.44951],[-97.85925,30.45012],[-97.86088,30.45135],[-97.86157,30.45246],[-97.86098,30.45576],[-97.86227,30.45769],[-97.86162,30.45804],[-97.86133,30.45962],[-97.85982,30.46114],[-97.85881,30.46175],[-97.8571,30.46383],[-97.85648,30.46531],[-97.85574,30.46578],[-97.85539,30.46636],[-97.85507,30.46636],[-97.85421,30.46747],[-97.85416,30.46774],[-97.8548,30.46771],[-97.85419,30.46821],[-97.85478,30.46828],[-97.85426,30.46906],[-97.85473,30.46926],[-97.85481,30.46989],[-97.85567,30.47081],[-97.85696,30.47054],[-97.85741,30.47076],[-97.85752,30.47041],[-97.85888,30.4705],[-97.85926,30.47027],[-97.86062,30.47078],[-97.86051,30.471],[-97.86141,30.47134],[-97.86174,30.47182],[-97.86221,30.47168],[-97.8632,30.47201],[-97.86454,30.47344],[-97.86639,30.47478],[-97.86642,30.476],[-97.86754,30.47869],[-97.86979,30.48057],[-97.86963,30.48381],[-97.8636,30.48854],[-97.86213,30.48939],[-97.85724,30.49642],[-97.85702,30.49744],[-97.85824,30.5006],[-97.85825,30.50163],[-97.85925,30.50293],[-97.86237,30.51086],[-97.86204,30.51176],[-97.8639,30.5125],[-97.86575,30.51413],[-97.86804,30.51241],[-97.86891,30.51389],[-97.87129,30.51158],[-97.87425,30.51435],[-97.87567,30.51403],[-97.87658,30.51343],[-97.87466,30.51022],[-97.87453,30.508],[-97.88038,30.50787],[-97.88048,30.5092],[-97.88184,30.50915],[-97.88206,30.50815],[-97.88231,30.5082],[-97.88242,30.5071],[-97.88284,30.50709],[-97.88443,30.50764],[-97.88571,30.50871],[-97.88647,30.50901],[-97.88515,30.51221],[-97.88321,30.51171],[-97.88135,30.51197],[-97.88241,30.51497],[-97.88318,30.5159],[-97.88283,30.51568],[-97.88253,30.51584],[-97.88112,30.51856],[-97.88075,30.51886],[-97.87844,30.51694],[-97.87809,30.51726],[-97.87753,30.51681],[-97.87691,30.51738],[-97.88063,30.52066],[-97.87939,30.52201],[-97.87888,30.523],[-97.87865,30.52442],[-97.87525,30.52234],[-97.87457,30.52336],[-97.87189,30.52402],[-97.87175,30.52384],[-97.87075,30.52511],[-97.87052,30.52505],[-97.87004,30.52732],[-97.86999,30.52959],[-97.86773,30.5315],[-97.86666,30.53106],[-97.86508,30.53336],[-97.86287,30.53233],[-97.86116,30.53279],[-97.86088,30.53203],[-97.84822,30.53596],[-97.84762,30.53572],[-97.84758,30.53615],[-97.84545,30.53801],[-97.84557,30.53912],[-97.8468,30.54214],[-97.84026,30.54415],[-97.83829,30.53989],[-97.83546,30.54111],[-97.83186,30.53387],[-97.82061,30.53719],[-97.82287,30.54258],[-97.81756,30.5442],[-97.81654,30.54031],[-97.8164,30.53854],[-97.81446,30.53915],[-97.81357,30.536],[-97.81157,30.53291],[-97.808,30.53388],[-97.80903,30.53639],[-97.80236,30.5378],[-97.80055,30.53785],[-97.79987,30.53722],[-97.79909,30.53788],[-97.79821,30.53701],[-97.79685,30.5368],[-97.79586,30.53572],[-97.79396,30.53575],[-97.79353,30.53486],[-97.79469,30.53424],[-97.79507,30.53308],[-97.79481,30.53255],[-97.7941,30.53248],[-97.79319,30.53289],[-97.79214,30.53377],[-97.78976,30.53475],[-97.78896,30.53566],[-97.78914,30.53657],[-97.7864,30.53827],[-97.79028,30.54071],[-97.79172,30.54256],[-97.7912,30.54274],[-97.78981,30.54118],[-97.78737,30.54196],[-97.78491,30.54009],[-97.78404,30.539],[-97.78319,30.53889],[-97.78247,30.53827],[-97.78064,30.53764],[-97.77961,30.5365],[-97.77877,30.53627],[-97.77699,30.53734],[-97.77852,30.53852],[-97.77879,30.53947],[-97.77944,30.53971],[-97.77982,30.54022],[-97.7803,30.54307],[-97.78144,30.54555],[-97.78114,30.54625],[-97.78002,30.5466],[-97.77995,30.54575],[-97.7792,30.54495],[-97.7778,30.54157],[-97.7768,30.54197],[-97.77773,30.54429],[-97.7767,30.5446],[-97.77769,30.54697],[-97.77168,30.54871],[-97.7707,30.54647],[-97.76262,30.54899],[-97.76189,30.54773],[-97.76375,30.55174],[-97.76601,30.55373],[-97.75736,30.55934],[-97.76122,30.56676],[-97.76711,30.56411],[-97.77004,30.57064],[-97.77061,30.57049],[-97.77093,30.57121],[-97.7738,30.57033],[-97.77396,30.57067],[-97.77805,30.56936],[-97.78038,30.57195],[-97.78163,30.5742],[-97.78594,30.5772],[-97.78727,30.57938],[-97.78915,30.57996],[-97.79069,30.58108],[-97.79721,30.58803],[-97.80058,30.59001],[-97.80459,30.59053],[-97.80133,30.59448],[-97.79974,30.59548],[-97.79782,30.59561],[-97.79482,30.59455],[-97.79312,30.59437],[-97.79378,30.59701],[-97.79579,30.60057],[-97.79642,30.60363],[-97.7958,30.606],[-97.79515,30.60698],[-97.79493,30.61156],[-97.79365,30.61269],[-97.7934,30.61352],[-97.79462,30.61391],[-97.79629,30.61404],[-97.79861,30.61342],[-97.80253,30.61092],[-97.80436,30.60829],[-97.80492,30.60788],[-97.80592,30.60746],[-97.80745,30.60731],[-97.80915,30.60793],[-97.81027,30.60886],[-97.81083,30.61073],[-97.81234,30.61208],[-97.8164,30.61156],[-97.82079,30.61184],[-97.82248,30.6112],[-97.82662,30.61044],[-97.82781,30.60938],[-97.82928,30.60932],[-97.83167,30.60975],[-97.83383,30.61071],[-97.8361,30.61348],[-97.83796,30.61463],[-97.84198,30.61571],[-97.84485,30.61617],[-97.84517,30.61455],[-97.84606,30.61461],[-97.84636,30.61598],[-97.84674,30.61647],[-97.84589,30.61703],[-97.84642,30.61915],[-97.84601,30.62315],[-97.84739,30.62501],[-97.84753,30.62622],[-97.8468,30.62767],[-97.84489,30.62979],[-97.84754,30.636],[-97.84946,30.63534],[-97.84926,30.63484],[-97.84982,30.63463],[-97.8564,30.63322],[-97.85724,30.63807]]]}},
{"type":"Feature","properties":{"zipcode":"78669","city":"Spicewood"},"geometry":{"type":"Polygon","coordinates":[[[-98.21447,30.53076],[-98.21526,30.53383],[-98.21915,30.53465],[-98.22227,30.53645],[-98.2231,30.53721],[-98.22326,30.53812],[-98.22392,30.53851],[-98.22449,30.53982],[-98.22412,30.5409],[-98.22428,30.54331],[-98.22327,30.54723],[-98.22496,30.54785],[-98.22643,30.548],[-98.22794,30.54761],[-98.23196,30.54506],[-98.23489,30.54364],[-98.24232,30.53795],[-98.22005,30.52061],[-98.22176,30.51987],[-98.22267,30.519],[-98.23158,30.51576],[-98.23365,30.51377],[-98.23413,30.51368],[-98.23651,30.51429],[-98.2378,30.51429],[-98.24117,30.51367],[-98.24437,30.51406],[-98.24585,30.5147],[-98.24802,30.51654],[-98.25186,30.51903],[-98.25376,30.52141],[-98.25445,30.52303],[-98.25472,30.52486],[-98.25565,30.52513],[-98.25803,30.5249],[-98.25943,30.52596],[-98.26519,30.52675],[-98.265,30.5235],[-98.26553,30.51631],[-98.26487,30.5052],[-98.26523,30.50355],[-98.26731,30.50006],[-98.2624,30.49784],[-98.25063,30.4943],[-98.25111,30.49272],[-98.25209,30.49217],[-98.25345,30.49061],[-98.25378,30.48875],[-98.25435,30.488],[-98.25408,30.48748],[-98.25356,30.48722],[-98.25397,30.48685],[-98.25667,30.48637],[-98.25784,30.48557],[-98.25929,30.48312],[-98.26056,30.48177],[-98.26104,30.48051],[-98.26248,30.4789],[-98.26269,30.47648],[-98.2641,30.47556],[-98.26491,30.47461],[-98.26469,30.4739],[-98.26481,30.46962],[-98.2618,30.46661],[-98.26159,30.46427],[-98.25977,30.46163],[-98.16846,30.43737],[-98.16951,30.43561],[-98.16973,30.4324],[-98.16895,30.43146],[-98.16756,30.43114],[-98.16654,30.42997],[-98.16534,30.43004],[-98.1656,30.42813],[-98.16494,30.42656],[-98.16323,30.42425],[-98.16309,30.42222],[-98.16199,30.42155],[-98.16199,30.42037],[-98.16098,30.41952],[-98.16033,30.41827],[-98.15887,30.41736],[-98.15657,30.41441],[-98.15308,30.41275],[-98.15044,30.41191],[-98.14558,30.41115],[-98.14396,30.41057],[-98.13783,30.41082],[-98.1369,30.41111],[-98.13638,30.41233],[-98.13492,30.41242],[-98.1499,30.39041],[-98.15709,30.38037],[-98.15573,30.38045],[-98.1546,30.38083],[-98.14862,30.38061],[-98.14133,30.38077],[-98.13966,30.38022],[-98.13686,30.38047],[-98.13353,30.37944],[-98.13237,30.37846],[-98.13265,30.37579],[-98.12985,30.37319],[-98.12871,30.37297],[-98.12864,30.3724],[-98.13049,30.37115],[-98.13137,30.36971],[-98.13167,30.36856],[-98.13131,30.36756],[-98.13017,30.36631],[-98.12862,30.36557],[-98.12699,30.36426],[-98.12532,30.36207],[-98.12597,30.36029],[-98.12676,30.35935],[-98.13097,30.35782],[-98.13303,30.35668],[-98.13432,30.35542],[-98.13634,30.35233],[-98.12958,30.34688],[-98.12863,30.34764],[-98.12625,30.34246],[-98.12664,30.3403],[-98.1264,30.3375],[-98.12458,30.33528],[-98.12434,30.33463],[-98.12182,30.33331],[-98.11953,30.33258],[-98.11727,30.331],[-98.11573,30.3292],[-98.11207,30.32773],[-98.10912,30.32611],[-98.10756,30.32411],[-98.10414,30.32118],[-98.09056,30.31213],[-98.08963,30.31289],[-98.08895,30.31426],[-98.08754,30.31466],[-98.08718,30.31564],[-98.08588,30.31643],[-98.08508,30.31829],[-98.08491,30.31944],[-98.08378,30.32003],[-98.08338,30.32064],[-98.08265,30.32551],[-98.08199,30.32694],[-98.08187,30.32821],[-98.07913,30.33149],[-98.07871,30.3334],[-98.07799,30.33503],[-98.07666,30.33697],[-98.07713,30.33841],[-98.07656,30.34076],[-98.07698,30.34324],[-98.07675,30.34529],[-98.0759,30.34696],[-98.07422,30.3478],[-98.072,30.34811],[-98.06878,30.34953],[-98.06763,30.35062],[-98.06429,30.35267],[-98.06182,30.34978],[-98.06051,30.34883],[-98.05854,30.34815],[-98.05281,30.34732],[-98.05052,30.34648],[-98.04224,30.3406],[-98.04101,30.34012],[-98.03835,30.33996],[-98.03678,30.33945],[-98.03246,30.33631],[-98.02973,30.33497],[-98.0279,30.33348],[-98.02572,30.33241],[-98.02465,30.33155],[-98.02388,30.33307],[-98.02398,30.33456],[-98.02354,30.33614],[-98.02425,30.33728],[-98.02609,30.3379],[-98.02691,30.33871],[-98.02699,30.33951],[-98.02642,30.34128],[-98.02646,30.34328],[-98.02741,30.34458],[-98.02818,30.34988],[-98.02831,30.35291],[-98.02992,30.3544],[-98.03077,30.35468],[-98.02981,30.35511],[-98.02917,30.35576],[-98.02887,30.3571],[-98.02817,30.35819],[-98.02023,30.35832],[-98.01919,30.36025],[-98.01973,30.36147],[-98.01869,30.36218],[-98.01919,30.36306],[-98.01911,30.3637],[-98.01816,30.3652],[-98.01861,30.36632],[-98.01783,30.3666],[-98.01753,30.36776],[-98.01594,30.36906],[-98.01388,30.36822],[-98.01071,30.36858],[-98.00869,30.36914],[-98.00427,30.37106],[-98.00485,30.37252],[-98.00911,30.37118],[-98.01092,30.37034],[-98.01257,30.37005],[-98.015,30.37104],[-98.01672,30.37292],[-98.0186,30.37617],[-98.01842,30.37919],[-98.01743,30.38184],[-98.01552,30.38372],[-98.00226,30.39406],[-97.99769,30.39793],[-97.99357,30.40058],[-97.9884,30.4027],[-97.98697,30.40304],[-97.98495,30.40417],[-97.98409,30.40601],[-97.98377,30.40776],[-97.98398,30.41066],[-97.98443,30.41203],[-97.98898,30.41454],[-98.00006,30.41397],[-98.01551,30.414],[-98.02274,30.41439],[-98.03005,30.41545],[-98.03312,30.41688],[-98.0351,30.4183],[-98.03624,30.41998],[-98.03667,30.42467],[-98.03568,30.42723],[-98.033,30.43158],[-98.03043,30.43499],[-98.02749,30.43771],[-98.01476,30.44789],[-98.00419,30.45429],[-98.00114,30.45718],[-98.00019,30.45879],[-97.9997,30.461],[-97.99966,30.46427],[-98.00246,30.47064],[-98.00366,30.47417],[-98.00551,30.47692],[-98.00697,30.47841],[-98.00895,30.47962],[-98.01207,30.4806],[-98.00963,30.48299],[-98.01225,30.48397],[-98.01268,30.48442],[-98.01537,30.48453],[-98.01572,30.48415],[-98.01704,30.48415],[-98.01771,30.48434],[-98.01809,30.48479],[-98.01855,30.48402],[-98.02107,30.483],[-98.02291,30.48161],[-98.02415,30.48123],[-98.02615,30.47851],[-98.0269,30.47846],[-98.0266,30.4781],[-98.027,30.47775],[-98.02713,30.47695],[-98.02774,30.47667],[-98.0274,30.47638],[-98.02759,30.47592],[-98.02871,30.47588],[-98.02931,30.4762],[-98.02939,30.47545],[-98.03096,30.47462],[-98.03232,30.47508],[-98.0311,30.47423],[-98.02862,30.47503],[-98.02799,30.47473],[-98.02859,30.47385],[-98.02859,30.47306],[-98.029,30.47288],[-98.02888,30.4723],[-98.03019,30.47191],[-98.02919,30.47139],[-98.0298,30.47031],[-98.02964,30.46993],[-98.03043,30.46757],[-98.03293,30.46731],[-98.03231,30.46781],[-98.03089,30.46817],[-98.03098,30.46895],[-98.03182,30.46942],[-98.03404,30.46968],[-98.03498,30.4714],[-98.03505,30.47297],[-98.03624,30.47359],[-98.03751,30.47543],[-98.03869,30.47623],[-98.0376,30.47525],[-98.03623,30.47318],[-98.03532,30.47288],[-98.03548,30.47177],[-98.0351,30.47002],[-98.03374,30.46864],[-98.03233,30.46869],[-98.03471,30.4677],[-98.03414,30.46759],[-98.03427,30.46665],[-98.03393,30.46579],[-98.03113,30.46632],[-98.0308,30.46618],[-98.03118,30.46551],[-98.03131,30.46436],[-98.0318,30.46408],[-98.03158,30.46357],[-98.03194,30.46257],[-98.03257,30.46235],[-98.03222,30.46191],[-98.03246,30.46131],[-98.03301,30.46106],[-98.03264,30.46081],[-98.03283,30.46048],[-98.03391,30.46034],[-98.03557,30.45931],[-98.03596,30.45974],[-98.0363,30.45951],[-98.03683,30.4608],[-98.03876,30.46148],[-98.03846,30.4623],[-98.03925,30.46184],[-98.03894,30.46113],[-98.03772,30.46084],[-98.0371,30.46025],[-98.03698,30.45923],[-98.03742,30.45893],[-98.03732,30.45843],[-98.03679,30.45871],[-98.035,30.4581],[-98.03423,30.45907],[-98.03331,30.45928],[-98.0347,30.45567],[-98.03682,30.45213],[-98.03806,30.45231],[-98.03758,30.45201],[-98.03728,30.45132],[-98.03935,30.44884],[-98.03985,30.44878],[-98.04079,30.44962],[-98.03995,30.44819],[-98.04258,30.44522],[-98.04387,30.44601],[-98.04457,30.44697],[-98.04328,30.44451],[-98.04469,30.44323],[-98.04589,30.44402],[-98.04524,30.44274],[-98.04553,30.44239],[-98.04872,30.44002],[-98.04979,30.44007],[-98.05091,30.44076],[-98.05034,30.43997],[-98.05058,30.43949],[-98.04977,30.43918],[-98.05031,30.43855],[-98.05361,30.43666],[-98.05487,30.43788],[-98.05538,30.43794],[-98.05492,30.43742],[-98.05477,30.43595],[-98.05566,30.43518],[-98.05781,30.43501],[-98.05852,30.43533],[-98.05867,30.43587],[-98.05966,30.43599],[-98.05987,30.4363],[-98.05958,30.4368],[-98.0601,30.43683],[-98.06022,30.43744],[-98.06074,30.43707],[-98.06125,30.43766],[-98.06142,30.43809],[-98.06112,30.43848],[-98.06177,30.4387],[-98.0617,30.43929],[-98.06218,30.44004],[-98.06179,30.44042],[-98.06126,30.44043],[-98.06094,30.44094],[-98.06217,30.44095],[-98.06238,30.44149],[-98.06185,30.44197],[-98.06216,30.44252],[-98.06189,30.44233],[-98.06157,30.4426],[-98.06197,30.44308],[-98.06134,30.44316],[-98.05933,30.44482],[-98.0597,30.44519],[-98.05834,30.44578],[-98.05573,30.4477],[-98.05433,30.4492],[-98.05368,30.45045],[-98.05295,30.4507],[-98.0535,30.45111],[-98.05353,30.4515],[-98.05248,30.4518],[-98.05364,30.45222],[-98.05374,30.4545],[-98.0545,30.45586],[-98.05444,30.45634],[-98.05295,30.45689],[-98.05353,30.45691],[-98.054,30.45734],[-98.05419,30.45707],[-98.05486,30.45708],[-98.05514,30.45736],[-98.05603,30.45897],[-98.05524,30.45964],[-98.05678,30.45998],[-98.05865,30.46198],[-98.0617,30.46369],[-98.06185,30.46394],[-98.06152,30.46393],[-98.06105,30.4645],[-98.06172,30.46476],[-98.06271,30.46409],[-98.0644,30.46476],[-98.06453,30.46513],[-98.06429,30.46501],[-98.06396,30.46554],[-98.06478,30.46566],[-98.06513,30.46611],[-98.06472,30.46647],[-98.06494,30.46692],[-98.06436,30.46727],[-98.06542,30.46754],[-98.06515,30.46828],[-98.06474,30.4685],[-98.06531,30.46872],[-98.06496,30.46935],[-98.0656,30.46859],[-98.06584,30.46776],[-98.06571,30.46694],[-98.06594,30.46672],[-98.06638,30.46728],[-98.06691,30.46694],[-98.06772,30.46736],[-98.06941,30.4677],[-98.06988,30.46878],[-98.06938,30.47111],[-98.06835,30.47232],[-98.06873,30.47226],[-98.06945,30.47136],[-98.07013,30.46927],[-98.07166,30.46959],[-98.07038,30.46881],[-98.07026,30.46726],[-98.0694,30.46664],[-98.06793,30.46641],[-98.06728,30.46583],[-98.06732,30.46482],[-98.0683,30.46478],[-98.06883,30.46444],[-98.06931,30.46473],[-98.07015,30.46442],[-98.07152,30.46454],[-98.07331,30.46533],[-98.07408,30.46479],[-98.07475,30.4653],[-98.07517,30.46529],[-98.07565,30.46477],[-98.0765,30.4653],[-98.07662,30.46579],[-98.07622,30.46607],[-98.07703,30.46617],[-98.07747,30.46665],[-98.07759,30.46732],[-98.07804,30.46667],[-98.07763,30.4657],[-98.07829,30.46516],[-98.07866,30.46551],[-98.08006,30.46569],[-98.08033,30.46696],[-98.08109,30.46723],[-98.08135,30.46724],[-98.08092,30.46692],[-98.08085,30.46639],[-98.08147,30.46567],[-98.08221,30.46618],[-98.08294,30.46605],[-98.08304,30.46647],[-98.08358,30.46677],[-98.08441,30.4663],[-98.08475,30.46664],[-98.08482,30.46773],[-98.08539,30.468],[-98.08586,30.46974],[-98.08624,30.47014],[-98.08652,30.47019],[-98.08703,30.46857],[-98.08784,30.46803],[-98.0899,30.46983],[-98.08931,30.47092],[-98.08948,30.4713],[-98.09013,30.47125],[-98.0905,30.47161],[-98.08992,30.47361],[-98.08911,30.47364],[-98.08894,30.47387],[-98.0895,30.47439],[-98.0892,30.47505],[-98.08821,30.47483],[-98.08812,30.47548],[-98.08748,30.4753],[-98.08705,30.47605],[-98.08654,30.47599],[-98.08635,30.47674],[-98.08551,30.47705],[-98.08479,30.47671],[-98.08488,30.47586],[-98.08441,30.47552],[-98.08469,30.476],[-98.08415,30.47688],[-98.08451,30.47711],[-98.08444,30.47754],[-98.08544,30.47797],[-98.08638,30.47791],[-98.08724,30.47845],[-98.08702,30.47874],[-98.08672,30.47853],[-98.08649,30.47868],[-98.08669,30.47931],[-98.08445,30.48231],[-98.0837,30.48269],[-98.08305,30.48257],[-98.08261,30.48212],[-98.08151,30.4826],[-98.08041,30.48253],[-98.07975,30.48212],[-98.0799,30.4817],[-98.07896,30.48124],[-98.07765,30.48179],[-98.07661,30.48115],[-98.07757,30.482],[-98.07881,30.48195],[-98.07968,30.48313],[-98.08076,30.48331],[-98.08036,30.48403],[-98.08146,30.48356],[-98.08247,30.48359],[-98.08289,30.48407],[-98.08127,30.48619],[-98.07825,30.48923],[-98.07823,30.4897],[-98.07632,30.4894],[-98.07752,30.49016],[-98.07755,30.49047],[-98.07726,30.49153],[-98.07622,30.49222],[-98.0756,30.49309],[-98.07686,30.49225],[-98.07774,30.4921],[-98.07841,30.49071],[-98.07853,30.49416],[-98.07923,30.49574],[-98.07903,30.49604],[-98.07959,30.49632],[-98.07958,30.49672],[-98.07914,30.49702],[-98.08017,30.4969],[-98.08054,30.49722],[-98.08094,30.49789],[-98.08069,30.49826],[-98.07989,30.49848],[-98.08042,30.49874],[-98.0806,30.4993],[-98.0812,30.49938],[-98.08162,30.49998],[-98.08,30.50138],[-98.07948,30.50147],[-98.07954,30.50192],[-98.07826,30.50182],[-98.07851,30.50228],[-98.07767,30.50247],[-98.0777,30.50293],[-98.0804,30.50182],[-98.08055,30.50282],[-98.07983,30.50372],[-98.08088,30.50328],[-98.0809,30.50213],[-98.08141,30.50101],[-98.08224,30.50157],[-98.08232,30.50085],[-98.08254,30.50085],[-98.08282,30.50007],[-98.08229,30.49894],[-98.08485,30.50077],[-98.08523,30.50188],[-98.08598,30.50131],[-98.08781,30.50165],[-98.08874,30.50221],[-98.08885,30.50312],[-98.0871,30.50403],[-98.0873,30.50434],[-98.087,30.50464],[-98.08674,30.50446],[-98.08628,30.5048],[-98.08714,30.50536],[-98.08694,30.50702],[-98.08722,30.507],[-98.08742,30.50647],[-98.08752,30.50526],[-98.08942,30.50411],[-98.08976,30.50433],[-98.08984,30.50512],[-98.09141,30.50655],[-98.0917,30.50737],[-98.09162,30.50663],[-98.09187,30.50649],[-98.09037,30.505],[-98.09057,30.50396],[-98.09006,30.50336],[-98.09052,30.50223],[-98.09123,30.50189],[-98.09195,30.50213],[-98.09208,30.50183],[-98.09563,30.50175],[-98.09606,30.50206],[-98.09591,30.50306],[-98.09645,30.5024],[-98.09736,30.50286],[-98.09671,30.50184],[-98.09686,30.5017],[-98.09899,30.5014],[-98.10039,30.50163],[-98.10149,30.50087],[-98.10221,30.50084],[-98.10414,30.49997],[-98.10416,30.50041],[-98.10454,30.5007],[-98.10434,30.50114],[-98.10476,30.50127],[-98.10491,30.50063],[-98.10455,30.50025],[-98.10474,30.49974],[-98.10663,30.49919],[-98.10718,30.49955],[-98.10717,30.49912],[-98.1075,30.49891],[-98.10842,30.49942],[-98.10955,30.49933],[-98.11025,30.49983],[-98.1101,30.50038],[-98.11039,30.50099],[-98.11007,30.50108],[-98.10991,30.5017],[-98.11045,30.50213],[-98.11051,30.5027],[-98.11093,30.50289],[-98.11061,30.50256],[-98.11077,30.50168],[-98.11121,30.50169],[-98.11131,30.50123],[-98.11167,30.50153],[-98.11134,30.50103],[-98.11104,30.50113],[-98.11082,30.5006],[-98.11094,30.49995],[-98.11039,30.49903],[-98.11044,30.49834],[-98.11012,30.49806],[-98.10864,30.49806],[-98.11039,30.49611],[-98.11269,30.49448],[-98.11246,30.49407],[-98.11375,30.4905],[-98.11397,30.49188],[-98.11537,30.49283],[-98.11515,30.49414],[-98.11553,30.49416],[-98.11541,30.49375],[-98.1158,30.49291],[-98.11546,30.49259],[-98.11558,30.49223],[-98.11482,30.49158],[-98.11492,30.49113],[-98.11456,30.49094],[-98.11462,30.49033],[-98.11426,30.4896],[-98.11501,30.48881],[-98.11691,30.48809],[-98.11809,30.48802],[-98.12007,30.48841],[-98.12208,30.4892],[-98.12338,30.49018],[-98.12322,30.49069],[-98.1237,30.49043],[-98.12494,30.49152],[-98.1253,30.4935],[-98.12607,30.49472],[-98.1278,30.4965],[-98.12803,30.49697],[-98.12784,30.49731],[-98.12846,30.49747],[-98.12876,30.49822],[-98.12836,30.49871],[-98.12902,30.49883],[-98.12942,30.49992],[-98.12963,30.50126],[-98.12933,30.50154],[-98.12988,30.50253],[-98.12963,30.50291],[-98.1301,30.50318],[-98.13051,30.50402],[-98.13101,30.51033],[-98.1304,30.51094],[-98.12867,30.51093],[-98.12862,30.51123],[-98.12823,30.51093],[-98.12752,30.51193],[-98.12836,30.51175],[-98.12884,30.51135],[-98.13105,30.51155],[-98.13235,30.51124],[-98.1319,30.51266],[-98.13123,30.51365],[-98.12964,30.51523],[-98.12726,30.51662],[-98.1253,30.51733],[-98.1253,30.51933],[-98.12184,30.52066],[-98.1197,30.52339],[-98.12095,30.52886],[-98.1253,30.54138],[-98.12695,30.54072],[-98.12867,30.53959],[-98.13226,30.53631],[-98.13384,30.53423],[-98.13736,30.52827],[-98.13881,30.52662],[-98.14143,30.52459],[-98.14233,30.52451],[-98.14396,30.52526],[-98.14735,30.52582],[-98.15277,30.52562],[-98.15977,30.52496],[-98.16292,30.52535],[-98.16567,30.52641],[-98.16732,30.52737],[-98.1695,30.5301],[-98.16991,30.53131],[-98.16926,30.53427],[-98.16899,30.53794],[-98.17019,30.53928],[-98.1716,30.53956],[-98.17278,30.53923],[-98.17764,30.53494],[-98.17946,30.53417],[-98.18177,30.53445],[-98.18422,30.53536],[-98.18567,30.53666],[-98.18737,30.53951],[-98.19086,30.53861],[-98.19268,30.53722],[-98.19473,30.53509],[-98.2047,30.53538],[-98.21031,30.53483],[-98.21092,30.53437],[-98.21193,30.53281],[-98.2131,30.53187],[-98.21332,30.53028],[-98.21377,30.52973],[-98.21447,30.53076]]]}},
{"type":"Feature","properties":{"zipcode":"78610","city":"Buda"},"geometry":{"type":"Polygon","coordinates":[[[-98.02016,30.13246],[-98.02206,30.13243],[-98.02477,30.13162],[-98.03194,30.13184],[-98.0316,30.12249],[-98.0313,30.12081],[-98.03056,30.11977],[-98.02861,30.11853],[-98.02635,30.1159],[-98.02576,30.11351],[-98.02289,30.11152],[-98.02159,30.10965],[-98.01382,30.09131],[-98.01378,30.0896],[-98.01493,30.08693],[-98.01441,30.08567],[-98.01255,30.08464],[-98.01063,30.08456],[-98.00801,30.08304],[-98.00739,30.08222],[-98.00754,30.08075],[-98.00632,30.08108],[-98.00583,30.08213],[-98.00517,30.08259],[-98.00244,30.08254],[-98.00027,30.08286],[-97.99934,30.08368],[-97.9981,30.08284],[-97.99708,30.07955],[-97.99526,30.07943],[-97.99438,30.07996],[-97.99249,30.08424],[-97.9902,30.08655],[-97.98604,30.08755],[-97.98184,30.08931],[-97.98091,30.08943],[-97.97888,30.08898],[-97.97783,30.088],[-97.97661,30.08616],[-97.97479,30.08464],[-97.97418,30.08266],[-97.97447,30.08171],[-97.97531,30.08053],[-97.97923,30.07734],[-97.97953,30.07535],[-97.97821,30.07264],[-97.97779,30.07016],[-97.97827,30.06925],[-97.98108,30.06697],[-97.98269,30.06485],[-97.98295,30.06387],[-97.9821,30.06271],[-97.979,30.06061],[-97.97831,30.06036],[-97.97713,30.06046],[-97.97538,30.05748],[-97.97322,30.05693],[-97.96911,30.05366],[-97.96716,30.05275],[-97.96511,30.05225],[-97.96486,30.05195],[-97.96432,30.05217],[-97.95666,30.05164],[-97.95449,30.05174],[-97.94952,30.05302],[-97.94815,30.05422],[-97.94619,30.05375],[-97.94341,30.05161],[-97.9427,30.05075],[-97.93974,30.04929],[-97.93845,30.04979],[-97.93743,30.05135],[-97.93582,30.04857],[-97.93615,30.04755],[-97.93738,30.04671],[-97.93851,30.04673],[-97.93881,30.04608],[-97.93945,30.04559],[-97.94189,30.03685],[-97.94028,30.0359],[-97.9345,30.04474],[-97.9296,30.04776],[-97.92956,30.04581],[-97.9311,30.04212],[-97.93217,30.04064],[-97.93113,30.03749],[-97.93138,30.03545],[-97.93197,30.03451],[-97.93142,30.03417],[-97.92886,30.0336],[-97.92729,30.03247],[-97.92648,30.03226],[-97.92321,30.03447],[-97.9231,30.03517],[-97.92354,30.03657],[-97.92299,30.03708],[-97.92046,30.03813],[-97.91919,30.03948],[-97.91898,30.04161],[-97.9179,30.0437],[-97.91661,30.04434],[-97.91365,30.04491],[-97.91261,30.04535],[-97.91013,30.04451],[-97.91158,30.04413],[-97.91223,30.04331],[-97.91295,30.04043],[-97.91362,30.03954],[-97.91302,30.03896],[-97.91194,30.03849],[-97.90779,30.03776],[-97.90693,30.03731],[-97.90512,30.03507],[-97.90491,30.03432],[-97.90488,30.03356],[-97.90649,30.03132],[-97.9067,30.0286],[-97.9104,30.02863],[-97.91121,30.02837],[-97.90993,30.02783],[-97.90861,30.02669],[-97.90255,30.02999],[-97.88893,30.02998],[-97.8897,30.02708],[-97.88815,30.0264],[-97.88802,30.02663],[-97.88743,30.02668],[-97.88736,30.0279],[-97.8669,30.0283],[-97.86471,30.03603],[-97.85274,30.03553],[-97.85264,30.03597],[-97.85227,30.03612],[-97.84607,30.03566],[-97.8434,30.0408],[-97.82826,30.04073],[-97.82808,30.0327],[-97.82903,30.03199],[-97.82718,30.03153],[-97.82515,30.03262],[-97.82487,30.03302],[-97.82485,30.03366],[-97.82526,30.03369],[-97.82545,30.03331],[-97.82586,30.03402],[-97.82518,30.03425],[-97.82484,30.03517],[-97.82572,30.03549],[-97.82581,30.03599],[-97.82543,30.0365],[-97.82521,30.03625],[-97.82472,30.03642],[-97.82447,30.0372],[-97.82505,30.03807],[-97.82519,30.03891],[-97.81885,30.03857],[-97.81882,30.03737],[-97.81854,30.03705],[-97.81863,30.03588],[-97.81939,30.03379],[-97.81897,30.03267],[-97.81923,30.03051],[-97.813,30.03054],[-97.81151,30.03097],[-97.80502,30.03655],[-97.80443,30.0375],[-97.8043,30.03856],[-97.80056,30.03865],[-97.79773,30.0394],[-97.7965,30.03839],[-97.79683,30.03783],[-97.79579,30.03706],[-97.79006,30.04223],[-97.78219,30.03591],[-97.77788,30.03344],[-97.7753,30.03279],[-97.77117,30.03317],[-97.77132,30.03355],[-97.76939,30.03475],[-97.75411,30.04849],[-97.75628,30.04995],[-97.75146,30.05435],[-97.72987,30.03866],[-97.7212,30.04654],[-97.70362,30.0315],[-97.70015,30.02519],[-97.70331,30.02444],[-97.70833,30.02274],[-97.70397,30.01917],[-97.69688,30.0223],[-97.68867,30.02451],[-97.68922,30.02762],[-97.67254,30.03096],[-97.67329,30.03107],[-97.67302,30.03127],[-97.67243,30.03116],[-97.66872,30.03283],[-97.6681,30.03418],[-97.66385,30.03829],[-97.66382,30.03927],[-97.66336,30.03997],[-97.66368,30.04078],[-97.66361,30.04162],[-97.66431,30.04252],[-97.66554,30.04238],[-97.66573,30.04133],[-97.66634,30.04056],[-97.66765,30.04086],[-97.66941,30.04015],[-97.67026,30.03949],[-97.67137,30.0397],[-97.67336,30.04084],[-97.67425,30.04163],[-97.67511,30.04322],[-97.6731,30.04505],[-97.6728,30.04579],[-97.6731,30.04668],[-97.6713,30.04836],[-97.67393,30.05061],[-97.67466,30.05085],[-97.67626,30.0527],[-97.66934,30.05716],[-97.66309,30.06343],[-97.6579,30.06812],[-97.65282,30.0709],[-97.65905,30.07631],[-97.67143,30.08637],[-97.67229,30.08603],[-97.67239,30.08554],[-97.67298,30.08511],[-97.67314,30.08357],[-97.67422,30.0819],[-97.67508,30.08168],[-97.67656,30.08232],[-97.67812,30.08221],[-97.67851,30.08245],[-97.68091,30.08223],[-97.68289,30.08162],[-97.69009,30.07592],[-97.69116,30.07566],[-97.69319,30.07572],[-97.69524,30.07705],[-97.69553,30.07778],[-97.69601,30.07798],[-97.69688,30.07927],[-97.70044,30.07964],[-97.70022,30.08021],[-97.70063,30.08037],[-97.70082,30.08108],[-97.70016,30.08191],[-97.70768,30.08833],[-97.72279,30.08882],[-97.72751,30.09094],[-97.73232,30.0936],[-97.71947,30.11403],[-97.74079,30.12427],[-97.74763,30.11416],[-97.74852,30.11388],[-97.749,30.11316],[-97.74964,30.11195],[-97.74919,30.1116],[-97.75625,30.10041],[-97.78167,30.11259],[-97.78278,30.11283],[-97.80622,30.11248],[-97.81102,30.10214],[-97.80996,30.09786],[-97.80986,30.09624],[-97.82073,30.10403],[-97.82191,30.10549],[-97.82422,30.10748],[-97.85724,30.13124],[-97.85807,30.13105],[-97.8666,30.13204],[-97.87202,30.13188],[-97.87775,30.13128],[-97.88241,30.13161],[-97.88201,30.13087],[-97.88217,30.12996],[-97.88415,30.12888],[-97.8831,30.12739],[-97.88506,30.12632],[-97.88664,30.12762],[-97.88684,30.12828],[-97.88682,30.12915],[-97.88512,30.13078],[-97.88545,30.13196],[-97.89103,30.13181],[-97.89105,30.13144],[-97.89939,30.13066],[-97.90048,30.13026],[-97.90166,30.12941],[-97.90093,30.1281],[-97.9006,30.1252],[-97.90078,30.12465],[-97.90254,30.12438],[-97.90689,30.12555],[-97.91045,30.12458],[-97.91413,30.12181],[-97.91544,30.11882],[-97.91545,30.11773],[-97.9149,30.11679],[-97.91603,30.11418],[-97.91514,30.11167],[-97.91742,30.10912],[-97.92106,30.10685],[-97.92327,30.10626],[-97.92564,30.10608],[-97.9271,30.10534],[-97.92843,30.10533],[-97.92894,30.1063],[-97.93256,30.10972],[-97.93402,30.10963],[-97.93827,30.11019],[-97.93964,30.10949],[-97.94161,30.10913],[-97.94478,30.11118],[-97.94662,30.11041],[-97.94876,30.11175],[-97.95151,30.11427],[-97.95574,30.1166],[-97.95782,30.11723],[-97.98427,30.11705],[-97.98626,30.11735],[-97.99207,30.12144],[-97.99342,30.12213],[-97.99512,30.12251],[-98.00001,30.12266],[-98.00152,30.12316],[-98.01035,30.1319],[-98.01155,30.13137],[-98.01304,30.13125],[-98.01755,30.13157],[-98.02016,30.13246]]]}},
{"type":"Feature","properties":{"zipcode":"78613","city":"Cedar Park"},"geometry":{"type":"Polygon","coordinates":[[[-97.76262,30.54899],[-97.7707,30.54647],[-97.77168,30.54871],[-97.77769,30.54697],[-97.7767,30.5446],[-97.77773,30.54429],[-97.7768,30.54197],[-97.7778,30.54157],[-97.7792,30.54495],[-97.77995,30.54575],[-97.78002,30.5466],[-97.78114,30.54625],[-97.78144,30.54555],[-97.7803,30.54307],[-97.77982,30.54022],[-97.77944,30.53971],[-97.77879,30.53947],[-97.77852,30.53852],[-97.77699,30.53734],[-97.77877,30.53627],[-97.77961,30.5365],[-97.78064,30.53764],[-97.78247,30.53827],[-97.78319,30.53889],[-97.78404,30.539],[-97.78491,30.54009],[-97.78737,30.54196],[-97.78981,30.54118],[-97.7912,30.54274],[-97.79172,30.54256],[-97.79028,30.54071],[-97.7864,30.53827],[-97.78914,30.53657],[-97.78896,30.53566],[-97.78976,30.53475],[-97.79214,30.53377],[-97.7941,30.53248],[-97.79481,30.53255],[-97.79507,30.53308],[-97.79469,30.53424],[-97.79353,30.53486],[-97.79396,30.53575],[-97.79586,30.53572],[-97.79685,30.5368],[-97.79821,30.53701],[-97.79909,30.53788],[-97.79987,30.53722],[-97.80055,30.53785],[-97.80236,30.5378],[-97.80903,30.53639],[-97.808,30.53388],[-97.81157,30.53291],[-97.81357,30.536],[-97.81446,30.53915],[-97.8164,30.53854],[-97.81654,30.54031],[-97.81756,30.5442],[-97.82287,30.54258],[-97.82061,30.53719],[-97.83186,30.53387],[-97.83546,30.54111],[-97.83829,30.53989],[-97.84026,30.54415],[-97.8468,30.54214],[-97.84557,30.53912],[-97.84545,30.53801],[-97.84758,30.53615],[-97.84762,30.53572],[-97.84822,30.53596],[-97.86088,30.53203],[-97.86116,30.53279],[-97.86287,30.53233],[-97.86508,30.53336],[-97.86666,30.53106],[-97.86773,30.5315],[-97.86999,30.52959],[-97.87004,30.52732],[-97.87052,30.52505],[-97.87075,30.52511],[-97.87175,30.52384],[-97.87189,30.52402],[-97.87457,30.52336],[-97.87525,30.52234],[-97.87865,30.52442],[-97.87888,30.523],[-97.87939,30.52201],[-97.88063,30.52066],[-97.87691,30.51738],[-97.87753,30.51681],[-97.87809,30.51726],[-97.87844,30.51694],[-97.88075,30.51886],[-97.88112,30.51856],[-97.88253,30.51584],[-97.88283,30.51568],[-97.88318,30.5159],[-97.88241,30.51497],[-97.88135,30.51197],[-97.88321,30.51171],[-97.88515,30.51221],[-97.88647,30.50901],[-97.88571,30.50871],[-97.88443,30.50764],[-97.88284,30.50709],[-97.88242,30.5071],[-97.88231,30.5082],[-97.88206,30.50815],[-97.88184,30.50915],[-97.88048,30.5092],[-97.88038,30.50787],[-97.87453,30.508],[-97.87466,30.51022],[-97.87658,30.51343],[-97.87567,30.51403],[-97.87425,30.51435],[-97.87129,30.51158],[-97.86891,30.51389],[-97.86804,30.51241],[-97.86575,30.51413],[-97.8639,30.5125],[-97.86204,30.51176],[-97.86237,30.51086],[-97.85925,30.50293],[-97.85825,30.50163],[-97.85824,30.5006],[-97.85702,30.49744],[-97.85724,30.49642],[-97.86213,30.48939],[-97.8636,30.48854],[-97.86963,30.48381],[-97.86979,30.48057],[-97.86754,30.47869],[-97.86642,30.476],[-97.86639,30.47478],[-97.86454,30.47344],[-97.8632,30.47201],[-97.86221,30.47168],[-97.86174,30.47182],[-97.86013,30.47051],[-97.85979,30.47064],[-97.85926,30.47027],[-97.85888,30.4705],[-97.85752,30.47041],[-97.85741,30.47076],[-97.85696,30.47054],[-97.85567,30.47081],[-97.85481,30.46989],[-97.85473,30.46926],[-97.85426,30.46906],[-97.85478,30.46828],[-97.85419,30.46821],[-97.8548,30.46771],[-97.85416,30.46774],[-97.85421,30.46747],[-97.85507,30.46636],[-97.85539,30.46636],[-97.85574,30.46578],[-97.85648,30.46531],[-97.8571,30.46383],[-97.85881,30.46175],[-97.85982,30.46114],[-97.86133,30.45962],[-97.86162,30.45804],[-97.86227,30.45769],[-97.86098,30.45576],[-97.86157,30.45246],[-97.86088,30.45135],[-97.85925,30.45012],[-97.85854,30.44853],[-97.85895,30.44683],[-97.86035,30.4467],[-97.86132,30.4457],[-97.85888,30.44678],[-97.85788,30.44839],[-97.85644,30.44938],[-97.84832,30.45284],[-97.84679,30.45447],[-97.84615,30.45673],[-97.84549,30.45766],[-97.84407,30.45865],[-97.83934,30.46027],[-97.83954,30.46039],[-97.83816,30.46033],[-97.83385,30.4575],[-97.82572,30.45546],[-97.82089,30.46018],[-97.8196,30.46098],[-97.79734,30.46797],[-97.8005,30.47546],[-97.80339,30.47932],[-97.8032,30.47976],[-97.80193,30.48012],[-97.80385,30.4837],[-97.80428,30.48562],[-97.8042,30.48694],[-97.80693,30.48603],[-97.80896,30.49052],[-97.80917,30.4921],[-97.81022,30.49385],[-97.80629,30.49456],[-97.80597,30.49521],[-97.80526,30.49576],[-97.80374,30.49608],[-97.79996,30.49768],[-97.79765,30.49964],[-97.79567,30.50249],[-97.79176,30.50524],[-97.7905,30.50564],[-97.78873,30.50567],[-97.78271,30.50364],[-97.78043,30.50389],[-97.77724,30.50359],[-97.77574,30.50409],[-97.77453,30.50599],[-97.7736,30.50608],[-97.77232,30.50528],[-97.77112,30.50517],[-97.76588,30.50799],[-97.76728,30.50927],[-97.76511,30.50878],[-97.76219,30.5095],[-97.76145,30.50935],[-97.76062,30.50843],[-97.75831,30.50864],[-97.75763,30.50913],[-97.75492,30.51337],[-97.74911,30.51649],[-97.74653,30.51819],[-97.74559,30.5192],[-97.74713,30.51986],[-97.74807,30.52064],[-97.74874,30.52189],[-97.7489,30.52337],[-97.74968,30.52506],[-97.7515,30.52712],[-97.75269,30.528],[-97.75376,30.52859],[-97.75393,30.52688],[-97.75418,30.52647],[-97.75481,30.52641],[-97.75562,30.52678],[-97.75731,30.52691],[-97.75772,30.52738],[-97.75888,30.52773],[-97.76299,30.52837],[-97.76264,30.53113],[-97.76466,30.53164],[-97.76465,30.53282],[-97.76536,30.5337],[-97.76469,30.53594],[-97.76544,30.53864],[-97.76681,30.54131],[-97.75993,30.54274],[-97.76262,30.54899]]]}}
]
}
