{
"type": "FeatureCollection",
"name": "council_districts",
"xy_coordinate_resolution": 1e-05,
"features": [
{"type":"Feature","properties":{"district_number":"7","district_name":"District 7"},"geometry":{"type":"Polygon","coordinates":[[[-97.74158,30.3154],[-97.73957,30.3186],[-97.73756,30.31766],[-97.73402,30.32328],[-97.73188,30.32226],[-97.7338,30.31903],[-97.73147,30.31776],[-97.71457,30.34465],[-97.7128,30.34727],[-97.71346,30.34803],[-97.71393,30.34803],[-97.73091,30.35615],[-97.72627,30.3735],[-97.72386,30.37237],[-97.72006,30.37945],[-97.71954,30.38062],[-97.71629,30.39329],[-97.71515,30.39272],[-97.71398,30.39082],[-97.71333,30.3912],[-97.71228,30.3924],[-97.71162,30.39282],[-97.71047,30.39305],[-97.70962,30.39287],[-97.70282,30.38996],[-97.69434,30.38531],[-97.69192,30.38432],[-97.68954,30.38316],[-97.68639,30.38193],[-97.68132,30.37903],[-97.67763,30.3774],[-97.67617,30.37706],[-97.67492,30.37931],[-97.67427,30.38112],[-97.67258,30.38838],[-97.67237,30.38843],[-97.67162,30.39173],[-97.67147,30.39335],[-97.67172,30.39535],[-97.67232,30.39717],[-97.6734,30.39929],[-97.67394,30.3993],[-97.67511,30.4021],[-97.67542,30.40444],[-97.67525,30.40803],[-97.67396,30.40786],[-97.66954,30.4058],[-97.66848,30.40545],[-97.66404,30.40516],[-97.66268,30.40476],[-97.65842,30.40272],[-97.6567,30.40174],[-97.6556,30.40062],[-97.65502,30.39951],[-97.65263,30.40003],[-97.65215,30.39845],[-97.65149,30.39773],[-97.64683,30.39544],[-97.64536,30.3952],[-97.6444,30.39475],[-97.63851,30.40375],[-97.63833,30.40366],[-97.63787,30.40444],[-97.63802,30.40451],[-97.63787,30.40474],[-97.63573,30.40769],[-97.63495,30.41067],[-97.63345,30.41344],[-97.64295,30.41804],[-97.64847,30.40956],[-97.6491,30.40993],[-97.6496,30.41046],[-97.65075,30.41218],[-97.6515,30.41272],[-97.65444,30.41423],[-97.6564,30.41654],[-97.65878,30.41841],[-97.66351,30.42072],[-97.66333,30.42098],[-97.66193,30.42077],[-97.65936,30.42735],[-97.66483,30.4282],[-97.66502,30.42146],[-97.66874,30.42334],[-97.66242,30.43328],[-97.651,30.4277],[-97.64986,30.42949],[-97.65075,30.42996],[-97.65166,30.43074],[-97.65295,30.43298],[-97.65056,30.43677],[-97.66353,30.44298],[-97.6634,30.4432],[-97.66473,30.44386],[-97.66199,30.44828],[-97.66175,30.44817],[-97.66167,30.44829],[-97.66151,30.44989],[-97.66213,30.45167],[-97.66436,30.45594],[-97.66443,30.45638],[-97.66454,30.45637],[-97.66537,30.45798],[-97.66351,30.45865],[-97.6631,30.45928],[-97.66406,30.45986],[-97.66466,30.46094],[-97.66473,30.46132],[-97.66532,30.46134],[-97.66569,30.46205],[-97.66591,30.4617],[-97.66807,30.46856],[-97.66774,30.46908],[-97.66885,30.4697],[-97.66953,30.46983],[-97.67018,30.46972],[-97.67022,30.46984],[-97.67172,30.46993],[-97.67177,30.47011],[-97.67324,30.47012],[-97.67464,30.47036],[-97.67592,30.46818],[-97.67608,30.46826],[-97.67709,30.46659],[-97.67334,30.46467],[-97.67362,30.46391],[-97.67526,30.4614],[-97.66829,30.45799],[-97.66988,30.45547],[-97.66665,30.45395],[-97.66658,30.4534],[-97.66698,30.45036],[-97.6681,30.44446],[-97.6685,30.44453],[-97.66856,30.44421],[-97.66932,30.44459],[-97.66991,30.44365],[-97.66875,30.4431],[-97.66883,30.44267],[-97.66862,30.44254],[-97.66947,30.43966],[-97.66965,30.43858],[-97.66982,30.43516],[-97.67109,30.42845],[-97.67146,30.42861],[-97.67152,30.42829],[-97.67276,30.42892],[-97.67296,30.42758],[-97.6714,30.42686],[-97.67191,30.42458],[-97.68429,30.43061],[-97.68246,30.43359],[-97.68635,30.43547],[-97.68672,30.4349],[-97.69783,30.44021],[-97.69582,30.44554],[-97.69552,30.44916],[-97.69837,30.45046],[-97.69948,30.44901],[-97.70178,30.45017],[-97.70031,30.45252],[-97.69911,30.45196],[-97.69536,30.45215],[-97.69503,30.45824],[-97.6946,30.4615],[-97.69579,30.4616],[-97.69599,30.4614],[-97.70399,30.4585],[-97.7152,30.45865],[-97.71814,30.45723],[-97.72099,30.4527],[-97.72266,30.44945],[-97.72399,30.44951],[-97.72462,30.4494],[-97.7285,30.44825],[-97.72807,30.44824],[-97.72406,30.4494],[-97.72271,30.44934],[-97.72743,30.43968],[-97.72796,30.43772],[-97.73002,30.42695],[-97.73016,30.42597],[-97.73013,30.42415],[-97.72922,30.41208],[-97.73104,30.41316],[-97.7316,30.41251],[-97.73726,30.41521],[-97.73771,30.41452],[-97.73983,30.41302],[-97.74067,30.41172],[-97.7445,30.41353],[-97.74478,30.41307],[-97.74527,30.41283],[-97.74575,30.4153],[-97.74628,30.41507],[-97.74543,30.41034],[-97.74534,30.40792],[-97.74499,30.40788],[-97.74633,30.39405],[-97.74598,30.39168],[-97.74146,30.38271],[-97.74088,30.38199],[-97.73913,30.38049],[-97.73619,30.37868],[-97.73645,30.3777],[-97.73855,30.37299],[-97.74346,30.3612],[-97.75028,30.34678],[-97.7554,30.3354],[-97.7557,30.33082],[-97.75554,30.33075],[-97.75572,30.32136],[-97.75502,30.3213],[-97.75317,30.32045],[-97.7524,30.32043],[-97.74158,30.3154]],[[-97.67434,30.46541],[-97.6761,30.46627],[-97.67639,30.46659],[-97.67641,30.4671],[-97.67563,30.46841],[-97.67362,30.46757],[-97.67268,30.46863],[-97.67174,30.46901],[-97.67149,30.46933],[-97.67131,30.46936],[-97.67114,30.46895],[-97.67237,30.46845],[-97.67264,30.46786],[-97.67302,30.46763],[-97.67305,30.4675],[-97.67279,30.46723],[-97.67282,30.46704],[-97.67301,30.46696],[-97.67299,30.46646],[-97.67329,30.4662],[-97.67384,30.46617],[-97.67434,30.46541]],[[-97.66873,30.46254],[-97.67127,30.46379],[-97.67206,30.46632],[-97.67076,30.46823],[-97.67008,30.46678],[-97.66873,30.46254]],[[-97.66281,30.45201],[-97.66569,30.45339],[-97.66568,30.45352],[-97.66551,30.45344],[-97.66506,30.45572],[-97.66444,30.45541],[-97.66281,30.45201]],[[-97.66556,30.44874],[-97.66647,30.44891],[-97.66616,30.45051],[-97.66506,30.45],[-97.665,30.44954],[-97.66527,30.44944],[-97.66556,30.44874]],[[-97.70553,30.43964],[-97.7073,30.4405],[-97.70782,30.44095],[-97.70672,30.44271],[-97.71233,30.44499],[-97.70868,30.45061],[-97.70821,30.45037],[-97.71078,30.44638],[-97.70998,30.446],[-97.71072,30.4449],[-97.70796,30.44385],[-97.70783,30.44379],[-97.70795,30.44358],[-97.70243,30.44142],[-97.70211,30.44087],[-97.70419,30.44172],[-97.70553,30.43964]]]}},
{"type":"Feature","properties":{"district_number":"10","district_name":"District 10"},"geometry":{"type":"MultiPolygon","coordinates":[[[[-97.8644,30.35886],[-97.86456,30.35866],[-97.86437,30.35854],[-97.86426,30.35867],[-97.8644,30.35886]]],[[[-97.86372,30.36039],[-97.86405,30.35979],[-97.86353,30.3597],[-97.86336,30.36025],[-97.86372,30.36039]]],[[[-97.86069,30.37563],[-97.86041,30.37595],[-97.86102,30.37634],[-97.86128,30.37603],[-97.86121,30.37565],[-97.86099,30.37552],[-97.86069,30.37563]]],[[[-97.86435,30.36282],[-97.86486,30.36243],[-97.86461,30.36167],[-97.86364,30.36189],[-97.86397,30.36292],[-97.86435,30.36282]]],[[[-97.87961,30.39665],[-97.88007,30.39801],[-97.88089,30.39762],[-97.88103,30.39709],[-97.88093,30.39685],[-97.87961,30.39665]]],[[[-97.86267,30.3748],[-97.86216,30.37507],[-97.86239,30.37566],[-97.86225,30.37631],[-97.86248,30.37705],[-97.86224,30.37773],[-97.86262,30.37792],[-97.8631,30.37768],[-97.86336,30.37698],[-97.86323,30.37632],[-97.86337,30.37564],[-97.86329,30.37517],[-97.86305,30.37491],[-97.86267,30.3748]]],[[[-97.78671,30.405],[-97.78815,30.4049],[-97.78651,30.40439],[-97.78552,30.40367],[-97.78445,30.4021],[-97.78362,30.40017],[-97.78315,30.39959],[-97.78306,30.39978],[-97.78378,30.40195],[-97.78468,30.40341],[-97.78638,30.40487],[-97.78671,30.405]]],[[[-97.87959,30.3966],[-97.87884,30.39447],[-97.87852,30.39434],[-97.87821,30.39477],[-97.87784,30.3949],[-97.87684,30.39419],[-97.87691,30.39539],[-97.87752,30.39659],[-97.87822,30.39677],[-97.87873,30.39648],[-97.87959,30.3966]]],[[[-97.86548,30.44243],[-97.86296,30.44414],[-97.86173,30.44526],[-97.85903,30.44661],[-97.85856,30.44708],[-97.85784,30.44834],[-97.85523,30.44985],[-97.85721,30.44891],[-97.85805,30.4483],[-97.85901,30.44692],[-97.86197,30.44544],[-97.86318,30.44435],[-97.86566,30.44263],[-97.86558,30.44253],[-97.8669,30.44203],[-97.86849,30.44121],[-97.86976,30.43997],[-97.8719,30.44098],[-97.87373,30.43986],[-97.87508,30.43877],[-97.8757,30.4381],[-97.87633,30.43544],[-97.87682,30.43475],[-97.87717,30.43441],[-97.87779,30.43415],[-97.87836,30.43412],[-97.87877,30.43426],[-97.87879,30.43396],[-97.87803,30.43384],[-97.87802,30.43353],[-97.87905,30.43357],[-97.8794,30.43216],[-97.8801,30.43217],[-97.88025,30.43109],[-97.87917,30.43112],[-97.87913,30.4313],[-97.87807,30.43092],[-97.87782,30.43112],[-97.87693,30.43022],[-97.87609,30.43027],[-97.87545,30.43151],[-97.87497,30.43152],[-97.875,30.43036],[-97.87453,30.43017],[-97.87503,30.42797],[-97.87448,30.42793],[-97.87411,30.42712],[-97.87363,30.42681],[-97.87393,30.42616],[-97.87527,30.42683],[-97.87515,30.42745],[-97.87864,30.42801],[-97.88377,30.42216],[-97.88853,30.42513],[-97.89034,30.42369],[-97.89155,30.42322],[-97.89209,30.42335],[-97.89316,30.42455],[-97.89385,30.42476],[-97.89439,30.42474],[-97.89504,30.42447],[-97.89573,30.42385],[-97.89648,30.42293],[-97.89716,30.42176],[-97.89762,30.42131],[-97.90066,30.41976],[-97.90143,30.41909],[-97.90221,30.41811],[-97.90269,30.41709],[-97.90284,30.4161],[-97.90269,30.40852],[-97.90313,30.40744],[-97.9034,30.40591],[-97.90327,30.40542],[-97.90254,30.40458],[-97.90198,30.40439],[-97.90086,30.40431],[-97.89976,30.40356],[-97.89924,30.40369],[-97.89901,30.40409],[-97.89868,30.4039],[-97.89838,30.40393],[-97.89807,30.40426],[-97.898,30.40532],[-97.89815,30.40689],[-97.89838,30.40761],[-97.89731,30.40668],[-97.89614,30.40613],[-97.89512,30.40601],[-97.89465,30.40622],[-97.89444,30.40651],[-97.89412,30.40753],[-97.89422,30.40823],[-97.89476,30.40885],[-97.89609,30.40948],[-97.89585,30.40968],[-97.89531,30.4099],[-97.89395,30.41009],[-97.8929,30.4105],[-97.89244,30.41046],[-97.89198,30.41023],[-97.89147,30.4103],[-97.89135,30.41011],[-97.89062,30.41031],[-97.89031,30.41013],[-97.89017,30.40959],[-97.88981,30.4092],[-97.88913,30.40895],[-97.88833,30.40898],[-97.88793,30.4092],[-97.88768,30.40961],[-97.88784,30.41118],[-97.88773,30.41137],[-97.88566,30.4121],[-97.88488,30.41221],[-97.88181,30.41165],[-97.88202,30.41113],[-97.88204,30.4104],[-97.88108,30.41033],[-97.87975,30.40942],[-97.87885,30.40715],[-97.87872,30.40534],[-97.87999,30.40213],[-97.88115,30.40088],[-97.88374,30.39888],[-97.88837,30.39701],[-97.89492,30.39571],[-97.89914,30.3953],[-97.90407,30.39432],[-97.90779,30.39328],[-97.90858,30.39459],[-97.91019,30.39385],[-97.91143,30.39291],[-97.91297,30.39218],[-97.91476,30.38977],[-97.91556,30.38897],[-97.91639,30.38741],[-97.91676,30.38585],[-97.91691,30.38311],[-97.91664,30.37997],[-97.91691,30.37813],[-97.91755,30.37795],[-97.91798,30.37765],[-97.91827,30.37724],[-97.91838,30.37669],[-97.9183,30.37622],[-97.91784,30.37543],[-97.91689,30.37489],[-97.91676,30.37116],[-97.91654,30.37065],[-97.91633,30.36756],[-97.91639,30.36693],[-97.91582,30.36435],[-97.91658,30.36419],[-97.91717,30.3637],[-97.91743,30.36308],[-97.91749,30.36238],[-97.91727,30.36185],[-97.91693,30.36148],[-97.91575,30.36098],[-97.91591,30.36024],[-97.91604,30.35991],[-97.91697,30.35948],[-97.91746,30.35891],[-97.91755,30.3582],[-97.91732,30.35768],[-97.91785,30.35684],[-97.91806,30.35615],[-97.91993,30.35666],[-97.9203,30.35736],[-97.92108,30.35784],[-97.92189,30.35792],[-97.92241,30.35777],[-97.92284,30.35747],[-97.92321,30.35683],[-97.92324,30.35604],[-97.92313,30.35542],[-97.92282,30.35483],[-97.9219,30.35412],[-97.92011,30.35357],[-97.92409,30.35022],[-97.92462,30.35006],[-97.92505,30.34976],[-97.92572,30.34871],[-97.92746,30.34685],[-97.92802,30.34638],[-97.92871,30.34622],[-97.92925,30.34583],[-97.92954,30.34542],[-97.92964,30.34482],[-97.9302,30.34418],[-97.93194,30.34248],[-97.93271,30.34188],[-97.93367,30.34144],[-97.93395,30.34102],[-97.93406,30.34051],[-97.93522,30.33923],[-97.93616,30.33936],[-97.93691,30.33907],[-97.93727,30.33871],[-97.93752,30.33802],[-97.93809,30.33751],[-97.93834,30.33698],[-97.93835,30.3364],[-97.93797,30.33566],[-97.93722,30.33517],[-97.93725,30.33401],[-97.93695,30.33232],[-97.93631,30.33092],[-97.93662,30.32998],[-97.93643,30.32929],[-97.93603,30.32887],[-97.93556,30.32862],[-97.93502,30.32853],[-97.93447,30.32861],[-97.93044,30.32541],[-97.92763,30.3246],[-97.92645,30.32467],[-97.92355,30.3244],[-97.92173,30.32393],[-97.92113,30.3249],[-97.92091,30.32492],[-97.92111,30.3238],[-97.92097,30.32379],[-97.92064,30.32438],[-97.92065,30.32492],[-97.92019,30.32505],[-97.91994,30.32489],[-97.91974,30.32512],[-97.91481,30.32672],[-97.91131,30.32858],[-97.9111,30.32855],[-97.9112,30.32759],[-97.91074,30.32736],[-97.91052,30.32762],[-97.91072,30.3281],[-97.91076,30.32867],[-97.91062,30.32901],[-97.90836,30.33016],[-97.9082,30.3294],[-97.90739,30.32778],[-97.9117,30.32108],[-97.91137,30.32072],[-97.9108,30.31947],[-97.91044,30.31721],[-97.91068,30.31544],[-97.91002,30.31374],[-97.90956,30.31301],[-97.90882,30.31009],[-97.90856,30.31012],[-97.89922,30.32378],[-97.89506,30.33023],[-97.89147,30.32854],[-97.89112,30.32869],[-97.88861,30.33293],[-97.88901,30.33313],[-97.88926,30.33393],[-97.88913,30.33633],[-97.88856,30.33693],[-97.88799,30.33718],[-97.88742,30.33763],[-97.88691,30.3377],[-97.88612,30.33849],[-97.8852,30.33898],[-97.88483,30.33901],[-97.88543,30.34039],[-97.88469,30.34042],[-97.88442,30.34065],[-97.88389,30.34061],[-97.88353,30.34088],[-97.88229,30.34131],[-97.88255,30.34047],[-97.88216,30.33961],[-97.88125,30.33915],[-97.88028,30.33925],[-97.87952,30.33989],[-97.8791,30.34146],[-97.87843,30.3415],[-97.87782,30.3418],[-97.87743,30.34229],[-97.87733,30.34282],[-97.87586,30.34289],[-97.87466,30.34372],[-97.87429,30.34386],[-97.87418,30.34368],[-97.87343,30.34447],[-97.87201,30.34502],[-97.87078,30.34571],[-97.86855,30.34753],[-97.86759,30.34715],[-97.86657,30.34738],[-97.86613,30.34776],[-97.86574,30.34842],[-97.86569,30.34929],[-97.86479,30.34997],[-97.86365,30.35004],[-97.86287,30.35069],[-97.86218,30.35036],[-97.86129,30.35038],[-97.86048,30.35087],[-97.85995,30.35191],[-97.85901,30.35207],[-97.85865,30.35194],[-97.85776,30.35198],[-97.85815,30.35059],[-97.85799,30.35006],[-97.85754,30.34958],[-97.85696,30.34932],[-97.85634,30.34929],[-97.85576,30.34948],[-97.85531,30.34983],[-97.85433,30.34996],[-97.85396,30.34917],[-97.85304,30.34869],[-97.85287,30.34808],[-97.85252,30.34764],[-97.85184,30.34731],[-97.85106,30.34727],[-97.85136,30.34689],[-97.85151,30.34637],[-97.85137,30.34576],[-97.85101,30.34532],[-97.85044,30.34502],[-97.8483,30.34531],[-97.84822,30.34511],[-97.84816,30.34459],[-97.84837,30.34452],[-97.84808,30.34446],[-97.84795,30.3441],[-97.84812,30.344],[-97.84796,30.34385],[-97.84896,30.34374],[-97.84902,30.344],[-97.8498,30.3439],[-97.84943,30.34339],[-97.8491,30.34212],[-97.85028,30.342],[-97.85136,30.34152],[-97.85187,30.3409],[-97.85249,30.34092],[-97.85315,30.34069],[-97.85367,30.34017],[-97.85382,30.33941],[-97.85371,30.33904],[-97.85233,30.33896],[-97.85123,30.33868],[-97.8512,30.3393],[-97.85055,30.33926],[-97.84939,30.33826],[-97.85065,30.33782],[-97.85038,30.33727],[-97.84998,30.33693],[-97.84867,30.33643],[-97.84838,30.33612],[-97.8488,30.33555],[-97.84887,30.3349],[-97.84866,30.3344],[-97.8483,30.33405],[-97.84848,30.33348],[-97.84844,30.33303],[-97.84821,30.33256],[-97.84767,30.33201],[-97.84753,30.33077],[-97.84708,30.32976],[-97.84797,30.32916],[-97.8482,30.32866],[-97.84819,30.3282],[-97.84797,30.3277],[-97.84761,30.32736],[-97.84647,30.32705],[-97.84545,30.32645],[-97.84515,30.3257],[-97.84605,30.32444],[-97.84621,30.32385],[-97.84572,30.32245],[-97.84538,30.322],[-97.84477,30.32167],[-97.84397,30.32162],[-97.84339,30.32182],[-97.84299,30.32215],[-97.84222,30.3223],[-97.84157,30.32274],[-97.84091,30.32243],[-97.83951,30.32204],[-97.83763,30.32173],[-97.83478,30.32176],[-97.82983,30.32266],[-97.82951,30.32312],[-97.82728,30.32419],[-97.82621,30.32511],[-97.82488,30.3239],[-97.82502,30.32345],[-97.82481,30.32222],[-97.82543,30.32205],[-97.82612,30.32157],[-97.82686,30.3204],[-97.82729,30.31925],[-97.82778,30.31851],[-97.83017,30.31669],[-97.83029,30.31636],[-97.83032,30.31453],[-97.82997,30.31386],[-97.83074,30.31346],[-97.83133,30.31355],[-97.8317,30.3127],[-97.83158,30.31225],[-97.83062,30.31122],[-97.83052,30.3104],[-97.8299,30.30932],[-97.82953,30.30764],[-97.82979,30.30703],[-97.83027,30.30673],[-97.83179,30.30659],[-97.83176,30.30646],[-97.83012,30.30468],[-97.83042,30.30386],[-97.82905,30.30342],[-97.82914,30.30293],[-97.82822,30.30255],[-97.82783,30.30321],[-97.82686,30.30319],[-97.82635,30.30408],[-97.82596,30.30412],[-97.82531,30.30576],[-97.82539,30.30691],[-97.82697,30.31239],[-97.82684,30.31403],[-97.82618,30.31551],[-97.82534,30.31649],[-97.8244,30.31721],[-97.81552,30.32189],[-97.81433,30.32293],[-97.79972,30.34576],[-97.79684,30.34999],[-97.79683,30.34984],[-97.79622,30.34957],[-97.79152,30.34628],[-97.7897,30.34483],[-97.78831,30.34356],[-97.78656,30.34137],[-97.78106,30.33223],[-97.78093,30.33225],[-97.77976,30.33054],[-97.77861,30.3284],[-97.77651,30.32384],[-97.77608,30.32218],[-97.77613,30.32092],[-97.77567,30.31803],[-97.7759,30.31361],[-97.77788,30.30835],[-97.77916,30.30622],[-97.78052,30.30444],[-97.78388,30.30064],[-97.78599,30.29738],[-97.7859,30.29553],[-97.78559,30.2936],[-97.78527,30.29316],[-97.78612,30.29168],[-97.78577,30.29],[-97.78566,30.28678],[-97.78428,30.28431],[-97.77949,30.27977],[-97.77668,30.27754],[-97.77279,30.27489],[-97.77148,30.27381],[-97.76738,30.2794],[-97.76516,30.28372],[-97.76375,30.28588],[-97.76309,30.28553],[-97.76032,30.2835],[-97.75655,30.28242],[-97.75186,30.27894],[-97.75118,30.27736],[-97.75068,30.27885],[-97.75044,30.28056],[-97.75053,30.28102],[-97.75098,30.28233],[-97.75254,30.28414],[-97.7531,30.28516],[-97.7532,30.28651],[-97.75278,30.28853],[-97.75333,30.28869],[-97.75214,30.29011],[-97.75173,30.29138],[-97.75124,30.29192],[-97.75021,30.29216],[-97.74929,30.29208],[-97.74792,30.29229],[-97.74753,30.29251],[-97.74741,30.29277],[-97.74822,30.2946],[-97.7491,30.2959],[-97.74942,30.29691],[-97.74993,30.29729],[-97.75018,30.2977],[-97.74918,30.29883],[-97.74853,30.29904],[-97.74744,30.29903],[-97.7472,30.29924],[-97.74712,30.29956],[-97.74748,30.30014],[-97.74907,30.30145],[-97.74966,30.30244],[-97.7501,30.30266],[-97.75002,30.30305],[-97.74883,30.30472],[-97.74472,30.3027],[-97.74005,30.30995],[-97.73758,30.31346],[-97.7524,30.32043],[-97.75317,30.32045],[-97.75502,30.3213],[-97.75572,30.32136],[-97.75554,30.33075],[-97.7557,30.33082],[-97.7554,30.3354],[-97.75028,30.34678],[-97.74346,30.3612],[-97.73855,30.37299],[-97.73645,30.3777],[-97.73619,30.37868],[-97.73913,30.38049],[-97.74088,30.38199],[-97.74146,30.38271],[-97.74598,30.39168],[-97.74633,30.39405],[-97.74499,30.40788],[-97.74534,30.40792],[-97.74543,30.41034],[-97.74628,30.41507],[-97.746,30.41519],[-97.74671,30.41907],[-97.74722,30.42158],[-97.74785,30.42287],[-97.74883,30.42397],[-97.74976,30.42461],[-97.76562,30.43241],[-97.768,30.43257],[-97.76921,30.43241],[-97.77635,30.42977],[-97.7773,30.43195],[-97.77932,30.43134],[-97.78139,30.43012],[-97.78245,30.42921],[-97.78132,30.42779],[-97.78084,30.42754],[-97.7794,30.42617],[-97.77907,30.42664],[-97.77885,30.42669],[-97.7781,30.42631],[-97.77774,30.4256],[-97.77874,30.42474],[-97.77975,30.42315],[-97.78055,30.42075],[-97.7818,30.41502],[-97.77944,30.41482],[-97.77929,30.41585],[-97.77752,30.41585],[-97.77685,30.41607],[-97.77582,30.4167],[-97.77529,30.41792],[-97.7749,30.41787],[-97.77467,30.41773],[-97.7741,30.41683],[-97.77344,30.41629],[-97.7729,30.41543],[-97.77179,30.41458],[-97.77159,30.41332],[-97.77103,30.41248],[-97.76959,30.41136],[-97.76897,30.4112],[-97.76828,30.41145],[-97.76854,30.41103],[-97.77206,30.41028],[-97.77197,30.40983],[-97.77253,30.40853],[-97.77231,30.40777],[-97.77257,30.40739],[-97.77371,30.40678],[-97.77389,30.40625],[-97.77381,30.40579],[-97.77326,30.40476],[-97.77345,30.40373],[-97.77262,30.40258],[-97.77186,30.40217],[-97.7719,30.40144],[-97.77207,30.40108],[-97.77173,30.40077],[-97.77157,30.4004],[-97.77157,30.39939],[-97.77091,30.39918],[-97.77043,30.39884],[-97.76984,30.39799],[-97.76993,30.39684],[-97.76974,30.39594],[-97.7704,30.3948],[-97.77155,30.39431],[-97.77228,30.39423],[-97.77319,30.39373],[-97.77361,30.39333],[-97.77346,30.39294],[-97.77353,30.39266],[-97.77404,30.39235],[-97.77411,30.39216],[-97.77386,30.39169],[-97.77399,30.39129],[-97.77381,30.39083],[-97.77433,30.39077],[-97.77494,30.39039],[-97.77481,30.39029],[-97.7755,30.39002],[-97.77772,30.38942],[-97.77845,30.38966],[-97.77923,30.39027],[-97.77937,30.39074],[-97.77887,30.39143],[-97.78093,30.39216],[-97.78056,30.39276],[-97.78164,30.39329],[-97.78011,30.39396],[-97.77998,30.39432],[-97.77975,30.39433],[-97.77937,30.39403],[-97.77896,30.39415],[-97.7788,30.39519],[-97.77758,30.39632],[-97.77909,30.39727],[-97.78157,30.398],[-97.7822,30.39844],[-97.78327,30.39959],[-97.7831,30.39846],[-97.78344,30.3983],[-97.78501,30.39949],[-97.78458,30.39992],[-97.78381,30.40015],[-97.78483,30.40237],[-97.78573,30.40357],[-97.7866,30.40415],[-97.78721,30.40435],[-97.78754,30.40391],[-97.79276,30.40313],[-97.7934,30.40271],[-97.79442,30.40126],[-97.79727,30.40126],[-97.79883,30.39883],[-97.80073,30.39973],[-97.80133,30.39885],[-97.80499,30.40087],[-97.81237,30.40414],[-97.81083,30.40652],[-97.81746,30.40972],[-97.81742,30.40983],[-97.8151,30.41337],[-97.8142,30.41306],[-97.81251,30.41582],[-97.80744,30.41623],[-97.80576,30.41877],[-97.80791,30.41891],[-97.80903,30.41883],[-97.80956,30.41903],[-97.80956,30.41916],[-97.81025,30.41935],[-97.81103,30.41934],[-97.81278,30.41901],[-97.81489,30.42004],[-97.81617,30.42102],[-97.82451,30.42609],[-97.83737,30.42725],[-97.83793,30.42875],[-97.83793,30.43076],[-97.83742,30.43238],[-97.83714,30.43516],[-97.83528,30.43971],[-97.83592,30.43999],[-97.83738,30.43839],[-97.84077,30.43982],[-97.84096,30.43954],[-97.8413,30.43999],[-97.8446,30.4324],[-97.84565,30.43328],[-97.84605,30.43431],[-97.84777,30.43643],[-97.84814,30.43671],[-97.84898,30.43666],[-97.84933,30.436],[-97.8514,30.43519],[-97.85396,30.43596],[-97.85424,30.43661],[-97.85635,30.43735],[-97.86329,30.43419],[-97.85968,30.42825],[-97.86039,30.42775],[-97.86143,30.42824],[-97.8687,30.41712],[-97.86885,30.41906],[-97.86933,30.42048],[-97.87004,30.4216],[-97.87122,30.42294],[-97.8724,30.42495],[-97.87241,30.42556],[-97.87084,30.42805],[-97.87339,30.42928],[-97.86935,30.4354],[-97.87133,30.43703],[-97.86973,30.43849],[-97.86788,30.43677],[-97.86368,30.44072],[-97.86548,30.44243]],[[-97.88746,30.42205],[-97.88435,30.4209],[-97.88509,30.42063],[-97.88605,30.42005],[-97.88666,30.41914],[-97.88778,30.41899],[-97.88919,30.41948],[-97.88746,30.42205]],[[-97.87756,30.41811],[-97.87281,30.42552],[-97.87267,30.42545],[-97.87248,30.4245],[-97.87143,30.42283],[-97.87024,30.42147],[-97.8696,30.42048],[-97.86913,30.41915],[-97.86897,30.41679],[-97.86885,30.41685],[-97.86746,30.41478],[-97.86696,30.41371],[-97.86627,30.41306],[-97.86476,30.41221],[-97.8642,30.41174],[-97.86311,30.40932],[-97.8624,30.4086],[-97.86155,30.40803],[-97.85914,30.40693],[-97.85773,30.40595],[-97.85631,30.4053],[-97.85474,30.40429],[-97.85607,30.40194],[-97.85556,30.40146],[-97.85586,30.40086],[-97.85644,30.40109],[-97.8567,30.40052],[-97.85618,30.40031],[-97.85746,30.39777],[-97.85867,30.39698],[-97.86702,30.39506],[-97.87228,30.39399],[-97.87649,30.39278],[-97.87679,30.39362],[-97.87967,30.39294],[-97.88216,30.3932],[-97.88254,30.39401],[-97.88255,30.39485],[-97.8819,30.39592],[-97.88249,30.39647],[-97.88287,30.39654],[-97.88489,30.39556],[-97.88778,30.39448],[-97.89161,30.39372],[-97.8925,30.39316],[-97.89291,30.39245],[-97.89323,30.39223],[-97.8948,30.3929],[-97.89622,30.39303],[-97.89756,30.39283],[-97.89995,30.39206],[-97.90106,30.39142],[-97.90157,30.39088],[-97.90193,30.39016],[-97.90267,30.38977],[-97.90318,30.38973],[-97.90447,30.38999],[-97.90531,30.38971],[-97.90713,30.3908],[-97.90384,30.3926],[-97.89816,30.39362],[-97.89182,30.39434],[-97.88841,30.39515],[-97.88517,30.39636],[-97.8805,30.3996],[-97.88089,30.3991],[-97.87999,30.39841],[-97.87923,30.39825],[-97.87904,30.3981],[-97.87863,30.39858],[-97.87951,30.39893],[-97.88048,30.39963],[-97.87852,30.40221],[-97.87739,30.40449],[-97.87777,30.40784],[-97.87855,30.40988],[-97.87989,30.41098],[-97.87865,30.41281],[-97.8778,30.41233],[-97.87777,30.41195],[-97.87747,30.4116],[-97.87684,30.41146],[-97.87653,30.41153],[-97.87586,30.41107],[-97.87579,30.41005],[-97.87521,30.40951],[-97.87485,30.40853],[-97.87483,30.40932],[-97.87509,30.41005],[-97.8747,30.41049],[-97.87447,30.41145],[-97.87406,30.41157],[-97.87403,30.41248],[-97.87682,30.41222],[-97.87688,30.41272],[-97.87741,30.41309],[-97.87797,30.41328],[-97.87867,30.41325],[-97.87597,30.4174],[-97.87756,30.41811]],[[-97.9129,30.38174],[-97.91248,30.38146],[-97.91361,30.38068],[-97.91372,30.38172],[-97.91297,30.38175],[-97.91269,30.38209],[-97.9129,30.38174]],[[-97.91488,30.36933],[-97.91487,30.36893],[-97.91567,30.36867],[-97.91565,30.3691],[-97.91488,30.36933]],[[-97.85264,30.35024],[-97.8533,30.34972],[-97.85616,30.35127],[-97.85511,30.35153],[-97.85443,30.35217],[-97.85307,30.35148],[-97.85306,30.35136],[-97.85201,30.35075],[-97.85236,30.35031],[-97.85264,30.35024]],[[-97.84591,30.36434],[-97.83443,30.35879],[-97.83258,30.35827],[-97.83263,30.35817],[-97.83182,30.3586],[-97.831,30.35848],[-97.83034,30.36033],[-97.81752,30.35411],[-97.81722,30.35557],[-97.81517,30.35763],[-97.81513,30.35786],[-97.81463,30.35837],[-97.81472,30.35916],[-97.81438,30.35931],[-97.81431,30.35979],[-97.81393,30.36061],[-97.8142,30.35994],[-97.81104,30.35926],[-97.81084,30.35864],[-97.81109,30.35859],[-97.8121,30.35687],[-97.80974,30.35576],[-97.80969,30.35465],[-97.80815,30.35356],[-97.80857,30.35292],[-97.80973,30.35245],[-97.80954,30.3521],[-97.80891,30.35218],[-97.80925,30.35197],[-97.81002,30.35108],[-97.81067,30.35127],[-97.81078,30.351],[-97.8112,30.35153],[-97.81159,30.35166],[-97.81233,30.35132],[-97.81289,30.35123],[-97.81305,30.35137],[-97.81291,30.35102],[-97.81306,30.35073],[-97.81345,30.35056],[-97.81382,30.35058],[-97.81504,30.35113],[-97.81434,30.35059],[-97.81367,30.35033],[-97.81306,30.35034],[-97.81199,30.35103],[-97.81146,30.35046],[-97.81166,30.34989],[-97.81147,30.34954],[-97.81214,30.34837],[-97.81268,30.34828],[-97.81255,30.3478],[-97.81325,30.34753],[-97.81317,30.3471],[-97.81389,30.34682],[-97.81372,30.34673],[-97.81374,30.34646],[-97.81355,30.34618],[-97.81389,30.34558],[-97.81815,30.34757],[-97.81762,30.34829],[-97.828,30.35324],[-97.82656,30.35552],[-97.83201,30.35807],[-97.83212,30.35774],[-97.83269,30.35804],[-97.83378,30.35767],[-97.83508,30.35693],[-97.83618,30.35746],[-97.83544,30.35863],[-97.83914,30.36042],[-97.84099,30.35754],[-97.8415,30.35804],[-97.84282,30.35879],[-97.84328,30.3589],[-97.84372,30.35872],[-97.84398,30.35877],[-97.84783,30.36063],[-97.84741,30.36201],[-97.84591,30.36434]],[[-97.81404,30.36254],[-97.81402,30.36246],[-97.81404,30.36219],[-97.81399,30.36184],[-97.81404,30.36172],[-97.81399,30.36184],[-97.81404,30.36219],[-97.81404,30.36254]],[[-97.81411,30.36279],[-97.8117,30.36215],[-97.81116,30.36213],[-97.81022,30.36263],[-97.80922,30.36288],[-97.80733,30.36404],[-97.80658,30.36399],[-97.80737,30.36386],[-97.80934,30.36269],[-97.81093,30.36216],[-97.81142,30.36208],[-97.81407,30.36267],[-97.81404,30.36255],[-97.81586,30.36256],[-97.81695,30.36232],[-97.81822,30.36288],[-97.81947,30.36249],[-97.82107,30.36261],[-97.82144,30.36282],[-97.82191,30.36372],[-97.82245,30.36389],[-97.82659,30.3638],[-97.82865,30.36455],[-97.82891,30.36445],[-97.82965,30.36367],[-97.83043,30.36256],[-97.83019,30.36326],[-97.82983,30.36369],[-97.82896,30.36459],[-97.82865,30.36469],[-97.82647,30.36393],[-97.82235,30.36408],[-97.82183,30.36394],[-97.82136,30.36293],[-97.82089,30.36273],[-97.8194,30.36263],[-97.81825,30.36303],[-97.81704,30.36244],[-97.81588,30.36268],[-97.81407,30.36267],[-97.81411,30.36279]],[[-97.80351,30.36472],[-97.80135,30.3682],[-97.80026,30.36729],[-97.80081,30.36645],[-97.8011,30.3666],[-97.80277,30.36398],[-97.80351,30.36472]],[[-97.80327,30.36323],[-97.80464,30.36374],[-97.80584,30.3639],[-97.80429,30.36386],[-97.80321,30.36331],[-97.80327,30.36323]],[[-97.81404,30.3617],[-97.81397,30.36149],[-97.8139,30.3614],[-97.81397,30.36149],[-97.81404,30.3617]],[[-97.81386,30.36134],[-97.81386,30.36116],[-97.81386,30.36117],[-97.81386,30.36134]],[[-97.81389,30.36089],[-97.81385,30.36112],[-97.81393,30.36063],[-97.81389,30.36089]],[[-97.80784,30.35274],[-97.80741,30.35305],[-97.80655,30.35332],[-97.80676,30.35299],[-97.80784,30.35274]],[[-97.84939,30.34201],[-97.84893,30.34105],[-97.84937,30.34077],[-97.84995,30.34127],[-97.84939,30.34201]],[[-97.80659,30.34822],[-97.80523,30.34903],[-97.80412,30.34898],[-97.80348,30.34846],[-97.80252,30.34833],[-97.80303,30.34753],[-97.80357,30.34726],[-97.80427,30.34616],[-97.80398,30.34569],[-97.80481,30.34442],[-97.80551,30.34476],[-97.80561,30.34462],[-97.80729,30.34544],[-97.80805,30.3443],[-97.80852,30.34453],[-97.80882,30.34406],[-97.80893,30.34412],[-97.81031,30.34196],[-97.81058,30.34209],[-97.80965,30.34367],[-97.8092,30.34403],[-97.80898,30.34502],[-97.80759,30.34712],[-97.80659,30.34822]],[[-97.82499,30.34091],[-97.8242,30.34189],[-97.82286,30.34048],[-97.82204,30.34019],[-97.82258,30.339],[-97.82184,30.33871],[-97.82077,30.33884],[-97.82159,30.33765],[-97.82241,30.33752],[-97.82378,30.33777],[-97.82402,30.33833],[-97.82473,30.33927],[-97.82507,30.34045],[-97.82499,30.34091]],[[-97.82006,30.34161],[-97.81997,30.34053],[-97.82101,30.34019],[-97.82119,30.34144],[-97.8205,30.34142],[-97.82006,30.34161]],[[-97.8214,30.33646],[-97.82145,30.33685],[-97.8212,30.33698],[-97.82022,30.33659],[-97.82084,30.33604],[-97.82074,30.33616],[-97.8214,30.33646]],[[-97.86314,30.39428],[-97.87483,30.37592],[-97.87504,30.37602],[-97.87514,30.37589],[-97.88406,30.36235],[-97.87945,30.36008],[-97.88208,30.35592],[-97.88274,30.35617],[-97.88303,30.35586],[-97.88922,30.34651],[-97.89021,30.34665],[-97.89104,30.34629],[-97.89144,30.34581],[-97.89164,30.34484],[-97.89708,30.34341],[-97.89743,30.34373],[-97.89755,30.34451],[-97.89829,30.34516],[-97.89925,30.34528],[-97.90004,30.34502],[-97.90049,30.34461],[-97.90126,30.34432],[-97.90165,30.3439],[-97.90189,30.3433],[-97.90172,30.34261],[-97.90094,30.34171],[-97.90306,30.34029],[-97.90368,30.34021],[-97.9042,30.33993],[-97.90457,30.3395],[-97.90471,30.33889],[-97.9052,30.33842],[-97.90699,30.33734],[-97.90721,30.33675],[-97.90853,30.33592],[-97.91054,30.33617],[-97.91078,30.33723],[-97.91175,30.33718],[-97.91357,30.33662],[-97.91416,30.33683],[-97.91582,30.33789],[-97.91917,30.33806],[-97.92012,30.33826],[-97.92004,30.33796],[-97.92463,30.33889],[-97.92733,30.34041],[-97.92625,30.34149],[-97.9257,30.34164],[-97.92527,30.34194],[-97.92498,30.34235],[-97.92482,30.34306],[-97.92071,30.34681],[-97.91414,30.3534],[-97.91389,30.35419],[-97.91258,30.35643],[-97.91077,30.36036],[-97.91087,30.36442],[-97.91128,30.36642],[-97.91083,30.36705],[-97.91073,30.36778],[-97.91103,30.36839],[-97.91148,30.36874],[-97.9113,30.37053],[-97.9114,30.37288],[-97.9108,30.37338],[-97.91056,30.37414],[-97.91075,30.37483],[-97.91176,30.37567],[-97.91169,30.37641],[-97.91189,30.37784],[-97.91179,30.37818],[-97.91202,30.37828],[-97.91185,30.37921],[-97.91205,30.38146],[-97.91099,30.38155],[-97.91019,30.38199],[-97.90786,30.38186],[-97.90669,30.38114],[-97.90362,30.37974],[-97.9004,30.38526],[-97.89938,30.38371],[-97.89035,30.3881],[-97.89095,30.38922],[-97.89291,30.3881],[-97.89465,30.38851],[-97.89495,30.39026],[-97.89663,30.39108],[-97.89602,30.39212],[-97.89522,30.39224],[-97.89481,30.39204],[-97.89406,30.39097],[-97.89371,30.39118],[-97.89352,30.39052],[-97.89163,30.38934],[-97.89131,30.38961],[-97.89092,30.38925],[-97.88894,30.39103],[-97.88809,30.39265],[-97.88771,30.393],[-97.88704,30.39337],[-97.88632,30.39328],[-97.8855,30.39299],[-97.8849,30.39229],[-97.88459,30.39121],[-97.88481,30.39044],[-97.88364,30.38999],[-97.88227,30.38979],[-97.8824,30.38934],[-97.88235,30.38801],[-97.88202,30.3885],[-97.88049,30.38875],[-97.87954,30.38912],[-97.8764,30.39114],[-97.86954,30.39294],[-97.86314,30.39428]],[[-97.78319,30.39324],[-97.78264,30.39341],[-97.78222,30.39318],[-97.78255,30.39292],[-97.78319,30.39324]],[[-97.78267,30.39273],[-97.78108,30.39193],[-97.7819,30.39068],[-97.78345,30.39144],[-97.78267,30.39273]],[[-97.86281,30.38308],[-97.85985,30.38134],[-97.85952,30.38071],[-97.86024,30.37953],[-97.86001,30.37898],[-97.86084,30.3768],[-97.86055,30.37624],[-97.85976,30.37597],[-97.861,30.3755],[-97.86168,30.37471],[-97.86267,30.37468],[-97.86342,30.37371],[-97.86498,30.37307],[-97.8666,30.37213],[-97.86848,30.37201],[-97.87056,30.37244],[-97.86815,30.37407],[-97.86771,30.37595],[-97.86653,30.37838],[-97.8658,30.37897],[-97.86353,30.38158],[-97.86281,30.38308]],[[-97.85229,30.38468],[-97.85195,30.38247],[-97.85302,30.3823],[-97.85368,30.38249],[-97.85229,30.38468]],[[-97.80696,30.37276],[-97.80692,30.37289],[-97.80734,30.37299],[-97.8058,30.37509],[-97.8052,30.37272],[-97.80539,30.37255],[-97.80696,30.37276]],[[-97.83294,30.37179],[-97.83088,30.37077],[-97.83109,30.36801],[-97.83478,30.36981],[-97.83294,30.37179]],[[-97.8052,30.37259],[-97.80477,30.37303],[-97.80479,30.37367],[-97.80436,30.3738],[-97.80407,30.37315],[-97.80439,30.37292],[-97.80381,30.3717],[-97.8044,30.37148],[-97.80474,30.37154],[-97.8052,30.37259]],[[-97.86689,30.35948],[-97.86638,30.36279],[-97.86677,30.36469],[-97.86832,30.36735],[-97.86642,30.36722],[-97.86647,30.36681],[-97.86719,30.36643],[-97.86666,30.36634],[-97.86662,30.36606],[-97.86513,30.36386],[-97.86395,30.36334],[-97.8635,30.36192],[-97.86278,30.36071],[-97.86294,30.36012],[-97.86446,30.3582],[-97.86578,30.35763],[-97.86667,30.35858],[-97.86689,30.35948]],[[-97.87434,30.3475],[-97.87458,30.34881],[-97.87401,30.34928],[-97.87395,30.34767],[-97.87434,30.3475]],[[-97.92895,30.33034],[-97.92932,30.33061],[-97.92934,30.33079],[-97.92989,30.33106],[-97.9277,30.33431],[-97.92557,30.334],[-97.92809,30.33008],[-97.92817,30.33002],[-97.92859,30.33028],[-97.92895,30.33034]],[[-97.91885,30.3287],[-97.91921,30.32976],[-97.9187,30.32952],[-97.91765,30.32861],[-97.91777,30.32854],[-97.91739,30.32793],[-97.91847,30.32744],[-97.92012,30.32713],[-97.92005,30.32875],[-97.91885,30.3287]],[[-97.83685,30.32752],[-97.83655,30.32737],[-97.83687,30.32687],[-97.83718,30.32702],[-97.83685,30.32752]],[[-97.83214,30.32626],[-97.83278,30.32644],[-97.83355,30.32712],[-97.83282,30.3278],[-97.83315,30.32797],[-97.83361,30.32882],[-97.83415,30.32925],[-97.83444,30.32975],[-97.83345,30.33079],[-97.83318,30.33036],[-97.8327,30.33018],[-97.83223,30.33027],[-97.83139,30.33101],[-97.83034,30.33102],[-97.82911,30.3315],[-97.82825,30.3313],[-97.82857,30.33081],[-97.8304,30.32894],[-97.83059,30.32901],[-97.83048,30.32885],[-97.83101,30.32832],[-97.83024,30.32743],[-97.83211,30.32659],[-97.83185,30.3263],[-97.83214,30.32626]],[[-97.84362,30.32615],[-97.84318,30.32535],[-97.84403,30.32473],[-97.844,30.32545],[-97.84417,30.32578],[-97.84362,30.32615]],[[-97.81951,30.33137],[-97.81583,30.33468],[-97.81536,30.33535],[-97.81119,30.33327],[-97.81158,30.33281],[-97.81168,30.33232],[-97.81149,30.33176],[-97.81112,30.33135],[-97.81595,30.32398],[-97.82182,30.32684],[-97.82252,30.32745],[-97.82218,30.3282],[-97.82231,30.32893],[-97.82119,30.32967],[-97.81951,30.33137]],[[-97.8436,30.32437],[-97.84268,30.32504],[-97.84246,30.32498],[-97.8419,30.32436],[-97.84229,30.3238],[-97.84291,30.3242],[-97.84333,30.32418],[-97.8436,30.32437]]]]}},
{"type":"Feature","properties":{"district_number":"5","district_name":"District 5"},"geometry":{"type":"MultiPolygon","coordinates":[[[[-97.78759,30.07558],[-97.7864,30.07583],[-97.78154,30.08112],[-97.78182,30.09273],[-97.78287,30.09321],[-97.79115,30.09302],[-97.79165,30.09327],[-97.79249,30.09457],[-97.79308,30.09482],[-97.80308,30.09473],[-97.8027,30.09276],[-97.80264,30.08768],[-97.80101,30.08713],[-97.79468,30.08594],[-97.79442,30.08606],[-97.79166,30.0862],[-97.78889,30.08674],[-97.78937,30.07949],[-97.78773,30.07667],[-97.78759,30.07558]]],[[[-97.81276,30.09841],[-97.8103,30.10302],[-97.80604,30.11237],[-97.7853,30.11269],[-97.78516,30.1129],[-97.80593,30.11262],[-97.80409,30.11718],[-97.80107,30.1256],[-97.79614,30.12328],[-97.79631,30.12441],[-97.79569,30.12519],[-97.79569,30.12581],[-97.79479,30.12794],[-97.79487,30.12815],[-97.79433,30.12872],[-97.79425,30.12962],[-97.79388,30.12966],[-97.79175,30.12908],[-97.79489,30.12403],[-97.78925,30.12148],[-97.78612,30.12642],[-97.78954,30.12731],[-97.78749,30.13057],[-97.78479,30.12931],[-97.78406,30.12917],[-97.78375,30.12933],[-97.7798,30.12787],[-97.77372,30.13771],[-97.772,30.14083],[-97.77007,30.14318],[-97.76957,30.14343],[-97.77252,30.14327],[-97.77345,30.14456],[-97.77348,30.14543],[-97.77449,30.14656],[-97.77523,30.1483],[-97.77676,30.15055],[-97.77751,30.15117],[-97.77839,30.15105],[-97.77933,30.15112],[-97.77994,30.15163],[-97.78021,30.15202],[-97.78044,30.15292],[-97.78059,30.15417],[-97.78039,30.15504],[-97.78127,30.15518],[-97.78273,30.15732],[-97.7778,30.15797],[-97.77591,30.15877],[-97.77909,30.16496],[-97.7798,30.16576],[-97.7812,30.16659],[-97.78281,30.16696],[-97.78618,30.16711],[-97.78645,30.16698],[-97.78696,30.16703],[-97.78693,30.16713],[-97.79147,30.16729],[-97.79331,30.16772],[-97.79507,30.16874],[-97.80049,30.17334],[-97.80241,30.17407],[-97.80585,30.17408],[-97.80584,30.17472],[-97.80561,30.17576],[-97.80538,30.17607],[-97.80364,30.17743],[-97.8023,30.18135],[-97.80242,30.18244],[-97.80265,30.18297],[-97.80362,30.1835],[-97.80422,30.18407],[-97.80444,30.18568],[-97.79942,30.18578],[-97.79811,30.18555],[-97.7952,30.18562],[-97.79438,30.18537],[-97.79411,30.18595],[-97.79427,30.19372],[-97.79946,30.19626],[-97.79926,30.19672],[-97.8,30.19705],[-97.79799,30.20002],[-97.80205,30.2014],[-97.79369,30.21358],[-97.79256,30.21488],[-97.79121,30.21577],[-97.78623,30.21758],[-97.78417,30.21792],[-97.78199,30.21799],[-97.78095,30.21827],[-97.77912,30.2191],[-97.77837,30.21973],[-97.7773,30.22122],[-97.7769,30.2225],[-97.77679,30.22643],[-97.77567,30.23001],[-97.77662,30.23033],[-97.77711,30.23021],[-97.77789,30.23452],[-97.77846,30.23493],[-97.77822,30.23522],[-97.77608,30.23557],[-97.77534,30.23644],[-97.7741,30.23694],[-97.77368,30.23762],[-97.77311,30.2374],[-97.77128,30.2427],[-97.77013,30.24482],[-97.769,30.24602],[-97.76996,30.24841],[-97.77077,30.24821],[-97.76259,30.26123],[-97.76222,30.2612],[-97.76151,30.26199],[-97.76538,30.26503],[-97.76615,30.26458],[-97.76769,30.26408],[-97.76936,30.2641],[-97.77152,30.2636],[-97.77484,30.26365],[-97.7765,30.26335],[-97.77813,30.26285],[-97.77961,30.26288],[-97.78089,30.26255],[-97.78242,30.26178],[-97.78372,30.26159],[-97.78416,30.26128],[-97.78502,30.26099],[-97.78556,30.26039],[-97.78537,30.26006],[-97.7847,30.25981],[-97.7842,30.25928],[-97.78429,30.2587],[-97.78459,30.2581],[-97.78518,30.25751],[-97.79091,30.25519],[-97.79383,30.25418],[-97.79455,30.25407],[-97.79573,30.25343],[-97.79615,30.25259],[-97.79608,30.25227],[-97.79679,30.24875],[-97.79669,30.24815],[-97.79604,30.24767],[-97.79349,30.24804],[-97.79218,30.24783],[-97.78949,30.2464],[-97.78891,30.2456],[-97.78872,30.24446],[-97.78891,30.24331],[-97.78951,30.24242],[-97.79004,30.24205],[-97.79227,30.24185],[-97.79263,30.24206],[-97.79339,30.2431],[-97.79407,30.24319],[-97.79559,30.24388],[-97.7972,30.24484],[-97.79851,30.24518],[-97.80029,30.24531],[-97.80102,30.24524],[-97.80304,30.24447],[-97.80588,30.24292],[-97.80643,30.24244],[-97.80815,30.24046],[-97.80724,30.23997],[-97.81097,30.23416],[-97.80915,30.23371],[-97.80622,30.23256],[-97.80439,30.23237],[-97.80292,30.23252],[-97.80637,30.22679],[-97.80388,30.22561],[-97.80633,30.22182],[-97.80706,30.222],[-97.80788,30.22185],[-97.80851,30.2219],[-97.80919,30.22084],[-97.81059,30.21986],[-97.81084,30.21986],[-97.81209,30.21784],[-97.81257,30.21789],[-97.81308,30.21831],[-97.81371,30.21791],[-97.81373,30.21767],[-97.81354,30.21736],[-97.81378,30.21765],[-97.81413,30.21742],[-97.8165,30.21532],[-97.81662,30.21471],[-97.81778,30.2145],[-97.81766,30.21408],[-97.8178,30.2145],[-97.81887,30.21413],[-97.81908,30.21443],[-97.81903,30.21484],[-97.81997,30.21512],[-97.82028,30.21466],[-97.82125,30.21603],[-97.82111,30.21616],[-97.82158,30.21704],[-97.82545,30.21673],[-97.82785,30.21785],[-97.82803,30.21757],[-97.82817,30.21763],[-97.83051,30.21373],[-97.83036,30.21369],[-97.83205,30.21103],[-97.83343,30.20928],[-97.83491,30.20699],[-97.83389,30.20648],[-97.83345,30.20718],[-97.83065,30.20582],[-97.83104,30.20504],[-97.83176,30.20395],[-97.83231,30.20421],[-97.8329,30.20338],[-97.83452,30.20071],[-97.83449,30.20006],[-97.83468,30.19973],[-97.83615,30.20007],[-97.83857,30.20129],[-97.85645,30.17319],[-97.85037,30.17325],[-97.85032,30.16949],[-97.84976,30.16916],[-97.84716,30.16579],[-97.8467,30.16549],[-97.84605,30.16435],[-97.84555,30.16408],[-97.84299,30.16174],[-97.84613,30.15903],[-97.84613,30.14948],[-97.84259,30.14953],[-97.84261,30.14775],[-97.84476,30.14771],[-97.84471,30.14586],[-97.84522,30.14585],[-97.84514,30.14421],[-97.84365,30.14395],[-97.84365,30.14407],[-97.84265,30.14407],[-97.84265,30.14366],[-97.84219,30.14355],[-97.83791,30.14389],[-97.83805,30.14963],[-97.83321,30.14983],[-97.83313,30.14745],[-97.82846,30.14756],[-97.82761,30.15087],[-97.82373,30.16309],[-97.82146,30.17015],[-97.82125,30.17009],[-97.82062,30.17204],[-97.81962,30.17182],[-97.82112,30.16668],[-97.82159,30.16573],[-97.82163,30.1655],[-97.82088,30.16532],[-97.82139,30.16453],[-97.82083,30.16445],[-97.82098,30.16355],[-97.82143,30.16362],[-97.82174,30.16221],[-97.82063,30.16204],[-97.82049,30.16161],[-97.81751,30.16166],[-97.81728,30.15147],[-97.81777,30.15139],[-97.81778,30.14992],[-97.81651,30.14998],[-97.81467,30.14925],[-97.81324,30.14795],[-97.81331,30.14474],[-97.81105,30.14477],[-97.81083,30.14461],[-97.81043,30.1448],[-97.80967,30.14487],[-97.80825,30.1445],[-97.80941,30.14081],[-97.8102,30.1396],[-97.8089,30.13965],[-97.80777,30.13914],[-97.80481,30.14366],[-97.80157,30.14283],[-97.80357,30.13961],[-97.80381,30.13882],[-97.8066,30.13516],[-97.80689,30.13433],[-97.80709,30.13285],[-97.80675,30.13297],[-97.80525,30.1341],[-97.80346,30.13482],[-97.79932,30.13566],[-97.79889,30.13573],[-97.79845,30.13563],[-97.80233,30.12581],[-97.80309,30.12617],[-97.80359,30.12538],[-97.80484,30.12597],[-97.80415,30.12705],[-97.80386,30.12691],[-97.80137,30.13165],[-97.80126,30.13226],[-97.80176,30.13255],[-97.80131,30.13492],[-97.80258,30.13483],[-97.80394,30.13451],[-97.80503,30.13409],[-97.80658,30.1329],[-97.80791,30.13232],[-97.80902,30.13224],[-97.80955,30.13234],[-97.81013,30.13302],[-97.81048,30.13309],[-97.81094,30.13198],[-97.81188,30.13066],[-97.81251,30.12761],[-97.81247,30.12722],[-97.81175,30.12544],[-97.81151,30.11604],[-97.82476,30.11575],[-97.82499,30.1153],[-97.82514,30.11408],[-97.82383,30.11207],[-97.82029,30.11029],[-97.8114,30.11043],[-97.81142,30.1124],[-97.80803,30.11244],[-97.80897,30.11037],[-97.80937,30.10881],[-97.81002,30.10717],[-97.81375,30.0995],[-97.81384,30.09915],[-97.81374,30.09899],[-97.81276,30.09841]],[[-97.78427,30.16233],[-97.78431,30.16322],[-97.78315,30.16418],[-97.78468,30.16567],[-97.78455,30.166],[-97.7822,30.16666],[-97.7816,30.16439],[-97.78198,30.16428],[-97.78175,30.1637],[-97.78245,30.16352],[-97.78196,30.16301],[-97.78427,30.16233]],[[-97.83202,30.16202],[-97.83319,30.1627],[-97.83426,30.16254],[-97.83403,30.1658],[-97.8345,30.16591],[-97.83449,30.16746],[-97.83556,30.16746],[-97.83561,30.16998],[-97.83067,30.17006],[-97.83066,30.16995],[-97.82996,30.16994],[-97.82996,30.17006],[-97.82932,30.16984],[-97.82859,30.17039],[-97.82825,30.17049],[-97.82755,30.17053],[-97.8273,30.17043],[-97.82723,30.17221],[-97.82424,30.17227],[-97.82472,30.17086],[-97.82684,30.1671],[-97.82748,30.16622],[-97.83083,30.16348],[-97.83202,30.16202]],[[-97.833,30.14952],[-97.83301,30.14976],[-97.8325,30.14977],[-97.83265,30.15094],[-97.8322,30.15095],[-97.8322,30.15115],[-97.83266,30.15113],[-97.83269,30.15246],[-97.83269,30.15277],[-97.83223,30.15279],[-97.83223,30.15327],[-97.8294,30.15338],[-97.82935,30.15053],[-97.83023,30.15051],[-97.83022,30.15003],[-97.83217,30.15001],[-97.83216,30.14955],[-97.833,30.14952]],[[-97.77657,30.14106],[-97.77711,30.14139],[-97.77733,30.14209],[-97.77728,30.14356],[-97.77759,30.14377],[-97.77834,30.14386],[-97.77839,30.14411],[-97.77797,30.14481],[-97.77592,30.14458],[-97.77598,30.14119],[-97.77657,30.14106]],[[-97.79746,30.12873],[-97.79953,30.12954],[-97.79903,30.13089],[-97.79682,30.13029],[-97.79746,30.12873]],[[-97.82404,30.11303],[-97.8242,30.11306],[-97.8242,30.11337],[-97.82394,30.11329],[-97.82404,30.11303]]]]}},
{"type":"Feature","properties":{"district_number":"4","district_name":"District 4"},"geometry":{"type":"Polygon","coordinates":[[[-97.68707,30.29818],[-97.68592,30.30015],[-97.68515,30.30102],[-97.68132,30.30458],[-97.67955,30.30732],[-97.67826,30.30785],[-97.67614,30.30807],[-97.67305,30.30799],[-97.67078,30.30853],[-97.67104,30.30909],[-97.67154,30.30957],[-97.67654,30.31191],[-97.67788,30.31322],[-97.68094,30.31476],[-97.68132,30.31514],[-97.6816,30.31588],[-97.68152,30.31647],[-97.67923,30.32011],[-97.67905,30.32075],[-97.67919,30.32159],[-97.67942,30.32196],[-97.6808,30.32309],[-97.68489,30.32186],[-97.69011,30.3214],[-97.69303,30.32132],[-97.69519,30.32146],[-97.69226,30.32603],[-97.68938,30.32461],[-97.68849,30.32587],[-97.68781,30.32699],[-97.68844,30.32731],[-97.68926,30.32844],[-97.69034,30.32899],[-97.68957,30.32979],[-97.68797,30.33048],[-97.68737,30.33099],[-97.68079,30.34121],[-97.67797,30.34466],[-97.6761,30.35068],[-97.66875,30.36226],[-97.66947,30.36244],[-97.66927,30.36294],[-97.67079,30.36301],[-97.67164,30.36333],[-97.67202,30.36275],[-97.67214,30.36216],[-97.67335,30.36228],[-97.67424,30.36265],[-97.6749,30.36321],[-97.67536,30.36266],[-97.68324,30.36608],[-97.68072,30.36995],[-97.68102,30.37026],[-97.68102,30.37052],[-97.67694,30.37722],[-97.67763,30.3774],[-97.68183,30.37928],[-97.68652,30.382],[-97.68954,30.38316],[-97.6946,30.38544],[-97.70282,30.38996],[-97.70962,30.39287],[-97.71047,30.39305],[-97.71162,30.39282],[-97.71228,30.3924],[-97.71333,30.3912],[-97.71398,30.39082],[-97.71515,30.39272],[-97.71629,30.39329],[-97.71954,30.38062],[-97.72006,30.37945],[-97.72386,30.37237],[-97.72627,30.3735],[-97.73091,30.35615],[-97.71393,30.34803],[-97.71346,30.34803],[-97.7128,30.34727],[-97.72826,30.32295],[-97.72114,30.31955],[-97.72135,30.31921],[-97.72053,30.31876],[-97.7212,30.31771],[-97.71553,30.31495],[-97.71464,30.31503],[-97.71508,30.31401],[-97.70944,30.31135],[-97.71046,30.30959],[-97.70977,30.30911],[-97.69889,30.30391],[-97.69806,30.30285],[-97.69697,30.3022],[-97.69537,30.30156],[-97.69115,30.30133],[-97.69024,30.30094],[-97.68941,30.29968],[-97.68851,30.29891],[-97.68707,30.29818]]]}},
{"type":"Feature","properties":{"district_number":"3","district_name":"District 3"},"geometry":{"type":"Polygon","coordinates":[[[-97.76547,30.19748],[-97.76504,30.19753],[-97.75731,30.20707],[-97.7513,30.21657],[-97.74997,30.21646],[-97.74597,30.21649],[-97.73988,30.21602],[-97.72797,30.21433],[-97.71641,30.21306],[-97.71235,30.21234],[-97.71197,30.2127],[-97.71016,30.21277],[-97.7078,30.21331],[-97.69304,30.21806],[-97.6913,30.21879],[-97.69063,30.21802],[-97.68482,30.22116],[-97.68209,30.22208],[-97.68114,30.22229],[-97.6795,30.2224],[-97.67677,30.22208],[-97.67648,30.22251],[-97.67654,30.22263],[-97.67823,30.2234],[-97.6786,30.22414],[-97.67799,30.22364],[-97.66927,30.23149],[-97.67246,30.23413],[-97.6734,30.23328],[-97.67634,30.23569],[-97.67803,30.23406],[-97.67842,30.23439],[-97.67784,30.23492],[-97.67816,30.23519],[-97.67638,30.23679],[-97.68138,30.24096],[-97.68025,30.24197],[-97.68017,30.24745],[-97.67831,30.24803],[-97.67488,30.24987],[-97.67456,30.25028],[-97.67311,30.25129],[-97.67264,30.25224],[-97.67211,30.2525],[-97.6722,30.25275],[-97.672,30.2533],[-97.67193,30.25436],[-97.67161,30.25473],[-97.66992,30.256],[-97.6674,30.25746],[-97.66625,30.2583],[-97.6649,30.25954],[-97.66259,30.26126],[-97.66169,30.26177],[-97.66083,30.26196],[-97.66086,30.26212],[-97.66213,30.26284],[-97.66242,30.26274],[-97.66292,30.26213],[-97.66324,30.26204],[-97.66883,30.26279],[-97.66975,30.26256],[-97.67116,30.26262],[-97.67197,30.26313],[-97.67292,30.26334],[-97.67249,30.26401],[-97.67842,30.26534],[-97.67799,30.26632],[-97.67749,30.2667],[-97.67804,30.26779],[-97.67879,30.26796],[-97.6789,30.26777],[-97.6787,30.26731],[-97.67886,30.26714],[-97.67944,30.26713],[-97.68046,30.26764],[-97.67968,30.2689],[-97.67992,30.26906],[-97.68123,30.26977],[-97.68198,30.27039],[-97.69017,30.27403],[-97.69438,30.26743],[-97.69628,30.2681],[-97.69672,30.26956],[-97.69479,30.27382],[-97.69644,30.27388],[-97.70484,30.27242],[-97.70905,30.26539],[-97.71156,30.2642],[-97.71277,30.26304],[-97.71368,30.26324],[-97.71747,30.26148],[-97.72212,30.26258],[-97.73438,30.26673],[-97.73558,30.2634],[-97.73653,30.26132],[-97.73719,30.25914],[-97.73731,30.25826],[-97.73711,30.25599],[-97.73542,30.24789],[-97.73358,30.24748],[-97.73094,30.24537],[-97.7293,30.24321],[-97.72987,30.24308],[-97.73021,30.24268],[-97.73296,30.2382],[-97.73507,30.23521],[-97.7369,30.23232],[-97.7394,30.2333],[-97.74257,30.23407],[-97.74623,30.23602],[-97.74721,30.23642],[-97.75044,30.23706],[-97.75151,30.23751],[-97.75353,30.23876],[-97.75284,30.23991],[-97.75256,30.24171],[-97.75132,30.24515],[-97.7578,30.24698],[-97.76485,30.24918],[-97.76888,30.24612],[-97.77013,30.24482],[-97.7714,30.24242],[-97.77311,30.2374],[-97.77368,30.23762],[-97.7741,30.23694],[-97.77534,30.23644],[-97.77608,30.23557],[-97.77822,30.23522],[-97.77846,30.23493],[-97.77789,30.23452],[-97.77711,30.23021],[-97.77662,30.23033],[-97.77567,30.23001],[-97.77679,30.22643],[-97.7769,30.2225],[-97.7773,30.22122],[-97.77806,30.22009],[-97.77912,30.2191],[-97.78146,30.21811],[-97.78572,30.21772],[-97.78945,30.21646],[-97.78914,30.21588],[-97.78819,30.2153],[-97.78592,30.21464],[-97.78513,30.21461],[-97.78378,30.2133],[-97.78325,30.21309],[-97.78277,30.21312],[-97.78149,30.21256],[-97.78101,30.21205],[-97.77898,30.21193],[-97.77925,30.21125],[-97.78157,30.20836],[-97.77523,30.20485],[-97.77483,30.20489],[-97.77559,30.20233],[-97.77484,30.20215],[-97.76919,30.19941],[-97.76842,30.19854],[-97.76768,30.19806],[-97.76547,30.19748]]]}},
{"type":"Feature","properties":{"district_number":"1","district_name":"District 1"},"geometry":{"type":"MultiPolygon","coordinates":[[[[-97.54204,30.2874],[-97.54318,30.28578],[-97.54894,30.28863],[-97.54423,30.29579],[-97.56019,30.30337],[-97.56067,30.30257],[-97.56469,30.30448],[-97.56502,30.30256],[-97.56542,30.30158],[-97.56767,30.29815],[-97.56554,30.29417],[-97.56842,30.28973],[-97.56439,30.28779],[-97.56959,30.27984],[-97.55875,30.27478],[-97.56006,30.27262],[-97.55981,30.27231],[-97.55964,30.27234],[-97.55939,30.2727],[-97.55886,30.27253],[-97.5587,30.27209],[-97.55908,30.27136],[-97.55935,30.27113],[-97.5583,30.27105],[-97.55821,30.27027],[-97.55787,30.27015],[-97.55772,30.26977],[-97.55784,30.26953],[-97.55754,30.26931],[-97.55732,30.26881],[-97.55671,30.26863],[-97.55635,30.26893],[-97.55623,30.26888],[-97.55613,30.26803],[-97.55571,30.26777],[-97.55475,30.26757],[-97.55449,30.26689],[-97.55345,30.26623],[-97.55243,30.2658],[-97.55244,30.26551],[-97.55268,30.26528],[-97.55262,30.26501],[-97.553,30.26481],[-97.55308,30.26423],[-97.5537,30.26359],[-97.55361,30.2632],[-97.55331,30.26308],[-97.55292,30.26263],[-97.55276,30.26215],[-97.55186,30.2621],[-97.5518,30.26219],[-97.54801,30.2681],[-97.54707,30.2699],[-97.54161,30.2787],[-97.52891,30.27274],[-97.52799,30.27417],[-97.53099,30.27561],[-97.5276,30.28132],[-97.53703,30.28589],[-97.53755,30.28511],[-97.54204,30.2874]],[[-97.53946,30.28212],[-97.53977,30.28229],[-97.53961,30.28253],[-97.53931,30.28236],[-97.53946,30.28212]]],[[[-97.61844,30.36298],[-97.61797,30.36252],[-97.61836,30.3619],[-97.61867,30.36204],[-97.62027,30.35954],[-97.62197,30.35966],[-97.62266,30.35883],[-97.6244,30.35985],[-97.62341,30.36145],[-97.62785,30.36269],[-97.62348,30.36142],[-97.6253,30.35858],[-97.63079,30.36015],[-97.63557,30.35584],[-97.6338,30.35436],[-97.63477,30.35347],[-97.63656,30.35496],[-97.63906,30.35277],[-97.63108,30.35053],[-97.63067,30.3503],[-97.62803,30.35433],[-97.62723,30.35396],[-97.62991,30.34986],[-97.62358,30.34687],[-97.61914,30.35366],[-97.62291,30.35544],[-97.62044,30.35928],[-97.62289,30.35545],[-97.61912,30.35367],[-97.6236,30.34681],[-97.61662,30.34355],[-97.62419,30.33177],[-97.62636,30.33163],[-97.62551,30.33293],[-97.62745,30.33383],[-97.62897,30.33148],[-97.65457,30.32972],[-97.65438,30.33026],[-97.65554,30.33203],[-97.6569,30.3325],[-97.65676,30.33273],[-97.6569,30.33279],[-97.65637,30.33335],[-97.6558,30.33316],[-97.65574,30.33424],[-97.65368,30.33746],[-97.67001,30.34521],[-97.6706,30.34536],[-97.67094,30.34529],[-97.67136,30.34592],[-97.67009,30.34799],[-97.66874,30.34738],[-97.66829,30.34809],[-97.67125,30.34945],[-97.67007,30.35017],[-97.66917,30.35155],[-97.67108,30.35241],[-97.67007,30.3539],[-97.66972,30.35374],[-97.66874,30.35525],[-97.6613,30.35176],[-97.66094,30.35229],[-97.66105,30.35239],[-97.66094,30.35268],[-97.66083,30.35269],[-97.66024,30.35244],[-97.66007,30.35252],[-97.65738,30.35111],[-97.65731,30.35094],[-97.65655,30.3521],[-97.6548,30.35125],[-97.65409,30.35248],[-97.65321,30.35304],[-97.65391,30.35435],[-97.65345,30.35523],[-97.65069,30.35374],[-97.64758,30.35229],[-97.64734,30.35267],[-97.64789,30.35293],[-97.64758,30.3534],[-97.64799,30.35359],[-97.64773,30.35401],[-97.64824,30.35624],[-97.64676,30.35501],[-97.64667,30.35511],[-97.64654,30.35481],[-97.64158,30.35346],[-97.64027,30.356],[-97.63834,30.35552],[-97.63767,30.35613],[-97.63592,30.35564],[-97.63419,30.35722],[-97.63902,30.35852],[-97.63732,30.36195],[-97.63495,30.3613],[-97.63384,30.36441],[-97.63114,30.37111],[-97.63075,30.37092],[-97.62786,30.37549],[-97.62612,30.37453],[-97.62191,30.3806],[-97.61963,30.37908],[-97.61557,30.38456],[-97.61586,30.3847],[-97.61514,30.38572],[-97.61617,30.38633],[-97.61194,30.39295],[-97.61415,30.39397],[-97.61154,30.3978],[-97.6124,30.39891],[-97.61314,30.40281],[-97.61711,30.40469],[-97.61939,30.4012],[-97.61884,30.40093],[-97.61852,30.39882],[-97.61906,30.39798],[-97.6209,30.39885],[-97.62364,30.39467],[-97.622,30.39387],[-97.62439,30.39023],[-97.62294,30.38955],[-97.6253,30.38584],[-97.62603,30.38624],[-97.62562,30.38671],[-97.6278,30.38808],[-97.63323,30.37937],[-97.63349,30.37964],[-97.64155,30.38372],[-97.6403,30.38566],[-97.64006,30.38691],[-97.6414,30.38753],[-97.64259,30.38558],[-97.64201,30.38531],[-97.64268,30.38425],[-97.64573,30.38553],[-97.64693,30.38626],[-97.6459,30.38792],[-97.64292,30.38651],[-97.64203,30.38782],[-97.64688,30.39005],[-97.64634,30.39125],[-97.64429,30.39457],[-97.63974,30.40147],[-97.63698,30.40015],[-97.63648,30.40259],[-97.63507,30.40203],[-97.63592,30.4007],[-97.63492,30.40021],[-97.63465,30.39984],[-97.63476,30.39897],[-97.63413,30.39867],[-97.63338,30.3987],[-97.63322,30.39755],[-97.6326,30.39651],[-97.63182,30.39775],[-97.63109,30.39745],[-97.62644,30.40466],[-97.63074,30.40677],[-97.63135,30.40689],[-97.63182,30.40681],[-97.63213,30.40656],[-97.63439,30.40312],[-97.63616,30.40397],[-97.63622,30.40366],[-97.63787,30.40444],[-97.63833,30.40366],[-97.63851,30.40375],[-97.6444,30.39475],[-97.64536,30.3952],[-97.64683,30.39544],[-97.65149,30.39773],[-97.65215,30.39845],[-97.65263,30.40003],[-97.65502,30.39951],[-97.6556,30.40062],[-97.6567,30.40174],[-97.65842,30.40272],[-97.66268,30.40476],[-97.66404,30.40516],[-97.66848,30.40545],[-97.66954,30.4058],[-97.67396,30.40786],[-97.67525,30.40803],[-97.67542,30.40444],[-97.67515,30.40227],[-97.67466,30.40081],[-97.67394,30.3993],[-97.6734,30.39929],[-97.67232,30.39717],[-97.67172,30.39535],[-97.67154,30.39434],[-97.67147,30.39335],[-97.67162,30.39173],[-97.67238,30.38838],[-97.67258,30.38838],[-97.67427,30.38112],[-97.67492,30.37931],[-97.67617,30.37706],[-97.67694,30.37722],[-97.68102,30.37052],[-97.68102,30.37026],[-97.68072,30.36995],[-97.68324,30.36608],[-97.67536,30.36266],[-97.6749,30.36321],[-97.67424,30.36265],[-97.67335,30.36228],[-97.67214,30.36216],[-97.67202,30.36275],[-97.67164,30.36333],[-97.67079,30.36301],[-97.66927,30.36294],[-97.66947,30.36244],[-97.66875,30.36226],[-97.6761,30.35068],[-97.67797,30.34466],[-97.68079,30.34121],[-97.68737,30.33099],[-97.68797,30.33048],[-97.68957,30.32979],[-97.69034,30.32899],[-97.68926,30.32844],[-97.68844,30.32731],[-97.68781,30.32699],[-97.68849,30.32587],[-97.68938,30.32461],[-97.69226,30.32603],[-97.69519,30.32146],[-97.69303,30.32132],[-97.69011,30.3214],[-97.68489,30.32186],[-97.6808,30.32309],[-97.67942,30.32196],[-97.67919,30.32159],[-97.67905,30.32075],[-97.67923,30.32011],[-97.68152,30.31647],[-97.6816,30.31588],[-97.68132,30.31514],[-97.68094,30.31476],[-97.67788,30.31322],[-97.67654,30.31191],[-97.67154,30.30957],[-97.67104,30.30909],[-97.67078,30.30853],[-97.67305,30.30799],[-97.67614,30.30807],[-97.67826,30.30785],[-97.67955,30.30732],[-97.68132,30.30458],[-97.68515,30.30102],[-97.68592,30.30015],[-97.68707,30.29818],[-97.68801,30.29613],[-97.68887,30.29533],[-97.68921,30.29462],[-97.6893,30.29157],[-97.6895,30.29089],[-97.69036,30.28991],[-97.69115,30.28959],[-97.69203,30.2895],[-97.69376,30.28998],[-97.69522,30.2902],[-97.69669,30.28993],[-97.69853,30.28912],[-97.70131,30.28754],[-97.70503,30.28922],[-97.70739,30.28919],[-97.70699,30.28739],[-97.70649,30.28624],[-97.72109,30.28403],[-97.72191,30.28433],[-97.72297,30.28534],[-97.72415,30.28608],[-97.72523,30.28662],[-97.72768,30.28748],[-97.72919,30.28833],[-97.72994,30.28757],[-97.73099,30.28392],[-97.72741,30.28308],[-97.729,30.28065],[-97.73006,30.27851],[-97.7305,30.27856],[-97.7328,30.27183],[-97.73251,30.27185],[-97.73255,30.27172],[-97.73438,30.26673],[-97.72212,30.26258],[-97.71747,30.26148],[-97.71368,30.26324],[-97.71277,30.26304],[-97.71156,30.2642],[-97.70905,30.26539],[-97.70484,30.27242],[-97.69644,30.27388],[-97.69479,30.27382],[-97.69672,30.26956],[-97.69628,30.2681],[-97.69438,30.26743],[-97.69017,30.27403],[-97.68198,30.27039],[-97.68123,30.26977],[-97.67992,30.26906],[-97.67968,30.2689],[-97.68046,30.26764],[-97.67944,30.26713],[-97.67886,30.26714],[-97.6787,30.26731],[-97.6789,30.26777],[-97.67879,30.26796],[-97.67804,30.26779],[-97.67749,30.2667],[-97.67799,30.26632],[-97.67842,30.26534],[-97.67249,30.26401],[-97.67292,30.26334],[-97.67197,30.26313],[-97.67116,30.26262],[-97.66975,30.26256],[-97.66883,30.26279],[-97.66324,30.26204],[-97.66292,30.26213],[-97.66242,30.26274],[-97.66213,30.26284],[-97.66115,30.26235],[-97.65987,30.26195],[-97.66029,30.26191],[-97.66008,30.26135],[-97.65922,30.26151],[-97.65885,30.26173],[-97.65923,30.26204],[-97.65905,30.26229],[-97.65949,30.26235],[-97.65961,30.26221],[-97.6598,30.26225],[-97.65946,30.26238],[-97.65969,30.26243],[-97.65958,30.26247],[-97.65911,30.26231],[-97.65894,30.26266],[-97.65874,30.26255],[-97.65765,30.26275],[-97.6555,30.26277],[-97.65317,30.2626],[-97.6524,30.26286],[-97.65016,30.26287],[-97.6496,30.26307],[-97.64786,30.26314],[-97.64761,30.26338],[-97.64604,30.26359],[-97.64454,30.26341],[-97.64368,30.26323],[-97.64319,30.26296],[-97.64242,30.26288],[-97.64193,30.26326],[-97.64142,30.26338],[-97.64081,30.26241],[-97.64003,30.25995],[-97.63986,30.25896],[-97.63945,30.25823],[-97.63895,30.25795],[-97.63442,30.25667],[-97.63078,30.26193],[-97.63057,30.26261],[-97.62667,30.26872],[-97.62832,30.26989],[-97.62984,30.27064],[-97.63201,30.2714],[-97.6278,30.27806],[-97.62397,30.27624],[-97.62248,30.27858],[-97.62762,30.28092],[-97.62586,30.28372],[-97.62841,30.28491],[-97.63307,30.27746],[-97.63596,30.27886],[-97.63433,30.28137],[-97.64021,30.28416],[-97.63444,30.29127],[-97.63276,30.29043],[-97.63245,30.29084],[-97.62922,30.28929],[-97.62891,30.28979],[-97.62611,30.28853],[-97.6234,30.29274],[-97.61973,30.29098],[-97.62227,30.287],[-97.61499,30.28352],[-97.61387,30.28283],[-97.60916,30.28163],[-97.61006,30.28025],[-97.60386,30.27724],[-97.60551,30.27446],[-97.60433,30.27388],[-97.6029,30.27616],[-97.60171,30.27557],[-97.60129,30.27626],[-97.59997,30.27588],[-97.6047,30.26835],[-97.59885,30.26548],[-97.59197,30.27635],[-97.59299,30.27681],[-97.59249,30.27759],[-97.59537,30.27903],[-97.59478,30.27997],[-97.59149,30.27711],[-97.59084,30.27812],[-97.59414,30.28097],[-97.59596,30.28209],[-97.59433,30.28463],[-97.59339,30.28564],[-97.59047,30.28783],[-97.589,30.28847],[-97.58754,30.28863],[-97.57904,30.28846],[-97.57233,30.29951],[-97.57579,30.30118],[-97.57151,30.30778],[-97.57133,30.30705],[-97.56924,30.31049],[-97.56573,30.31564],[-97.56338,30.3144],[-97.56207,30.32077],[-97.56127,30.3231],[-97.56038,30.3302],[-97.56315,30.33072],[-97.56559,30.33175],[-97.56736,30.33296],[-97.56926,30.33548],[-97.57685,30.33911],[-97.57524,30.34171],[-97.5765,30.34154],[-97.57657,30.3421],[-97.57786,30.34199],[-97.57905,30.34167],[-97.58009,30.34395],[-97.57976,30.34406],[-97.58143,30.34607],[-97.58626,30.35],[-97.58846,30.35106],[-97.59308,30.34386],[-97.5954,30.345],[-97.59481,30.34595],[-97.59502,30.34781],[-97.59477,30.34959],[-97.59436,30.3508],[-97.5934,30.35252],[-97.59345,30.35265],[-97.59354,30.35268],[-97.59778,30.34616],[-97.60227,30.34837],[-97.59803,30.35496],[-97.6031,30.35766],[-97.60589,30.35899],[-97.6062,30.35944],[-97.60626,30.35865],[-97.60728,30.35702],[-97.6098,30.35824],[-97.60732,30.36205],[-97.60927,30.36293],[-97.60801,30.36491],[-97.60578,30.36443],[-97.60314,30.36848],[-97.59779,30.36593],[-97.59235,30.37429],[-97.59769,30.37688],[-97.59763,30.377],[-97.60575,30.38091],[-97.60569,30.38102],[-97.60706,30.38182],[-97.61093,30.37581],[-97.61357,30.37702],[-97.61443,30.3757],[-97.61417,30.37472],[-97.61446,30.37429],[-97.61779,30.37583],[-97.62488,30.36677],[-97.6263,30.36513],[-97.62852,30.36291],[-97.62738,30.36289],[-97.62408,30.36452],[-97.6212,30.36501],[-97.61883,30.3627],[-97.61844,30.36298]],[[-97.62044,30.3891],[-97.61999,30.38878],[-97.62032,30.3883],[-97.622,30.3891],[-97.62041,30.39158],[-97.61922,30.391],[-97.62044,30.3891]],[[-97.61852,30.38744],[-97.61793,30.38716],[-97.61835,30.38653],[-97.61893,30.38679],[-97.61852,30.38744]],[[-97.60388,30.33989],[-97.60484,30.33841],[-97.6113,30.34159],[-97.60587,30.35008],[-97.60232,30.34827],[-97.60685,30.34135],[-97.60388,30.33989]],[[-97.6652,30.32733],[-97.66274,30.32763],[-97.65996,30.3278],[-97.66001,30.32745],[-97.6607,30.32636],[-97.65719,30.32515],[-97.66238,30.3172],[-97.66282,30.31708],[-97.66578,30.3204],[-97.67029,30.32388],[-97.67053,30.32455],[-97.67038,30.32543],[-97.67005,30.32593],[-97.66834,30.32653],[-97.6652,30.32733]],[[-97.64902,30.32268],[-97.65235,30.32233],[-97.65246,30.3239],[-97.65054,30.32355],[-97.64998,30.32323],[-97.64962,30.32373],[-97.64978,30.32468],[-97.64949,30.32586],[-97.64909,30.32619],[-97.64928,30.32719],[-97.64996,30.32769],[-97.64996,30.32787],[-97.64879,30.32817],[-97.64885,30.32753],[-97.64859,30.32733],[-97.64828,30.32731],[-97.64802,30.32751],[-97.6482,30.32834],[-97.64806,30.32863],[-97.64374,30.32899],[-97.64423,30.32426],[-97.64902,30.32268]],[[-97.6366,30.32616],[-97.63688,30.32593],[-97.63751,30.3265],[-97.64088,30.32538],[-97.64291,30.32642],[-97.64115,30.32917],[-97.63088,30.32981],[-97.62563,30.3305],[-97.62152,30.33087],[-97.61964,30.33125],[-97.60467,30.3353],[-97.60409,30.33454],[-97.60179,30.33541],[-97.6017,30.33523],[-97.60074,30.33478],[-97.60414,30.32915],[-97.60539,30.32638],[-97.61931,30.30465],[-97.62741,30.30866],[-97.62729,30.30899],[-97.62947,30.31],[-97.62969,30.30917],[-97.62954,30.30912],[-97.62989,30.30812],[-97.62976,30.30918],[-97.63021,30.30788],[-97.63058,30.30739],[-97.63158,30.30668],[-97.63288,30.30625],[-97.63242,30.30623],[-97.63266,30.30618],[-97.63436,30.30609],[-97.63892,30.30679],[-97.64003,30.30669],[-97.64007,30.30682],[-97.6411,30.30647],[-97.64348,30.30751],[-97.64272,30.30895],[-97.64142,30.31039],[-97.64101,30.31063],[-97.64073,30.31033],[-97.64063,30.3104],[-97.64088,30.3107],[-97.64038,30.31099],[-97.63797,30.31159],[-97.63727,30.31201],[-97.63067,30.30786],[-97.63019,30.30877],[-97.62822,30.31596],[-97.63298,30.31828],[-97.62996,30.32298],[-97.63407,30.32675],[-97.63444,30.32644],[-97.63532,30.32723],[-97.6371,30.32664],[-97.6366,30.32616]],[[-97.5865,30.31762],[-97.58512,30.31699],[-97.58201,30.31371],[-97.58212,30.31222],[-97.58156,30.30741],[-97.58325,30.3048],[-97.59197,30.30902],[-97.5865,30.31762]]]]}},
{"type":"Feature","properties":{"district_number":"9","district_name":"District 9"},"geometry":{"type":"Polygon","coordinates":[[[-97.7369,30.23232],[-97.73507,30.23521],[-97.73296,30.2382],[-97.73021,30.24268],[-97.72987,30.24308],[-97.7293,30.24321],[-97.73094,30.24537],[-97.73358,30.24748],[-97.73542,30.24789],[-97.73711,30.25599],[-97.73731,30.25826],[-97.73719,30.25914],[-97.73653,30.26132],[-97.73558,30.2634],[-97.73255,30.27172],[-97.73251,30.27185],[-97.7328,30.27183],[-97.7305,30.27856],[-97.73006,30.27851],[-97.729,30.28065],[-97.72741,30.28308],[-97.73099,30.28392],[-97.72994,30.28757],[-97.72919,30.28833],[-97.72768,30.28748],[-97.72523,30.28662],[-97.72415,30.28608],[-97.72297,30.28534],[-97.72191,30.28433],[-97.72109,30.28403],[-97.70649,30.28624],[-97.70699,30.28739],[-97.70739,30.28919],[-97.70503,30.28922],[-97.70131,30.28754],[-97.69853,30.28912],[-97.69669,30.28993],[-97.69522,30.2902],[-97.69376,30.28998],[-97.69203,30.2895],[-97.69115,30.28959],[-97.69036,30.28991],[-97.6895,30.29089],[-97.6893,30.29157],[-97.68921,30.29462],[-97.68887,30.29533],[-97.68801,30.29613],[-97.68707,30.29818],[-97.68851,30.29891],[-97.68941,30.29968],[-97.69024,30.30094],[-97.69115,30.30133],[-97.69537,30.30156],[-97.69697,30.3022],[-97.69806,30.30285],[-97.69889,30.30391],[-97.70977,30.30911],[-97.71046,30.30959],[-97.70944,30.31135],[-97.71508,30.31401],[-97.71464,30.31503],[-97.71553,30.31495],[-97.7212,30.31771],[-97.72053,30.31876],[-97.72135,30.31921],[-97.72114,30.31955],[-97.72826,30.32295],[-97.73147,30.31776],[-97.7338,30.31903],[-97.73188,30.32226],[-97.73402,30.32328],[-97.73756,30.31766],[-97.73957,30.3186],[-97.74158,30.3154],[-97.73758,30.31346],[-97.74005,30.30995],[-97.74472,30.3027],[-97.74883,30.30472],[-97.75002,30.30305],[-97.7501,30.30266],[-97.74966,30.30244],[-97.74907,30.30145],[-97.74748,30.30014],[-97.74712,30.29956],[-97.7472,30.29924],[-97.74744,30.29903],[-97.74853,30.29904],[-97.74918,30.29883],[-97.75018,30.2977],[-97.74993,30.29729],[-97.74942,30.29691],[-97.7491,30.2959],[-97.74822,30.2946],[-97.74741,30.29277],[-97.74753,30.29251],[-97.74792,30.29229],[-97.74929,30.29208],[-97.75021,30.29216],[-97.75124,30.29192],[-97.75173,30.29138],[-97.75214,30.29011],[-97.75333,30.28869],[-97.75278,30.28853],[-97.7532,30.28651],[-97.7531,30.28516],[-97.75254,30.28414],[-97.75098,30.28233],[-97.75053,30.28102],[-97.75044,30.28056],[-97.75068,30.27885],[-97.75118,30.27736],[-97.75186,30.27894],[-97.75655,30.28242],[-97.76032,30.2835],[-97.76309,30.28553],[-97.76375,30.28588],[-97.76516,30.28372],[-97.76738,30.2794],[-97.77148,30.27381],[-97.7706,30.27292],[-97.7661,30.26987],[-97.76105,30.26727],[-97.76225,30.26653],[-97.76538,30.26503],[-97.76151,30.26199],[-97.76222,30.2612],[-97.76259,30.26123],[-97.77077,30.24821],[-97.76996,30.24841],[-97.769,30.24602],[-97.76485,30.24918],[-97.7578,30.24698],[-97.75132,30.24515],[-97.75256,30.24171],[-97.75284,30.23991],[-97.75353,30.23876],[-97.75151,30.23751],[-97.75044,30.23706],[-97.74721,30.23642],[-97.74623,30.23602],[-97.74257,30.23407],[-97.7394,30.2333],[-97.7369,30.23232]]]}},
{"type":"Feature","properties":{"district_number":"2","district_name":"District 2"},"geometry":{"type":"MultiPolygon","coordinates":[[[[-97.58246,30.16656],[-97.58402,30.16703],[-97.58445,30.16697],[-97.58517,30.16656],[-97.58578,30.16552],[-97.58566,30.16486],[-97.58594,30.16465],[-97.58598,30.16411],[-97.58628,30.16388],[-97.58613,30.16348],[-97.58646,30.16286],[-97.58727,30.16254],[-97.58861,30.16275],[-97.5888,30.16268],[-97.58902,30.16223],[-97.5894,30.16238],[-97.58991,30.1623],[-97.59013,30.16211],[-97.59122,30.16224],[-97.59234,30.162],[-97.59321,30.16212],[-97.59364,30.16228],[-97.593,30.16331],[-97.59594,30.16468],[-97.59741,30.16229],[-97.59958,30.15787],[-97.59674,30.15642],[-97.5928,30.15465],[-97.59896,30.14505],[-97.59335,30.14235],[-97.58706,30.15218],[-97.57901,30.14818],[-97.57678,30.14632],[-97.57138,30.1439],[-97.56844,30.14197],[-97.56749,30.14088],[-97.55745,30.15687],[-97.57175,30.16348],[-97.57009,30.16587],[-97.5708,30.16614],[-97.57145,30.16597],[-97.57129,30.16544],[-97.57335,30.16522],[-97.57569,30.16384],[-97.57665,30.16348],[-97.57777,30.1633],[-97.57724,30.16419],[-97.57892,30.16538],[-97.58021,30.16603],[-97.58224,30.16673],[-97.58243,30.16641],[-97.58246,30.16656]]],[[[-97.63218,30.25655],[-97.63442,30.25667],[-97.63895,30.25795],[-97.63945,30.25823],[-97.63986,30.25896],[-97.64003,30.25995],[-97.64081,30.26241],[-97.64142,30.26338],[-97.64193,30.26326],[-97.64242,30.26288],[-97.64286,30.26218],[-97.64187,30.26105],[-97.64228,30.26017],[-97.64206,30.25934],[-97.64214,30.25725],[-97.64183,30.25654],[-97.64119,30.25602],[-97.64045,30.25582],[-97.63265,30.25523],[-97.63161,30.25499],[-97.62881,30.25565],[-97.62633,30.25487],[-97.62605,30.25291],[-97.62608,30.25123],[-97.62633,30.25022],[-97.62671,30.24934],[-97.62808,30.24718],[-97.63058,30.24344],[-97.63138,30.24249],[-97.63282,30.24092],[-97.63473,30.23972],[-97.64257,30.23758],[-97.64608,30.23706],[-97.64813,30.23658],[-97.64928,30.23622],[-97.65281,30.23456],[-97.65865,30.22809],[-97.6617,30.22526],[-97.66356,30.22679],[-97.66358,30.22778],[-97.66427,30.22843],[-97.66549,30.22789],[-97.66605,30.22802],[-97.66738,30.22701],[-97.67095,30.23],[-97.67799,30.22364],[-97.6786,30.22414],[-97.67823,30.2234],[-97.67654,30.22263],[-97.67648,30.22251],[-97.67677,30.22208],[-97.6795,30.2224],[-97.68114,30.22229],[-97.68209,30.22208],[-97.68482,30.22116],[-97.69063,30.21802],[-97.6913,30.21879],[-97.69304,30.21806],[-97.7078,30.21331],[-97.71016,30.21277],[-97.71197,30.2127],[-97.71235,30.21234],[-97.71641,30.21306],[-97.72797,30.21433],[-97.73988,30.21602],[-97.74597,30.21649],[-97.74997,30.21646],[-97.7513,30.21657],[-97.75731,30.20707],[-97.76504,30.19753],[-97.76547,30.19748],[-97.76768,30.19806],[-97.76842,30.19854],[-97.76919,30.19941],[-97.77484,30.20215],[-97.77559,30.20233],[-97.77483,30.20489],[-97.77523,30.20485],[-97.78157,30.20836],[-97.77925,30.21125],[-97.77898,30.21193],[-97.78101,30.21205],[-97.78149,30.21256],[-97.78277,30.21312],[-97.78325,30.21309],[-97.78378,30.2133],[-97.78513,30.21461],[-97.78592,30.21464],[-97.78819,30.2153],[-97.78914,30.21588],[-97.78945,30.21646],[-97.79121,30.21577],[-97.79256,30.21488],[-97.79369,30.21358],[-97.80205,30.2014],[-97.79799,30.20002],[-97.8,30.19705],[-97.79926,30.19672],[-97.79946,30.19626],[-97.79427,30.19372],[-97.79418,30.1857],[-97.79438,30.18537],[-97.7952,30.18562],[-97.79811,30.18555],[-97.79942,30.18578],[-97.80444,30.18568],[-97.80422,30.18407],[-97.80362,30.1835],[-97.80265,30.18297],[-97.80242,30.18244],[-97.8023,30.18135],[-97.80364,30.17743],[-97.8052,30.17626],[-97.80561,30.17576],[-97.80585,30.17408],[-97.80241,30.17407],[-97.80049,30.17334],[-97.79507,30.16874],[-97.79331,30.16772],[-97.79147,30.16729],[-97.78693,30.16713],[-97.78696,30.16703],[-97.78645,30.16698],[-97.78618,30.16711],[-97.78281,30.16696],[-97.7812,30.16659],[-97.78041,30.1662],[-97.7798,30.16576],[-97.77909,30.16496],[-97.77591,30.15877],[-97.77383,30.159],[-97.77549,30.16308],[-97.77676,30.16353],[-97.77663,30.16372],[-97.77694,30.16403],[-97.77628,30.16454],[-97.77556,30.16452],[-97.77525,30.16509],[-97.77714,30.16641],[-97.77837,30.16543],[-97.78022,30.16723],[-97.78004,30.16749],[-97.77977,30.17138],[-97.78189,30.17147],[-97.77956,30.17489],[-97.77777,30.17133],[-97.7683,30.17111],[-97.76823,30.17042],[-97.76389,30.1682],[-97.76442,30.16652],[-97.76366,30.1652],[-97.76379,30.16399],[-97.76283,30.16347],[-97.76203,30.16472],[-97.7607,30.16413],[-97.76456,30.15753],[-97.76256,30.15671],[-97.76214,30.15665],[-97.76227,30.1565],[-97.76194,30.15657],[-97.76557,30.15068],[-97.76577,30.15077],[-97.76732,30.14832],[-97.76741,30.14798],[-97.76641,30.1461],[-97.7636,30.15029],[-97.76135,30.1492],[-97.76381,30.14545],[-97.76341,30.14524],[-97.76457,30.14339],[-97.76473,30.14358],[-97.76635,30.14273],[-97.76758,30.14442],[-97.77007,30.14318],[-97.77155,30.14149],[-97.77372,30.13771],[-97.77876,30.12964],[-97.77882,30.12913],[-97.77862,30.12882],[-97.77729,30.12813],[-97.76617,30.13116],[-97.76603,30.13078],[-97.76701,30.12998],[-97.76787,30.12986],[-97.76805,30.13009],[-97.76782,30.13021],[-97.76798,30.13034],[-97.76887,30.12984],[-97.76823,30.12834],[-97.76798,30.12816],[-97.76555,30.12742],[-97.75942,30.1371],[-97.75699,30.13444],[-97.75672,30.1344],[-97.75019,30.14496],[-97.74857,30.1442],[-97.74735,30.14611],[-97.751,30.14777],[-97.74975,30.14986],[-97.74429,30.14744],[-97.7378,30.14418],[-97.74064,30.13968],[-97.73698,30.1379],[-97.73302,30.14413],[-97.73219,30.14372],[-97.73167,30.14428],[-97.73188,30.14496],[-97.73553,30.14573],[-97.73675,30.14581],[-97.73541,30.14794],[-97.73661,30.1485],[-97.73684,30.15148],[-97.73515,30.15415],[-97.73544,30.15485],[-97.73349,30.1528],[-97.73303,30.1525],[-97.73237,30.15234],[-97.73202,30.15234],[-97.73196,30.15307],[-97.7314,30.15463],[-97.73585,30.15669],[-97.736,30.15808],[-97.72817,30.15438],[-97.72883,30.15337],[-97.73108,30.15448],[-97.7315,30.15344],[-97.73165,30.15197],[-97.73074,30.14841],[-97.73084,30.14839],[-97.72922,30.14254],[-97.72902,30.14229],[-97.72689,30.1412],[-97.727,30.14104],[-97.72923,30.14214],[-97.73094,30.13958],[-97.73193,30.13801],[-97.73084,30.13747],[-97.73183,30.13591],[-97.73293,30.13647],[-97.73365,30.13537],[-97.73218,30.1346],[-97.73282,30.13362],[-97.73079,30.13262],[-97.73154,30.13148],[-97.73504,30.13322],[-97.7352,30.13298],[-97.73301,30.13189],[-97.7351,30.12859],[-97.71619,30.11947],[-97.70897,30.13102],[-97.71,30.13152],[-97.70945,30.13238],[-97.70842,30.13188],[-97.70594,30.13569],[-97.69597,30.13099],[-97.69674,30.14419],[-97.69975,30.14559],[-97.69863,30.14754],[-97.6998,30.14835],[-97.69939,30.14894],[-97.69881,30.14854],[-97.69919,30.14793],[-97.6987,30.1476],[-97.6974,30.14952],[-97.69693,30.14978],[-97.69673,30.15109],[-97.70168,30.15516],[-97.70399,30.15155],[-97.71057,30.157],[-97.71039,30.1573],[-97.7105,30.15739],[-97.71084,30.15655],[-97.71117,30.15663],[-97.71063,30.15751],[-97.71916,30.16451],[-97.72006,30.16313],[-97.72385,30.16622],[-97.72394,30.16609],[-97.72403,30.16614],[-97.72312,30.16763],[-97.72243,30.17077],[-97.72109,30.18001],[-97.72072,30.18094],[-97.71993,30.18216],[-97.71769,30.18436],[-97.71587,30.18221],[-97.71483,30.18165],[-97.71407,30.1822],[-97.71216,30.18228],[-97.70855,30.18131],[-97.70633,30.18153],[-97.70489,30.1831],[-97.70469,30.18314],[-97.703,30.1846],[-97.70501,30.1862],[-97.70652,30.18476],[-97.70901,30.18681],[-97.713,30.18863],[-97.71345,30.18823],[-97.7143,30.18892],[-97.71457,30.1893],[-97.71472,30.18987],[-97.71208,30.19397],[-97.71038,30.19253],[-97.71043,30.19152],[-97.7102,30.19018],[-97.70799,30.19018],[-97.70794,30.19074],[-97.70703,30.19158],[-97.70525,30.19009],[-97.70096,30.19401],[-97.69918,30.19251],[-97.69766,30.19089],[-97.69321,30.18708],[-97.69732,30.1804],[-97.69434,30.17954],[-97.69401,30.17957],[-97.69278,30.17927],[-97.69212,30.17878],[-97.68985,30.17797],[-97.6892,30.17785],[-97.68784,30.18273],[-97.68272,30.17848],[-97.68265,30.17515],[-97.68155,30.17503],[-97.68145,30.17165],[-97.67837,30.17171],[-97.67835,30.17144],[-97.6782,30.17144],[-97.67821,30.17172],[-97.67513,30.17178],[-97.67517,30.17374],[-97.67503,30.17369],[-97.67502,30.17464],[-97.66901,30.17251],[-97.66282,30.17008],[-97.66154,30.16942],[-97.66271,30.16853],[-97.66332,30.16761],[-97.66652,30.16916],[-97.66941,30.16887],[-97.67012,30.16914],[-97.67065,30.16902],[-97.67066,30.16848],[-97.67093,30.16859],[-97.67273,30.16862],[-97.67323,30.16916],[-97.67481,30.16646],[-97.67604,30.16677],[-97.67608,30.16368],[-97.67269,30.16242],[-97.67568,30.15606],[-97.67098,30.15364],[-97.67054,30.15287],[-97.66907,30.15351],[-97.66392,30.16139],[-97.66297,30.16095],[-97.6625,30.16174],[-97.65677,30.15895],[-97.65807,30.15693],[-97.6537,30.15484],[-97.65334,30.1554],[-97.64963,30.15364],[-97.65039,30.15246],[-97.64299,30.14898],[-97.64648,30.14355],[-97.64695,30.14323],[-97.64759,30.14328],[-97.65014,30.13919],[-97.64615,30.13741],[-97.64903,30.13289],[-97.6442,30.13052],[-97.64395,30.13054],[-97.6402,30.12875],[-97.63998,30.12855],[-97.64003,30.12834],[-97.64087,30.12702],[-97.63986,30.1265],[-97.63976,30.12671],[-97.63935,30.12651],[-97.63957,30.12614],[-97.63763,30.12453],[-97.63805,30.12412],[-97.63718,30.12344],[-97.63783,30.12286],[-97.6377,30.12274],[-97.63664,30.1237],[-97.63618,30.12331],[-97.63724,30.12236],[-97.63634,30.1216],[-97.63405,30.12365],[-97.633,30.12275],[-97.6329,30.12284],[-97.63394,30.12375],[-97.63263,30.12492],[-97.63674,30.12847],[-97.6349,30.13133],[-97.62593,30.12692],[-97.62497,30.12838],[-97.62646,30.12909],[-97.62732,30.12776],[-97.63142,30.12976],[-97.6305,30.13118],[-97.63177,30.13189],[-97.63139,30.13236],[-97.63015,30.13172],[-97.62938,30.13292],[-97.62377,30.13023],[-97.6237,30.13035],[-97.62914,30.13296],[-97.62763,30.13528],[-97.62692,30.13412],[-97.62374,30.13889],[-97.62149,30.13776],[-97.62272,30.13582],[-97.62079,30.13488],[-97.61915,30.1374],[-97.61957,30.13759],[-97.61902,30.13845],[-97.6186,30.13825],[-97.6182,30.13885],[-97.62434,30.1418],[-97.62204,30.14548],[-97.61617,30.14269],[-97.61604,30.14229],[-97.61328,30.14653],[-97.62193,30.15079],[-97.62151,30.15146],[-97.62596,30.15352],[-97.62384,30.15687],[-97.63583,30.16267],[-97.63324,30.1667],[-97.63161,30.16793],[-97.62357,30.164],[-97.62391,30.16365],[-97.62424,30.16361],[-97.62498,30.16416],[-97.62663,30.1641],[-97.61401,30.15796],[-97.61699,30.1536],[-97.61059,30.15056],[-97.60416,30.16054],[-97.60809,30.16222],[-97.61607,30.1661],[-97.615,30.1676],[-97.61303,30.16666],[-97.61143,30.16905],[-97.61065,30.16869],[-97.60787,30.17302],[-97.61699,30.17736],[-97.61571,30.17795],[-97.61483,30.17869],[-97.62003,30.18119],[-97.61881,30.18345],[-97.62129,30.18461],[-97.63404,30.17627],[-97.6375,30.17792],[-97.63515,30.18182],[-97.63965,30.18416],[-97.64197,30.18522],[-97.64053,30.18524],[-97.63953,30.18573],[-97.63876,30.18635],[-97.63668,30.18754],[-97.63592,30.18779],[-97.63288,30.18532],[-97.6323,30.18685],[-97.63258,30.18722],[-97.63285,30.18894],[-97.6324,30.18937],[-97.63161,30.18942],[-97.63244,30.18977],[-97.63255,30.18993],[-97.63244,30.19033],[-97.63172,30.1912],[-97.63055,30.19081],[-97.62851,30.19079],[-97.62641,30.19041],[-97.62571,30.19247],[-97.62458,30.19487],[-97.6216,30.19233],[-97.61841,30.18937],[-97.61665,30.18989],[-97.61578,30.19052],[-97.61552,30.19095],[-97.61551,30.19175],[-97.61458,30.19165],[-97.61253,30.19441],[-97.61273,30.1979],[-97.6097,30.20004],[-97.60902,30.19951],[-97.60664,30.19837],[-97.60578,30.19858],[-97.6054,30.19968],[-97.60384,30.19997],[-97.60242,30.20042],[-97.60056,30.19959],[-97.60455,30.19337],[-97.60098,30.19231],[-97.6036,30.18815],[-97.60344,30.18708],[-97.59797,30.18777],[-97.59799,30.18825],[-97.5932,30.19627],[-97.59311,30.19623],[-97.58702,30.20584],[-97.58866,30.20544],[-97.58915,30.20549],[-97.59143,30.20474],[-97.59221,30.20471],[-97.59343,30.20472],[-97.59413,30.20489],[-97.59779,30.20658],[-97.59906,30.20665],[-97.59948,30.20638],[-97.59996,30.20579],[-97.60105,30.20661],[-97.60033,30.20729],[-97.60426,30.21034],[-97.60998,30.21009],[-97.61199,30.21198],[-97.61228,30.2118],[-97.61372,30.2131],[-97.61437,30.21317],[-97.61596,30.21253],[-97.61668,30.21201],[-97.61967,30.21047],[-97.62639,30.20931],[-97.62835,30.20869],[-97.62616,30.2109],[-97.62851,30.21026],[-97.63157,30.20901],[-97.63318,30.20853],[-97.63821,30.20926],[-97.63935,30.20932],[-97.64065,30.20984],[-97.64138,30.21038],[-97.64243,30.21087],[-97.64475,30.21146],[-97.6465,30.21215],[-97.6474,30.2128],[-97.6491,30.21463],[-97.65036,30.21574],[-97.65382,30.21997],[-97.65581,30.22204],[-97.65625,30.22277],[-97.6575,30.22578],[-97.65747,30.22685],[-97.65727,30.22733],[-97.65397,30.23061],[-97.65321,30.23148],[-97.6526,30.2325],[-97.65121,30.23379],[-97.64927,30.23464],[-97.64679,30.23538],[-97.64135,30.23634],[-97.63528,30.23775],[-97.63111,30.23947],[-97.62884,30.24253],[-97.62563,30.24758],[-97.62452,30.25018],[-97.62453,30.25197],[-97.62524,30.25555],[-97.62601,30.25641],[-97.62694,30.25689],[-97.62841,30.25717],[-97.62899,30.25711],[-97.63,30.25676],[-97.63218,30.25655]],[[-97.64671,30.19433],[-97.65163,30.19843],[-97.64566,30.20369],[-97.64076,30.19961],[-97.64671,30.19433]],[[-97.77626,30.1785],[-97.77659,30.17744],[-97.77796,30.17721],[-97.77692,30.17878],[-97.77626,30.1785]],[[-97.76984,30.17871],[-97.76961,30.1755],[-97.76915,30.17432],[-97.76975,30.17423],[-97.77001,30.17491],[-97.77327,30.17443],[-97.77371,30.17444],[-97.77443,30.17483],[-97.77453,30.17538],[-97.77319,30.17558],[-97.77325,30.17822],[-97.76984,30.17871]],[[-97.75097,30.16017],[-97.75059,30.1605],[-97.75019,30.16053],[-97.74942,30.16013],[-97.74978,30.15956],[-97.75097,30.16017]],[[-97.64593,30.18227],[-97.64581,30.18406],[-97.64616,30.18561],[-97.64034,30.18292],[-97.63831,30.18227],[-97.63785,30.18223],[-97.63841,30.18184],[-97.63726,30.18128],[-97.63965,30.17732],[-97.62945,30.17239],[-97.63055,30.1707],[-97.63459,30.16764],[-97.63667,30.1643],[-97.63724,30.16328],[-97.63707,30.1632],[-97.63812,30.16163],[-97.64174,30.16346],[-97.64299,30.16272],[-97.64482,30.1634],[-97.64234,30.1609],[-97.64369,30.15874],[-97.65127,30.16235],[-97.65172,30.1616],[-97.6523,30.16188],[-97.65182,30.16262],[-97.65793,30.16567],[-97.65933,30.16736],[-97.65174,30.173],[-97.65015,30.17484],[-97.64764,30.17835],[-97.64593,30.18227]],[[-97.72348,30.15641],[-97.72321,30.15682],[-97.72288,30.15667],[-97.72314,30.15624],[-97.72348,30.15641]],[[-97.74923,30.15621],[-97.7524,30.15783],[-97.75173,30.15886],[-97.74861,30.15729],[-97.74923,30.15621]],[[-97.73012,30.15243],[-97.73044,30.15243],[-97.73043,30.15271],[-97.73011,30.1527],[-97.73012,30.15243]],[[-97.72295,30.15615],[-97.72131,30.15538],[-97.71831,30.15399],[-97.71973,30.15457],[-97.72035,30.15362],[-97.72119,30.15403],[-97.72234,30.15214],[-97.72473,30.15323],[-97.72295,30.15615]],[[-97.64267,30.14947],[-97.63737,30.1578],[-97.6305,30.15451],[-97.63325,30.15083],[-97.62405,30.14644],[-97.62636,30.1428],[-97.62717,30.1432],[-97.62769,30.1424],[-97.64267,30.14947]],[[-97.72135,30.13928],[-97.7203,30.1388],[-97.72011,30.13909],[-97.71953,30.13881],[-97.71943,30.13895],[-97.71829,30.13837],[-97.71845,30.13812],[-97.71814,30.13796],[-97.71873,30.137],[-97.72197,30.13849],[-97.72135,30.13928]],[[-97.71684,30.13716],[-97.71581,30.1367],[-97.71631,30.13588],[-97.71732,30.13635],[-97.71684,30.13716]],[[-97.71404,30.13651],[-97.71487,30.1352],[-97.71607,30.13577],[-97.71484,30.13692],[-97.71404,30.13651]],[[-97.70562,30.13688],[-97.70541,30.13678],[-97.70553,30.1366],[-97.70573,30.1367],[-97.70562,30.13688]],[[-97.71487,30.12904],[-97.7138,30.13074],[-97.71332,30.13051],[-97.71439,30.1288],[-97.71487,30.12904]]]]}},
{"type":"Feature","properties":{"district_number":"8","district_name":"District 8"},"geometry":{"type":"GeometryCollection","geometries":[{"type":"MultiPolygon","coordinates":[[[[-97.91865,30.1592],[-97.91773,30.15848],[-97.91764,30.15794],[-97.91869,30.15781],[-97.91969,30.15791],[-97.92,30.15799],[-97.92002,30.15815],[-97.92191,30.15825],[-97.92184,30.15637],[-97.92224,30.15636],[-97.92242,30.15651],[-97.92909,30.15667],[-97.9291,30.1527],[-97.9289,30.14864],[-97.92901,30.14856],[-97.92887,30.13779],[-97.92851,30.12386],[-97.92819,30.12404],[-97.91271,30.12422],[-97.90517,30.1245],[-97.88844,30.12463],[-97.88871,30.12505],[-97.88841,30.12538],[-97.88771,30.12562],[-97.88719,30.1265],[-97.88695,30.12672],[-97.8864,30.12673],[-97.88608,30.12716],[-97.88638,30.12739],[-97.88635,30.13076],[-97.88725,30.13075],[-97.88728,30.13274],[-97.89496,30.13271],[-97.8943,30.13318],[-97.89396,30.13427],[-97.9024,30.13418],[-97.90244,30.13613],[-97.89999,30.13625],[-97.89962,30.13682],[-97.89891,30.13677],[-97.89843,30.13652],[-97.89586,30.13667],[-97.89587,30.13734],[-97.89716,30.13775],[-97.8983,30.13889],[-97.90085,30.13881],[-97.90102,30.14214],[-97.89423,30.14238],[-97.89303,30.14192],[-97.8933,30.15464],[-97.89853,30.1546],[-97.89858,30.16021],[-97.90508,30.1598],[-97.90512,30.16129],[-97.90656,30.16496],[-97.90671,30.16954],[-97.90709,30.16954],[-97.9072,30.17653],[-97.90538,30.17656],[-97.90456,30.17793],[-97.89655,30.17897],[-97.89467,30.17747],[-97.88961,30.17279],[-97.89377,30.17269],[-97.8934,30.1626],[-97.89058,30.16251],[-97.89045,30.14813],[-97.88359,30.14816],[-97.88357,30.15147],[-97.8816,30.15394],[-97.87995,30.15226],[-97.8794,30.15205],[-97.87761,30.15201],[-97.87401,30.15234],[-97.87083,30.14926],[-97.87032,30.14935],[-97.87038,30.14878],[-97.86864,30.14659],[-97.86736,30.14447],[-97.8654,30.13944],[-97.86466,30.13807],[-97.86426,30.1376],[-97.86319,30.13694],[-97.86276,30.13689],[-97.86285,30.14224],[-97.86214,30.14414],[-97.8613,30.14318],[-97.86099,30.14306],[-97.85991,30.14211],[-97.8596,30.14208],[-97.85819,30.14104],[-97.85675,30.14053],[-97.8553,30.14054],[-97.8547,30.14118],[-97.85343,30.14036],[-97.85329,30.14054],[-97.8526,30.14034],[-97.85283,30.14006],[-97.85027,30.13953],[-97.84974,30.13978],[-97.84968,30.14036],[-97.84937,30.14067],[-97.84764,30.14062],[-97.84713,30.14117],[-97.84695,30.14096],[-97.84679,30.14106],[-97.84869,30.14324],[-97.84963,30.14365],[-97.8493,30.14453],[-97.84705,30.14458],[-97.84708,30.14615],[-97.85011,30.14607],[-97.84852,30.14821],[-97.84856,30.14942],[-97.84617,30.14947],[-97.84618,30.15902],[-97.84303,30.16173],[-97.84559,30.16407],[-97.84609,30.16434],[-97.84674,30.16549],[-97.8472,30.16578],[-97.8498,30.16916],[-97.85036,30.16949],[-97.85023,30.15897],[-97.86003,30.15884],[-97.85985,30.15673],[-97.85916,30.15572],[-97.86217,30.15468],[-97.86245,30.15305],[-97.86274,30.15278],[-97.86199,30.15144],[-97.86219,30.15006],[-97.86183,30.14963],[-97.86123,30.14935],[-97.8597,30.14927],[-97.85948,30.149],[-97.85931,30.14746],[-97.86005,30.1457],[-97.8612,30.14593],[-97.86203,30.14632],[-97.8623,30.14548],[-97.86349,30.14654],[-97.86619,30.14846],[-97.86755,30.14912],[-97.86728,30.15002],[-97.86684,30.15026],[-97.86553,30.14924],[-97.86173,30.14927],[-97.86173,30.14947],[-97.86544,30.14943],[-97.86688,30.15054],[-97.86715,30.15226],[-97.87167,30.15347],[-97.87435,30.15352],[-97.87459,30.17292],[-97.87038,30.17295],[-97.86852,30.17584],[-97.87016,30.17587],[-97.8703,30.17608],[-97.87012,30.1762],[-97.86984,30.17603],[-97.8689,30.17602],[-97.86815,30.17776],[-97.86755,30.17739],[-97.86179,30.17739],[-97.86179,30.17592],[-97.86161,30.17592],[-97.86159,30.17738],[-97.85841,30.17738],[-97.85937,30.17846],[-97.85683,30.17817],[-97.85651,30.17867],[-97.85329,30.17824],[-97.8386,30.20129],[-97.83618,30.20006],[-97.83471,30.19972],[-97.83452,30.20006],[-97.83455,30.20071],[-97.83293,30.20337],[-97.83234,30.20421],[-97.83179,30.20395],[-97.83108,30.20504],[-97.83068,30.20581],[-97.83348,30.20717],[-97.83392,30.20648],[-97.83494,30.20699],[-97.83346,30.20927],[-97.83208,30.21102],[-97.83039,30.21368],[-97.83054,30.21373],[-97.82866,30.2169],[-97.82819,30.21763],[-97.82806,30.21756],[-97.82624,30.22041],[-97.83,30.22225],[-97.82864,30.22446],[-97.82817,30.22439],[-97.82481,30.22987],[-97.82355,30.22927],[-97.82036,30.23416],[-97.81867,30.2337],[-97.81671,30.23369],[-97.8168,30.23445],[-97.81595,30.23473],[-97.81642,30.2355],[-97.81587,30.23561],[-97.8154,30.23632],[-97.81495,30.2359],[-97.81447,30.23586],[-97.81412,30.23692],[-97.81382,30.23715],[-97.81252,30.23649],[-97.8119,30.23744],[-97.81181,30.23812],[-97.81132,30.23835],[-97.81024,30.2399],[-97.80942,30.23976],[-97.80894,30.2399],[-97.80805,30.24056],[-97.80591,30.24291],[-97.80306,30.24447],[-97.80104,30.24524],[-97.80031,30.2453],[-97.79853,30.24517],[-97.79721,30.24484],[-97.79561,30.24387],[-97.79408,30.24318],[-97.79341,30.2431],[-97.79265,30.24205],[-97.79229,30.24184],[-97.78989,30.24209],[-97.78898,30.24319],[-97.78874,30.24445],[-97.78893,30.24559],[-97.78951,30.24639],[-97.7922,30.24782],[-97.79351,30.24804],[-97.79606,30.24766],[-97.79671,30.24814],[-97.7968,30.24874],[-97.7961,30.25227],[-97.79617,30.25258],[-97.79575,30.25342],[-97.79456,30.25406],[-97.79385,30.25417],[-97.79092,30.25518],[-97.7852,30.2575],[-97.78461,30.25809],[-97.7843,30.25869],[-97.78421,30.25927],[-97.78472,30.2598],[-97.78539,30.26006],[-97.78557,30.26039],[-97.78504,30.26098],[-97.78418,30.26128],[-97.78373,30.26158],[-97.78243,30.26177],[-97.7809,30.26255],[-97.77963,30.26287],[-97.77814,30.26284],[-97.77547,30.26355],[-97.77323,30.26367],[-97.77153,30.26359],[-97.76937,30.26409],[-97.76763,30.26408],[-97.76594,30.26466],[-97.76226,30.26652],[-97.76106,30.26726],[-97.76611,30.26986],[-97.77061,30.27291],[-97.7728,30.27488],[-97.77669,30.27753],[-97.7795,30.27976],[-97.78429,30.2843],[-97.78567,30.28678],[-97.78578,30.28999],[-97.78613,30.29167],[-97.78528,30.29316],[-97.7856,30.29359],[-97.7859,30.29552],[-97.786,30.29737],[-97.78389,30.30064],[-97.78052,30.30443],[-97.77917,30.30621],[-97.77788,30.30835],[-97.7759,30.3136],[-97.77568,30.31803],[-97.77614,30.32091],[-97.77609,30.32217],[-97.77652,30.32384],[-97.77861,30.32839],[-97.77976,30.33054],[-97.78094,30.33225],[-97.78106,30.33223],[-97.78656,30.34137],[-97.78831,30.34356],[-97.7897,30.34483],[-97.79152,30.34628],[-97.79622,30.34957],[-97.79683,30.34985],[-97.79675,30.34995],[-97.79696,30.34984],[-97.79972,30.34576],[-97.81434,30.32294],[-97.81553,30.3219],[-97.82441,30.31722],[-97.82535,30.31649],[-97.82619,30.31551],[-97.82675,30.31436],[-97.827,30.31275],[-97.8269,30.31193],[-97.82532,30.30649],[-97.8254,30.30544],[-97.82597,30.30412],[-97.82525,30.30415],[-97.82497,30.30473],[-97.82465,30.30488],[-97.82396,30.30481],[-97.82333,30.30555],[-97.82296,30.30556],[-97.82233,30.30516],[-97.82253,30.30579],[-97.82159,30.30588],[-97.82147,30.3061],[-97.82164,30.30636],[-97.82174,30.30712],[-97.8216,30.30755],[-97.82189,30.30767],[-97.82158,30.30938],[-97.82299,30.30995],[-97.82351,30.31029],[-97.82367,30.31025],[-97.82384,30.31041],[-97.82369,30.31061],[-97.82405,30.31085],[-97.82427,30.31116],[-97.8242,30.31131],[-97.82448,30.31155],[-97.82454,30.31195],[-97.82468,30.31199],[-97.82466,30.31351],[-97.82408,30.31353],[-97.82376,30.31382],[-97.82306,30.31331],[-97.82263,30.31336],[-97.82225,30.31406],[-97.82188,30.31411],[-97.82086,30.31317],[-97.82016,30.31296],[-97.82003,30.31233],[-97.81978,30.31216],[-97.81938,30.3122],[-97.81915,30.31207],[-97.8189,30.31163],[-97.81821,30.31145],[-97.81797,30.31096],[-97.81735,30.31048],[-97.81722,30.31019],[-97.81839,30.30965],[-97.81727,30.30777],[-97.81493,30.30671],[-97.7942,30.33935],[-97.79373,30.33863],[-97.79295,30.33829],[-97.7919,30.33843],[-97.79125,30.33892],[-97.79016,30.33784],[-97.79043,30.33691],[-97.79,30.33602],[-97.78913,30.33556],[-97.78802,30.33563],[-97.78492,30.33223],[-97.78491,30.33172],[-97.78531,30.33091],[-97.78524,30.33039],[-97.78499,30.33001],[-97.78446,30.32964],[-97.78394,30.32948],[-97.78338,30.32948],[-97.78282,30.32965],[-97.78294,30.32903],[-97.78341,30.32863],[-97.78366,30.32816],[-97.78367,30.32763],[-97.78349,30.3272],[-97.78301,30.32677],[-97.78238,30.32649],[-97.78177,30.32641],[-97.78107,30.32652],[-97.78045,30.32522],[-97.78034,30.32477],[-97.78072,30.32435],[-97.78088,30.32382],[-97.78061,30.32285],[-97.78185,30.3226],[-97.7831,30.32207],[-97.78349,30.32161],[-97.78391,30.32062],[-97.78435,30.32019],[-97.78457,30.3196],[-97.78452,30.31914],[-97.7842,30.3186],[-97.78361,30.31824],[-97.78293,30.3181],[-97.78172,30.31837],[-97.78064,30.3195],[-97.7803,30.31916],[-97.78025,30.3187],[-97.78051,30.31831],[-97.78072,30.31738],[-97.78068,30.31679],[-97.78108,30.31636],[-97.78123,30.31594],[-97.78118,30.31541],[-97.78089,30.31495],[-97.7813,30.31396],[-97.78119,30.3132],[-97.78225,30.3124],[-97.78245,30.31184],[-97.78239,30.31131],[-97.78289,30.31097],[-97.78321,30.31037],[-97.78323,30.31015],[-97.78265,30.30997],[-97.78457,30.30752],[-97.78386,30.30707],[-97.78401,30.30684],[-97.78472,30.30676],[-97.78535,30.30644],[-97.7859,30.30565],[-97.78653,30.30525],[-97.78685,30.30482],[-97.78701,30.30399],[-97.78667,30.3032],[-97.78677,30.30298],[-97.78774,30.30217],[-97.78847,30.3002],[-97.78888,30.30072],[-97.78936,30.30102],[-97.79063,30.30116],[-97.79101,30.30173],[-97.7924,30.30269],[-97.79277,30.30364],[-97.79354,30.30434],[-97.79482,30.30471],[-97.79549,30.30466],[-97.79597,30.30441],[-97.79602,30.30368],[-97.79585,30.30331],[-97.79576,30.30321],[-97.79509,30.30331],[-97.79425,30.3024],[-97.79436,30.30189],[-97.79415,30.30134],[-97.79342,30.3006],[-97.79231,30.30002],[-97.79204,30.29938],[-97.79177,30.29806],[-97.79047,30.29854],[-97.79021,30.29769],[-97.79174,30.29653],[-97.79196,30.29614],[-97.79161,30.29587],[-97.79096,30.29616],[-97.79077,30.29601],[-97.79083,30.29547],[-97.79044,30.29502],[-97.79024,30.29452],[-97.79032,30.29425],[-97.79091,30.29398],[-97.79196,30.29454],[-97.7923,30.2949],[-97.79315,30.29522],[-97.79346,30.29511],[-97.79361,30.29436],[-97.79504,30.29354],[-97.79603,30.29229],[-97.79891,30.29146],[-97.79994,30.28988],[-97.79351,30.28683],[-97.79486,30.28471],[-97.79308,30.28383],[-97.79243,30.28486],[-97.7905,30.28397],[-97.78961,30.2854],[-97.78751,30.28343],[-97.78783,30.28317],[-97.78793,30.28324],[-97.78852,30.2827],[-97.78891,30.28178],[-97.78945,30.28202],[-97.7898,30.28145],[-97.78959,30.28131],[-97.78979,30.28097],[-97.79034,30.28122],[-97.79102,30.28011],[-97.78921,30.27927],[-97.78734,30.2826],[-97.78695,30.28293],[-97.77717,30.27371],[-97.78118,30.26864],[-97.78106,30.26864],[-97.78143,30.26837],[-97.7809,30.26764],[-97.78032,30.26784],[-97.78007,30.26757],[-97.78225,30.26644],[-97.78286,30.26623],[-97.78348,30.26663],[-97.78537,30.26713],[-97.78594,30.2677],[-97.78621,30.26872],[-97.78759,30.2685],[-97.78761,30.26954],[-97.78827,30.27013],[-97.78884,30.26983],[-97.7903,30.26945],[-97.79037,30.26959],[-97.79231,30.26941],[-97.79349,30.26962],[-97.79422,30.26917],[-97.79461,30.26868],[-97.79516,30.26861],[-97.79587,30.26992],[-97.79612,30.26967],[-97.79645,30.27039],[-97.79754,30.27081],[-97.7992,30.27206],[-97.79851,30.2731],[-97.80155,30.27527],[-97.80264,30.27356],[-97.80602,30.27516],[-97.80845,30.27171],[-97.81048,30.27183],[-97.81051,30.27216],[-97.81117,30.27214],[-97.81124,30.27309],[-97.81144,30.27348],[-97.81238,30.27398],[-97.81228,30.27434],[-97.81418,30.27508],[-97.81832,30.27704],[-97.81827,30.27713],[-97.81885,30.27755],[-97.82651,30.28767],[-97.82751,30.28941],[-97.8279,30.29119],[-97.82779,30.29344],[-97.82721,30.29463],[-97.82916,30.29531],[-97.82931,30.29603],[-97.83249,30.29672],[-97.83338,30.29672],[-97.83367,30.29806],[-97.83503,30.29808],[-97.83568,30.29899],[-97.8373,30.2987],[-97.83636,30.29738],[-97.83566,30.29696],[-97.83476,30.29668],[-97.83464,30.29592],[-97.83399,30.29589],[-97.83062,30.29442],[-97.83107,30.29303],[-97.83058,30.29284],[-97.83075,30.29235],[-97.8307,30.29192],[-97.83113,30.29127],[-97.83075,30.29105],[-97.83279,30.28787],[-97.83274,30.28596],[-97.83302,30.28461],[-97.83167,30.28425],[-97.83047,30.28505],[-97.82963,30.28517],[-97.82856,30.28499],[-97.82763,30.28446],[-97.82646,30.28327],[-97.82532,30.27938],[-97.82686,30.27708],[-97.82705,30.27727],[-97.82695,30.27775],[-97.82719,30.27804],[-97.82717,30.27922],[-97.82786,30.28156],[-97.82774,30.28198],[-97.82712,30.28225],[-97.82734,30.283],[-97.82788,30.28357],[-97.8274,30.28386],[-97.82764,30.28416],[-97.82805,30.28374],[-97.829,30.28441],[-97.82955,30.2845],[-97.82953,30.28495],[-97.83024,30.2849],[-97.83011,30.2846],[-97.83042,30.28439],[-97.82907,30.28355],[-97.82863,30.2828],[-97.82935,30.28298],[-97.82952,30.28239],[-97.83047,30.28233],[-97.83125,30.28374],[-97.83178,30.28339],[-97.83169,30.28298],[-97.83235,30.28259],[-97.82938,30.27884],[-97.83026,30.27769],[-97.83125,30.27469],[-97.83133,30.27345],[-97.83158,30.2728],[-97.83246,30.27297],[-97.83399,30.27455],[-97.83568,30.27545],[-97.83566,30.27573],[-97.83348,30.27854],[-97.83343,30.27921],[-97.83394,30.27946],[-97.8457,30.26169],[-97.84607,30.25994],[-97.84911,30.25532],[-97.84588,30.25383],[-97.84876,30.2496],[-97.87372,30.26175],[-97.87508,30.25977],[-97.876,30.26008],[-97.8819,30.26291],[-97.88222,30.26318],[-97.88745,30.26572],[-97.88344,30.27204],[-97.88883,30.27474],[-97.88814,30.27578],[-97.88678,30.27508],[-97.88688,30.27574],[-97.88671,30.27807],[-97.88576,30.27955],[-97.88624,30.27978],[-97.88519,30.28137],[-97.88969,30.28354],[-97.8896,30.28426],[-97.88932,30.28482],[-97.88853,30.28573],[-97.88809,30.28674],[-97.88718,30.28723],[-97.88569,30.28648],[-97.88521,30.28537],[-97.88423,30.28512],[-97.88296,30.28387],[-97.88305,30.28502],[-97.88244,30.28664],[-97.88307,30.28649],[-97.88372,30.28665],[-97.88425,30.28699],[-97.88503,30.28782],[-97.88616,30.28921],[-97.88624,30.28992],[-97.88744,30.29302],[-97.88832,30.29433],[-97.88923,30.29526],[-97.89064,30.2957],[-97.89167,30.29543],[-97.89564,30.29132],[-97.89692,30.29027],[-97.898,30.28964],[-97.899,30.28941],[-97.90073,30.28928],[-97.90217,30.29186],[-97.90204,30.29231],[-97.9018,30.29274],[-97.90038,30.2941],[-97.89984,30.29451],[-97.89894,30.29487],[-97.89818,30.29544],[-97.89701,30.29695],[-97.89732,30.29793],[-97.89791,30.29867],[-97.90305,30.30287],[-97.90405,30.30343],[-97.90618,30.30412],[-97.90717,30.30461],[-97.90685,30.30941],[-97.90886,30.30972],[-97.9086,30.30889],[-97.90841,30.30637],[-97.90867,30.30433],[-97.90903,30.30277],[-97.90937,30.30197],[-97.90922,30.30192],[-97.90916,30.30121],[-97.90932,30.30028],[-97.91066,30.29689],[-97.91179,30.29481],[-97.91353,30.2926],[-97.91558,30.29074],[-97.91772,30.28933],[-97.91666,30.28652],[-97.9166,30.28561],[-97.91692,30.28168],[-97.91676,30.28056],[-97.91475,30.27645],[-97.91638,30.27626],[-97.91477,30.27315],[-97.91162,30.26831],[-97.91079,30.26669],[-97.91025,30.26511],[-97.90899,30.2601],[-97.90989,30.25996],[-97.91314,30.25861],[-97.92054,30.25073],[-97.92345,30.24796],[-97.92425,30.24734],[-97.92744,30.24635],[-97.92608,30.24559],[-97.92039,30.24056],[-97.91876,30.2431],[-97.9183,30.24281],[-97.91998,30.24021],[-97.91909,30.2394],[-97.91309,30.24863],[-97.9132,30.24907],[-97.91274,30.24978],[-97.91847,30.25261],[-97.91678,30.2543],[-97.91233,30.25215],[-97.91142,30.25366],[-97.91125,30.25344],[-97.9105,30.25367],[-97.90855,30.25494],[-97.90745,30.25483],[-97.90716,30.25512],[-97.90566,30.25453],[-97.90475,30.25488],[-97.90419,30.25427],[-97.90902,30.24663],[-97.90397,30.24415],[-97.91006,30.2347],[-97.90851,30.23446],[-97.90842,30.23433],[-97.90176,30.23241],[-97.90189,30.23225],[-97.90121,30.23205],[-97.90078,30.23308],[-97.90044,30.23293],[-97.90074,30.23221],[-97.90031,30.23208],[-97.90005,30.23274],[-97.8996,30.23255],[-97.89984,30.23194],[-97.89942,30.23182],[-97.89951,30.23151],[-97.89492,30.23014],[-97.89464,30.23122],[-97.89366,30.23109],[-97.89378,30.22988],[-97.89148,30.22955],[-97.8916,30.22876],[-97.89379,30.22907],[-97.89516,30.22584],[-97.89563,30.2251],[-97.89187,30.22328],[-97.89327,30.22107],[-97.89474,30.21732],[-97.89693,30.2138],[-97.89438,30.21252],[-97.89378,30.21198],[-97.89618,30.2086],[-97.89647,30.20778],[-97.89756,30.2059],[-97.90051,30.20695],[-97.90115,30.207],[-97.90077,30.20776],[-97.90266,30.20855],[-97.90291,30.20894],[-97.90288,30.20924],[-97.90423,30.20932],[-97.90694,30.20988],[-97.90776,30.2098],[-97.90852,30.20948],[-97.9092,30.20883],[-97.91163,30.20499],[-97.91175,30.20504],[-97.91308,30.20434],[-97.91653,30.20367],[-97.91761,30.20318],[-97.91842,30.20245],[-97.92356,30.19451],[-97.92658,30.19069],[-97.92876,30.18694],[-97.92893,30.18572],[-97.92881,30.17842],[-97.92918,30.175],[-97.9295,30.17455],[-97.92844,30.17311],[-97.92653,30.17271],[-97.92436,30.17282],[-97.91792,30.16527],[-97.91868,30.16313],[-97.91865,30.1592]],[[-97.77894,30.32157],[-97.77886,30.32107],[-97.77911,30.32102],[-97.77918,30.32167],[-97.77894,30.32157]],[[-97.79141,30.29951],[-97.79121,30.29984],[-97.7906,30.30022],[-97.79017,30.30072],[-97.78939,30.30043],[-97.78919,30.3002],[-97.78847,30.29989],[-97.78896,30.29931],[-97.78982,30.29926],[-97.78988,30.29955],[-97.79052,30.29973],[-97.79108,30.29927],[-97.79132,30.29928],[-97.79141,30.29951]],[[-97.7888,30.29843],[-97.78886,30.29831],[-97.78964,30.29823],[-97.78976,30.29858],[-97.78899,30.29872],[-97.7888,30.29843]],[[-97.8024,30.27289],[-97.80193,30.27281],[-97.8017,30.27251],[-97.80386,30.2693],[-97.80429,30.26949],[-97.8047,30.27022],[-97.80515,30.27066],[-97.80563,30.27173],[-97.80404,30.27252],[-97.80245,30.27288],[-97.8023,30.27337],[-97.8024,30.27344],[-97.80225,30.27337],[-97.8024,30.27289]],[[-97.81797,30.26604],[-97.81811,30.26719],[-97.81797,30.26858],[-97.81605,30.26784],[-97.81472,30.26707],[-97.81512,30.26631],[-97.81713,30.26725],[-97.81797,30.26604]],[[-97.81678,30.2639],[-97.81735,30.26471],[-97.81653,30.26612],[-97.81548,30.26566],[-97.81678,30.2639]],[[-97.8158,30.2647],[-97.81476,30.2642],[-97.8143,30.26493],[-97.81543,30.26547],[-97.81468,30.26676],[-97.81253,30.26575],[-97.81349,30.26421],[-97.81371,30.26431],[-97.81442,30.26316],[-97.81463,30.26343],[-97.81581,30.26272],[-97.81661,30.26368],[-97.8158,30.2647]],[[-97.91027,30.25769],[-97.91147,30.25805],[-97.91202,30.25882],[-97.91112,30.25915],[-97.91103,30.25901],[-97.91027,30.25769]],[[-97.92106,30.24986],[-97.92036,30.25059],[-97.91692,30.2488],[-97.91801,30.2472],[-97.92106,30.24986]],[[-97.91986,30.24655],[-97.91905,30.2456],[-97.9201,30.24423],[-97.92041,30.24444],[-97.92115,30.24543],[-97.91986,30.24655]],[[-97.81261,30.23859],[-97.81331,30.23748],[-97.8139,30.23774],[-97.81478,30.2376],[-97.81515,30.23919],[-97.81635,30.23954],[-97.81496,30.24016],[-97.81441,30.2402],[-97.81328,30.24057],[-97.81261,30.23859]],[[-97.9003,30.23511],[-97.90024,30.23485],[-97.90056,30.23431],[-97.90102,30.23453],[-97.90066,30.23528],[-97.9003,30.23511]]],[[[-97.84366,30.27306],[-97.84311,30.27313],[-97.84332,30.27334],[-97.84363,30.27322],[-97.84446,30.27389],[-97.84425,30.27345],[-97.84366,30.27306]]],[[[-97.8394,30.27693],[-97.83849,30.27833],[-97.83803,30.27843],[-97.83758,30.27835],[-97.83804,30.27848],[-97.83912,30.27822],[-97.83937,30.27778],[-97.84021,30.2772],[-97.84056,30.27665],[-97.84161,30.27616],[-97.84115,30.27473],[-97.84004,30.27562],[-97.83964,30.27611],[-97.83979,30.27679],[-97.8394,30.27693]]],[[[-97.84641,30.27865],[-97.84753,30.28037],[-97.84869,30.28163],[-97.84906,30.28138],[-97.84988,30.28222],[-97.85024,30.28237],[-97.85008,30.28426],[-97.84719,30.28627],[-97.84792,30.28729],[-97.85069,30.28561],[-97.85204,30.28422],[-97.85255,30.28292],[-97.8524,30.28192],[-97.85184,30.28166],[-97.85114,30.28064],[-97.84966,30.2794],[-97.8493,30.2793],[-97.84904,30.2794],[-97.84863,30.27918],[-97.84831,30.2779],[-97.8488,30.27717],[-97.85112,30.27751],[-97.85347,30.27754],[-97.85364,30.27779],[-97.85412,30.27759],[-97.85482,30.27833],[-97.85522,30.2785],[-97.85606,30.27856],[-97.85614,30.27819],[-97.85497,30.27727],[-97.85476,30.27679],[-97.85482,30.27534],[-97.85373,30.27362],[-97.85354,30.27246],[-97.85258,30.27216],[-97.85183,30.27165],[-97.85062,30.27171],[-97.84975,30.27192],[-97.849,30.27237],[-97.84783,30.27403],[-97.84687,30.27428],[-97.846,30.27404],[-97.84547,30.27324],[-97.84453,30.27397],[-97.84609,30.27652],[-97.84641,30.27865]],[[-97.8513,30.27427],[-97.8507,30.2746],[-97.84938,30.2758],[-97.84904,30.27565],[-97.84883,30.27585],[-97.84837,30.27555],[-97.84871,30.275],[-97.84915,30.27527],[-97.84944,30.27524],[-97.84991,30.27492],[-97.85038,30.27421],[-97.84937,30.27384],[-97.84892,30.27428],[-97.84836,30.27376],[-97.84959,30.27254],[-97.85079,30.27301],[-97.85195,30.27325],[-97.8513,30.27427]]],[[[-97.8333,30.2835],[-97.83371,30.28365],[-97.8338,30.28347],[-97.83339,30.28331],[-97.8333,30.2835]]]]},{"type":"MultiLineString","coordinates":[[[-97.90372,30.12796],[-97.90372,30.1283]],[[-97.90372,30.12796],[-97.90372,30.12793]]]}]}},
{"type":"Feature","properties":{"district_number":"6","district_name":"District 6"},"geometry":{"type":"MultiPolygon","coordinates":[[[[-97.69029,30.46041],[-97.6898,30.46119],[-97.68949,30.46105],[-97.68932,30.46132],[-97.68965,30.46149],[-97.68946,30.4618],[-97.69376,30.46383],[-97.69375,30.46367],[-97.69423,30.46383],[-97.69432,30.4633],[-97.69177,30.46208],[-97.69222,30.46139],[-97.69029,30.46041]]],[[[-97.77494,30.39039],[-97.77433,30.39077],[-97.77381,30.39083],[-97.77399,30.39129],[-97.77386,30.39169],[-97.77411,30.3922],[-97.77353,30.39266],[-97.77346,30.39294],[-97.77366,30.39324],[-97.77353,30.39342],[-97.77228,30.39423],[-97.77155,30.39431],[-97.7704,30.3948],[-97.76971,30.39603],[-97.76993,30.39684],[-97.76987,30.39806],[-97.77043,30.39884],[-97.77091,30.39918],[-97.77157,30.39939],[-97.77157,30.4004],[-97.77173,30.40077],[-97.77207,30.40108],[-97.7719,30.40144],[-97.77186,30.40217],[-97.77262,30.40258],[-97.77345,30.40373],[-97.77326,30.40476],[-97.77381,30.40579],[-97.77385,30.40652],[-97.77342,30.40701],[-97.77257,30.40739],[-97.77231,30.40777],[-97.77253,30.40853],[-97.77197,30.40983],[-97.77206,30.41028],[-97.76854,30.41103],[-97.76828,30.41145],[-97.76897,30.4112],[-97.76959,30.41136],[-97.77103,30.41248],[-97.77159,30.41332],[-97.77179,30.41458],[-97.7729,30.41543],[-97.77344,30.41629],[-97.7741,30.41683],[-97.77467,30.41773],[-97.7749,30.41787],[-97.77529,30.41792],[-97.77582,30.4167],[-97.77685,30.41607],[-97.77752,30.41585],[-97.77929,30.41585],[-97.77944,30.41482],[-97.7818,30.41502],[-97.78157,30.41649],[-97.78103,30.41849],[-97.78181,30.41865],[-97.78165,30.41962],[-97.78081,30.41954],[-97.77975,30.42315],[-97.77874,30.42474],[-97.77774,30.4256],[-97.7781,30.42631],[-97.77885,30.42669],[-97.77916,30.42653],[-97.7797,30.42568],[-97.78063,30.42666],[-97.78158,30.42721],[-97.78263,30.42729],[-97.7829,30.42706],[-97.78203,30.42652],[-97.78229,30.42613],[-97.78347,30.42629],[-97.78371,30.42579],[-97.78352,30.42566],[-97.78446,30.42511],[-97.78484,30.42515],[-97.78502,30.42627],[-97.7847,30.42694],[-97.78431,30.42731],[-97.78301,30.42828],[-97.78271,30.42809],[-97.78132,30.42779],[-97.78245,30.42921],[-97.78201,30.42967],[-97.77932,30.43134],[-97.7773,30.43195],[-97.77635,30.42977],[-97.76921,30.43241],[-97.768,30.43257],[-97.76562,30.43241],[-97.75022,30.42485],[-97.74883,30.42397],[-97.74785,30.42287],[-97.74722,30.42158],[-97.746,30.41519],[-97.74575,30.4153],[-97.74527,30.41283],[-97.74478,30.41307],[-97.7445,30.41353],[-97.74067,30.41172],[-97.73983,30.41302],[-97.73771,30.41452],[-97.73726,30.41521],[-97.7316,30.41251],[-97.73104,30.41316],[-97.72922,30.41208],[-97.73013,30.42415],[-97.73016,30.42597],[-97.73002,30.42695],[-97.72796,30.43772],[-97.72743,30.43968],[-97.72271,30.44934],[-97.72406,30.4494],[-97.72807,30.44824],[-97.72773,30.44824],[-97.72706,30.44635],[-97.73497,30.444],[-97.7347,30.4462],[-97.7345,30.44653],[-97.73479,30.44726],[-97.73832,30.44627],[-97.73934,30.4495],[-97.73024,30.45214],[-97.72869,30.44825],[-97.72462,30.4494],[-97.72399,30.44951],[-97.72266,30.44945],[-97.72099,30.4527],[-97.71814,30.45723],[-97.7152,30.45865],[-97.70399,30.4585],[-97.69599,30.4614],[-97.69579,30.4616],[-97.6946,30.4615],[-97.6944,30.46279],[-97.69866,30.46486],[-97.6938,30.4694],[-97.69358,30.4693],[-97.69249,30.47064],[-97.69063,30.47231],[-97.69219,30.47367],[-97.69306,30.4748],[-97.69351,30.47589],[-97.69413,30.47864],[-97.70423,30.47921],[-97.70449,30.47881],[-97.70622,30.47914],[-97.71549,30.50249],[-97.71593,30.50518],[-97.71591,30.5074],[-97.71721,30.50577],[-97.7217,30.49914],[-97.72313,30.49732],[-97.719,30.48718],[-97.72199,30.48628],[-97.71907,30.47902],[-97.72189,30.47812],[-97.72066,30.47495],[-97.72463,30.47376],[-97.72522,30.47558],[-97.7255,30.47594],[-97.72789,30.48153],[-97.73165,30.4804],[-97.73308,30.48386],[-97.73517,30.48271],[-97.73623,30.48264],[-97.73931,30.48326],[-97.73794,30.48354],[-97.73823,30.48417],[-97.73867,30.48466],[-97.75032,30.48232],[-97.75279,30.48199],[-97.75467,30.48118],[-97.76239,30.47871],[-97.76376,30.47915],[-97.76369,30.48189],[-97.75731,30.48389],[-97.75843,30.48738],[-97.75642,30.48801],[-97.75537,30.48502],[-97.75242,30.48519],[-97.7526,30.48616],[-97.74952,30.48616],[-97.75339,30.49592],[-97.75385,30.49578],[-97.75398,30.49604],[-97.75293,30.4963],[-97.75206,30.49605],[-97.75061,30.49778],[-97.75033,30.49884],[-97.75049,30.49975],[-97.74478,30.50118],[-97.74643,30.50519],[-97.74415,30.50594],[-97.74853,30.51665],[-97.75003,30.51545],[-97.75186,30.51454],[-97.75293,30.51426],[-97.75474,30.51313],[-97.75552,30.51228],[-97.75638,30.51092],[-97.75672,30.51008],[-97.75773,30.50901],[-97.75885,30.50833],[-97.7598,30.50831],[-97.7616,30.50802],[-97.76201,30.50629],[-97.7635,30.50686],[-97.76301,30.50731],[-97.76293,30.50759],[-97.76518,30.50741],[-97.76604,30.50712],[-97.76623,30.50732],[-97.7681,30.50599],[-97.77094,30.50474],[-97.7722,30.50475],[-97.77531,30.5034],[-97.77555,30.50393],[-97.77608,30.50352],[-97.77652,30.50346],[-97.77653,30.50327],[-97.77667,30.50343],[-97.77882,30.5034],[-97.77917,30.50364],[-97.78072,30.50389],[-97.78182,30.50362],[-97.78293,30.50363],[-97.78368,30.5041],[-97.78609,30.50488],[-97.78742,30.50522],[-97.78807,30.5052],[-97.78882,30.50566],[-97.7897,30.5058],[-97.79117,30.50545],[-97.79196,30.50512],[-97.79367,30.50398],[-97.79401,30.50393],[-97.79499,30.50342],[-97.79589,30.50278],[-97.79751,30.4998],[-97.79979,30.49782],[-97.80039,30.49743],[-97.80335,30.49605],[-97.80466,30.49599],[-97.80547,30.49565],[-97.80599,30.49524],[-97.80625,30.49481],[-97.8056,30.49473],[-97.8057,30.49224],[-97.80527,30.49147],[-97.80521,30.49046],[-97.80632,30.48825],[-97.80684,30.48784],[-97.80752,30.48758],[-97.80697,30.4861],[-97.80559,30.4833],[-97.8054,30.48254],[-97.80325,30.4797],[-97.80496,30.4787],[-97.81529,30.47531],[-97.81063,30.46389],[-97.82001,30.46091],[-97.82208,30.45916],[-97.82308,30.45805],[-97.82324,30.45817],[-97.82563,30.456],[-97.82608,30.45586],[-97.82589,30.45573],[-97.82633,30.45566],[-97.82939,30.45644],[-97.83138,30.45722],[-97.83414,30.45771],[-97.83457,30.4579],[-97.83818,30.4605],[-97.8388,30.46067],[-97.83966,30.46051],[-97.8422,30.45925],[-97.8441,30.45866],[-97.84585,30.45737],[-97.84633,30.45626],[-97.84678,30.45456],[-97.84763,30.45349],[-97.84873,30.45267],[-97.85041,30.45196],[-97.85035,30.45177],[-97.84925,30.45073],[-97.84845,30.45085],[-97.84707,30.45301],[-97.84556,30.45372],[-97.84299,30.45185],[-97.84373,30.45074],[-97.8436,30.45051],[-97.8422,30.45006],[-97.84139,30.44998],[-97.83992,30.44932],[-97.83888,30.44852],[-97.8377,30.44809],[-97.83678,30.44706],[-97.83618,30.44684],[-97.83669,30.44608],[-97.84639,30.45046],[-97.84858,30.44876],[-97.84955,30.44855],[-97.85041,30.45007],[-97.8512,30.45032],[-97.8522,30.45122],[-97.85392,30.45037],[-97.85626,30.44959],[-97.85734,30.44895],[-97.85805,30.4483],[-97.85721,30.44891],[-97.85594,30.44956],[-97.85425,30.45016],[-97.85384,30.44987],[-97.85344,30.44916],[-97.85259,30.4488],[-97.85177,30.44746],[-97.85146,30.44737],[-97.85033,30.4476],[-97.84926,30.44799],[-97.84469,30.44099],[-97.84034,30.44341],[-97.83891,30.44274],[-97.83918,30.44232],[-97.83848,30.44204],[-97.83775,30.44321],[-97.83757,30.44315],[-97.83713,30.4438],[-97.83427,30.44294],[-97.83412,30.44323],[-97.83361,30.44304],[-97.83373,30.44277],[-97.83353,30.44271],[-97.83365,30.44249],[-97.83592,30.43999],[-97.83528,30.43971],[-97.83714,30.43516],[-97.83742,30.43238],[-97.83793,30.43076],[-97.83793,30.42875],[-97.83737,30.42725],[-97.82451,30.42609],[-97.81617,30.42102],[-97.81489,30.42004],[-97.81278,30.41901],[-97.81085,30.41936],[-97.80956,30.41916],[-97.80958,30.42014],[-97.80873,30.42138],[-97.80768,30.42176],[-97.80745,30.42144],[-97.80688,30.42108],[-97.80653,30.42055],[-97.80611,30.42036],[-97.80643,30.41881],[-97.80603,30.41877],[-97.80576,30.41877],[-97.80488,30.42007],[-97.80311,30.41951],[-97.80245,30.41947],[-97.80012,30.4199],[-97.79914,30.4203],[-97.7986,30.42078],[-97.79806,30.42104],[-97.79779,30.42108],[-97.79748,30.42063],[-97.79674,30.42078],[-97.79622,30.42007],[-97.79515,30.42054],[-97.79386,30.42084],[-97.79394,30.41997],[-97.79462,30.41997],[-97.79519,30.41972],[-97.79522,30.41948],[-97.79412,30.41924],[-97.79533,30.41723],[-97.79564,30.41562],[-97.79553,30.41518],[-97.79345,30.41343],[-97.79278,30.41227],[-97.79292,30.41081],[-97.79354,30.40961],[-97.79351,30.40717],[-97.79721,30.4013],[-97.79442,30.40126],[-97.7934,30.40271],[-97.79276,30.40313],[-97.78754,30.40391],[-97.78718,30.40442],[-97.78831,30.40486],[-97.78923,30.40567],[-97.79013,30.40682],[-97.79241,30.40875],[-97.7925,30.40917],[-97.79234,30.41019],[-97.79025,30.40927],[-97.79083,30.4084],[-97.78635,30.4064],[-97.78216,30.40433],[-97.78304,30.40296],[-97.78335,30.4038],[-97.78556,30.40415],[-97.7847,30.40334],[-97.7838,30.40189],[-97.78306,30.39972],[-97.78316,30.39949],[-97.7822,30.39844],[-97.78157,30.398],[-97.78137,30.39793],[-97.77945,30.40087],[-97.77625,30.39952],[-97.77633,30.399],[-97.77607,30.39811],[-97.77558,30.39732],[-97.77659,30.39577],[-97.77693,30.3967],[-97.7776,30.39697],[-97.77727,30.39739],[-97.77823,30.39783],[-97.77842,30.39759],[-97.77913,30.39729],[-97.77758,30.39632],[-97.77708,30.3956],[-97.77731,30.39445],[-97.77815,30.39265],[-97.78015,30.39346],[-97.78056,30.39276],[-97.77858,30.39201],[-97.77859,30.39177],[-97.77941,30.3906],[-97.77848,30.39141],[-97.77811,30.39105],[-97.77565,30.39086],[-97.77494,30.39039]],[[-97.84035,30.45319],[-97.84109,30.45375],[-97.83755,30.45734],[-97.839,30.45851],[-97.83773,30.45989],[-97.83595,30.45878],[-97.83629,30.45836],[-97.83694,30.45687],[-97.83822,30.45515],[-97.84035,30.45319]],[[-97.83608,30.45097],[-97.8376,30.45194],[-97.83712,30.45284],[-97.83814,30.45351],[-97.83628,30.45649],[-97.83447,30.45606],[-97.83391,30.4575],[-97.83157,30.45709],[-97.82889,30.45616],[-97.82992,30.45445],[-97.82855,30.45304],[-97.82972,30.45099],[-97.83245,30.45234],[-97.83116,30.45426],[-97.83353,30.45538],[-97.83608,30.45097]],[[-97.83193,30.44652],[-97.8355,30.44786],[-97.83485,30.44884],[-97.83613,30.44904],[-97.83633,30.44965],[-97.83458,30.45129],[-97.83359,30.45067],[-97.83299,30.45154],[-97.83018,30.45007],[-97.83091,30.44854],[-97.83158,30.44883],[-97.83177,30.4485],[-97.83107,30.44823],[-97.83193,30.44652]],[[-97.82668,30.4422],[-97.83065,30.444],[-97.83072,30.44387],[-97.83245,30.44462],[-97.82938,30.45082],[-97.82318,30.44756],[-97.82668,30.4422]],[[-97.83015,30.43787],[-97.83138,30.43841],[-97.83062,30.43968],[-97.8316,30.44014],[-97.83086,30.44138],[-97.82971,30.44079],[-97.83045,30.4396],[-97.82941,30.43912],[-97.83015,30.43787]],[[-97.75988,30.44081],[-97.76028,30.4418],[-97.76207,30.44123],[-97.76418,30.44643],[-97.76131,30.44859],[-97.76486,30.45685],[-97.76251,30.45765],[-97.7621,30.46002],[-97.76247,30.46007],[-97.76247,30.46028],[-97.76267,30.46027],[-97.76267,30.46009],[-97.76308,30.46015],[-97.76313,30.46047],[-97.76409,30.46072],[-97.76668,30.46726],[-97.77389,30.46513],[-97.77313,30.46343],[-97.77656,30.46196],[-97.77476,30.4537],[-97.78301,30.45108],[-97.78472,30.45241],[-97.78501,30.45211],[-97.78589,30.45276],[-97.78649,30.45216],[-97.78773,30.45308],[-97.78726,30.45323],[-97.78768,30.45383],[-97.78755,30.45388],[-97.78778,30.45455],[-97.7885,30.45552],[-97.78947,30.45523],[-97.78969,30.45733],[-97.78831,30.45796],[-97.78859,30.45861],[-97.7821,30.46061],[-97.78238,30.46158],[-97.78422,30.46583],[-97.78369,30.46593],[-97.78328,30.46617],[-97.78277,30.46681],[-97.78248,30.46892],[-97.78105,30.46985],[-97.78075,30.46986],[-97.78068,30.47039],[-97.78081,30.47052],[-97.7807,30.4715],[-97.78056,30.47169],[-97.78069,30.47201],[-97.78038,30.4721],[-97.78053,30.47246],[-97.77674,30.47357],[-97.77206,30.47395],[-97.76963,30.47441],[-97.76942,30.4736],[-97.76395,30.47534],[-97.76128,30.46895],[-97.76005,30.46644],[-97.7588,30.46514],[-97.75681,30.46384],[-97.75589,30.46309],[-97.75485,30.46188],[-97.75413,30.46069],[-97.75492,30.46048],[-97.75277,30.45507],[-97.75211,30.45385],[-97.75079,30.45236],[-97.74809,30.45041],[-97.7453,30.44796],[-97.74409,30.44637],[-97.74277,30.4438],[-97.7481,30.44181],[-97.74982,30.44559],[-97.75458,30.44374],[-97.75874,30.44249],[-97.75824,30.44134],[-97.75988,30.44081]],[[-97.74091,30.45689],[-97.74166,30.45872],[-97.73942,30.45946],[-97.73861,30.45763],[-97.74091,30.45689]]]]}}
]
}
