{"type": "FeatureCollection", "features": [{"type": "Feature", "geometry": {"type": "MultiPolygon", "coordinates": [[[[-97.68807, 30.35819], [-97.68814, 30.35823], [-97.68855, 30.35843], [-97.68855, 30.35843], [-97.68856, 30.35843], [-97.68944, 30.35887], [-97.68961, 30.35896], [-97.68963, 30.35897], [-97.6903, 30.35931], [-97.69076, 30.35953], [-97.69095, 30.35962], [-97.69096, 30.35963], [-97.69136, 30.35982], [-97.69141, 30.35986], [-97.69171, 30.36005], [-97.69177, 30.36009], [-97.69178, 30.36009], [-97.69185, 30.36011], [-97.69208, 30.36016], [-97.69219, 30.36021], [-97.69251, 30.36038], [-97.69295, 30.3606], [-97.69329, 30.36084], [-97.69337, 30.3609], [-97.69345, 30.36093], [-97.69359, 30.36097], [-97.69418, 30.36151], [-97.69424, 30.36157], [-97.6943, 30.36162], [-97.69439, 30.36168], [-97.6949, 30.36198], [-97.69548, 30.36236], [-97.6956, 30.36242], [-97.6956, 30.36243], [-97.69561, 30.36243], [-97.69596, 30.36261], [-97.6969, 30.36313], [-97.69696, 30.36316], [-97.69697, 30.36314], [-97.69699, 30.3631], [-97.69701, 30.36306], [-97.69809, 30.36112], [-97.69809, 30.36112], [-97.69865, 30.36012], [-97.69928, 30.35898], [-97.6995, 30.35859], [-97.69968, 30.35826], [-97.69968, 30.35826], [-97.70011, 30.35765], [-97.70011, 30.35765], [-97.70039, 30.35728], [-97.70127, 30.35657], [-97.70127, 30.35657], [-97.70269, 30.3555], [-97.70269, 30.3555], [-97.70294, 30.35534], [-97.70294, 30.35534], [-97.70382, 30.35471], [-97.70407, 30.35453], [-97.70407, 30.35453], [-97.70564, 30.35336], [-97.70728, 30.35212], [-97.70728, 30.35212], [-97.70728, 30.35212], [-97.70916, 30.35081], [-97.70916, 30.35081], [-97.70714, 30.34983], [-97.70714, 30.34983], [-97.70685, 30.34932], [-97.70685, 30.34932], [-97.70538, 30.34861], [-97.7032, 30.34755], [-97.7032, 30.34755], [-97.70319, 30.34755], [-97.70274, 30.34833], [-97.70274, 30.34833], [-97.70274, 30.34833], [-97.70228, 30.34915], [-97.70228, 30.34915], [-97.70205, 30.3496], [-97.70205, 30.3496], [-97.70163, 30.35004], [-97.70131, 30.35038], [-97.70074, 30.35105], [-97.70072, 30.35107], [-97.70071, 30.35109], [-97.70047, 30.35098], [-97.69859, 30.35012], [-97.69645, 30.34915], [-97.69471, 30.34829], [-97.69471, 30.34829], [-97.69457, 30.3482], [-97.69446, 30.34813], [-97.69344, 30.34969], [-97.69253, 30.35112], [-97.69252, 30.35113], [-97.692, 30.35197], [-97.69179, 30.35232], [-97.69135, 30.35302], [-97.69093, 30.35361], [-97.69046, 30.35428], [-97.69001, 30.35521], [-97.68898, 30.35676], [-97.68894, 30.35681], [-97.68829, 30.35779], [-97.68819, 30.35809], [-97.68816, 30.35819], [-97.68815, 30.35819], [-97.68807, 30.35819]]]]}, "properties": {"campus_id": 1, "campus_name": "Barrington", "role": "closing", "role_label": "Closing", "school_type": "elementary"}}, {"type": "Feature", "geometry": {"type": "MultiPolygon", "coordinates": [[[[-97.74798, 30.26288], [-97.74798, 30.26288], [-97.75416, 30.26555], [-97.75507, 30.26386], [-97.75514, 30.26373], [-97.75638, 30.26144], [-97.75692, 30.26057], [-97.75846, 30.25812], [-97.7601, 30.25539], [-97.76178, 30.25258], [-97.76202, 30.25231], [-97.76208, 30.25224], [-97.76335, 30.25078], [-97.76406, 30.25004], [-97.76408, 30.25001], [-97.7649, 30.24915], [-97.76534, 30.24868], [-97.76644, 30.24788], [-97.76651, 30.24782], [-97.76902, 30.24602], [-97.769, 30.24599], [-97.76899, 30.24596], [-97.76887, 30.2458], [-97.76869, 30.24561], [-97.76866, 30.24558], [-97.76857, 30.24551], [-97.76852, 30.24547], [-97.76847, 30.24543], [-97.76835, 30.24535], [-97.76825, 30.24529], [-97.76809, 30.24522], [-97.76795, 30.24516], [-97.76791, 30.24515], [-97.76786, 30.24513], [-97.76785, 30.24513], [-97.76783, 30.24513], [-97.76782, 30.24512], [-97.76782, 30.24512], [-97.76782, 30.24512], [-97.76509, 30.24427], [-97.76509, 30.24427], [-97.76441, 30.24397], [-97.76434, 30.24394], [-97.76434, 30.24394], [-97.76434, 30.24394], [-97.76432, 30.24393], [-97.76401, 30.24367], [-97.7639, 30.24358], [-97.76315, 30.24334], [-97.76315, 30.24333], [-97.76225, 30.24305], [-97.76225, 30.24304], [-97.76187, 30.24293], [-97.76137, 30.24278], [-97.76137, 30.24278], [-97.76052, 30.24254], [-97.76052, 30.24254], [-97.75963, 30.24212], [-97.75963, 30.24211], [-97.75963, 30.24211], [-97.75886, 30.24263], [-97.75844, 30.2433], [-97.7577, 30.24444], [-97.75769, 30.24447], [-97.75768, 30.24447], [-97.75696, 30.24563], [-97.7569, 30.24573], [-97.7569, 30.24573], [-97.75635, 30.24657], [-97.75635, 30.24657], [-97.75583, 30.24745], [-97.75583, 30.24745], [-97.75583, 30.24745], [-97.75582, 30.24747], [-97.75517, 30.24939], [-97.75517, 30.24939], [-97.75515, 30.24943], [-97.75512, 30.24952], [-97.75512, 30.24952], [-97.75491, 30.25003], [-97.75491, 30.25003], [-97.75486, 30.25018], [-97.75472, 30.25048], [-97.75464, 30.25065], [-97.75429, 30.25151], [-97.75402, 30.252], [-97.75367, 30.25257], [-97.75354, 30.25278], [-97.75346, 30.2529], [-97.75237, 30.25466], [-97.75237, 30.25466], [-97.75237, 30.25466], [-97.75094, 30.25693], [-97.75007, 30.25839], [-97.74928, 30.25976], [-97.74928, 30.25976], [-97.74824, 30.26221], [-97.74798, 30.26288]]]]}, "properties": {"campus_id": 2, "campus_name": "Becker", "role": "closing", "role_label": "Closing", "school_type": "elementary"}}, {"type": "Feature", "geometry": {"type": "MultiPolygon", "coordinates": [[[[-97.75963, 30.24211], [-97.75963, 30.24212], [-97.76052, 30.24254], [-97.76052, 30.24254], [-97.76137, 30.24278], [-97.76137, 30.24278], [-97.76187, 30.24293], [-97.76225, 30.24304], [-97.76225, 30.24305], [-97.76315, 30.24333], [-97.76315, 30.24334], [-97.7639, 30.24358], [-97.76401, 30.24367], [-97.76432, 30.24393], [-97.76434, 30.24394], [-97.76434, 30.24394], [-97.76434, 30.24394], [-97.76441, 30.24397], [-97.76509, 30.24427], [-97.76509, 30.24427], [-97.76782, 30.24512], [-97.76782, 30.24512], [-97.76782, 30.24512], [-97.76783, 30.24513], [-97.76785, 30.24513], [-97.76786, 30.24513], [-97.76791, 30.24515], [-97.76795, 30.24516], [-97.76809, 30.24522], [-97.76825, 30.24529], [-97.76835, 30.24535], [-97.76847, 30.24543], [-97.76852, 30.24547], [-97.76857, 30.24551], [-97.76866, 30.24558], [-97.76869, 30.24561], [-97.76887, 30.2458], [-97.76899, 30.24596], [-97.769, 30.24599], [-97.76902, 30.24602], [-97.76947, 30.24561], [-97.77031, 30.24481], [-97.77121, 30.24293], [-97.7713, 30.24274], [-97.7714, 30.24246], [-97.77164, 30.24177], [-97.77316, 30.23737], [-97.77383, 30.23545], [-97.77374, 30.23543], [-97.77354, 30.23539], [-97.77304, 30.2352], [-97.77087, 30.23438], [-97.77087, 30.23438], [-97.77083, 30.23436], [-97.76951, 30.23374], [-97.76949, 30.23373], [-97.76844, 30.23321], [-97.76843, 30.23321], [-97.76843, 30.23321], [-97.76601, 30.23201], [-97.76601, 30.23201], [-97.76574, 30.23241], [-97.76388, 30.23144], [-97.76387, 30.23144], [-97.76137, 30.23017], [-97.76022, 30.22965], [-97.76021, 30.22965], [-97.76021, 30.22965], [-97.75981, 30.23033], [-97.75935, 30.23107], [-97.7589, 30.23175], [-97.75847, 30.23246], [-97.75737, 30.23419], [-97.75638, 30.2355], [-97.75637, 30.23551], [-97.75637, 30.23551], [-97.75489, 30.23721], [-97.75489, 30.23721], [-97.75472, 30.23741], [-97.75353, 30.23876], [-97.75353, 30.23876], [-97.75411, 30.23917], [-97.75472, 30.23953], [-97.75578, 30.24016], [-97.75578, 30.24016], [-97.75578, 30.24016], [-97.7558, 30.24017], [-97.75646, 30.24059], [-97.75646, 30.24059], [-97.75693, 30.24085], [-97.75693, 30.24085], [-97.75798, 30.24135], [-97.75798, 30.24135], [-97.75963, 30.24211]]]]}, "properties": {"campus_id": 3, "campus_name": "Dawson", "role": "closing", "role_label": "Closing", "school_type": "elementary"}}, {"type": "Feature", "geometry": {"type": "MultiPolygon", "coordinates": [[[[-97.69791, 30.27356], [-97.69791, 30.27356], [-97.69833, 30.27443], [-97.69844, 30.27466], [-97.70034, 30.27686], [-97.70085, 30.27679], [-97.70234, 30.27657], [-97.70234, 30.27657], [-97.70278, 30.27649], [-97.70365, 30.27636], [-97.70365, 30.27636], [-97.70365, 30.27636], [-97.704, 30.27631], [-97.704, 30.27631], [-97.70432, 30.27625], [-97.70432, 30.27625], [-97.70773, 30.27571], [-97.70773, 30.27571], [-97.70773, 30.27571], [-97.70825, 30.27563], [-97.7101, 30.27534], [-97.7101, 30.27534], [-97.7101, 30.27534], [-97.7101, 30.27534], [-97.71076, 30.27523], [-97.71078, 30.27524], [-97.71079, 30.27523], [-97.71162, 30.27335], [-97.7122, 30.27187], [-97.71281, 30.27132], [-97.71283, 30.27129], [-97.71345, 30.27062], [-97.71346, 30.27061], [-97.71432, 30.26969], [-97.71444, 30.26966], [-97.71449, 30.26959], [-97.71454, 30.26935], [-97.71486, 30.26912], [-97.71482, 30.26889], [-97.71452, 30.2688], [-97.71448, 30.26858], [-97.71503, 30.26826], [-97.71506, 30.26806], [-97.71503, 30.26794], [-97.71496, 30.26791], [-97.71484, 30.26764], [-97.71476, 30.26744], [-97.71447, 30.26703], [-97.7142, 30.26663], [-97.71388, 30.2665], [-97.71328, 30.26595], [-97.71301, 30.26564], [-97.7125, 30.26591], [-97.70906, 30.26539], [-97.70905, 30.26539], [-97.70905, 30.26539], [-97.70904, 30.26539], [-97.708, 30.26533], [-97.70653, 30.26525], [-97.70597, 30.26522], [-97.70596, 30.26522], [-97.70511, 30.2649], [-97.70511, 30.2649], [-97.70408, 30.26453], [-97.70408, 30.26453], [-97.70305, 30.2642], [-97.70305, 30.26419], [-97.70262, 30.26508], [-97.70262, 30.26508], [-97.7022, 30.266], [-97.7022, 30.266], [-97.70154, 30.26738], [-97.70154, 30.26738], [-97.70054, 30.26958], [-97.70054, 30.26958], [-97.7002, 30.27029], [-97.70019, 30.2703], [-97.69986, 30.271], [-97.69986, 30.27101], [-97.69985, 30.27101], [-97.69881, 30.27334], [-97.69877, 30.27343], [-97.69877, 30.27343], [-97.69791, 30.27356], [-97.69791, 30.27356]]]]}, "properties": {"campus_id": 4, "campus_name": "Oak Springs", "role": "closing", "role_label": "Closing", "school_type": "elementary"}}, {"type": "Feature", "geometry": {"type": "MultiPolygon", "coordinates": [[[[-97.70727, 30.31858], [-97.70718, 30.31904], [-97.70711, 30.31961], [-97.70696, 30.32071], [-97.70691, 30.32106], [-97.7069, 30.32142], [-97.7069, 30.32157], [-97.7069, 30.32178], [-97.70689, 30.32197], [-97.70689, 30.3222], [-97.70688, 30.32259], [-97.70688, 30.32259], [-97.70743, 30.32247], [-97.70743, 30.32246], [-97.70779, 30.32237], [-97.70819, 30.32226], [-97.70866, 30.32214], [-97.70897, 30.32204], [-97.70916, 30.32198], [-97.70929, 30.32193], [-97.70943, 30.3219], [-97.70973, 30.32182], [-97.71075, 30.32155], [-97.71105, 30.32147], [-97.7124, 30.32112], [-97.71241, 30.32111], [-97.71248, 30.3211], [-97.7129, 30.32099], [-97.71296, 30.32097], [-97.713, 30.32096], [-97.71307, 30.32094], [-97.71306, 30.32093], [-97.713, 30.32086], [-97.713, 30.32086], [-97.71298, 30.32081], [-97.71296, 30.32078], [-97.71292, 30.32072], [-97.71291, 30.3207], [-97.71283, 30.32057], [-97.71278, 30.32049], [-97.71277, 30.32045], [-97.71276, 30.32044], [-97.71275, 30.3204], [-97.71274, 30.32039], [-97.71271, 30.3203], [-97.71271, 30.3203], [-97.71269, 30.32022], [-97.71265, 30.3201], [-97.71264, 30.32005], [-97.71264, 30.32001], [-97.71264, 30.32001], [-97.71263, 30.31991], [-97.71262, 30.3199], [-97.71263, 30.31984], [-97.71263, 30.31977], [-97.71265, 30.31961], [-97.71265, 30.31951], [-97.71267, 30.31943], [-97.7128, 30.31876], [-97.7128, 30.31875], [-97.71463, 30.31503], [-97.71463, 30.31503], [-97.71464, 30.31503], [-97.71495, 30.31507], [-97.71553, 30.31495], [-97.71555, 30.31496], [-97.71671, 30.31554], [-97.71675, 30.31556], [-97.71675, 30.31556], [-97.71765, 30.31599], [-97.71765, 30.31599], [-97.71853, 30.31642], [-97.71854, 30.31643], [-97.71942, 30.31687], [-97.71942, 30.31688], [-97.72029, 30.31727], [-97.72029, 30.31727], [-97.72119, 30.31771], [-97.72119, 30.31771], [-97.72135, 30.31778], [-97.72146, 30.3178], [-97.72158, 30.31778], [-97.72202, 30.31769], [-97.72215, 30.31771], [-97.72445, 30.31879], [-97.72463, 30.31887], [-97.72465, 30.31889], [-97.72471, 30.31891], [-97.72492, 30.31901], [-97.72492, 30.31901], [-97.72696, 30.31995], [-97.72697, 30.31996], [-97.72847, 30.32066], [-97.72847, 30.32066], [-97.7294, 30.32109], [-97.7303, 30.31961], [-97.7303, 30.31961], [-97.7303, 30.3196], [-97.73083, 30.31877], [-97.73083, 30.31877], [-97.73114, 30.31827], [-97.73114, 30.31827], [-97.73145, 30.31779], [-97.73148, 30.31774], [-97.73174, 30.31737], [-97.73216, 30.31674], [-97.73218, 30.3167], [-97.73223, 30.3165], [-97.73226, 30.31627], [-97.73229, 30.31584], [-97.73233, 30.31537], [-97.73236, 30.31504], [-97.73252, 30.31303], [-97.73252, 30.31303], [-97.73196, 30.31299], [-97.73196, 30.31299], [-97.7315, 30.31306], [-97.73024, 30.31326], [-97.73024, 30.31326], [-97.72935, 30.31281], [-97.7284, 30.31239], [-97.7284, 30.31239], [-97.72755, 30.31197], [-97.72754, 30.31197], [-97.72694, 30.31181], [-97.72652, 30.31152], [-97.72652, 30.31152], [-97.72582, 30.31123], [-97.72582, 30.31123], [-97.72578, 30.31121], [-97.7256, 30.31112], [-97.7256, 30.31112], [-97.72535, 30.311], [-97.72465, 30.3106], [-97.72464, 30.31059], [-97.72377, 30.31019], [-97.72377, 30.31019], [-97.72286, 30.30974], [-97.72286, 30.30974], [-97.72197, 30.30929], [-97.72166, 30.30911], [-97.72165, 30.30911], [-97.72053, 30.30859], [-97.72053, 30.30859], [-97.71932, 30.30803], [-97.71931, 30.30803], [-97.71802, 30.30737], [-97.71802, 30.30737], [-97.7178, 30.30771], [-97.7169, 30.30727], [-97.7169, 30.30727], [-97.7162, 30.30694], [-97.7162, 30.30694], [-97.71572, 30.30765], [-97.71572, 30.30765], [-97.71592, 30.30485], [-97.71592, 30.30485], [-97.71599, 30.30363], [-97.71599, 30.30363], [-97.71599, 30.30362], [-97.716, 30.3035], [-97.71601, 30.3034], [-97.716, 30.30329], [-97.716, 30.30326], [-97.71599, 30.30319], [-97.71596, 30.3031], [-97.71595, 30.30307], [-97.71582, 30.30268], [-97.7158, 30.30261], [-97.71579, 30.3026], [-97.71578, 30.30258], [-97.71575, 30.30254], [-97.71546, 30.30208], [-97.71546, 30.30208], [-97.71543, 30.30203], [-97.71539, 30.30198], [-97.71536, 30.30194], [-97.71534, 30.30192], [-97.71534, 30.30192], [-97.71534, 30.30192], [-97.71529, 30.30202], [-97.71528, 30.30202], [-97.71528, 30.30203], [-97.71522, 30.3021], [-97.71522, 30.3021], [-97.71522, 30.3021], [-97.71512, 30.30227], [-97.71491, 30.3026], [-97.71408, 30.30392], [-97.71314, 30.30538], [-97.71293, 30.30571], [-97.71253, 30.30633], [-97.71183, 30.30742], [-97.71027, 30.30943], [-97.71025, 30.30944], [-97.71025, 30.30945], [-97.71024, 30.30946], [-97.71023, 30.30948], [-97.7101, 30.30977], [-97.70943, 30.31122], [-97.70889, 30.31229], [-97.70861, 30.31283], [-97.70793, 30.31485], [-97.70727, 30.31858]]]]}, "properties": {"campus_id": 5, "campus_name": "Ridgetop", "role": "closing", "role_label": "Closing", "school_type": "elementary"}}, {"type": "Feature", "geometry": {"type": "MultiPolygon", "coordinates": [[[[-97.82806, 30.22454], [-97.82813, 30.22442], [-97.82846, 30.22448], [-97.82848, 30.22445], [-97.82814, 30.2244], [-97.82806, 30.22454]]], [[[-97.79522, 30.22605], [-97.79574, 30.22787], [-97.79574, 30.22787], [-97.7967, 30.22969], [-97.7967, 30.2297], [-97.79642, 30.23229], [-97.79627, 30.23265], [-97.79624, 30.23289], [-97.79623, 30.23297], [-97.7962, 30.23312], [-97.79619, 30.23314], [-97.79613, 30.23333], [-97.79623, 30.23338], [-97.79628, 30.23343], [-97.79629, 30.23344], [-97.79629, 30.23344], [-97.7963, 30.23346], [-97.79632, 30.23351], [-97.79633, 30.23355], [-97.79632, 30.23365], [-97.79632, 30.23366], [-97.79667, 30.23369], [-97.79667, 30.23369], [-97.79693, 30.23344], [-97.79694, 30.23344], [-97.79725, 30.23315], [-97.79725, 30.23315], [-97.79751, 30.23291], [-97.7979, 30.23265], [-97.79839, 30.23241], [-97.79851, 30.23238], [-97.7991, 30.23223], [-97.79911, 30.23223], [-97.79914, 30.23222], [-97.79927, 30.2322], [-97.79955, 30.23215], [-97.80055, 30.23198], [-97.80055, 30.23198], [-97.80103, 30.23191], [-97.80169, 30.23181], [-97.80354, 30.23148], [-97.80375, 30.23113], [-97.80491, 30.22916], [-97.80501, 30.229], [-97.80612, 30.2271], [-97.80628, 30.22683], [-97.80558, 30.22649], [-97.80514, 30.22628], [-97.80496, 30.22619], [-97.80493, 30.22622], [-97.80411, 30.22581], [-97.80396, 30.22574], [-97.80495, 30.22421], [-97.80589, 30.22277], [-97.80594, 30.2227], [-97.80649, 30.22185], [-97.80653, 30.22186], [-97.8068, 30.22194], [-97.80705, 30.222], [-97.80728, 30.22196], [-97.80788, 30.22186], [-97.80801, 30.22186], [-97.80827, 30.22189], [-97.80851, 30.2219], [-97.80855, 30.22186], [-97.80871, 30.22167], [-97.80881, 30.22155], [-97.8089, 30.22135], [-97.80897, 30.22118], [-97.80901, 30.22112], [-97.80918, 30.22084], [-97.80945, 30.22069], [-97.80963, 30.22056], [-97.80987, 30.22039], [-97.80997, 30.22032], [-97.81021, 30.22014], [-97.81045, 30.21996], [-97.81059, 30.21986], [-97.81083, 30.21986], [-97.81101, 30.21959], [-97.81113, 30.21939], [-97.81138, 30.219], [-97.81167, 30.21853], [-97.81173, 30.21844], [-97.81176, 30.2184], [-97.8118, 30.21832], [-97.81192, 30.21814], [-97.812, 30.218], [-97.81208, 30.21784], [-97.81257, 30.21789], [-97.81278, 30.21807], [-97.81285, 30.21823], [-97.81295, 30.21827], [-97.81309, 30.21833], [-97.81343, 30.2181], [-97.81371, 30.21791], [-97.81373, 30.21767], [-97.81356, 30.21741], [-97.8136, 30.21739], [-97.81377, 30.21765], [-97.81395, 30.21754], [-97.81413, 30.21743], [-97.81427, 30.2173], [-97.81439, 30.21718], [-97.81452, 30.21706], [-97.81467, 30.21692], [-97.81481, 30.21679], [-97.81495, 30.21667], [-97.81508, 30.21655], [-97.81522, 30.21642], [-97.81536, 30.21628], [-97.81551, 30.21615], [-97.81563, 30.21604], [-97.81576, 30.21592], [-97.81592, 30.21582], [-97.81608, 30.21572], [-97.8162, 30.2156], [-97.81633, 30.21548], [-97.8165, 30.21533], [-97.81651, 30.21529], [-97.81659, 30.21507], [-97.81666, 30.21489], [-97.81664, 30.21483], [-97.81662, 30.21472], [-97.81682, 30.21468], [-97.817, 30.21465], [-97.81718, 30.21462], [-97.81738, 30.21458], [-97.81761, 30.21454], [-97.81777, 30.21451], [-97.81769, 30.21419], [-97.81772, 30.21418], [-97.8178, 30.2145], [-97.81807, 30.21445], [-97.81826, 30.21442], [-97.81848, 30.21432], [-97.81867, 30.21424], [-97.81868, 30.21423], [-97.81886, 30.21414], [-97.81888, 30.21415], [-97.81898, 30.21429], [-97.81908, 30.21444], [-97.81906, 30.21456], [-97.81903, 30.21484], [-97.81948, 30.21498], [-97.81965, 30.21503], [-97.81997, 30.21512], [-97.82024, 30.21473], [-97.82027, 30.21467], [-97.8212, 30.21598], [-97.82124, 30.21604], [-97.82111, 30.21616], [-97.82141, 30.21673], [-97.82144, 30.21678], [-97.82158, 30.21704], [-97.82348, 30.21687], [-97.82383, 30.21684], [-97.82397, 30.21683], [-97.82445, 30.2168], [-97.82544, 30.21673], [-97.82775, 30.21781], [-97.82715, 30.21876], [-97.82656, 30.2197], [-97.82654, 30.21974], [-97.82652, 30.21976], [-97.82649, 30.2198], [-97.82647, 30.21982], [-97.82637, 30.21999], [-97.82633, 30.22005], [-97.82627, 30.22014], [-97.82612, 30.22038], [-97.82616, 30.2204], [-97.82641, 30.22052], [-97.82712, 30.22086], [-97.82734, 30.22097], [-97.82749, 30.22104], [-97.82789, 30.22123], [-97.82794, 30.22125], [-97.82845, 30.2215], [-97.82874, 30.22164], [-97.82928, 30.22191], [-97.82932, 30.22193], [-97.82976, 30.22215], [-97.82995, 30.22143], [-97.82996, 30.2214], [-97.83036, 30.21984], [-97.83461, 30.22184], [-97.83473, 30.22189], [-97.83473, 30.22189], [-97.83474, 30.22188], [-97.83479, 30.2218], [-97.83495, 30.22157], [-97.83572, 30.22043], [-97.83589, 30.22018], [-97.83619, 30.21975], [-97.83625, 30.21967], [-97.83626, 30.21966], [-97.8363, 30.2196], [-97.83627, 30.21955], [-97.83572, 30.2188], [-97.83429, 30.21683], [-97.83429, 30.21683], [-97.83377, 30.21621], [-97.83323, 30.21555], [-97.83309, 30.21539], [-97.8321, 30.21458], [-97.83201, 30.2145], [-97.83178, 30.21439], [-97.8305, 30.21373], [-97.83053, 30.21369], [-97.83056, 30.21364], [-97.83111, 30.21284], [-97.83113, 30.21282], [-97.83152, 30.2122], [-97.83202, 30.21141], [-97.8326, 30.2105], [-97.83265, 30.21042], [-97.83276, 30.21019], [-97.83292, 30.21003], [-97.8333, 30.20963], [-97.83357, 30.20935], [-97.83351, 30.20932], [-97.83351, 30.20932], [-97.82916, 30.20726], [-97.82585, 30.20555], [-97.82635, 30.20464], [-97.8273, 30.20323], [-97.82731, 30.20321], [-97.82801, 30.20181], [-97.82804, 30.20177], [-97.82911, 30.20019], [-97.82934, 30.19985], [-97.82979, 30.1992], [-97.83032, 30.19842], [-97.83073, 30.19776], [-97.8309, 30.19747], [-97.83135, 30.19681], [-97.83135, 30.19681], [-97.83135, 30.19681], [-97.83226, 30.19537], [-97.83226, 30.19536], [-97.83226, 30.19536], [-97.83209, 30.19528], [-97.83096, 30.19471], [-97.83093, 30.19476], [-97.83074, 30.19502], [-97.83052, 30.19526], [-97.83024, 30.1955], [-97.8298, 30.1958], [-97.82977, 30.19582], [-97.82975, 30.19583], [-97.82974, 30.19584], [-97.82938, 30.19611], [-97.82902, 30.19649], [-97.82876, 30.19701], [-97.82874, 30.19706], [-97.82871, 30.19711], [-97.82871, 30.19711], [-97.82827, 30.19788], [-97.82805, 30.19817], [-97.82785, 30.19835], [-97.82767, 30.19849], [-97.8274, 30.19864], [-97.82737, 30.19866], [-97.82736, 30.19866], [-97.82732, 30.19868], [-97.82699, 30.19882], [-97.82558, 30.19909], [-97.82554, 30.1991], [-97.82553, 30.1991], [-97.8255, 30.19911], [-97.82485, 30.19919], [-97.82395, 30.19921], [-97.82393, 30.19921], [-97.82392, 30.19921], [-97.82389, 30.19921], [-97.82388, 30.19921], [-97.8231, 30.19925], [-97.8223, 30.19934], [-97.82226, 30.19934], [-97.82225, 30.19934], [-97.8222, 30.19936], [-97.82147, 30.19955], [-97.82108, 30.19973], [-97.82093, 30.1998], [-97.82074, 30.19991], [-97.82074, 30.19991], [-97.8207, 30.19993], [-97.82067, 30.19995], [-97.82059, 30.20001], [-97.82022, 30.20027], [-97.8195, 30.20073], [-97.81948, 30.20075], [-97.8194, 30.20084], [-97.81917, 30.2011], [-97.81895, 30.20139], [-97.81893, 30.20141], [-97.81891, 30.20144], [-97.81891, 30.20144], [-97.8189, 30.20147], [-97.81854, 30.20204], [-97.81816, 30.2026], [-97.81814, 30.20264], [-97.81814, 30.20264], [-97.81811, 30.20268], [-97.81774, 30.20324], [-97.81758, 30.20351], [-97.81738, 30.20381], [-97.81736, 30.20385], [-97.81736, 30.20385], [-97.81733, 30.20389], [-97.81696, 30.20446], [-97.81659, 30.20502], [-97.81657, 30.20505], [-97.81657, 30.20505], [-97.81655, 30.20508], [-97.81618, 30.20566], [-97.81609, 30.20583], [-97.81601, 30.20602], [-97.816, 30.20606], [-97.81599, 30.20613], [-97.81593, 30.20637], [-97.81586, 30.2066], [-97.81577, 30.20678], [-97.81569, 30.20689], [-97.8156, 30.20702], [-97.81551, 30.20716], [-97.81549, 30.2072], [-97.81544, 30.20726], [-97.81541, 30.20731], [-97.81538, 30.2073], [-97.8153, 30.20727], [-97.81527, 30.20725], [-97.81432, 30.20874], [-97.81431, 30.20874], [-97.81421, 30.20895], [-97.81414, 30.20912], [-97.8141, 30.20928], [-97.8141, 30.20945], [-97.81411, 30.2096], [-97.81415, 30.20976], [-97.81419, 30.20996], [-97.81419, 30.20996], [-97.81419, 30.20997], [-97.81439, 30.21081], [-97.8144, 30.21081], [-97.81456, 30.21158], [-97.81471, 30.21229], [-97.81471, 30.21229], [-97.81487, 30.21295], [-97.81489, 30.21303], [-97.81489, 30.21303], [-97.81489, 30.21303], [-97.8149, 30.21337], [-97.81486, 30.21369], [-97.81484, 30.21388], [-97.81479, 30.21409], [-97.81474, 30.21426], [-97.81468, 30.21439], [-97.81456, 30.21456], [-97.81434, 30.2148], [-97.81406, 30.2151], [-97.81396, 30.21519], [-97.81393, 30.21521], [-97.81342, 30.21577], [-97.81282, 30.21634], [-97.81271, 30.21641], [-97.81256, 30.21646], [-97.81242, 30.2165], [-97.81229, 30.21652], [-97.81162, 30.21664], [-97.81162, 30.21664], [-97.81116, 30.21678], [-97.81116, 30.21678], [-97.80977, 30.21731], [-97.80956, 30.21679], [-97.8054, 30.21475], [-97.80219, 30.21318], [-97.80203, 30.21299], [-97.80203, 30.21299], [-97.8009, 30.21367], [-97.80017, 30.21401], [-97.79873, 30.21473], [-97.79777, 30.21537], [-97.7977, 30.21541], [-97.79767, 30.21544], [-97.79763, 30.21547], [-97.79756, 30.21543], [-97.79744, 30.21538], [-97.79513, 30.21427], [-97.79512, 30.21427], [-97.79438, 30.21388], [-97.79432, 30.21385], [-97.7943, 30.21385], [-97.79366, 30.21357], [-97.79298, 30.21447], [-97.79258, 30.21485], [-97.79181, 30.21542], [-97.79123, 30.21576], [-97.78944, 30.21648], [-97.78957, 30.21724], [-97.79004, 30.21815], [-97.7913, 30.21951], [-97.79206, 30.22012], [-97.79259, 30.22054], [-97.79321, 30.22104], [-97.79372, 30.22143], [-97.79373, 30.22144], [-97.79498, 30.22247], [-97.7949, 30.22313], [-97.79472, 30.22442], [-97.79519, 30.22598], [-97.79522, 30.22605]]], [[[-97.82345, 30.2294], [-97.82326, 30.22967], [-97.82326, 30.22968], [-97.82321, 30.22976], [-97.82317, 30.22982], [-97.82315, 30.22985], [-97.82297, 30.23012], [-97.82288, 30.23026], [-97.82266, 30.2306], [-97.82257, 30.23074], [-97.82241, 30.23099], [-97.82237, 30.23103], [-97.82221, 30.23129], [-97.82208, 30.23149], [-97.82184, 30.23185], [-97.8214, 30.23253], [-97.82132, 30.23265], [-97.82122, 30.23279], [-97.82115, 30.2329], [-97.82102, 30.23309], [-97.821, 30.23313], [-97.82095, 30.23321], [-97.82217, 30.23376], [-97.82306, 30.23421], [-97.82325, 30.2343], [-97.82342, 30.23436], [-97.82523, 30.23131], [-97.82585, 30.23049], [-97.82592, 30.23041], [-97.82471, 30.2299], [-97.82472, 30.22988], [-97.82352, 30.22928], [-97.82345, 30.2294]]]]}, "properties": {"campus_id": 6, "campus_name": "Sunset Valley", "role": "closing", "role_label": "Closing", "school_type": "elementary"}}, {"type": "Feature", "geometry": {"type": "GeometryCollection", "geometries": [{"type": "Polygon", "coordinates": [[[-97.73583, 30.19474], [-97.7359, 30.19472], [-97.73608, 30.19505], [-97.73665, 30.19563], [-97.73717, 30.19575], [-97.73727, 30.19577], [-97.73728, 30.19575], [-97.73734, 30.19567], [-97.73777, 30.19503], [-97.73779, 30.195], [-97.73824, 30.19426], [-97.73879, 30.19337], [-97.73885, 30.19328], [-97.73886, 30.19326], [-97.73889, 30.19327], [-97.73892, 30.19328], [-97.73912, 30.19338], [-97.73923, 30.19343], [-97.73967, 30.19363], [-97.74043, 30.19393], [-97.74108, 30.19405], [-97.74111, 30.19405], [-97.74114, 30.19405], [-97.74121, 30.19403], [-97.74158, 30.19398], [-97.74161, 30.19359], [-97.7429, 30.19358], [-97.7445, 30.19354], [-97.74459, 30.19353], [-97.7447, 30.19353], [-97.7448, 30.19352], [-97.74586, 30.19347], [-97.7471, 30.19339], [-97.74722, 30.19338], [-97.74876, 30.19325], [-97.74938, 30.19321], [-97.74946, 30.1932], [-97.74962, 30.19318], [-97.74961, 30.19315], [-97.74954, 30.19282], [-97.74948, 30.19276], [-97.7492, 30.1925], [-97.74901, 30.19233], [-97.74855, 30.19209], [-97.74904, 30.19139], [-97.74961, 30.1905], [-97.74982, 30.19017], [-97.74993, 30.19], [-97.75025, 30.1895], [-97.75069, 30.18879], [-97.75116, 30.18808], [-97.7516, 30.18736], [-97.75196, 30.18683], [-97.75152, 30.18662], [-97.75172, 30.18627], [-97.75228, 30.18529], [-97.75229, 30.18527], [-97.75334, 30.18403], [-97.75321, 30.1839], [-97.75239, 30.18312], [-97.75202, 30.18298], [-97.74996, 30.18224], [-97.74665, 30.18104], [-97.7466, 30.18098], [-97.7414, 30.17394], [-97.73886, 30.17126], [-97.73731, 30.16909], [-97.73726, 30.16902], [-97.73605, 30.16809], [-97.73609, 30.16789], [-97.73587, 30.16783], [-97.73586, 30.16783], [-97.73595, 30.16837], [-97.7359, 30.16843], [-97.73588, 30.16851], [-97.73585, 30.16855], [-97.73568, 30.16876], [-97.73532, 30.16902], [-97.73482, 30.1693], [-97.73429, 30.16983], [-97.73397, 30.17038], [-97.7337, 30.17091], [-97.73354, 30.17125], [-97.73353, 30.17127], [-97.7333, 30.17181], [-97.73324, 30.1719], [-97.73217, 30.17427], [-97.73111, 30.17627], [-97.73093, 30.17839], [-97.73046, 30.17998], [-97.73026, 30.18083], [-97.73025, 30.18108], [-97.73023, 30.18166], [-97.72984, 30.1821], [-97.72944, 30.18305], [-97.72868, 30.18396], [-97.72792, 30.1845], [-97.72732, 30.18478], [-97.72686, 30.18498], [-97.72663, 30.18499], [-97.72635, 30.185], [-97.72593, 30.18502], [-97.72577, 30.18502], [-97.72556, 30.18474], [-97.7254, 30.18449], [-97.72539, 30.18448], [-97.72403, 30.18444], [-97.72378, 30.18452], [-97.72328, 30.1847], [-97.72282, 30.18537], [-97.72257, 30.18658], [-97.72227, 30.18783], [-97.72195, 30.18848], [-97.72233, 30.18931], [-97.72237, 30.18942], [-97.72232, 30.19017], [-97.72221, 30.19108], [-97.72218, 30.19163], [-97.72233, 30.1924], [-97.72202, 30.19301], [-97.72177, 30.19409], [-97.7215, 30.19413], [-97.72162, 30.19472], [-97.72165, 30.19485], [-97.72171, 30.19486], [-97.72255, 30.19502], [-97.72291, 30.19509], [-97.72313, 30.19493], [-97.7233, 30.19481], [-97.72349, 30.19467], [-97.72386, 30.19287], [-97.72533, 30.19162], [-97.72534, 30.19162], [-97.72566, 30.19124], [-97.72587, 30.19126], [-97.72967, 30.19177], [-97.72991, 30.1918], [-97.73001, 30.19185], [-97.73013, 30.19192], [-97.73022, 30.19197], [-97.73074, 30.19221], [-97.73086, 30.19227], [-97.73103, 30.1923], [-97.73113, 30.19232], [-97.73117, 30.19245], [-97.73122, 30.19263], [-97.73143, 30.1926], [-97.73154, 30.19283], [-97.73166, 30.19286], [-97.73186, 30.19293], [-97.73212, 30.19308], [-97.73222, 30.19294], [-97.73236, 30.19276], [-97.73241, 30.19304], [-97.73243, 30.19312], [-97.7324, 30.19331], [-97.73242, 30.19331], [-97.73263, 30.19322], [-97.73274, 30.19319], [-97.73308, 30.19311], [-97.733, 30.19329], [-97.73326, 30.19339], [-97.73331, 30.19342], [-97.73341, 30.19347], [-97.73377, 30.19361], [-97.7339, 30.19354], [-97.73399, 30.1938], [-97.73402, 30.19387], [-97.73396, 30.19412], [-97.73397, 30.19411], [-97.73423, 30.19396], [-97.73429, 30.19394], [-97.7346, 30.19385], [-97.73464, 30.19389], [-97.73455, 30.19407], [-97.73451, 30.19414], [-97.7348, 30.19433], [-97.73508, 30.19444], [-97.73537, 30.19447], [-97.73535, 30.19475], [-97.73558, 30.19476], [-97.73583, 30.19474]]]}, {"type": "LineString", "coordinates": [[-97.74855, 30.19209], [-97.74856, 30.19209]]}]}, "properties": {"campus_id": 7, "campus_name": "Wid\u00e9n", "role": "closing", "role_label": "Closing", "school_type": "elementary"}}, {"type": "Feature", "geometry": {"type": "MultiPolygon", "coordinates": [[[[-97.66225, 30.31037], [-97.66275, 30.31264], [-97.66284, 30.31301], [-97.66334, 30.31459], [-97.66334, 30.31459], [-97.66358, 30.31529], [-97.66358, 30.31529], [-97.66344, 30.31599], [-97.6634, 30.31623], [-97.66336, 30.31646], [-97.66413, 30.31791], [-97.66426, 30.31806], [-97.66549, 30.3196], [-97.66566, 30.31982], [-97.66607, 30.32013], [-97.66653, 30.32048], [-97.67052, 30.3235], [-97.67092, 30.32393], [-97.67093, 30.32394], [-97.67102, 30.32418], [-97.67104, 30.32424], [-97.67109, 30.32437], [-97.6711, 30.32438], [-97.6711, 30.3244], [-97.67112, 30.32451], [-97.67114, 30.3246], [-97.67115, 30.32462], [-97.67114, 30.32475], [-97.67114, 30.32488], [-97.67114, 30.32497], [-97.6712, 30.32457], [-97.67125, 30.32419], [-97.67129, 30.32393], [-97.6713, 30.32383], [-97.6713, 30.32383], [-97.67135, 30.32345], [-97.67196, 30.31854], [-97.67196, 30.31852], [-97.67197, 30.31849], [-97.67174, 30.3182], [-97.67143, 30.31778], [-97.67142, 30.31778], [-97.67142, 30.31778], [-97.67142, 30.31778], [-97.67118, 30.31687], [-97.67118, 30.31687], [-97.67192, 30.31601], [-97.67256, 30.31556], [-97.67256, 30.31556], [-97.67397, 30.31499], [-97.674, 30.31498], [-97.67403, 30.31497], [-97.67403, 30.31497], [-97.67524, 30.31445], [-97.67545, 30.31436], [-97.67511, 30.31418], [-97.67389, 30.31352], [-97.67472, 30.31183], [-97.67472, 30.31183], [-97.67484, 30.31167], [-97.67514, 30.31128], [-97.67519, 30.31122], [-97.67519, 30.31122], [-97.67529, 30.31058], [-97.67514, 30.30999], [-97.67497, 30.30956], [-97.67487, 30.30862], [-97.67487, 30.30862], [-97.67398, 30.308], [-97.67397, 30.30799], [-97.67347, 30.30797], [-97.67304, 30.30799], [-97.67304, 30.30799], [-97.67304, 30.30799], [-97.67203, 30.30822], [-97.67203, 30.30822], [-97.67077, 30.30853], [-97.67077, 30.30854], [-97.66933, 30.30892], [-97.66907, 30.30899], [-97.66907, 30.30899], [-97.668, 30.30955], [-97.66774, 30.30913], [-97.66763, 30.30881], [-97.66751, 30.30759], [-97.66713, 30.30683], [-97.6671, 30.30659], [-97.66725, 30.30648], [-97.66737, 30.3064], [-97.66774, 30.3063], [-97.66776, 30.30626], [-97.66786, 30.30608], [-97.66787, 30.30552], [-97.66789, 30.30494], [-97.66738, 30.30477], [-97.66714, 30.30445], [-97.66704, 30.30431], [-97.66704, 30.3043], [-97.66705, 30.30415], [-97.66702, 30.30402], [-97.66694, 30.30389], [-97.66684, 30.30378], [-97.66678, 30.30367], [-97.66671, 30.30363], [-97.66667, 30.30361], [-97.66663, 30.30347], [-97.66662, 30.30336], [-97.66653, 30.30322], [-97.66601, 30.3019], [-97.66587, 30.30188], [-97.66552, 30.3013], [-97.66556, 30.30111], [-97.66536, 30.30046], [-97.66484, 30.29992], [-97.66467, 30.2994], [-97.66436, 30.299], [-97.66432, 30.29894], [-97.66408, 30.29849], [-97.66418, 30.29778], [-97.66347, 30.29746], [-97.66304, 30.29711], [-97.66274, 30.29675], [-97.6611, 30.30265], [-97.6611, 30.30265], [-97.6611, 30.30266], [-97.66097, 30.30456], [-97.66097, 30.30459], [-97.66103, 30.30608], [-97.66116, 30.30679], [-97.66128, 30.30734], [-97.66163, 30.30888], [-97.66163, 30.30889], [-97.66225, 30.31037]]], [[[-97.68706, 30.33222], [-97.68745, 30.33246], [-97.68756, 30.3325], [-97.68791, 30.33251], [-97.68806, 30.33254], [-97.68867, 30.33293], [-97.68917, 30.33304], [-97.68941, 30.33314], [-97.68966, 30.33309], [-97.6898, 30.333], [-97.69044, 30.33224], [-97.69069, 30.33203], [-97.69081, 30.33199], [-97.69094, 30.33199], [-97.69121, 30.33205], [-97.69138, 30.33206], [-97.69164, 30.33202], [-97.6919, 30.33195], [-97.69206, 30.33186], [-97.69226, 30.33166], [-97.69236, 30.33155], [-97.69254, 30.33163], [-97.69322, 30.33058], [-97.69343, 30.33024], [-97.69333, 30.33017], [-97.69285, 30.33007], [-97.69264, 30.32985], [-97.69265, 30.3296], [-97.69215, 30.32931], [-97.69214, 30.32929], [-97.69163, 30.32849], [-97.69159, 30.32842], [-97.69104, 30.3282], [-97.69097, 30.32817], [-97.69048, 30.32896], [-97.69041, 30.32903], [-97.6904, 30.32904], [-97.69038, 30.32905], [-97.69026, 30.32918], [-97.68984, 30.3297], [-97.68931, 30.33001], [-97.68923, 30.33006], [-97.68898, 30.33015], [-97.68895, 30.33016], [-97.68837, 30.33038], [-97.68781, 30.33071], [-97.68737, 30.33125], [-97.68736, 30.33126], [-97.68734, 30.33129], [-97.68689, 30.3319], [-97.68674, 30.3321], [-97.68663, 30.33223], [-97.68674, 30.33216], [-97.68677, 30.33213], [-97.68706, 30.33222]]]]}, "properties": {"campus_id": 8, "campus_name": "Winn", "role": "closing", "role_label": "Closing", "school_type": "elementary"}}, {"type": "Feature", "geometry": {"type": "MultiPolygon", "coordinates": [[[[-97.75473, 30.21762], [-97.75499, 30.21789], [-97.75522, 30.21814], [-97.75525, 30.21817], [-97.7555, 30.21849], [-97.75563, 30.21864], [-97.75564, 30.21866], [-97.75574, 30.21876], [-97.75584, 30.21886], [-97.75584, 30.21887], [-97.75595, 30.21897], [-97.75605, 30.21907], [-97.75616, 30.21917], [-97.75628, 30.21927], [-97.75634, 30.21932], [-97.75639, 30.21936], [-97.75667, 30.21958], [-97.75668, 30.21958], [-97.757, 30.2198], [-97.75724, 30.21995], [-97.75728, 30.21997], [-97.75737, 30.22002], [-97.7575, 30.2201], [-97.75764, 30.22017], [-97.7583, 30.2205], [-97.75832, 30.22051], [-97.75894, 30.22081], [-97.75967, 30.22121], [-97.75982, 30.22129], [-97.76022, 30.2215], [-97.76103, 30.22192], [-97.76147, 30.2221], [-97.76197, 30.22238], [-97.76198, 30.22238], [-97.76254, 30.22274], [-97.76301, 30.22304], [-97.76334, 30.22325], [-97.76358, 30.2234], [-97.7636, 30.22341], [-97.76361, 30.22341], [-97.76421, 30.22381], [-97.76422, 30.22381], [-97.76422, 30.22382], [-97.76449, 30.224], [-97.76454, 30.22403], [-97.76461, 30.22409], [-97.76466, 30.22412], [-97.76474, 30.22418], [-97.76486, 30.22426], [-97.76499, 30.22434], [-97.76512, 30.22443], [-97.76524, 30.22451], [-97.76548, 30.22467], [-97.76573, 30.22485], [-97.76603, 30.22505], [-97.76612, 30.2251], [-97.76704, 30.22574], [-97.76744, 30.22599], [-97.76751, 30.22604], [-97.76757, 30.22607], [-97.76762, 30.2261], [-97.7677, 30.22614], [-97.76796, 30.22629], [-97.76921, 30.22687], [-97.76922, 30.22687], [-97.76925, 30.22688], [-97.76925, 30.22688], [-97.76955, 30.22696], [-97.77047, 30.22721], [-97.77241, 30.22773], [-97.77447, 30.22778], [-97.77519, 30.22779], [-97.77633, 30.22782], [-97.77635, 30.22782], [-97.77647, 30.22782], [-97.77894, 30.22788], [-97.77925, 30.22788], [-97.77933, 30.22789], [-97.77942, 30.22778], [-97.77949, 30.22769], [-97.7795, 30.22768], [-97.77954, 30.22763], [-97.77969, 30.22742], [-97.77969, 30.22742], [-97.78018, 30.2266], [-97.78018, 30.2266], [-97.78087, 30.22553], [-97.78087, 30.22553], [-97.78225, 30.22346], [-97.78225, 30.22346], [-97.78238, 30.22326], [-97.78238, 30.22326], [-97.78262, 30.22287], [-97.78277, 30.22275], [-97.78294, 30.22259], [-97.78305, 30.2225], [-97.7831, 30.22236], [-97.78317, 30.22228], [-97.78321, 30.22224], [-97.78331, 30.22206], [-97.78344, 30.22189], [-97.78353, 30.22171], [-97.78354, 30.22159], [-97.7836, 30.22146], [-97.78352, 30.22132], [-97.78343, 30.22092], [-97.78343, 30.22044], [-97.78343, 30.2196], [-97.78362, 30.21938], [-97.78362, 30.21937], [-97.78366, 30.219], [-97.78275, 30.21857], [-97.78286, 30.21804], [-97.78288, 30.21793], [-97.784, 30.21796], [-97.78444, 30.2179], [-97.78483, 30.21786], [-97.78517, 30.21781], [-97.78589, 30.21768], [-97.78636, 30.21756], [-97.78649, 30.21753], [-97.78941, 30.2164], [-97.78944, 30.21648], [-97.79123, 30.21576], [-97.79181, 30.21542], [-97.79258, 30.21485], [-97.79298, 30.21447], [-97.79366, 30.21357], [-97.79366, 30.21354], [-97.79364, 30.21343], [-97.7936, 30.21322], [-97.79584, 30.21001], [-97.79795, 30.20699], [-97.80006, 30.20397], [-97.80094, 30.2027], [-97.80149, 30.20192], [-97.80189, 30.20161], [-97.80193, 30.20154], [-97.80193, 30.20154], [-97.80198, 30.20145], [-97.80345, 30.19876], [-97.80412, 30.19842], [-97.80412, 30.19842], [-97.80392, 30.19822], [-97.80535, 30.19611], [-97.80576, 30.1955], [-97.80613, 30.19496], [-97.80679, 30.19398], [-97.80711, 30.19351], [-97.80775, 30.19257], [-97.80853, 30.19141], [-97.81116, 30.18751], [-97.81232, 30.18581], [-97.81274, 30.18562], [-97.81291, 30.18555], [-97.81291, 30.18554], [-97.81522, 30.18221], [-97.8147, 30.18227], [-97.81295, 30.1823], [-97.81285, 30.18231], [-97.81276, 30.18233], [-97.81262, 30.18236], [-97.81238, 30.18237], [-97.81161, 30.18241], [-97.81104, 30.18242], [-97.81104, 30.18242], [-97.80935, 30.1826], [-97.80935, 30.1826], [-97.80937, 30.18151], [-97.81031, 30.17694], [-97.81093, 30.17395], [-97.81084, 30.17401], [-97.80943, 30.17404], [-97.80933, 30.17397], [-97.80927, 30.17402], [-97.80752, 30.17405], [-97.80745, 30.174], [-97.80739, 30.17405], [-97.80681, 30.17406], [-97.80639, 30.17407], [-97.80598, 30.17408], [-97.80589, 30.17404], [-97.80514, 30.17403], [-97.80495, 30.17402], [-97.80449, 30.17402], [-97.80424, 30.17404], [-97.80413, 30.17403], [-97.80413, 30.17403], [-97.80353, 30.17402], [-97.80257, 30.17404], [-97.80254, 30.17404], [-97.80251, 30.17403], [-97.80193, 30.1739], [-97.80134, 30.1736], [-97.80133, 30.1736], [-97.80109, 30.17349], [-97.80082, 30.17337], [-97.80067, 30.17331], [-97.80045, 30.17321], [-97.79956, 30.17246], [-97.79956, 30.17246], [-97.79956, 30.17246], [-97.79956, 30.17246], [-97.79956, 30.17246], [-97.79754, 30.17073], [-97.79753, 30.17072], [-97.79586, 30.16929], [-97.79585, 30.16928], [-97.79584, 30.16928], [-97.79582, 30.16926], [-97.79472, 30.16831], [-97.79453, 30.16817], [-97.79445, 30.16811], [-97.79435, 30.16806], [-97.79372, 30.16775], [-97.7935, 30.16765], [-97.7932, 30.16752], [-97.79315, 30.16751], [-97.79305, 30.16749], [-97.79296, 30.16747], [-97.79168, 30.1672], [-97.791, 30.16705], [-97.79157, 30.16377], [-97.79163, 30.16339], [-97.79163, 30.16338], [-97.79001, 30.16259], [-97.78909, 30.16219], [-97.78909, 30.16218], [-97.78909, 30.16218], [-97.78957, 30.16089], [-97.78978, 30.1603], [-97.79002, 30.15961], [-97.79033, 30.15864], [-97.7906, 30.15767], [-97.7906, 30.15766], [-97.79037, 30.15761], [-97.79011, 30.15756], [-97.78989, 30.15751], [-97.78988, 30.15751], [-97.78948, 30.15732], [-97.78665, 30.15604], [-97.78645, 30.15594], [-97.78603, 30.15597], [-97.78511, 30.15628], [-97.78437, 30.15657], [-97.78294, 30.15728], [-97.7822, 30.15743], [-97.78044, 30.1576], [-97.77967, 30.15771], [-97.77921, 30.15777], [-97.77812, 30.15791], [-97.77798, 30.15793], [-97.77789, 30.15796], [-97.77765, 30.15806], [-97.77762, 30.15807], [-97.7766, 30.15855], [-97.77612, 30.15871], [-97.77603, 30.15874], [-97.77596, 30.15876], [-97.77595, 30.15876], [-97.77527, 30.15743], [-97.7752, 30.1574], [-97.77512, 30.15737], [-97.77481, 30.15726], [-97.77426, 30.15723], [-97.77396, 30.1572], [-97.77333, 30.15713], [-97.7727, 30.1571], [-97.77224, 30.15715], [-97.77179, 30.1572], [-97.7716, 30.15737], [-97.77138, 30.15754], [-97.77114, 30.15765], [-97.77109, 30.15771], [-97.77099, 30.15774], [-97.77092, 30.15779], [-97.77082, 30.15802], [-97.77064, 30.15836], [-97.7704, 30.15879], [-97.77016, 30.15902], [-97.76963, 30.15918], [-97.76963, 30.15918], [-97.76889, 30.15928], [-97.76829, 30.15936], [-97.76776, 30.15952], [-97.76705, 30.15976], [-97.76661, 30.1601], [-97.76613, 30.16053], [-97.76569, 30.16086], [-97.76518, 30.16149], [-97.76445, 30.16263], [-97.76424, 30.16303], [-97.76395, 30.16352], [-97.76389, 30.1636], [-97.76375, 30.16403], [-97.7637, 30.16449], [-97.76375, 30.16501], [-97.76397, 30.16548], [-97.76429, 30.16592], [-97.76452, 30.16624], [-97.76468, 30.16656], [-97.76477, 30.16685], [-97.76466, 30.16711], [-97.76449, 30.16737], [-97.76435, 30.16756], [-97.76428, 30.16785], [-97.76424, 30.16811], [-97.76418, 30.16823], [-97.76427, 30.16821], [-97.76491, 30.16856], [-97.76566, 30.16817], [-97.76577, 30.16806], [-97.76587, 30.168], [-97.76614, 30.16789], [-97.7664, 30.16787], [-97.76664, 30.16781], [-97.76727, 30.16757], [-97.76736, 30.16702], [-97.7679, 30.16657], [-97.76826, 30.16669], [-97.76826, 30.16678], [-97.76819, 30.16692], [-97.76818, 30.16715], [-97.76815, 30.16732], [-97.7681, 30.16764], [-97.76813, 30.1679], [-97.76816, 30.16811], [-97.76812, 30.16819], [-97.76755, 30.16907], [-97.76737, 30.16942], [-97.76726, 30.16947], [-97.767, 30.16987], [-97.76707, 30.17023], [-97.76851, 30.17054], [-97.76853, 30.17054], [-97.77016, 30.17022], [-97.77069, 30.17045], [-97.77086, 30.17164], [-97.77054, 30.17176], [-97.77039, 30.17193], [-97.76982, 30.17258], [-97.76975, 30.17319], [-97.76996, 30.17337], [-97.77, 30.1734], [-97.77049, 30.17352], [-97.77112, 30.17367], [-97.77135, 30.17379], [-97.77141, 30.17406], [-97.77296, 30.17445], [-97.77332, 30.17445], [-97.77383, 30.17445], [-97.7745, 30.17486], [-97.77443, 30.17611], [-97.77492, 30.17778], [-97.77546, 30.1779], [-97.77573, 30.17756], [-97.7764, 30.17743], [-97.77642, 30.17746], [-97.77655, 30.17769], [-97.77636, 30.17841], [-97.77636, 30.17856], [-97.7765, 30.1786], [-97.77673, 30.17868], [-97.77701, 30.17914], [-97.77747, 30.17928], [-97.7766, 30.18064], [-97.77618, 30.18128], [-97.77615, 30.18133], [-97.77619, 30.18138], [-97.77633, 30.1816], [-97.77506, 30.18322], [-97.77475, 30.18362], [-97.77473, 30.18364], [-97.77426, 30.18435], [-97.77419, 30.18445], [-97.77301, 30.18625], [-97.77254, 30.18697], [-97.77251, 30.18701], [-97.77251, 30.18701], [-97.7723, 30.18735], [-97.77145, 30.18845], [-97.77012, 30.19025], [-97.77012, 30.19025], [-97.77011, 30.19025], [-97.77007, 30.19031], [-97.76882, 30.19178], [-97.76726, 30.19378], [-97.76723, 30.19381], [-97.76723, 30.19381], [-97.76467, 30.19704], [-97.76446, 30.1973], [-97.76366, 30.1982], [-97.76366, 30.1982], [-97.76366, 30.1982], [-97.76364, 30.19823], [-97.76317, 30.19885], [-97.76277, 30.19938], [-97.76167, 30.20078], [-97.76122, 30.20135], [-97.76117, 30.20142], [-97.76061, 30.2021], [-97.76033, 30.20245], [-97.75955, 30.2034], [-97.75795, 30.20532], [-97.75793, 30.20535], [-97.75786, 30.20544], [-97.75786, 30.20544], [-97.75786, 30.20544], [-97.75784, 30.20547], [-97.75678, 30.20688], [-97.75622, 30.20767], [-97.75577, 30.2084], [-97.75473, 30.21011], [-97.75391, 30.21134], [-97.75364, 30.21173], [-97.75294, 30.2128], [-97.75214, 30.21408], [-97.7521, 30.21414], [-97.7521, 30.21414], [-97.7521, 30.21414], [-97.75192, 30.21444], [-97.75172, 30.21478], [-97.75139, 30.21529], [-97.75127, 30.21552], [-97.75126, 30.21552], [-97.75125, 30.21555], [-97.75116, 30.21571], [-97.75148, 30.21582], [-97.75155, 30.21585], [-97.75168, 30.21589], [-97.75185, 30.21593], [-97.75185, 30.21593], [-97.75196, 30.21596], [-97.75198, 30.21597], [-97.75207, 30.21601], [-97.75213, 30.21605], [-97.75217, 30.21612], [-97.75219, 30.21619], [-97.7522, 30.21635], [-97.7522, 30.21637], [-97.7522, 30.21641], [-97.75224, 30.21637], [-97.75232, 30.2163], [-97.75233, 30.21629], [-97.75234, 30.21628], [-97.75235, 30.21627], [-97.75236, 30.21627], [-97.75237, 30.21626], [-97.75238, 30.21625], [-97.75239, 30.21625], [-97.7524, 30.21624], [-97.75241, 30.21623], [-97.75242, 30.21623], [-97.75243, 30.21622], [-97.75244, 30.21621], [-97.75245, 30.21621], [-97.75246, 30.2162], [-97.75247, 30.2162], [-97.75247, 30.2162], [-97.75249, 30.2162], [-97.7525, 30.21619], [-97.75251, 30.21619], [-97.75252, 30.21618], [-97.75253, 30.21618], [-97.75254, 30.21618], [-97.75256, 30.21617], [-97.75257, 30.21617], [-97.75258, 30.21617], [-97.75259, 30.21617], [-97.75261, 30.21616], [-97.75262, 30.21616], [-97.75263, 30.21616], [-97.75265, 30.21616], [-97.75267, 30.21616], [-97.75268, 30.21616], [-97.75269, 30.21616], [-97.75271, 30.21616], [-97.75272, 30.21616], [-97.75273, 30.21616], [-97.75274, 30.21616], [-97.75276, 30.21616], [-97.75277, 30.21616], [-97.75278, 30.21616], [-97.75279, 30.21616], [-97.75281, 30.21616], [-97.75282, 30.21616], [-97.75283, 30.21616], [-97.75285, 30.21616], [-97.75286, 30.21617], [-97.75287, 30.21617], [-97.75288, 30.21617], [-97.7529, 30.21617], [-97.75291, 30.21617], [-97.75292, 30.21618], [-97.75293, 30.21618], [-97.75294, 30.21618], [-97.75296, 30.21619], [-97.75297, 30.21619], [-97.75298, 30.21619], [-97.75299, 30.2162], [-97.753, 30.2162], [-97.75302, 30.2162], [-97.75303, 30.21621], [-97.75304, 30.21621], [-97.75305, 30.21622], [-97.75306, 30.21622], [-97.75307, 30.21623], [-97.75309, 30.21623], [-97.7531, 30.21623], [-97.75311, 30.21624], [-97.75312, 30.21624], [-97.75313, 30.21625], [-97.75314, 30.21626], [-97.75337, 30.21631], [-97.75351, 30.21639], [-97.75356, 30.21642], [-97.75368, 30.2165], [-97.75375, 30.21657], [-97.75383, 30.21665], [-97.75401, 30.2168], [-97.75422, 30.21702], [-97.75439, 30.21722], [-97.75447, 30.21732], [-97.75473, 30.21762]]]]}, "properties": {"campus_id": 9, "campus_name": "Bedichek", "role": "closing", "role_label": "Closing", "school_type": "middle"}}, {"type": "Feature", "geometry": {"type": "MultiPolygon", "coordinates": [[[[-97.72684, 30.22707], [-97.72753, 30.22736], [-97.72777, 30.22746], [-97.7282, 30.22679], [-97.7284, 30.22687], [-97.72861, 30.22727], [-97.72891, 30.2273], [-97.72924, 30.22722], [-97.72975, 30.22737], [-97.7335, 30.22168], [-97.73292, 30.2215], [-97.73286, 30.22148], [-97.7318, 30.22104], [-97.73164, 30.22097], [-97.73101, 30.22071], [-97.72684, 30.22707]]], [[[-97.69052, 30.24563], [-97.69107, 30.2455], [-97.69131, 30.24544], [-97.69369, 30.24487], [-97.69481, 30.24206], [-97.69674, 30.24115], [-97.69806, 30.24013], [-97.69817, 30.23989], [-97.69862, 30.23918], [-97.69879, 30.23926], [-97.69908, 30.23879], [-97.69953, 30.23894], [-97.69977, 30.23958], [-97.69977, 30.24074], [-97.69976, 30.24282], [-97.70359, 30.24494], [-97.70925, 30.23858], [-97.70897, 30.23244], [-97.70968, 30.23143], [-97.71039, 30.23026], [-97.71079, 30.22964], [-97.71125, 30.22891], [-97.7126, 30.22957], [-97.71221, 30.23015], [-97.71203, 30.23023], [-97.7122, 30.23029], [-97.71258, 30.23042], [-97.71451, 30.23109], [-97.71514, 30.2313], [-97.71702, 30.23154], [-97.71727, 30.23157], [-97.71731, 30.23151], [-97.71763, 30.23098], [-97.71849, 30.22963], [-97.71805, 30.22942], [-97.71743, 30.22913], [-97.71616, 30.22853], [-97.7152, 30.23007], [-97.71481, 30.22986], [-97.71475, 30.22984], [-97.71342, 30.22926], [-97.71293, 30.22906], [-97.71108, 30.22746], [-97.70973, 30.22629], [-97.709, 30.22746], [-97.709, 30.22756], [-97.70899, 30.22761], [-97.70805, 30.22908], [-97.70623, 30.23198], [-97.70583, 30.23262], [-97.70583, 30.23262], [-97.70574, 30.23276], [-97.70454, 30.23466], [-97.70453, 30.23467], [-97.70432, 30.235], [-97.70369, 30.23598], [-97.70368, 30.236], [-97.7033, 30.23659], [-97.703, 30.23693], [-97.70296, 30.23692], [-97.70285, 30.23689], [-97.70136, 30.23646], [-97.70136, 30.23646], [-97.70136, 30.23646], [-97.70124, 30.2366], [-97.70086, 30.2367], [-97.6999, 30.23638], [-97.69762, 30.23531], [-97.69788, 30.23485], [-97.69788, 30.23485], [-97.69789, 30.23485], [-97.69812, 30.23445], [-97.6983, 30.23446], [-97.69849, 30.23415], [-97.69854, 30.23405], [-97.69858, 30.23399], [-97.69878, 30.23361], [-97.69889, 30.23337], [-97.69886, 30.23324], [-97.69929, 30.23254], [-97.69929, 30.23254], [-97.70001, 30.23169], [-97.70018, 30.23138], [-97.70037, 30.23108], [-97.70037, 30.23107], [-97.70038, 30.23095], [-97.70075, 30.23038], [-97.70076, 30.23037], [-97.70133, 30.22944], [-97.70138, 30.22895], [-97.70178, 30.22858], [-97.70232, 30.22842], [-97.7029, 30.2287], [-97.70427, 30.22934], [-97.70428, 30.22933], [-97.70476, 30.22858], [-97.70517, 30.22792], [-97.70538, 30.22759], [-97.70573, 30.22703], [-97.70585, 30.22686], [-97.70619, 30.22631], [-97.70624, 30.22625], [-97.70626, 30.22623], [-97.70659, 30.22578], [-97.70385, 30.22431], [-97.7038, 30.22429], [-97.70476, 30.22282], [-97.70616, 30.22068], [-97.70617, 30.22067], [-97.70679, 30.22006], [-97.70366, 30.21839], [-97.70365, 30.21838], [-97.70244, 30.21773], [-97.70174, 30.21865], [-97.69857, 30.22281], [-97.69852, 30.22287], [-97.69971, 30.22338], [-97.69972, 30.22338], [-97.69973, 30.22339], [-97.69973, 30.22339], [-97.70112, 30.22398], [-97.70119, 30.22401], [-97.70257, 30.2246], [-97.7025, 30.2247], [-97.70033, 30.22741], [-97.69883, 30.22717], [-97.6987, 30.22715], [-97.69672, 30.22601], [-97.69623, 30.22517], [-97.69404, 30.22845], [-97.69396, 30.22858], [-97.69393, 30.22863], [-97.69316, 30.22935], [-97.69308, 30.22943], [-97.69307, 30.22943], [-97.69253, 30.22987], [-97.69253, 30.22988], [-97.69242, 30.2299], [-97.69218, 30.23014], [-97.69323, 30.23074], [-97.69303, 30.23102], [-97.69298, 30.23107], [-97.69293, 30.23113], [-97.69264, 30.23149], [-97.69257, 30.23147], [-97.69235, 30.23172], [-97.69229, 30.23181], [-97.69206, 30.23214], [-97.69079, 30.23139], [-97.69022, 30.23194], [-97.69045, 30.23205], [-97.68918, 30.23622], [-97.69003, 30.23674], [-97.68867, 30.23841], [-97.68829, 30.23975], [-97.68828, 30.23973], [-97.68826, 30.23969], [-97.6882, 30.23954], [-97.68696, 30.23632], [-97.68342, 30.2308], [-97.68342, 30.2308], [-97.68323, 30.23021], [-97.68313, 30.2296], [-97.68311, 30.22948], [-97.68311, 30.22939], [-97.68311, 30.22918], [-97.68314, 30.22695], [-97.68315, 30.22673], [-97.68315, 30.22673], [-97.68315, 30.22672], [-97.68491, 30.22317], [-97.68497, 30.22305], [-97.68549, 30.22198], [-97.68565, 30.22167], [-97.68547, 30.22108], [-97.68541, 30.22085], [-97.68537, 30.22072], [-97.68332, 30.22167], [-97.68305, 30.22179], [-97.68314, 30.22038], [-97.6831, 30.22011], [-97.683, 30.21948], [-97.68275, 30.2178], [-97.68264, 30.21707], [-97.6815, 30.21665], [-97.6813, 30.21732], [-97.68045, 30.21757], [-97.6801, 30.21733], [-97.67642, 30.21632], [-97.67238, 30.2199], [-97.67228, 30.22005], [-97.67222, 30.22015], [-97.67408, 30.22114], [-97.67407, 30.22125], [-97.67405, 30.22144], [-97.67398, 30.22153], [-97.67498, 30.22206], [-97.67591, 30.22254], [-97.67822, 30.2234], [-97.67876, 30.22457], [-97.68005, 30.22635], [-97.68259, 30.23064], [-97.68277, 30.23095], [-97.68285, 30.23113], [-97.6837, 30.2331], [-97.68616, 30.23663], [-97.68616, 30.23664], [-97.68678, 30.23767], [-97.68714, 30.23828], [-97.68714, 30.23828], [-97.68752, 30.23954], [-97.68773, 30.2398], [-97.68923, 30.24161], [-97.68923, 30.24161], [-97.68924, 30.24165], [-97.68985, 30.24313], [-97.69002, 30.24415], [-97.69006, 30.24428], [-97.69052, 30.24563]]], [[[-97.69052, 30.24563], [-97.69024, 30.24567], [-97.68514, 30.24642], [-97.67629, 30.24856], [-97.67249, 30.25427], [-97.66975, 30.25608], [-97.66543, 30.25894], [-97.65616, 30.26092], [-97.64877, 30.2625], [-97.64266, 30.26179], [-97.64076, 30.26068], [-97.64052, 30.26118], [-97.6401, 30.26194], [-97.64007, 30.26225], [-97.64101, 30.26308], [-97.64115, 30.26302], [-97.64156, 30.26335], [-97.64143, 30.26384], [-97.64176, 30.26431], [-97.64223, 30.2646], [-97.64269, 30.26455], [-97.64292, 30.26458], [-97.64343, 30.26456], [-97.64419, 30.26428], [-97.64561, 30.26478], [-97.64611, 30.26505], [-97.6468, 30.26534], [-97.6473, 30.26546], [-97.64757, 30.2655], [-97.64809, 30.26563], [-97.64833, 30.26558], [-97.6485, 30.2652], [-97.6488, 30.26481], [-97.64925, 30.26464], [-97.65105, 30.26431], [-97.65144, 30.26437], [-97.65176, 30.26471], [-97.65196, 30.26522], [-97.65214, 30.26574], [-97.65322, 30.26682], [-97.6539, 30.26685], [-97.65515, 30.26582], [-97.6555, 30.26583], [-97.65583, 30.26605], [-97.65653, 30.26628], [-97.65682, 30.26645], [-97.65691, 30.2666], [-97.64938, 30.27785], [-97.64886, 30.27906], [-97.64873, 30.28012], [-97.64872, 30.28109], [-97.64962, 30.28857], [-97.65017, 30.28822], [-97.6544, 30.29018], [-97.65443, 30.29003], [-97.65446, 30.28987], [-97.65445, 30.28975], [-97.65444, 30.28963], [-97.65443, 30.28946], [-97.65441, 30.28928], [-97.65437, 30.28909], [-97.65582, 30.28966], [-97.65582, 30.28968], [-97.66328, 30.29318], [-97.66351, 30.29329], [-97.66354, 30.2933], [-97.66317, 30.29489], [-97.66274, 30.29675], [-97.66304, 30.29711], [-97.66347, 30.29746], [-97.66418, 30.29778], [-97.66408, 30.29849], [-97.66432, 30.29894], [-97.66436, 30.299], [-97.66467, 30.2994], [-97.66484, 30.29992], [-97.66536, 30.30046], [-97.66556, 30.30111], [-97.66552, 30.3013], [-97.66587, 30.30188], [-97.66601, 30.3019], [-97.66653, 30.30322], [-97.66662, 30.30336], [-97.66663, 30.30347], [-97.66667, 30.30361], [-97.66671, 30.30363], [-97.66678, 30.30367], [-97.66684, 30.30378], [-97.66694, 30.30389], [-97.66702, 30.30402], [-97.66705, 30.30415], [-97.66704, 30.3043], [-97.66704, 30.30431], [-97.66714, 30.30445], [-97.66738, 30.30477], [-97.66789, 30.30494], [-97.66787, 30.30552], [-97.66786, 30.30608], [-97.66776, 30.30626], [-97.66774, 30.3063], [-97.66737, 30.3064], [-97.66725, 30.30648], [-97.6671, 30.30659], [-97.66713, 30.30683], [-97.66751, 30.30759], [-97.66763, 30.30881], [-97.66774, 30.30913], [-97.668, 30.30955], [-97.66907, 30.30899], [-97.66907, 30.30899], [-97.66933, 30.30892], [-97.67077, 30.30854], [-97.67077, 30.30853], [-97.67203, 30.30822], [-97.67203, 30.30822], [-97.67304, 30.30799], [-97.67304, 30.30799], [-97.67304, 30.30799], [-97.67347, 30.30797], [-97.67397, 30.30799], [-97.67619, 30.30806], [-97.67642, 30.30804], [-97.67676, 30.308], [-97.6771, 30.30796], [-97.67722, 30.30795], [-97.67825, 30.30785], [-97.67837, 30.30784], [-97.67846, 30.30782], [-97.67856, 30.30779], [-97.67868, 30.30776], [-97.67886, 30.30769], [-97.67906, 30.30762], [-97.67916, 30.30757], [-97.67924, 30.30753], [-97.67931, 30.30748], [-97.67931, 30.30748], [-97.67938, 30.30743], [-97.67945, 30.30737], [-97.6795, 30.30732], [-97.67956, 30.30726], [-97.67962, 30.30718], [-97.67969, 30.3071], [-97.68006, 30.30647], [-97.68132, 30.30459], [-97.68134, 30.30457], [-97.68135, 30.30455], [-97.68183, 30.30412], [-97.68293, 30.30308], [-97.68304, 30.30298], [-97.68304, 30.30298], [-97.68433, 30.30179], [-97.68433, 30.30179], [-97.68514, 30.30103], [-97.68514, 30.30103], [-97.68514, 30.30102], [-97.68592, 30.30015], [-97.68706, 30.29819], [-97.68706, 30.29818], [-97.68626, 30.29775], [-97.68625, 30.29774], [-97.68556, 30.2974], [-97.68556, 30.2974], [-97.68491, 30.29713], [-97.68462, 30.29695], [-97.68255, 30.2959], [-97.68255, 30.2959], [-97.68254, 30.2959], [-97.68153, 30.29537], [-97.68118, 30.29518], [-97.68118, 30.29518], [-97.68118, 30.29518], [-97.67838, 30.29389], [-97.67781, 30.29363], [-97.67777, 30.29361], [-97.67777, 30.2936], [-97.67779, 30.29357], [-97.67807, 30.2931], [-97.67873, 30.29199], [-97.67939, 30.29088], [-97.67993, 30.29007], [-97.68044, 30.28927], [-97.68071, 30.28885], [-97.68263, 30.28587], [-97.68263, 30.28587], [-97.68263, 30.28586], [-97.68264, 30.28586], [-97.68462, 30.28554], [-97.68462, 30.28554], [-97.68554, 30.2854], [-97.68554, 30.2854], [-97.68646, 30.28527], [-97.68646, 30.28527], [-97.68647, 30.28527], [-97.68764, 30.28508], [-97.68765, 30.28508], [-97.68897, 30.28487], [-97.68897, 30.28487], [-97.68983, 30.28473], [-97.68983, 30.28473], [-97.69061, 30.2846], [-97.69062, 30.2846], [-97.69144, 30.2845], [-97.69144, 30.2845], [-97.69301, 30.28428], [-97.69302, 30.28428], [-97.69405, 30.2841], [-97.69405, 30.2841], [-97.69606, 30.28374], [-97.6961, 30.28373], [-97.69668, 30.28364], [-97.69815, 30.28346], [-97.69815, 30.28346], [-97.70036, 30.28312], [-97.70082, 30.28306], [-97.7011, 30.28301], [-97.7011, 30.28301], [-97.70172, 30.28291], [-97.70172, 30.28291], [-97.70395, 30.28258], [-97.7034, 30.28171], [-97.70304, 30.28116], [-97.70261, 30.28049], [-97.70212, 30.27974], [-97.70212, 30.27974], [-97.70172, 30.27902], [-97.70172, 30.27902], [-97.70132, 30.27842], [-97.70125, 30.2783], [-97.70111, 30.27813], [-97.70071, 30.27764], [-97.70071, 30.27763], [-97.70045, 30.27711], [-97.70034, 30.27687], [-97.70034, 30.27687], [-97.70034, 30.27686], [-97.69844, 30.27466], [-97.69833, 30.27443], [-97.69791, 30.27356], [-97.69791, 30.27356], [-97.69791, 30.27356], [-97.69877, 30.27343], [-97.69877, 30.27343], [-97.69881, 30.27334], [-97.69985, 30.27101], [-97.69986, 30.27101], [-97.69986, 30.271], [-97.70019, 30.2703], [-97.7002, 30.27029], [-97.70054, 30.26958], [-97.70054, 30.26958], [-97.70154, 30.26738], [-97.70154, 30.26738], [-97.7022, 30.266], [-97.7022, 30.266], [-97.70262, 30.26508], [-97.70262, 30.26508], [-97.70305, 30.26419], [-97.70305, 30.2642], [-97.70408, 30.26453], [-97.70408, 30.26453], [-97.70511, 30.2649], [-97.70511, 30.2649], [-97.70596, 30.26522], [-97.70597, 30.26522], [-97.70653, 30.26525], [-97.708, 30.26533], [-97.70904, 30.26539], [-97.70905, 30.26539], [-97.70905, 30.26539], [-97.70906, 30.26539], [-97.7125, 30.26591], [-97.71301, 30.26564], [-97.71329, 30.26533], [-97.71354, 30.26531], [-97.71354, 30.2653], [-97.71466, 30.2648], [-97.71466, 30.2648], [-97.71577, 30.26427], [-97.71578, 30.26427], [-97.71578, 30.26427], [-97.71688, 30.26377], [-97.71688, 30.26377], [-97.71774, 30.26341], [-97.71774, 30.26341], [-97.71889, 30.26363], [-97.71889, 30.26363], [-97.7201, 30.26391], [-97.7201, 30.26391], [-97.72136, 30.2642], [-97.72136, 30.2642], [-97.72136, 30.2642], [-97.72333, 30.26504], [-97.72333, 30.26504], [-97.72333, 30.26505], [-97.72431, 30.2654], [-97.72431, 30.2654], [-97.72496, 30.26561], [-97.72529, 30.2657], [-97.7257, 30.26481], [-97.7257, 30.26481], [-97.72614, 30.26396], [-97.72614, 30.26396], [-97.72615, 30.26396], [-97.72712, 30.26434], [-97.72712, 30.26434], [-97.728, 30.26466], [-97.728, 30.26466], [-97.72889, 30.26495], [-97.72889, 30.26495], [-97.72909, 30.26502], [-97.72909, 30.26502], [-97.73007, 30.26532], [-97.73008, 30.26533], [-97.73034, 30.26543], [-97.73034, 30.26543], [-97.73111, 30.26566], [-97.73113, 30.26566], [-97.73148, 30.26581], [-97.73172, 30.26592], [-97.73173, 30.26592], [-97.73211, 30.26604], [-97.73215, 30.26606], [-97.73306, 30.26633], [-97.73318, 30.26637], [-97.73318, 30.26637], [-97.73321, 30.26638], [-97.73386, 30.2666], [-97.73387, 30.26661], [-97.73388, 30.26658], [-97.73388, 30.26658], [-97.73418, 30.26573], [-97.73421, 30.26564], [-97.73421, 30.26564], [-97.73447, 30.26467], [-97.73447, 30.26467], [-97.73447, 30.26466], [-97.73461, 30.26429], [-97.73482, 30.2638], [-97.73482, 30.2638], [-97.735, 30.26339], [-97.735, 30.26339], [-97.735, 30.26347], [-97.73501, 30.26354], [-97.73504, 30.26362], [-97.73508, 30.26369], [-97.73509, 30.2637], [-97.73514, 30.26374], [-97.73518, 30.26377], [-97.73523, 30.26379], [-97.73526, 30.2638], [-97.73526, 30.2638], [-97.73536, 30.26384], [-97.73542, 30.26385], [-97.73542, 30.26385], [-97.73543, 30.26385], [-97.73545, 30.26385], [-97.73552, 30.26386], [-97.73562, 30.26385], [-97.73568, 30.26384], [-97.73574, 30.2638], [-97.7358, 30.26373], [-97.73587, 30.26365], [-97.73608, 30.26311], [-97.73609, 30.26308], [-97.73653, 30.26191], [-97.73653, 30.2619], [-97.73677, 30.26123], [-97.73677, 30.26123], [-97.73699, 30.26063], [-97.73731, 30.25975], [-97.73731, 30.25975], [-97.73742, 30.25946], [-97.73787, 30.25829], [-97.7377, 30.25745], [-97.7377, 30.25745], [-97.73739, 30.25624], [-97.73739, 30.25624], [-97.73736, 30.25612], [-97.7372, 30.25539], [-97.73718, 30.2553], [-97.7371, 30.255], [-97.73685, 30.25392], [-97.73646, 30.25224], [-97.73644, 30.25213], [-97.73644, 30.25213], [-97.73642, 30.252], [-97.73641, 30.25192], [-97.73641, 30.25192], [-97.73635, 30.25149], [-97.73624, 30.25073], [-97.73606, 30.24986], [-97.73602, 30.24954], [-97.73591, 30.24874], [-97.73588, 30.24858], [-97.73578, 30.2481], [-97.73576, 30.24804], [-97.73575, 30.24797], [-97.73542, 30.24789], [-97.73542, 30.24789], [-97.7352, 30.24786], [-97.7352, 30.24786], [-97.73506, 30.24783], [-97.73488, 30.24779], [-97.73486, 30.24779], [-97.73481, 30.24778], [-97.73467, 30.24774], [-97.7343, 30.24765], [-97.7342, 30.24762], [-97.73412, 30.24761], [-97.73395, 30.24756], [-97.73386, 30.24753], [-97.73366, 30.24746], [-97.73362, 30.24744], [-97.7336, 30.24743], [-97.73358, 30.24742], [-97.73228, 30.24642], [-97.73215, 30.24632], [-97.73209, 30.24627], [-97.73209, 30.24627], [-97.73118, 30.24558], [-97.73113, 30.24554], [-97.73107, 30.2455], [-97.73093, 30.24537], [-97.73085, 30.24523], [-97.73061, 30.24492], [-97.73052, 30.2448], [-97.73005, 30.2441], [-97.73004, 30.24408], [-97.72942, 30.24324], [-97.72941, 30.24322], [-97.72938, 30.24319], [-97.73005, 30.24289], [-97.73019, 30.24283], [-97.7302, 30.24284], [-97.73043, 30.24299], [-97.73139, 30.24194], [-97.73231, 30.24058], [-97.7327, 30.24048], [-97.73302, 30.24039], [-97.733, 30.24036], [-97.7329, 30.24019], [-97.73286, 30.23963], [-97.73224, 30.23934], [-97.7322, 30.23932], [-97.73217, 30.23931], [-97.73261, 30.23864], [-97.73172, 30.23828], [-97.73088, 30.23808], [-97.73085, 30.23807], [-97.73079, 30.23806], [-97.73076, 30.23804], [-97.72935, 30.23716], [-97.72953, 30.23655], [-97.72934, 30.23644], [-97.72874, 30.2361], [-97.7285, 30.23597], [-97.7285, 30.23597], [-97.72793, 30.23691], [-97.72771, 30.23728], [-97.7277, 30.23731], [-97.72761, 30.23757], [-97.72758, 30.23768], [-97.72759, 30.23773], [-97.72747, 30.23776], [-97.7274, 30.2378], [-97.72711, 30.23735], [-97.72646, 30.23704], [-97.72635, 30.23702], [-97.72661, 30.23659], [-97.72708, 30.23582], [-97.72733, 30.23542], [-97.72771, 30.23485], [-97.72791, 30.23455], [-97.72795, 30.23449], [-97.72598, 30.23356], [-97.72593, 30.23353], [-97.72478, 30.233], [-97.72473, 30.23299], [-97.7244, 30.23294], [-97.72439, 30.23295], [-97.72429, 30.23307], [-97.72416, 30.23323], [-97.72409, 30.23332], [-97.72403, 30.2334], [-97.72398, 30.23342], [-97.72394, 30.23345], [-97.72356, 30.23369], [-97.72355, 30.23369], [-97.72352, 30.23371], [-97.7235, 30.23373], [-97.72299, 30.23407], [-97.7229, 30.23413], [-97.72286, 30.23415], [-97.72262, 30.23431], [-97.7223, 30.23451], [-97.72215, 30.23461], [-97.72214, 30.23462], [-97.72213, 30.23464], [-97.722, 30.23495], [-97.722, 30.23497], [-97.72167, 30.23548], [-97.72084, 30.23678], [-97.71957, 30.23879], [-97.71956, 30.23881], [-97.71956, 30.23881], [-97.71715, 30.24252], [-97.71715, 30.24252], [-97.71426, 30.24721], [-97.7138, 30.24827], [-97.70881, 30.25084], [-97.70419, 30.25082], [-97.70057, 30.25022], [-97.69485, 30.24823], [-97.69216, 30.24789], [-97.69178, 30.24784], [-97.69174, 30.24815], [-97.69148, 30.25011], [-97.69128, 30.24921], [-97.69096, 30.24771], [-97.69083, 30.24708], [-97.69052, 30.24563]]]]}, "properties": {"campus_id": 10, "campus_name": "Martin", "role": "closing", "role_label": "Closing", "school_type": "middle"}}, {"type": "Feature", "geometry": {"type": "MultiPolygon", "coordinates": [[[[-97.81291, 30.18554], [-97.81291, 30.18555], [-97.81306, 30.18556], [-97.81384, 30.18565], [-97.81426, 30.1857], [-97.8163, 30.18593], [-97.81631, 30.18593], [-97.81631, 30.18593], [-97.81697, 30.1849], [-97.81697, 30.1849], [-97.8183, 30.18281], [-97.8189, 30.18187], [-97.81985, 30.18034], [-97.81985, 30.18033], [-97.81987, 30.18031], [-97.81949, 30.18012], [-97.81911, 30.17994], [-97.81736, 30.17907], [-97.81751, 30.17886], [-97.81895, 30.17645], [-97.82, 30.17389], [-97.82005, 30.17389], [-97.82007, 30.17383], [-97.82011, 30.17372], [-97.82252, 30.16619], [-97.82353, 30.16304], [-97.82399, 30.16159], [-97.824, 30.16157], [-97.82505, 30.15827], [-97.82583, 30.15581], [-97.8261, 30.15598], [-97.8261, 30.15648], [-97.8262, 30.15668], [-97.82632, 30.15675], [-97.82645, 30.15701], [-97.82736, 30.15876], [-97.82751, 30.1588], [-97.82771, 30.15861], [-97.82791, 30.1587], [-97.82834, 30.15932], [-97.82863, 30.15951], [-97.82917, 30.16022], [-97.82923, 30.1603], [-97.83134, 30.16159], [-97.83147, 30.16176], [-97.83199, 30.16205], [-97.83199, 30.16205], [-97.83201, 30.16203], [-97.83289, 30.16085], [-97.83311, 30.16051], [-97.83314, 30.16046], [-97.83318, 30.16035], [-97.83326, 30.16011], [-97.83334, 30.15971], [-97.83338, 30.1595], [-97.83335, 30.15922], [-97.83331, 30.15876], [-97.83331, 30.15876], [-97.83331, 30.15713], [-97.83331, 30.15713], [-97.83331, 30.1571], [-97.83327, 30.15541], [-97.83329, 30.15473], [-97.83329, 30.15472], [-97.83329, 30.15472], [-97.83329, 30.15459], [-97.83329, 30.15438], [-97.83327, 30.15327], [-97.83327, 30.15327], [-97.83327, 30.15327], [-97.83321, 30.1504], [-97.83321, 30.1504], [-97.8332, 30.14974], [-97.83321, 30.14974], [-97.83909, 30.14959], [-97.84024, 30.14959], [-97.8425, 30.1496], [-97.84356, 30.14957], [-97.84391, 30.14956], [-97.84711, 30.14947], [-97.84703, 30.14715], [-97.847, 30.14613], [-97.84699, 30.14585], [-97.84695, 30.14467], [-97.84694, 30.1446], [-97.8469, 30.14296], [-97.84694, 30.14264], [-97.84697, 30.1426], [-97.84717, 30.1423], [-97.84738, 30.14213], [-97.84748, 30.142], [-97.84663, 30.14099], [-97.84662, 30.14097], [-97.84729, 30.14047], [-97.84788, 30.1397], [-97.84871, 30.13826], [-97.84871, 30.13825], [-97.84912, 30.138], [-97.84935, 30.13786], [-97.85008, 30.1375], [-97.85061, 30.13711], [-97.85117, 30.13646], [-97.85122, 30.1364], [-97.85212, 30.13551], [-97.85314, 30.13466], [-97.85678, 30.1315], [-97.85679, 30.13149], [-97.85739, 30.13102], [-97.85785, 30.13051], [-97.83299, 30.11279], [-97.81557, 30.10031], [-97.81375, 30.09901], [-97.81351, 30.09883], [-97.81335, 30.09872], [-97.8112, 30.10348], [-97.81122, 30.10375], [-97.81124, 30.104], [-97.81126, 30.10429], [-97.81141, 30.10632], [-97.81141, 30.10646], [-97.81141, 30.11234], [-97.81141, 30.11241], [-97.81141, 30.11241], [-97.81141, 30.11255], [-97.81154, 30.11663], [-97.81154, 30.11664], [-97.81158, 30.11786], [-97.81161, 30.1191], [-97.81165, 30.12041], [-97.81169, 30.12154], [-97.81175, 30.12352], [-97.81169, 30.12347], [-97.80541, 30.1174], [-97.80539, 30.11738], [-97.80523, 30.11723], [-97.80503, 30.11703], [-97.80498, 30.11706], [-97.80468, 30.11724], [-97.8046, 30.11728], [-97.80436, 30.11723], [-97.80314, 30.11699], [-97.79616, 30.11275], [-97.7853, 30.11278], [-97.78249, 30.11517], [-97.78186, 30.11579], [-97.78182, 30.11583], [-97.77911, 30.12021], [-97.77377, 30.11763], [-97.77783, 30.1109], [-97.77126, 30.10759], [-97.77125, 30.10771], [-97.76819, 30.10622], [-97.76112, 30.121], [-97.76001, 30.12245], [-97.75925, 30.12345], [-97.75859, 30.12472], [-97.75814, 30.12559], [-97.75707, 30.12716], [-97.75582, 30.12899], [-97.75582, 30.129], [-97.75334, 30.13263], [-97.75318, 30.13253], [-97.74575, 30.14332], [-97.73997, 30.14062], [-97.73765, 30.14426], [-97.73534, 30.14799], [-97.73541, 30.14863], [-97.73625, 30.14841], [-97.73664, 30.14892], [-97.73623, 30.15018], [-97.73605, 30.15073], [-97.73593, 30.15108], [-97.73581, 30.15144], [-97.7349, 30.15424], [-97.73489, 30.15427], [-97.7345, 30.15485], [-97.73502, 30.15526], [-97.73523, 30.1554], [-97.73525, 30.15601], [-97.73514, 30.15646], [-97.7351, 30.15655], [-97.73506, 30.15664], [-97.73503, 30.15678], [-97.73495, 30.15709], [-97.73495, 30.15742], [-97.7349, 30.1577], [-97.73515, 30.15823], [-97.73554, 30.15858], [-97.73587, 30.1589], [-97.73606, 30.15934], [-97.73612, 30.15952], [-97.73611, 30.15966], [-97.73611, 30.15984], [-97.73611, 30.15988], [-97.73611, 30.15995], [-97.73611, 30.16004], [-97.7361, 30.16012], [-97.73606, 30.16033], [-97.73602, 30.16084], [-97.73535, 30.16095], [-97.73512, 30.16085], [-97.73411, 30.16291], [-97.73406, 30.16308], [-97.73438, 30.16358], [-97.73504, 30.16484], [-97.73494, 30.16518], [-97.73454, 30.16563], [-97.73447, 30.16571], [-97.73442, 30.16581], [-97.73427, 30.16635], [-97.73426, 30.16693], [-97.73438, 30.16731], [-97.7345, 30.16766], [-97.73486, 30.16781], [-97.73536, 30.16782], [-97.73586, 30.16783], [-97.73609, 30.16789], [-97.73605, 30.16809], [-97.73726, 30.16902], [-97.73731, 30.16909], [-97.73886, 30.17126], [-97.7414, 30.17394], [-97.74147, 30.17322], [-97.74152, 30.17262], [-97.74197, 30.17173], [-97.74218, 30.17087], [-97.74269, 30.17047], [-97.74394, 30.17129], [-97.74537, 30.17195], [-97.74666, 30.17222], [-97.74847, 30.17251], [-97.74983, 30.17265], [-97.7502, 30.17282], [-97.75045, 30.1729], [-97.75073, 30.17298], [-97.75152, 30.17333], [-97.75305, 30.17389], [-97.75502, 30.17459], [-97.75492, 30.17491], [-97.75539, 30.17643], [-97.75542, 30.17644], [-97.75675, 30.17695], [-97.75855, 30.17763], [-97.76074, 30.17811], [-97.76293, 30.17859], [-97.76294, 30.1786], [-97.76299, 30.1786], [-97.76584, 30.17909], [-97.76626, 30.17917], [-97.76788, 30.17895], [-97.76989, 30.17867], [-97.76989, 30.17867], [-97.76991, 30.17868], [-97.77004, 30.17874], [-97.77186, 30.17951], [-97.77351, 30.18022], [-97.77492, 30.18078], [-97.77618, 30.18128], [-97.7766, 30.18064], [-97.77747, 30.17928], [-97.77701, 30.17914], [-97.77673, 30.17868], [-97.7765, 30.1786], [-97.77636, 30.17856], [-97.77636, 30.17841], [-97.77655, 30.17769], [-97.77642, 30.17746], [-97.7764, 30.17743], [-97.77573, 30.17756], [-97.77546, 30.1779], [-97.77492, 30.17778], [-97.77443, 30.17611], [-97.7745, 30.17486], [-97.77383, 30.17445], [-97.77332, 30.17445], [-97.77296, 30.17445], [-97.77141, 30.17406], [-97.77135, 30.17379], [-97.77112, 30.17367], [-97.77049, 30.17352], [-97.77, 30.1734], [-97.76996, 30.17337], [-97.76975, 30.17319], [-97.76982, 30.17258], [-97.77039, 30.17193], [-97.77054, 30.17176], [-97.77086, 30.17164], [-97.77069, 30.17045], [-97.77016, 30.17022], [-97.76853, 30.17054], [-97.76851, 30.17054], [-97.76707, 30.17023], [-97.767, 30.16987], [-97.76726, 30.16947], [-97.76737, 30.16942], [-97.76755, 30.16907], [-97.76812, 30.16819], [-97.76816, 30.16811], [-97.76813, 30.1679], [-97.7681, 30.16764], [-97.76815, 30.16732], [-97.76818, 30.16715], [-97.76819, 30.16692], [-97.76826, 30.16678], [-97.76826, 30.16669], [-97.7679, 30.16657], [-97.76736, 30.16702], [-97.76727, 30.16757], [-97.76664, 30.16781], [-97.7664, 30.16787], [-97.76614, 30.16789], [-97.76587, 30.168], [-97.76577, 30.16806], [-97.76566, 30.16817], [-97.76491, 30.16856], [-97.76427, 30.16821], [-97.76418, 30.16823], [-97.76424, 30.16811], [-97.76428, 30.16785], [-97.76435, 30.16756], [-97.76449, 30.16737], [-97.76466, 30.16711], [-97.76477, 30.16685], [-97.76468, 30.16656], [-97.76452, 30.16624], [-97.76429, 30.16592], [-97.76397, 30.16548], [-97.76375, 30.16501], [-97.7637, 30.16449], [-97.76375, 30.16403], [-97.76389, 30.1636], [-97.76395, 30.16352], [-97.76424, 30.16303], [-97.76445, 30.16263], [-97.76518, 30.16149], [-97.76569, 30.16086], [-97.76613, 30.16053], [-97.76661, 30.1601], [-97.76705, 30.15976], [-97.76776, 30.15952], [-97.76829, 30.15936], [-97.76889, 30.15928], [-97.76963, 30.15918], [-97.76963, 30.15918], [-97.77016, 30.15902], [-97.7704, 30.15879], [-97.77064, 30.15836], [-97.77082, 30.15802], [-97.77092, 30.15779], [-97.77099, 30.15774], [-97.77109, 30.15771], [-97.77114, 30.15765], [-97.77138, 30.15754], [-97.7716, 30.15737], [-97.77179, 30.1572], [-97.77224, 30.15715], [-97.7727, 30.1571], [-97.77333, 30.15713], [-97.77396, 30.1572], [-97.77426, 30.15723], [-97.77481, 30.15726], [-97.77512, 30.15737], [-97.7752, 30.1574], [-97.77527, 30.15743], [-97.77595, 30.15876], [-97.77596, 30.15876], [-97.77603, 30.15874], [-97.77612, 30.15871], [-97.7766, 30.15855], [-97.77762, 30.15807], [-97.77765, 30.15806], [-97.77789, 30.15796], [-97.77798, 30.15793], [-97.77812, 30.15791], [-97.77921, 30.15777], [-97.77967, 30.15771], [-97.78044, 30.1576], [-97.7822, 30.15743], [-97.78294, 30.15728], [-97.78437, 30.15657], [-97.78511, 30.15628], [-97.78603, 30.15597], [-97.78645, 30.15594], [-97.78665, 30.15604], [-97.78948, 30.15732], [-97.78988, 30.15751], [-97.78989, 30.15751], [-97.79011, 30.15756], [-97.79037, 30.15761], [-97.7906, 30.15766], [-97.7906, 30.15767], [-97.79033, 30.15864], [-97.79002, 30.15961], [-97.78978, 30.1603], [-97.78957, 30.16089], [-97.78909, 30.16218], [-97.78909, 30.16218], [-97.78909, 30.16219], [-97.79001, 30.16259], [-97.79163, 30.16338], [-97.79163, 30.16339], [-97.79157, 30.16377], [-97.791, 30.16705], [-97.79168, 30.1672], [-97.79296, 30.16747], [-97.79305, 30.16749], [-97.79315, 30.16751], [-97.7932, 30.16752], [-97.7935, 30.16765], [-97.79372, 30.16775], [-97.79435, 30.16806], [-97.79445, 30.16811], [-97.79453, 30.16817], [-97.79472, 30.16831], [-97.79582, 30.16926], [-97.79584, 30.16928], [-97.79585, 30.16928], [-97.79586, 30.16929], [-97.79753, 30.17072], [-97.79754, 30.17073], [-97.79956, 30.17246], [-97.79956, 30.17246], [-97.79956, 30.17246], [-97.79956, 30.17246], [-97.79956, 30.17246], [-97.80045, 30.17321], [-97.80067, 30.17331], [-97.80082, 30.17337], [-97.80109, 30.17349], [-97.80133, 30.1736], [-97.80134, 30.1736], [-97.80193, 30.1739], [-97.80251, 30.17403], [-97.80254, 30.17404], [-97.80257, 30.17404], [-97.80353, 30.17402], [-97.80413, 30.17403], [-97.80413, 30.17403], [-97.80424, 30.17404], [-97.80449, 30.17402], [-97.80495, 30.17402], [-97.80514, 30.17403], [-97.80589, 30.17404], [-97.80598, 30.17408], [-97.80639, 30.17407], [-97.80681, 30.17406], [-97.80739, 30.17405], [-97.80745, 30.174], [-97.80752, 30.17405], [-97.80927, 30.17402], [-97.80933, 30.17397], [-97.80943, 30.17404], [-97.81084, 30.17401], [-97.81093, 30.17395], [-97.81031, 30.17694], [-97.80937, 30.18151], [-97.80935, 30.1826], [-97.80935, 30.1826], [-97.81104, 30.18242], [-97.81104, 30.18242], [-97.81161, 30.18241], [-97.81238, 30.18237], [-97.81262, 30.18236], [-97.81276, 30.18233], [-97.81285, 30.18231], [-97.81295, 30.1823], [-97.8147, 30.18227], [-97.81522, 30.18221], [-97.81291, 30.18554]]]]}, "properties": {"campus_id": 12, "campus_name": "Paredes", "role": "closing_and_receiving", "role_label": "Closing, and taking students", "school_type": "middle"}}, {"type": "Feature", "geometry": {"type": "MultiPolygon", "coordinates": [[[[-97.71281, 30.27132], [-97.71326, 30.27232], [-97.71347, 30.27256], [-97.7137, 30.27284], [-97.71379, 30.27295], [-97.71379, 30.27295], [-97.71388, 30.273], [-97.71462, 30.27342], [-97.71464, 30.27343], [-97.71553, 30.27377], [-97.71553, 30.27377], [-97.71557, 30.27378], [-97.71561, 30.27383], [-97.71598, 30.27436], [-97.71598, 30.27436], [-97.71698, 30.27422], [-97.71698, 30.27422], [-97.71795, 30.27409], [-97.71795, 30.27409], [-97.71888, 30.27392], [-97.71888, 30.27392], [-97.71991, 30.27379], [-97.71992, 30.27379], [-97.72089, 30.27366], [-97.72196, 30.2735], [-97.72196, 30.2735], [-97.72385, 30.27317], [-97.72385, 30.27317], [-97.72385, 30.27317], [-97.72405, 30.27413], [-97.72405, 30.27413], [-97.72418, 30.27466], [-97.72429, 30.27516], [-97.72429, 30.27516], [-97.72541, 30.27498], [-97.72541, 30.27498], [-97.72694, 30.27475], [-97.72694, 30.27475], [-97.7282, 30.27455], [-97.7282, 30.27455], [-97.7282, 30.27455], [-97.72824, 30.27466], [-97.72824, 30.27466], [-97.72936, 30.27446], [-97.72936, 30.27446], [-97.73045, 30.27428], [-97.7306, 30.27424], [-97.7306, 30.27424], [-97.73109, 30.27421], [-97.73134, 30.27328], [-97.73145, 30.27298], [-97.73145, 30.27298], [-97.73168, 30.27241], [-97.73189, 30.27187], [-97.73189, 30.27187], [-97.73248, 30.27033], [-97.73248, 30.27033], [-97.73169, 30.27009], [-97.73149, 30.27003], [-97.73149, 30.27003], [-97.73149, 30.27003], [-97.73127, 30.26995], [-97.73127, 30.26995], [-97.73084, 30.26978], [-97.73083, 30.26978], [-97.73039, 30.26962], [-97.73019, 30.26954], [-97.73019, 30.26954], [-97.73001, 30.26947], [-97.73001, 30.26947], [-97.72936, 30.26923], [-97.72936, 30.26923], [-97.72883, 30.26906], [-97.72786, 30.26869], [-97.72786, 30.26869], [-97.72741, 30.2685], [-97.72741, 30.2685], [-97.72692, 30.26839], [-97.72692, 30.26839], [-97.7265, 30.26821], [-97.72635, 30.26815], [-97.72619, 30.26809], [-97.72538, 30.26781], [-97.72489, 30.26764], [-97.72451, 30.26745], [-97.72451, 30.26745], [-97.72451, 30.26745], [-97.7249, 30.2666], [-97.72511, 30.26617], [-97.72529, 30.2657], [-97.72496, 30.26561], [-97.72431, 30.2654], [-97.72431, 30.2654], [-97.72333, 30.26505], [-97.72333, 30.26504], [-97.72333, 30.26504], [-97.72136, 30.2642], [-97.72136, 30.2642], [-97.72136, 30.2642], [-97.7201, 30.26391], [-97.7201, 30.26391], [-97.71889, 30.26363], [-97.71889, 30.26363], [-97.71774, 30.26341], [-97.71774, 30.26341], [-97.71688, 30.26377], [-97.71688, 30.26377], [-97.71578, 30.26427], [-97.71578, 30.26427], [-97.71577, 30.26427], [-97.71466, 30.2648], [-97.71466, 30.2648], [-97.71354, 30.2653], [-97.71354, 30.26531], [-97.71329, 30.26533], [-97.71301, 30.26564], [-97.71328, 30.26595], [-97.71388, 30.2665], [-97.7142, 30.26663], [-97.71447, 30.26703], [-97.71476, 30.26744], [-97.71484, 30.26764], [-97.71496, 30.26791], [-97.71503, 30.26794], [-97.71506, 30.26806], [-97.71503, 30.26826], [-97.71448, 30.26858], [-97.71452, 30.2688], [-97.71482, 30.26889], [-97.71486, 30.26912], [-97.71454, 30.26935], [-97.71449, 30.26959], [-97.71444, 30.26966], [-97.71432, 30.26969], [-97.71346, 30.27061], [-97.71345, 30.27062], [-97.71283, 30.27129], [-97.71281, 30.27132]]]]}, "properties": {"campus_id": 13, "campus_name": "Blackshear", "role": "closing_and_receiving", "role_label": "Closing, and taking students", "school_type": "elementary"}}, {"type": "Feature", "geometry": {"type": "MultiPolygon", "coordinates": [[[[-97.76021, 30.22965], [-97.76022, 30.22965], [-97.76137, 30.23017], [-97.76387, 30.23144], [-97.76388, 30.23144], [-97.76574, 30.23241], [-97.76601, 30.23201], [-97.76601, 30.23201], [-97.76843, 30.23321], [-97.76843, 30.23321], [-97.76844, 30.23321], [-97.76949, 30.23373], [-97.76951, 30.23374], [-97.77083, 30.23436], [-97.77087, 30.23438], [-97.77087, 30.23438], [-97.77304, 30.2352], [-97.77354, 30.23539], [-97.77374, 30.23543], [-97.77376, 30.23537], [-97.77471, 30.2353], [-97.77477, 30.2353], [-97.77617, 30.2352], [-97.77618, 30.23519], [-97.77819, 30.23522], [-97.77821, 30.23522], [-97.77828, 30.23514], [-97.77846, 30.23493], [-97.77846, 30.23491], [-97.77871, 30.23444], [-97.7792, 30.23369], [-97.77981, 30.23369], [-97.78064, 30.23329], [-97.78149, 30.23288], [-97.7804, 30.23179], [-97.78066, 30.23112], [-97.78141, 30.23028], [-97.78105, 30.22951], [-97.78209, 30.23002], [-97.78298, 30.23045], [-97.78298, 30.23045], [-97.78381, 30.22916], [-97.78381, 30.22915], [-97.78408, 30.22874], [-97.78408, 30.22874], [-97.78278, 30.22844], [-97.78277, 30.22844], [-97.78252, 30.22838], [-97.78226, 30.22833], [-97.78209, 30.2283], [-97.78189, 30.22827], [-97.78176, 30.22825], [-97.78174, 30.22825], [-97.78135, 30.2282], [-97.78131, 30.22819], [-97.78102, 30.22818], [-97.7808, 30.22817], [-97.77997, 30.22812], [-97.77991, 30.22811], [-97.77988, 30.22809], [-97.77987, 30.22808], [-97.77985, 30.22806], [-97.77984, 30.22802], [-97.77984, 30.22791], [-97.77984, 30.22791], [-97.77938, 30.22789], [-97.77933, 30.22789], [-97.77933, 30.22789], [-97.77925, 30.22788], [-97.77894, 30.22788], [-97.77647, 30.22782], [-97.77635, 30.22782], [-97.77633, 30.22782], [-97.77519, 30.22779], [-97.77447, 30.22778], [-97.77241, 30.22773], [-97.77047, 30.22721], [-97.76955, 30.22696], [-97.76925, 30.22688], [-97.76925, 30.22688], [-97.76922, 30.22687], [-97.76921, 30.22687], [-97.76796, 30.22629], [-97.7677, 30.22614], [-97.76762, 30.2261], [-97.76757, 30.22607], [-97.76751, 30.22604], [-97.76744, 30.22599], [-97.76704, 30.22574], [-97.76612, 30.2251], [-97.76603, 30.22505], [-97.76573, 30.22485], [-97.76548, 30.22467], [-97.76524, 30.22451], [-97.76512, 30.22443], [-97.76499, 30.22434], [-97.76486, 30.22426], [-97.76474, 30.22418], [-97.76466, 30.22412], [-97.76461, 30.22409], [-97.76454, 30.22403], [-97.76449, 30.224], [-97.76422, 30.22382], [-97.76422, 30.22381], [-97.76421, 30.22381], [-97.76361, 30.22341], [-97.7636, 30.22341], [-97.7638, 30.22311], [-97.7638, 30.22311], [-97.76384, 30.22304], [-97.76384, 30.22304], [-97.7639, 30.22294], [-97.76396, 30.22285], [-97.76396, 30.22285], [-97.76406, 30.22268], [-97.76418, 30.22248], [-97.76418, 30.22248], [-97.76483, 30.22137], [-97.76483, 30.22137], [-97.76491, 30.2213], [-97.76538, 30.22059], [-97.76553, 30.22036], [-97.76568, 30.22011], [-97.76688, 30.21822], [-97.76688, 30.21821], [-97.76688, 30.21821], [-97.76731, 30.21748], [-97.76731, 30.21748], [-97.76731, 30.21748], [-97.76878, 30.21516], [-97.76878, 30.21516], [-97.76878, 30.21516], [-97.77083, 30.21194], [-97.77149, 30.21091], [-97.77047, 30.21075], [-97.76977, 30.20961], [-97.76974, 30.20905], [-97.77033, 30.20767], [-97.77077, 30.20586], [-97.77034, 30.2055], [-97.7695, 30.20496], [-97.76857, 30.20457], [-97.76758, 30.20428], [-97.76686, 30.20389], [-97.76601, 30.20345], [-97.76566, 30.20326], [-97.76416, 30.20309], [-97.762, 30.20267], [-97.76091, 30.20296], [-97.76091, 30.20296], [-97.76072, 30.2028], [-97.7605, 30.2026], [-97.76038, 30.2025], [-97.76033, 30.20245], [-97.75955, 30.2034], [-97.75795, 30.20532], [-97.75793, 30.20535], [-97.75786, 30.20544], [-97.75786, 30.20544], [-97.75786, 30.20544], [-97.75784, 30.20547], [-97.75678, 30.20688], [-97.75622, 30.20767], [-97.75577, 30.2084], [-97.75473, 30.21011], [-97.75391, 30.21134], [-97.75364, 30.21173], [-97.75294, 30.2128], [-97.75214, 30.21408], [-97.7521, 30.21414], [-97.7521, 30.21414], [-97.7521, 30.21414], [-97.75192, 30.21444], [-97.75172, 30.21478], [-97.75139, 30.21529], [-97.75127, 30.21552], [-97.75126, 30.21552], [-97.75125, 30.21555], [-97.75116, 30.21571], [-97.75148, 30.21582], [-97.75155, 30.21585], [-97.75168, 30.21589], [-97.75185, 30.21593], [-97.75185, 30.21593], [-97.75196, 30.21596], [-97.75198, 30.21597], [-97.75207, 30.21601], [-97.75213, 30.21605], [-97.75217, 30.21612], [-97.75219, 30.21619], [-97.7522, 30.21635], [-97.7522, 30.21637], [-97.7522, 30.21641], [-97.75218, 30.21645], [-97.75217, 30.21646], [-97.75201, 30.21671], [-97.75182, 30.21703], [-97.75149, 30.21757], [-97.75146, 30.2176], [-97.75027, 30.21913], [-97.75021, 30.21921], [-97.74878, 30.22165], [-97.7477, 30.22349], [-97.7477, 30.2235], [-97.7477, 30.2235], [-97.74857, 30.22418], [-97.74883, 30.22435], [-97.7512, 30.22539], [-97.7512, 30.2254], [-97.7512, 30.2254], [-97.75313, 30.22629], [-97.75313, 30.22629], [-97.75313, 30.22629], [-97.75409, 30.22676], [-97.75459, 30.22699], [-97.75459, 30.22699], [-97.7546, 30.22699], [-97.75472, 30.22705], [-97.75636, 30.22782], [-97.75637, 30.22782], [-97.75868, 30.22889], [-97.75869, 30.22889], [-97.76021, 30.22965]]]]}, "properties": {"campus_id": 14, "campus_name": "Galindo", "role": "receiving", "role_label": "Receiving students", "school_type": "elementary"}}, {"type": "Feature", "geometry": {"type": "MultiPolygon", "coordinates": [[[[-97.75628, 30.26652], [-97.76235, 30.26726], [-97.76235, 30.26726], [-97.76275, 30.26691], [-97.76276, 30.2669], [-97.76348, 30.2665], [-97.76349, 30.2665], [-97.76432, 30.26636], [-97.76454, 30.26633], [-97.76499, 30.26478], [-97.76499, 30.26477], [-97.76499, 30.26477], [-97.76499, 30.26477], [-97.76607, 30.26401], [-97.76621, 30.2638], [-97.76696, 30.26271], [-97.76767, 30.26215], [-97.76768, 30.26215], [-97.76806, 30.26192], [-97.76832, 30.26178], [-97.76889, 30.26168], [-97.76889, 30.26168], [-97.77007, 30.26131], [-97.77083, 30.26081], [-97.77083, 30.26081], [-97.77088, 30.26074], [-97.77137, 30.26003], [-97.77139, 30.26001], [-97.77142, 30.25999], [-97.77181, 30.2597], [-97.77203, 30.25953], [-97.77224, 30.25937], [-97.77227, 30.25935], [-97.77272, 30.25896], [-97.77277, 30.25892], [-97.77283, 30.258], [-97.77283, 30.258], [-97.77338, 30.25783], [-97.77376, 30.25765], [-97.77425, 30.25733], [-97.7743, 30.25731], [-97.77472, 30.25709], [-97.77473, 30.25708], [-97.77474, 30.25708], [-97.77488, 30.25701], [-97.77521, 30.25689], [-97.7753, 30.25686], [-97.77551, 30.2567], [-97.77638, 30.2556], [-97.77655, 30.25536], [-97.77655, 30.25536], [-97.77705, 30.25473], [-97.77705, 30.25473], [-97.77848, 30.25288], [-97.77848, 30.25288], [-97.77906, 30.25206], [-97.77952, 30.25121], [-97.77961, 30.25085], [-97.77961, 30.25085], [-97.77999, 30.25024], [-97.77999, 30.25024], [-97.78039, 30.24966], [-97.78039, 30.24966], [-97.78039, 30.24966], [-97.78046, 30.24955], [-97.78087, 30.24891], [-97.78087, 30.24891], [-97.78129, 30.24827], [-97.78129, 30.24827], [-97.78157, 30.24788], [-97.78176, 30.24779], [-97.78139, 30.24629], [-97.78077, 30.24603], [-97.78019, 30.24561], [-97.77985, 30.24536], [-97.77985, 30.24535], [-97.78092, 30.2446], [-97.7814, 30.24426], [-97.7814, 30.24426], [-97.78167, 30.24262], [-97.78167, 30.24262], [-97.78223, 30.24175], [-97.78219, 30.24085], [-97.78219, 30.24085], [-97.78216, 30.2403], [-97.78232, 30.23974], [-97.78232, 30.23974], [-97.78297, 30.23844], [-97.78297, 30.23844], [-97.78276, 30.23836], [-97.78208, 30.23811], [-97.78205, 30.23809], [-97.78171, 30.23789], [-97.78171, 30.23789], [-97.7827, 30.23626], [-97.78245, 30.23583], [-97.78171, 30.23583], [-97.78122, 30.23589], [-97.77963, 30.23497], [-97.77871, 30.23444], [-97.77846, 30.23491], [-97.77846, 30.23493], [-97.77828, 30.23514], [-97.77821, 30.23522], [-97.77819, 30.23522], [-97.77618, 30.23519], [-97.77617, 30.2352], [-97.77477, 30.2353], [-97.77471, 30.2353], [-97.77376, 30.23537], [-97.77374, 30.23543], [-97.77383, 30.23545], [-97.77316, 30.23737], [-97.77164, 30.24177], [-97.7714, 30.24246], [-97.7713, 30.24274], [-97.77121, 30.24293], [-97.77031, 30.24481], [-97.76947, 30.24561], [-97.76902, 30.24602], [-97.76651, 30.24782], [-97.76644, 30.24788], [-97.76534, 30.24868], [-97.7649, 30.24915], [-97.76408, 30.25001], [-97.76406, 30.25004], [-97.76335, 30.25078], [-97.76208, 30.25224], [-97.76202, 30.25231], [-97.76178, 30.25258], [-97.7601, 30.25539], [-97.75846, 30.25812], [-97.75692, 30.26057], [-97.75638, 30.26144], [-97.75514, 30.26373], [-97.75507, 30.26386], [-97.75416, 30.26555], [-97.75626, 30.26651], [-97.75628, 30.26652]]]]}, "properties": {"campus_id": 15, "campus_name": "Zilker", "role": "receiving", "role_label": "Receiving students", "school_type": "elementary"}}, {"type": "Feature", "geometry": {"type": "MultiPolygon", "coordinates": [[[[-97.69322, 30.36983], [-97.69552, 30.37093], [-97.69629, 30.3696], [-97.6963, 30.3696], [-97.69842, 30.366], [-97.69842, 30.366], [-97.69923, 30.36637], [-97.7002, 30.36681], [-97.70063, 30.36701], [-97.70064, 30.36701], [-97.70327, 30.36821], [-97.70402, 30.36856], [-97.70403, 30.36856], [-97.70403, 30.36856], [-97.70466, 30.36885], [-97.70551, 30.36925], [-97.70584, 30.36816], [-97.70608, 30.36772], [-97.70625, 30.36741], [-97.70625, 30.36741], [-97.70627, 30.36738], [-97.70628, 30.36737], [-97.70619, 30.36733], [-97.70582, 30.36714], [-97.70545, 30.36698], [-97.70522, 30.36692], [-97.70514, 30.3669], [-97.7051, 30.36689], [-97.70509, 30.36689], [-97.70434, 30.36657], [-97.70309, 30.36597], [-97.70303, 30.36594], [-97.70174, 30.36533], [-97.70168, 30.3653], [-97.70167, 30.36529], [-97.70166, 30.36529], [-97.70165, 30.36529], [-97.7016, 30.36526], [-97.70083, 30.36489], [-97.69991, 30.36444], [-97.69991, 30.36444], [-97.69981, 30.3644], [-97.69908, 30.36405], [-97.69905, 30.36403], [-97.69906, 30.36403], [-97.69943, 30.36385], [-97.69966, 30.36289], [-97.6997, 30.36269], [-97.69971, 30.36267], [-97.69971, 30.36266], [-97.70024, 30.36244], [-97.70121, 30.36206], [-97.70122, 30.36205], [-97.70121, 30.36203], [-97.70111, 30.36152], [-97.70109, 30.36139], [-97.70104, 30.36114], [-97.70105, 30.36112], [-97.69989, 30.36065], [-97.69865, 30.36012], [-97.69865, 30.36012], [-97.69809, 30.36112], [-97.69809, 30.36112], [-97.69701, 30.36306], [-97.69699, 30.3631], [-97.69697, 30.36314], [-97.69696, 30.36316], [-97.6969, 30.36313], [-97.69596, 30.36261], [-97.69561, 30.36243], [-97.6956, 30.36243], [-97.6956, 30.36242], [-97.69548, 30.36236], [-97.6949, 30.36198], [-97.69439, 30.36168], [-97.6943, 30.36162], [-97.69424, 30.36157], [-97.69418, 30.36151], [-97.69359, 30.36097], [-97.69345, 30.36093], [-97.69337, 30.3609], [-97.69329, 30.36084], [-97.69295, 30.3606], [-97.69251, 30.36038], [-97.69219, 30.36021], [-97.69208, 30.36016], [-97.69185, 30.36011], [-97.69178, 30.36009], [-97.69177, 30.36009], [-97.69171, 30.36005], [-97.69141, 30.35986], [-97.69136, 30.35982], [-97.69096, 30.35963], [-97.69095, 30.35962], [-97.69076, 30.35953], [-97.6903, 30.35931], [-97.68963, 30.35897], [-97.68961, 30.35896], [-97.68944, 30.35887], [-97.68856, 30.35843], [-97.68855, 30.35843], [-97.68855, 30.35843], [-97.68814, 30.35823], [-97.68807, 30.35819], [-97.68804, 30.35823], [-97.68798, 30.35832], [-97.68687, 30.3601], [-97.68601, 30.36144], [-97.68437, 30.36409], [-97.68445, 30.36413], [-97.68461, 30.36421], [-97.68464, 30.36422], [-97.68564, 30.3647], [-97.68633, 30.36506], [-97.68689, 30.36535], [-97.68732, 30.36558], [-97.68792, 30.36589], [-97.68795, 30.3659], [-97.6907, 30.36731], [-97.69243, 30.36802], [-97.69361, 30.36851], [-97.69389, 30.36862], [-97.69322, 30.36983]]]]}, "properties": {"campus_id": 16, "campus_name": "Guerrero Thompson", "role": "receiving", "role_label": "Receiving students", "school_type": "elementary"}}, {"type": "Feature", "geometry": {"type": "MultiPolygon", "coordinates": [[[[-97.70545, 30.36698], [-97.70582, 30.36714], [-97.70619, 30.36733], [-97.70628, 30.36737], [-97.70635, 30.3674], [-97.70683, 30.36763], [-97.70714, 30.36776], [-97.70734, 30.36784], [-97.70755, 30.36794], [-97.70766, 30.36799], [-97.70796, 30.36807], [-97.70818, 30.36813], [-97.70821, 30.36813], [-97.70823, 30.36814], [-97.70827, 30.36815], [-97.70857, 30.36823], [-97.70898, 30.36843], [-97.70907, 30.36848], [-97.70915, 30.36852], [-97.70978, 30.36882], [-97.70985, 30.36885], [-97.70982, 30.3689], [-97.70988, 30.36896], [-97.71041, 30.36925], [-97.7106, 30.36929], [-97.71069, 30.36938], [-97.7113, 30.36967], [-97.71148, 30.3697], [-97.71159, 30.3698], [-97.71185, 30.36993], [-97.71218, 30.37009], [-97.71232, 30.3701], [-97.71237, 30.37019], [-97.71269, 30.37036], [-97.71276, 30.37025], [-97.71358, 30.36901], [-97.7138, 30.36907], [-97.714, 30.36875], [-97.71416, 30.36877], [-97.71399, 30.36809], [-97.71586, 30.36524], [-97.71654, 30.3653], [-97.71654, 30.36529], [-97.71731, 30.36561], [-97.71783, 30.36555], [-97.71779, 30.36529], [-97.71777, 30.36512], [-97.71775, 30.36499], [-97.71772, 30.36485], [-97.71769, 30.36472], [-97.71759, 30.36435], [-97.71758, 30.36434], [-97.71758, 30.36432], [-97.71748, 30.36399], [-97.71735, 30.36353], [-97.71727, 30.36327], [-97.71727, 30.36326], [-97.71695, 30.36209], [-97.71683, 30.3617], [-97.71669, 30.36111], [-97.71658, 30.36075], [-97.71649, 30.36049], [-97.71648, 30.36049], [-97.71617, 30.35941], [-97.71603, 30.35881], [-97.71581, 30.3581], [-97.71572, 30.35784], [-97.71561, 30.35744], [-97.71548, 30.35702], [-97.71548, 30.35701], [-97.71509, 30.35571], [-97.71508, 30.35565], [-97.71507, 30.35565], [-97.71468, 30.35447], [-97.71429, 30.35333], [-97.71427, 30.35325], [-97.71426, 30.35323], [-97.71421, 30.35311], [-97.7142, 30.3531], [-97.7142, 30.35309], [-97.71405, 30.35283], [-97.71396, 30.35267], [-97.71383, 30.3524], [-97.71374, 30.35217], [-97.71367, 30.35199], [-97.71361, 30.35182], [-97.71348, 30.3515], [-97.71329, 30.35092], [-97.71325, 30.35078], [-97.71306, 30.35011], [-97.71272, 30.34875], [-97.71254, 30.34836], [-97.71253, 30.34836], [-97.71253, 30.34835], [-97.71253, 30.3479], [-97.71258, 30.34767], [-97.7126, 30.34756], [-97.71254, 30.34763], [-97.71242, 30.34778], [-97.71223, 30.348], [-97.71173, 30.34861], [-97.71139, 30.34894], [-97.71135, 30.34898], [-97.71022, 30.35009], [-97.70916, 30.35081], [-97.70728, 30.35212], [-97.70564, 30.35336], [-97.70407, 30.35453], [-97.70382, 30.35471], [-97.70294, 30.35534], [-97.70269, 30.3555], [-97.70127, 30.35657], [-97.70039, 30.35728], [-97.70011, 30.35765], [-97.69968, 30.35826], [-97.6995, 30.35859], [-97.69928, 30.35898], [-97.69865, 30.36012], [-97.69989, 30.36065], [-97.70105, 30.36112], [-97.70104, 30.36114], [-97.70109, 30.36139], [-97.70111, 30.36152], [-97.70121, 30.36203], [-97.70122, 30.36205], [-97.70121, 30.36206], [-97.70024, 30.36244], [-97.69971, 30.36266], [-97.69971, 30.36267], [-97.6997, 30.36269], [-97.69966, 30.36289], [-97.69943, 30.36385], [-97.69906, 30.36403], [-97.69908, 30.36405], [-97.69981, 30.3644], [-97.69991, 30.36444], [-97.70083, 30.36489], [-97.7016, 30.36526], [-97.70165, 30.36529], [-97.70166, 30.36529], [-97.70167, 30.36529], [-97.70168, 30.3653], [-97.70174, 30.36533], [-97.70303, 30.36594], [-97.70309, 30.36597], [-97.70434, 30.36657], [-97.70509, 30.36689], [-97.7051, 30.36689], [-97.70514, 30.3669], [-97.70522, 30.36692], [-97.70545, 30.36698]]]]}, "properties": {"campus_id": 17, "campus_name": "Wooldridge", "role": "receiving", "role_label": "Receiving students", "school_type": "elementary"}}, {"type": "Feature", "geometry": {"type": "MultiPolygon", "coordinates": [[[[-97.73504, 30.21542], [-97.73497, 30.21553], [-97.73881, 30.21609], [-97.73881, 30.21609], [-97.73984, 30.21621], [-97.74112, 30.21631], [-97.74402, 30.21654], [-97.74402, 30.21654], [-97.74525, 30.2166], [-97.74611, 30.21658], [-97.74638, 30.21657], [-97.74711, 30.21645], [-97.74745, 30.21639], [-97.74782, 30.21633], [-97.74856, 30.21614], [-97.74877, 30.21609], [-97.74912, 30.216], [-97.74939, 30.21593], [-97.75019, 30.21575], [-97.75034, 30.21572], [-97.75042, 30.2157], [-97.75051, 30.21569], [-97.7506, 30.21569], [-97.75074, 30.21569], [-97.75079, 30.21569], [-97.75086, 30.21569], [-97.75114, 30.21571], [-97.75116, 30.21571], [-97.75125, 30.21555], [-97.75126, 30.21552], [-97.75127, 30.21552], [-97.75139, 30.21529], [-97.75172, 30.21478], [-97.75192, 30.21444], [-97.7521, 30.21414], [-97.7521, 30.21414], [-97.7521, 30.21414], [-97.75214, 30.21408], [-97.75294, 30.2128], [-97.75364, 30.21173], [-97.75391, 30.21134], [-97.75473, 30.21011], [-97.75577, 30.2084], [-97.75622, 30.20767], [-97.75678, 30.20688], [-97.75784, 30.20547], [-97.75786, 30.20544], [-97.75576, 30.20603], [-97.75473, 30.20749], [-97.75208, 30.20619], [-97.75326, 30.20434], [-97.75359, 30.20383], [-97.75378, 30.20354], [-97.75394, 30.2033], [-97.75319, 30.20274], [-97.75317, 30.20273], [-97.75235, 30.20213], [-97.75235, 30.20213], [-97.75235, 30.20213], [-97.7523, 30.2021], [-97.7523, 30.20209], [-97.75145, 30.20148], [-97.75145, 30.20147], [-97.75153, 30.20138], [-97.75159, 30.20131], [-97.75165, 30.20122], [-97.7517, 30.20108], [-97.75194, 30.2001], [-97.75219, 30.19933], [-97.75237, 30.19855], [-97.75237, 30.19854], [-97.75265, 30.19776], [-97.75265, 30.19776], [-97.75255, 30.19774], [-97.75255, 30.19774], [-97.75255, 30.19774], [-97.75215, 30.19765], [-97.75205, 30.19763], [-97.7519, 30.19759], [-97.75188, 30.19759], [-97.75164, 30.19754], [-97.7515, 30.19751], [-97.75124, 30.1975], [-97.75115, 30.19748], [-97.75112, 30.19747], [-97.7508, 30.1974], [-97.75058, 30.1973], [-97.75012, 30.19705], [-97.74969, 30.19685], [-97.74964, 30.19683], [-97.7496, 30.19683], [-97.74913, 30.19683], [-97.74902, 30.19682], [-97.74901, 30.19681], [-97.74896, 30.1968], [-97.7489, 30.19679], [-97.7489, 30.19678], [-97.74881, 30.19675], [-97.74877, 30.19673], [-97.74872, 30.1967], [-97.74868, 30.19668], [-97.74903, 30.19616], [-97.74903, 30.19616], [-97.74974, 30.19503], [-97.74976, 30.1946], [-97.74976, 30.19459], [-97.74974, 30.19388], [-97.74974, 30.19374], [-97.74973, 30.19371], [-97.74973, 30.1937], [-97.74973, 30.19369], [-97.74972, 30.19364], [-97.74963, 30.19323], [-97.74962, 30.19319], [-97.74962, 30.19318], [-97.74946, 30.1932], [-97.74938, 30.19321], [-97.74876, 30.19325], [-97.74722, 30.19338], [-97.7471, 30.19339], [-97.74586, 30.19347], [-97.7448, 30.19352], [-97.7447, 30.19353], [-97.74459, 30.19353], [-97.7445, 30.19354], [-97.7429, 30.19358], [-97.74161, 30.19359], [-97.74158, 30.19398], [-97.74158, 30.19398], [-97.74121, 30.19403], [-97.74114, 30.19405], [-97.74111, 30.19405], [-97.74111, 30.19405], [-97.74108, 30.19405], [-97.74043, 30.19393], [-97.73967, 30.19363], [-97.73923, 30.19343], [-97.73912, 30.19338], [-97.73892, 30.19328], [-97.73889, 30.19327], [-97.73886, 30.19326], [-97.73886, 30.19326], [-97.73885, 30.19328], [-97.73879, 30.19337], [-97.73824, 30.19426], [-97.73779, 30.195], [-97.73777, 30.19503], [-97.73734, 30.19567], [-97.73728, 30.19575], [-97.73727, 30.19577], [-97.73727, 30.19577], [-97.73721, 30.19587], [-97.73545, 30.19873], [-97.73544, 30.19875], [-97.73351, 30.20187], [-97.73337, 30.20208], [-97.73302, 30.20264], [-97.73308, 30.2028], [-97.73333, 30.20336], [-97.73335, 30.2034], [-97.73322, 30.20334], [-97.72878, 30.20128], [-97.72754, 30.20289], [-97.72768, 30.20305], [-97.72837, 30.20385], [-97.72531, 30.20963], [-97.7253, 30.20965], [-97.72689, 30.21042], [-97.73027, 30.21204], [-97.73188, 30.21281], [-97.73552, 30.21456], [-97.73555, 30.21457], [-97.73535, 30.21494], [-97.7353, 30.21503], [-97.7353, 30.21503], [-97.73521, 30.21516], [-97.73504, 30.21542]]]]}, "properties": {"campus_id": 18, "campus_name": "Rodriguez", "role": "receiving", "role_label": "Receiving students", "school_type": "elementary"}}, {"type": "Feature", "geometry": {"type": "MultiPolygon", "coordinates": [[[[-97.70428, 30.33283], [-97.70429, 30.33283], [-97.70448, 30.33293], [-97.70454, 30.33296], [-97.70454, 30.33296], [-97.70488, 30.33312], [-97.70576, 30.33355], [-97.70576, 30.33355], [-97.70722, 30.33428], [-97.70722, 30.33428], [-97.70783, 30.33457], [-97.70783, 30.33457], [-97.70783, 30.33457], [-97.70806, 30.33467], [-97.70883, 30.33509], [-97.70883, 30.33509], [-97.7089, 30.33513], [-97.70891, 30.33513], [-97.70968, 30.3355], [-97.71031, 30.33579], [-97.71088, 30.33606], [-97.71088, 30.33606], [-97.71205, 30.33666], [-97.71205, 30.33666], [-97.71205, 30.33666], [-97.71226, 30.33676], [-97.71442, 30.33783], [-97.71442, 30.33783], [-97.71549, 30.33829], [-97.71785, 30.33941], [-97.71886, 30.33772], [-97.7189, 30.33766], [-97.71891, 30.33765], [-97.71893, 30.33762], [-97.71911, 30.33736], [-97.71956, 30.33671], [-97.71956, 30.3367], [-97.72017, 30.33569], [-97.72017, 30.33569], [-97.72125, 30.334], [-97.72125, 30.334], [-97.72125, 30.33399], [-97.72218, 30.33255], [-97.72219, 30.33254], [-97.72276, 30.33165], [-97.72276, 30.33165], [-97.72277, 30.33164], [-97.72354, 30.33038], [-97.72355, 30.33038], [-97.72371, 30.33012], [-97.72371, 30.33012], [-97.7252, 30.32781], [-97.72634, 30.32595], [-97.72634, 30.32595], [-97.72634, 30.32594], [-97.72663, 30.3255], [-97.72808, 30.32322], [-97.72808, 30.32322], [-97.72826, 30.32295], [-97.72826, 30.32295], [-97.72874, 30.32215], [-97.72882, 30.32201], [-97.72883, 30.32201], [-97.7294, 30.32109], [-97.7294, 30.32109], [-97.72847, 30.32066], [-97.72847, 30.32066], [-97.72697, 30.31996], [-97.72696, 30.31995], [-97.72492, 30.31901], [-97.72492, 30.31901], [-97.72471, 30.31891], [-97.72465, 30.31889], [-97.72463, 30.31887], [-97.72445, 30.31879], [-97.72215, 30.31771], [-97.72202, 30.31769], [-97.72158, 30.31778], [-97.72146, 30.3178], [-97.72135, 30.31778], [-97.72119, 30.31771], [-97.72119, 30.31771], [-97.72029, 30.31727], [-97.72029, 30.31727], [-97.71942, 30.31688], [-97.71942, 30.31687], [-97.71854, 30.31643], [-97.71853, 30.31642], [-97.71765, 30.31599], [-97.71765, 30.31599], [-97.71675, 30.31556], [-97.71675, 30.31556], [-97.71671, 30.31554], [-97.71555, 30.31496], [-97.71553, 30.31495], [-97.71495, 30.31507], [-97.71464, 30.31503], [-97.71463, 30.31503], [-97.71463, 30.31503], [-97.7128, 30.31875], [-97.7128, 30.31876], [-97.71267, 30.31943], [-97.71265, 30.31951], [-97.71265, 30.31961], [-97.71263, 30.31977], [-97.71263, 30.31984], [-97.71262, 30.3199], [-97.71263, 30.31991], [-97.71264, 30.32001], [-97.71264, 30.32001], [-97.71264, 30.32005], [-97.71265, 30.3201], [-97.71269, 30.32022], [-97.71271, 30.3203], [-97.71271, 30.3203], [-97.71274, 30.32039], [-97.71275, 30.3204], [-97.71276, 30.32044], [-97.71277, 30.32045], [-97.71278, 30.32049], [-97.71283, 30.32057], [-97.71291, 30.3207], [-97.71292, 30.32072], [-97.71296, 30.32078], [-97.71298, 30.32081], [-97.713, 30.32086], [-97.713, 30.32086], [-97.71306, 30.32093], [-97.71307, 30.32094], [-97.713, 30.32096], [-97.71296, 30.32097], [-97.7129, 30.32099], [-97.71248, 30.3211], [-97.71241, 30.32111], [-97.7124, 30.32112], [-97.71105, 30.32147], [-97.71075, 30.32155], [-97.70973, 30.32182], [-97.70943, 30.3219], [-97.70929, 30.32193], [-97.70916, 30.32198], [-97.70897, 30.32204], [-97.70866, 30.32214], [-97.70819, 30.32226], [-97.70779, 30.32237], [-97.70743, 30.32246], [-97.70743, 30.32247], [-97.70688, 30.32259], [-97.70688, 30.32259], [-97.70658, 30.32259], [-97.70657, 30.32259], [-97.70655, 30.32259], [-97.70613, 30.32259], [-97.70597, 30.32259], [-97.70319, 30.32259], [-97.70303, 30.32254], [-97.70245, 30.32236], [-97.70176, 30.32214], [-97.70175, 30.32213], [-97.7011, 30.32207], [-97.69978, 30.32193], [-97.69857, 30.3218], [-97.69599, 30.32154], [-97.6956, 30.3215], [-97.69549, 30.32149], [-97.6954, 30.32148], [-97.69535, 30.32147], [-97.69538, 30.32136], [-97.69527, 30.32136], [-97.69513, 30.32135], [-97.69291, 30.32121], [-97.69118, 30.32127], [-97.68921, 30.32139], [-97.68908, 30.3214], [-97.6889, 30.32141], [-97.68872, 30.32142], [-97.68845, 30.32144], [-97.68852, 30.32154], [-97.68872, 30.32179], [-97.68883, 30.32194], [-97.68898, 30.32214], [-97.68899, 30.32218], [-97.68919, 30.32269], [-97.68919, 30.32269], [-97.68922, 30.32277], [-97.68959, 30.32368], [-97.68962, 30.32391], [-97.68956, 30.32419], [-97.68954, 30.32424], [-97.68939, 30.32459], [-97.68937, 30.32462], [-97.69225, 30.32603], [-97.69231, 30.32606], [-97.69231, 30.32606], [-97.69231, 30.32606], [-97.69233, 30.32606], [-97.69233, 30.32605], [-97.6927, 30.32551], [-97.69275, 30.32555], [-97.69343, 30.3261], [-97.69373, 30.32642], [-97.69474, 30.32642], [-97.69509, 30.32586], [-97.69509, 30.32586], [-97.69567, 30.32495], [-97.69567, 30.32495], [-97.69574, 30.325], [-97.69574, 30.32501], [-97.69592, 30.32509], [-97.69638, 30.3253], [-97.69684, 30.32549], [-97.69705, 30.32559], [-97.69706, 30.32559], [-97.69706, 30.32559], [-97.69814, 30.32611], [-97.69918, 30.32658], [-97.69919, 30.32658], [-97.70018, 30.32706], [-97.70023, 30.32709], [-97.70024, 30.32709], [-97.70031, 30.32713], [-97.70125, 30.32761], [-97.70225, 30.32807], [-97.70229, 30.32809], [-97.7023, 30.32809], [-97.7023, 30.32809], [-97.7023, 30.32809], [-97.7023, 30.32809], [-97.70516, 30.32945], [-97.70516, 30.32945], [-97.70516, 30.32945], [-97.70532, 30.32955], [-97.70536, 30.32957], [-97.70553, 30.32967], [-97.70547, 30.33029], [-97.70507, 30.33105], [-97.70451, 30.33212], [-97.70442, 30.33238], [-97.70428, 30.33283]]]]}, "properties": {"campus_id": 19, "campus_name": "Reilly", "role": "receiving", "role_label": "Receiving students", "school_type": "elementary"}}, {"type": "Feature", "geometry": {"type": "MultiPolygon", "coordinates": [[[[-97.83135, 30.19681], [-97.83135, 30.19681], [-97.8309, 30.19747], [-97.83073, 30.19776], [-97.83032, 30.19842], [-97.82979, 30.1992], [-97.82934, 30.19985], [-97.82911, 30.20019], [-97.82804, 30.20177], [-97.82801, 30.20181], [-97.82731, 30.20321], [-97.8273, 30.20323], [-97.82635, 30.20464], [-97.82585, 30.20555], [-97.82916, 30.20726], [-97.83351, 30.20932], [-97.83351, 30.20932], [-97.83357, 30.20935], [-97.8333, 30.20963], [-97.83292, 30.21003], [-97.83276, 30.21019], [-97.83265, 30.21042], [-97.8326, 30.2105], [-97.83202, 30.21141], [-97.83152, 30.2122], [-97.83113, 30.21282], [-97.83111, 30.21284], [-97.83056, 30.21364], [-97.83053, 30.21369], [-97.8305, 30.21373], [-97.83178, 30.21439], [-97.83201, 30.2145], [-97.8321, 30.21458], [-97.83309, 30.21539], [-97.83323, 30.21555], [-97.83377, 30.21621], [-97.83429, 30.21683], [-97.83429, 30.21683], [-97.83572, 30.2188], [-97.83627, 30.21955], [-97.8363, 30.2196], [-97.83654, 30.21927], [-97.83659, 30.21921], [-97.83678, 30.21896], [-97.83691, 30.21881], [-97.83708, 30.21862], [-97.83731, 30.21838], [-97.83754, 30.21816], [-97.83778, 30.21799], [-97.83797, 30.21786], [-97.83818, 30.21772], [-97.83856, 30.2175], [-97.83863, 30.21746], [-97.83883, 30.21733], [-97.83918, 30.21717], [-97.83956, 30.21701], [-97.83995, 30.21686], [-97.84031, 30.21675], [-97.84047, 30.21669], [-97.84076, 30.21661], [-97.84099, 30.21654], [-97.84119, 30.21649], [-97.84142, 30.21645], [-97.84165, 30.21641], [-97.84202, 30.21635], [-97.84251, 30.21632], [-97.84291, 30.21631], [-97.8435, 30.21631], [-97.84399, 30.21632], [-97.84419, 30.21633], [-97.84437, 30.21633], [-97.84437, 30.21633], [-97.84465, 30.21635], [-97.84477, 30.21635], [-97.84479, 30.21635], [-97.84482, 30.21637], [-97.84484, 30.21638], [-97.84528, 30.21656], [-97.84541, 30.21664], [-97.84552, 30.21664], [-97.84608, 30.21666], [-97.84608, 30.21666], [-97.84613, 30.21666], [-97.84619, 30.21666], [-97.84667, 30.21669], [-97.84812, 30.21677], [-97.84839, 30.21678], [-97.84858, 30.21679], [-97.84881, 30.21679], [-97.84915, 30.21677], [-97.84933, 30.21675], [-97.84949, 30.21673], [-97.84974, 30.21671], [-97.84994, 30.21667], [-97.85026, 30.2166], [-97.85048, 30.21655], [-97.85076, 30.21647], [-97.85099, 30.21639], [-97.85123, 30.21629], [-97.85153, 30.21617], [-97.85176, 30.21606], [-97.85197, 30.21595], [-97.85321, 30.21521], [-97.85449, 30.21439], [-97.85503, 30.21404], [-97.85536, 30.21382], [-97.85569, 30.21359], [-97.85571, 30.21358], [-97.85592, 30.21342], [-97.8562, 30.21322], [-97.85645, 30.21301], [-97.85733, 30.21225], [-97.85738, 30.21221], [-97.85838, 30.21132], [-97.85862, 30.21111], [-97.85898, 30.21081], [-97.85921, 30.21063], [-97.85939, 30.21048], [-97.85967, 30.21024], [-97.85998, 30.20998], [-97.86041, 30.20962], [-97.86058, 30.20948], [-97.86069, 30.20938], [-97.8608, 30.20929], [-97.86085, 30.20924], [-97.86092, 30.20916], [-97.86101, 30.20906], [-97.86116, 30.20889], [-97.86132, 30.20867], [-97.86158, 30.20838], [-97.86158, 30.20838], [-97.86133, 30.20823], [-97.86117, 30.20814], [-97.86117, 30.20814], [-97.86102, 30.20806], [-97.86089, 30.20798], [-97.86089, 30.20798], [-97.86073, 30.20788], [-97.86073, 30.20788], [-97.8606, 30.20778], [-97.86049, 30.20769], [-97.86047, 30.20767], [-97.86047, 30.20767], [-97.86046, 30.20767], [-97.85858, 30.20722], [-97.8578, 30.20763], [-97.85589, 30.20677], [-97.85404, 30.20593], [-97.85292, 30.20537], [-97.85182, 30.2048], [-97.85178, 30.20478], [-97.85107, 30.20443], [-97.85106, 30.20442], [-97.84897, 30.20339], [-97.84767, 30.20276], [-97.84687, 30.20249], [-97.84557, 30.20175], [-97.84555, 30.20174], [-97.84001, 30.19909], [-97.83882, 30.20089], [-97.83881, 30.20091], [-97.83875, 30.20088], [-97.83872, 30.20087], [-97.83869, 30.20085], [-97.83864, 30.19977], [-97.83321, 30.19756], [-97.83311, 30.19751], [-97.83152, 30.19671], [-97.83135, 30.19681], [-97.83135, 30.19681]]]]}, "properties": {"campus_id": 20, "campus_name": "Boone", "role": "receiving", "role_label": "Receiving students", "school_type": "elementary"}}, {"type": "Feature", "geometry": {"type": "MultiPolygon", "coordinates": [[[[-97.79366, 30.21357], [-97.7943, 30.21385], [-97.79432, 30.21385], [-97.79438, 30.21388], [-97.79512, 30.21427], [-97.79513, 30.21427], [-97.79744, 30.21538], [-97.79756, 30.21543], [-97.79763, 30.21547], [-97.79767, 30.21544], [-97.7977, 30.21541], [-97.79777, 30.21537], [-97.79873, 30.21473], [-97.80017, 30.21401], [-97.8009, 30.21367], [-97.80203, 30.21299], [-97.80203, 30.21299], [-97.80219, 30.21318], [-97.8054, 30.21475], [-97.80956, 30.21679], [-97.80977, 30.21731], [-97.81116, 30.21678], [-97.81116, 30.21678], [-97.81162, 30.21664], [-97.81162, 30.21664], [-97.81229, 30.21652], [-97.81242, 30.2165], [-97.81256, 30.21646], [-97.81271, 30.21641], [-97.81282, 30.21634], [-97.81342, 30.21577], [-97.81393, 30.21521], [-97.81396, 30.21519], [-97.81406, 30.2151], [-97.81434, 30.2148], [-97.81456, 30.21456], [-97.81468, 30.21439], [-97.81474, 30.21426], [-97.81479, 30.21409], [-97.81484, 30.21388], [-97.81486, 30.21369], [-97.8149, 30.21337], [-97.81489, 30.21303], [-97.81489, 30.21303], [-97.81489, 30.21303], [-97.81487, 30.21295], [-97.81471, 30.21229], [-97.81471, 30.21229], [-97.81456, 30.21158], [-97.8144, 30.21081], [-97.81439, 30.21081], [-97.81419, 30.20997], [-97.81419, 30.20996], [-97.81419, 30.20996], [-97.81415, 30.20976], [-97.81411, 30.2096], [-97.8141, 30.20945], [-97.8141, 30.20928], [-97.81414, 30.20912], [-97.81421, 30.20895], [-97.81431, 30.20874], [-97.81432, 30.20874], [-97.81527, 30.20725], [-97.8153, 30.20727], [-97.81538, 30.2073], [-97.81541, 30.20731], [-97.81544, 30.20726], [-97.81549, 30.2072], [-97.81551, 30.20716], [-97.8156, 30.20702], [-97.81569, 30.20689], [-97.81577, 30.20678], [-97.81586, 30.2066], [-97.81593, 30.20637], [-97.81599, 30.20613], [-97.816, 30.20606], [-97.81601, 30.20602], [-97.81609, 30.20583], [-97.81618, 30.20566], [-97.81655, 30.20508], [-97.81657, 30.20505], [-97.81657, 30.20505], [-97.81659, 30.20502], [-97.81696, 30.20446], [-97.81733, 30.20389], [-97.81736, 30.20385], [-97.81736, 30.20385], [-97.81738, 30.20381], [-97.81758, 30.20351], [-97.81774, 30.20324], [-97.81811, 30.20268], [-97.81814, 30.20264], [-97.81814, 30.20264], [-97.81816, 30.2026], [-97.81854, 30.20204], [-97.8189, 30.20147], [-97.81891, 30.20144], [-97.81891, 30.20144], [-97.81893, 30.20141], [-97.81895, 30.20139], [-97.81917, 30.2011], [-97.8194, 30.20084], [-97.81948, 30.20075], [-97.8195, 30.20073], [-97.82022, 30.20027], [-97.82059, 30.20001], [-97.82067, 30.19995], [-97.8207, 30.19993], [-97.82074, 30.19991], [-97.82074, 30.19991], [-97.82093, 30.1998], [-97.82108, 30.19973], [-97.82147, 30.19955], [-97.8222, 30.19936], [-97.82225, 30.19934], [-97.82226, 30.19934], [-97.8223, 30.19934], [-97.8231, 30.19925], [-97.82388, 30.19921], [-97.82389, 30.19921], [-97.82392, 30.19921], [-97.82393, 30.19921], [-97.82395, 30.19921], [-97.82485, 30.19919], [-97.8255, 30.19911], [-97.82553, 30.1991], [-97.82554, 30.1991], [-97.82558, 30.19909], [-97.82699, 30.19882], [-97.82732, 30.19868], [-97.82736, 30.19866], [-97.82737, 30.19866], [-97.8274, 30.19864], [-97.82767, 30.19849], [-97.82785, 30.19835], [-97.82805, 30.19817], [-97.82827, 30.19788], [-97.82871, 30.19711], [-97.82871, 30.19711], [-97.82874, 30.19706], [-97.82876, 30.19701], [-97.82902, 30.19649], [-97.82938, 30.19611], [-97.82974, 30.19584], [-97.82975, 30.19583], [-97.82977, 30.19582], [-97.8298, 30.1958], [-97.83024, 30.1955], [-97.83052, 30.19526], [-97.83074, 30.19502], [-97.83093, 30.19476], [-97.83096, 30.19471], [-97.8309, 30.19468], [-97.83089, 30.19468], [-97.83081, 30.19465], [-97.82941, 30.19397], [-97.82916, 30.19385], [-97.82853, 30.19354], [-97.8271, 30.19278], [-97.82707, 30.19277], [-97.8264, 30.1925], [-97.82637, 30.19249], [-97.82633, 30.19247], [-97.82599, 30.19232], [-97.82541, 30.19203], [-97.8254, 30.19203], [-97.82515, 30.19192], [-97.82463, 30.19168], [-97.82463, 30.19168], [-97.82463, 30.19168], [-97.82536, 30.19033], [-97.82536, 30.19033], [-97.82399, 30.18961], [-97.82399, 30.18961], [-97.82324, 30.18924], [-97.82292, 30.18908], [-97.82292, 30.18907], [-97.81952, 30.18746], [-97.81951, 30.18746], [-97.81631, 30.18593], [-97.81631, 30.18593], [-97.81631, 30.18593], [-97.8163, 30.18593], [-97.81426, 30.1857], [-97.81384, 30.18565], [-97.81306, 30.18556], [-97.81291, 30.18555], [-97.81274, 30.18562], [-97.81232, 30.18581], [-97.81116, 30.18751], [-97.80853, 30.19141], [-97.80775, 30.19257], [-97.80711, 30.19351], [-97.80679, 30.19398], [-97.80613, 30.19496], [-97.80576, 30.1955], [-97.80535, 30.19611], [-97.80392, 30.19822], [-97.80412, 30.19842], [-97.80412, 30.19842], [-97.80345, 30.19876], [-97.80198, 30.20145], [-97.80193, 30.20154], [-97.80193, 30.20154], [-97.80189, 30.20161], [-97.80149, 30.20192], [-97.80094, 30.2027], [-97.80006, 30.20397], [-97.79795, 30.20699], [-97.79584, 30.21001], [-97.7936, 30.21322], [-97.79364, 30.21343], [-97.79366, 30.21354], [-97.79366, 30.21357]]]]}, "properties": {"campus_id": 21, "campus_name": "Cunningham", "role": "receiving", "role_label": "Receiving students", "school_type": "elementary"}}, {"type": "Feature", "geometry": {"type": "MultiPolygon", "coordinates": [[[[-97.67899, 30.32376], [-97.67907, 30.32385], [-97.67996, 30.32479], [-97.68016, 30.32551], [-97.67982, 30.32587], [-97.67936, 30.326], [-97.6793, 30.32602], [-97.67919, 30.32605], [-97.67874, 30.32614], [-97.67833, 30.32648], [-97.67832, 30.32649], [-97.67826, 30.32669], [-97.67823, 30.32678], [-97.6782, 30.32705], [-97.67871, 30.32791], [-97.67874, 30.32796], [-97.67874, 30.328], [-97.67885, 30.32846], [-97.67891, 30.32871], [-97.67892, 30.32876], [-97.67894, 30.32885], [-97.6789, 30.32898], [-97.67883, 30.32921], [-97.67883, 30.32921], [-97.67875, 30.32946], [-97.6787, 30.32963], [-97.67848, 30.33029], [-97.67845, 30.33128], [-97.67721, 30.33254], [-97.67723, 30.33264], [-97.67729, 30.33315], [-97.6774, 30.33392], [-97.67677, 30.33481], [-97.67681, 30.3349], [-97.677, 30.33531], [-97.67708, 30.33548], [-97.67856, 30.33492], [-97.68034, 30.33426], [-97.68056, 30.33417], [-97.68227, 30.33402], [-97.68308, 30.33394], [-97.68564, 30.33291], [-97.68599, 30.33277], [-97.68633, 30.33263], [-97.68647, 30.33244], [-97.68647, 30.33244], [-97.68663, 30.33223], [-97.68674, 30.3321], [-97.68689, 30.3319], [-97.68734, 30.33129], [-97.68736, 30.33126], [-97.68737, 30.33125], [-97.68781, 30.33071], [-97.68837, 30.33038], [-97.68895, 30.33016], [-97.68898, 30.33015], [-97.68923, 30.33006], [-97.68931, 30.33001], [-97.68984, 30.3297], [-97.69026, 30.32918], [-97.69038, 30.32905], [-97.6904, 30.32904], [-97.69041, 30.32903], [-97.69048, 30.32896], [-97.69097, 30.32817], [-97.69122, 30.32778], [-97.69123, 30.32776], [-97.69146, 30.32742], [-97.69162, 30.32717], [-97.69166, 30.3271], [-97.69166, 30.3271], [-97.69167, 30.32709], [-97.69202, 30.32651], [-97.69231, 30.32608], [-97.69233, 30.32606], [-97.69233, 30.32606], [-97.69231, 30.32606], [-97.69231, 30.32606], [-97.69231, 30.32606], [-97.69225, 30.32603], [-97.68937, 30.32462], [-97.68939, 30.32459], [-97.68954, 30.32424], [-97.68956, 30.32419], [-97.68962, 30.32391], [-97.68959, 30.32368], [-97.68922, 30.32277], [-97.68919, 30.32269], [-97.68919, 30.32269], [-97.68899, 30.32218], [-97.68898, 30.32214], [-97.68883, 30.32194], [-97.68872, 30.32179], [-97.68852, 30.32154], [-97.68845, 30.32144], [-97.68604, 30.32161], [-97.68483, 30.32175], [-97.6845, 30.32177], [-97.684, 30.32179], [-97.68336, 30.32183], [-97.68335, 30.32183], [-97.68335, 30.32183], [-97.68335, 30.32183], [-97.68335, 30.32183], [-97.68335, 30.32183], [-97.68335, 30.32183], [-97.68374, 30.32117], [-97.68374, 30.32117], [-97.68459, 30.31984], [-97.6848, 30.31952], [-97.68481, 30.3195], [-97.68593, 30.31774], [-97.68614, 30.31754], [-97.68614, 30.31753], [-97.68505, 30.31691], [-97.68449, 30.3166], [-97.68414, 30.3164], [-97.68093, 30.31476], [-97.68063, 30.31182], [-97.68059, 30.31135], [-97.6803, 30.31121], [-97.68029, 30.31121], [-97.6802, 30.31117], [-97.67864, 30.31043], [-97.67864, 30.31043], [-97.6781, 30.31017], [-97.67808, 30.31016], [-97.67655, 30.30944], [-97.67647, 30.3094], [-97.67603, 30.30962], [-97.67603, 30.30962], [-97.67563, 30.30988], [-97.67514, 30.30999], [-97.67514, 30.30999], [-97.67529, 30.31058], [-97.67519, 30.31122], [-97.67519, 30.31122], [-97.67514, 30.31128], [-97.67484, 30.31167], [-97.67472, 30.31183], [-97.67472, 30.31183], [-97.67389, 30.31352], [-97.67511, 30.31418], [-97.67545, 30.31436], [-97.67524, 30.31445], [-97.67403, 30.31497], [-97.67403, 30.31497], [-97.674, 30.31498], [-97.67397, 30.31499], [-97.67256, 30.31556], [-97.67256, 30.31556], [-97.67192, 30.31601], [-97.67118, 30.31687], [-97.67118, 30.31687], [-97.67142, 30.31778], [-97.67142, 30.31778], [-97.67142, 30.31778], [-97.67143, 30.31778], [-97.67174, 30.3182], [-97.67197, 30.31849], [-97.67196, 30.31852], [-97.67196, 30.31854], [-97.67135, 30.32345], [-97.6713, 30.32383], [-97.6713, 30.32383], [-97.67129, 30.32393], [-97.67125, 30.32419], [-97.6712, 30.32457], [-97.67114, 30.32497], [-97.67114, 30.32498], [-97.67104, 30.32532], [-97.67081, 30.32566], [-97.67077, 30.32572], [-97.6707, 30.3258], [-97.67053, 30.32595], [-97.67034, 30.32612], [-97.6702, 30.32624], [-97.66985, 30.32649], [-97.66982, 30.32651], [-97.66943, 30.32674], [-97.6692, 30.32689], [-97.6691, 30.32697], [-97.66889, 30.32716], [-97.66874, 30.32729], [-97.67191, 30.32617], [-97.67276, 30.32587], [-97.67291, 30.32582], [-97.67323, 30.32571], [-97.67333, 30.32567], [-97.67356, 30.32559], [-97.67397, 30.32545], [-97.67412, 30.3254], [-97.6789, 30.32371], [-97.67894, 30.3237], [-97.67899, 30.32376]]]]}, "properties": {"campus_id": 22, "campus_name": "Andrews", "role": "receiving", "role_label": "Receiving students", "school_type": "elementary"}}, {"type": "Feature", "geometry": {"type": "MultiPolygon", "coordinates": [[[[-97.66274, 30.29675], [-97.66304, 30.29711], [-97.66347, 30.29746], [-97.66418, 30.29778], [-97.66408, 30.29849], [-97.66432, 30.29894], [-97.66436, 30.299], [-97.66467, 30.2994], [-97.66484, 30.29992], [-97.66536, 30.30046], [-97.66556, 30.30111], [-97.66552, 30.3013], [-97.66587, 30.30188], [-97.66601, 30.3019], [-97.66653, 30.30322], [-97.66662, 30.30336], [-97.66663, 30.30347], [-97.66667, 30.30361], [-97.66671, 30.30363], [-97.66678, 30.30367], [-97.66684, 30.30378], [-97.66694, 30.30389], [-97.66702, 30.30402], [-97.66705, 30.30415], [-97.66704, 30.3043], [-97.66704, 30.30431], [-97.66714, 30.30445], [-97.66738, 30.30477], [-97.66789, 30.30494], [-97.66787, 30.30552], [-97.66786, 30.30608], [-97.66776, 30.30626], [-97.66774, 30.3063], [-97.66737, 30.3064], [-97.66725, 30.30648], [-97.6671, 30.30659], [-97.66713, 30.30683], [-97.66751, 30.30759], [-97.66763, 30.30881], [-97.66774, 30.30913], [-97.668, 30.30955], [-97.66907, 30.30899], [-97.66907, 30.30899], [-97.66933, 30.30892], [-97.67077, 30.30854], [-97.67077, 30.30853], [-97.67203, 30.30822], [-97.67203, 30.30822], [-97.67304, 30.30799], [-97.67304, 30.30799], [-97.67304, 30.30799], [-97.67347, 30.30797], [-97.67397, 30.30799], [-97.67619, 30.30806], [-97.67642, 30.30804], [-97.67676, 30.308], [-97.6771, 30.30796], [-97.67722, 30.30795], [-97.67825, 30.30785], [-97.67837, 30.30784], [-97.67846, 30.30782], [-97.67856, 30.30779], [-97.67868, 30.30776], [-97.67886, 30.30769], [-97.67906, 30.30762], [-97.67916, 30.30757], [-97.67924, 30.30753], [-97.67931, 30.30748], [-97.67931, 30.30748], [-97.67938, 30.30743], [-97.67945, 30.30737], [-97.6795, 30.30732], [-97.67956, 30.30726], [-97.67962, 30.30718], [-97.67969, 30.3071], [-97.68006, 30.30647], [-97.68132, 30.30459], [-97.68134, 30.30457], [-97.68135, 30.30455], [-97.68183, 30.30412], [-97.68293, 30.30308], [-97.68304, 30.30298], [-97.68304, 30.30298], [-97.68433, 30.30179], [-97.68433, 30.30179], [-97.68514, 30.30103], [-97.68514, 30.30103], [-97.68514, 30.30102], [-97.68592, 30.30015], [-97.68706, 30.29819], [-97.68706, 30.29818], [-97.68626, 30.29775], [-97.68625, 30.29774], [-97.68556, 30.2974], [-97.68556, 30.2974], [-97.68491, 30.29713], [-97.68462, 30.29695], [-97.68255, 30.2959], [-97.68255, 30.2959], [-97.68254, 30.2959], [-97.68153, 30.29537], [-97.68118, 30.29518], [-97.68118, 30.29518], [-97.68118, 30.29518], [-97.67838, 30.29389], [-97.67781, 30.29363], [-97.67777, 30.29361], [-97.67777, 30.2936], [-97.67779, 30.29357], [-97.67807, 30.2931], [-97.67873, 30.29199], [-97.67939, 30.29088], [-97.67993, 30.29007], [-97.68044, 30.28927], [-97.68071, 30.28885], [-97.68263, 30.28587], [-97.68263, 30.28587], [-97.68263, 30.28586], [-97.68263, 30.28586], [-97.67884, 30.28622], [-97.67884, 30.28622], [-97.67787, 30.28632], [-97.67732, 30.2864], [-97.67697, 30.28642], [-97.67641, 30.28647], [-97.67596, 30.28651], [-97.67514, 30.28657], [-97.67465, 30.28662], [-97.67441, 30.28664], [-97.67396, 30.28669], [-97.67251, 30.28681], [-97.67152, 30.28672], [-97.67048, 30.28647], [-97.66942, 30.28631], [-97.66941, 30.28631], [-97.6668, 30.28587], [-97.6668, 30.28587], [-97.66596, 30.28574], [-97.66596, 30.28574], [-97.66596, 30.28574], [-97.66582, 30.28631], [-97.66556, 30.28731], [-97.66543, 30.28759], [-97.66506, 30.28837], [-97.66468, 30.28918], [-97.66433, 30.29008], [-97.66432, 30.29011], [-97.66379, 30.29224], [-97.66377, 30.29232], [-97.66376, 30.29237], [-97.66376, 30.29239], [-97.66354, 30.2933], [-97.66317, 30.29489], [-97.66274, 30.29675]]]]}, "properties": {"campus_id": 23, "campus_name": "Pecan Springs", "role": "receiving", "role_label": "Receiving students", "school_type": "elementary"}}, {"type": "Feature", "geometry": {"type": "MultiPolygon", "coordinates": [[[[-97.73024, 30.31326], [-97.73024, 30.31326], [-97.7315, 30.31306], [-97.73196, 30.31299], [-97.73196, 30.31299], [-97.73252, 30.31303], [-97.73264, 30.31137], [-97.73264, 30.31136], [-97.73298, 30.31085], [-97.73298, 30.31085], [-97.73367, 30.30973], [-97.73367, 30.30973], [-97.73435, 30.30865], [-97.73436, 30.30865], [-97.7351, 30.30752], [-97.73511, 30.30752], [-97.7358, 30.30639], [-97.7358, 30.30639], [-97.73653, 30.30525], [-97.73653, 30.30525], [-97.7373, 30.30407], [-97.7373, 30.30407], [-97.73765, 30.3035], [-97.73765, 30.3035], [-97.73815, 30.30275], [-97.73815, 30.30275], [-97.73859, 30.30197], [-97.73859, 30.30197], [-97.73892, 30.30153], [-97.73911, 30.3012], [-97.73911, 30.3012], [-97.73965, 30.30034], [-97.73965, 30.30034], [-97.7399, 30.29992], [-97.73999, 30.29977], [-97.73999, 30.29976], [-97.74043, 30.29909], [-97.74056, 30.29891], [-97.74056, 30.2989], [-97.74095, 30.29827], [-97.74121, 30.29789], [-97.74197, 30.2967], [-97.7421, 30.29651], [-97.74211, 30.29651], [-97.74282, 30.29543], [-97.74282, 30.29543], [-97.74282, 30.29543], [-97.74249, 30.29467], [-97.74229, 30.29432], [-97.74229, 30.29432], [-97.74178, 30.29331], [-97.74116, 30.29218], [-97.74116, 30.29218], [-97.74116, 30.29199], [-97.74116, 30.29199], [-97.74125, 30.29087], [-97.74129, 30.29047], [-97.74129, 30.29047], [-97.74136, 30.28982], [-97.74136, 30.28982], [-97.74142, 30.28909], [-97.74142, 30.28908], [-97.74147, 30.28877], [-97.74147, 30.28877], [-97.74156, 30.28772], [-97.74156, 30.28772], [-97.74169, 30.28649], [-97.74174, 30.2859], [-97.74174, 30.28589], [-97.74182, 30.285], [-97.74182, 30.285], [-97.74191, 30.2838], [-97.74191, 30.2838], [-97.742, 30.28265], [-97.742, 30.28265], [-97.74205, 30.2821], [-97.74209, 30.28181], [-97.74194, 30.28176], [-97.74171, 30.28168], [-97.74163, 30.28165], [-97.74181, 30.28117], [-97.74193, 30.28082], [-97.742, 30.28064], [-97.742, 30.28063], [-97.74229, 30.27974], [-97.74229, 30.27974], [-97.74261, 30.27887], [-97.74261, 30.27887], [-97.74297, 30.27798], [-97.74298, 30.27794], [-97.74298, 30.27794], [-97.74291, 30.27792], [-97.74202, 30.27768], [-97.74192, 30.27765], [-97.74192, 30.27765], [-97.74181, 30.27762], [-97.74093, 30.27739], [-97.74082, 30.27736], [-97.74082, 30.27735], [-97.74071, 30.27732], [-97.73962, 30.27701], [-97.73949, 30.27697], [-97.73947, 30.27697], [-97.7393, 30.27692], [-97.73826, 30.27663], [-97.73817, 30.27661], [-97.73804, 30.27657], [-97.73717, 30.27632], [-97.73709, 30.2763], [-97.73709, 30.2763], [-97.73709, 30.2763], [-97.73703, 30.27628], [-97.73606, 30.27601], [-97.73602, 30.27599], [-97.73602, 30.27599], [-97.73596, 30.27598], [-97.73538, 30.27578], [-97.73488, 30.27561], [-97.73488, 30.27561], [-97.73486, 30.2756], [-97.73484, 30.2756], [-97.73391, 30.27536], [-97.7329, 30.2751], [-97.73185, 30.2748], [-97.73178, 30.27478], [-97.73177, 30.27478], [-97.73176, 30.27478], [-97.7316, 30.27474], [-97.7316, 30.27474], [-97.73157, 30.27474], [-97.73157, 30.27474], [-97.73139, 30.2747], [-97.73139, 30.2747], [-97.73126, 30.27467], [-97.73126, 30.27467], [-97.7312, 30.27466], [-97.731, 30.27462], [-97.73099, 30.27461], [-97.73099, 30.27461], [-97.73109, 30.27421], [-97.73109, 30.27421], [-97.73134, 30.27328], [-97.73145, 30.27298], [-97.73145, 30.27298], [-97.73168, 30.27241], [-97.73189, 30.27187], [-97.73189, 30.27187], [-97.73248, 30.27033], [-97.73248, 30.27033], [-97.73169, 30.27009], [-97.73149, 30.27003], [-97.73149, 30.27003], [-97.73149, 30.27003], [-97.73127, 30.26995], [-97.73127, 30.26995], [-97.73084, 30.26978], [-97.73083, 30.26978], [-97.73039, 30.26962], [-97.73019, 30.26954], [-97.73019, 30.26954], [-97.73001, 30.26947], [-97.73001, 30.26947], [-97.72936, 30.26923], [-97.72936, 30.26923], [-97.72883, 30.26906], [-97.72786, 30.26869], [-97.72786, 30.26869], [-97.72741, 30.2685], [-97.72741, 30.2685], [-97.72692, 30.26839], [-97.72692, 30.26839], [-97.7265, 30.26821], [-97.72635, 30.26815], [-97.72619, 30.26809], [-97.72538, 30.26781], [-97.72489, 30.26764], [-97.72451, 30.26745], [-97.72451, 30.26745], [-97.72451, 30.26745], [-97.7249, 30.2666], [-97.72511, 30.26617], [-97.72529, 30.2657], [-97.72496, 30.26561], [-97.72431, 30.2654], [-97.72431, 30.2654], [-97.72333, 30.26505], [-97.72333, 30.26504], [-97.72333, 30.26504], [-97.72136, 30.2642], [-97.72136, 30.2642], [-97.72136, 30.2642], [-97.7201, 30.26391], [-97.7201, 30.26391], [-97.71889, 30.26363], [-97.71889, 30.26363], [-97.71774, 30.26341], [-97.71774, 30.26341], [-97.71688, 30.26377], [-97.71688, 30.26377], [-97.71578, 30.26427], [-97.71578, 30.26427], [-97.71577, 30.26427], [-97.71466, 30.2648], [-97.71466, 30.2648], [-97.71354, 30.2653], [-97.71354, 30.26531], [-97.71329, 30.26533], [-97.71301, 30.26564], [-97.7125, 30.26591], [-97.70906, 30.26539], [-97.70905, 30.26539], [-97.70905, 30.26539], [-97.70904, 30.26539], [-97.708, 30.26533], [-97.70653, 30.26525], [-97.70597, 30.26522], [-97.70596, 30.26522], [-97.70511, 30.2649], [-97.70511, 30.2649], [-97.70408, 30.26453], [-97.70408, 30.26453], [-97.70305, 30.2642], [-97.70305, 30.26419], [-97.70262, 30.26508], [-97.70262, 30.26508], [-97.7022, 30.266], [-97.7022, 30.266], [-97.70154, 30.26738], [-97.70154, 30.26738], [-97.70054, 30.26958], [-97.70054, 30.26958], [-97.7002, 30.27029], [-97.70019, 30.2703], [-97.69986, 30.271], [-97.69986, 30.27101], [-97.69985, 30.27101], [-97.69881, 30.27334], [-97.69877, 30.27343], [-97.69877, 30.27343], [-97.69791, 30.27356], [-97.69791, 30.27356], [-97.69791, 30.27356], [-97.69833, 30.27443], [-97.69844, 30.27466], [-97.70034, 30.27686], [-97.70034, 30.27687], [-97.70034, 30.27687], [-97.70045, 30.27711], [-97.70071, 30.27763], [-97.70071, 30.27764], [-97.70111, 30.27813], [-97.70125, 30.2783], [-97.70132, 30.27842], [-97.70172, 30.27902], [-97.70172, 30.27902], [-97.70212, 30.27974], [-97.70212, 30.27974], [-97.70261, 30.28049], [-97.70304, 30.28116], [-97.7034, 30.28171], [-97.70395, 30.28258], [-97.70172, 30.28291], [-97.70172, 30.28291], [-97.7011, 30.28301], [-97.7011, 30.28301], [-97.70082, 30.28306], [-97.70036, 30.28312], [-97.69815, 30.28346], [-97.69815, 30.28346], [-97.69668, 30.28364], [-97.6961, 30.28373], [-97.69606, 30.28374], [-97.69606, 30.28374], [-97.69792, 30.28787], [-97.69849, 30.28912], [-97.6985, 30.28914], [-97.69852, 30.28913], [-97.69871, 30.29015], [-97.69884, 30.29085], [-97.69897, 30.29117], [-97.69903, 30.29133], [-97.69921, 30.2918], [-97.69937, 30.2921], [-97.6995, 30.29233], [-97.69982, 30.29292], [-97.70005, 30.29356], [-97.70009, 30.29431], [-97.70017, 30.2957], [-97.70017, 30.2957], [-97.70021, 30.29653], [-97.70032, 30.29661], [-97.70083, 30.2966], [-97.70084, 30.297], [-97.70233, 30.29697], [-97.70232, 30.29655], [-97.70267, 30.29654], [-97.70279, 30.29646], [-97.70282, 30.29731], [-97.70286, 30.29863], [-97.70291, 30.29997], [-97.70564, 30.30123], [-97.70377, 30.30416], [-97.70276, 30.30575], [-97.70284, 30.30578], [-97.70642, 30.30747], [-97.7065, 30.30751], [-97.7065, 30.30751], [-97.7065, 30.30751], [-97.70901, 30.3087], [-97.70901, 30.3087], [-97.70976, 30.30911], [-97.70976, 30.30911], [-97.70976, 30.30911], [-97.70986, 30.30918], [-97.71001, 30.30928], [-97.71003, 30.30929], [-97.71006, 30.30932], [-97.71007, 30.30932], [-97.71024, 30.30946], [-97.71025, 30.30945], [-97.71025, 30.30944], [-97.71027, 30.30943], [-97.71183, 30.30742], [-97.71253, 30.30633], [-97.71293, 30.30571], [-97.71314, 30.30538], [-97.71408, 30.30392], [-97.71491, 30.3026], [-97.71512, 30.30227], [-97.71522, 30.3021], [-97.71522, 30.3021], [-97.71522, 30.3021], [-97.71528, 30.30203], [-97.71528, 30.30202], [-97.71529, 30.30202], [-97.71534, 30.30192], [-97.71534, 30.30192], [-97.71534, 30.30192], [-97.71536, 30.30194], [-97.71539, 30.30198], [-97.71543, 30.30203], [-97.71546, 30.30208], [-97.71546, 30.30208], [-97.71575, 30.30254], [-97.71578, 30.30258], [-97.71579, 30.3026], [-97.7158, 30.30261], [-97.71582, 30.30268], [-97.71595, 30.30307], [-97.71596, 30.3031], [-97.71599, 30.30319], [-97.716, 30.30326], [-97.716, 30.30329], [-97.71601, 30.3034], [-97.716, 30.3035], [-97.71599, 30.30362], [-97.71599, 30.30363], [-97.71599, 30.30363], [-97.71592, 30.30485], [-97.71592, 30.30485], [-97.71572, 30.30765], [-97.71572, 30.30765], [-97.7162, 30.30694], [-97.7162, 30.30694], [-97.7169, 30.30727], [-97.7169, 30.30727], [-97.7178, 30.30771], [-97.71802, 30.30737], [-97.71802, 30.30737], [-97.71931, 30.30803], [-97.71932, 30.30803], [-97.72053, 30.30859], [-97.72053, 30.30859], [-97.72165, 30.30911], [-97.72166, 30.30911], [-97.72197, 30.30929], [-97.72286, 30.30974], [-97.72286, 30.30974], [-97.72377, 30.31019], [-97.72377, 30.31019], [-97.72464, 30.31059], [-97.72465, 30.3106], [-97.72535, 30.311], [-97.7256, 30.31112], [-97.7256, 30.31112], [-97.72578, 30.31121], [-97.72582, 30.31123], [-97.72582, 30.31123], [-97.72652, 30.31152], [-97.72652, 30.31152], [-97.72694, 30.31181], [-97.72754, 30.31197], [-97.72755, 30.31197], [-97.7284, 30.31239], [-97.7284, 30.31239], [-97.72935, 30.31281], [-97.73024, 30.31326]]]]}, "properties": {"campus_id": 24, "campus_name": "Kealing", "role": "receiving", "role_label": "Receiving students", "school_type": "middle"}}, {"type": "Feature", "geometry": {"type": "MultiPolygon", "coordinates": [[[[-97.72938, 30.24319], [-97.72941, 30.24322], [-97.72942, 30.24324], [-97.73004, 30.24408], [-97.73005, 30.2441], [-97.73052, 30.2448], [-97.73061, 30.24492], [-97.73085, 30.24523], [-97.73093, 30.24537], [-97.73107, 30.2455], [-97.73113, 30.24554], [-97.73118, 30.24558], [-97.73209, 30.24627], [-97.73209, 30.24627], [-97.73215, 30.24632], [-97.73228, 30.24642], [-97.73358, 30.24742], [-97.7336, 30.24743], [-97.73362, 30.24744], [-97.73366, 30.24746], [-97.73386, 30.24753], [-97.73395, 30.24756], [-97.73412, 30.24761], [-97.7342, 30.24762], [-97.7343, 30.24765], [-97.73467, 30.24774], [-97.73481, 30.24778], [-97.73486, 30.24779], [-97.73488, 30.24779], [-97.73506, 30.24783], [-97.7352, 30.24786], [-97.7352, 30.24786], [-97.73542, 30.24789], [-97.73542, 30.24789], [-97.73575, 30.24797], [-97.73576, 30.24804], [-97.73578, 30.2481], [-97.73588, 30.24858], [-97.73591, 30.24874], [-97.73602, 30.24954], [-97.73606, 30.24986], [-97.73606, 30.24986], [-97.73765, 30.25063], [-97.7391, 30.25223], [-97.74047, 30.25345], [-97.74149, 30.25539], [-97.74303, 30.25732], [-97.74354, 30.25964], [-97.74516, 30.2617], [-97.74516, 30.2617], [-97.74798, 30.26288], [-97.74798, 30.26288], [-97.75416, 30.26555], [-97.75507, 30.26386], [-97.75514, 30.26373], [-97.75638, 30.26144], [-97.75692, 30.26057], [-97.75846, 30.25812], [-97.7601, 30.25539], [-97.76178, 30.25258], [-97.76202, 30.25231], [-97.76208, 30.25224], [-97.76335, 30.25078], [-97.76406, 30.25004], [-97.76408, 30.25001], [-97.7649, 30.24915], [-97.76534, 30.24868], [-97.76644, 30.24788], [-97.76651, 30.24782], [-97.76902, 30.24602], [-97.76947, 30.24561], [-97.77031, 30.24481], [-97.77121, 30.24293], [-97.7713, 30.24274], [-97.7714, 30.24246], [-97.77164, 30.24177], [-97.77316, 30.23737], [-97.77383, 30.23545], [-97.77374, 30.23543], [-97.77376, 30.23537], [-97.77471, 30.2353], [-97.77477, 30.2353], [-97.77617, 30.2352], [-97.77618, 30.23519], [-97.77819, 30.23522], [-97.77821, 30.23522], [-97.77828, 30.23514], [-97.77846, 30.23493], [-97.77846, 30.23491], [-97.77871, 30.23444], [-97.7792, 30.23369], [-97.77981, 30.23369], [-97.78064, 30.23329], [-97.78149, 30.23288], [-97.7804, 30.23179], [-97.78066, 30.23112], [-97.78141, 30.23028], [-97.78105, 30.22951], [-97.78209, 30.23002], [-97.78298, 30.23045], [-97.78298, 30.23045], [-97.78381, 30.22916], [-97.78381, 30.22915], [-97.78408, 30.22874], [-97.78408, 30.22874], [-97.78278, 30.22844], [-97.78277, 30.22844], [-97.78252, 30.22838], [-97.78226, 30.22833], [-97.78209, 30.2283], [-97.78189, 30.22827], [-97.78176, 30.22825], [-97.78174, 30.22825], [-97.78135, 30.2282], [-97.78131, 30.22819], [-97.78102, 30.22818], [-97.7808, 30.22817], [-97.77997, 30.22812], [-97.77991, 30.22811], [-97.77988, 30.22809], [-97.77987, 30.22808], [-97.77985, 30.22806], [-97.77984, 30.22802], [-97.77984, 30.22791], [-97.77984, 30.22791], [-97.77938, 30.22789], [-97.77933, 30.22789], [-97.77933, 30.22789], [-97.77925, 30.22788], [-97.77894, 30.22788], [-97.77647, 30.22782], [-97.77635, 30.22782], [-97.77633, 30.22782], [-97.77519, 30.22779], [-97.77447, 30.22778], [-97.77241, 30.22773], [-97.77047, 30.22721], [-97.76955, 30.22696], [-97.76925, 30.22688], [-97.76925, 30.22688], [-97.76922, 30.22687], [-97.76921, 30.22687], [-97.76796, 30.22629], [-97.7677, 30.22614], [-97.76762, 30.2261], [-97.76757, 30.22607], [-97.76751, 30.22604], [-97.76744, 30.22599], [-97.76704, 30.22574], [-97.76612, 30.2251], [-97.76603, 30.22505], [-97.76573, 30.22485], [-97.76548, 30.22467], [-97.76524, 30.22451], [-97.76512, 30.22443], [-97.76499, 30.22434], [-97.76486, 30.22426], [-97.76474, 30.22418], [-97.76466, 30.22412], [-97.76461, 30.22409], [-97.76454, 30.22403], [-97.76449, 30.224], [-97.76422, 30.22382], [-97.76422, 30.22381], [-97.76421, 30.22381], [-97.76361, 30.22341], [-97.7636, 30.22341], [-97.76358, 30.2234], [-97.76334, 30.22325], [-97.76301, 30.22304], [-97.76254, 30.22274], [-97.76198, 30.22238], [-97.76197, 30.22238], [-97.76147, 30.2221], [-97.76103, 30.22192], [-97.76022, 30.2215], [-97.75982, 30.22129], [-97.75967, 30.22121], [-97.75894, 30.22081], [-97.75832, 30.22051], [-97.7583, 30.2205], [-97.75764, 30.22017], [-97.7575, 30.2201], [-97.75737, 30.22002], [-97.75728, 30.21997], [-97.75724, 30.21995], [-97.757, 30.2198], [-97.75668, 30.21958], [-97.75667, 30.21958], [-97.75639, 30.21936], [-97.75634, 30.21932], [-97.75628, 30.21927], [-97.75616, 30.21917], [-97.75605, 30.21907], [-97.75595, 30.21897], [-97.75584, 30.21887], [-97.75584, 30.21886], [-97.75574, 30.21876], [-97.75564, 30.21866], [-97.75563, 30.21864], [-97.7555, 30.21849], [-97.75525, 30.21817], [-97.75522, 30.21814], [-97.75499, 30.21789], [-97.75473, 30.21762], [-97.75447, 30.21732], [-97.75439, 30.21722], [-97.75422, 30.21702], [-97.75401, 30.2168], [-97.75383, 30.21665], [-97.75375, 30.21657], [-97.75368, 30.2165], [-97.75356, 30.21642], [-97.75351, 30.21639], [-97.75337, 30.21631], [-97.75314, 30.21626], [-97.75313, 30.21625], [-97.75312, 30.21624], [-97.75311, 30.21624], [-97.7531, 30.21623], [-97.75309, 30.21623], [-97.75307, 30.21623], [-97.75306, 30.21622], [-97.75305, 30.21622], [-97.75304, 30.21621], [-97.75303, 30.21621], [-97.75302, 30.2162], [-97.753, 30.2162], [-97.75299, 30.2162], [-97.75298, 30.21619], [-97.75297, 30.21619], [-97.75296, 30.21619], [-97.75294, 30.21618], [-97.75293, 30.21618], [-97.75292, 30.21618], [-97.75291, 30.21617], [-97.7529, 30.21617], [-97.75288, 30.21617], [-97.75287, 30.21617], [-97.75286, 30.21617], [-97.75285, 30.21616], [-97.75283, 30.21616], [-97.75282, 30.21616], [-97.75281, 30.21616], [-97.75279, 30.21616], [-97.75278, 30.21616], [-97.75277, 30.21616], [-97.75276, 30.21616], [-97.75274, 30.21616], [-97.75273, 30.21616], [-97.75272, 30.21616], [-97.75271, 30.21616], [-97.75269, 30.21616], [-97.75268, 30.21616], [-97.75267, 30.21616], [-97.75265, 30.21616], [-97.75263, 30.21616], [-97.75262, 30.21616], [-97.75261, 30.21616], [-97.75259, 30.21617], [-97.75258, 30.21617], [-97.75257, 30.21617], [-97.75256, 30.21617], [-97.75254, 30.21618], [-97.75253, 30.21618], [-97.75252, 30.21618], [-97.75251, 30.21619], [-97.7525, 30.21619], [-97.75249, 30.2162], [-97.75247, 30.2162], [-97.75247, 30.2162], [-97.75246, 30.2162], [-97.75245, 30.21621], [-97.75244, 30.21621], [-97.75243, 30.21622], [-97.75242, 30.21623], [-97.75241, 30.21623], [-97.7524, 30.21624], [-97.75239, 30.21625], [-97.75238, 30.21625], [-97.75237, 30.21626], [-97.75236, 30.21627], [-97.75235, 30.21627], [-97.75234, 30.21628], [-97.75233, 30.21629], [-97.75232, 30.2163], [-97.75224, 30.21637], [-97.7522, 30.21641], [-97.7522, 30.21637], [-97.7522, 30.21635], [-97.75219, 30.21619], [-97.75217, 30.21612], [-97.75213, 30.21605], [-97.75207, 30.21601], [-97.75198, 30.21597], [-97.75196, 30.21596], [-97.75185, 30.21593], [-97.75185, 30.21593], [-97.75168, 30.21589], [-97.75155, 30.21585], [-97.75148, 30.21582], [-97.75116, 30.21571], [-97.75114, 30.21571], [-97.75086, 30.21569], [-97.75079, 30.21569], [-97.75074, 30.21569], [-97.7506, 30.21569], [-97.75051, 30.21569], [-97.75042, 30.2157], [-97.75034, 30.21572], [-97.75019, 30.21575], [-97.74939, 30.21593], [-97.74912, 30.216], [-97.74877, 30.21609], [-97.74856, 30.21614], [-97.74782, 30.21633], [-97.74745, 30.21639], [-97.74711, 30.21645], [-97.74638, 30.21657], [-97.74611, 30.21658], [-97.74525, 30.2166], [-97.74402, 30.21654], [-97.74402, 30.21654], [-97.74112, 30.21631], [-97.73984, 30.21621], [-97.73881, 30.21609], [-97.73881, 30.21609], [-97.73497, 30.21553], [-97.73489, 30.21561], [-97.73486, 30.21563], [-97.73418, 30.21632], [-97.73323, 30.21777], [-97.73259, 30.21915], [-97.73253, 30.21921], [-97.73247, 30.21926], [-97.73239, 30.21963], [-97.73227, 30.21962], [-97.73164, 30.22097], [-97.7318, 30.22104], [-97.73286, 30.22148], [-97.73292, 30.2215], [-97.7335, 30.22168], [-97.72975, 30.22737], [-97.72924, 30.22722], [-97.72891, 30.2273], [-97.72861, 30.22727], [-97.7284, 30.22687], [-97.7282, 30.22679], [-97.72777, 30.22746], [-97.72753, 30.22736], [-97.72684, 30.22707], [-97.72684, 30.22707], [-97.72548, 30.22931], [-97.72454, 30.23088], [-97.72353, 30.23257], [-97.72428, 30.2329], [-97.72439, 30.23295], [-97.72439, 30.23295], [-97.7244, 30.23294], [-97.72473, 30.23299], [-97.72478, 30.233], [-97.72593, 30.23353], [-97.72598, 30.23356], [-97.72795, 30.23449], [-97.72791, 30.23455], [-97.72771, 30.23485], [-97.72733, 30.23542], [-97.72708, 30.23582], [-97.72661, 30.23659], [-97.72635, 30.23702], [-97.72646, 30.23704], [-97.72711, 30.23735], [-97.7274, 30.2378], [-97.72747, 30.23776], [-97.72759, 30.23773], [-97.72758, 30.23768], [-97.72761, 30.23757], [-97.7277, 30.23731], [-97.72771, 30.23728], [-97.72793, 30.23691], [-97.7285, 30.23597], [-97.7285, 30.23597], [-97.72874, 30.2361], [-97.72934, 30.23644], [-97.72953, 30.23655], [-97.72935, 30.23716], [-97.73076, 30.23804], [-97.73079, 30.23806], [-97.73085, 30.23807], [-97.73088, 30.23808], [-97.73172, 30.23828], [-97.73261, 30.23864], [-97.73217, 30.23931], [-97.7322, 30.23932], [-97.73224, 30.23934], [-97.73286, 30.23963], [-97.7329, 30.24019], [-97.733, 30.24036], [-97.73302, 30.24039], [-97.7327, 30.24048], [-97.73231, 30.24058], [-97.73139, 30.24194], [-97.73043, 30.24299], [-97.7302, 30.24284], [-97.73019, 30.24283], [-97.73005, 30.24289], [-97.72938, 30.24319]]]]}, "properties": {"campus_id": 25, "campus_name": "Lively", "role": "receiving", "role_label": "Receiving students", "school_type": "middle"}}, {"type": "Feature", "geometry": {"type": "MultiPolygon", "coordinates": [[[[-97.7827, 30.23626], [-97.78171, 30.23789], [-97.78171, 30.23789], [-97.78205, 30.23809], [-97.78208, 30.23811], [-97.78276, 30.23836], [-97.78297, 30.23844], [-97.78297, 30.23844], [-97.78232, 30.23974], [-97.78232, 30.23974], [-97.78216, 30.2403], [-97.78219, 30.24085], [-97.78219, 30.24085], [-97.78223, 30.24175], [-97.78167, 30.24262], [-97.78167, 30.24262], [-97.7814, 30.24426], [-97.78141, 30.24426], [-97.78185, 30.24398], [-97.78237, 30.24366], [-97.78237, 30.24366], [-97.78398, 30.24245], [-97.78465, 30.2419], [-97.78472, 30.24185], [-97.78537, 30.2414], [-97.78537, 30.2414], [-97.78623, 30.24078], [-97.78767, 30.23978], [-97.78886, 30.23894], [-97.78926, 30.23868], [-97.78928, 30.23866], [-97.78933, 30.23863], [-97.78943, 30.23857], [-97.78982, 30.23821], [-97.7899, 30.23813], [-97.79087, 30.2374], [-97.7915, 30.23692], [-97.79167, 30.2368], [-97.79239, 30.23629], [-97.7926, 30.23614], [-97.79276, 30.23603], [-97.79287, 30.23591], [-97.79291, 30.23587], [-97.79321, 30.23567], [-97.79446, 30.23493], [-97.7947, 30.23481], [-97.79479, 30.23476], [-97.79502, 30.23461], [-97.79511, 30.23455], [-97.79511, 30.23454], [-97.79512, 30.23453], [-97.79512, 30.23452], [-97.79513, 30.23451], [-97.79513, 30.2345], [-97.79514, 30.23449], [-97.79514, 30.23448], [-97.79515, 30.23447], [-97.79516, 30.23446], [-97.79516, 30.23445], [-97.79516, 30.23444], [-97.79517, 30.23443], [-97.79517, 30.23442], [-97.79517, 30.23441], [-97.79518, 30.2344], [-97.79518, 30.23439], [-97.79518, 30.23438], [-97.79518, 30.23437], [-97.79519, 30.23435], [-97.79519, 30.23434], [-97.79519, 30.23433], [-97.79519, 30.23432], [-97.79519, 30.23431], [-97.79519, 30.2343], [-97.79519, 30.2343], [-97.7952, 30.23429], [-97.7952, 30.23428], [-97.7952, 30.23427], [-97.7952, 30.23426], [-97.7952, 30.23425], [-97.7952, 30.23423], [-97.7952, 30.23422], [-97.7952, 30.23421], [-97.7952, 30.2342], [-97.7952, 30.23419], [-97.7952, 30.23418], [-97.79519, 30.23417], [-97.79519, 30.23416], [-97.79519, 30.23415], [-97.79519, 30.23413], [-97.79519, 30.23412], [-97.79519, 30.23411], [-97.79518, 30.2341], [-97.79518, 30.2341], [-97.79518, 30.23409], [-97.79518, 30.23409], [-97.79518, 30.23408], [-97.79518, 30.23408], [-97.79518, 30.23407], [-97.79518, 30.23406], [-97.79517, 30.23406], [-97.79517, 30.23405], [-97.79517, 30.23405], [-97.79517, 30.23404], [-97.79514, 30.23399], [-97.79512, 30.23396], [-97.79512, 30.23396], [-97.79511, 30.23396], [-97.79511, 30.23395], [-97.79505, 30.2339], [-97.79493, 30.2338], [-97.79479, 30.23367], [-97.7947, 30.23359], [-97.79512, 30.23383], [-97.79517, 30.23387], [-97.79545, 30.23406], [-97.79551, 30.23408], [-97.79556, 30.23409], [-97.79556, 30.23409], [-97.79557, 30.23409], [-97.79565, 30.23408], [-97.79567, 30.23408], [-97.79575, 30.23403], [-97.79576, 30.23403], [-97.79576, 30.23403], [-97.79577, 30.23402], [-97.79617, 30.23379], [-97.79619, 30.23378], [-97.79625, 30.23375], [-97.79628, 30.23373], [-97.7963, 30.2337], [-97.79631, 30.23367], [-97.79632, 30.23366], [-97.79667, 30.23369], [-97.79667, 30.23369], [-97.79693, 30.23344], [-97.79694, 30.23344], [-97.79725, 30.23315], [-97.79725, 30.23315], [-97.79751, 30.23291], [-97.7979, 30.23265], [-97.79839, 30.23241], [-97.79851, 30.23238], [-97.7991, 30.23223], [-97.79911, 30.23223], [-97.79914, 30.23222], [-97.79927, 30.2322], [-97.79955, 30.23215], [-97.80055, 30.23198], [-97.80055, 30.23198], [-97.80103, 30.23191], [-97.80169, 30.23181], [-97.80381, 30.23143], [-97.80381, 30.23143], [-97.80382, 30.23143], [-97.80429, 30.23136], [-97.80458, 30.23132], [-97.80512, 30.23131], [-97.80566, 30.23133], [-97.80638, 30.2314], [-97.8071, 30.23157], [-97.8071, 30.23157], [-97.80711, 30.23157], [-97.80745, 30.2317], [-97.80771, 30.2318], [-97.80891, 30.23224], [-97.80902, 30.23229], [-97.80992, 30.23263], [-97.81044, 30.23281], [-97.81092, 30.23293], [-97.81152, 30.23301], [-97.81159, 30.23302], [-97.81283, 30.23306], [-97.81283, 30.23306], [-97.81623, 30.23273], [-97.81798, 30.23261], [-97.81842, 30.23264], [-97.81842, 30.23264], [-97.81842, 30.23264], [-97.81843, 30.23264], [-97.81903, 30.23269], [-97.81952, 30.23276], [-97.81988, 30.23283], [-97.82041, 30.23299], [-97.82086, 30.23317], [-97.82217, 30.23376], [-97.82306, 30.23421], [-97.82325, 30.2343], [-97.82342, 30.23436], [-97.82523, 30.23131], [-97.82585, 30.23049], [-97.82592, 30.23041], [-97.82471, 30.2299], [-97.8253, 30.22896], [-97.82813, 30.22442], [-97.82846, 30.22448], [-97.82934, 30.22294], [-97.82974, 30.22224], [-97.82995, 30.22143], [-97.82996, 30.2214], [-97.83036, 30.21984], [-97.83461, 30.22184], [-97.83473, 30.22189], [-97.83473, 30.22189], [-97.83474, 30.22188], [-97.83479, 30.2218], [-97.83495, 30.22157], [-97.83572, 30.22043], [-97.83589, 30.22018], [-97.83619, 30.21975], [-97.83625, 30.21967], [-97.83626, 30.21966], [-97.8363, 30.2196], [-97.83654, 30.21927], [-97.83659, 30.21921], [-97.83678, 30.21896], [-97.83691, 30.21881], [-97.83708, 30.21862], [-97.83731, 30.21838], [-97.83754, 30.21816], [-97.83778, 30.21799], [-97.83797, 30.21786], [-97.83818, 30.21772], [-97.83856, 30.2175], [-97.83863, 30.21746], [-97.83883, 30.21733], [-97.83918, 30.21717], [-97.83956, 30.21701], [-97.83995, 30.21686], [-97.84031, 30.21675], [-97.84047, 30.21669], [-97.84076, 30.21661], [-97.84099, 30.21654], [-97.84119, 30.21649], [-97.84142, 30.21645], [-97.84165, 30.21641], [-97.84202, 30.21635], [-97.84251, 30.21632], [-97.84291, 30.21631], [-97.8435, 30.21631], [-97.84399, 30.21632], [-97.84419, 30.21633], [-97.84437, 30.21633], [-97.84437, 30.21633], [-97.84465, 30.21635], [-97.84477, 30.21635], [-97.84479, 30.21635], [-97.84482, 30.21637], [-97.84484, 30.21638], [-97.84528, 30.21656], [-97.84541, 30.21664], [-97.84552, 30.21664], [-97.84608, 30.21666], [-97.84608, 30.21666], [-97.84613, 30.21666], [-97.84619, 30.21666], [-97.84667, 30.21669], [-97.84812, 30.21677], [-97.84839, 30.21678], [-97.84858, 30.21679], [-97.84881, 30.21679], [-97.84915, 30.21677], [-97.84933, 30.21675], [-97.84949, 30.21673], [-97.84974, 30.21671], [-97.84994, 30.21667], [-97.85026, 30.2166], [-97.85048, 30.21655], [-97.85076, 30.21647], [-97.85099, 30.21639], [-97.85123, 30.21629], [-97.85153, 30.21617], [-97.85176, 30.21606], [-97.85197, 30.21595], [-97.85321, 30.21521], [-97.85449, 30.21439], [-97.85503, 30.21404], [-97.85536, 30.21382], [-97.85569, 30.21359], [-97.85571, 30.21358], [-97.85592, 30.21342], [-97.8562, 30.21322], [-97.85645, 30.21301], [-97.85733, 30.21225], [-97.85738, 30.21221], [-97.85838, 30.21132], [-97.85862, 30.21111], [-97.85898, 30.21081], [-97.85921, 30.21063], [-97.85939, 30.21048], [-97.85967, 30.21024], [-97.85998, 30.20998], [-97.86041, 30.20962], [-97.86058, 30.20948], [-97.86069, 30.20938], [-97.8608, 30.20929], [-97.86085, 30.20924], [-97.86092, 30.20916], [-97.86101, 30.20906], [-97.86116, 30.20889], [-97.86132, 30.20867], [-97.86158, 30.20838], [-97.86158, 30.20838], [-97.86133, 30.20823], [-97.86117, 30.20814], [-97.86117, 30.20814], [-97.86102, 30.20806], [-97.86089, 30.20798], [-97.86089, 30.20798], [-97.86115, 30.20766], [-97.86147, 30.20725], [-97.8621, 30.20645], [-97.86232, 30.20615], [-97.86269, 30.20561], [-97.86306, 30.20508], [-97.86306, 30.20508], [-97.86326, 30.20475], [-97.8635, 30.20433], [-97.86378, 30.20373], [-97.86406, 30.20318], [-97.86434, 30.20264], [-97.86459, 30.20214], [-97.86495, 30.20151], [-97.86507, 30.20127], [-97.86541, 30.20063], [-97.86544, 30.20057], [-97.86545, 30.20056], [-97.86548, 30.20049], [-97.86502, 30.20031], [-97.86464, 30.20011], [-97.86437, 30.19995], [-97.86416, 30.19982], [-97.86379, 30.19952], [-97.86375, 30.19947], [-97.86293, 30.19875], [-97.86286, 30.19868], [-97.86283, 30.19866], [-97.86033, 30.19642], [-97.86033, 30.19641], [-97.86028, 30.19636], [-97.86009, 30.19617], [-97.86006, 30.19613], [-97.85998, 30.19603], [-97.85995, 30.19598], [-97.85989, 30.19589], [-97.85972, 30.19556], [-97.85963, 30.19535], [-97.85956, 30.19519], [-97.85928, 30.19449], [-97.85919, 30.19426], [-97.8587, 30.19317], [-97.85867, 30.19311], [-97.85867, 30.1931], [-97.85864, 30.19304], [-97.85849, 30.1927], [-97.85824, 30.19212], [-97.85782, 30.19117], [-97.85655, 30.18832], [-97.85516, 30.1867], [-97.8551, 30.18663], [-97.8551, 30.18663], [-97.85504, 30.18658], [-97.85409, 30.18579], [-97.85409, 30.18579], [-97.85322, 30.18514], [-97.85305, 30.18502], [-97.85193, 30.18447], [-97.85189, 30.18445], [-97.85183, 30.18442], [-97.8505, 30.1838], [-97.84987, 30.18355], [-97.84982, 30.18353], [-97.84981, 30.18353], [-97.84977, 30.18351], [-97.8485, 30.18289], [-97.84559, 30.18152], [-97.84551, 30.18148], [-97.84551, 30.18148], [-97.84443, 30.18089], [-97.84301, 30.18018], [-97.8419, 30.17969], [-97.84187, 30.17968], [-97.84186, 30.17968], [-97.84184, 30.17966], [-97.84102, 30.17928], [-97.84102, 30.17928], [-97.84102, 30.17928], [-97.84048, 30.1801], [-97.84048, 30.18011], [-97.84047, 30.18012], [-97.8398, 30.18166], [-97.83979, 30.18167], [-97.83979, 30.18167], [-97.83979, 30.18167], [-97.83979, 30.18168], [-97.83966, 30.18201], [-97.83966, 30.18202], [-97.83946, 30.18247], [-97.83931, 30.18276], [-97.83917, 30.18298], [-97.83633, 30.18146], [-97.83632, 30.18145], [-97.83502, 30.18357], [-97.83478, 30.18395], [-97.83386, 30.18546], [-97.83366, 30.18579], [-97.83338, 30.18624], [-97.83339, 30.18624], [-97.83589, 30.18747], [-97.8359, 30.18747], [-97.83584, 30.18756], [-97.83412, 30.18998], [-97.83343, 30.19096], [-97.83342, 30.19096], [-97.83151, 30.19], [-97.83098, 30.18973], [-97.8305, 30.18952], [-97.83008, 30.18931], [-97.82889, 30.18873], [-97.82814, 30.18836], [-97.82747, 30.18805], [-97.82716, 30.18791], [-97.8271, 30.1879], [-97.82706, 30.18789], [-97.82702, 30.18788], [-97.82694, 30.18793], [-97.82564, 30.1899], [-97.82536, 30.19033], [-97.82399, 30.18961], [-97.82399, 30.18961], [-97.82324, 30.18924], [-97.82292, 30.18908], [-97.82292, 30.18907], [-97.81952, 30.18746], [-97.81951, 30.18746], [-97.81631, 30.18593], [-97.81631, 30.18593], [-97.81631, 30.18593], [-97.8163, 30.18593], [-97.81426, 30.1857], [-97.81384, 30.18565], [-97.81306, 30.18556], [-97.81291, 30.18555], [-97.81274, 30.18562], [-97.81232, 30.18581], [-97.81116, 30.18751], [-97.80853, 30.19141], [-97.80775, 30.19257], [-97.80711, 30.19351], [-97.80679, 30.19398], [-97.80613, 30.19496], [-97.80576, 30.1955], [-97.80535, 30.19611], [-97.80392, 30.19822], [-97.80412, 30.19842], [-97.80412, 30.19842], [-97.80345, 30.19876], [-97.80198, 30.20145], [-97.80193, 30.20154], [-97.80193, 30.20154], [-97.80189, 30.20161], [-97.80149, 30.20192], [-97.80094, 30.2027], [-97.80006, 30.20397], [-97.79795, 30.20699], [-97.79584, 30.21001], [-97.7936, 30.21322], [-97.79364, 30.21343], [-97.79366, 30.21354], [-97.79366, 30.21357], [-97.79298, 30.21447], [-97.79258, 30.21485], [-97.79181, 30.21542], [-97.79123, 30.21576], [-97.78944, 30.21648], [-97.78941, 30.2164], [-97.78649, 30.21753], [-97.78636, 30.21756], [-97.78589, 30.21768], [-97.78517, 30.21781], [-97.78483, 30.21786], [-97.78444, 30.2179], [-97.784, 30.21796], [-97.78288, 30.21793], [-97.78286, 30.21804], [-97.78275, 30.21857], [-97.78366, 30.219], [-97.78362, 30.21937], [-97.78362, 30.21938], [-97.78343, 30.2196], [-97.78343, 30.22044], [-97.78343, 30.22092], [-97.78352, 30.22132], [-97.7836, 30.22146], [-97.78354, 30.22159], [-97.78353, 30.22171], [-97.78344, 30.22189], [-97.78331, 30.22206], [-97.78321, 30.22224], [-97.78317, 30.22228], [-97.7831, 30.22236], [-97.78305, 30.2225], [-97.78294, 30.22259], [-97.78277, 30.22275], [-97.78262, 30.22287], [-97.78238, 30.22326], [-97.78238, 30.22326], [-97.78225, 30.22346], [-97.78225, 30.22346], [-97.78087, 30.22553], [-97.78087, 30.22553], [-97.78018, 30.2266], [-97.78018, 30.2266], [-97.77969, 30.22742], [-97.77969, 30.22742], [-97.77954, 30.22763], [-97.7795, 30.22768], [-97.77949, 30.22769], [-97.77942, 30.22778], [-97.77933, 30.22789], [-97.77933, 30.22789], [-97.77938, 30.22789], [-97.77984, 30.22791], [-97.77984, 30.22791], [-97.77984, 30.22802], [-97.77985, 30.22806], [-97.77987, 30.22808], [-97.77988, 30.22809], [-97.77991, 30.22811], [-97.77997, 30.22812], [-97.7808, 30.22817], [-97.78102, 30.22818], [-97.78131, 30.22819], [-97.78135, 30.2282], [-97.78174, 30.22825], [-97.78176, 30.22825], [-97.78189, 30.22827], [-97.78209, 30.2283], [-97.78226, 30.22833], [-97.78252, 30.22838], [-97.78277, 30.22844], [-97.78278, 30.22844], [-97.78408, 30.22874], [-97.78408, 30.22874], [-97.78381, 30.22915], [-97.78381, 30.22916], [-97.78298, 30.23045], [-97.78298, 30.23045], [-97.78209, 30.23002], [-97.78105, 30.22951], [-97.78141, 30.23028], [-97.78066, 30.23112], [-97.7804, 30.23179], [-97.78149, 30.23288], [-97.78064, 30.23329], [-97.77981, 30.23369], [-97.7792, 30.23369], [-97.77871, 30.23444], [-97.77963, 30.23497], [-97.78122, 30.23589], [-97.78171, 30.23583], [-97.78245, 30.23583], [-97.7827, 30.23626]]]]}, "properties": {"campus_id": 27, "campus_name": "Covington", "role": "receiving", "role_label": "Receiving students", "school_type": "middle"}}, {"type": "Feature", "geometry": {"type": "MultiPolygon", "coordinates": [[[[-97.73504, 30.21542], [-97.73497, 30.21553], [-97.73881, 30.21609], [-97.73881, 30.21609], [-97.73984, 30.21621], [-97.74112, 30.21631], [-97.74402, 30.21654], [-97.74402, 30.21654], [-97.74525, 30.2166], [-97.74611, 30.21658], [-97.74638, 30.21657], [-97.74711, 30.21645], [-97.74745, 30.21639], [-97.74782, 30.21633], [-97.74856, 30.21614], [-97.74877, 30.21609], [-97.74912, 30.216], [-97.74939, 30.21593], [-97.75019, 30.21575], [-97.75034, 30.21572], [-97.75042, 30.2157], [-97.75051, 30.21569], [-97.7506, 30.21569], [-97.75074, 30.21569], [-97.75079, 30.21569], [-97.75086, 30.21569], [-97.75114, 30.21571], [-97.75116, 30.21571], [-97.75125, 30.21555], [-97.75126, 30.21552], [-97.75127, 30.21552], [-97.75139, 30.21529], [-97.75172, 30.21478], [-97.75192, 30.21444], [-97.7521, 30.21414], [-97.7521, 30.21414], [-97.7521, 30.21414], [-97.75214, 30.21408], [-97.75294, 30.2128], [-97.75364, 30.21173], [-97.75391, 30.21134], [-97.75473, 30.21011], [-97.75577, 30.2084], [-97.75622, 30.20767], [-97.75678, 30.20688], [-97.75784, 30.20547], [-97.75786, 30.20544], [-97.75786, 30.20544], [-97.75786, 30.20544], [-97.75793, 30.20535], [-97.75795, 30.20532], [-97.75955, 30.2034], [-97.76033, 30.20245], [-97.76061, 30.2021], [-97.76117, 30.20142], [-97.76122, 30.20135], [-97.76167, 30.20078], [-97.76277, 30.19938], [-97.76317, 30.19885], [-97.76364, 30.19823], [-97.76366, 30.1982], [-97.76366, 30.1982], [-97.76366, 30.1982], [-97.76446, 30.1973], [-97.76467, 30.19704], [-97.76723, 30.19381], [-97.76723, 30.19381], [-97.76726, 30.19378], [-97.76882, 30.19178], [-97.77007, 30.19031], [-97.77011, 30.19025], [-97.77012, 30.19025], [-97.77012, 30.19025], [-97.77145, 30.18845], [-97.7723, 30.18735], [-97.77251, 30.18701], [-97.77251, 30.18701], [-97.77254, 30.18697], [-97.77301, 30.18625], [-97.77419, 30.18445], [-97.77426, 30.18435], [-97.77473, 30.18364], [-97.77475, 30.18362], [-97.77506, 30.18322], [-97.77633, 30.1816], [-97.77619, 30.18138], [-97.77615, 30.18133], [-97.77618, 30.18128], [-97.77492, 30.18078], [-97.77351, 30.18022], [-97.77186, 30.17951], [-97.77004, 30.17874], [-97.76991, 30.17868], [-97.76989, 30.17867], [-97.76989, 30.17867], [-97.76788, 30.17895], [-97.76626, 30.17917], [-97.76584, 30.17909], [-97.76299, 30.1786], [-97.76294, 30.1786], [-97.76293, 30.17859], [-97.76074, 30.17811], [-97.75855, 30.17763], [-97.75675, 30.17695], [-97.75542, 30.17644], [-97.75539, 30.17643], [-97.75492, 30.17491], [-97.75502, 30.17459], [-97.75305, 30.17389], [-97.75152, 30.17333], [-97.75073, 30.17298], [-97.75045, 30.1729], [-97.7502, 30.17282], [-97.74983, 30.17265], [-97.74847, 30.17251], [-97.74666, 30.17222], [-97.74537, 30.17195], [-97.74394, 30.17129], [-97.74269, 30.17047], [-97.74218, 30.17087], [-97.74197, 30.17173], [-97.74152, 30.17262], [-97.74147, 30.17322], [-97.7414, 30.17394], [-97.73886, 30.17126], [-97.73731, 30.16909], [-97.73726, 30.16902], [-97.73605, 30.16809], [-97.73609, 30.16789], [-97.73586, 30.16783], [-97.73595, 30.16837], [-97.7359, 30.16843], [-97.73588, 30.16851], [-97.73568, 30.16876], [-97.73532, 30.16902], [-97.73482, 30.1693], [-97.73429, 30.16983], [-97.73397, 30.17038], [-97.7337, 30.17091], [-97.73353, 30.17127], [-97.7333, 30.17181], [-97.73324, 30.1719], [-97.73217, 30.17427], [-97.73111, 30.17627], [-97.73093, 30.17839], [-97.73046, 30.17998], [-97.73026, 30.18083], [-97.73023, 30.18166], [-97.72984, 30.1821], [-97.72944, 30.18305], [-97.72868, 30.18396], [-97.72792, 30.1845], [-97.72732, 30.18478], [-97.72686, 30.18498], [-97.72577, 30.18502], [-97.72556, 30.18474], [-97.72539, 30.18448], [-97.72403, 30.18444], [-97.72378, 30.18452], [-97.72328, 30.1847], [-97.72282, 30.18537], [-97.72257, 30.18658], [-97.72227, 30.18783], [-97.72195, 30.18848], [-97.72237, 30.18942], [-97.72232, 30.19017], [-97.72221, 30.19108], [-97.72218, 30.19163], [-97.72233, 30.1924], [-97.72202, 30.19301], [-97.72177, 30.19409], [-97.7215, 30.19413], [-97.72165, 30.19485], [-97.72291, 30.19509], [-97.72349, 30.19467], [-97.72386, 30.19287], [-97.72533, 30.19162], [-97.72566, 30.19124], [-97.72991, 30.1918], [-97.73001, 30.19185], [-97.73013, 30.19192], [-97.73022, 30.19197], [-97.73074, 30.19221], [-97.73086, 30.19227], [-97.73103, 30.1923], [-97.73113, 30.19232], [-97.73122, 30.19263], [-97.73143, 30.1926], [-97.73154, 30.19283], [-97.73166, 30.19286], [-97.73186, 30.19293], [-97.73212, 30.19308], [-97.73236, 30.19276], [-97.73243, 30.19312], [-97.7324, 30.19331], [-97.73242, 30.19331], [-97.73263, 30.19322], [-97.73308, 30.19311], [-97.733, 30.19329], [-97.73326, 30.19339], [-97.73331, 30.19342], [-97.73341, 30.19347], [-97.73377, 30.19361], [-97.7339, 30.19354], [-97.73402, 30.19387], [-97.73396, 30.19412], [-97.73397, 30.19411], [-97.73423, 30.19396], [-97.7346, 30.19385], [-97.73464, 30.19389], [-97.73451, 30.19414], [-97.7348, 30.19433], [-97.73508, 30.19444], [-97.73537, 30.19447], [-97.73535, 30.19475], [-97.73535, 30.19475], [-97.73535, 30.19475], [-97.73558, 30.19476], [-97.73583, 30.19474], [-97.7359, 30.19472], [-97.7359, 30.19472], [-97.73608, 30.19505], [-97.73665, 30.19563], [-97.73727, 30.19577], [-97.73727, 30.19577], [-97.73721, 30.19587], [-97.73545, 30.19873], [-97.73544, 30.19875], [-97.73351, 30.20187], [-97.73337, 30.20208], [-97.73302, 30.20264], [-97.73308, 30.2028], [-97.73333, 30.20336], [-97.73335, 30.2034], [-97.72878, 30.20128], [-97.72754, 30.20289], [-97.72837, 30.20385], [-97.7253, 30.20965], [-97.72689, 30.21042], [-97.73027, 30.21204], [-97.73552, 30.21456], [-97.73555, 30.21457], [-97.73535, 30.21494], [-97.7353, 30.21503], [-97.7353, 30.21503], [-97.73521, 30.21516], [-97.73504, 30.21542]]]]}, "properties": {"campus_id": 28, "campus_name": "Mendez", "role": "receiving", "role_label": "Receiving students", "school_type": "middle"}}, {"type": "Feature", "geometry": {"type": "MultiPolygon", "coordinates": [[[[-97.85989, 30.19589], [-97.85995, 30.19598], [-97.85998, 30.19603], [-97.86006, 30.19613], [-97.86009, 30.19617], [-97.86028, 30.19636], [-97.86033, 30.19641], [-97.86033, 30.19642], [-97.86283, 30.19866], [-97.86286, 30.19868], [-97.86293, 30.19875], [-97.86375, 30.19947], [-97.86379, 30.19952], [-97.86416, 30.19982], [-97.86437, 30.19995], [-97.86464, 30.20011], [-97.86502, 30.20031], [-97.86548, 30.20049], [-97.86549, 30.20047], [-97.86592, 30.19975], [-97.86608, 30.1995], [-97.86648, 30.19904], [-97.86689, 30.1986], [-97.8673, 30.19816], [-97.86777, 30.19767], [-97.8683, 30.19703], [-97.86911, 30.1959], [-97.86912, 30.19585], [-97.86831, 30.19591], [-97.86677, 30.1956], [-97.8658, 30.19497], [-97.86577, 30.19487], [-97.86562, 30.1943], [-97.86565, 30.19366], [-97.86588, 30.19313], [-97.86592, 30.19301], [-97.86618, 30.19237], [-97.86623, 30.19165], [-97.86614, 30.19112], [-97.86564, 30.19058], [-97.8649, 30.19038], [-97.86401, 30.19067], [-97.86293, 30.19066], [-97.86233, 30.19004], [-97.86165, 30.18925], [-97.86154, 30.18908], [-97.86129, 30.18866], [-97.86095, 30.18811], [-97.86118, 30.18743], [-97.86128, 30.18715], [-97.8616, 30.18674], [-97.86215, 30.18602], [-97.86333, 30.18492], [-97.86385, 30.18389], [-97.87022, 30.18497], [-97.87102, 30.18529], [-97.87166, 30.18554], [-97.87265, 30.18797], [-97.8725, 30.18945], [-97.87346, 30.19004], [-97.87357, 30.19014], [-97.87359, 30.19012], [-97.87388, 30.18986], [-97.87413, 30.18967], [-97.87444, 30.18945], [-97.87584, 30.18848], [-97.87622, 30.18813], [-97.87651, 30.18784], [-97.87684, 30.18748], [-97.87703, 30.18726], [-97.87748, 30.18666], [-97.87805, 30.18582], [-97.87919, 30.18402], [-97.87961, 30.18315], [-97.87994, 30.18245], [-97.88012, 30.182], [-97.88027, 30.18168], [-97.88045, 30.18135], [-97.88063, 30.18109], [-97.88111, 30.18049], [-97.88111, 30.18049], [-97.88143, 30.18008], [-97.88165, 30.17979], [-97.88191, 30.1795], [-97.88192, 30.1795], [-97.88203, 30.17939], [-97.8822, 30.17921], [-97.88275, 30.17872], [-97.88298, 30.17848], [-97.88325, 30.17812], [-97.88407, 30.17696], [-97.88486, 30.17576], [-97.88486, 30.17576], [-97.88487, 30.17575], [-97.886, 30.1744], [-97.88726, 30.17289], [-97.88751, 30.1726], [-97.88885, 30.17261], [-97.88892, 30.17261], [-97.89361, 30.17264], [-97.89377, 30.17006], [-97.89454, 30.15705], [-97.88373, 30.14925], [-97.88296, 30.14861], [-97.88234, 30.14818], [-97.88076, 30.14706], [-97.88061, 30.14696], [-97.87866, 30.14547], [-97.87436, 30.1422], [-97.87427, 30.14214], [-97.8689, 30.13844], [-97.8686, 30.13823], [-97.86656, 30.13683], [-97.86549, 30.13609], [-97.85792, 30.13056], [-97.85785, 30.13051], [-97.85739, 30.13102], [-97.85679, 30.13149], [-97.85678, 30.1315], [-97.85314, 30.13466], [-97.85212, 30.13551], [-97.85122, 30.1364], [-97.85117, 30.13646], [-97.85061, 30.13711], [-97.85008, 30.1375], [-97.84935, 30.13786], [-97.84912, 30.138], [-97.84871, 30.13825], [-97.84871, 30.13826], [-97.84788, 30.1397], [-97.84729, 30.14047], [-97.84662, 30.14097], [-97.84663, 30.14099], [-97.84748, 30.142], [-97.84738, 30.14213], [-97.84717, 30.1423], [-97.84697, 30.1426], [-97.84694, 30.14264], [-97.8469, 30.14296], [-97.84694, 30.1446], [-97.84695, 30.14467], [-97.84699, 30.14585], [-97.847, 30.14613], [-97.84703, 30.14715], [-97.84711, 30.14947], [-97.84391, 30.14956], [-97.84356, 30.14957], [-97.8425, 30.1496], [-97.84024, 30.14959], [-97.83909, 30.14959], [-97.83321, 30.14974], [-97.8332, 30.14974], [-97.83321, 30.1504], [-97.83321, 30.1504], [-97.83327, 30.15327], [-97.83327, 30.15327], [-97.83327, 30.15327], [-97.83329, 30.15438], [-97.83329, 30.15459], [-97.83329, 30.15472], [-97.83329, 30.15472], [-97.83329, 30.15473], [-97.83327, 30.15541], [-97.83331, 30.1571], [-97.83331, 30.15713], [-97.83331, 30.15713], [-97.83331, 30.15876], [-97.83331, 30.15876], [-97.83335, 30.15922], [-97.83338, 30.1595], [-97.83334, 30.15971], [-97.83326, 30.16011], [-97.83318, 30.16035], [-97.83314, 30.16046], [-97.83311, 30.16051], [-97.83289, 30.16085], [-97.83201, 30.16203], [-97.83199, 30.16205], [-97.83199, 30.16205], [-97.83147, 30.16176], [-97.83134, 30.16159], [-97.82923, 30.1603], [-97.82917, 30.16022], [-97.82863, 30.15951], [-97.82834, 30.15932], [-97.82791, 30.1587], [-97.82771, 30.15861], [-97.82751, 30.1588], [-97.82736, 30.15876], [-97.82645, 30.15701], [-97.82632, 30.15675], [-97.8262, 30.15668], [-97.8261, 30.15648], [-97.8261, 30.15598], [-97.82583, 30.15581], [-97.82505, 30.15827], [-97.824, 30.16157], [-97.82399, 30.16159], [-97.82353, 30.16304], [-97.82252, 30.16619], [-97.82011, 30.17372], [-97.82007, 30.17383], [-97.82005, 30.17389], [-97.82, 30.17389], [-97.81895, 30.17645], [-97.81751, 30.17886], [-97.81736, 30.17907], [-97.81911, 30.17994], [-97.81949, 30.18012], [-97.81987, 30.18031], [-97.81985, 30.18033], [-97.81985, 30.18034], [-97.8189, 30.18187], [-97.8183, 30.18281], [-97.81697, 30.1849], [-97.81697, 30.1849], [-97.81631, 30.18593], [-97.81631, 30.18593], [-97.81631, 30.18593], [-97.81631, 30.18593], [-97.81951, 30.18746], [-97.81952, 30.18746], [-97.82292, 30.18907], [-97.82292, 30.18908], [-97.82324, 30.18924], [-97.82399, 30.18961], [-97.82399, 30.18961], [-97.82536, 30.19033], [-97.82564, 30.1899], [-97.82694, 30.18793], [-97.82702, 30.18788], [-97.82706, 30.18789], [-97.8271, 30.1879], [-97.82716, 30.18791], [-97.82747, 30.18805], [-97.82814, 30.18836], [-97.82889, 30.18873], [-97.83008, 30.18931], [-97.8305, 30.18952], [-97.83098, 30.18973], [-97.83151, 30.19], [-97.83342, 30.19096], [-97.83343, 30.19096], [-97.83412, 30.18998], [-97.83584, 30.18756], [-97.8359, 30.18747], [-97.83589, 30.18747], [-97.83339, 30.18624], [-97.83338, 30.18624], [-97.83366, 30.18579], [-97.83386, 30.18546], [-97.83478, 30.18395], [-97.83502, 30.18357], [-97.83632, 30.18145], [-97.83633, 30.18146], [-97.83917, 30.18298], [-97.83931, 30.18276], [-97.83946, 30.18247], [-97.83966, 30.18202], [-97.83966, 30.18201], [-97.83979, 30.18168], [-97.83979, 30.18167], [-97.83979, 30.18167], [-97.83979, 30.18167], [-97.8398, 30.18166], [-97.84047, 30.18012], [-97.84048, 30.18011], [-97.84048, 30.1801], [-97.84102, 30.17928], [-97.84102, 30.17928], [-97.84102, 30.17928], [-97.84184, 30.17966], [-97.84186, 30.17968], [-97.84187, 30.17968], [-97.8419, 30.17969], [-97.84301, 30.18018], [-97.84443, 30.18089], [-97.84551, 30.18148], [-97.84551, 30.18148], [-97.84559, 30.18152], [-97.8485, 30.18289], [-97.84977, 30.18351], [-97.84981, 30.18353], [-97.84982, 30.18353], [-97.84987, 30.18355], [-97.8505, 30.1838], [-97.85183, 30.18442], [-97.85189, 30.18445], [-97.85193, 30.18447], [-97.85305, 30.18502], [-97.85322, 30.18514], [-97.85409, 30.18579], [-97.85409, 30.18579], [-97.85504, 30.18658], [-97.8551, 30.18663], [-97.8551, 30.18663], [-97.85516, 30.1867], [-97.85655, 30.18832], [-97.85782, 30.19117], [-97.85824, 30.19212], [-97.85849, 30.1927], [-97.85864, 30.19304], [-97.85867, 30.1931], [-97.85867, 30.19311], [-97.8587, 30.19317], [-97.85919, 30.19426], [-97.85928, 30.19449], [-97.85956, 30.19519], [-97.85963, 30.19535], [-97.85972, 30.19556], [-97.85989, 30.19589]]]]}, "properties": {"campus_id": 29, "campus_name": "Bailey", "role": "receiving", "role_label": "Receiving students", "school_type": "middle"}}]}