{
"type": "FeatureCollection",
"name": "council_districts",
"crs": { "type": "name", "properties": { "name": "urn:ogc:def:crs:OGC:1.3:CRS84" } },
"xy_coordinate_resolution": 1e-05,
"features": [
{"type":"Feature","properties":{"district_number":"7","district_name":"District 7"},"geometry":{"type":"MultiPolygon","coordinates":[[[[-97.74158,30.3154],[-97.74078,30.31669],[-97.73992,30.31802],[-97.73957,30.3186],[-97.73756,30.31766],[-97.73686,30.31877],[-97.73648,30.31939],[-97.73575,30.32053],[-97.73532,30.32118],[-97.7349,30.32185],[-97.73402,30.32328],[-97.7331,30.32283],[-97.73208,30.32237],[-97.73188,30.32226],[-97.73189,30.32218],[-97.73355,30.31942],[-97.7338,30.31903],[-97.7324,30.31835],[-97.73168,30.31789],[-97.73147,30.31776],[-97.73114,30.31827],[-97.73083,30.31869],[-97.7303,30.31961],[-97.7294,30.32109],[-97.72883,30.32201],[-97.72826,30.32295],[-97.72809,30.32322],[-97.72671,30.32538],[-97.72664,30.3255],[-97.72634,30.32596],[-97.7252,30.3278],[-97.72372,30.33012],[-97.72358,30.33034],[-97.72277,30.33159],[-97.72125,30.334],[-97.72018,30.33568],[-97.71957,30.3367],[-97.71913,30.33734],[-97.71902,30.3375],[-97.71886,30.33772],[-97.71789,30.33932],[-97.71783,30.33941],[-97.71736,30.34016],[-97.71678,30.34107],[-97.71597,30.34235],[-97.71498,30.34397],[-97.71496,30.34399],[-97.71493,30.34404],[-97.71485,30.34419],[-97.71457,30.34465],[-97.71442,30.34488],[-97.71393,30.34561],[-97.71333,30.34649],[-97.71309,30.34684],[-97.7128,30.34727],[-97.71313,30.34755],[-97.7132,30.34761],[-97.71326,30.3477],[-97.71339,30.34789],[-97.71346,30.34803],[-97.71355,30.34806],[-97.71368,30.34807],[-97.71393,30.34803],[-97.71461,30.34842],[-97.71628,30.34921],[-97.71769,30.34991],[-97.71851,30.35028],[-97.71859,30.35032],[-97.7193,30.35066],[-97.72025,30.3511],[-97.72112,30.35151],[-97.72208,30.35198],[-97.7226,30.35219],[-97.72267,30.35223],[-97.72324,30.35251],[-97.72504,30.35337],[-97.72602,30.35384],[-97.727,30.35428],[-97.72998,30.35572],[-97.73091,30.35615],[-97.73088,30.35621],[-97.73032,30.35815],[-97.73022,30.35862],[-97.7298,30.36006],[-97.72935,30.36185],[-97.72907,30.36291],[-97.729,30.36316],[-97.72861,30.36453],[-97.72819,30.36605],[-97.72775,30.36771],[-97.72759,30.36829],[-97.72737,30.36924],[-97.72688,30.37104],[-97.72656,30.37222],[-97.72639,30.37284],[-97.72635,30.37303],[-97.72631,30.37323],[-97.72627,30.3735],[-97.72543,30.3731],[-97.72489,30.37284],[-97.72386,30.37237],[-97.7238,30.37256],[-97.72373,30.37274],[-97.72365,30.37293],[-97.72353,30.37317],[-97.72342,30.37335],[-97.72331,30.37352],[-97.72313,30.37376],[-97.72288,30.37422],[-97.72064,30.37836],[-97.72006,30.37945],[-97.71999,30.3797],[-97.71992,30.37989],[-97.71984,30.38007],[-97.71972,30.38031],[-97.71959,30.38054],[-97.71954,30.38062],[-97.71924,30.38197],[-97.71908,30.3827],[-97.71827,30.38584],[-97.71721,30.38998],[-97.71716,30.39018],[-97.71716,30.3902],[-97.71715,30.39022],[-97.71712,30.39034],[-97.71699,30.39084],[-97.71629,30.39329],[-97.71626,30.39327],[-97.71615,30.39322],[-97.71515,30.39272],[-97.7149,30.39228],[-97.71407,30.39093],[-97.71401,30.39085],[-97.71398,30.39082],[-97.71385,30.39087],[-97.71373,30.39093],[-97.71353,30.39106],[-97.71333,30.3912],[-97.71312,30.3914],[-97.71291,30.39162],[-97.71255,30.39211],[-97.71228,30.3924],[-97.71201,30.3926],[-97.71162,30.39282],[-97.71128,30.39296],[-97.7108,30.39303],[-97.71068,30.39304],[-97.71047,30.39305],[-97.71018,30.39302],[-97.70983,30.39294],[-97.70962,30.39287],[-97.70939,30.39277],[-97.70883,30.39251],[-97.70845,30.39233],[-97.70838,30.39229],[-97.70828,30.39224],[-97.70825,30.39222],[-97.70454,30.3907],[-97.70348,30.39026],[-97.70337,30.3902],[-97.70326,30.39017],[-97.70282,30.38996],[-97.70175,30.38937],[-97.70173,30.38935],[-97.70168,30.38933],[-97.7003,30.3885],[-97.70026,30.38848],[-97.70023,30.38846],[-97.69868,30.38762],[-97.69867,30.38761],[-97.69861,30.38758],[-97.69783,30.38714],[-97.69779,30.38712],[-97.69774,30.3871],[-97.69593,30.38614],[-97.69581,30.38608],[-97.69573,30.38604],[-97.6946,30.38544],[-97.69447,30.38539],[-97.69434,30.38531],[-97.69301,30.38474],[-97.69291,30.3847],[-97.69284,30.38467],[-97.69192,30.38432],[-97.69114,30.38393],[-97.69034,30.38354],[-97.69022,30.38349],[-97.68954,30.38316],[-97.68944,30.38312],[-97.68931,30.38311],[-97.68922,30.38309],[-97.68916,30.38306],[-97.68873,30.38285],[-97.68834,30.38271],[-97.68795,30.38258],[-97.68761,30.38243],[-97.68709,30.3822],[-97.68678,30.38207],[-97.68652,30.382],[-97.68639,30.38193],[-97.68527,30.38121],[-97.68521,30.38118],[-97.68475,30.38094],[-97.68344,30.38024],[-97.6827,30.37973],[-97.68183,30.37928],[-97.68132,30.37903],[-97.681,30.37893],[-97.6802,30.37856],[-97.67937,30.37818],[-97.67763,30.3774],[-97.67694,30.37722],[-97.67672,30.37718],[-97.67649,30.37713],[-97.67617,30.37706],[-97.67551,30.37821],[-97.67524,30.37869],[-97.67492,30.37931],[-97.67468,30.37985],[-97.67465,30.37992],[-97.67458,30.38012],[-97.6744,30.3807],[-97.67439,30.38073],[-97.67427,30.38112],[-97.67425,30.38122],[-97.67416,30.38159],[-97.67408,30.38197],[-97.67388,30.38276],[-97.67369,30.38365],[-97.67342,30.38479],[-97.6731,30.38614],[-97.67261,30.3882],[-97.67258,30.38838],[-97.67253,30.38838],[-97.67238,30.38838],[-97.67237,30.38843],[-97.67162,30.39173],[-97.67151,30.39285],[-97.67147,30.39335],[-97.67154,30.39434],[-97.6716,30.39476],[-97.67172,30.39535],[-97.67187,30.39578],[-97.67232,30.39717],[-97.6726,30.39769],[-97.67304,30.39854],[-97.67328,30.39903],[-97.67328,30.39905],[-97.67332,30.39912],[-97.67334,30.39915],[-97.6734,30.39929],[-97.67348,30.39929],[-97.6736,30.3993],[-97.67374,30.3993],[-97.67389,30.3993],[-97.67394,30.3993],[-97.67404,30.39958],[-97.67407,30.39966],[-97.6742,30.39989],[-97.67431,30.4001],[-97.67466,30.40081],[-97.67495,30.40159],[-97.67511,30.4021],[-97.67515,30.40227],[-97.67528,30.40302],[-97.67529,30.4031],[-97.67537,30.40354],[-97.67542,30.40444],[-97.67541,30.40477],[-97.67536,30.4065],[-97.67529,30.40745],[-97.67529,30.4075],[-97.67525,30.40803],[-97.67473,30.40799],[-97.67452,30.40796],[-97.67448,30.40795],[-97.67396,30.40786],[-97.67382,30.4078],[-97.67322,30.40752],[-97.67277,30.40733],[-97.67231,30.4071],[-97.67169,30.40685],[-97.67067,30.40636],[-97.67021,30.40612],[-97.67004,30.40603],[-97.66954,30.4058],[-97.66906,30.40563],[-97.66882,30.40556],[-97.66848,30.40545],[-97.66605,30.40525],[-97.66579,30.40524],[-97.66407,30.40517],[-97.66404,30.40516],[-97.66387,30.40514],[-97.66325,30.40497],[-97.66312,30.40493],[-97.66268,30.40476],[-97.66136,30.40413],[-97.65842,30.40272],[-97.65753,30.40226],[-97.65735,30.40216],[-97.65705,30.40196],[-97.6567,30.40174],[-97.65644,30.40153],[-97.65601,30.40109],[-97.6556,30.40062],[-97.65538,30.40028],[-97.65508,30.39963],[-97.65502,30.39951],[-97.65487,30.39954],[-97.65479,30.39956],[-97.65263,30.40003],[-97.65246,30.39944],[-97.65217,30.39852],[-97.65215,30.39845],[-97.65204,30.39825],[-97.65191,30.3981],[-97.65175,30.39792],[-97.65163,30.39782],[-97.65149,30.39773],[-97.65111,30.39753],[-97.65003,30.39698],[-97.64917,30.39656],[-97.64834,30.39617],[-97.6475,30.39576],[-97.64683,30.39544],[-97.64658,30.39534],[-97.6464,30.39529],[-97.64622,30.39527],[-97.64567,30.39525],[-97.64552,30.39523],[-97.64536,30.3952],[-97.64525,30.39516],[-97.64484,30.39496],[-97.6444,30.39475],[-97.64431,30.39489],[-97.6443,30.39491],[-97.64318,30.3966],[-97.6409,30.40007],[-97.64082,30.40019],[-97.64074,30.40031],[-97.64035,30.40091],[-97.63873,30.40343],[-97.6386,30.40361],[-97.63858,30.40365],[-97.63851,30.40375],[-97.63833,30.40366],[-97.63787,30.40444],[-97.63794,30.40448],[-97.63802,30.40451],[-97.63787,30.40474],[-97.63756,30.40517],[-97.63712,30.40581],[-97.6369,30.40607],[-97.63663,30.40644],[-97.6364,30.40676],[-97.6361,30.40708],[-97.63589,30.40742],[-97.6358,30.40755],[-97.63573,30.40769],[-97.63572,30.40773],[-97.63555,30.40836],[-97.63547,30.40884],[-97.63512,30.41006],[-97.63495,30.41067],[-97.63478,30.41107],[-97.63463,30.41141],[-97.63427,30.41207],[-97.63393,30.4126],[-97.63345,30.41344],[-97.63376,30.41359],[-97.63411,30.41376],[-97.63425,30.41383],[-97.63433,30.41387],[-97.63438,30.41389],[-97.63453,30.41396],[-97.63466,30.41403],[-97.63473,30.41406],[-97.63481,30.4141],[-97.6349,30.41413],[-97.63495,30.41416],[-97.63519,30.41427],[-97.63524,30.4143],[-97.63529,30.41432],[-97.63531,30.41432],[-97.63533,30.41433],[-97.63548,30.41441],[-97.63559,30.41446],[-97.63561,30.41447],[-97.63566,30.41449],[-97.63569,30.41451],[-97.63573,30.41452],[-97.63581,30.41456],[-97.63582,30.41457],[-97.63587,30.41459],[-97.63589,30.4146],[-97.63606,30.41467],[-97.63625,30.41477],[-97.63654,30.41491],[-97.63658,30.41493],[-97.63667,30.41497],[-97.63671,30.41499],[-97.63682,30.41504],[-97.6369,30.41508],[-97.63697,30.41511],[-97.63707,30.41516],[-97.63713,30.41519],[-97.63715,30.4152],[-97.63716,30.41521],[-97.63721,30.41523],[-97.63734,30.41529],[-97.63742,30.41533],[-97.63744,30.41534],[-97.6375,30.41537],[-97.63769,30.41546],[-97.63782,30.41552],[-97.63788,30.41557],[-97.6379,30.4156],[-97.63807,30.41568],[-97.63855,30.41591],[-97.63898,30.41612],[-97.63909,30.41617],[-97.63986,30.41655],[-97.63995,30.41659],[-97.64003,30.41662],[-97.64043,30.41682],[-97.64069,30.41694],[-97.64167,30.41742],[-97.64295,30.41804],[-97.64319,30.41768],[-97.64332,30.41748],[-97.64353,30.41715],[-97.6436,30.41704],[-97.64366,30.41695],[-97.64373,30.41683],[-97.64385,30.41665],[-97.6439,30.41657],[-97.64396,30.41648],[-97.64405,30.41633],[-97.64409,30.41627],[-97.64415,30.41618],[-97.64417,30.41614],[-97.64422,30.41607],[-97.64427,30.416],[-97.64428,30.41598],[-97.64433,30.41591],[-97.64435,30.41588],[-97.64442,30.41577],[-97.64442,30.41576],[-97.6445,30.41564],[-97.64457,30.41553],[-97.64464,30.41543],[-97.64471,30.41532],[-97.64473,30.41528],[-97.64477,30.41521],[-97.6448,30.41517],[-97.64484,30.4151],[-97.64486,30.41508],[-97.64487,30.41506],[-97.64491,30.415],[-97.64495,30.41494],[-97.64496,30.41492],[-97.64498,30.41488],[-97.64505,30.41478],[-97.6451,30.4147],[-97.64515,30.41463],[-97.6452,30.41454],[-97.64527,30.41445],[-97.64545,30.41417],[-97.64592,30.41346],[-97.64609,30.4132],[-97.64623,30.41299],[-97.64635,30.41277],[-97.64653,30.41251],[-97.64667,30.41229],[-97.64773,30.41068],[-97.64782,30.41055],[-97.64847,30.40956],[-97.64859,30.4096],[-97.64878,30.40971],[-97.6491,30.40993],[-97.64928,30.41009],[-97.6496,30.41046],[-97.65011,30.41115],[-97.65046,30.4118],[-97.65052,30.41191],[-97.6506,30.41202],[-97.65075,30.41218],[-97.65096,30.41236],[-97.65116,30.41251],[-97.65148,30.41271],[-97.6515,30.41272],[-97.65184,30.41288],[-97.652,30.41297],[-97.65296,30.41345],[-97.65347,30.4137],[-97.65388,30.41391],[-97.65408,30.41401],[-97.6542,30.41408],[-97.65444,30.41423],[-97.65457,30.41436],[-97.65461,30.4144],[-97.65478,30.41456],[-97.65493,30.41475],[-97.65546,30.41539],[-97.65557,30.41553],[-97.65562,30.41559],[-97.65567,30.41566],[-97.65586,30.41589],[-97.65626,30.41638],[-97.6564,30.41654],[-97.65658,30.41671],[-97.65687,30.41695],[-97.65777,30.41762],[-97.65843,30.41813],[-97.65856,30.41823],[-97.65869,30.41832],[-97.65878,30.41841],[-97.65903,30.41857],[-97.65928,30.4187],[-97.65972,30.41892],[-97.66028,30.41918],[-97.66072,30.41941],[-97.66079,30.41944],[-97.66093,30.41951],[-97.66139,30.41971],[-97.6618,30.41989],[-97.66202,30.42001],[-97.66229,30.42013],[-97.66254,30.42026],[-97.66269,30.42033],[-97.66307,30.42051],[-97.66351,30.42072],[-97.66343,30.42084],[-97.66341,30.42086],[-97.66337,30.42093],[-97.66333,30.42098],[-97.66226,30.42082],[-97.66221,30.42081],[-97.66202,30.42078],[-97.66197,30.42077],[-97.66193,30.42077],[-97.66107,30.42298],[-97.66024,30.42511],[-97.65998,30.42578],[-97.65936,30.42735],[-97.66018,30.42748],[-97.66222,30.42779],[-97.66276,30.42788],[-97.66301,30.42792],[-97.66473,30.42819],[-97.66483,30.4282],[-97.66488,30.4267],[-97.66493,30.42496],[-97.66493,30.42477],[-97.66502,30.42146],[-97.66578,30.42182],[-97.66764,30.42279],[-97.66874,30.42334],[-97.66868,30.42343],[-97.66788,30.42469],[-97.66725,30.42568],[-97.66714,30.42586],[-97.6671,30.42594],[-97.66682,30.4264],[-97.66659,30.42676],[-97.66648,30.42693],[-97.66631,30.42718],[-97.6663,30.42721],[-97.66628,30.42723],[-97.66601,30.42766],[-97.66525,30.42885],[-97.6652,30.42894],[-97.66421,30.43047],[-97.66335,30.43182],[-97.66268,30.43288],[-97.66242,30.43328],[-97.6592,30.43167],[-97.65875,30.43145],[-97.6581,30.43114],[-97.65672,30.43047],[-97.65659,30.43041],[-97.65645,30.43034],[-97.65607,30.43016],[-97.65527,30.42978],[-97.65419,30.42925],[-97.651,30.4277],[-97.65096,30.42777],[-97.65047,30.42855],[-97.65029,30.42883],[-97.65025,30.42889],[-97.65015,30.42905],[-97.65008,30.42916],[-97.65,30.42928],[-97.64986,30.42949],[-97.65001,30.42956],[-97.65044,30.42977],[-97.65075,30.42996],[-97.65109,30.43021],[-97.6514,30.43047],[-97.65166,30.43074],[-97.6517,30.43079],[-97.65189,30.43103],[-97.65198,30.43114],[-97.65214,30.43143],[-97.65235,30.43182],[-97.65253,30.43216],[-97.65279,30.43265],[-97.65284,30.43276],[-97.65291,30.4329],[-97.65295,30.43298],[-97.65291,30.43304],[-97.65285,30.43315],[-97.65203,30.43445],[-97.65142,30.43543],[-97.65112,30.43591],[-97.65105,30.43601],[-97.65101,30.43606],[-97.651,30.43607],[-97.651,30.43609],[-97.65094,30.43618],[-97.65072,30.43652],[-97.65069,30.43657],[-97.65056,30.43677],[-97.65059,30.43678],[-97.65094,30.43696],[-97.65151,30.43724],[-97.65164,30.43731],[-97.65176,30.43736],[-97.65195,30.43745],[-97.65198,30.43747],[-97.65217,30.43756],[-97.65226,30.4376],[-97.65228,30.43761],[-97.65248,30.4377],[-97.65256,30.43774],[-97.65275,30.43783],[-97.65289,30.4379],[-97.65316,30.43803],[-97.65343,30.43816],[-97.654,30.43844],[-97.65414,30.4385],[-97.65468,30.43876],[-97.65518,30.439],[-97.65522,30.43901],[-97.65526,30.43903],[-97.65539,30.4391],[-97.65551,30.43915],[-97.65554,30.43917],[-97.65558,30.43919],[-97.65565,30.43913],[-97.65567,30.43914],[-97.65574,30.43917],[-97.656,30.4393],[-97.65614,30.43937],[-97.65627,30.43943],[-97.65632,30.43946],[-97.65638,30.43948],[-97.65652,30.43955],[-97.65655,30.43956],[-97.65662,30.43959],[-97.65801,30.44026],[-97.65804,30.44027],[-97.65811,30.44031],[-97.65812,30.44031],[-97.65818,30.44034],[-97.65825,30.44037],[-97.65832,30.44041],[-97.65838,30.44043],[-97.65846,30.44047],[-97.6585,30.44049],[-97.65863,30.44056],[-97.65871,30.44059],[-97.65872,30.4406],[-97.65877,30.44062],[-97.65879,30.44063],[-97.65893,30.44073],[-97.65903,30.44082],[-97.65912,30.44088],[-97.65918,30.44091],[-97.65931,30.44097],[-97.65936,30.441],[-97.66001,30.44132],[-97.66045,30.44154],[-97.66098,30.44179],[-97.6612,30.44189],[-97.66154,30.44205],[-97.66162,30.44209],[-97.66167,30.44211],[-97.66171,30.44213],[-97.66184,30.44219],[-97.66201,30.44227],[-97.66219,30.44236],[-97.66299,30.44273],[-97.6631,30.44279],[-97.66334,30.4429],[-97.66353,30.44298],[-97.6635,30.44303],[-97.6634,30.4432],[-97.66352,30.44327],[-97.66406,30.44353],[-97.66442,30.44371],[-97.66473,30.44386],[-97.66447,30.44422],[-97.664,30.44499],[-97.66351,30.44578],[-97.66301,30.4466],[-97.66297,30.44675],[-97.66268,30.44721],[-97.66254,30.44743],[-97.66221,30.44792],[-97.66199,30.44828],[-97.66181,30.4482],[-97.66175,30.44817],[-97.66167,30.44829],[-97.66159,30.4488],[-97.66151,30.44946],[-97.66151,30.44989],[-97.66156,30.45016],[-97.66163,30.4504],[-97.66213,30.45167],[-97.66224,30.45182],[-97.66226,30.45186],[-97.66224,30.4519],[-97.66269,30.45278],[-97.6639,30.45516],[-97.66396,30.45521],[-97.664,30.45529],[-97.66407,30.45543],[-97.6642,30.45568],[-97.66433,30.45594],[-97.66436,30.45594],[-97.66441,30.45626],[-97.66443,30.45638],[-97.66454,30.45637],[-97.66463,30.45654],[-97.66537,30.45798],[-97.66524,30.45802],[-97.66351,30.45865],[-97.6631,30.45928],[-97.66355,30.45952],[-97.66378,30.45965],[-97.66387,30.45972],[-97.66396,30.45978],[-97.66406,30.45986],[-97.66414,30.45997],[-97.66416,30.46],[-97.66418,30.46002],[-97.66419,30.46004],[-97.66421,30.46006],[-97.66422,30.46009],[-97.66424,30.46012],[-97.66426,30.46015],[-97.66428,30.4602],[-97.66454,30.4607],[-97.6646,30.4608],[-97.66464,30.4609],[-97.66465,30.46092],[-97.66466,30.46094],[-97.66467,30.46097],[-97.66469,30.461],[-97.6647,30.46104],[-97.66471,30.46107],[-97.66472,30.46111],[-97.66472,30.46114],[-97.66473,30.46117],[-97.66473,30.46121],[-97.66473,30.46125],[-97.66473,30.46128],[-97.66473,30.46132],[-97.66532,30.46134],[-97.66569,30.46205],[-97.66591,30.4617],[-97.66617,30.4625],[-97.66637,30.46311],[-97.66648,30.46349],[-97.66674,30.46429],[-97.66685,30.46464],[-97.66723,30.46584],[-97.66742,30.46643],[-97.66771,30.46735],[-97.66807,30.46856],[-97.66776,30.46904],[-97.66774,30.46908],[-97.66862,30.4695],[-97.66874,30.46956],[-97.6687,30.4696],[-97.66868,30.46963],[-97.66885,30.4697],[-97.66922,30.46982],[-97.66925,30.46982],[-97.66953,30.46983],[-97.6699,30.46977],[-97.67001,30.46975],[-97.67005,30.46974],[-97.67018,30.46972],[-97.67022,30.46984],[-97.67032,30.46984],[-97.67034,30.46985],[-97.67052,30.46986],[-97.67072,30.46988],[-97.67149,30.46992],[-97.67172,30.46993],[-97.67176,30.47007],[-97.67177,30.47011],[-97.67194,30.4701],[-97.67215,30.47009],[-97.67238,30.47008],[-97.67259,30.47008],[-97.67279,30.47008],[-97.67283,30.47009],[-97.67303,30.4701],[-97.67324,30.47012],[-97.67344,30.47014],[-97.67365,30.47017],[-97.67386,30.4702],[-97.67406,30.47025],[-97.67426,30.47029],[-97.67446,30.47034],[-97.67464,30.47036],[-97.67532,30.4692],[-97.67549,30.46891],[-97.67575,30.46846],[-97.67576,30.46844],[-97.6758,30.46837],[-97.67585,30.4683],[-97.67592,30.46818],[-97.67603,30.46823],[-97.67608,30.46826],[-97.6761,30.46821],[-97.67709,30.46659],[-97.67697,30.46653],[-97.67588,30.46594],[-97.67562,30.46581],[-97.67474,30.46537],[-97.67445,30.46523],[-97.67348,30.46474],[-97.67334,30.46467],[-97.67334,30.46441],[-97.67362,30.46391],[-97.67387,30.46351],[-97.67461,30.46233],[-97.67477,30.46224],[-97.67526,30.4614],[-97.67517,30.46135],[-97.67516,30.46134],[-97.67408,30.46082],[-97.67267,30.46013],[-97.67258,30.46008],[-97.67161,30.45961],[-97.6712,30.45941],[-97.6708,30.45922],[-97.67025,30.45895],[-97.67,30.45883],[-97.6699,30.45878],[-97.66933,30.4585],[-97.66927,30.45847],[-97.66841,30.45805],[-97.66829,30.45799],[-97.66835,30.4579],[-97.6694,30.45628],[-97.66947,30.45617],[-97.6695,30.45612],[-97.66988,30.45547],[-97.66941,30.45525],[-97.66859,30.45485],[-97.66777,30.45444],[-97.66697,30.45407],[-97.66665,30.45395],[-97.66658,30.4534],[-97.66659,30.45298],[-97.6666,30.45277],[-97.66663,30.45256],[-97.6667,30.45207],[-97.66677,30.45158],[-97.66698,30.45036],[-97.66761,30.44698],[-97.66778,30.44604],[-97.66802,30.4448],[-97.66804,30.4447],[-97.66805,30.44466],[-97.6681,30.44446],[-97.6685,30.44453],[-97.66853,30.44435],[-97.66856,30.44421],[-97.66859,30.44423],[-97.66932,30.44459],[-97.66944,30.4444],[-97.66962,30.44411],[-97.66991,30.44365],[-97.66959,30.44349],[-97.66894,30.44318],[-97.66875,30.4431],[-97.66876,30.44304],[-97.66883,30.44267],[-97.66874,30.44262],[-97.66862,30.44254],[-97.66876,30.4421],[-97.66892,30.44162],[-97.66915,30.44103],[-97.66923,30.44071],[-97.66932,30.44034],[-97.66936,30.44018],[-97.66941,30.43991],[-97.66942,30.43987],[-97.66943,30.43984],[-97.66947,30.43966],[-97.66957,30.43905],[-97.66965,30.43858],[-97.66968,30.43821],[-97.66968,30.43625],[-97.66981,30.43522],[-97.66982,30.43516],[-97.67002,30.43416],[-97.67017,30.43328],[-97.67043,30.4319],[-97.67086,30.42966],[-97.67109,30.42845],[-97.67146,30.42861],[-97.67152,30.42829],[-97.67276,30.42892],[-97.67292,30.42793],[-97.67296,30.4277],[-97.67296,30.42758],[-97.67176,30.427],[-97.6714,30.42686],[-97.67163,30.42564],[-97.67191,30.42458],[-97.67227,30.42475],[-97.67314,30.42518],[-97.67539,30.4263],[-97.67604,30.4266],[-97.67661,30.42686],[-97.67903,30.42807],[-97.67968,30.42839],[-97.68147,30.42928],[-97.68429,30.43061],[-97.68392,30.43132],[-97.68246,30.43359],[-97.68265,30.43369],[-97.68295,30.43382],[-97.68314,30.43391],[-97.68389,30.43429],[-97.68571,30.43516],[-97.686,30.43529],[-97.68635,30.43547],[-97.68672,30.4349],[-97.68711,30.43509],[-97.68764,30.43535],[-97.68888,30.43596],[-97.68926,30.43611],[-97.69243,30.43764],[-97.69396,30.43836],[-97.69439,30.43856],[-97.69463,30.43867],[-97.6955,30.43919],[-97.69643,30.43953],[-97.69734,30.43998],[-97.69783,30.44021],[-97.69772,30.44051],[-97.69676,30.44305],[-97.69607,30.44489],[-97.69582,30.44554],[-97.69581,30.44572],[-97.69571,30.44692],[-97.69552,30.44908],[-97.69552,30.44912],[-97.69552,30.44916],[-97.69601,30.44937],[-97.69616,30.44944],[-97.69647,30.44957],[-97.69656,30.44961],[-97.69663,30.44964],[-97.69673,30.44967],[-97.69697,30.44978],[-97.69715,30.44987],[-97.69837,30.45046],[-97.69948,30.44901],[-97.70144,30.45003],[-97.70178,30.45017],[-97.70173,30.45025],[-97.70115,30.45121],[-97.70074,30.45185],[-97.70031,30.45252],[-97.69911,30.45196],[-97.69737,30.45205],[-97.69705,30.45207],[-97.69674,30.45208],[-97.69642,30.4521],[-97.69609,30.45211],[-97.69558,30.45214],[-97.69536,30.45215],[-97.69509,30.45709],[-97.69503,30.45824],[-97.69471,30.46065],[-97.69462,30.46133],[-97.6946,30.4615],[-97.69469,30.4615],[-97.69579,30.4616],[-97.69599,30.4614],[-97.69637,30.46127],[-97.69644,30.46124],[-97.69827,30.46058],[-97.69855,30.46047],[-97.69893,30.46034],[-97.69931,30.4602],[-97.6998,30.46002],[-97.70399,30.4585],[-97.7043,30.45849],[-97.7152,30.45865],[-97.71814,30.45723],[-97.71839,30.45682],[-97.7187,30.45637],[-97.71915,30.45568],[-97.71984,30.45464],[-97.72041,30.45369],[-97.72068,30.45322],[-97.72073,30.45313],[-97.72099,30.4527],[-97.72157,30.45154],[-97.72194,30.45086],[-97.72233,30.4501],[-97.72264,30.44948],[-97.72266,30.44945],[-97.72282,30.44946],[-97.7229,30.44946],[-97.72336,30.4495],[-97.72399,30.44951],[-97.72462,30.4494],[-97.7249,30.44932],[-97.72548,30.44914],[-97.72565,30.44909],[-97.72623,30.44891],[-97.72658,30.44883],[-97.72682,30.44876],[-97.72705,30.44869],[-97.72728,30.44862],[-97.72847,30.44826],[-97.7285,30.44825],[-97.72807,30.44824],[-97.72795,30.44828],[-97.72759,30.44839],[-97.72718,30.44851],[-97.72676,30.44863],[-97.72654,30.4487],[-97.72593,30.44888],[-97.72589,30.4489],[-97.72562,30.44899],[-97.72552,30.44904],[-97.72466,30.44924],[-97.72406,30.4494],[-97.72339,30.44942],[-97.72294,30.44937],[-97.72287,30.44936],[-97.72271,30.44934],[-97.72293,30.44892],[-97.72303,30.44873],[-97.72339,30.44799],[-97.72347,30.44783],[-97.7268,30.44104],[-97.72701,30.44061],[-97.72743,30.43968],[-97.72764,30.43896],[-97.72775,30.43861],[-97.72777,30.43853],[-97.72781,30.43839],[-97.72792,30.43783],[-97.72796,30.43772],[-97.72797,30.43764],[-97.72804,30.43713],[-97.72817,30.43647],[-97.72828,30.4359],[-97.72861,30.43406],[-97.72889,30.4327],[-97.72893,30.43253],[-97.72894,30.43248],[-97.72894,30.43244],[-97.72895,30.43233],[-97.7292,30.43111],[-97.72944,30.43002],[-97.72947,30.42987],[-97.72956,30.42941],[-97.72963,30.42906],[-97.72974,30.42843],[-97.73002,30.42695],[-97.73008,30.42652],[-97.73016,30.42597],[-97.73018,30.42535],[-97.73016,30.42498],[-97.73013,30.42415],[-97.73006,30.42329],[-97.72982,30.42016],[-97.72983,30.41976],[-97.72979,30.41951],[-97.72979,30.41927],[-97.72974,30.41873],[-97.7297,30.41799],[-97.72962,30.41691],[-97.7296,30.41659],[-97.72959,30.41651],[-97.72956,30.41615],[-97.72955,30.41603],[-97.72953,30.41585],[-97.72953,30.41562],[-97.72951,30.41517],[-97.72948,30.41494],[-97.72952,30.41491],[-97.72943,30.41475],[-97.72945,30.41465],[-97.72942,30.41452],[-97.72941,30.41445],[-97.7294,30.41426],[-97.72936,30.41392],[-97.72928,30.41292],[-97.72922,30.41208],[-97.72981,30.4125],[-97.73014,30.4127],[-97.73104,30.41316],[-97.7316,30.41251],[-97.73213,30.41279],[-97.73286,30.41313],[-97.73366,30.41351],[-97.73439,30.41385],[-97.73509,30.41417],[-97.73726,30.41521],[-97.73771,30.41452],[-97.7385,30.41402],[-97.73934,30.41344],[-97.73983,30.41302],[-97.74067,30.41172],[-97.74145,30.41208],[-97.74222,30.41245],[-97.74296,30.41279],[-97.7445,30.41353],[-97.74478,30.41307],[-97.74491,30.41296],[-97.74509,30.41288],[-97.74527,30.41283],[-97.74575,30.4153],[-97.746,30.41519],[-97.74614,30.41513],[-97.74628,30.41507],[-97.74586,30.41285],[-97.74566,30.41183],[-97.74557,30.41119],[-97.74543,30.41034],[-97.74533,30.40914],[-97.74532,30.40898],[-97.7453,30.40879],[-97.74531,30.4085],[-97.74533,30.40816],[-97.74534,30.40792],[-97.74499,30.40788],[-97.745,30.4077],[-97.74501,30.40759],[-97.74511,30.40687],[-97.7454,30.40413],[-97.7456,30.40203],[-97.74572,30.40071],[-97.74575,30.40048],[-97.74575,30.4004],[-97.74576,30.40035],[-97.74577,30.40022],[-97.74581,30.39993],[-97.746,30.39827],[-97.74607,30.39764],[-97.74608,30.39756],[-97.74613,30.39691],[-97.7462,30.39583],[-97.74629,30.39464],[-97.74631,30.39436],[-97.74633,30.39415],[-97.74633,30.39405],[-97.74633,30.39387],[-97.74632,30.39363],[-97.7462,30.39262],[-97.74602,30.39187],[-97.74598,30.39168],[-97.74585,30.39138],[-97.74546,30.39052],[-97.74495,30.38964],[-97.74494,30.38961],[-97.7449,30.38953],[-97.74478,30.38929],[-97.74398,30.3877],[-97.74372,30.38708],[-97.74236,30.38436],[-97.74199,30.38363],[-97.74174,30.38314],[-97.74146,30.38271],[-97.74121,30.38239],[-97.74088,30.38199],[-97.7401,30.38125],[-97.73913,30.38049],[-97.73846,30.38007],[-97.73831,30.37999],[-97.73828,30.37997],[-97.7382,30.37992],[-97.73802,30.37982],[-97.73796,30.37979],[-97.73791,30.37976],[-97.73787,30.37973],[-97.73775,30.37966],[-97.73763,30.37958],[-97.73743,30.37945],[-97.73636,30.37879],[-97.7363,30.37875],[-97.73619,30.37868],[-97.73632,30.37831],[-97.73637,30.37801],[-97.73639,30.37789],[-97.73645,30.3777],[-97.73653,30.37758],[-97.73749,30.37541],[-97.73835,30.37345],[-97.73855,30.37299],[-97.73923,30.37136],[-97.7394,30.37095],[-97.73962,30.37044],[-97.74024,30.36894],[-97.74086,30.36745],[-97.74088,30.3674],[-97.74118,30.36656],[-97.74141,30.36605],[-97.74215,30.3644],[-97.74295,30.3625],[-97.74335,30.36148],[-97.74343,30.3613],[-97.74346,30.3612],[-97.74349,30.36113],[-97.7438,30.36044],[-97.74383,30.36038],[-97.74387,30.36031],[-97.74414,30.35989],[-97.74433,30.35958],[-97.74494,30.35815],[-97.74534,30.35734],[-97.74597,30.35596],[-97.74619,30.35553],[-97.74631,30.35529],[-97.74684,30.35413],[-97.74737,30.35297],[-97.748,30.3516],[-97.74836,30.35082],[-97.74864,30.35022],[-97.75028,30.34678],[-97.75101,30.34512],[-97.75156,30.34396],[-97.7542,30.3382],[-97.75437,30.33763],[-97.7544,30.33753],[-97.75451,30.33742],[-97.75502,30.33623],[-97.75527,30.33563],[-97.75531,30.33556],[-97.7554,30.3354],[-97.75551,30.33499],[-97.75551,30.33466],[-97.75566,30.33097],[-97.7557,30.33082],[-97.75554,30.33075],[-97.75561,30.32646],[-97.75564,30.32501],[-97.75564,30.32483],[-97.75567,30.32342],[-97.75572,30.32146],[-97.75572,30.32136],[-97.75561,30.32136],[-97.75552,30.32136],[-97.75543,30.32136],[-97.75531,30.32136],[-97.75518,30.32134],[-97.75502,30.3213],[-97.75483,30.32124],[-97.75428,30.32097],[-97.75349,30.32057],[-97.75317,30.32045],[-97.75305,30.32043],[-97.75292,30.32042],[-97.75269,30.32044],[-97.75251,30.32045],[-97.75246,30.32045],[-97.7524,30.32043],[-97.75173,30.3201],[-97.75095,30.31972],[-97.74915,30.31889],[-97.74913,30.31888],[-97.74907,30.31885],[-97.74831,30.31854],[-97.74764,30.31823],[-97.74697,30.31789],[-97.74615,30.31747],[-97.7459,30.31741],[-97.74557,30.3173],[-97.74516,30.3171],[-97.74428,30.31665],[-97.74337,30.31623],[-97.74249,30.31581],[-97.74158,30.3154]],[[-97.67434,30.46541],[-97.67543,30.46593],[-97.67574,30.46609],[-97.67603,30.46623],[-97.6761,30.46627],[-97.67614,30.46629],[-97.67617,30.46632],[-97.6762,30.46634],[-97.67623,30.46637],[-97.67628,30.46641],[-97.67633,30.46647],[-97.67636,30.46653],[-97.67639,30.46659],[-97.6764,30.46662],[-97.67642,30.46667],[-97.67643,30.46672],[-97.67645,30.46676],[-97.67645,30.4668],[-97.67645,30.46682],[-97.67646,30.46685],[-97.67646,30.46688],[-97.67645,30.46691],[-97.67645,30.46695],[-97.67644,30.46699],[-97.67643,30.46703],[-97.67643,30.46704],[-97.67641,30.4671],[-97.67637,30.46719],[-97.67636,30.4672],[-97.6758,30.46813],[-97.67563,30.46841],[-97.67419,30.46781],[-97.67401,30.46773],[-97.67362,30.46757],[-97.67268,30.46863],[-97.6721,30.4689],[-97.67174,30.46901],[-97.67149,30.46933],[-97.67131,30.46936],[-97.67131,30.46934],[-97.6713,30.46931],[-97.67114,30.46896],[-97.67114,30.46895],[-97.67129,30.46888],[-97.6718,30.46865],[-97.67198,30.46863],[-97.67237,30.46845],[-97.67251,30.46817],[-97.67256,30.46802],[-97.67257,30.468],[-97.67264,30.46786],[-97.6729,30.46775],[-97.67302,30.46763],[-97.67305,30.4675],[-97.67298,30.46745],[-97.67295,30.46744],[-97.67292,30.46742],[-97.67288,30.46738],[-97.67279,30.46732],[-97.67279,30.46723],[-97.67283,30.46715],[-97.67282,30.46704],[-97.67301,30.46696],[-97.673,30.46689],[-97.67298,30.46679],[-97.67295,30.46675],[-97.67291,30.46669],[-97.67292,30.46666],[-97.67295,30.46653],[-97.67299,30.46646],[-97.67304,30.46644],[-97.67329,30.4662],[-97.67372,30.46622],[-97.67384,30.46617],[-97.67426,30.46554],[-97.67434,30.46541]],[[-97.66873,30.46254],[-97.66886,30.46261],[-97.67048,30.46341],[-97.67087,30.4636],[-97.67104,30.46368],[-97.67122,30.46376],[-97.67127,30.46379],[-97.67135,30.46405],[-97.67143,30.46432],[-97.67151,30.46458],[-97.67153,30.46464],[-97.6716,30.46485],[-97.67168,30.46511],[-97.67176,30.46538],[-97.67185,30.46565],[-97.67193,30.46591],[-97.67201,30.46618],[-97.67206,30.46632],[-97.67197,30.46647],[-97.67176,30.4668],[-97.67157,30.4671],[-97.67121,30.46767],[-97.67092,30.46814],[-97.67088,30.46808],[-97.67076,30.46823],[-97.67031,30.46732],[-97.67008,30.46678],[-97.66977,30.46583],[-97.66925,30.46416],[-97.66879,30.46273],[-97.66873,30.46254]],[[-97.66281,30.45201],[-97.663,30.45211],[-97.6633,30.45226],[-97.66361,30.45241],[-97.66462,30.45291],[-97.66569,30.45339],[-97.66568,30.45352],[-97.66551,30.45344],[-97.66506,30.45572],[-97.66478,30.45559],[-97.66465,30.45552],[-97.66459,30.4555],[-97.66447,30.45542],[-97.66444,30.45541],[-97.66442,30.45535],[-97.66441,30.45534],[-97.66439,30.4553],[-97.66433,30.45518],[-97.66307,30.45256],[-97.66281,30.45201]],[[-97.66556,30.44874],[-97.66558,30.44874],[-97.6656,30.44874],[-97.66564,30.44875],[-97.66566,30.44875],[-97.66589,30.44879],[-97.66595,30.4488],[-97.66607,30.44885],[-97.66638,30.4489],[-97.66647,30.44891],[-97.66635,30.44957],[-97.66616,30.45051],[-97.66608,30.45048],[-97.66506,30.45],[-97.6651,30.44978],[-97.6651,30.44977],[-97.6651,30.44975],[-97.66509,30.44974],[-97.66508,30.44973],[-97.66507,30.44972],[-97.66505,30.44971],[-97.66504,30.4497],[-97.66503,30.44969],[-97.66502,30.44967],[-97.66501,30.44966],[-97.665,30.44964],[-97.665,30.44963],[-97.665,30.44962],[-97.66499,30.44961],[-97.66499,30.44959],[-97.66499,30.44958],[-97.665,30.44956],[-97.665,30.44955],[-97.665,30.44954],[-97.66501,30.44953],[-97.66502,30.44951],[-97.66502,30.4495],[-97.66503,30.4495],[-97.66504,30.44949],[-97.66504,30.44948],[-97.66506,30.44946],[-97.66507,30.44946],[-97.66508,30.44945],[-97.66511,30.44944],[-97.66512,30.44944],[-97.66513,30.44943],[-97.66514,30.44943],[-97.66516,30.44943],[-97.66519,30.44943],[-97.66522,30.44943],[-97.66524,30.44943],[-97.66527,30.44944],[-97.66531,30.44922],[-97.66533,30.44914],[-97.66533,30.4491],[-97.6655,30.44885],[-97.66552,30.4488],[-97.66556,30.44874]],[[-97.70553,30.43964],[-97.70669,30.44019],[-97.7073,30.4405],[-97.70751,30.44074],[-97.70759,30.44083],[-97.70782,30.44095],[-97.70776,30.44105],[-97.70672,30.44271],[-97.708,30.44321],[-97.70803,30.44322],[-97.70808,30.44324],[-97.7086,30.44345],[-97.7115,30.44458],[-97.71156,30.4446],[-97.71233,30.44499],[-97.71223,30.44513],[-97.71222,30.44515],[-97.71213,30.44529],[-97.71212,30.44528],[-97.71211,30.44532],[-97.71201,30.44548],[-97.71196,30.44556],[-97.71128,30.44662],[-97.70868,30.45061],[-97.70821,30.45037],[-97.70845,30.45],[-97.70862,30.44974],[-97.70865,30.44969],[-97.70883,30.44942],[-97.70885,30.44938],[-97.70886,30.44936],[-97.70991,30.44773],[-97.71055,30.44673],[-97.71078,30.44638],[-97.70998,30.446],[-97.71064,30.44498],[-97.71072,30.4449],[-97.71058,30.44484],[-97.71031,30.44474],[-97.70995,30.44459],[-97.70985,30.44456],[-97.70978,30.44453],[-97.70966,30.44449],[-97.70939,30.44439],[-97.70933,30.44436],[-97.70895,30.44422],[-97.70857,30.44407],[-97.70835,30.44399],[-97.70796,30.44385],[-97.70783,30.44379],[-97.7079,30.44367],[-97.70795,30.44358],[-97.7079,30.44357],[-97.70782,30.44352],[-97.70686,30.44314],[-97.70279,30.44156],[-97.70243,30.44142],[-97.70237,30.44132],[-97.70224,30.4411],[-97.70211,30.44087],[-97.70255,30.4411],[-97.70269,30.44116],[-97.70301,30.44129],[-97.7031,30.44133],[-97.70363,30.44153],[-97.70383,30.4416],[-97.70404,30.44167],[-97.70419,30.44172],[-97.70522,30.44012],[-97.70526,30.44007],[-97.70553,30.43964]]]]}},
{"type":"Feature","properties":{"district_number":"10","district_name":"District 10"},"geometry":{"type":"MultiPolygon","coordinates":[[[[-97.8644,30.35886],[-97.86456,30.35866],[-97.86437,30.35854],[-97.86426,30.35867],[-97.86428,30.3588],[-97.8644,30.35886]]],[[[-97.86372,30.36039],[-97.86405,30.35979],[-97.86401,30.35978],[-97.86398,30.35977],[-97.86394,30.35975],[-97.86353,30.3597],[-97.86335,30.36003],[-97.86336,30.36025],[-97.86372,30.36039]]],[[[-97.86069,30.37563],[-97.86041,30.37595],[-97.86102,30.37634],[-97.86128,30.37603],[-97.86121,30.37565],[-97.86099,30.37552],[-97.86069,30.37563]]],[[[-97.86435,30.36282],[-97.86471,30.36254],[-97.86486,30.36243],[-97.86461,30.36167],[-97.86364,30.36189],[-97.86397,30.36292],[-97.86435,30.36282]]],[[[-97.87961,30.39665],[-97.87965,30.39677],[-97.87997,30.39772],[-97.88007,30.39801],[-97.88072,30.39776],[-97.88089,30.39762],[-97.88099,30.39746],[-97.88103,30.39709],[-97.88093,30.39685],[-97.88075,30.39677],[-97.87959,30.3966],[-97.87961,30.39665]]],[[[-97.86267,30.3748],[-97.86257,30.37481],[-97.86251,30.37482],[-97.86247,30.37484],[-97.86233,30.37488],[-97.86219,30.37501],[-97.86217,30.37504],[-97.86216,30.37507],[-97.86216,30.37512],[-97.86218,30.37517],[-97.86219,30.3752],[-97.8622,30.37523],[-97.86222,30.37528],[-97.86225,30.37533],[-97.86228,30.37537],[-97.8623,30.3754],[-97.86231,30.37542],[-97.86233,30.37548],[-97.86236,30.37553],[-97.86237,30.37555],[-97.86238,30.37561],[-97.86239,30.37566],[-97.8624,30.37572],[-97.8624,30.37577],[-97.86239,30.37583],[-97.86238,30.37588],[-97.86235,30.37599],[-97.86233,30.37604],[-97.86232,30.37607],[-97.86226,30.37623],[-97.86225,30.37625],[-97.86225,30.37628],[-97.86225,30.37631],[-97.86225,30.37634],[-97.86226,30.37636],[-97.86227,30.37639],[-97.86228,30.37641],[-97.86232,30.37646],[-97.86236,30.37651],[-97.86237,30.37653],[-97.86239,30.37655],[-97.86241,30.37661],[-97.86242,30.37663],[-97.86242,30.37666],[-97.86245,30.3768],[-97.86247,30.37691],[-97.86248,30.37705],[-97.86247,30.37707],[-97.86247,30.3771],[-97.86241,30.37729],[-97.86235,30.37745],[-97.86231,30.37752],[-97.86228,30.37757],[-97.86225,30.37762],[-97.86225,30.37765],[-97.86224,30.37768],[-97.86223,30.3777],[-97.86224,30.37773],[-97.86224,30.37776],[-97.86225,30.37778],[-97.86227,30.3778],[-97.86229,30.37783],[-97.86231,30.37784],[-97.86234,30.37786],[-97.8624,30.37789],[-97.86243,30.3779],[-97.86246,30.3779],[-97.86252,30.37791],[-97.86259,30.37792],[-97.86262,30.37792],[-97.86268,30.37792],[-97.86274,30.37791],[-97.8628,30.37789],[-97.86284,30.37788],[-97.86286,30.37787],[-97.86289,30.37786],[-97.86292,30.37784],[-97.86297,30.37781],[-97.86302,30.37777],[-97.86306,30.37773],[-97.8631,30.37768],[-97.86314,30.37764],[-97.86318,30.37757],[-97.8632,30.37754],[-97.86322,30.37749],[-97.86324,30.37744],[-97.86325,30.37741],[-97.8633,30.3773],[-97.86331,30.37728],[-97.86333,30.3772],[-97.86334,30.37714],[-97.86335,30.37711],[-97.86336,30.377],[-97.86336,30.37698],[-97.86335,30.37689],[-97.86334,30.37676],[-97.86333,30.3767],[-97.86327,30.37651],[-97.86325,30.37643],[-97.86324,30.37641],[-97.86324,30.37641],[-97.86323,30.37632],[-97.86323,30.37621],[-97.86325,30.37613],[-97.86334,30.37581],[-97.86335,30.37575],[-97.86336,30.37572],[-97.86337,30.37564],[-97.86337,30.37559],[-97.86336,30.3755],[-97.86336,30.37545],[-97.86335,30.37539],[-97.86332,30.37528],[-97.86329,30.37518],[-97.86329,30.37517],[-97.86327,30.37514],[-97.86323,30.37507],[-97.86319,30.37503],[-97.86315,30.37498],[-97.8631,30.37495],[-97.86305,30.37491],[-97.86297,30.37487],[-97.86292,30.37484],[-97.86286,30.37482],[-97.8628,30.37481],[-97.86275,30.3748],[-97.86273,30.3748],[-97.86267,30.3748]]],[[[-97.7872,30.40495],[-97.78726,30.40496],[-97.78774,30.40495],[-97.78813,30.40491],[-97.78815,30.4049],[-97.78805,30.40488],[-97.78792,30.40482],[-97.78778,30.40477],[-97.78764,30.40473],[-97.78684,30.40451],[-97.78673,30.40447],[-97.78661,30.40443],[-97.78651,30.40439],[-97.7864,30.40433],[-97.7863,30.40428],[-97.7862,30.40421],[-97.7861,30.40415],[-97.78575,30.40388],[-97.78567,30.40382],[-97.78559,30.40374],[-97.78552,30.40367],[-97.78545,30.40359],[-97.78539,30.40351],[-97.78463,30.40239],[-97.78454,30.40225],[-97.78445,30.4021],[-97.78437,30.40195],[-97.7843,30.40179],[-97.78423,30.40163],[-97.7841,30.40133],[-97.7837,30.40032],[-97.78366,30.40024],[-97.78362,30.40017],[-97.78358,30.40009],[-97.78353,30.40002],[-97.78347,30.39994],[-97.78341,30.39986],[-97.78334,30.39978],[-97.78326,30.3997],[-97.78315,30.39959],[-97.78306,30.39978],[-97.78335,30.40067],[-97.78358,30.40138],[-97.78358,30.40139],[-97.78376,30.40188],[-97.78378,30.40195],[-97.78406,30.40247],[-97.7842,30.40273],[-97.78443,30.40301],[-97.78453,30.40317],[-97.78468,30.40341],[-97.78486,30.40361],[-97.78508,30.40387],[-97.78553,30.40422],[-97.78571,30.40436],[-97.78594,30.40459],[-97.78601,30.40463],[-97.78638,30.40487],[-97.78666,30.40498],[-97.78671,30.405],[-97.7872,30.40495]]],[[[-97.87959,30.3966],[-97.8795,30.39633],[-97.87937,30.39595],[-97.87933,30.39584],[-97.87904,30.39499],[-97.87889,30.39457],[-97.87884,30.39447],[-97.87882,30.39446],[-97.87875,30.39441],[-97.87865,30.39435],[-97.87858,30.39433],[-97.87852,30.39434],[-97.87842,30.39441],[-97.87833,30.39455],[-97.87827,30.39468],[-97.87821,30.39477],[-97.87819,30.39478],[-97.87818,30.39479],[-97.87812,30.39484],[-97.87803,30.39488],[-97.87797,30.39489],[-97.87791,30.3949],[-97.87784,30.3949],[-97.87776,30.39488],[-97.87769,30.39486],[-97.87753,30.39475],[-97.87744,30.39468],[-97.87706,30.39426],[-97.87699,30.39421],[-97.87694,30.39417],[-97.87688,30.39417],[-97.87684,30.39419],[-97.87682,30.39423],[-97.87681,30.39427],[-97.87689,30.39468],[-97.87692,30.39487],[-97.87695,30.39502],[-97.87697,30.39514],[-97.87695,30.39532],[-97.87691,30.39539],[-97.87702,30.39559],[-97.87722,30.396],[-97.87752,30.39659],[-97.87764,30.39657],[-97.87779,30.3966],[-97.87806,30.39674],[-97.87822,30.39677],[-97.87833,30.39673],[-97.87843,30.39665],[-97.87863,30.3965],[-97.87873,30.39648],[-97.87888,30.39648],[-97.87959,30.3966]]],[[[-97.86548,30.44243],[-97.86513,30.44263],[-97.86459,30.44301],[-97.86364,30.44367],[-97.86296,30.44414],[-97.86241,30.44465],[-97.86214,30.4449],[-97.86187,30.44515],[-97.86173,30.44526],[-97.86143,30.44541],[-97.86137,30.44544],[-97.86105,30.44561],[-97.86071,30.44581],[-97.85921,30.44651],[-97.85915,30.44654],[-97.85903,30.44661],[-97.85885,30.44674],[-97.85873,30.44685],[-97.85865,30.44694],[-97.85856,30.44708],[-97.85831,30.44751],[-97.85793,30.4482],[-97.85784,30.44834],[-97.85775,30.44839],[-97.85718,30.44882],[-97.8559,30.44946],[-97.85521,30.44978],[-97.85523,30.44985],[-97.85594,30.44956],[-97.85721,30.44891],[-97.85777,30.44846],[-97.85805,30.4483],[-97.8581,30.44822],[-97.85816,30.44813],[-97.85846,30.44772],[-97.85866,30.4473],[-97.8588,30.44713],[-97.85881,30.44711],[-97.85889,30.44702],[-97.85901,30.44692],[-97.8591,30.44686],[-97.85917,30.44683],[-97.85932,30.44678],[-97.85948,30.44672],[-97.85957,30.44668],[-97.86062,30.4462],[-97.86095,30.44597],[-97.86128,30.4458],[-97.8619,30.44548],[-97.86197,30.44544],[-97.86209,30.44535],[-97.8622,30.44525],[-97.86237,30.44508],[-97.86318,30.44435],[-97.86467,30.4433],[-97.86536,30.44282],[-97.86566,30.44263],[-97.86558,30.44253],[-97.86567,30.44247],[-97.86583,30.44241],[-97.86609,30.44231],[-97.86633,30.44223],[-97.86663,30.44214],[-97.8669,30.44203],[-97.86714,30.44192],[-97.86745,30.44175],[-97.86777,30.44157],[-97.86831,30.44129],[-97.86849,30.44121],[-97.86869,30.441],[-97.86911,30.44057],[-97.86927,30.44042],[-97.86976,30.43997],[-97.87016,30.44017],[-97.87111,30.44062],[-97.8719,30.44098],[-97.87198,30.44094],[-97.87241,30.44068],[-97.87373,30.43986],[-97.87383,30.43978],[-97.874,30.43966],[-97.87438,30.43936],[-97.87455,30.4392],[-97.87489,30.43893],[-97.87508,30.43877],[-97.8753,30.43855],[-97.87548,30.43837],[-97.87562,30.43821],[-97.8757,30.4381],[-97.87575,30.43795],[-97.87579,30.43774],[-97.87581,30.43759],[-97.8759,30.43731],[-97.87602,30.43701],[-97.87609,30.43675],[-97.87624,30.43583],[-97.87628,30.43562],[-97.87633,30.43544],[-97.87644,30.43524],[-97.87661,30.43503],[-97.87682,30.43475],[-97.87703,30.43453],[-97.87717,30.43441],[-97.87735,30.4343],[-97.87753,30.43423],[-97.87779,30.43415],[-97.87805,30.43411],[-97.87821,30.4341],[-97.87836,30.43412],[-97.87847,30.43414],[-97.87858,30.43417],[-97.87867,30.4342],[-97.87877,30.43426],[-97.87879,30.43396],[-97.87876,30.43394],[-97.87873,30.43393],[-97.87867,30.43391],[-97.87861,30.43388],[-97.87852,30.43386],[-97.87842,30.43384],[-97.87833,30.43383],[-97.87823,30.43383],[-97.87816,30.43383],[-97.87809,30.43384],[-97.87803,30.43384],[-97.87802,30.43381],[-97.87802,30.43353],[-97.87884,30.43356],[-97.87905,30.43357],[-97.87937,30.43228],[-97.8794,30.43216],[-97.87973,30.43216],[-97.8801,30.43217],[-97.88011,30.4321],[-97.88021,30.43142],[-97.88025,30.43109],[-97.88013,30.43111],[-97.88009,30.43112],[-97.88006,30.43112],[-97.88002,30.43113],[-97.87998,30.43113],[-97.87994,30.43114],[-97.8799,30.43114],[-97.87986,30.43114],[-97.87982,30.43114],[-97.87978,30.43115],[-97.87973,30.43115],[-97.8797,30.43115],[-97.87965,30.43115],[-97.87961,30.43115],[-97.87957,30.43115],[-97.87952,30.43115],[-97.87949,30.43114],[-97.87945,30.43114],[-97.87941,30.43114],[-97.87936,30.43113],[-97.87932,30.43113],[-97.87929,30.43113],[-97.87925,30.43112],[-97.8792,30.43112],[-97.87917,30.43112],[-97.87913,30.4313],[-97.87807,30.43092],[-97.87782,30.43112],[-97.87724,30.43053],[-97.87701,30.4303],[-97.87695,30.43024],[-97.87693,30.43022],[-97.87609,30.43027],[-97.87604,30.43036],[-97.8758,30.43083],[-97.87545,30.43151],[-97.87497,30.43152],[-97.875,30.43036],[-97.87464,30.43021],[-97.87453,30.43017],[-97.87486,30.42872],[-97.87503,30.42797],[-97.87482,30.42802],[-97.87448,30.42793],[-97.87436,30.42749],[-97.87411,30.42712],[-97.87382,30.42689],[-97.87363,30.42681],[-97.87368,30.42656],[-97.87382,30.42633],[-97.87393,30.42616],[-97.87527,30.42683],[-97.87515,30.42745],[-97.876,30.42759],[-97.87622,30.42762],[-97.87806,30.42792],[-97.87818,30.42794],[-97.87864,30.42801],[-97.87874,30.4279],[-97.88111,30.42529],[-97.88117,30.42522],[-97.88153,30.42476],[-97.88377,30.42216],[-97.8839,30.42224],[-97.88655,30.4239],[-97.88681,30.42406],[-97.88733,30.42437],[-97.88784,30.4247],[-97.88853,30.42513],[-97.88863,30.42505],[-97.88875,30.42495],[-97.88886,30.42484],[-97.889,30.42474],[-97.88918,30.4246],[-97.88959,30.42428],[-97.88972,30.42415],[-97.88991,30.42398],[-97.89007,30.42387],[-97.89023,30.42376],[-97.89034,30.42369],[-97.89051,30.42359],[-97.89069,30.42351],[-97.89081,30.42345],[-97.89106,30.42336],[-97.89125,30.4233],[-97.89143,30.42324],[-97.89155,30.42322],[-97.89166,30.42321],[-97.89173,30.42322],[-97.8919,30.42325],[-97.892,30.4233],[-97.89209,30.42335],[-97.89218,30.42343],[-97.89261,30.42405],[-97.89288,30.42436],[-97.89293,30.4244],[-97.89316,30.42455],[-97.89349,30.42469],[-97.89385,30.42476],[-97.89412,30.42477],[-97.89439,30.42474],[-97.89473,30.42463],[-97.89504,30.42447],[-97.89521,30.42432],[-97.89541,30.42415],[-97.89573,30.42385],[-97.89602,30.42354],[-97.89622,30.42328],[-97.89648,30.42293],[-97.89662,30.42271],[-97.89674,30.4225],[-97.89675,30.42241],[-97.89694,30.42211],[-97.89716,30.42176],[-97.89737,30.42152],[-97.89762,30.42131],[-97.8978,30.42118],[-97.89804,30.42105],[-97.89835,30.42092],[-97.89945,30.42044],[-97.89973,30.42031],[-97.89989,30.42023],[-97.9003,30.41998],[-97.90051,30.41986],[-97.90066,30.41976],[-97.90089,30.41958],[-97.90112,30.41939],[-97.90125,30.41927],[-97.90143,30.41909],[-97.90164,30.41887],[-97.90175,30.41874],[-97.90197,30.41845],[-97.90221,30.41811],[-97.90231,30.4179],[-97.90242,30.41768],[-97.90256,30.41738],[-97.90269,30.41709],[-97.90275,30.41683],[-97.90279,30.41652],[-97.90284,30.4161],[-97.90282,30.41549],[-97.9028,30.41457],[-97.90278,30.41374],[-97.90275,30.41274],[-97.90273,30.41165],[-97.90271,30.41063],[-97.90271,30.41029],[-97.9027,30.4101],[-97.9027,30.40957],[-97.90269,30.40905],[-97.90269,30.40852],[-97.90313,30.40744],[-97.90322,30.40655],[-97.90324,30.40636],[-97.9033,30.40627],[-97.90335,30.40615],[-97.90339,30.40603],[-97.9034,30.40591],[-97.9034,30.40578],[-97.90337,30.40565],[-97.90333,30.40553],[-97.90327,30.40542],[-97.90302,30.40509],[-97.90292,30.40493],[-97.90283,30.40481],[-97.90271,30.40471],[-97.90264,30.40464],[-97.90254,30.40458],[-97.90245,30.40453],[-97.9023,30.40447],[-97.90214,30.40442],[-97.90198,30.40439],[-97.90186,30.40438],[-97.90177,30.40438],[-97.90158,30.4044],[-97.9014,30.4044],[-97.90122,30.40439],[-97.90104,30.40436],[-97.90086,30.40431],[-97.90076,30.40426],[-97.90069,30.40424],[-97.90054,30.40416],[-97.90039,30.40406],[-97.90026,30.40395],[-97.9002,30.40382],[-97.90013,30.40374],[-97.89998,30.40363],[-97.89997,30.40362],[-97.89986,30.40358],[-97.89976,30.40356],[-97.89965,30.40355],[-97.89953,30.40356],[-97.89946,30.40358],[-97.89933,30.40363],[-97.89924,30.40369],[-97.89917,30.40377],[-97.89911,30.40385],[-97.89907,30.40394],[-97.89905,30.40403],[-97.89901,30.40409],[-97.89895,30.40403],[-97.89887,30.40397],[-97.89878,30.40393],[-97.89868,30.4039],[-97.89858,30.40389],[-97.89848,30.4039],[-97.89838,30.40393],[-97.89829,30.40397],[-97.8982,30.40403],[-97.89814,30.40409],[-97.8981,30.40417],[-97.89807,30.40426],[-97.89806,30.40434],[-97.89807,30.40447],[-97.89805,30.40454],[-97.89803,30.4047],[-97.89802,30.40485],[-97.89801,30.40501],[-97.898,30.40517],[-97.898,30.40532],[-97.89801,30.40548],[-97.89802,30.40558],[-97.89803,30.40571],[-97.89805,30.40587],[-97.89806,30.40594],[-97.89808,30.4061],[-97.89811,30.40625],[-97.89813,30.40633],[-97.89814,30.40644],[-97.89813,30.40655],[-97.89813,30.40662],[-97.89813,30.40671],[-97.89814,30.4068],[-97.89815,30.40689],[-97.89817,30.40698],[-97.89819,30.40707],[-97.8982,30.40708],[-97.89822,30.40716],[-97.89825,30.40724],[-97.89829,30.40733],[-97.89833,30.40741],[-97.89837,30.40749],[-97.89838,30.40761],[-97.89785,30.40715],[-97.89731,30.40668],[-97.89721,30.40663],[-97.89713,30.40658],[-97.89703,30.40652],[-97.89693,30.40645],[-97.89682,30.4064],[-97.89671,30.40634],[-97.8966,30.40629],[-97.89649,30.40625],[-97.89636,30.4062],[-97.89626,30.40617],[-97.89614,30.40613],[-97.89602,30.4061],[-97.89585,30.40607],[-97.89577,30.40606],[-97.89565,30.40604],[-97.89553,30.40603],[-97.89545,30.40602],[-97.89537,30.406],[-97.89525,30.406],[-97.89512,30.40601],[-97.89499,30.40604],[-97.89487,30.40608],[-97.89475,30.40614],[-97.89465,30.40622],[-97.89456,30.40631],[-97.89449,30.40641],[-97.89444,30.40651],[-97.8944,30.40662],[-97.89434,30.40682],[-97.89421,30.40722],[-97.89418,30.4073],[-97.89415,30.40737],[-97.89414,30.40745],[-97.89412,30.40753],[-97.89411,30.40761],[-97.89411,30.40769],[-97.89411,30.40777],[-97.89411,30.40785],[-97.89412,30.40792],[-97.89414,30.408],[-97.89416,30.40808],[-97.89419,30.40816],[-97.8942,30.40819],[-97.89422,30.40823],[-97.89425,30.4083],[-97.89429,30.40837],[-97.89434,30.40844],[-97.89439,30.40851],[-97.89444,30.40858],[-97.8945,30.40864],[-97.89456,30.4087],[-97.89462,30.40875],[-97.89469,30.40881],[-97.89476,30.40885],[-97.89484,30.4089],[-97.89491,30.40894],[-97.89499,30.40898],[-97.89508,30.40902],[-97.89516,30.40905],[-97.89549,30.4092],[-97.89609,30.40948],[-97.89603,30.40954],[-97.89598,30.40959],[-97.89591,30.40963],[-97.89585,30.40968],[-97.89578,30.40972],[-97.8957,30.40976],[-97.89563,30.4098],[-97.89555,30.40983],[-97.89547,30.40985],[-97.89539,30.40988],[-97.89531,30.4099],[-97.89522,30.40991],[-97.89514,30.40992],[-97.89506,30.40993],[-97.89492,30.40993],[-97.89485,30.40994],[-97.8947,30.40995],[-97.89455,30.40997],[-97.89448,30.40998],[-97.8944,30.40999],[-97.89433,30.41001],[-97.89425,30.41002],[-97.89418,30.41003],[-97.89407,30.41006],[-97.89403,30.41007],[-97.89395,30.41009],[-97.89381,30.41013],[-97.89375,30.41015],[-97.89368,30.41017],[-97.89358,30.41021],[-97.89347,30.4103],[-97.89334,30.41037],[-97.8932,30.41043],[-97.89305,30.41047],[-97.8929,30.4105],[-97.89275,30.4105],[-97.89259,30.41049],[-97.89244,30.41046],[-97.8923,30.41042],[-97.89216,30.41035],[-97.89204,30.41028],[-97.89198,30.41023],[-97.89147,30.4103],[-97.89135,30.41011],[-97.89091,30.41021],[-97.89086,30.41025],[-97.8908,30.41028],[-97.89074,30.4103],[-97.89068,30.41031],[-97.89062,30.41031],[-97.89055,30.4103],[-97.89049,30.41028],[-97.89044,30.41026],[-97.89039,30.41022],[-97.89031,30.41013],[-97.89028,30.41002],[-97.89028,30.40997],[-97.89029,30.40991],[-97.89028,30.40984],[-97.89023,30.40972],[-97.89017,30.40959],[-97.89013,30.40952],[-97.89008,30.40945],[-97.88998,30.40935],[-97.88981,30.4092],[-97.88957,30.40907],[-97.88937,30.409],[-97.88913,30.40895],[-97.88896,30.40894],[-97.88877,30.40895],[-97.88871,30.40896],[-97.8886,30.40895],[-97.88847,30.40896],[-97.88833,30.40898],[-97.8882,30.40903],[-97.88817,30.40905],[-97.88808,30.40908],[-97.88803,30.40912],[-97.88793,30.4092],[-97.88784,30.40929],[-97.88777,30.40939],[-97.88772,30.4095],[-97.88768,30.40961],[-97.88767,30.40973],[-97.88767,30.40994],[-97.88768,30.41017],[-97.8877,30.4104],[-97.88772,30.41063],[-97.88773,30.41074],[-97.88775,30.41085],[-97.88777,30.41098],[-97.88783,30.41107],[-97.88784,30.41118],[-97.8878,30.41128],[-97.88773,30.41137],[-97.88762,30.41143],[-97.8875,30.41145],[-97.88738,30.41143],[-97.88637,30.41178],[-97.88618,30.41189],[-97.88598,30.41199],[-97.88577,30.41206],[-97.88566,30.4121],[-97.88555,30.41212],[-97.88544,30.41215],[-97.88533,30.41217],[-97.88522,30.41218],[-97.88511,30.4122],[-97.88499,30.4122],[-97.88488,30.41221],[-97.88477,30.4122],[-97.88465,30.4122],[-97.88454,30.41218],[-97.88442,30.41217],[-97.88433,30.41213],[-97.88196,30.41165],[-97.88181,30.41165],[-97.88202,30.41113],[-97.88204,30.41054],[-97.88204,30.4104],[-97.88142,30.41035],[-97.88108,30.41033],[-97.88065,30.41004],[-97.88048,30.40992],[-97.88039,30.40989],[-97.87975,30.40942],[-97.87885,30.40715],[-97.87872,30.40534],[-97.87982,30.40257],[-97.87999,30.40213],[-97.88004,30.40208],[-97.88115,30.40088],[-97.88171,30.40045],[-97.88191,30.4003],[-97.88369,30.39892],[-97.88374,30.39888],[-97.88611,30.39792],[-97.88665,30.3977],[-97.88837,30.39701],[-97.88855,30.39697],[-97.88901,30.39688],[-97.88977,30.39673],[-97.89152,30.39638],[-97.89492,30.39571],[-97.89544,30.39566],[-97.89657,30.39555],[-97.8967,30.39554],[-97.89889,30.39533],[-97.89914,30.3953],[-97.89929,30.39527],[-97.89944,30.39524],[-97.90407,30.39432],[-97.90779,30.39328],[-97.90784,30.39337],[-97.90858,30.39459],[-97.90874,30.39449],[-97.90907,30.39429],[-97.91019,30.39385],[-97.91096,30.39326],[-97.91126,30.39304],[-97.91143,30.39291],[-97.91297,30.39218],[-97.91424,30.39051],[-97.91476,30.38977],[-97.91514,30.38945],[-97.91556,30.38897],[-97.91575,30.38868],[-97.91639,30.38741],[-97.9165,30.38711],[-97.91658,30.38672],[-97.91676,30.38585],[-97.91688,30.3842],[-97.91687,30.38413],[-97.91689,30.38392],[-97.9169,30.38352],[-97.91691,30.38311],[-97.91682,30.38208],[-97.91669,30.38102],[-97.91664,30.37997],[-97.91665,30.37992],[-97.9168,30.37913],[-97.91685,30.37846],[-97.91688,30.37836],[-97.91691,30.37813],[-97.91703,30.3781],[-97.9173,30.37805],[-97.91755,30.37795],[-97.91759,30.37793],[-97.91778,30.37782],[-97.91798,30.37765],[-97.91806,30.37756],[-97.91815,30.37746],[-97.91827,30.37724],[-97.91834,30.37702],[-97.91837,30.37685],[-97.91838,30.37677],[-97.91838,30.37669],[-97.91837,30.37645],[-97.9183,30.37622],[-97.91824,30.37608],[-97.91804,30.37571],[-97.91799,30.37563],[-97.91784,30.37543],[-97.91768,30.37528],[-97.91758,30.3752],[-97.91733,30.37504],[-97.91708,30.37493],[-97.91693,30.3749],[-97.91689,30.37489],[-97.91688,30.37417],[-97.91686,30.37353],[-97.91682,30.37289],[-97.91679,30.37246],[-97.91676,30.37202],[-97.91674,30.37181],[-97.91673,30.37169],[-97.91674,30.37164],[-97.91677,30.37142],[-97.91677,30.37137],[-97.91676,30.37116],[-97.91669,30.37093],[-97.91658,30.37072],[-97.91654,30.37065],[-97.91656,30.3705],[-97.91654,30.37027],[-97.91649,30.36999],[-97.91649,30.36991],[-97.91651,30.3698],[-97.9165,30.36974],[-97.9165,30.3697],[-97.91652,30.36958],[-97.9165,30.36934],[-97.91646,30.3692],[-97.91646,30.36913],[-97.91646,30.36905],[-97.91645,30.36887],[-97.91644,30.36877],[-97.91643,30.36869],[-97.9164,30.36855],[-97.91642,30.36849],[-97.91645,30.36826],[-97.91643,30.36802],[-97.91637,30.36779],[-97.91635,30.36776],[-97.91633,30.36758],[-97.91633,30.36756],[-97.91638,30.36741],[-97.91641,30.36717],[-97.91639,30.36693],[-97.91633,30.3667],[-97.91622,30.36648],[-97.91622,30.36637],[-97.91621,30.36613],[-97.91614,30.3659],[-97.91605,30.36572],[-97.91599,30.36542],[-97.91597,30.36532],[-97.91593,30.36507],[-97.91589,30.36482],[-97.91586,30.36457],[-97.91582,30.36435],[-97.91606,30.36434],[-97.91633,30.36428],[-97.91658,30.36419],[-97.91681,30.36406],[-97.91701,30.36389],[-97.91717,30.3637],[-97.91727,30.36353],[-97.91729,30.36348],[-97.91734,30.36337],[-97.91738,30.36324],[-97.91743,30.36308],[-97.91744,30.36298],[-97.9175,30.3627],[-97.91751,30.36263],[-97.91749,30.36238],[-97.91748,30.36236],[-97.91742,30.36215],[-97.91739,30.36206],[-97.91735,30.36198],[-97.91727,30.36185],[-97.91712,30.36165],[-97.91704,30.36158],[-97.91693,30.36148],[-97.91685,30.36141],[-97.91663,30.36128],[-97.91639,30.36117],[-97.91619,30.36112],[-97.91611,30.3611],[-97.91592,30.36102],[-97.91575,30.36098],[-97.91577,30.36086],[-97.91579,30.36073],[-97.91582,30.36059],[-97.91582,30.36051],[-97.91585,30.36044],[-97.91591,30.36024],[-97.91595,30.36014],[-97.91598,30.36005],[-97.91602,30.35995],[-97.91604,30.35991],[-97.91607,30.3599],[-97.91633,30.3598],[-97.91639,30.35976],[-97.91661,30.35968],[-97.91665,30.35966],[-97.91679,30.35959],[-97.91697,30.35948],[-97.91717,30.35931],[-97.91733,30.35913],[-97.91734,30.35911],[-97.91746,30.35891],[-97.91753,30.35868],[-97.91756,30.35844],[-97.91755,30.3582],[-97.91748,30.35797],[-97.91737,30.35775],[-97.91732,30.35768],[-97.91736,30.35761],[-97.91744,30.35738],[-97.91744,30.35735],[-97.91753,30.35728],[-97.91756,30.35725],[-97.91773,30.35706],[-97.91785,30.35684],[-97.91792,30.35665],[-97.91794,30.35657],[-97.91795,30.35653],[-97.91798,30.35629],[-97.91798,30.35626],[-97.91806,30.35615],[-97.91823,30.35619],[-97.91844,30.35623],[-97.91856,30.35629],[-97.91879,30.35639],[-97.91905,30.35645],[-97.91918,30.35647],[-97.91937,30.35651],[-97.91963,30.35654],[-97.91967,30.35655],[-97.91979,30.35658],[-97.91985,30.35662],[-97.9199,30.35664],[-97.91993,30.35666],[-97.92,30.35688],[-97.92011,30.3571],[-97.92014,30.35716],[-97.92018,30.35722],[-97.9203,30.35736],[-97.92043,30.35748],[-97.92049,30.35754],[-97.92069,30.35766],[-97.9208,30.35773],[-97.92084,30.35775],[-97.92108,30.35784],[-97.92131,30.3579],[-97.92134,30.35791],[-97.92162,30.35794],[-97.92189,30.35792],[-97.92216,30.35786],[-97.92241,30.35777],[-97.92264,30.35764],[-97.92284,30.35747],[-97.92293,30.35736],[-97.92301,30.35728],[-97.92313,30.35706],[-97.92321,30.35683],[-97.92324,30.35659],[-97.92322,30.35635],[-97.9232,30.3563],[-97.92324,30.35604],[-97.92324,30.35599],[-97.92323,30.3559],[-97.92323,30.35583],[-97.92321,30.35571],[-97.9232,30.35565],[-97.92318,30.35559],[-97.92313,30.35542],[-97.9231,30.35534],[-97.92307,30.35529],[-97.92302,30.35518],[-97.92299,30.35512],[-97.92296,30.35507],[-97.92295,30.35505],[-97.92282,30.35483],[-97.92277,30.35476],[-97.9227,30.35468],[-97.92257,30.35454],[-97.9225,30.35448],[-97.92226,30.3543],[-97.92217,30.35425],[-97.9219,30.35412],[-97.9218,30.35408],[-97.9215,30.354],[-97.9214,30.35398],[-97.92126,30.35397],[-97.92115,30.35396],[-97.92057,30.35376],[-97.92038,30.35369],[-97.9201,30.35362],[-97.92011,30.35357],[-97.92019,30.3535],[-97.92031,30.35344],[-97.92041,30.35337],[-97.92061,30.35321],[-97.92077,30.35301],[-97.9208,30.35296],[-97.9209,30.35286],[-97.92138,30.35244],[-97.92204,30.35188],[-97.9224,30.35157],[-97.92255,30.35148],[-97.92275,30.35132],[-97.92281,30.35125],[-97.92304,30.35108],[-97.92311,30.35103],[-97.92409,30.35022],[-97.92437,30.35016],[-97.9245,30.35011],[-97.92462,30.35006],[-97.92483,30.34994],[-97.92485,30.34993],[-97.92505,30.34976],[-97.92513,30.34968],[-97.92519,30.34961],[-97.92527,30.3495],[-97.92539,30.34929],[-97.92541,30.34925],[-97.92555,30.34907],[-97.92567,30.34886],[-97.92572,30.34871],[-97.92678,30.34758],[-97.9272,30.34714],[-97.92746,30.34685],[-97.92761,30.34675],[-97.92768,30.34671],[-97.92788,30.34654],[-97.92802,30.34638],[-97.92819,30.34637],[-97.92838,30.34633],[-97.92846,30.34631],[-97.92871,30.34622],[-97.92894,30.34608],[-97.92898,30.34605],[-97.9291,30.34597],[-97.92925,30.34583],[-97.92942,30.34564],[-97.92954,30.34542],[-97.92962,30.34519],[-97.92965,30.34495],[-97.92964,30.34482],[-97.92971,30.34474],[-97.92981,30.34463],[-97.92991,30.34451],[-97.9301,30.34429],[-97.9302,30.34418],[-97.9303,30.34407],[-97.9304,30.34397],[-97.9306,30.34375],[-97.9307,30.34364],[-97.93081,30.34354],[-97.93083,30.34352],[-97.93091,30.34343],[-97.93123,30.34312],[-97.93134,30.34302],[-97.9314,30.34297],[-97.93145,30.34292],[-97.93167,30.34272],[-97.9319,30.34252],[-97.93194,30.34248],[-97.93205,30.34243],[-97.93229,30.3423],[-97.93232,30.34227],[-97.93249,30.34213],[-97.93256,30.34206],[-97.93261,30.34199],[-97.93271,30.34188],[-97.93298,30.34182],[-97.93324,30.34172],[-97.93346,30.34158],[-97.93367,30.34144],[-97.93383,30.34123],[-97.93395,30.34102],[-97.93403,30.34079],[-97.93406,30.34055],[-97.93406,30.34051],[-97.93419,30.3404],[-97.93435,30.34021],[-97.93441,30.34011],[-97.93443,30.34008],[-97.93445,30.34006],[-97.93447,30.34003],[-97.93452,30.33998],[-97.93461,30.3399],[-97.9347,30.33981],[-97.93479,30.33972],[-97.93486,30.33963],[-97.93495,30.33954],[-97.93503,30.33945],[-97.93512,30.33935],[-97.93519,30.33927],[-97.93522,30.33923],[-97.93534,30.33928],[-97.93561,30.33935],[-97.93563,30.33935],[-97.93578,30.33936],[-97.93588,30.33937],[-97.93616,30.33936],[-97.93643,30.3393],[-97.93668,30.3392],[-97.93672,30.33918],[-97.93691,30.33907],[-97.93711,30.3389],[-97.93727,30.33871],[-97.93739,30.3385],[-97.93747,30.33827],[-97.9375,30.33805],[-97.93752,30.33802],[-97.93762,30.33796],[-97.93768,30.33792],[-97.93779,30.33783],[-97.93793,30.33771],[-97.93809,30.33751],[-97.93821,30.33731],[-97.93825,30.33722],[-97.93834,30.33698],[-97.93837,30.33674],[-97.93837,30.33669],[-97.93836,30.33659],[-97.93835,30.3364],[-97.93828,30.33617],[-97.93823,30.33605],[-97.93818,30.33596],[-97.93812,30.33586],[-97.93797,30.33566],[-97.93782,30.33552],[-97.9377,30.33542],[-97.93747,30.33528],[-97.93722,30.33517],[-97.93724,30.33502],[-97.93726,30.33474],[-97.93727,30.33455],[-97.93726,30.33429],[-97.93725,30.33401],[-97.93721,30.33372],[-97.93717,30.33345],[-97.9371,30.33313],[-97.93705,30.33296],[-97.937,30.33281],[-97.937,30.33274],[-97.93695,30.33232],[-97.93684,30.33197],[-97.93673,30.33175],[-97.93669,30.3317],[-97.93666,30.33162],[-97.9366,30.33146],[-97.93653,30.33132],[-97.93643,30.33114],[-97.93631,30.33092],[-97.93638,30.33076],[-97.93642,30.33062],[-97.93651,30.33045],[-97.93659,30.33022],[-97.93662,30.32998],[-97.9366,30.32974],[-97.93654,30.32951],[-97.93643,30.32929],[-97.93627,30.32909],[-97.93618,30.32899],[-97.93613,30.32895],[-97.93603,30.32887],[-97.9358,30.32873],[-97.93556,30.32862],[-97.93529,30.32855],[-97.93502,30.32853],[-97.93474,30.32854],[-97.93447,30.32861],[-97.93438,30.32853],[-97.93429,30.32844],[-97.9342,30.32835],[-97.9341,30.32826],[-97.93402,30.32818],[-97.93392,30.32809],[-97.93382,30.32801],[-97.93373,30.32793],[-97.93363,30.32785],[-97.93353,30.32777],[-97.93343,30.32769],[-97.93333,30.32761],[-97.93323,30.32753],[-97.93309,30.32743],[-97.93282,30.32723],[-97.93249,30.32702],[-97.93224,30.32682],[-97.93202,30.32666],[-97.9318,30.3265],[-97.93158,30.32635],[-97.93124,30.32613],[-97.93108,30.32602],[-97.93104,30.32594],[-97.93089,30.32575],[-97.93069,30.32557],[-97.93044,30.32541],[-97.93034,30.32539],[-97.92891,30.32502],[-97.92819,30.32484],[-97.92763,30.3246],[-97.92743,30.32462],[-97.92645,30.32467],[-97.92355,30.3244],[-97.92173,30.32393],[-97.92156,30.32421],[-97.92113,30.3249],[-97.92109,30.32494],[-97.92091,30.32492],[-97.92086,30.3248],[-97.92091,30.32455],[-97.92092,30.32451],[-97.92097,30.32429],[-97.92098,30.32421],[-97.92103,30.32408],[-97.92107,30.32392],[-97.92111,30.3238],[-97.92103,30.3238],[-97.92097,30.32379],[-97.92074,30.32421],[-97.92064,30.32438],[-97.92064,30.32456],[-97.92065,30.32492],[-97.9203,30.32502],[-97.92019,30.32505],[-97.92012,30.32504],[-97.91994,30.32489],[-97.91974,30.32512],[-97.91953,30.3252],[-97.9191,30.32534],[-97.91902,30.32536],[-97.91816,30.32559],[-97.91787,30.32576],[-97.91763,30.32585],[-97.91741,30.32593],[-97.91696,30.32604],[-97.91652,30.32618],[-97.9158,30.3264],[-97.9151,30.32662],[-97.9149,30.32669],[-97.91481,30.32672],[-97.91452,30.32688],[-97.91442,30.32693],[-97.914,30.32712],[-97.91347,30.32736],[-97.91304,30.32762],[-97.91262,30.32784],[-97.91222,30.32805],[-97.91205,30.32812],[-97.91184,30.32822],[-97.91172,30.32831],[-97.91153,30.32845],[-97.91144,30.3285],[-97.91131,30.32858],[-97.91127,30.32859],[-97.91121,30.32861],[-97.9111,30.32855],[-97.91109,30.32837],[-97.91114,30.32815],[-97.91116,30.32813],[-97.91118,30.32809],[-97.91121,30.32803],[-97.91123,30.32797],[-97.91125,30.32792],[-97.91125,30.32787],[-97.91125,30.32781],[-97.91125,30.32775],[-97.91123,30.32769],[-97.91122,30.32764],[-97.9112,30.32759],[-97.91117,30.32754],[-97.91113,30.32749],[-97.91111,30.32747],[-97.9109,30.32745],[-97.91074,30.32736],[-97.91063,30.32747],[-97.9106,30.32749],[-97.91052,30.32762],[-97.91069,30.32801],[-97.91072,30.3281],[-97.91073,30.32822],[-97.91074,30.32849],[-97.91075,30.32855],[-97.91076,30.32861],[-97.91076,30.32867],[-97.91075,30.32872],[-97.91074,30.32877],[-97.91072,30.32883],[-97.9107,30.32888],[-97.91066,30.32895],[-97.91062,30.32901],[-97.91058,30.32905],[-97.91056,30.32907],[-97.9104,30.32914],[-97.91032,30.32917],[-97.91022,30.32922],[-97.91013,30.32926],[-97.91008,30.32928],[-97.91003,30.3293],[-97.90957,30.32955],[-97.90942,30.32964],[-97.90923,30.32976],[-97.90915,30.32981],[-97.90911,30.32984],[-97.9088,30.33001],[-97.90874,30.33004],[-97.90853,30.33011],[-97.90836,30.33016],[-97.90837,30.32991],[-97.90824,30.32954],[-97.9082,30.3294],[-97.90792,30.32882],[-97.90773,30.32842],[-97.90766,30.32828],[-97.90739,30.32778],[-97.90772,30.32727],[-97.90796,30.32689],[-97.9117,30.32108],[-97.91137,30.32072],[-97.91124,30.32028],[-97.91093,30.31983],[-97.9108,30.31947],[-97.91076,30.31915],[-97.91077,30.31879],[-97.91069,30.31834],[-97.91065,30.31806],[-97.91052,30.31762],[-97.91044,30.31721],[-97.91054,30.31674],[-97.91055,30.31634],[-97.9106,30.31604],[-97.91064,30.31572],[-97.91068,30.31544],[-97.91063,30.31537],[-97.91043,30.31493],[-97.91023,30.31449],[-97.91019,30.31435],[-97.91002,30.31374],[-97.90993,30.3136],[-97.90956,30.31301],[-97.90953,30.3129],[-97.90889,30.31065],[-97.90886,30.31055],[-97.90882,30.31009],[-97.90856,30.31012],[-97.90836,30.31042],[-97.9069,30.31254],[-97.90249,30.31911],[-97.89952,30.32335],[-97.89922,30.32378],[-97.89749,30.32655],[-97.89729,30.32686],[-97.89638,30.32826],[-97.89583,30.3291],[-97.89506,30.33023],[-97.8934,30.32944],[-97.8927,30.3291],[-97.89147,30.32854],[-97.89137,30.32854],[-97.89133,30.32856],[-97.89112,30.32869],[-97.89012,30.33038],[-97.88966,30.33116],[-97.88902,30.33224],[-97.88861,30.33293],[-97.88867,30.33295],[-97.88878,30.333],[-97.88884,30.33302],[-97.8889,30.33304],[-97.88895,30.33308],[-97.88901,30.33313],[-97.88904,30.33318],[-97.88907,30.33323],[-97.88909,30.33328],[-97.88912,30.33341],[-97.88926,30.33393],[-97.8893,30.33419],[-97.88929,30.33437],[-97.8893,30.33456],[-97.88927,30.33511],[-97.8892,30.33535],[-97.88918,30.33608],[-97.88913,30.33633],[-97.88902,30.3365],[-97.88898,30.33656],[-97.8889,30.33664],[-97.88881,30.33672],[-97.88856,30.33693],[-97.88835,30.33701],[-97.88799,30.33718],[-97.88781,30.33732],[-97.88742,30.33763],[-97.88723,30.33771],[-97.88697,30.3377],[-97.88691,30.3377],[-97.88672,30.33789],[-97.88662,30.33808],[-97.8865,30.3382],[-97.88648,30.33822],[-97.8862,30.33843],[-97.88612,30.33849],[-97.88599,30.33856],[-97.88588,30.33862],[-97.88554,30.3388],[-97.88536,30.3389],[-97.8852,30.33898],[-97.88507,30.339],[-97.88483,30.33901],[-97.88531,30.34007],[-97.88541,30.34032],[-97.88543,30.34039],[-97.88504,30.34042],[-97.88486,30.34043],[-97.88479,30.34041],[-97.88469,30.34042],[-97.8846,30.34046],[-97.88454,30.34055],[-97.88451,30.34061],[-97.88442,30.34065],[-97.88397,30.34063],[-97.88389,30.34061],[-97.8838,30.34065],[-97.88375,30.34075],[-97.8837,30.34079],[-97.88364,30.34082],[-97.88359,30.34085],[-97.88353,30.34088],[-97.88347,30.34091],[-97.88341,30.34093],[-97.88334,30.34094],[-97.88229,30.34131],[-97.88232,30.34121],[-97.88237,30.34114],[-97.88241,30.34107],[-97.88244,30.341],[-97.88247,30.34093],[-97.8825,30.34085],[-97.88252,30.34078],[-97.88253,30.3407],[-97.88254,30.34062],[-97.88254,30.3406],[-97.88255,30.34054],[-97.88255,30.34047],[-97.88254,30.34039],[-97.88253,30.34031],[-97.88251,30.34023],[-97.88249,30.34016],[-97.88247,30.34008],[-97.88244,30.34001],[-97.8824,30.33994],[-97.88236,30.33987],[-97.88232,30.3398],[-97.88227,30.33973],[-97.88226,30.33972],[-97.88222,30.33967],[-97.88216,30.33961],[-97.8821,30.33955],[-97.88204,30.3395],[-97.88201,30.33948],[-97.8819,30.3394],[-97.88183,30.33935],[-97.88175,30.33931],[-97.88167,30.33928],[-97.88159,30.33924],[-97.88151,30.33921],[-97.88142,30.33919],[-97.88134,30.33917],[-97.88125,30.33915],[-97.88116,30.33914],[-97.88107,30.33913],[-97.88098,30.33912],[-97.88087,30.33913],[-97.8808,30.33913],[-97.88071,30.33914],[-97.88062,30.33916],[-97.88053,30.33917],[-97.88045,30.3392],[-97.88036,30.33922],[-97.88028,30.33925],[-97.8802,30.33929],[-97.88012,30.33933],[-97.88005,30.33937],[-97.87998,30.33941],[-97.87991,30.33946],[-97.87984,30.33952],[-97.87978,30.33957],[-97.87972,30.33963],[-97.87966,30.33969],[-97.87961,30.33976],[-97.87955,30.33985],[-97.87952,30.33989],[-97.87949,30.33997],[-97.87945,30.34004],[-97.87943,30.34011],[-97.8794,30.34019],[-97.87938,30.34026],[-97.87937,30.34034],[-97.87936,30.34039],[-97.87936,30.34042],[-97.87936,30.34049],[-97.87936,30.34057],[-97.87937,30.34065],[-97.87932,30.3407],[-97.87927,30.34076],[-97.87923,30.34082],[-97.8792,30.34088],[-97.87917,30.34094],[-97.87914,30.341],[-97.87912,30.34106],[-97.8791,30.34113],[-97.87909,30.34119],[-97.87909,30.34126],[-97.87908,30.34133],[-97.87909,30.34139],[-97.8791,30.34146],[-97.87895,30.34145],[-97.87889,30.34145],[-97.87887,30.34144],[-97.87878,30.34144],[-97.87869,30.34145],[-97.8786,30.34146],[-97.87852,30.34148],[-97.87843,30.3415],[-97.87835,30.34152],[-97.87827,30.34155],[-97.87819,30.34158],[-97.87811,30.34161],[-97.87803,30.34165],[-97.87796,30.3417],[-97.87789,30.34174],[-97.87782,30.3418],[-97.87776,30.34185],[-97.8777,30.3419],[-97.87765,30.34196],[-97.87759,30.34202],[-97.87755,30.34209],[-97.8775,30.34215],[-97.87747,30.34223],[-97.87743,30.34229],[-97.8774,30.34237],[-97.87738,30.34244],[-97.87736,30.34252],[-97.87734,30.34259],[-97.87734,30.34267],[-97.87733,30.34274],[-97.87733,30.34282],[-97.87722,30.34278],[-97.87711,30.34279],[-97.87702,30.34284],[-97.87695,30.34291],[-97.87682,30.34291],[-97.87675,30.34289],[-97.87667,30.34286],[-97.87659,30.34285],[-97.87651,30.34283],[-97.87643,30.34282],[-97.87634,30.34282],[-97.87626,30.34282],[-97.87618,30.34283],[-97.8761,30.34283],[-97.87602,30.34285],[-97.87594,30.34286],[-97.87586,30.34289],[-97.87578,30.34291],[-97.87571,30.34294],[-97.87564,30.34297],[-97.87557,30.34301],[-97.8755,30.34305],[-97.87544,30.3431],[-97.87537,30.34315],[-97.87533,30.34319],[-97.87489,30.34358],[-97.87466,30.34372],[-97.87445,30.34379],[-97.87432,30.34385],[-97.87429,30.34386],[-97.87418,30.34368],[-97.87358,30.34437],[-97.87343,30.34447],[-97.87305,30.34464],[-97.8727,30.34477],[-97.87252,30.34483],[-97.87234,30.34493],[-97.87217,30.34503],[-97.87201,30.34502],[-97.872,30.34505],[-97.87195,30.3451],[-97.87179,30.34522],[-97.87161,30.34533],[-97.87152,30.34536],[-97.87144,30.34538],[-97.87135,30.34541],[-97.87127,30.34545],[-97.87119,30.34549],[-97.87111,30.34553],[-97.87102,30.34558],[-97.87094,30.34562],[-97.87086,30.34566],[-97.87078,30.34571],[-97.8707,30.34577],[-97.87063,30.34582],[-97.87056,30.34589],[-97.8705,30.34595],[-97.87044,30.34601],[-97.86911,30.34706],[-97.86898,30.3472],[-97.86879,30.34735],[-97.86867,30.34744],[-97.86855,30.34753],[-97.86851,30.3475],[-97.86849,30.34748],[-97.86842,30.34743],[-97.86835,30.34739],[-97.86827,30.34734],[-97.86819,30.34731],[-97.86811,30.34727],[-97.86803,30.34724],[-97.86794,30.34722],[-97.86786,30.34719],[-97.86777,30.34717],[-97.86768,30.34716],[-97.86759,30.34715],[-97.86755,30.34715],[-97.8675,30.34715],[-97.86741,30.34715],[-97.86732,30.34715],[-97.86723,30.34716],[-97.86715,30.34717],[-97.86706,30.34719],[-97.86697,30.34721],[-97.86689,30.34724],[-97.8668,30.34727],[-97.86675,30.34729],[-97.86672,30.3473],[-97.86664,30.34734],[-97.86657,30.34738],[-97.86649,30.34742],[-97.86642,30.34747],[-97.86636,30.34752],[-97.86629,30.34758],[-97.86623,30.34764],[-97.86618,30.3477],[-97.86613,30.34776],[-97.86608,30.34783],[-97.86603,30.34789],[-97.866,30.34797],[-97.86596,30.34804],[-97.86593,30.34811],[-97.86591,30.34817],[-97.86586,30.34823],[-97.86582,30.34829],[-97.86578,30.34836],[-97.86574,30.34842],[-97.86571,30.34849],[-97.86568,30.34856],[-97.86566,30.34863],[-97.86564,30.3487],[-97.86563,30.34877],[-97.86562,30.34884],[-97.86562,30.3489],[-97.86562,30.34892],[-97.86562,30.34899],[-97.86563,30.34906],[-97.86564,30.34913],[-97.86566,30.3492],[-97.86569,30.34929],[-97.86563,30.34931],[-97.86556,30.34934],[-97.86549,30.34938],[-97.86544,30.34941],[-97.86539,30.34946],[-97.86534,30.3495],[-97.86529,30.34954],[-97.86524,30.34959],[-97.86518,30.34968],[-97.86512,30.34971],[-97.86505,30.34974],[-97.86499,30.34978],[-97.86494,30.34983],[-97.86488,30.34987],[-97.86483,30.34992],[-97.86479,30.34997],[-97.86467,30.34999],[-97.86459,30.34997],[-97.86451,30.34996],[-97.86444,30.34995],[-97.86442,30.34994],[-97.86433,30.34994],[-97.86425,30.34993],[-97.86416,30.34994],[-97.86407,30.34994],[-97.86405,30.34995],[-97.86399,30.34995],[-97.8639,30.34997],[-97.86382,30.34999],[-97.86374,30.35001],[-97.86365,30.35004],[-97.86358,30.35007],[-97.8635,30.35011],[-97.86343,30.35015],[-97.86335,30.35019],[-97.86329,30.35024],[-97.86322,30.35029],[-97.86316,30.35034],[-97.8631,30.3504],[-97.86305,30.35046],[-97.863,30.35052],[-97.86295,30.35058],[-97.86287,30.35069],[-97.86282,30.35065],[-97.86275,30.3506],[-97.86267,30.35055],[-97.8626,30.35051],[-97.86252,30.35047],[-97.86244,30.35044],[-97.86235,30.35041],[-97.86227,30.35038],[-97.86218,30.35036],[-97.86209,30.35034],[-97.862,30.35033],[-97.86191,30.35032],[-97.86182,30.35032],[-97.86173,30.35031],[-97.86164,30.35032],[-97.86155,30.35033],[-97.86146,30.35034],[-97.86137,30.35036],[-97.86129,30.35038],[-97.8612,30.35041],[-97.86112,30.35043],[-97.86103,30.35047],[-97.86096,30.35051],[-97.86088,30.35055],[-97.8608,30.35059],[-97.86073,30.35064],[-97.86067,30.35069],[-97.8606,30.35075],[-97.86056,30.35079],[-97.86054,30.35081],[-97.86048,30.35087],[-97.86043,30.35093],[-97.86038,30.351],[-97.86034,30.35107],[-97.8603,30.35114],[-97.86026,30.35121],[-97.86023,30.35128],[-97.86021,30.35136],[-97.86019,30.35144],[-97.86019,30.35145],[-97.86017,30.35153],[-97.86007,30.35173],[-97.85995,30.35191],[-97.85984,30.35191],[-97.85973,30.35194],[-97.85968,30.35195],[-97.85962,30.35197],[-97.8596,30.35199],[-97.85955,30.35201],[-97.85944,30.35201],[-97.85939,30.35202],[-97.85933,30.35202],[-97.85922,30.35203],[-97.85912,30.35205],[-97.85901,30.35207],[-97.85893,30.35202],[-97.85885,30.35197],[-97.85875,30.35195],[-97.85865,30.35194],[-97.85856,30.35195],[-97.85846,30.35198],[-97.85836,30.35203],[-97.85827,30.35197],[-97.85817,30.35194],[-97.85806,30.35193],[-97.85796,30.35193],[-97.85785,30.35194],[-97.85776,30.35198],[-97.85778,30.35191],[-97.8578,30.35184],[-97.85781,30.3518],[-97.85781,30.35177],[-97.85782,30.3517],[-97.85782,30.35163],[-97.85782,30.3516],[-97.85782,30.35156],[-97.85787,30.35148],[-97.85792,30.35141],[-97.85796,30.35135],[-97.858,30.35128],[-97.85804,30.35121],[-97.85807,30.35113],[-97.8581,30.35106],[-97.85812,30.35098],[-97.85813,30.35094],[-97.85814,30.3509],[-97.85815,30.35083],[-97.85815,30.35075],[-97.85816,30.35067],[-97.85815,30.35059],[-97.85814,30.35051],[-97.85812,30.35041],[-97.85811,30.35036],[-97.85809,30.35028],[-97.85806,30.35021],[-97.85803,30.35014],[-97.85799,30.35006],[-97.85795,30.34999],[-97.8579,30.34993],[-97.85785,30.34986],[-97.8578,30.3498],[-97.85774,30.34974],[-97.85771,30.34972],[-97.85767,30.34968],[-97.85761,30.34963],[-97.85754,30.34958],[-97.85747,30.34953],[-97.85737,30.34947],[-97.85729,30.34943],[-97.85721,30.34939],[-97.85713,30.34936],[-97.85705,30.34934],[-97.85696,30.34932],[-97.85687,30.3493],[-97.85678,30.34929],[-97.85673,30.34928],[-97.8567,30.34928],[-97.85652,30.34928],[-97.85643,30.34928],[-97.85634,30.34929],[-97.85625,30.3493],[-97.85617,30.34932],[-97.85608,30.34934],[-97.856,30.34937],[-97.85592,30.3494],[-97.85584,30.34944],[-97.85576,30.34948],[-97.85569,30.34952],[-97.85561,30.34956],[-97.85555,30.34961],[-97.85548,30.34966],[-97.85545,30.34969],[-97.85542,30.34972],[-97.85536,30.34978],[-97.85531,30.34983],[-97.8552,30.34982],[-97.85509,30.34982],[-97.85505,30.34981],[-97.85498,30.34982],[-97.85487,30.34983],[-97.85476,30.34984],[-97.85465,30.34985],[-97.85454,30.34987],[-97.85446,30.34989],[-97.85433,30.34996],[-97.85432,30.34987],[-97.8543,30.3498],[-97.85428,30.34973],[-97.85426,30.34965],[-97.85423,30.34958],[-97.8542,30.3495],[-97.85416,30.34943],[-97.85411,30.34936],[-97.85407,30.34929],[-97.85401,30.34923],[-97.85396,30.34917],[-97.8539,30.34911],[-97.85384,30.34905],[-97.85377,30.349],[-97.8537,30.34895],[-97.85362,30.34891],[-97.85355,30.34886],[-97.85347,30.34882],[-97.85339,30.34879],[-97.8533,30.34876],[-97.85322,30.34873],[-97.85313,30.34871],[-97.85304,30.34869],[-97.85299,30.3486],[-97.85298,30.34856],[-97.85298,30.34853],[-97.85298,30.34845],[-97.85296,30.34838],[-97.85295,30.3483],[-97.85293,30.34823],[-97.8529,30.34815],[-97.85287,30.34808],[-97.85283,30.34801],[-97.85279,30.34795],[-97.85274,30.34788],[-97.85269,30.34781],[-97.85266,30.34778],[-97.85264,30.34776],[-97.85258,30.3477],[-97.85252,30.34764],[-97.85246,30.34759],[-97.85239,30.34754],[-97.85232,30.3475],[-97.85224,30.34746],[-97.85217,30.34742],[-97.85209,30.34739],[-97.852,30.34735],[-97.85195,30.34734],[-97.85192,30.34733],[-97.85184,30.34731],[-97.85174,30.34729],[-97.85166,30.34728],[-97.85158,30.34727],[-97.85149,30.34726],[-97.8514,30.34727],[-97.85138,30.34727],[-97.85131,30.34727],[-97.85122,30.34728],[-97.85114,30.34729],[-97.85106,30.34727],[-97.85112,30.34721],[-97.85118,30.34715],[-97.85122,30.34709],[-97.85128,30.34702],[-97.85132,30.34696],[-97.85136,30.34689],[-97.8514,30.34682],[-97.85143,30.34674],[-97.85145,30.34667],[-97.85147,30.34659],[-97.85149,30.34652],[-97.8515,30.34644],[-97.85151,30.34637],[-97.8515,30.34628],[-97.8515,30.34621],[-97.85149,30.34613],[-97.85148,30.34605],[-97.85146,30.34598],[-97.85143,30.3459],[-97.85141,30.34583],[-97.85137,30.34576],[-97.85133,30.34569],[-97.85129,30.34562],[-97.85124,30.34555],[-97.85119,30.34549],[-97.85113,30.34543],[-97.85107,30.34537],[-97.85101,30.34532],[-97.85094,30.34527],[-97.85087,30.34522],[-97.8508,30.34517],[-97.85073,30.34513],[-97.85065,30.3451],[-97.85057,30.34506],[-97.85049,30.34503],[-97.85044,30.34502],[-97.85037,30.34508],[-97.85025,30.34509],[-97.85,30.34512],[-97.84948,30.34518],[-97.84875,30.34526],[-97.8483,30.34531],[-97.8483,30.34524],[-97.84832,30.3452],[-97.84829,30.34518],[-97.84823,30.34514],[-97.84822,30.34511],[-97.84821,30.34508],[-97.84825,30.34503],[-97.84826,30.34499],[-97.84827,30.34496],[-97.84828,30.34493],[-97.84826,30.3449],[-97.84825,30.34487],[-97.84819,30.34483],[-97.84819,30.34479],[-97.84822,30.34477],[-97.84819,30.34473],[-97.84816,30.3447],[-97.84818,30.34467],[-97.84817,30.34464],[-97.84815,30.34461],[-97.84816,30.34459],[-97.84818,30.34458],[-97.84829,30.34459],[-97.84834,30.34459],[-97.84836,30.34455],[-97.84837,30.34452],[-97.84834,30.3445],[-97.84832,30.34447],[-97.84829,30.34446],[-97.84825,30.34447],[-97.84824,30.34449],[-97.84818,30.34449],[-97.84812,30.34447],[-97.84808,30.34446],[-97.84808,30.34443],[-97.84807,30.34441],[-97.84803,30.34428],[-97.84799,30.34414],[-97.84795,30.3441],[-97.84796,30.34407],[-97.84799,30.34405],[-97.84804,30.34406],[-97.84807,30.34407],[-97.84812,30.344],[-97.8481,30.344],[-97.84807,30.34399],[-97.84801,30.34399],[-97.848,30.34393],[-97.84794,30.34391],[-97.84796,30.34385],[-97.84896,30.34374],[-97.84902,30.344],[-97.84911,30.34399],[-97.8498,30.3439],[-97.84979,30.34386],[-97.84978,30.3438],[-97.84975,30.34374],[-97.84973,30.34369],[-97.84971,30.34367],[-97.8497,30.34364],[-97.84966,30.34359],[-97.84962,30.34354],[-97.84959,30.34351],[-97.84953,30.34346],[-97.84948,30.34342],[-97.84943,30.34339],[-97.84945,30.34328],[-97.84946,30.34318],[-97.84944,30.34307],[-97.84943,30.34303],[-97.84941,30.34297],[-97.84936,30.34289],[-97.84928,30.34279],[-97.84928,30.34272],[-97.84928,30.34264],[-97.84928,30.34258],[-97.84927,30.34251],[-97.84925,30.34244],[-97.84923,30.34237],[-97.8492,30.34231],[-97.8492,30.34229],[-97.84919,30.34227],[-97.84917,30.34224],[-97.84914,30.34218],[-97.8491,30.34212],[-97.84916,30.34211],[-97.84919,30.34211],[-97.84929,30.34212],[-97.8493,30.34212],[-97.84939,30.34213],[-97.84949,30.34213],[-97.84959,30.34213],[-97.84969,30.34213],[-97.84979,30.34211],[-97.84989,30.3421],[-97.84999,30.34208],[-97.85009,30.34206],[-97.85019,30.34203],[-97.85028,30.342],[-97.85037,30.34196],[-97.85047,30.34192],[-97.85055,30.34188],[-97.85064,30.34183],[-97.85072,30.34178],[-97.85081,30.34176],[-97.85089,30.34174],[-97.85098,30.34171],[-97.85106,30.34168],[-97.85114,30.34165],[-97.85121,30.34161],[-97.85129,30.34157],[-97.85136,30.34152],[-97.85143,30.34147],[-97.85149,30.34142],[-97.85155,30.34137],[-97.85161,30.34131],[-97.85166,30.34125],[-97.85171,30.34118],[-97.85176,30.34112],[-97.8518,30.34105],[-97.85183,30.34098],[-97.85187,30.3409],[-97.85196,30.34092],[-97.85205,30.34093],[-97.85213,30.34094],[-97.85222,30.34094],[-97.85231,30.34094],[-97.8524,30.34093],[-97.85249,30.34092],[-97.85258,30.34091],[-97.85267,30.34089],[-97.85275,30.34087],[-97.85284,30.34084],[-97.85292,30.34081],[-97.853,30.34078],[-97.85308,30.34074],[-97.85315,30.34069],[-97.85322,30.34065],[-97.85329,30.3406],[-97.85336,30.34055],[-97.85342,30.34049],[-97.85348,30.34043],[-97.85352,30.34038],[-97.85353,30.34037],[-97.85358,30.3403],[-97.85363,30.34024],[-97.85367,30.34017],[-97.85371,30.3401],[-97.85374,30.34003],[-97.85377,30.33995],[-97.85378,30.33989],[-97.85379,30.33988],[-97.85381,30.3398],[-97.85382,30.33972],[-97.85383,30.33964],[-97.85383,30.33957],[-97.85383,30.33949],[-97.85382,30.33941],[-97.85381,30.33934],[-97.8538,30.3393],[-97.85379,30.33926],[-97.85377,30.33918],[-97.85374,30.33911],[-97.85371,30.33904],[-97.8534,30.33904],[-97.85233,30.33896],[-97.85172,30.33881],[-97.85123,30.33868],[-97.8512,30.3393],[-97.85096,30.33932],[-97.85055,30.33926],[-97.85052,30.33925],[-97.85043,30.33919],[-97.85036,30.33915],[-97.85032,30.33913],[-97.85022,30.33905],[-97.85016,30.33899],[-97.85013,30.33896],[-97.84994,30.3388],[-97.84992,30.33875],[-97.84992,30.33873],[-97.84991,30.3387],[-97.84989,30.33865],[-97.84988,30.33864],[-97.8498,30.33858],[-97.84975,30.33854],[-97.84972,30.33852],[-97.84965,30.33847],[-97.84962,30.33845],[-97.84958,30.33842],[-97.84951,30.33836],[-97.84943,30.3383],[-97.84939,30.33826],[-97.85065,30.33782],[-97.85044,30.33739],[-97.85038,30.33727],[-97.85028,30.33721],[-97.85023,30.33715],[-97.85017,30.33709],[-97.85011,30.33703],[-97.85005,30.33698],[-97.84998,30.33693],[-97.84991,30.33688],[-97.84984,30.33684],[-97.84977,30.3368],[-97.84969,30.33677],[-97.84961,30.33674],[-97.84955,30.3367],[-97.84946,30.33664],[-97.84935,30.3366],[-97.84924,30.33658],[-97.84915,30.33655],[-97.84908,30.33651],[-97.849,30.33649],[-97.84892,30.33647],[-97.84884,30.33645],[-97.84876,30.33643],[-97.84867,30.33643],[-97.84861,30.33638],[-97.84854,30.33629],[-97.84846,30.3362],[-97.84838,30.33612],[-97.84839,30.33611],[-97.84843,30.33606],[-97.84848,30.33601],[-97.84854,30.33595],[-97.84859,30.3359],[-97.84864,30.33584],[-97.84868,30.33577],[-97.84871,30.33572],[-97.84876,30.33565],[-97.8488,30.33555],[-97.84882,30.3355],[-97.84885,30.33543],[-97.84886,30.33536],[-97.84888,30.33528],[-97.84889,30.3352],[-97.84889,30.33513],[-97.84889,30.33505],[-97.84888,30.33497],[-97.84887,30.3349],[-97.84886,30.33482],[-97.84884,30.33475],[-97.84881,30.33467],[-97.84878,30.3346],[-97.84874,30.33453],[-97.8487,30.33446],[-97.84866,30.3344],[-97.84861,30.33433],[-97.84856,30.33427],[-97.8485,30.33421],[-97.84844,30.33415],[-97.84837,30.3341],[-97.8483,30.33405],[-97.84829,30.33399],[-97.84835,30.33391],[-97.84838,30.33384],[-97.84841,30.33377],[-97.84844,30.3337],[-97.84846,30.33362],[-97.84847,30.33355],[-97.84848,30.33348],[-97.84849,30.3334],[-97.84849,30.33333],[-97.84848,30.33325],[-97.84847,30.33317],[-97.84846,30.3331],[-97.84844,30.33303],[-97.84841,30.33296],[-97.84838,30.33288],[-97.84835,30.33282],[-97.84832,30.33274],[-97.84829,30.33268],[-97.84825,30.33262],[-97.84821,30.33256],[-97.84816,30.3325],[-97.84811,30.33244],[-97.84805,30.33239],[-97.84799,30.33234],[-97.84793,30.33229],[-97.84786,30.33225],[-97.84767,30.33201],[-97.84767,30.33191],[-97.84763,30.33182],[-97.84763,30.33174],[-97.84763,30.33167],[-97.84763,30.3316],[-97.84763,30.33153],[-97.84762,30.33146],[-97.8476,30.33139],[-97.84758,30.33132],[-97.84755,30.33125],[-97.84756,30.33118],[-97.84757,30.33111],[-97.84757,30.33104],[-97.84757,30.33097],[-97.84756,30.33091],[-97.84755,30.33084],[-97.84753,30.33077],[-97.84751,30.33071],[-97.84749,30.33064],[-97.84745,30.33058],[-97.84742,30.33052],[-97.84738,30.33046],[-97.84733,30.33041],[-97.84728,30.33035],[-97.84723,30.33026],[-97.84721,30.33017],[-97.84717,30.33004],[-97.84715,30.32994],[-97.84711,30.32985],[-97.84708,30.32976],[-97.84715,30.32971],[-97.84724,30.32969],[-97.84732,30.32966],[-97.8474,30.32962],[-97.84747,30.32958],[-97.84755,30.32954],[-97.84762,30.3295],[-97.84769,30.32945],[-97.84775,30.32939],[-97.84781,30.32934],[-97.84787,30.32928],[-97.84793,30.32922],[-97.84797,30.32916],[-97.84802,30.32909],[-97.84806,30.32902],[-97.8481,30.32895],[-97.84813,30.32888],[-97.84816,30.32881],[-97.84818,30.32873],[-97.8482,30.32866],[-97.84821,30.32858],[-97.84822,30.3285],[-97.84822,30.32843],[-97.84821,30.32835],[-97.84821,30.32827],[-97.8482,30.32823],[-97.84819,30.3282],[-97.84817,30.32812],[-97.84815,30.32805],[-97.84812,30.32797],[-97.84809,30.3279],[-97.84805,30.32783],[-97.84801,30.32777],[-97.84797,30.3277],[-97.84791,30.32763],[-97.84786,30.32758],[-97.8478,30.32752],[-97.84774,30.32746],[-97.84773,30.32745],[-97.84767,30.32741],[-97.84761,30.32736],[-97.84753,30.32732],[-97.84744,30.32727],[-97.8473,30.32721],[-97.84722,30.32718],[-97.84714,30.32715],[-97.84705,30.32713],[-97.84696,30.32711],[-97.84688,30.3271],[-97.84679,30.32709],[-97.84668,30.32706],[-97.84658,30.32703],[-97.84647,30.32705],[-97.8464,30.32696],[-97.8463,30.32691],[-97.84618,30.3269],[-97.84611,30.32681],[-97.84601,30.32675],[-97.84589,30.32673],[-97.84579,30.32675],[-97.84575,30.3267],[-97.8457,30.32666],[-97.84566,30.32662],[-97.84561,30.32658],[-97.84556,30.32655],[-97.8455,30.32652],[-97.84545,30.32645],[-97.84543,30.32635],[-97.84541,30.32626],[-97.84538,30.32616],[-97.84534,30.32607],[-97.8453,30.32597],[-97.84525,30.32588],[-97.84521,30.32579],[-97.84515,30.3257],[-97.84522,30.32565],[-97.84528,30.32559],[-97.84529,30.32557],[-97.84534,30.32552],[-97.84539,30.32546],[-97.84544,30.32539],[-97.84549,30.32532],[-97.84553,30.32525],[-97.84557,30.32518],[-97.8456,30.3251],[-97.84563,30.32502],[-97.84565,30.32495],[-97.84567,30.32487],[-97.84574,30.32481],[-97.8458,30.32475],[-97.84587,30.32468],[-97.84591,30.32464],[-97.84596,30.32457],[-97.84601,30.32451],[-97.84605,30.32444],[-97.84609,30.32437],[-97.8461,30.32434],[-97.84612,30.3243],[-97.84615,30.32423],[-97.84617,30.32416],[-97.84619,30.32408],[-97.8462,30.32401],[-97.84621,30.32393],[-97.84621,30.32385],[-97.84621,30.32378],[-97.8462,30.3237],[-97.84619,30.32362],[-97.84619,30.3236],[-97.84617,30.32355],[-97.84615,30.32347],[-97.84613,30.3234],[-97.84609,30.32333],[-97.84606,30.32326],[-97.84602,30.32319],[-97.84597,30.32313],[-97.84592,30.32307],[-97.84587,30.323],[-97.84584,30.3229],[-97.84583,30.32282],[-97.84582,30.32275],[-97.8458,30.32267],[-97.84578,30.3226],[-97.84576,30.32254],[-97.84575,30.32252],[-97.84572,30.32245],[-97.84569,30.32238],[-97.84564,30.32231],[-97.8456,30.32224],[-97.84555,30.32218],[-97.8455,30.32212],[-97.84544,30.32206],[-97.84538,30.322],[-97.84532,30.32195],[-97.84524,30.3219],[-97.84517,30.32185],[-97.84509,30.32181],[-97.84502,30.32177],[-97.84494,30.32173],[-97.84486,30.3217],[-97.84477,30.32167],[-97.84469,30.32165],[-97.8446,30.32163],[-97.84451,30.32162],[-97.84442,30.32161],[-97.84433,30.3216],[-97.84424,30.3216],[-97.84415,30.3216],[-97.84406,30.32161],[-97.84397,30.32162],[-97.84393,30.32163],[-97.8438,30.32166],[-97.84372,30.32168],[-97.84363,30.32171],[-97.84355,30.32174],[-97.84347,30.32178],[-97.84339,30.32182],[-97.84332,30.32186],[-97.84325,30.32191],[-97.84318,30.32196],[-97.84312,30.32202],[-97.84306,30.32208],[-97.84299,30.32215],[-97.8429,30.32215],[-97.84281,30.32215],[-97.84272,30.32216],[-97.84263,30.32217],[-97.84254,30.32219],[-97.84246,30.32221],[-97.84238,30.32223],[-97.8423,30.32226],[-97.84222,30.3223],[-97.84217,30.32232],[-97.84214,30.32233],[-97.84211,30.32235],[-97.84206,30.32237],[-97.84199,30.32242],[-97.84192,30.32247],[-97.84185,30.32252],[-97.84179,30.32257],[-97.84173,30.32263],[-97.84168,30.32269],[-97.84157,30.32274],[-97.84145,30.32271],[-97.84137,30.32271],[-97.84127,30.32262],[-97.84122,30.32258],[-97.84116,30.32254],[-97.8411,30.32251],[-97.84105,30.32248],[-97.84098,30.32245],[-97.84091,30.32243],[-97.84084,30.32241],[-97.84077,30.32239],[-97.8407,30.32238],[-97.84063,30.32237],[-97.84051,30.32234],[-97.84041,30.3223],[-97.84021,30.32224],[-97.84002,30.32218],[-97.83992,30.32215],[-97.83982,30.32212],[-97.83961,30.32207],[-97.83951,30.32204],[-97.83941,30.32202],[-97.83931,30.322],[-97.8391,30.32196],[-97.8389,30.32192],[-97.8388,30.3219],[-97.83869,30.32189],[-97.83859,30.32187],[-97.83848,30.32186],[-97.83838,30.32185],[-97.83807,30.32182],[-97.83798,30.3218],[-97.83786,30.32177],[-97.83775,30.32175],[-97.83763,30.32173],[-97.83751,30.32171],[-97.83739,30.3217],[-97.83727,30.3217],[-97.83715,30.32169],[-97.83703,30.3217],[-97.83691,30.3217],[-97.8368,30.32171],[-97.83668,30.32173],[-97.83656,30.32175],[-97.83647,30.32177],[-97.83639,30.32176],[-97.83631,30.32175],[-97.83623,30.32174],[-97.83615,30.32173],[-97.83607,30.32172],[-97.83599,30.32172],[-97.83583,30.32171],[-97.83559,30.3217],[-97.83551,30.32171],[-97.83543,30.32171],[-97.83535,30.32171],[-97.83526,30.32171],[-97.83518,30.32172],[-97.83502,30.32173],[-97.83486,30.32175],[-97.83478,30.32176],[-97.8347,30.32178],[-97.83462,30.32179],[-97.83455,30.3218],[-97.83447,30.32182],[-97.83438,30.32183],[-97.83437,30.32184],[-97.83373,30.32201],[-97.83371,30.32202],[-97.83363,30.32204],[-97.83359,30.32203],[-97.83351,30.32202],[-97.83339,30.32205],[-97.83326,30.32209],[-97.83316,30.32209],[-97.83306,30.32209],[-97.83296,30.3221],[-97.83286,30.32212],[-97.83276,30.32214],[-97.83267,30.32216],[-97.83257,30.32218],[-97.83248,30.32222],[-97.83241,30.32221],[-97.83234,30.32221],[-97.83227,30.32221],[-97.8322,30.32222],[-97.83213,30.32223],[-97.83206,30.32224],[-97.832,30.32226],[-97.83193,30.32228],[-97.83187,30.32231],[-97.83183,30.32233],[-97.82983,30.32266],[-97.82969,30.32291],[-97.82962,30.32303],[-97.82958,30.32307],[-97.82955,30.32309],[-97.82951,30.32312],[-97.8294,30.32318],[-97.82925,30.32323],[-97.8288,30.3234],[-97.82854,30.32352],[-97.82801,30.3238],[-97.82775,30.32395],[-97.82744,30.32411],[-97.82728,30.32419],[-97.82709,30.32431],[-97.82684,30.32453],[-97.82665,30.32472],[-97.82643,30.32492],[-97.82621,30.32511],[-97.82511,30.32412],[-97.82508,30.32408],[-97.82488,30.3239],[-97.82497,30.32375],[-97.825,30.3236],[-97.82502,30.32345],[-97.82498,30.32325],[-97.82494,30.32309],[-97.8249,30.32287],[-97.82488,30.32281],[-97.82483,30.32265],[-97.82483,30.32257],[-97.82483,30.32241],[-97.82483,30.32232],[-97.82481,30.32222],[-97.8249,30.32221],[-97.82506,30.32217],[-97.82517,30.32215],[-97.82528,30.32211],[-97.82543,30.32205],[-97.8257,30.32191],[-97.82582,30.32184],[-97.82593,30.32177],[-97.82604,30.32165],[-97.82612,30.32157],[-97.82618,30.32148],[-97.82629,30.32131],[-97.82639,30.32116],[-97.82662,30.32082],[-97.82667,30.32072],[-97.82673,30.32063],[-97.8268,30.3205],[-97.82686,30.3204],[-97.82691,30.32029],[-97.82701,30.32006],[-97.82706,30.31994],[-97.8272,30.31951],[-97.82729,30.31925],[-97.82735,30.31914],[-97.82747,30.31895],[-97.8277,30.31861],[-97.82778,30.31851],[-97.82782,30.31847],[-97.8279,30.31841],[-97.82802,30.31832],[-97.82885,30.31773],[-97.82951,30.31729],[-97.8299,30.31699],[-97.83017,30.31669],[-97.83029,30.31636],[-97.83032,30.31575],[-97.83032,30.31453],[-97.83021,30.3142],[-97.82997,30.31386],[-97.83044,30.31357],[-97.83053,30.31352],[-97.83065,30.31348],[-97.83074,30.31346],[-97.83082,30.31345],[-97.83105,30.31346],[-97.83133,30.31355],[-97.83141,30.31331],[-97.83146,30.31317],[-97.83151,30.31306],[-97.8316,30.31291],[-97.83166,30.31279],[-97.8317,30.3127],[-97.8317,30.31263],[-97.8317,30.31254],[-97.83169,30.31246],[-97.83165,30.31236],[-97.83158,30.31225],[-97.83153,30.31218],[-97.83113,30.31182],[-97.83094,30.31165],[-97.83087,30.31158],[-97.83078,30.31149],[-97.83072,30.31141],[-97.83067,30.31132],[-97.83062,30.31122],[-97.8306,30.31114],[-97.83058,30.31098],[-97.83058,30.31077],[-97.83056,30.31053],[-97.83052,30.3104],[-97.83048,30.3103],[-97.83041,30.31018],[-97.83032,30.31004],[-97.83023,30.3099],[-97.83013,30.30979],[-97.83006,30.30967],[-97.82999,30.30957],[-97.82995,30.30947],[-97.8299,30.30932],[-97.82979,30.30894],[-97.8297,30.30859],[-97.82954,30.30791],[-97.82953,30.30764],[-97.8296,30.30732],[-97.82979,30.30703],[-97.83027,30.30673],[-97.83179,30.30659],[-97.83176,30.30646],[-97.83166,30.30622],[-97.8315,30.30607],[-97.8313,30.30589],[-97.83125,30.30583],[-97.83107,30.30569],[-97.83045,30.30496],[-97.83012,30.30468],[-97.83036,30.30404],[-97.83042,30.30386],[-97.8303,30.3038],[-97.83012,30.30374],[-97.82972,30.30362],[-97.82905,30.30342],[-97.82914,30.30324],[-97.82913,30.30322],[-97.82914,30.30293],[-97.82822,30.30255],[-97.82783,30.30321],[-97.82734,30.30317],[-97.82686,30.30319],[-97.82635,30.30408],[-97.82596,30.30412],[-97.82585,30.30432],[-97.82575,30.3045],[-97.82566,30.30468],[-97.82557,30.30488],[-97.82543,30.30531],[-97.82539,30.30544],[-97.82537,30.30554],[-97.82531,30.30576],[-97.82529,30.30595],[-97.82529,30.30621],[-97.82531,30.30648],[-97.82539,30.30691],[-97.82553,30.30746],[-97.82614,30.30944],[-97.8265,30.31059],[-97.82689,30.31192],[-97.8269,30.31201],[-97.82697,30.31239],[-97.82698,30.31258],[-97.82698,30.31263],[-97.82699,30.31275],[-97.82699,30.3131],[-97.82694,30.31354],[-97.82688,30.31384],[-97.82684,30.31403],[-97.82678,30.3142],[-97.82674,30.31436],[-97.82665,30.31458],[-97.82662,30.31468],[-97.82661,30.31471],[-97.82653,30.31487],[-97.82622,30.31543],[-97.82618,30.31551],[-97.82611,30.31559],[-97.82561,30.31621],[-97.82555,30.31627],[-97.82534,30.31649],[-97.82509,30.31671],[-97.82468,30.31702],[-97.8244,30.31721],[-97.82422,30.3173],[-97.82167,30.31866],[-97.82161,30.31869],[-97.82064,30.3192],[-97.81735,30.32092],[-97.81629,30.32147],[-97.81612,30.32157],[-97.81584,30.32172],[-97.81552,30.32189],[-97.81532,30.32204],[-97.81515,30.32217],[-97.81496,30.32233],[-97.8147,30.32255],[-97.81456,30.32268],[-97.81451,30.32274],[-97.81441,30.32285],[-97.81433,30.32293],[-97.81416,30.32314],[-97.81408,30.32325],[-97.81286,30.32515],[-97.81134,30.32752],[-97.81125,30.32765],[-97.81117,30.32779],[-97.81034,30.32909],[-97.80943,30.33051],[-97.80822,30.3324],[-97.80699,30.33433],[-97.80644,30.33519],[-97.80637,30.33531],[-97.80629,30.33542],[-97.80378,30.3394],[-97.80371,30.33951],[-97.80362,30.33964],[-97.80182,30.34246],[-97.80153,30.34291],[-97.80084,30.34399],[-97.79972,30.34576],[-97.79926,30.34645],[-97.79913,30.34665],[-97.7985,30.34761],[-97.79809,30.34822],[-97.79789,30.34853],[-97.79756,30.34895],[-97.79743,30.34912],[-97.79737,30.34921],[-97.79703,30.34974],[-97.79696,30.34984],[-97.79692,30.34988],[-97.79684,30.34999],[-97.79679,30.34997],[-97.79675,30.34995],[-97.79677,30.34992],[-97.79683,30.34984],[-97.79677,30.34982],[-97.79658,30.34975],[-97.79622,30.34957],[-97.79487,30.3486],[-97.79371,30.34777],[-97.7936,30.34769],[-97.79152,30.34628],[-97.79147,30.34625],[-97.7897,30.34483],[-97.78831,30.34356],[-97.78769,30.34276],[-97.7874,30.34238],[-97.78656,30.34137],[-97.78624,30.34092],[-97.78509,30.33894],[-97.78475,30.33836],[-97.78433,30.33765],[-97.7839,30.3369],[-97.78311,30.33556],[-97.78272,30.33491],[-97.78199,30.33377],[-97.78191,30.33365],[-97.78125,30.33256],[-97.78106,30.33223],[-97.78093,30.33225],[-97.77976,30.33054],[-97.77861,30.3284],[-97.77651,30.32384],[-97.77608,30.32218],[-97.77613,30.32092],[-97.77567,30.31803],[-97.77587,30.31414],[-97.7759,30.31361],[-97.77718,30.3102],[-97.77788,30.30835],[-97.7779,30.30831],[-97.77839,30.30766],[-97.77854,30.30736],[-97.77892,30.30663],[-97.77916,30.30622],[-97.77954,30.30573],[-97.78052,30.30444],[-97.78108,30.30373],[-97.78134,30.30344],[-97.78207,30.30269],[-97.78234,30.30239],[-97.78277,30.30192],[-97.78311,30.30155],[-97.78351,30.30111],[-97.78373,30.30085],[-97.78388,30.30064],[-97.78407,30.30032],[-97.78447,30.29972],[-97.78507,30.29891],[-97.78549,30.2983],[-97.78572,30.29792],[-97.78574,30.29788],[-97.78593,30.29751],[-97.78599,30.29738],[-97.78595,30.29658],[-97.7859,30.29553],[-97.7856,30.29425],[-97.78561,30.29388],[-97.78559,30.2936],[-97.78549,30.29355],[-97.78543,30.29348],[-97.7854,30.2934],[-97.78527,30.29316],[-97.78554,30.29261],[-97.78565,30.29262],[-97.7861,30.2917],[-97.78612,30.29168],[-97.78577,30.29],[-97.78566,30.28678],[-97.78538,30.28642],[-97.78535,30.28615],[-97.7849,30.28538],[-97.78428,30.28431],[-97.78391,30.28395],[-97.78296,30.28303],[-97.78036,30.2805],[-97.77949,30.27977],[-97.77768,30.27833],[-97.77688,30.2777],[-97.77668,30.27754],[-97.77501,30.27635],[-97.77482,30.27622],[-97.7742,30.27581],[-97.7733,30.27522],[-97.77279,30.27489],[-97.77257,30.27465],[-97.77175,30.27399],[-97.77148,30.27381],[-97.77116,30.27422],[-97.77106,30.27435],[-97.77074,30.27481],[-97.77063,30.27496],[-97.77061,30.275],[-97.77055,30.27508],[-97.77013,30.27566],[-97.77006,30.27576],[-97.76958,30.27642],[-97.7694,30.27664],[-97.76937,30.27669],[-97.76923,30.27686],[-97.76915,30.27696],[-97.76902,30.27714],[-97.7689,30.2773],[-97.76884,30.27738],[-97.76879,30.27745],[-97.76862,30.27768],[-97.76814,30.27831],[-97.76808,30.27839],[-97.76806,30.27842],[-97.76738,30.2794],[-97.76735,30.27946],[-97.76731,30.27953],[-97.76695,30.28013],[-97.76574,30.2826],[-97.7653,30.28346],[-97.76516,30.28372],[-97.76509,30.28384],[-97.76438,30.28496],[-97.76375,30.28588],[-97.76331,30.28565],[-97.76309,30.28553],[-97.76259,30.28517],[-97.76244,30.28505],[-97.76199,30.28474],[-97.76188,30.28468],[-97.76032,30.2835],[-97.75909,30.28308],[-97.75783,30.28277],[-97.75697,30.28256],[-97.75655,30.28242],[-97.75606,30.28203],[-97.75495,30.28117],[-97.75477,30.28105],[-97.75375,30.28034],[-97.75249,30.27946],[-97.75186,30.27894],[-97.75174,30.27863],[-97.75118,30.27736],[-97.75091,30.27799],[-97.75088,30.27807],[-97.75078,30.2784],[-97.75068,30.27885],[-97.75069,30.2791],[-97.75069,30.27936],[-97.75066,30.27961],[-97.75058,30.27997],[-97.75044,30.28056],[-97.75053,30.28102],[-97.75062,30.28144],[-97.75068,30.28164],[-97.75078,30.28195],[-97.75085,30.28212],[-97.75098,30.28233],[-97.75127,30.28273],[-97.75171,30.28319],[-97.7518,30.28328],[-97.75213,30.28361],[-97.75254,30.28414],[-97.75273,30.28444],[-97.7529,30.28475],[-97.75297,30.28488],[-97.75303,30.28497],[-97.7531,30.28516],[-97.75315,30.28533],[-97.75318,30.28558],[-97.75319,30.28596],[-97.7532,30.2862],[-97.7532,30.28651],[-97.75318,30.28673],[-97.75314,30.28687],[-97.75314,30.28689],[-97.75278,30.28853],[-97.75333,30.28869],[-97.75326,30.2888],[-97.75314,30.28893],[-97.75295,30.28919],[-97.75258,30.28966],[-97.75238,30.28988],[-97.75214,30.29011],[-97.75201,30.29031],[-97.75195,30.29062],[-97.75188,30.29087],[-97.75184,30.2911],[-97.75173,30.29138],[-97.75154,30.29161],[-97.7514,30.29172],[-97.75132,30.29182],[-97.75124,30.29192],[-97.75101,30.29201],[-97.75057,30.29211],[-97.75021,30.29216],[-97.74994,30.29214],[-97.74988,30.29213],[-97.74976,30.29209],[-97.74964,30.29208],[-97.74948,30.29207],[-97.74929,30.29208],[-97.74911,30.29211],[-97.74895,30.29215],[-97.74886,30.29216],[-97.74866,30.29218],[-97.74846,30.29218],[-97.74792,30.29229],[-97.74782,30.29231],[-97.74775,30.29234],[-97.74767,30.29239],[-97.74753,30.29251],[-97.74748,30.29256],[-97.74745,30.29261],[-97.74743,30.29266],[-97.74741,30.29272],[-97.74741,30.29277],[-97.74741,30.2928],[-97.74743,30.29291],[-97.74749,30.29308],[-97.74753,30.29318],[-97.74765,30.29345],[-97.74773,30.2936],[-97.74795,30.29407],[-97.74806,30.29431],[-97.74817,30.2945],[-97.74822,30.2946],[-97.74827,30.29468],[-97.74853,30.29503],[-97.74865,30.29516],[-97.74871,30.29524],[-97.74877,30.29537],[-97.7489,30.2956],[-97.74905,30.2958],[-97.7491,30.2959],[-97.74914,30.29599],[-97.74917,30.29609],[-97.74924,30.29638],[-97.7493,30.29666],[-97.74933,30.29674],[-97.74942,30.29691],[-97.7495,30.29702],[-97.74959,30.29711],[-97.74966,30.29716],[-97.74974,30.29721],[-97.74992,30.29728],[-97.74993,30.29729],[-97.74999,30.29737],[-97.75009,30.29752],[-97.75017,30.29766],[-97.75018,30.2977],[-97.75018,30.29775],[-97.75015,30.2978],[-97.75012,30.29784],[-97.74997,30.29792],[-97.74993,30.29795],[-97.74983,30.29809],[-97.74956,30.29845],[-97.74948,30.29855],[-97.74926,30.29876],[-97.74918,30.29883],[-97.74912,30.29886],[-97.74906,30.29889],[-97.74892,30.29892],[-97.74872,30.299],[-97.74859,30.29903],[-97.74853,30.29904],[-97.74837,30.29905],[-97.748,30.29904],[-97.74778,30.29903],[-97.74759,30.299],[-97.74753,30.299],[-97.74749,30.29902],[-97.74744,30.29903],[-97.74737,30.29906],[-97.74731,30.29911],[-97.74725,30.29917],[-97.7472,30.29924],[-97.74716,30.29931],[-97.74713,30.29939],[-97.74712,30.29948],[-97.74712,30.29956],[-97.74714,30.2996],[-97.74719,30.29972],[-97.7473,30.29991],[-97.74739,30.30005],[-97.74748,30.30014],[-97.74758,30.30024],[-97.74768,30.30032],[-97.74794,30.30052],[-97.74824,30.30075],[-97.74857,30.301],[-97.7487,30.3011],[-97.74907,30.30145],[-97.74928,30.30179],[-97.74938,30.30197],[-97.74948,30.30219],[-97.74955,30.3023],[-97.74966,30.30244],[-97.74978,30.30254],[-97.74992,30.30256],[-97.75008,30.30264],[-97.7501,30.30266],[-97.7501,30.30267],[-97.75009,30.30273],[-97.75007,30.30282],[-97.75002,30.30305],[-97.74999,30.30311],[-97.74995,30.30315],[-97.74987,30.30323],[-97.74973,30.30335],[-97.74969,30.3034],[-97.74953,30.30369],[-97.74948,30.30381],[-97.74942,30.30396],[-97.74936,30.30407],[-97.74931,30.30415],[-97.74915,30.30433],[-97.74901,30.3045],[-97.74888,30.30465],[-97.74883,30.30472],[-97.74862,30.30459],[-97.74722,30.30394],[-97.74687,30.30373],[-97.74576,30.3032],[-97.74558,30.30311],[-97.74472,30.3027],[-97.74426,30.30343],[-97.74375,30.30422],[-97.74357,30.30447],[-97.74312,30.3052],[-97.74239,30.30625],[-97.74221,30.30656],[-97.7421,30.30675],[-97.74191,30.30709],[-97.7414,30.30786],[-97.74073,30.30891],[-97.74005,30.30995],[-97.73932,30.31101],[-97.73855,30.3121],[-97.73758,30.31346],[-97.73879,30.31404],[-97.73966,30.31448],[-97.74057,30.3149],[-97.74158,30.3154],[-97.74249,30.31581],[-97.74337,30.31623],[-97.74428,30.31665],[-97.74516,30.3171],[-97.74557,30.3173],[-97.7459,30.31741],[-97.74615,30.31747],[-97.74697,30.31789],[-97.74764,30.31823],[-97.74831,30.31854],[-97.74907,30.31885],[-97.74913,30.31888],[-97.74915,30.31889],[-97.75095,30.31972],[-97.75173,30.3201],[-97.7524,30.32043],[-97.75246,30.32045],[-97.75251,30.32045],[-97.75269,30.32044],[-97.75292,30.32042],[-97.75305,30.32043],[-97.75317,30.32045],[-97.75349,30.32057],[-97.75428,30.32097],[-97.75483,30.32124],[-97.75502,30.3213],[-97.75518,30.32134],[-97.75531,30.32136],[-97.75543,30.32136],[-97.75552,30.32136],[-97.75561,30.32136],[-97.75572,30.32136],[-97.75572,30.32146],[-97.75567,30.32342],[-97.75564,30.32483],[-97.75564,30.32501],[-97.75561,30.32646],[-97.75554,30.33075],[-97.7557,30.33082],[-97.75566,30.33097],[-97.75551,30.33466],[-97.75551,30.33499],[-97.7554,30.3354],[-97.75531,30.33556],[-97.75527,30.33563],[-97.75502,30.33623],[-97.75451,30.33742],[-97.7544,30.33753],[-97.75437,30.33763],[-97.7542,30.3382],[-97.75156,30.34396],[-97.75101,30.34512],[-97.75028,30.34678],[-97.74864,30.35022],[-97.74836,30.35082],[-97.748,30.3516],[-97.74737,30.35297],[-97.74684,30.35413],[-97.74631,30.35529],[-97.74619,30.35553],[-97.74597,30.35596],[-97.74534,30.35734],[-97.74494,30.35815],[-97.74433,30.35958],[-97.74414,30.35989],[-97.74387,30.36031],[-97.74383,30.36038],[-97.7438,30.36044],[-97.74349,30.36113],[-97.74346,30.3612],[-97.74343,30.3613],[-97.74335,30.36148],[-97.74295,30.3625],[-97.74215,30.3644],[-97.74141,30.36605],[-97.74118,30.36656],[-97.74088,30.3674],[-97.74086,30.36745],[-97.74024,30.36894],[-97.73962,30.37044],[-97.7394,30.37095],[-97.73923,30.37136],[-97.73855,30.37299],[-97.73835,30.37345],[-97.73749,30.37541],[-97.73653,30.37758],[-97.73645,30.3777],[-97.73639,30.37789],[-97.73637,30.37801],[-97.73632,30.37831],[-97.73619,30.37868],[-97.7363,30.37875],[-97.73636,30.37879],[-97.73743,30.37945],[-97.73763,30.37958],[-97.73775,30.37966],[-97.73787,30.37973],[-97.73791,30.37976],[-97.73796,30.37979],[-97.73802,30.37982],[-97.7382,30.37992],[-97.73828,30.37997],[-97.73831,30.37999],[-97.73846,30.38007],[-97.73913,30.38049],[-97.7401,30.38125],[-97.74088,30.38199],[-97.74121,30.38239],[-97.74146,30.38271],[-97.74174,30.38314],[-97.74199,30.38363],[-97.74236,30.38436],[-97.74372,30.38708],[-97.74398,30.3877],[-97.74478,30.38929],[-97.7449,30.38953],[-97.74494,30.38961],[-97.74495,30.38964],[-97.74546,30.39052],[-97.74585,30.39138],[-97.74598,30.39168],[-97.74602,30.39187],[-97.7462,30.39262],[-97.74632,30.39363],[-97.74633,30.39387],[-97.74633,30.39405],[-97.74633,30.39415],[-97.74631,30.39436],[-97.74629,30.39464],[-97.7462,30.39583],[-97.74613,30.39691],[-97.74608,30.39756],[-97.74607,30.39764],[-97.746,30.39827],[-97.74581,30.39993],[-97.74577,30.40022],[-97.74576,30.40035],[-97.74575,30.4004],[-97.74575,30.40048],[-97.74572,30.40071],[-97.7456,30.40203],[-97.7454,30.40413],[-97.74511,30.40687],[-97.74501,30.40759],[-97.745,30.4077],[-97.74499,30.40788],[-97.74534,30.40792],[-97.74533,30.40816],[-97.74531,30.4085],[-97.7453,30.40879],[-97.74532,30.40898],[-97.74533,30.40914],[-97.74543,30.41034],[-97.74557,30.41119],[-97.74566,30.41183],[-97.74586,30.41285],[-97.74628,30.41507],[-97.74614,30.41513],[-97.746,30.41519],[-97.74631,30.41692],[-97.74667,30.41883],[-97.7467,30.41901],[-97.74671,30.41907],[-97.74676,30.41932],[-97.74715,30.42132],[-97.74722,30.42158],[-97.7475,30.42229],[-97.74768,30.42262],[-97.74785,30.42287],[-97.74806,30.42315],[-97.74818,30.42327],[-97.74845,30.42356],[-97.74861,30.42374],[-97.74883,30.42397],[-97.74934,30.42436],[-97.74954,30.42449],[-97.74976,30.42461],[-97.75022,30.42485],[-97.75165,30.42556],[-97.75355,30.42648],[-97.7536,30.4265],[-97.75363,30.42652],[-97.75364,30.42652],[-97.75475,30.42705],[-97.75495,30.42716],[-97.7551,30.42723],[-97.75831,30.42885],[-97.75897,30.42918],[-97.75919,30.42929],[-97.75946,30.42943],[-97.76173,30.43055],[-97.76247,30.43091],[-97.76562,30.43241],[-97.76572,30.43241],[-97.76588,30.43241],[-97.76595,30.43241],[-97.76607,30.43241],[-97.76613,30.43241],[-97.76652,30.43242],[-97.76673,30.43242],[-97.76678,30.43242],[-97.76694,30.43243],[-97.76725,30.43247],[-97.768,30.43257],[-97.76849,30.43254],[-97.76892,30.43247],[-97.76921,30.43241],[-97.76951,30.43229],[-97.76953,30.43228],[-97.77163,30.43144],[-97.77173,30.43139],[-97.77269,30.43105],[-97.77298,30.43095],[-97.77357,30.43074],[-97.77384,30.43065],[-97.77449,30.43042],[-97.77539,30.4301],[-97.77586,30.42993],[-97.77635,30.42977],[-97.7764,30.42984],[-97.77661,30.43025],[-97.77696,30.43094],[-97.77712,30.4313],[-97.77719,30.43155],[-97.77725,30.43176],[-97.7773,30.43195],[-97.77788,30.43176],[-97.77831,30.43163],[-97.77839,30.4316],[-97.77848,30.43161],[-97.7792,30.43139],[-97.77932,30.43134],[-97.77942,30.43128],[-97.77961,30.43116],[-97.77993,30.43096],[-97.78001,30.43092],[-97.7801,30.43086],[-97.78035,30.43071],[-97.78078,30.43046],[-97.78087,30.43041],[-97.78094,30.43037],[-97.78119,30.43024],[-97.78127,30.43019],[-97.78139,30.43012],[-97.78183,30.42982],[-97.78201,30.42967],[-97.78218,30.42949],[-97.78245,30.42921],[-97.78238,30.4291],[-97.7822,30.42893],[-97.78139,30.42797],[-97.78132,30.42779],[-97.78107,30.42771],[-97.78084,30.42754],[-97.7794,30.42617],[-97.77916,30.42653],[-97.77907,30.42664],[-97.779,30.42669],[-97.77893,30.42671],[-97.77885,30.42669],[-97.77865,30.42661],[-97.7784,30.4265],[-97.77823,30.4264],[-97.7781,30.42631],[-97.77801,30.42617],[-97.77774,30.4256],[-97.77829,30.42515],[-97.77843,30.42505],[-97.7786,30.42489],[-97.77874,30.42474],[-97.7789,30.42453],[-97.77936,30.42381],[-97.77958,30.42347],[-97.77975,30.42315],[-97.77982,30.42288],[-97.77994,30.42239],[-97.78001,30.42219],[-97.78018,30.42174],[-97.78035,30.42128],[-97.78055,30.42075],[-97.78057,30.42066],[-97.7808,30.41957],[-97.78081,30.41954],[-97.7809,30.419],[-97.78103,30.41849],[-97.78136,30.41709],[-97.78157,30.41649],[-97.78163,30.41593],[-97.7818,30.41502],[-97.77944,30.41482],[-97.77929,30.41585],[-97.77774,30.41586],[-97.77752,30.41585],[-97.77737,30.41588],[-97.77719,30.41592],[-97.77685,30.41607],[-97.77662,30.41619],[-97.77637,30.41631],[-97.77611,30.41643],[-97.77593,30.4166],[-97.77582,30.4167],[-97.77574,30.41682],[-97.7756,30.41715],[-97.77531,30.4178],[-97.77529,30.41792],[-97.77502,30.4179],[-97.7749,30.41787],[-97.77476,30.4178],[-97.77467,30.41773],[-97.77454,30.41756],[-97.77441,30.41729],[-97.77426,30.41704],[-97.77419,30.41693],[-97.7741,30.41683],[-97.77389,30.41666],[-97.77365,30.41646],[-97.77344,30.41629],[-97.7733,30.41612],[-97.77316,30.41589],[-97.77301,30.41561],[-97.7729,30.41543],[-97.77271,30.41525],[-97.7725,30.4151],[-97.77205,30.41481],[-97.77187,30.41467],[-97.77179,30.41458],[-97.77174,30.41447],[-97.77171,30.41426],[-97.77168,30.41364],[-97.77165,30.41349],[-97.77159,30.41332],[-97.77152,30.41318],[-97.77137,30.41296],[-97.77113,30.41262],[-97.77103,30.41248],[-97.77089,30.41238],[-97.77067,30.41224],[-97.7706,30.41221],[-97.7705,30.41217],[-97.77038,30.41208],[-97.77025,30.41197],[-97.76971,30.41143],[-97.76959,30.41136],[-97.76934,30.41128],[-97.76912,30.41122],[-97.76897,30.4112],[-97.76886,30.41122],[-97.7687,30.41128],[-97.76828,30.41145],[-97.76854,30.41103],[-97.77206,30.41028],[-97.77201,30.41009],[-97.77199,30.40996],[-97.77197,30.40988],[-97.77197,30.40983],[-97.77198,30.40979],[-97.77207,30.40963],[-97.77211,30.40955],[-97.77213,30.4095],[-97.77215,30.40931],[-97.77218,30.40922],[-97.77224,30.40913],[-97.77228,30.40904],[-97.77233,30.40894],[-97.77241,30.40874],[-97.77246,30.40867],[-97.77253,30.40853],[-97.77254,30.40845],[-97.77253,30.40831],[-97.77251,30.40822],[-97.77248,30.40814],[-97.77238,30.40797],[-97.77231,30.40788],[-97.7723,30.40785],[-97.7723,30.4078],[-97.77231,30.40777],[-97.77241,30.40757],[-97.77244,30.40751],[-97.77257,30.40739],[-97.77273,30.4073],[-97.77291,30.4072],[-97.77306,30.40713],[-97.7733,30.40705],[-97.77337,30.40704],[-97.77342,30.40701],[-97.77356,30.4069],[-97.77366,30.40681],[-97.77371,30.40678],[-97.77375,30.40674],[-97.77382,30.40658],[-97.77385,30.40652],[-97.77386,30.40647],[-97.77386,30.40639],[-97.77389,30.40625],[-97.77389,30.40617],[-97.77386,30.40603],[-97.77385,30.40596],[-97.77382,30.40584],[-97.77381,30.40579],[-97.77369,30.40557],[-97.77365,30.4055],[-97.77361,30.40543],[-97.77359,30.40534],[-97.77355,30.40527],[-97.77353,30.4052],[-97.77338,30.40501],[-97.77336,30.40496],[-97.7733,30.4049],[-97.77328,30.40485],[-97.77328,30.40479],[-97.77326,30.40476],[-97.77328,30.40464],[-97.77327,30.40457],[-97.77328,30.40442],[-97.77329,30.40435],[-97.77331,30.40429],[-97.77331,30.40422],[-97.77332,30.40417],[-97.77333,30.40413],[-97.77333,30.40409],[-97.77333,30.40405],[-97.77334,30.40401],[-97.77344,30.40383],[-97.77345,30.40377],[-97.77345,30.40373],[-97.77335,30.40354],[-97.77331,30.4035],[-97.77325,30.40349],[-97.77323,30.40346],[-97.77316,30.4033],[-97.77307,30.40316],[-97.77301,30.40311],[-97.7729,30.40297],[-97.77287,30.40292],[-97.77284,30.40283],[-97.7728,30.40277],[-97.77262,30.40258],[-97.77259,30.40256],[-97.77244,30.40251],[-97.77238,30.40251],[-97.77231,30.40248],[-97.77215,30.40239],[-97.77208,30.40235],[-97.77192,30.40223],[-97.77188,30.4022],[-97.77186,30.40217],[-97.77185,30.4021],[-97.77189,30.40193],[-97.7719,30.40181],[-97.7719,30.40172],[-97.7719,30.40162],[-97.77189,30.40149],[-97.7719,30.40144],[-97.77196,30.40131],[-97.77201,30.40123],[-97.77207,30.40111],[-97.77207,30.40108],[-97.77206,30.40105],[-97.77199,30.40099],[-97.77177,30.40082],[-97.77173,30.40077],[-97.77173,30.40076],[-97.77169,30.40067],[-97.77165,30.40057],[-97.77159,30.40044],[-97.77157,30.4004],[-97.77156,30.40035],[-97.77157,30.4001],[-97.77159,30.39985],[-97.77158,30.39974],[-97.77158,30.39953],[-97.77158,30.39942],[-97.77157,30.39939],[-97.77155,30.39936],[-97.7715,30.39932],[-97.77135,30.39924],[-97.77127,30.39922],[-97.77121,30.3992],[-97.77113,30.39921],[-97.77106,30.39922],[-97.77096,30.3992],[-97.77091,30.39918],[-97.77086,30.39914],[-97.77072,30.39906],[-97.77066,30.39902],[-97.7706,30.39898],[-97.77053,30.39892],[-97.77049,30.39889],[-97.77043,30.39884],[-97.7704,30.39882],[-97.77038,30.39879],[-97.77028,30.39868],[-97.77017,30.39856],[-97.77014,30.39851],[-97.77006,30.39836],[-97.76991,30.39812],[-97.76987,30.39806],[-97.76984,30.39799],[-97.76981,30.39782],[-97.76981,30.39772],[-97.76982,30.39763],[-97.76983,30.39749],[-97.76988,30.3973],[-97.7699,30.39728],[-97.76991,30.39723],[-97.76992,30.39711],[-97.76993,30.39706],[-97.76993,30.39693],[-97.76993,30.39684],[-97.76992,30.3968],[-97.76989,30.39672],[-97.76983,30.39654],[-97.76981,30.39643],[-97.76971,30.39608],[-97.76971,30.39603],[-97.76974,30.39594],[-97.76977,30.39587],[-97.76984,30.39579],[-97.76988,30.39574],[-97.76989,30.39573],[-97.76995,30.39566],[-97.77,30.39563],[-97.77016,30.39528],[-97.77019,30.39518],[-97.7702,30.3951],[-97.77019,30.39505],[-97.77021,30.39501],[-97.77028,30.39491],[-97.77036,30.39484],[-97.7704,30.3948],[-97.77047,30.39476],[-97.77061,30.39466],[-97.77065,30.39465],[-97.77072,30.39464],[-97.7708,30.39462],[-97.7709,30.39458],[-97.77106,30.3945],[-97.77135,30.39439],[-97.77146,30.39433],[-97.77155,30.39431],[-97.77165,30.39428],[-97.77171,30.39428],[-97.77174,30.39428],[-97.77178,30.39429],[-97.77185,30.3943],[-97.77208,30.39427],[-97.77213,30.39427],[-97.77228,30.39423],[-97.77233,30.39421],[-97.77238,30.39415],[-97.77241,30.39411],[-97.77244,30.3941],[-97.77252,30.39409],[-97.77256,30.39408],[-97.77259,30.39405],[-97.77265,30.39401],[-97.77268,30.39399],[-97.77273,30.39395],[-97.77291,30.39388],[-97.77301,30.39383],[-97.77312,30.39378],[-97.77319,30.39373],[-97.77327,30.39366],[-97.77339,30.39354],[-97.77353,30.39342],[-97.77361,30.39333],[-97.77363,30.39329],[-97.77365,30.39326],[-97.77366,30.39324],[-97.7736,30.39321],[-97.77356,30.39315],[-97.7735,30.39304],[-97.77346,30.39294],[-97.77347,30.39289],[-97.77353,30.39266],[-97.7736,30.39254],[-97.77363,30.3925],[-97.7737,30.39247],[-97.77385,30.39242],[-97.77389,30.3924],[-97.77402,30.39236],[-97.77404,30.39235],[-97.77408,30.39224],[-97.77411,30.3922],[-97.77411,30.39216],[-97.77409,30.39203],[-97.7741,30.392],[-97.77408,30.39198],[-97.77402,30.39195],[-97.77399,30.39191],[-97.77397,30.39184],[-97.77393,30.39179],[-97.77387,30.39172],[-97.77386,30.39169],[-97.77387,30.39167],[-97.77396,30.39156],[-97.77398,30.39151],[-97.77399,30.39142],[-97.77399,30.39129],[-97.77397,30.39116],[-97.77394,30.39109],[-97.77391,30.39103],[-97.77381,30.39083],[-97.77393,30.39082],[-97.77409,30.39081],[-97.77424,30.39079],[-97.77433,30.39077],[-97.77442,30.39072],[-97.77454,30.39065],[-97.77461,30.3906],[-97.7747,30.39055],[-97.77491,30.39041],[-97.77494,30.39039],[-97.77481,30.39029],[-97.77508,30.39019],[-97.77545,30.39004],[-97.7755,30.39002],[-97.77704,30.38953],[-97.77772,30.38942],[-97.77842,30.3897],[-97.77845,30.38966],[-97.77884,30.38988],[-97.77923,30.39027],[-97.77932,30.3907],[-97.77937,30.39074],[-97.77887,30.39143],[-97.77928,30.39157],[-97.77963,30.3917],[-97.77979,30.39176],[-97.78015,30.39189],[-97.78038,30.39197],[-97.78068,30.39207],[-97.78093,30.39216],[-97.78091,30.39219],[-97.78076,30.39245],[-97.78058,30.39273],[-97.78056,30.39276],[-97.78088,30.39292],[-97.78117,30.39306],[-97.78164,30.39329],[-97.78106,30.39354],[-97.78061,30.39374],[-97.78011,30.39396],[-97.77999,30.39429],[-97.77998,30.39432],[-97.77975,30.39433],[-97.77951,30.39414],[-97.77937,30.39403],[-97.77901,30.39414],[-97.77896,30.39415],[-97.77894,30.39439],[-97.77895,30.3946],[-97.7789,30.3949],[-97.77885,30.39508],[-97.7788,30.39519],[-97.77873,30.39529],[-97.77866,30.3954],[-97.77853,30.39552],[-97.77833,30.39571],[-97.77803,30.39595],[-97.77778,30.39617],[-97.77758,30.39632],[-97.77867,30.39701],[-97.77873,30.39705],[-97.77909,30.39727],[-97.77913,30.39729],[-97.77956,30.39743],[-97.77978,30.39748],[-97.78023,30.39757],[-97.7806,30.39766],[-97.78096,30.39778],[-97.78103,30.39781],[-97.78137,30.39793],[-97.78157,30.398],[-97.78201,30.39831],[-97.7822,30.39844],[-97.78289,30.39921],[-97.7831,30.39943],[-97.78311,30.39945],[-97.78316,30.39949],[-97.78327,30.39959],[-97.78325,30.399],[-97.78322,30.39875],[-97.78316,30.39859],[-97.7831,30.39846],[-97.78324,30.39839],[-97.78324,30.39838],[-97.78344,30.3983],[-97.78344,30.3983],[-97.78368,30.39848],[-97.78418,30.39892],[-97.78443,30.39913],[-97.78444,30.39914],[-97.78501,30.39949],[-97.78476,30.39977],[-97.78458,30.39992],[-97.78441,30.39999],[-97.78417,30.40008],[-97.78392,30.40013],[-97.78381,30.40015],[-97.78382,30.40017],[-97.78383,30.4002],[-97.78383,30.4002],[-97.78393,30.40044],[-97.78423,30.40118],[-97.78428,30.4013],[-97.78438,30.40153],[-97.78439,30.40156],[-97.7844,30.40158],[-97.78441,30.40161],[-97.78442,30.40164],[-97.78443,30.40166],[-97.78444,30.40169],[-97.78445,30.40171],[-97.78447,30.40174],[-97.78448,30.40177],[-97.78449,30.40179],[-97.7845,30.40182],[-97.78452,30.40184],[-97.78453,30.40187],[-97.78454,30.4019],[-97.78456,30.40192],[-97.78457,30.40195],[-97.78458,30.40197],[-97.7846,30.402],[-97.78461,30.40202],[-97.78463,30.40205],[-97.78464,30.40207],[-97.78466,30.4021],[-97.78467,30.40212],[-97.78469,30.40215],[-97.7847,30.40217],[-97.78472,30.4022],[-97.78473,30.40222],[-97.78475,30.40225],[-97.78476,30.40226],[-97.78476,30.40227],[-97.78478,30.40229],[-97.7848,30.40232],[-97.78481,30.40234],[-97.78483,30.40237],[-97.78484,30.40238],[-97.78485,30.40239],[-97.78486,30.40241],[-97.78486,30.40241],[-97.78488,30.40244],[-97.7849,30.40246],[-97.78492,30.40249],[-97.78493,30.40251],[-97.78495,30.40253],[-97.78496,30.40255],[-97.78497,30.40255],[-97.78497,30.40256],[-97.78499,30.40258],[-97.78499,30.40259],[-97.78504,30.40266],[-97.78505,30.40266],[-97.78507,30.4027],[-97.7856,30.40342],[-97.78562,30.40344],[-97.78563,30.40346],[-97.78564,30.40347],[-97.78564,30.40347],[-97.78565,30.40349],[-97.78567,30.40351],[-97.7857,30.40353],[-97.78572,30.40355],[-97.78573,30.40357],[-97.78574,30.40358],[-97.78576,30.4036],[-97.78578,30.40362],[-97.7858,30.40364],[-97.78582,30.40366],[-97.78585,30.40368],[-97.78586,30.40369],[-97.78587,30.4037],[-97.78588,30.40371],[-97.78589,30.40372],[-97.78591,30.40373],[-97.78591,30.40374],[-97.78592,30.40374],[-97.78594,30.40376],[-97.78596,30.40378],[-97.78599,30.40379],[-97.78601,30.40381],[-97.78603,30.40383],[-97.78606,30.40385],[-97.78607,30.40386],[-97.78608,30.40387],[-97.78611,30.40388],[-97.78613,30.4039],[-97.78616,30.40392],[-97.78619,30.40393],[-97.78621,30.40395],[-97.78624,30.40397],[-97.78625,30.40398],[-97.78627,30.40398],[-97.78629,30.404],[-97.7863,30.40401],[-97.78632,30.40401],[-97.78634,30.40402],[-97.78635,30.40403],[-97.78637,30.40404],[-97.7864,30.40406],[-97.78643,30.40407],[-97.78646,30.40409],[-97.78649,30.4041],[-97.78651,30.40411],[-97.78654,30.40413],[-97.78657,30.40414],[-97.78658,30.40414],[-97.7866,30.40415],[-97.78663,30.40416],[-97.78666,30.40418],[-97.78669,30.40419],[-97.78672,30.4042],[-97.78675,30.40421],[-97.78721,30.40435],[-97.78754,30.40391],[-97.78798,30.40384],[-97.78821,30.4038],[-97.78875,30.40371],[-97.78875,30.40371],[-97.78948,30.40358],[-97.78968,30.40355],[-97.79095,30.40333],[-97.79101,30.40333],[-97.79181,30.40324],[-97.79182,30.40324],[-97.79196,30.40322],[-97.79235,30.40318],[-97.79238,30.40318],[-97.79276,30.40313],[-97.79291,30.40303],[-97.7934,30.40271],[-97.79351,30.40255],[-97.79378,30.40217],[-97.794,30.40185],[-97.79426,30.40148],[-97.79442,30.40126],[-97.79722,30.40126],[-97.79727,30.40126],[-97.79831,30.39963],[-97.79883,30.39883],[-97.79883,30.39883],[-97.80026,30.39951],[-97.80073,30.39973],[-97.80133,30.39885],[-97.8019,30.39917],[-97.80241,30.39945],[-97.8035,30.40005],[-97.8041,30.40038],[-97.80499,30.40087],[-97.8056,30.40113],[-97.80868,30.40247],[-97.8107,30.40335],[-97.81237,30.40414],[-97.81148,30.40549],[-97.81083,30.40652],[-97.81135,30.40677],[-97.81198,30.40708],[-97.81256,30.40736],[-97.81361,30.40788],[-97.81392,30.40803],[-97.81509,30.4086],[-97.8162,30.40913],[-97.81662,30.40933],[-97.81746,30.40972],[-97.81742,30.40983],[-97.81701,30.41047],[-97.81662,30.41105],[-97.81604,30.41192],[-97.8157,30.41244],[-97.81535,30.41299],[-97.81518,30.41325],[-97.8151,30.41337],[-97.8142,30.41306],[-97.81335,30.41445],[-97.81317,30.41475],[-97.81251,30.41582],[-97.81132,30.41591],[-97.8096,30.41605],[-97.80901,30.4161],[-97.80878,30.41612],[-97.80744,30.41623],[-97.80653,30.41761],[-97.80649,30.41767],[-97.80598,30.41845],[-97.80576,30.41877],[-97.80583,30.41881],[-97.80589,30.41882],[-97.80593,30.41881],[-97.806,30.41877],[-97.80603,30.41877],[-97.80613,30.41877],[-97.8062,30.41879],[-97.8063,30.41881],[-97.80634,30.41882],[-97.80638,30.41882],[-97.80643,30.41881],[-97.80644,30.41875],[-97.80749,30.41888],[-97.80791,30.41891],[-97.80821,30.41884],[-97.80856,30.41879],[-97.80903,30.41883],[-97.80956,30.41903],[-97.80956,30.41916],[-97.80967,30.41919],[-97.81021,30.41934],[-97.81025,30.41935],[-97.81042,30.41934],[-97.81065,30.41934],[-97.81085,30.41936],[-97.81103,30.41934],[-97.81123,30.4193],[-97.8117,30.41918],[-97.81204,30.41915],[-97.81267,30.41902],[-97.81278,30.41901],[-97.81489,30.42004],[-97.81538,30.42043],[-97.81587,30.42082],[-97.81617,30.42102],[-97.81689,30.42143],[-97.82248,30.42484],[-97.82451,30.42609],[-97.83458,30.42697],[-97.83737,30.42725],[-97.83793,30.42875],[-97.83793,30.42939],[-97.83792,30.43016],[-97.83793,30.43076],[-97.83742,30.43238],[-97.8374,30.43263],[-97.83731,30.43349],[-97.83714,30.43516],[-97.83566,30.43877],[-97.83553,30.43909],[-97.83542,30.43936],[-97.83532,30.43961],[-97.83528,30.43971],[-97.83583,30.43995],[-97.83592,30.43999],[-97.83599,30.43991],[-97.83625,30.43962],[-97.8365,30.43935],[-97.83669,30.43914],[-97.83725,30.43853],[-97.83738,30.43839],[-97.83759,30.43854],[-97.84077,30.43982],[-97.84086,30.43969],[-97.84096,30.43954],[-97.84099,30.43958],[-97.8413,30.43999],[-97.84253,30.43726],[-97.84304,30.43612],[-97.84322,30.43573],[-97.84371,30.43465],[-97.84389,30.43419],[-97.8446,30.4324],[-97.84466,30.43244],[-97.8447,30.43248],[-97.84502,30.43274],[-97.84534,30.43301],[-97.84565,30.43328],[-97.84605,30.43431],[-97.84671,30.43511],[-97.84683,30.43526],[-97.84689,30.43533],[-97.84698,30.43544],[-97.84719,30.4357],[-97.84758,30.43618],[-97.8477,30.43632],[-97.84775,30.43638],[-97.84776,30.43642],[-97.84777,30.43643],[-97.84814,30.43671],[-97.84844,30.43669],[-97.8487,30.43668],[-97.84898,30.43666],[-97.84913,30.43638],[-97.84933,30.436],[-97.84944,30.43596],[-97.84948,30.43594],[-97.8514,30.43519],[-97.85396,30.43596],[-97.85423,30.43657],[-97.85424,30.43661],[-97.85434,30.43664],[-97.85446,30.43669],[-97.85474,30.43679],[-97.85573,30.43714],[-97.85621,30.43731],[-97.85633,30.43734],[-97.85635,30.43735],[-97.85645,30.43732],[-97.8566,30.43725],[-97.85702,30.43706],[-97.85743,30.43687],[-97.85797,30.43662],[-97.85865,30.43631],[-97.8588,30.43624],[-97.85903,30.43614],[-97.86028,30.43556],[-97.86048,30.43548],[-97.86068,30.43538],[-97.86298,30.43433],[-97.86329,30.43419],[-97.86307,30.43383],[-97.86291,30.43356],[-97.86191,30.43193],[-97.86186,30.43183],[-97.86123,30.4308],[-97.86017,30.42906],[-97.86015,30.42901],[-97.85968,30.42825],[-97.86011,30.42795],[-97.86016,30.42791],[-97.86035,30.42777],[-97.86039,30.42775],[-97.86074,30.42791],[-97.86088,30.42798],[-97.86143,30.42824],[-97.86157,30.42803],[-97.86184,30.42764],[-97.8622,30.42708],[-97.86255,30.42654],[-97.86327,30.42543],[-97.8634,30.42523],[-97.86349,30.42508],[-97.86441,30.42363],[-97.86452,30.42347],[-97.86468,30.4232],[-97.86486,30.42292],[-97.86508,30.42258],[-97.86515,30.42247],[-97.86522,30.42238],[-97.86526,30.42231],[-97.86655,30.42035],[-97.86751,30.41889],[-97.86842,30.41753],[-97.8687,30.41712],[-97.86876,30.41749],[-97.8688,30.41811],[-97.8688,30.41859],[-97.8688,30.41865],[-97.86881,30.41876],[-97.86882,30.41887],[-97.86884,30.41898],[-97.86885,30.41906],[-97.86887,30.41915],[-97.86889,30.41923],[-97.86925,30.42029],[-97.86928,30.42037],[-97.86933,30.42048],[-97.86937,30.42056],[-97.8694,30.42063],[-97.86944,30.42071],[-97.86947,30.42076],[-97.86949,30.42079],[-97.86951,30.42084],[-97.86954,30.42089],[-97.86957,30.42093],[-97.86967,30.42108],[-97.86973,30.42118],[-97.87004,30.4216],[-97.8701,30.42167],[-97.87016,30.42173],[-97.87024,30.42182],[-97.87032,30.42191],[-97.87038,30.42197],[-97.87045,30.42204],[-97.87053,30.42212],[-97.87064,30.42223],[-97.87072,30.42231],[-97.87122,30.42294],[-97.87168,30.42374],[-97.87225,30.4246],[-97.87228,30.42467],[-97.8724,30.42495],[-97.87241,30.42541],[-97.87241,30.42556],[-97.87215,30.42598],[-97.87165,30.42677],[-97.87129,30.42733],[-97.87084,30.42805],[-97.87096,30.42811],[-97.87334,30.42926],[-97.87339,30.42928],[-97.87055,30.43353],[-97.86993,30.43446],[-97.86966,30.43488],[-97.86951,30.43511],[-97.86943,30.43526],[-97.86935,30.4354],[-97.87133,30.43703],[-97.8706,30.4377],[-97.86987,30.43836],[-97.86973,30.43849],[-97.8697,30.43847],[-97.86952,30.4383],[-97.86888,30.4377],[-97.86788,30.43677],[-97.86689,30.4377],[-97.86684,30.43776],[-97.86666,30.43792],[-97.86608,30.43847],[-97.8657,30.43882],[-97.86566,30.43886],[-97.86368,30.44072],[-97.86437,30.44138],[-97.86548,30.44243]],[[-97.88746,30.42205],[-97.88556,30.42134],[-97.88435,30.4209],[-97.8849,30.42068],[-97.88509,30.42063],[-97.88541,30.42043],[-97.88549,30.42037],[-97.88605,30.42005],[-97.88666,30.41914],[-97.88743,30.41902],[-97.88754,30.41901],[-97.88778,30.41899],[-97.88919,30.41948],[-97.88901,30.41973],[-97.88884,30.41996],[-97.88749,30.42206],[-97.88746,30.42205]],[[-97.87423,30.42335],[-97.87359,30.42432],[-97.87287,30.42543],[-97.87281,30.42552],[-97.87267,30.42545],[-97.87266,30.425],[-97.87263,30.4249],[-97.87252,30.42461],[-97.87248,30.4245],[-97.87191,30.42363],[-97.87143,30.42283],[-97.87091,30.42216],[-97.87087,30.42212],[-97.87083,30.42208],[-97.87078,30.42204],[-97.87072,30.42197],[-97.87065,30.42191],[-97.87059,30.42184],[-97.87053,30.42178],[-97.87047,30.42171],[-97.8704,30.42164],[-97.87034,30.42158],[-97.87028,30.42151],[-97.87024,30.42147],[-97.86995,30.42107],[-97.86993,30.42104],[-97.86988,30.42097],[-97.86984,30.4209],[-97.86972,30.4207],[-97.86968,30.42063],[-97.86964,30.42055],[-97.8696,30.42048],[-97.86957,30.4204],[-97.86953,30.42032],[-97.86951,30.42027],[-97.86949,30.42023],[-97.86913,30.41915],[-97.86905,30.41811],[-97.86906,30.41747],[-97.86906,30.41744],[-97.86906,30.41739],[-97.86906,30.41733],[-97.86906,30.41728],[-97.86905,30.41722],[-97.86905,30.41719],[-97.86904,30.41714],[-97.86904,30.41708],[-97.86903,30.41703],[-97.86902,30.41697],[-97.869,30.41692],[-97.86899,30.41686],[-97.86898,30.41683],[-97.86897,30.41681],[-97.86897,30.41679],[-97.86885,30.41685],[-97.86877,30.41662],[-97.86848,30.41625],[-97.86746,30.41478],[-97.86696,30.41371],[-97.86627,30.41306],[-97.8661,30.41294],[-97.86593,30.41284],[-97.86578,30.41276],[-97.86559,30.41267],[-97.86531,30.41254],[-97.86476,30.41221],[-97.86452,30.41203],[-97.86435,30.41188],[-97.8642,30.41174],[-97.86408,30.41159],[-97.86396,30.41142],[-97.86384,30.41112],[-97.86365,30.41063],[-97.86352,30.41025],[-97.86343,30.41001],[-97.86333,30.40978],[-97.86322,30.40953],[-97.86311,30.40932],[-97.86297,30.40913],[-97.86274,30.40889],[-97.8624,30.4086],[-97.86197,30.40829],[-97.86155,30.40803],[-97.86122,30.40789],[-97.86077,30.40774],[-97.86036,30.40756],[-97.86007,30.40743],[-97.85966,30.40721],[-97.85914,30.40693],[-97.85882,30.40672],[-97.85853,30.40653],[-97.85824,30.40633],[-97.85807,30.40619],[-97.8579,30.40606],[-97.85773,30.40595],[-97.85763,30.4059],[-97.85754,30.40584],[-97.8573,30.40574],[-97.85696,30.4056],[-97.8567,30.40549],[-97.85631,30.4053],[-97.85558,30.40488],[-97.85519,30.40458],[-97.85515,30.40455],[-97.85492,30.40442],[-97.85474,30.40429],[-97.85498,30.40386],[-97.85523,30.40342],[-97.85533,30.4033],[-97.85536,30.40332],[-97.85543,30.40326],[-97.85537,30.4032],[-97.8555,30.40295],[-97.85607,30.40194],[-97.85556,30.40146],[-97.85562,30.40134],[-97.85586,30.40086],[-97.85611,30.40096],[-97.85619,30.401],[-97.85644,30.40109],[-97.8567,30.40052],[-97.85618,30.40031],[-97.85732,30.39805],[-97.85746,30.39777],[-97.85812,30.39731],[-97.85867,30.39698],[-97.86274,30.39603],[-97.86702,30.39506],[-97.86917,30.39463],[-97.86923,30.39461],[-97.87228,30.39399],[-97.87535,30.39306],[-97.87649,30.39278],[-97.87679,30.39362],[-97.87786,30.39336],[-97.87919,30.39305],[-97.87967,30.39294],[-97.87992,30.39296],[-97.88216,30.3932],[-97.88238,30.3937],[-97.88242,30.39381],[-97.88246,30.39387],[-97.88254,30.39401],[-97.88257,30.39453],[-97.88255,30.39485],[-97.88232,30.39525],[-97.88217,30.39554],[-97.88198,30.39582],[-97.8819,30.39592],[-97.8823,30.39626],[-97.88235,30.39634],[-97.88241,30.39641],[-97.88249,30.39647],[-97.88257,30.39651],[-97.88267,30.39654],[-97.88277,30.39655],[-97.88287,30.39654],[-97.88297,30.39652],[-97.88306,30.39648],[-97.88314,30.39642],[-97.88321,30.39635],[-97.88323,30.39635],[-97.88331,30.3963],[-97.88345,30.39623],[-97.88372,30.3961],[-97.88399,30.39596],[-97.88413,30.3959],[-97.88426,30.39584],[-97.8844,30.39578],[-97.88454,30.39572],[-97.88468,30.39566],[-97.88482,30.3956],[-97.88489,30.39556],[-97.88532,30.39539],[-97.88554,30.39531],[-97.88576,30.39523],[-97.88598,30.39514],[-97.8862,30.39507],[-97.88642,30.39498],[-97.88664,30.39491],[-97.88686,30.39483],[-97.88701,30.39477],[-97.88719,30.39469],[-97.88739,30.39461],[-97.88758,30.39454],[-97.88778,30.39448],[-97.88798,30.39441],[-97.88818,30.39436],[-97.88838,30.39431],[-97.88858,30.39426],[-97.88868,30.39423],[-97.88878,30.39421],[-97.88889,30.39419],[-97.88896,30.39418],[-97.88909,30.39415],[-97.88919,30.39414],[-97.8893,30.39412],[-97.89049,30.39396],[-97.89056,30.39396],[-97.89068,30.39395],[-97.8908,30.39394],[-97.89093,30.39391],[-97.89104,30.39389],[-97.89116,30.39387],[-97.89127,30.39384],[-97.89139,30.3938],[-97.8915,30.39376],[-97.89161,30.39372],[-97.89172,30.39367],[-97.89183,30.39362],[-97.89193,30.39356],[-97.89203,30.3935],[-97.89223,30.39338],[-97.89232,30.39331],[-97.89241,30.39324],[-97.8925,30.39316],[-97.89258,30.39308],[-97.89266,30.393],[-97.89273,30.39292],[-97.89291,30.39245],[-97.89298,30.39235],[-97.89306,30.3923],[-97.89314,30.39226],[-97.89323,30.39223],[-97.89333,30.39223],[-97.89342,30.39224],[-97.8936,30.3923],[-97.89372,30.39243],[-97.89383,30.3925],[-97.894,30.39259],[-97.89415,30.39267],[-97.89432,30.39274],[-97.89456,30.39283],[-97.89462,30.39285],[-97.8948,30.3929],[-97.89486,30.39291],[-97.89504,30.39295],[-97.89526,30.39298],[-97.89542,30.393],[-97.89574,30.39303],[-97.89606,30.39304],[-97.89622,30.39303],[-97.89646,30.39302],[-97.89662,30.39301],[-97.89694,30.39297],[-97.89718,30.39293],[-97.89733,30.39289],[-97.89756,30.39283],[-97.89781,30.39275],[-97.89801,30.39269],[-97.89828,30.39259],[-97.89931,30.39223],[-97.89944,30.39221],[-97.89957,30.39218],[-97.89976,30.39212],[-97.89982,30.3921],[-97.89995,30.39206],[-97.90007,30.39202],[-97.90025,30.39194],[-97.90043,30.39185],[-97.90054,30.39178],[-97.9007,30.39168],[-97.90091,30.39154],[-97.90106,30.39142],[-97.9012,30.39129],[-97.90137,30.39111],[-97.90149,30.39097],[-97.90157,30.39088],[-97.9016,30.39069],[-97.90166,30.39055],[-97.90173,30.39041],[-97.90182,30.39028],[-97.90193,30.39016],[-97.90206,30.39006],[-97.90219,30.38997],[-97.90234,30.38989],[-97.9025,30.38982],[-97.90267,30.38977],[-97.90284,30.38974],[-97.90301,30.38973],[-97.90318,30.38973],[-97.90336,30.38976],[-97.90357,30.38981],[-97.90447,30.38999],[-97.90531,30.38971],[-97.90538,30.38976],[-97.90551,30.38983],[-97.90713,30.3908],[-97.90661,30.39108],[-97.90656,30.3911],[-97.90649,30.39114],[-97.90638,30.3912],[-97.90631,30.39124],[-97.90607,30.3914],[-97.90587,30.39152],[-97.90384,30.3926],[-97.90375,30.39262],[-97.9031,30.39274],[-97.90282,30.39279],[-97.89975,30.39334],[-97.89936,30.39341],[-97.89862,30.39354],[-97.89816,30.39362],[-97.89473,30.39401],[-97.89308,30.39419],[-97.89182,30.39434],[-97.88841,30.39515],[-97.88586,30.3961],[-97.88517,30.39636],[-97.88372,30.39737],[-97.88354,30.39749],[-97.88296,30.39789],[-97.8805,30.3996],[-97.88062,30.39944],[-97.88089,30.3991],[-97.88054,30.39883],[-97.87999,30.39841],[-97.87923,30.39825],[-97.87911,30.39816],[-97.87904,30.3981],[-97.879,30.39815],[-97.8788,30.39838],[-97.87863,30.39858],[-97.87933,30.39886],[-97.87951,30.39893],[-97.88014,30.39938],[-97.88048,30.39963],[-97.88023,30.39996],[-97.87943,30.40102],[-97.87898,30.4016],[-97.87852,30.40221],[-97.87794,30.40337],[-97.87757,30.40413],[-97.87739,30.40449],[-97.87744,30.4049],[-97.87756,30.406],[-97.87773,30.4076],[-97.87777,30.40784],[-97.87855,30.40988],[-97.87873,30.41003],[-97.87887,30.41015],[-97.87953,30.41069],[-97.87989,30.41098],[-97.87976,30.41118],[-97.87903,30.41224],[-97.87865,30.41281],[-97.87841,30.41268],[-97.8778,30.41233],[-97.8778,30.41217],[-97.87777,30.41195],[-97.87774,30.41189],[-97.87769,30.4118],[-97.87762,30.41173],[-97.87752,30.41164],[-97.87747,30.4116],[-97.87738,30.41157],[-97.87724,30.41153],[-97.87709,30.41148],[-97.87684,30.41146],[-97.87653,30.41153],[-97.87642,30.41143],[-97.87603,30.4112],[-97.87592,30.41112],[-97.87586,30.41107],[-97.87584,30.41103],[-97.87583,30.41097],[-97.87582,30.41071],[-97.87585,30.4104],[-97.87579,30.41007],[-97.87579,30.41005],[-97.87575,30.40997],[-97.87567,30.40989],[-97.87558,30.4098],[-97.87545,30.40971],[-97.87536,30.40965],[-97.87528,30.40959],[-97.87521,30.40951],[-97.87515,30.40939],[-97.8751,30.40927],[-97.87504,30.40898],[-97.87501,30.40886],[-97.87485,30.40853],[-97.87483,30.40867],[-97.87482,30.40879],[-97.87483,30.40907],[-97.87483,30.40932],[-97.87485,30.40937],[-97.8749,30.40947],[-97.87495,30.40957],[-97.87502,30.40978],[-97.87508,30.40998],[-97.87509,30.41005],[-97.8747,30.41049],[-97.87469,30.41061],[-97.87465,30.41095],[-97.87461,30.41112],[-97.87447,30.41145],[-97.87406,30.41157],[-97.87405,30.41192],[-97.87404,30.4121],[-97.87403,30.41248],[-97.87445,30.41244],[-97.87494,30.41239],[-97.87567,30.41232],[-97.87682,30.41222],[-97.87682,30.41237],[-97.87682,30.4124],[-97.87682,30.41254],[-97.87682,30.41257],[-97.87684,30.41265],[-97.87688,30.41272],[-97.87695,30.41279],[-97.877,30.41283],[-97.87721,30.41297],[-97.87727,30.41301],[-97.87741,30.41309],[-97.87756,30.41317],[-97.87766,30.41321],[-97.8777,30.41323],[-97.87772,30.41324],[-97.8778,30.41326],[-97.87797,30.41328],[-97.87807,30.41328],[-97.87842,30.41326],[-97.87867,30.41325],[-97.87809,30.41413],[-97.87597,30.4174],[-97.87629,30.41752],[-97.87756,30.41811],[-97.8753,30.4217],[-97.87423,30.42335]],[[-97.9129,30.38174],[-97.91286,30.38171],[-97.91268,30.3816],[-97.91248,30.38146],[-97.91265,30.38134],[-97.91293,30.38115],[-97.91305,30.38106],[-97.91343,30.38076],[-97.91361,30.38068],[-97.91362,30.38071],[-97.91366,30.38072],[-97.91369,30.38073],[-97.91366,30.38094],[-97.91364,30.38107],[-97.91364,30.38108],[-97.91362,30.38117],[-97.91362,30.38121],[-97.91363,30.38127],[-97.91366,30.3814],[-97.91368,30.38149],[-97.91368,30.38151],[-97.9137,30.38158],[-97.9137,30.38159],[-97.91372,30.38167],[-97.91372,30.38172],[-97.91297,30.38175],[-97.91277,30.38208],[-97.91273,30.38208],[-97.91269,30.38209],[-97.9129,30.38174]],[[-97.91488,30.36911],[-97.91487,30.36906],[-97.91487,30.36893],[-97.91567,30.36867],[-97.91566,30.36877],[-97.91565,30.3691],[-97.91554,30.36913],[-97.91488,30.36933],[-97.91487,30.36915],[-97.91488,30.36911]],[[-97.85264,30.35024],[-97.85268,30.35023],[-97.85271,30.35021],[-97.85278,30.35019],[-97.85285,30.35015],[-97.85291,30.35012],[-97.85297,30.35008],[-97.85303,30.35004],[-97.85311,30.34997],[-97.85314,30.34994],[-97.85318,30.34989],[-97.85323,30.34983],[-97.85327,30.34978],[-97.8533,30.34972],[-97.8542,30.35021],[-97.85508,30.35069],[-97.85616,30.35127],[-97.85613,30.35128],[-97.85608,30.3513],[-97.85605,30.35131],[-97.85602,30.35131],[-97.85599,30.35131],[-97.85591,30.35131],[-97.85586,30.35131],[-97.85571,30.35132],[-97.85569,30.35132],[-97.85559,30.35135],[-97.85555,30.35136],[-97.85546,30.35138],[-97.85536,30.35142],[-97.85527,30.35146],[-97.85521,30.35148],[-97.85517,30.3515],[-97.85511,30.35153],[-97.85504,30.35157],[-97.855,30.3516],[-97.85495,30.35163],[-97.8549,30.35167],[-97.85484,30.35172],[-97.85479,30.35176],[-97.85474,30.3518],[-97.85472,30.35182],[-97.85469,30.35185],[-97.85461,30.35194],[-97.85458,30.35199],[-97.85456,30.35201],[-97.85454,30.35205],[-97.85453,30.35207],[-97.85451,30.35209],[-97.8545,30.35212],[-97.85443,30.35217],[-97.85402,30.35197],[-97.85399,30.35195],[-97.85394,30.35193],[-97.85389,30.35189],[-97.85386,30.35188],[-97.85383,30.35186],[-97.85377,30.35183],[-97.85371,30.35179],[-97.85364,30.35174],[-97.85361,30.35172],[-97.85357,30.35171],[-97.85354,30.3517],[-97.85345,30.35167],[-97.85339,30.35165],[-97.85331,30.3516],[-97.85323,30.35156],[-97.85314,30.35151],[-97.85307,30.35148],[-97.85306,30.35145],[-97.85306,30.35141],[-97.85306,30.35136],[-97.85303,30.35136],[-97.85296,30.35138],[-97.85291,30.35136],[-97.8529,30.35136],[-97.85285,30.35132],[-97.85278,30.35127],[-97.85274,30.35126],[-97.85268,30.35124],[-97.85264,30.35121],[-97.85262,30.3512],[-97.85261,30.35116],[-97.8526,30.35113],[-97.85253,30.35111],[-97.85247,30.35106],[-97.85242,30.35102],[-97.85227,30.35087],[-97.85219,30.35083],[-97.85218,30.35082],[-97.85209,30.35079],[-97.85201,30.35075],[-97.85201,30.3507],[-97.85201,30.35068],[-97.852,30.35066],[-97.85206,30.35062],[-97.85209,30.35061],[-97.85212,30.35058],[-97.85214,30.35055],[-97.85216,30.35053],[-97.85218,30.35051],[-97.8522,30.35046],[-97.85221,30.35044],[-97.85225,30.35043],[-97.85228,30.35043],[-97.85236,30.35031],[-97.85242,30.3503],[-97.85249,30.35028],[-97.85252,30.35028],[-97.85256,30.35026],[-97.85261,30.35025],[-97.85264,30.35024]],[[-97.84172,30.36232],[-97.8382,30.36062],[-97.83707,30.36007],[-97.83694,30.36],[-97.83522,30.35918],[-97.83513,30.35913],[-97.83443,30.35879],[-97.83363,30.35855],[-97.83338,30.35848],[-97.83308,30.3584],[-97.8329,30.35835],[-97.83271,30.3583],[-97.83258,30.35827],[-97.83262,30.35819],[-97.83263,30.35817],[-97.83253,30.35822],[-97.83229,30.35832],[-97.83218,30.35841],[-97.83215,30.35844],[-97.83189,30.35857],[-97.83182,30.3586],[-97.83168,30.35858],[-97.83156,30.35855],[-97.83135,30.35853],[-97.831,30.35848],[-97.83071,30.35927],[-97.83034,30.36033],[-97.82755,30.35901],[-97.82545,30.35791],[-97.8254,30.35788],[-97.82443,30.35742],[-97.82442,30.35741],[-97.82068,30.35563],[-97.82067,30.35562],[-97.81941,30.35502],[-97.81939,30.35501],[-97.8185,30.35458],[-97.8184,30.35453],[-97.81752,30.35411],[-97.81725,30.35513],[-97.81722,30.35557],[-97.81708,30.35567],[-97.81662,30.35614],[-97.81619,30.3566],[-97.81601,30.35674],[-97.81564,30.3572],[-97.8155,30.35736],[-97.81517,30.35763],[-97.81513,30.35786],[-97.81493,30.35803],[-97.81463,30.35837],[-97.81465,30.35844],[-97.8147,30.35856],[-97.81462,30.35879],[-97.81472,30.35916],[-97.81459,30.35925],[-97.81448,30.35928],[-97.81438,30.35931],[-97.81437,30.35935],[-97.81436,30.35939],[-97.81434,30.35943],[-97.81427,30.35967],[-97.81431,30.35979],[-97.81424,30.35989],[-97.8142,30.35994],[-97.81416,30.3601],[-97.81393,30.36061],[-97.81393,30.36061],[-97.81394,30.36059],[-97.81399,30.36047],[-97.81416,30.3601],[-97.8142,30.35994],[-97.81411,30.35992],[-97.81375,30.35985],[-97.81368,30.35983],[-97.81296,30.35968],[-97.81293,30.35967],[-97.81283,30.35965],[-97.81278,30.35964],[-97.81264,30.35961],[-97.81189,30.35945],[-97.81169,30.35941],[-97.81148,30.35936],[-97.81135,30.35933],[-97.81123,30.35931],[-97.81118,30.3593],[-97.81104,30.35926],[-97.81101,30.35916],[-97.81093,30.35899],[-97.81084,30.35883],[-97.81084,30.35864],[-97.81086,30.35866],[-97.81089,30.35867],[-97.81092,30.35866],[-97.81109,30.35859],[-97.8121,30.35687],[-97.81134,30.35651],[-97.8111,30.3564],[-97.80974,30.35576],[-97.80972,30.3555],[-97.80969,30.35465],[-97.80952,30.35453],[-97.80815,30.35356],[-97.80822,30.35354],[-97.80857,30.35292],[-97.80898,30.35278],[-97.80973,30.35245],[-97.80954,30.3521],[-97.80952,30.3521],[-97.80949,30.35211],[-97.80945,30.35212],[-97.8094,30.35212],[-97.80935,30.35213],[-97.8093,30.35214],[-97.80928,30.35214],[-97.80891,30.35218],[-97.80899,30.35207],[-97.80925,30.35197],[-97.80933,30.35186],[-97.80939,30.35178],[-97.80944,30.35176],[-97.80949,30.35172],[-97.80957,30.35163],[-97.80982,30.35137],[-97.80983,30.35122],[-97.81002,30.35108],[-97.81018,30.35119],[-97.81029,30.35121],[-97.81047,30.35117],[-97.81067,30.35127],[-97.81067,30.35122],[-97.81067,30.35116],[-97.81067,30.35103],[-97.81071,30.35101],[-97.81075,30.351],[-97.81078,30.351],[-97.81084,30.35105],[-97.81102,30.35125],[-97.81115,30.35145],[-97.81117,30.35148],[-97.8112,30.35153],[-97.81124,30.35156],[-97.8113,30.35159],[-97.81134,30.3516],[-97.81141,30.35163],[-97.81145,30.35164],[-97.81149,30.35165],[-97.81155,30.35165],[-97.81159,30.35166],[-97.81166,30.35165],[-97.81171,30.35166],[-97.81176,30.35164],[-97.81179,30.35163],[-97.81186,30.35161],[-97.81196,30.35155],[-97.81205,30.3515],[-97.8122,30.35139],[-97.81228,30.35134],[-97.81233,30.35132],[-97.81253,30.35128],[-97.81289,30.35123],[-97.81293,30.35125],[-97.813,30.3513],[-97.81302,30.35134],[-97.81305,30.35137],[-97.81302,30.35124],[-97.81301,30.35115],[-97.81291,30.35102],[-97.81295,30.35096],[-97.81306,30.35073],[-97.81316,30.35066],[-97.81327,30.35061],[-97.81338,30.35057],[-97.81345,30.35056],[-97.8135,30.35055],[-97.81359,30.35055],[-97.81367,30.35055],[-97.8137,30.35055],[-97.81382,30.35058],[-97.81396,30.35065],[-97.81399,30.35065],[-97.81409,30.35068],[-97.81415,30.3507],[-97.81419,30.35072],[-97.81449,30.35089],[-97.81475,30.35103],[-97.81504,30.35113],[-97.81474,30.35089],[-97.81469,30.35085],[-97.81462,30.35081],[-97.81458,30.35076],[-97.81456,30.35074],[-97.8145,30.35069],[-97.81445,30.35066],[-97.81439,30.35062],[-97.81434,30.35059],[-97.81426,30.35055],[-97.81416,30.35051],[-97.81409,30.35048],[-97.81401,30.35045],[-97.81392,30.35045],[-97.81383,30.3504],[-97.81377,30.35038],[-97.81373,30.35036],[-97.81367,30.35033],[-97.81364,30.35033],[-97.81355,30.35032],[-97.81351,30.35031],[-97.81348,30.3503],[-97.81344,30.35031],[-97.81337,30.3503],[-97.81333,30.35029],[-97.81324,30.35032],[-97.8132,30.35032],[-97.81317,30.35033],[-97.81315,30.35034],[-97.81309,30.35033],[-97.81306,30.35034],[-97.81303,30.35036],[-97.81297,30.35039],[-97.81295,30.3504],[-97.81289,30.35043],[-97.81284,30.35047],[-97.81278,30.35052],[-97.81235,30.35082],[-97.81207,30.351],[-97.81205,30.35102],[-97.81199,30.35103],[-97.81197,30.35101],[-97.81195,30.351],[-97.81194,30.35098],[-97.81191,30.35097],[-97.81159,30.35064],[-97.8115,30.35055],[-97.81148,30.3505],[-97.81146,30.35046],[-97.81147,30.35043],[-97.81147,30.3504],[-97.81148,30.35037],[-97.81151,30.3503],[-97.81166,30.34989],[-97.81161,30.34979],[-97.81153,30.34972],[-97.81148,30.34962],[-97.81147,30.34954],[-97.81151,30.34942],[-97.8116,30.34935],[-97.81162,30.34932],[-97.81168,30.34922],[-97.81172,30.34916],[-97.81181,30.34896],[-97.81189,30.34877],[-97.81196,30.34871],[-97.81203,30.34865],[-97.81208,30.34859],[-97.81214,30.34851],[-97.81215,30.34845],[-97.81214,30.34837],[-97.81222,30.34831],[-97.81225,30.34832],[-97.81231,30.34832],[-97.81236,30.34831],[-97.81258,30.34827],[-97.81263,30.34827],[-97.81268,30.34828],[-97.81273,30.3482],[-97.8127,30.34819],[-97.81266,30.34817],[-97.81257,30.3481],[-97.81254,30.34805],[-97.81252,30.348],[-97.81251,30.34795],[-97.81251,30.3479],[-97.81255,30.3478],[-97.81264,30.34771],[-97.81269,30.3477],[-97.81275,30.34768],[-97.81294,30.34766],[-97.81305,30.34761],[-97.81318,30.34757],[-97.81321,30.34755],[-97.81325,30.34753],[-97.81327,30.34745],[-97.81328,30.34741],[-97.81328,30.34738],[-97.81328,30.34736],[-97.81325,30.34731],[-97.81318,30.34721],[-97.81317,30.3471],[-97.81333,30.34701],[-97.81343,30.347],[-97.81348,30.34695],[-97.81353,30.34695],[-97.81357,30.34694],[-97.8136,30.34695],[-97.81364,30.34695],[-97.81369,30.34694],[-97.81376,30.34692],[-97.81382,30.3469],[-97.81389,30.34682],[-97.81372,30.34673],[-97.81375,30.34666],[-97.81374,30.34658],[-97.81374,30.34646],[-97.81358,30.34632],[-97.81355,30.34618],[-97.81361,30.34607],[-97.81363,30.34604],[-97.81367,30.34599],[-97.81371,30.34593],[-97.81375,30.34586],[-97.81377,30.34581],[-97.8138,30.34571],[-97.81389,30.34558],[-97.81532,30.34625],[-97.81786,30.34743],[-97.81815,30.34757],[-97.81778,30.34807],[-97.81772,30.34815],[-97.81767,30.34823],[-97.81762,30.34829],[-97.81829,30.34861],[-97.8194,30.34914],[-97.82011,30.34949],[-97.821,30.34992],[-97.82342,30.35105],[-97.82485,30.35174],[-97.82556,30.35207],[-97.828,30.35324],[-97.82656,30.35552],[-97.82788,30.35612],[-97.82923,30.35675],[-97.82982,30.35703],[-97.82995,30.3571],[-97.83036,30.35729],[-97.83201,30.35807],[-97.83212,30.35774],[-97.83217,30.35776],[-97.83265,30.35799],[-97.8327,30.35802],[-97.83269,30.35804],[-97.83277,30.35802],[-97.83284,30.358],[-97.83298,30.35794],[-97.83327,30.35781],[-97.83363,30.35771],[-97.83366,30.3577],[-97.83371,30.35769],[-97.83378,30.35767],[-97.83421,30.35742],[-97.83455,30.35723],[-97.83508,30.35693],[-97.8358,30.35727],[-97.83618,30.35746],[-97.83603,30.3577],[-97.83544,30.35863],[-97.83549,30.35865],[-97.83653,30.35915],[-97.83673,30.35924],[-97.83695,30.35935],[-97.83767,30.3597],[-97.83768,30.35973],[-97.8377,30.35976],[-97.83772,30.35978],[-97.83775,30.3598],[-97.83779,30.35981],[-97.83782,30.35982],[-97.83785,30.35981],[-97.83788,30.35981],[-97.83818,30.35995],[-97.83914,30.36042],[-97.84078,30.35787],[-97.84099,30.35754],[-97.8411,30.35763],[-97.8415,30.35804],[-97.84206,30.35835],[-97.84269,30.35872],[-97.84282,30.35879],[-97.84306,30.35884],[-97.84328,30.3589],[-97.84372,30.35872],[-97.84398,30.35877],[-97.84406,30.35881],[-97.84549,30.35951],[-97.84694,30.3602],[-97.84767,30.36056],[-97.84783,30.36063],[-97.84741,30.36201],[-97.84696,30.36272],[-97.8468,30.36296],[-97.84591,30.36434],[-97.84172,30.36232]],[[-97.81403,30.36251],[-97.81402,30.36246],[-97.81403,30.36236],[-97.81404,30.36219],[-97.81402,30.36203],[-97.81399,30.36184],[-97.81404,30.36172],[-97.81404,30.36172],[-97.81399,30.36184],[-97.81404,30.36219],[-97.81402,30.36246],[-97.81403,30.36249],[-97.81403,30.36252],[-97.81404,30.36254],[-97.81403,30.36251]],[[-97.81411,30.36279],[-97.81404,30.36277],[-97.81395,30.36275],[-97.81372,30.36268],[-97.81349,30.36261],[-97.8132,30.36252],[-97.81303,30.36248],[-97.81287,30.36244],[-97.81273,30.3624],[-97.81258,30.36237],[-97.81237,30.36232],[-97.81214,30.36226],[-97.81192,30.36221],[-97.81176,30.36217],[-97.8117,30.36215],[-97.81163,30.36214],[-97.8116,30.36213],[-97.81151,30.36212],[-97.81135,30.36212],[-97.81116,30.36213],[-97.81102,30.36215],[-97.81089,30.36219],[-97.81077,30.36224],[-97.81069,30.36229],[-97.81037,30.36256],[-97.81022,30.36263],[-97.81002,30.36266],[-97.8097,30.3627],[-97.80954,30.36274],[-97.80939,30.36279],[-97.80922,30.36288],[-97.80892,30.36306],[-97.80843,30.36336],[-97.80817,30.36353],[-97.80778,30.36381],[-97.80762,30.3639],[-97.8075,30.36396],[-97.80742,30.364],[-97.80733,30.36404],[-97.80724,30.36408],[-97.80717,30.36409],[-97.8071,30.3641],[-97.807,30.3641],[-97.80693,30.36409],[-97.80677,30.36406],[-97.80658,30.36399],[-97.8067,30.364],[-97.80684,30.36399],[-97.80697,30.36398],[-97.80707,30.36396],[-97.80717,30.36393],[-97.80726,30.3639],[-97.80737,30.36386],[-97.80751,30.36379],[-97.8082,30.36334],[-97.80852,30.36313],[-97.80874,30.363],[-97.80888,30.36292],[-97.80908,30.3628],[-97.80915,30.36277],[-97.80926,30.36272],[-97.80934,30.36269],[-97.80946,30.36266],[-97.80958,30.36262],[-97.80972,30.36259],[-97.80988,30.36255],[-97.81002,30.36252],[-97.81017,30.36248],[-97.81036,30.36242],[-97.81049,30.36236],[-97.81058,30.36232],[-97.81075,30.36223],[-97.81093,30.36216],[-97.81106,30.36213],[-97.81116,30.36211],[-97.81125,30.3621],[-97.81142,30.36208],[-97.81174,30.36213],[-97.81214,30.36221],[-97.81241,30.36228],[-97.81344,30.36255],[-97.81365,30.3626],[-97.81381,30.36264],[-97.81393,30.36266],[-97.81407,30.36267],[-97.81404,30.36255],[-97.81417,30.36254],[-97.81431,30.36254],[-97.81445,30.36253],[-97.81485,30.3625],[-97.81514,30.36248],[-97.81536,30.36249],[-97.81558,30.36252],[-97.81586,30.36256],[-97.81612,30.36249],[-97.81635,30.36243],[-97.81654,30.36239],[-97.81672,30.36234],[-97.81685,30.36232],[-97.81695,30.36232],[-97.81704,30.36232],[-97.81717,30.36235],[-97.81729,30.36239],[-97.81745,30.36248],[-97.81765,30.36259],[-97.81777,30.36266],[-97.81793,30.36275],[-97.81808,30.36284],[-97.81822,30.36288],[-97.81833,30.36288],[-97.81849,30.36282],[-97.81863,30.36276],[-97.81887,30.36265],[-97.81906,30.36257],[-97.81925,30.36251],[-97.81947,30.36249],[-97.81973,30.36251],[-97.82007,30.36255],[-97.82048,30.36261],[-97.82063,30.3626],[-97.82081,30.3626],[-97.82098,30.3626],[-97.82107,30.36261],[-97.82122,30.36266],[-97.82128,30.36269],[-97.82133,30.36272],[-97.82144,30.36282],[-97.82152,30.36293],[-97.82161,30.36311],[-97.82167,30.36326],[-97.82172,30.36342],[-97.82175,30.36353],[-97.82181,30.36363],[-97.82191,30.36372],[-97.82201,30.36377],[-97.82219,30.36382],[-97.82245,30.36389],[-97.82267,30.3639],[-97.82286,30.36391],[-97.82315,30.3639],[-97.8247,30.36382],[-97.8257,30.36378],[-97.82597,30.36377],[-97.8262,30.36377],[-97.8264,30.36378],[-97.82659,30.3638],[-97.82672,30.36382],[-97.82681,30.36384],[-97.82694,30.36387],[-97.82709,30.36392],[-97.82781,30.36422],[-97.82856,30.36453],[-97.82865,30.36455],[-97.82874,30.36453],[-97.82883,30.3645],[-97.82891,30.36445],[-97.8291,30.36425],[-97.82936,30.36398],[-97.82957,30.36376],[-97.82965,30.36367],[-97.82974,30.36357],[-97.82986,30.36342],[-97.83043,30.36256],[-97.83031,30.36291],[-97.83019,30.36326],[-97.83003,30.36343],[-97.82983,30.36369],[-97.82974,30.3638],[-97.82968,30.36386],[-97.82949,30.36406],[-97.82929,30.36427],[-97.82907,30.36449],[-97.82896,30.36459],[-97.82885,30.36465],[-97.82873,30.36468],[-97.82865,30.36469],[-97.82857,30.36468],[-97.82849,30.36466],[-97.82838,30.36462],[-97.82771,30.36433],[-97.82705,30.36405],[-97.82686,30.36399],[-97.82674,30.36396],[-97.82664,30.36395],[-97.82647,30.36393],[-97.82618,30.36391],[-97.82598,30.3639],[-97.82569,30.36391],[-97.82469,30.36396],[-97.82392,30.364],[-97.82367,30.36401],[-97.82349,30.36402],[-97.82335,30.36403],[-97.82298,30.36406],[-97.82269,30.36409],[-97.82252,30.3641],[-97.82242,30.36409],[-97.82235,30.36408],[-97.82222,30.36405],[-97.82198,30.36398],[-97.82183,30.36394],[-97.82183,30.36383],[-97.82177,30.36379],[-97.82168,30.36367],[-97.82161,30.36352],[-97.82157,30.3634],[-97.82151,30.3632],[-97.82145,30.36307],[-97.82141,30.363],[-97.82136,30.36293],[-97.82129,30.36286],[-97.82122,30.36281],[-97.82115,30.36278],[-97.82102,30.36275],[-97.82089,30.36273],[-97.82078,30.36273],[-97.82065,30.36274],[-97.82059,30.36275],[-97.82048,30.36276],[-97.82032,30.36274],[-97.81965,30.36264],[-97.8194,30.36263],[-97.81929,30.36264],[-97.81918,30.36267],[-97.81902,30.36273],[-97.81874,30.36286],[-97.8186,30.36293],[-97.81848,30.36298],[-97.81839,30.363],[-97.81825,30.36303],[-97.81802,30.36294],[-97.81779,30.36282],[-97.81754,30.36268],[-97.81738,30.36259],[-97.81726,30.36252],[-97.81715,30.36247],[-97.81704,30.36244],[-97.81694,30.36244],[-97.81617,30.36262],[-97.816,30.36266],[-97.81588,30.36268],[-97.81575,30.36268],[-97.81562,30.36267],[-97.81539,30.36263],[-97.81525,30.3626],[-97.81513,30.3626],[-97.81498,30.3626],[-97.81474,30.36264],[-97.8145,30.36268],[-97.81435,30.36269],[-97.81423,30.36269],[-97.8141,30.36268],[-97.81407,30.36267],[-97.81411,30.36279]],[[-97.80164,30.36771],[-97.80161,30.36776],[-97.80156,30.36784],[-97.80146,30.36801],[-97.80135,30.3682],[-97.80129,30.36813],[-97.80119,30.36803],[-97.80108,30.36793],[-97.80098,30.36782],[-97.80087,30.36773],[-97.80077,30.36765],[-97.80067,30.36757],[-97.80061,30.36753],[-97.80053,30.36747],[-97.80047,30.36742],[-97.80037,30.36736],[-97.80026,30.36729],[-97.80054,30.36687],[-97.80081,30.36645],[-97.80102,30.36656],[-97.8011,30.3666],[-97.80117,30.36649],[-97.80211,30.36502],[-97.80241,30.36455],[-97.80244,30.3645],[-97.80249,30.36442],[-97.80273,30.36404],[-97.80277,30.36398],[-97.8034,30.36462],[-97.80351,30.36472],[-97.80215,30.36691],[-97.80208,30.36701],[-97.80191,30.36731],[-97.80184,30.3674],[-97.80164,30.36771]],[[-97.80391,30.36354],[-97.80401,30.36358],[-97.80411,30.36362],[-97.80423,30.36365],[-97.80432,30.36367],[-97.80444,30.3637],[-97.80464,30.36374],[-97.80584,30.3639],[-97.8058,30.3639],[-97.80556,30.3639],[-97.80507,30.36389],[-97.80487,30.36389],[-97.80468,30.36389],[-97.80445,30.36388],[-97.80429,30.36386],[-97.80413,30.36382],[-97.80398,30.36377],[-97.80387,30.36371],[-97.80373,30.36363],[-97.80359,30.36353],[-97.8035,30.36347],[-97.80321,30.36331],[-97.80327,30.36323],[-97.8033,30.36324],[-97.80379,30.36347],[-97.80391,30.36354]],[[-97.81404,30.3617],[-97.81397,30.36149],[-97.8139,30.3614],[-97.81397,30.36149],[-97.81404,30.3617]],[[-97.81386,30.36134],[-97.81386,30.36116],[-97.81386,30.36117],[-97.81386,30.36134]],[[-97.81389,30.36089],[-97.81383,30.36105],[-97.81385,30.36112],[-97.81382,30.36105],[-97.81389,30.36089],[-97.81392,30.36066],[-97.81393,30.36063],[-97.81389,30.36089]],[[-97.80784,30.35274],[-97.80741,30.35305],[-97.80655,30.35332],[-97.80662,30.35322],[-97.80676,30.35299],[-97.80689,30.35298],[-97.8071,30.35292],[-97.80761,30.35276],[-97.80771,30.35272],[-97.80784,30.35274]],[[-97.84902,30.34124],[-97.84893,30.34105],[-97.84937,30.34077],[-97.84952,30.34083],[-97.84995,30.34127],[-97.84992,30.34131],[-97.84982,30.34144],[-97.84939,30.34201],[-97.84902,30.34124]],[[-97.80659,30.34822],[-97.80649,30.34826],[-97.80638,30.34831],[-97.8063,30.34835],[-97.80628,30.34836],[-97.80618,30.34842],[-97.80608,30.34848],[-97.80599,30.34854],[-97.8059,30.34861],[-97.80582,30.34868],[-97.80573,30.34875],[-97.8056,30.34882],[-97.80549,30.34886],[-97.80539,30.34892],[-97.80531,30.349],[-97.80523,30.34903],[-97.80506,30.34902],[-97.80475,30.34899],[-97.80444,30.34898],[-97.80423,30.34897],[-97.80412,30.34898],[-97.80408,30.34891],[-97.80402,30.34885],[-97.80397,30.34879],[-97.80391,30.34873],[-97.80384,30.34868],[-97.80378,30.34862],[-97.8037,30.34858],[-97.80363,30.34853],[-97.80355,30.34849],[-97.80348,30.34846],[-97.80339,30.34842],[-97.80331,30.3484],[-97.80323,30.34837],[-97.80314,30.34835],[-97.80305,30.34834],[-97.80296,30.34832],[-97.80287,30.34832],[-97.80283,30.34831],[-97.80278,30.34831],[-97.80269,30.34831],[-97.80261,30.34832],[-97.80252,30.34833],[-97.80287,30.34777],[-97.80298,30.34761],[-97.80303,30.34753],[-97.80318,30.34746],[-97.80357,30.34726],[-97.80375,30.34697],[-97.80427,30.34616],[-97.80411,30.34596],[-97.80414,30.34589],[-97.80398,30.34569],[-97.80443,30.34499],[-97.80481,30.34442],[-97.80485,30.34443],[-97.80489,30.34445],[-97.80544,30.34473],[-97.80551,30.34476],[-97.80561,30.34462],[-97.8058,30.34471],[-97.80588,30.34476],[-97.8066,30.3451],[-97.80661,30.34511],[-97.80678,30.34519],[-97.80682,30.34521],[-97.80729,30.34544],[-97.80767,30.34487],[-97.80786,30.34458],[-97.80805,30.3443],[-97.80852,30.34453],[-97.80876,30.34416],[-97.80882,30.34406],[-97.80893,30.34412],[-97.80993,30.34262],[-97.80998,30.34264],[-97.80999,30.34263],[-97.81003,30.34257],[-97.80994,30.34253],[-97.81016,30.3422],[-97.81031,30.34196],[-97.8105,30.34205],[-97.81058,30.34209],[-97.8105,30.34215],[-97.81039,30.34232],[-97.81015,30.34269],[-97.81014,30.34272],[-97.81009,30.34279],[-97.81008,30.3429],[-97.80985,30.34331],[-97.80977,30.34336],[-97.80973,30.34341],[-97.80969,30.34346],[-97.80969,30.34358],[-97.80965,30.34367],[-97.80956,30.34371],[-97.80951,30.34377],[-97.80939,30.34388],[-97.80926,30.34397],[-97.8092,30.34403],[-97.80917,30.34411],[-97.80914,30.34419],[-97.80912,30.34427],[-97.8091,30.34435],[-97.8091,30.34439],[-97.80909,30.34442],[-97.80908,30.34451],[-97.80908,30.34459],[-97.80898,30.34502],[-97.8087,30.34545],[-97.80827,30.34609],[-97.80759,30.34712],[-97.8074,30.34734],[-97.80716,30.3477],[-97.8071,30.34777],[-97.80704,30.34785],[-97.80698,30.34791],[-97.80689,30.34797],[-97.80681,30.34804],[-97.80672,30.3481],[-97.80664,30.34817],[-97.80659,30.34822]],[[-97.82428,30.34172],[-97.82424,30.3418],[-97.8242,30.34189],[-97.82413,30.34177],[-97.82398,30.3416],[-97.82351,30.34109],[-97.82286,30.34048],[-97.82268,30.34036],[-97.82255,30.34029],[-97.82242,30.34025],[-97.82231,30.34022],[-97.82212,30.3402],[-97.82204,30.34019],[-97.82258,30.339],[-97.82184,30.33871],[-97.82084,30.33886],[-97.82077,30.33884],[-97.82086,30.33869],[-97.82104,30.33837],[-97.82127,30.33804],[-97.82159,30.33765],[-97.82179,30.3376],[-97.82241,30.33752],[-97.82246,30.33753],[-97.82307,30.33764],[-97.82353,30.33773],[-97.82378,30.33777],[-97.82381,30.33788],[-97.82382,30.33795],[-97.82386,30.33803],[-97.82402,30.33833],[-97.82419,30.33854],[-97.82432,30.33871],[-97.82444,30.33887],[-97.82457,30.33902],[-97.82465,30.33912],[-97.82473,30.33927],[-97.82477,30.33937],[-97.8248,30.33948],[-97.82482,30.3396],[-97.82491,30.3399],[-97.82501,30.34019],[-97.82507,30.34045],[-97.82508,30.34058],[-97.82506,30.34071],[-97.82503,30.34083],[-97.82499,30.34091],[-97.82492,30.34099],[-97.82485,30.34109],[-97.82469,30.34125],[-97.82443,30.34149],[-97.82435,30.34161],[-97.82428,30.34172]],[[-97.82006,30.34161],[-97.82002,30.34118],[-97.81999,30.34077],[-97.81998,30.34073],[-97.81997,30.34065],[-97.81997,30.34053],[-97.82012,30.34049],[-97.82062,30.3403],[-97.82101,30.34019],[-97.82103,30.34032],[-97.82105,30.34047],[-97.82107,30.34059],[-97.82113,30.34103],[-97.82117,30.3413],[-97.82119,30.34144],[-97.82081,30.34146],[-97.8205,30.34142],[-97.82006,30.34161]],[[-97.8214,30.33646],[-97.82133,30.33657],[-97.82149,30.33664],[-97.82142,30.33677],[-97.82145,30.33685],[-97.82136,30.33686],[-97.8213,30.33689],[-97.82127,30.3369],[-97.82124,30.33692],[-97.82121,30.33696],[-97.8212,30.33698],[-97.82112,30.33695],[-97.82022,30.33659],[-97.82031,30.3365],[-97.82038,30.33643],[-97.82048,30.3363],[-97.82051,30.33627],[-97.82053,30.33624],[-97.82058,30.33619],[-97.82066,30.33614],[-97.82069,30.33612],[-97.82079,30.33606],[-97.82084,30.33604],[-97.82074,30.33616],[-97.8214,30.33646]],[[-97.86654,30.38896],[-97.8672,30.38793],[-97.86802,30.38664],[-97.86866,30.38562],[-97.87161,30.38099],[-97.87172,30.38078],[-97.87226,30.37995],[-97.87242,30.37971],[-97.87335,30.37825],[-97.87483,30.37592],[-97.87502,30.37601],[-97.87504,30.37602],[-97.87514,30.37589],[-97.87518,30.37582],[-97.87522,30.37576],[-97.8753,30.37564],[-97.87534,30.37559],[-97.8759,30.37474],[-97.87647,30.37387],[-97.87649,30.37384],[-97.87681,30.37336],[-97.87765,30.37208],[-97.87778,30.37189],[-97.87781,30.37184],[-97.87784,30.3718],[-97.8779,30.37171],[-97.87794,30.37165],[-97.87828,30.37112],[-97.87879,30.37035],[-97.87882,30.3703],[-97.87885,30.37027],[-97.88074,30.36739],[-97.88133,30.3665],[-97.88135,30.36647],[-97.88294,30.36406],[-97.88299,30.36398],[-97.88306,30.36387],[-97.88311,30.36379],[-97.88313,30.36377],[-97.88315,30.36374],[-97.88376,30.3628],[-97.88406,30.36235],[-97.88403,30.36234],[-97.88137,30.36103],[-97.88073,30.36071],[-97.88005,30.36038],[-97.87945,30.36008],[-97.8796,30.35984],[-97.87977,30.35957],[-97.87989,30.35938],[-97.88208,30.35592],[-97.88211,30.35592],[-97.88219,30.35593],[-97.88245,30.35605],[-97.88274,30.35617],[-97.88289,30.35601],[-97.88303,30.35586],[-97.88315,30.35567],[-97.88394,30.35448],[-97.88477,30.35319],[-97.88513,30.35265],[-97.88533,30.35235],[-97.88608,30.35122],[-97.88922,30.34651],[-97.88961,30.34663],[-97.8899,30.34667],[-97.89021,30.34665],[-97.89028,30.34663],[-97.89049,30.34658],[-97.8908,30.34644],[-97.89104,30.34629],[-97.89116,30.34618],[-97.89144,30.34581],[-97.89151,30.34557],[-97.89158,30.34533],[-97.8916,30.34524],[-97.89162,30.34515],[-97.89164,30.34484],[-97.8924,30.34464],[-97.89259,30.34457],[-97.8933,30.34437],[-97.89359,30.34429],[-97.89383,30.34423],[-97.89406,30.34415],[-97.89432,30.34408],[-97.89447,30.34404],[-97.89457,30.34402],[-97.8948,30.34397],[-97.89564,30.34379],[-97.89679,30.34348],[-97.89695,30.34344],[-97.89708,30.34341],[-97.89725,30.34357],[-97.89743,30.34373],[-97.89742,30.34388],[-97.89742,30.34403],[-97.89748,30.3443],[-97.89755,30.34451],[-97.89762,30.34458],[-97.89775,30.34476],[-97.89789,30.34489],[-97.8981,30.34505],[-97.89829,30.34516],[-97.8985,30.34523],[-97.89875,30.34528],[-97.89901,30.3453],[-97.8991,30.34529],[-97.89925,30.34528],[-97.8995,30.34523],[-97.89978,30.34514],[-97.90004,30.34502],[-97.90026,30.34486],[-97.90037,30.34474],[-97.90045,30.34466],[-97.90049,30.34461],[-97.90075,30.34457],[-97.90101,30.34446],[-97.90126,30.34432],[-97.90165,30.3439],[-97.90175,30.34373],[-97.90179,30.34365],[-97.90189,30.3433],[-97.90188,30.34306],[-97.90181,30.34279],[-97.90172,30.34261],[-97.90159,30.34243],[-97.90146,30.34229],[-97.90127,30.34212],[-97.90112,30.3419],[-97.90101,30.34178],[-97.90094,30.34171],[-97.90306,30.34029],[-97.90316,30.34029],[-97.90321,30.34028],[-97.90338,30.34028],[-97.90368,30.34021],[-97.90386,30.34013],[-97.90395,30.34009],[-97.9042,30.33993],[-97.9043,30.33984],[-97.9044,30.33974],[-97.90457,30.3395],[-97.90465,30.33924],[-97.90471,30.33889],[-97.9052,30.33842],[-97.90636,30.33774],[-97.90654,30.33763],[-97.90699,30.33734],[-97.90721,30.33675],[-97.90818,30.33622],[-97.90853,30.33592],[-97.90925,30.33601],[-97.90956,30.33605],[-97.91008,30.33611],[-97.91054,30.33617],[-97.91074,30.33703],[-97.91078,30.33721],[-97.91078,30.33723],[-97.91095,30.33725],[-97.91175,30.33718],[-97.9123,30.33701],[-97.91327,30.33671],[-97.91357,30.33662],[-97.91416,30.33683],[-97.91461,30.33716],[-97.9149,30.33737],[-97.91582,30.33789],[-97.91741,30.33801],[-97.91917,30.33806],[-97.92008,30.33824],[-97.92012,30.33826],[-97.92006,30.33812],[-97.92004,30.33801],[-97.92004,30.33796],[-97.92009,30.33797],[-97.92463,30.33889],[-97.92733,30.34041],[-97.92723,30.34048],[-97.92712,30.34059],[-97.92701,30.3407],[-97.9269,30.34081],[-97.92677,30.34093],[-97.92667,30.34104],[-97.92656,30.34116],[-97.92645,30.34128],[-97.92633,30.3414],[-97.92625,30.34149],[-97.92622,30.34149],[-97.92595,30.34155],[-97.9257,30.34164],[-97.92565,30.34167],[-97.92547,30.34178],[-97.92527,30.34194],[-97.92522,30.342],[-97.92511,30.34214],[-97.92498,30.34235],[-97.92491,30.34258],[-97.92488,30.34282],[-97.92489,30.34299],[-97.92482,30.34306],[-97.92414,30.34372],[-97.92405,30.34376],[-97.92382,30.34389],[-97.92362,30.34406],[-97.92346,30.34425],[-97.92333,30.34447],[-97.92332,30.34451],[-97.92178,30.34591],[-97.92164,30.34599],[-97.92144,30.34615],[-97.92127,30.34635],[-97.92124,30.3464],[-97.92122,30.34643],[-97.92088,30.34667],[-97.92071,30.34681],[-97.92055,30.34701],[-97.92048,30.34712],[-97.91972,30.34788],[-97.91894,30.34861],[-97.91798,30.34952],[-97.91791,30.34959],[-97.91746,30.35007],[-97.91713,30.35043],[-97.91658,30.35089],[-97.9158,30.35174],[-97.91571,30.35184],[-97.91508,30.35249],[-97.91483,30.35275],[-97.91471,30.35292],[-97.9145,30.35304],[-97.91449,30.35305],[-97.9143,30.3532],[-97.91414,30.3534],[-97.91407,30.35351],[-97.91403,30.35358],[-97.91399,30.35366],[-97.91391,30.35389],[-97.91388,30.35413],[-97.91389,30.35419],[-97.91374,30.35441],[-97.91372,30.35445],[-97.91337,30.35504],[-97.91335,30.35507],[-97.91331,30.35514],[-97.91327,30.35521],[-97.91324,30.35527],[-97.9132,30.35533],[-97.91316,30.35539],[-97.91312,30.35545],[-97.91308,30.35551],[-97.91304,30.35557],[-97.91293,30.35577],[-97.9129,30.35583],[-97.91286,30.3559],[-97.91279,30.35603],[-97.91271,30.35617],[-97.91265,30.35629],[-97.91258,30.35643],[-97.91251,30.35656],[-97.91244,30.3567],[-97.91239,30.35682],[-97.91232,30.35697],[-97.91226,30.35709],[-97.9122,30.35723],[-97.91214,30.35736],[-97.91208,30.3575],[-97.91203,30.35763],[-97.91198,30.35774],[-97.91194,30.35781],[-97.91191,30.35786],[-97.91189,30.35789],[-97.91185,30.35794],[-97.91179,30.35804],[-97.91176,30.35811],[-97.91172,30.35818],[-97.91169,30.35823],[-97.91167,30.35826],[-97.91165,30.35832],[-97.91163,30.35835],[-97.91161,30.3584],[-97.91159,30.35843],[-97.91153,30.35856],[-97.91149,30.35866],[-97.91145,30.35876],[-97.91141,30.35886],[-97.91137,30.35896],[-97.91133,30.35906],[-97.9113,30.35917],[-97.91126,30.35928],[-97.91123,30.35937],[-97.9112,30.35947],[-97.91117,30.35958],[-97.91116,30.35964],[-97.91114,30.35969],[-97.91112,30.35978],[-97.91112,30.35979],[-97.91109,30.35986],[-97.91093,30.36005],[-97.91081,30.36027],[-97.91077,30.36036],[-97.91069,30.36075],[-97.91069,30.36078],[-97.91077,30.36124],[-97.91078,30.36127],[-97.91086,30.36139],[-97.91081,30.36177],[-97.9108,30.36182],[-97.91079,30.36186],[-97.91079,30.36208],[-97.91076,30.36232],[-97.91077,30.36256],[-97.91078,30.36259],[-97.91078,30.36264],[-97.91078,30.36301],[-97.91079,30.36311],[-97.91081,30.3632],[-97.91081,30.36324],[-97.91082,30.36328],[-97.91084,30.36346],[-97.91085,30.36355],[-97.91086,30.36363],[-97.91086,30.36372],[-97.91087,30.36381],[-97.91087,30.36389],[-97.91088,30.36398],[-97.91088,30.36401],[-97.91085,30.36418],[-97.91087,30.36442],[-97.91094,30.36465],[-97.91102,30.36483],[-97.91101,30.36494],[-97.91101,30.365],[-97.91102,30.36509],[-97.91103,30.36515],[-97.91104,30.36526],[-97.91105,30.36532],[-97.91107,30.36542],[-97.91109,30.36548],[-97.9111,30.36558],[-97.91111,30.36562],[-97.91117,30.36585],[-97.91123,30.36597],[-97.91124,30.366],[-97.91125,30.36603],[-97.91125,30.36607],[-97.91126,30.36612],[-97.91126,30.36616],[-97.91127,30.36619],[-97.91127,30.36624],[-97.91128,30.36627],[-97.91128,30.3663],[-97.91128,30.36634],[-97.91128,30.36639],[-97.91128,30.36642],[-97.91128,30.36647],[-97.91113,30.36659],[-97.91097,30.36678],[-97.91085,30.367],[-97.91083,30.36705],[-97.9108,30.36712],[-97.91074,30.3673],[-97.91071,30.36754],[-97.91073,30.36778],[-97.9108,30.36801],[-97.91091,30.36823],[-97.91103,30.36839],[-97.91106,30.36843],[-97.91125,30.3686],[-97.91148,30.36874],[-97.91145,30.36892],[-97.9114,30.36937],[-97.91136,30.36981],[-97.91133,30.37017],[-97.9113,30.37053],[-97.91131,30.3708],[-97.9113,30.37109],[-97.91132,30.37149],[-97.91133,30.37177],[-97.91134,30.37232],[-97.91135,30.37266],[-97.91137,30.37281],[-97.9114,30.37288],[-97.91117,30.37302],[-97.91097,30.37319],[-97.9108,30.37338],[-97.91068,30.3736],[-97.9106,30.37383],[-97.91056,30.37414],[-97.91058,30.37438],[-97.91064,30.37461],[-97.91075,30.37483],[-97.9111,30.3752],[-97.91143,30.37545],[-97.91157,30.37555],[-97.91176,30.37567],[-97.91169,30.37641],[-97.91189,30.37784],[-97.91186,30.37797],[-97.91179,30.37818],[-97.91188,30.37822],[-97.91193,30.37823],[-97.91194,30.37824],[-97.912,30.37827],[-97.91202,30.37828],[-97.91201,30.37849],[-97.912,30.37867],[-97.91196,30.37874],[-97.91189,30.37896],[-97.91185,30.37921],[-97.91187,30.37944],[-97.91188,30.37948],[-97.91194,30.37968],[-97.912,30.37979],[-97.912,30.38001],[-97.91201,30.38057],[-97.91201,30.38062],[-97.91202,30.38079],[-97.91204,30.38091],[-97.91206,30.38096],[-97.91205,30.38101],[-97.91205,30.38146],[-97.91196,30.38147],[-97.91181,30.38147],[-97.91135,30.38148],[-97.91117,30.38152],[-97.91113,30.38152],[-97.91099,30.38155],[-97.91083,30.38164],[-97.91076,30.38167],[-97.91049,30.38182],[-97.91046,30.38184],[-97.91037,30.38189],[-97.91019,30.38199],[-97.91014,30.38199],[-97.9098,30.38197],[-97.90948,30.38195],[-97.90928,30.38193],[-97.90916,30.38193],[-97.90903,30.38192],[-97.90884,30.38191],[-97.9086,30.38189],[-97.90853,30.38189],[-97.90846,30.38189],[-97.90831,30.38189],[-97.90803,30.38189],[-97.90786,30.38186],[-97.90773,30.38179],[-97.90747,30.38162],[-97.90721,30.38147],[-97.90695,30.3813],[-97.9068,30.38121],[-97.90669,30.38114],[-97.90639,30.38105],[-97.90619,30.38099],[-97.90609,30.38095],[-97.90602,30.38092],[-97.90584,30.38085],[-97.9058,30.38083],[-97.90553,30.38069],[-97.90544,30.38065],[-97.90525,30.38056],[-97.90498,30.38042],[-97.90482,30.38036],[-97.9047,30.38029],[-97.90463,30.38025],[-97.9045,30.38019],[-97.90443,30.38015],[-97.90418,30.38003],[-97.90414,30.38001],[-97.90399,30.37993],[-97.90393,30.37991],[-97.90389,30.37988],[-97.90373,30.3798],[-97.90362,30.37974],[-97.90359,30.37976],[-97.90347,30.37996],[-97.90326,30.3803],[-97.90318,30.38042],[-97.90307,30.38061],[-97.90282,30.38098],[-97.90245,30.38163],[-97.90229,30.38193],[-97.90227,30.38196],[-97.90186,30.38269],[-97.90117,30.3839],[-97.90062,30.38488],[-97.90047,30.38514],[-97.9004,30.38526],[-97.9001,30.38481],[-97.89975,30.38429],[-97.89967,30.38416],[-97.89938,30.38371],[-97.8985,30.38414],[-97.89818,30.3843],[-97.89799,30.38439],[-97.89764,30.38457],[-97.89692,30.38492],[-97.89637,30.38519],[-97.89623,30.38526],[-97.89591,30.38541],[-97.89485,30.38591],[-97.89455,30.38606],[-97.89417,30.38624],[-97.89035,30.3881],[-97.89095,30.38922],[-97.89135,30.38895],[-97.89215,30.38845],[-97.89255,30.38827],[-97.89291,30.3881],[-97.89331,30.38819],[-97.89461,30.3885],[-97.89465,30.38851],[-97.89474,30.389],[-97.89475,30.38911],[-97.89495,30.39026],[-97.89663,30.39108],[-97.89655,30.39122],[-97.89634,30.39157],[-97.89627,30.39167],[-97.89609,30.392],[-97.89602,30.39212],[-97.89584,30.39209],[-97.89522,30.39224],[-97.89481,30.39204],[-97.8943,30.39143],[-97.89406,30.39097],[-97.89371,30.39118],[-97.89368,30.3911],[-97.8936,30.39086],[-97.89354,30.39067],[-97.89352,30.39055],[-97.89352,30.39052],[-97.89342,30.39045],[-97.89313,30.39027],[-97.89291,30.39012],[-97.8926,30.38993],[-97.89163,30.38934],[-97.89131,30.38961],[-97.89101,30.38933],[-97.89092,30.38925],[-97.8909,30.38926],[-97.89077,30.38937],[-97.89,30.39004],[-97.88931,30.39069],[-97.88894,30.39103],[-97.88842,30.39207],[-97.88809,30.39265],[-97.88771,30.393],[-97.88704,30.39337],[-97.88632,30.39328],[-97.8855,30.39299],[-97.88513,30.39267],[-97.8849,30.39229],[-97.88476,30.39184],[-97.88459,30.39121],[-97.88459,30.39111],[-97.88459,30.39104],[-97.88459,30.39089],[-97.88475,30.39058],[-97.88481,30.39044],[-97.88422,30.39022],[-97.88364,30.38999],[-97.88322,30.38989],[-97.88292,30.38985],[-97.88227,30.38979],[-97.88238,30.38961],[-97.8824,30.38934],[-97.88244,30.3883],[-97.88245,30.38816],[-97.88235,30.38801],[-97.88226,30.38815],[-97.88202,30.3885],[-97.88179,30.38853],[-97.88173,30.38854],[-97.88092,30.38865],[-97.88085,30.38867],[-97.88071,30.38869],[-97.88049,30.38875],[-97.88042,30.38877],[-97.88035,30.38879],[-97.88028,30.38881],[-97.88021,30.38883],[-97.88014,30.38886],[-97.88007,30.38888],[-97.87993,30.38893],[-97.87987,30.38896],[-97.8798,30.38899],[-97.87973,30.38902],[-97.87967,30.38905],[-97.8796,30.38908],[-97.87954,30.38912],[-97.87941,30.38919],[-97.87935,30.38922],[-97.87929,30.38926],[-97.87917,30.38933],[-97.87905,30.38941],[-97.87899,30.38945],[-97.87894,30.38949],[-97.8764,30.39114],[-97.87152,30.39242],[-97.87063,30.39265],[-97.86954,30.39294],[-97.8693,30.39298],[-97.86719,30.39343],[-97.86701,30.39347],[-97.86661,30.39355],[-97.86314,30.39428],[-97.86345,30.39379],[-97.86433,30.3924],[-97.86654,30.38896]],[[-97.78319,30.39324],[-97.78264,30.39341],[-97.78237,30.39333],[-97.78222,30.39318],[-97.78245,30.39309],[-97.78247,30.39307],[-97.78255,30.39292],[-97.78319,30.39324]],[[-97.78267,30.39273],[-97.78184,30.39232],[-97.78108,30.39193],[-97.7819,30.39068],[-97.78314,30.39129],[-97.78345,30.39144],[-97.78328,30.39172],[-97.78282,30.39248],[-97.78276,30.39259],[-97.78267,30.39273]],[[-97.86064,30.38181],[-97.85985,30.38134],[-97.85969,30.38103],[-97.85964,30.38095],[-97.85952,30.38071],[-97.85965,30.3805],[-97.8597,30.38041],[-97.85985,30.38017],[-97.85988,30.38012],[-97.85991,30.38007],[-97.86006,30.37982],[-97.86017,30.37964],[-97.86024,30.37953],[-97.86011,30.37923],[-97.86006,30.37912],[-97.86001,30.37898],[-97.86084,30.3768],[-97.86076,30.37665],[-97.86055,30.37624],[-97.85976,30.37597],[-97.861,30.3755],[-97.86168,30.37471],[-97.86267,30.37468],[-97.86342,30.37371],[-97.86498,30.37307],[-97.8666,30.37213],[-97.86826,30.37203],[-97.86848,30.37201],[-97.86892,30.3721],[-97.87056,30.37244],[-97.8685,30.37384],[-97.86815,30.37407],[-97.86812,30.3742],[-97.868,30.37471],[-97.86775,30.37579],[-97.86771,30.37595],[-97.86719,30.37704],[-97.86682,30.37778],[-97.8668,30.37782],[-97.86676,30.37792],[-97.86667,30.37809],[-97.86653,30.37838],[-97.86636,30.37851],[-97.86617,30.37867],[-97.86587,30.37891],[-97.8658,30.37897],[-97.8652,30.37966],[-97.86428,30.38073],[-97.86399,30.38106],[-97.86353,30.38158],[-97.86281,30.38308],[-97.86064,30.38181]],[[-97.85229,30.38468],[-97.85228,30.38463],[-97.85226,30.38458],[-97.85222,30.38445],[-97.8522,30.38439],[-97.85217,30.3843],[-97.85216,30.38421],[-97.85214,30.38403],[-97.85212,30.38392],[-97.85212,30.38386],[-97.8521,30.38371],[-97.85209,30.38365],[-97.85208,30.38356],[-97.85206,30.38341],[-97.85203,30.38309],[-97.85202,30.38304],[-97.85201,30.38298],[-97.85201,30.38295],[-97.852,30.38292],[-97.852,30.38287],[-97.85198,30.3827],[-97.85196,30.38257],[-97.85195,30.38247],[-97.85264,30.38236],[-97.85272,30.38235],[-97.85302,30.3823],[-97.85368,30.38249],[-97.85368,30.38249],[-97.85368,30.38249],[-97.85367,30.38249],[-97.85363,30.38256],[-97.85229,30.38468]],[[-97.80696,30.37276],[-97.80692,30.37289],[-97.80719,30.37298],[-97.80734,30.37299],[-97.80586,30.37505],[-97.8058,30.37509],[-97.80578,30.37497],[-97.80548,30.37383],[-97.80548,30.3738],[-97.8052,30.37272],[-97.80531,30.37266],[-97.80539,30.37255],[-97.80568,30.37256],[-97.80696,30.37276]],[[-97.83294,30.37179],[-97.83283,30.37173],[-97.83211,30.37137],[-97.83088,30.37077],[-97.83096,30.36978],[-97.83109,30.36801],[-97.83383,30.36935],[-97.83478,30.36981],[-97.83294,30.37179]],[[-97.8052,30.37259],[-97.80516,30.37262],[-97.80513,30.37266],[-97.80489,30.37288],[-97.80477,30.37303],[-97.8048,30.37317],[-97.80481,30.3733],[-97.80481,30.37337],[-97.80482,30.37344],[-97.80481,30.37358],[-97.80479,30.37367],[-97.80461,30.37372],[-97.80449,30.37375],[-97.80436,30.3738],[-97.80429,30.37366],[-97.80407,30.37315],[-97.80425,30.37309],[-97.8043,30.37303],[-97.80432,30.37301],[-97.80439,30.37292],[-97.80431,30.37276],[-97.80419,30.3725],[-97.80381,30.3717],[-97.80391,30.37166],[-97.80402,30.37161],[-97.80412,30.37158],[-97.80426,30.37153],[-97.8044,30.37148],[-97.80474,30.37154],[-97.8048,30.37161],[-97.80487,30.3717],[-97.80491,30.37179],[-97.80496,30.3719],[-97.80498,30.37193],[-97.805,30.37198],[-97.80501,30.37201],[-97.80503,30.37212],[-97.8051,30.37232],[-97.80517,30.37251],[-97.8052,30.37259]],[[-97.86689,30.35948],[-97.86638,30.36279],[-97.86677,30.36469],[-97.86832,30.36735],[-97.86642,30.36722],[-97.86647,30.36681],[-97.86719,30.36643],[-97.86666,30.36634],[-97.86662,30.36606],[-97.86513,30.36386],[-97.86395,30.36334],[-97.8635,30.36192],[-97.86278,30.36071],[-97.86294,30.36012],[-97.86377,30.35897],[-97.86446,30.3582],[-97.86578,30.35763],[-97.86667,30.35858],[-97.86689,30.35948]],[[-97.87443,30.34759],[-97.87451,30.34781],[-97.87452,30.34783],[-97.87455,30.34801],[-97.87458,30.34881],[-97.87401,30.34928],[-97.87401,30.34923],[-97.87399,30.34816],[-97.87397,30.34816],[-97.87395,30.34767],[-97.87397,30.34767],[-97.87402,30.34765],[-97.87404,30.34764],[-97.87407,30.34762],[-97.87416,30.34757],[-97.87422,30.34754],[-97.87427,30.34751],[-97.8743,30.34751],[-97.87434,30.3475],[-97.8744,30.34752],[-97.87441,30.34755],[-97.87443,30.34759]],[[-97.92895,30.33034],[-97.92932,30.33061],[-97.92934,30.33075],[-97.92934,30.33076],[-97.92934,30.33079],[-97.92973,30.33098],[-97.92989,30.33106],[-97.92853,30.33309],[-97.9277,30.33431],[-97.92608,30.33407],[-97.92557,30.334],[-97.92565,30.33388],[-97.92809,30.33008],[-97.92817,30.33002],[-97.92846,30.3302],[-97.92859,30.33028],[-97.92895,30.33034]],[[-97.91901,30.32916],[-97.91921,30.32976],[-97.9187,30.32952],[-97.91864,30.32946],[-97.91856,30.3294],[-97.91776,30.3287],[-97.91765,30.32861],[-97.91777,30.32854],[-97.91739,30.32793],[-97.9178,30.32775],[-97.91803,30.32765],[-97.9181,30.32762],[-97.9182,30.32758],[-97.9183,30.32753],[-97.9184,30.32748],[-97.91847,30.32744],[-97.91856,30.32744],[-97.91862,30.32742],[-97.91871,30.3274],[-97.91877,30.32739],[-97.91886,30.32737],[-97.91889,30.32736],[-97.91893,30.32735],[-97.91896,30.32734],[-97.91902,30.32733],[-97.91915,30.32729],[-97.91923,30.32727],[-97.91932,30.32725],[-97.91938,30.32723],[-97.91942,30.32722],[-97.91946,30.32722],[-97.9195,30.32721],[-97.91952,30.32721],[-97.91957,30.3272],[-97.9196,30.3272],[-97.91965,30.32719],[-97.91968,30.32719],[-97.91973,30.32718],[-97.91982,30.32717],[-97.91988,30.32716],[-97.92001,30.32714],[-97.92009,30.32713],[-97.92012,30.32713],[-97.92006,30.32848],[-97.92005,30.32875],[-97.91989,30.32874],[-97.91983,30.32874],[-97.91978,30.32873],[-97.91933,30.32872],[-97.91893,30.32871],[-97.91885,30.3287],[-97.91888,30.32877],[-97.91889,30.3288],[-97.91901,30.32916]],[[-97.83664,30.32741],[-97.83655,30.32737],[-97.83687,30.32687],[-97.83695,30.32691],[-97.83695,30.32692],[-97.83699,30.32693],[-97.83718,30.32702],[-97.83685,30.32752],[-97.83664,30.32741]],[[-97.83214,30.32626],[-97.83218,30.32625],[-97.83226,30.32624],[-97.8323,30.32625],[-97.83232,30.32626],[-97.83235,30.32628],[-97.83238,30.3263],[-97.83249,30.32638],[-97.83261,30.32639],[-97.83271,30.32642],[-97.83278,30.32644],[-97.83282,30.32647],[-97.83286,30.3265],[-97.83288,30.32653],[-97.83292,30.32658],[-97.83295,30.32662],[-97.83297,30.32664],[-97.83303,30.32671],[-97.83308,30.32677],[-97.83313,30.32683],[-97.83316,30.32688],[-97.8332,30.32692],[-97.83322,30.32694],[-97.83326,30.32696],[-97.83333,30.32699],[-97.83343,30.32704],[-97.83355,30.32712],[-97.83355,30.32717],[-97.83353,30.32722],[-97.83347,30.32729],[-97.83343,30.32733],[-97.83337,30.32737],[-97.83329,30.32741],[-97.83326,30.32743],[-97.83322,30.32746],[-97.83309,30.32761],[-97.83301,30.32765],[-97.83292,30.3277],[-97.83287,30.32774],[-97.83285,30.32776],[-97.83282,30.3278],[-97.8329,30.32782],[-97.83299,30.32786],[-97.83305,30.32789],[-97.83315,30.32797],[-97.83328,30.32816],[-97.8333,30.32821],[-97.83332,30.32825],[-97.83335,30.32827],[-97.83339,30.32831],[-97.83342,30.32845],[-97.83343,30.32848],[-97.83342,30.3285],[-97.83344,30.32855],[-97.83347,30.32862],[-97.83353,30.32871],[-97.83361,30.32882],[-97.83363,30.32885],[-97.83369,30.32889],[-97.83381,30.32895],[-97.83389,30.329],[-97.83407,30.32917],[-97.83415,30.32925],[-97.83421,30.32936],[-97.83425,30.32943],[-97.83429,30.32951],[-97.83436,30.32963],[-97.83444,30.32975],[-97.83345,30.33079],[-97.83341,30.33071],[-97.83329,30.33048],[-97.83318,30.33036],[-97.83297,30.33021],[-97.8327,30.33018],[-97.83245,30.33022],[-97.83223,30.33027],[-97.83204,30.33041],[-97.8317,30.33081],[-97.83157,30.33095],[-97.83149,30.33098],[-97.83139,30.33101],[-97.83117,30.33105],[-97.83077,30.33098],[-97.83034,30.33102],[-97.83013,30.33111],[-97.82988,30.33125],[-97.82961,30.33138],[-97.82933,30.33146],[-97.82922,30.33148],[-97.82916,30.33149],[-97.82911,30.3315],[-97.82859,30.33146],[-97.82825,30.3313],[-97.82854,30.33086],[-97.82857,30.33081],[-97.8304,30.32894],[-97.83045,30.32898],[-97.83059,30.32901],[-97.83056,30.3289],[-97.83048,30.32885],[-97.83101,30.32832],[-97.83024,30.32743],[-97.83031,30.32739],[-97.83037,30.32736],[-97.83142,30.32691],[-97.83211,30.32659],[-97.83206,30.32652],[-97.83191,30.32634],[-97.83185,30.3263],[-97.83192,30.32631],[-97.832,30.32631],[-97.83205,30.32629],[-97.83208,30.32628],[-97.83214,30.32626]],[[-97.84354,30.32604],[-97.8435,30.32597],[-97.84348,30.32594],[-97.84346,30.32592],[-97.84344,30.32588],[-97.84341,30.32583],[-97.84337,30.32577],[-97.84334,30.32571],[-97.84333,30.32568],[-97.84332,30.32567],[-97.84331,30.32565],[-97.8433,30.32562],[-97.84329,30.32559],[-97.84327,30.32557],[-97.84326,30.32554],[-97.84325,30.32552],[-97.84323,30.32547],[-97.84321,30.32544],[-97.8432,30.32541],[-97.84319,30.32538],[-97.84318,30.32535],[-97.84328,30.32528],[-97.84339,30.32521],[-97.84341,30.32519],[-97.84346,30.32515],[-97.84349,30.32512],[-97.84352,30.3251],[-97.84353,30.32508],[-97.84356,30.32505],[-97.84359,30.32503],[-97.84365,30.32499],[-97.84372,30.32493],[-97.84376,30.32488],[-97.84378,30.32486],[-97.84403,30.32473],[-97.84402,30.32478],[-97.84398,30.32499],[-97.84397,30.32514],[-97.84399,30.32536],[-97.844,30.32545],[-97.84407,30.32544],[-97.84415,30.32571],[-97.84417,30.32578],[-97.84363,30.32613],[-97.84362,30.32615],[-97.84354,30.32604]],[[-97.81951,30.33137],[-97.81943,30.33147],[-97.81929,30.33159],[-97.81913,30.33176],[-97.8189,30.33197],[-97.81877,30.3321],[-97.81867,30.33213],[-97.8186,30.3322],[-97.81858,30.33232],[-97.81826,30.33259],[-97.81802,30.33279],[-97.81784,30.33293],[-97.81772,30.33302],[-97.81766,30.33306],[-97.81759,30.33311],[-97.81751,30.33317],[-97.81745,30.33323],[-97.81739,30.33329],[-97.81732,30.33335],[-97.81727,30.33342],[-97.81722,30.33349],[-97.81717,30.33357],[-97.81708,30.33363],[-97.81698,30.33371],[-97.81688,30.33378],[-97.81678,30.33386],[-97.81668,30.33394],[-97.81649,30.3341],[-97.81639,30.33418],[-97.8163,30.33426],[-97.8162,30.33435],[-97.81611,30.33443],[-97.81602,30.33451],[-97.81592,30.3346],[-97.81583,30.33468],[-97.81574,30.33477],[-97.81566,30.33486],[-97.81557,30.33495],[-97.81538,30.33533],[-97.81536,30.33535],[-97.81451,30.33485],[-97.81436,30.33483],[-97.81432,30.33476],[-97.81377,30.3345],[-97.81371,30.33447],[-97.81296,30.33412],[-97.81267,30.33398],[-97.81205,30.33369],[-97.81145,30.3334],[-97.81131,30.33333],[-97.81119,30.33327],[-97.81123,30.33323],[-97.8113,30.33317],[-97.81137,30.33311],[-97.81143,30.33304],[-97.81148,30.33297],[-97.81153,30.33289],[-97.81158,30.33281],[-97.81161,30.33273],[-97.81164,30.33264],[-97.81167,30.33256],[-97.81168,30.33248],[-97.81169,30.3324],[-97.81168,30.33232],[-97.81166,30.33224],[-97.81165,30.33216],[-97.81163,30.33208],[-97.81161,30.33201],[-97.81158,30.33192],[-97.81154,30.33184],[-97.81149,30.33176],[-97.81145,30.33168],[-97.81139,30.3316],[-97.81133,30.33153],[-97.81126,30.33146],[-97.81119,30.3314],[-97.81112,30.33135],[-97.81117,30.33131],[-97.81169,30.33051],[-97.81352,30.3277],[-97.81469,30.32591],[-97.81595,30.32398],[-97.81715,30.32457],[-97.81735,30.32467],[-97.81931,30.32561],[-97.82182,30.32684],[-97.82252,30.32745],[-97.82241,30.32758],[-97.82232,30.32772],[-97.82226,30.32788],[-97.82221,30.32803],[-97.82218,30.3282],[-97.82217,30.32828],[-97.82217,30.32836],[-97.82217,30.32845],[-97.82219,30.32863],[-97.82223,30.32877],[-97.82231,30.32893],[-97.82223,30.32896],[-97.82212,30.32906],[-97.8221,30.32909],[-97.82195,30.32914],[-97.82167,30.32934],[-97.82148,30.32948],[-97.82138,30.32955],[-97.82129,30.32962],[-97.82119,30.32967],[-97.82111,30.32977],[-97.82107,30.32983],[-97.82103,30.3299],[-97.82099,30.32997],[-97.82093,30.32999],[-97.82087,30.33002],[-97.82082,30.33006],[-97.82078,30.33011],[-97.82042,30.33043],[-97.82018,30.33066],[-97.8201,30.33071],[-97.82014,30.3308],[-97.81977,30.33112],[-97.81966,30.33115],[-97.8196,30.33124],[-97.8196,30.3313],[-97.81951,30.33137]],[[-97.84318,30.32473],[-97.84307,30.32477],[-97.84306,30.32478],[-97.84305,30.3248],[-97.84304,30.32481],[-97.84303,30.32483],[-97.84302,30.32485],[-97.84301,30.32487],[-97.84299,30.32489],[-97.84291,30.32495],[-97.84283,30.32498],[-97.84273,30.32502],[-97.84272,30.32502],[-97.84268,30.32504],[-97.84263,30.32503],[-97.84261,30.32503],[-97.84255,30.32503],[-97.84252,30.32501],[-97.84249,30.32499],[-97.84246,30.32498],[-97.84244,30.32494],[-97.84242,30.32492],[-97.8424,30.32489],[-97.84237,30.32485],[-97.84234,30.32481],[-97.84231,30.32476],[-97.84227,30.32473],[-97.84224,30.32469],[-97.84221,30.32465],[-97.84217,30.32461],[-97.84214,30.32457],[-97.84209,30.32453],[-97.84206,30.3245],[-97.84203,30.32449],[-97.84201,30.32447],[-97.84197,30.32444],[-97.84193,30.32439],[-97.8419,30.32436],[-97.84207,30.32416],[-97.84218,30.32406],[-97.84229,30.3238],[-97.84254,30.32403],[-97.84291,30.3242],[-97.84333,30.32418],[-97.8436,30.32437],[-97.84356,30.3244],[-97.84353,30.32443],[-97.8435,30.32444],[-97.84349,30.32446],[-97.84348,30.3245],[-97.84343,30.32453],[-97.8434,30.32455],[-97.84336,30.32458],[-97.84332,30.3246],[-97.8433,30.32461],[-97.84329,30.32461],[-97.84327,30.32462],[-97.84318,30.32473]]]]}},
{"type":"Feature","properties":{"district_number":"5","district_name":"District 5"},"geometry":{"type":"MultiPolygon","coordinates":[[[[-97.78759,30.07558],[-97.7864,30.07583],[-97.78448,30.07791],[-97.78386,30.07858],[-97.78346,30.07901],[-97.78154,30.08112],[-97.78166,30.08666],[-97.78178,30.09124],[-97.78182,30.09273],[-97.78287,30.09321],[-97.78754,30.09311],[-97.79115,30.09302],[-97.79138,30.09308],[-97.79165,30.09327],[-97.79199,30.09381],[-97.79249,30.09457],[-97.79276,30.09473],[-97.79308,30.09482],[-97.79341,30.09483],[-97.80308,30.09473],[-97.80293,30.09426],[-97.80285,30.09393],[-97.80278,30.09358],[-97.80273,30.09319],[-97.8027,30.09276],[-97.80268,30.09212],[-97.80268,30.09192],[-97.80265,30.09114],[-97.80265,30.09105],[-97.80267,30.08987],[-97.80264,30.08768],[-97.80194,30.0875],[-97.80101,30.08713],[-97.8004,30.08705],[-97.79951,30.08692],[-97.79914,30.08681],[-97.79863,30.08667],[-97.79805,30.08652],[-97.79754,30.08641],[-97.79694,30.0863],[-97.79629,30.08617],[-97.79582,30.08611],[-97.79576,30.08611],[-97.79517,30.08606],[-97.79477,30.08603],[-97.79472,30.08601],[-97.7947,30.08599],[-97.79469,30.08596],[-97.79468,30.08594],[-97.79446,30.08601],[-97.79444,30.08604],[-97.79442,30.08606],[-97.7944,30.08606],[-97.79436,30.08606],[-97.79392,30.08605],[-97.79338,30.08606],[-97.79302,30.08608],[-97.79233,30.08613],[-97.79166,30.0862],[-97.79106,30.08628],[-97.7903,30.08642],[-97.78931,30.08665],[-97.78889,30.08674],[-97.78924,30.08135],[-97.78937,30.07949],[-97.78882,30.07854],[-97.78773,30.07667],[-97.78759,30.07558]]],[[[-97.81276,30.09841],[-97.81257,30.09878],[-97.812,30.09981],[-97.81142,30.10091],[-97.81114,30.10144],[-97.8109,30.1019],[-97.81057,30.10253],[-97.81038,30.10287],[-97.8103,30.10302],[-97.81008,30.10349],[-97.80762,30.10895],[-97.80725,30.10975],[-97.80658,30.1112],[-97.80622,30.11198],[-97.80604,30.11237],[-97.80565,30.11239],[-97.80509,30.11241],[-97.80348,30.11243],[-97.80338,30.11244],[-97.80273,30.11245],[-97.80149,30.11246],[-97.79658,30.11253],[-97.7941,30.11257],[-97.7922,30.11259],[-97.79198,30.1126],[-97.78833,30.11265],[-97.7853,30.11269],[-97.7853,30.11278],[-97.78516,30.1129],[-97.79199,30.1128],[-97.79431,30.11277],[-97.79824,30.11272],[-97.7998,30.11269],[-97.80292,30.11265],[-97.80379,30.11264],[-97.80388,30.11264],[-97.80593,30.11262],[-97.80583,30.11283],[-97.80517,30.11443],[-97.80501,30.11481],[-97.80409,30.11718],[-97.80379,30.118],[-97.80367,30.1183],[-97.80355,30.11865],[-97.80312,30.11979],[-97.80305,30.11999],[-97.80259,30.12123],[-97.8021,30.12269],[-97.80187,30.12339],[-97.80177,30.12371],[-97.80115,30.12543],[-97.80107,30.1256],[-97.80036,30.12524],[-97.79999,30.12506],[-97.79766,30.12398],[-97.79614,30.12328],[-97.79616,30.12341],[-97.79619,30.12365],[-97.79622,30.12381],[-97.79631,30.12441],[-97.79602,30.12492],[-97.79578,30.12512],[-97.79569,30.12519],[-97.79569,30.12581],[-97.79568,30.12581],[-97.79555,30.12615],[-97.79556,30.12623],[-97.79539,30.12667],[-97.79513,30.12728],[-97.79491,30.12776],[-97.79488,30.12779],[-97.79483,30.12785],[-97.79479,30.12794],[-97.79478,30.12798],[-97.79479,30.12801],[-97.7948,30.12804],[-97.79482,30.12806],[-97.79486,30.12809],[-97.79488,30.12812],[-97.79487,30.12815],[-97.79484,30.12818],[-97.79472,30.12825],[-97.79466,30.12827],[-97.79465,30.12829],[-97.79456,30.12846],[-97.79444,30.12858],[-97.79435,30.12868],[-97.79433,30.12872],[-97.79433,30.12877],[-97.79432,30.12885],[-97.7943,30.12898],[-97.79428,30.12905],[-97.79427,30.12913],[-97.7943,30.12939],[-97.79429,30.12949],[-97.79429,30.12951],[-97.79427,30.12954],[-97.79426,30.12955],[-97.79425,30.12962],[-97.79395,30.12965],[-97.79393,30.12967],[-97.7939,30.12966],[-97.79388,30.12966],[-97.79175,30.12908],[-97.79208,30.12851],[-97.79489,30.12403],[-97.79361,30.1235],[-97.79231,30.12295],[-97.78925,30.12148],[-97.78612,30.12642],[-97.78954,30.12731],[-97.78749,30.13057],[-97.78739,30.13051],[-97.78705,30.1304],[-97.78675,30.13028],[-97.78657,30.13022],[-97.78638,30.13014],[-97.78623,30.13006],[-97.78618,30.13003],[-97.78609,30.12996],[-97.78601,30.12988],[-97.78596,30.12986],[-97.78584,30.1298],[-97.78566,30.12969],[-97.78555,30.12962],[-97.78549,30.12958],[-97.78544,30.12956],[-97.78533,30.12952],[-97.78479,30.12931],[-97.78409,30.12918],[-97.78408,30.12918],[-97.78406,30.12917],[-97.78403,30.12918],[-97.78397,30.12923],[-97.78393,30.12926],[-97.78385,30.12931],[-97.78375,30.12933],[-97.78293,30.12903],[-97.78274,30.12896],[-97.7816,30.12853],[-97.78078,30.12823],[-97.7798,30.12787],[-97.77942,30.12844],[-97.77938,30.12851],[-97.77918,30.12881],[-97.7791,30.12894],[-97.77886,30.12935],[-97.77885,30.12942],[-97.77882,30.12954],[-97.77876,30.12964],[-97.77873,30.1297],[-97.77745,30.13174],[-97.77543,30.13497],[-97.77509,30.13552],[-97.77454,30.13639],[-97.77372,30.13771],[-97.77363,30.13786],[-97.77336,30.13835],[-97.77238,30.14015],[-97.772,30.14083],[-97.77155,30.14149],[-97.77039,30.14281],[-97.77007,30.14318],[-97.76957,30.14343],[-97.76959,30.14349],[-97.76982,30.14347],[-97.77089,30.14337],[-97.77096,30.14337],[-97.77097,30.14337],[-97.7716,30.14334],[-97.77172,30.14335],[-97.77176,30.14335],[-97.77252,30.14327],[-97.77345,30.14456],[-97.77342,30.14524],[-97.77342,30.14529],[-97.77348,30.14543],[-97.77361,30.14558],[-97.77418,30.14618],[-97.77425,30.14627],[-97.77449,30.14656],[-97.77467,30.14713],[-97.77523,30.1483],[-97.7762,30.14973],[-97.77632,30.14992],[-97.77645,30.1501],[-97.77658,30.15028],[-97.77668,30.15043],[-97.77672,30.15049],[-97.77676,30.15055],[-97.77699,30.15079],[-97.77709,30.15086],[-97.77751,30.15117],[-97.77818,30.15108],[-97.77839,30.15105],[-97.7792,30.15111],[-97.77933,30.15112],[-97.77943,30.15121],[-97.7796,30.1514],[-97.77967,30.15147],[-97.7798,30.15155],[-97.77994,30.15163],[-97.78003,30.15177],[-97.78007,30.15182],[-97.78021,30.15202],[-97.78024,30.15222],[-97.78025,30.15228],[-97.7803,30.15244],[-97.78042,30.15284],[-97.78044,30.15292],[-97.7804,30.15326],[-97.78043,30.15334],[-97.78045,30.15338],[-97.78047,30.1535],[-97.78059,30.15417],[-97.78039,30.15504],[-97.78091,30.15512],[-97.78127,30.15518],[-97.78273,30.15732],[-97.78221,30.15743],[-97.78045,30.1576],[-97.77979,30.15769],[-97.77969,30.1577],[-97.7789,30.15781],[-97.77835,30.15788],[-97.77806,30.15791],[-97.7778,30.15797],[-97.77769,30.15802],[-97.7772,30.15827],[-97.77708,30.15835],[-97.77697,30.15839],[-97.77684,30.15846],[-97.77664,30.15853],[-97.77617,30.15871],[-97.77604,30.15874],[-97.77603,30.15875],[-97.77596,30.15876],[-97.77591,30.15877],[-97.77596,30.15888],[-97.7767,30.16034],[-97.77706,30.16106],[-97.77767,30.16226],[-97.77772,30.16237],[-97.77787,30.16267],[-97.77793,30.16278],[-97.77909,30.16496],[-97.77919,30.16509],[-97.77963,30.16556],[-97.7798,30.16576],[-97.78041,30.1662],[-97.78115,30.16657],[-97.7812,30.16659],[-97.78195,30.16683],[-97.78281,30.16696],[-97.7838,30.16701],[-97.78397,30.16702],[-97.78438,30.16704],[-97.78487,30.16707],[-97.78498,30.16709],[-97.78587,30.16711],[-97.78618,30.16711],[-97.78627,30.16698],[-97.78645,30.16698],[-97.78685,30.16701],[-97.78696,30.16703],[-97.78693,30.16713],[-97.78705,30.16714],[-97.78847,30.1672],[-97.78858,30.16722],[-97.79001,30.16723],[-97.79097,30.16726],[-97.79147,30.16729],[-97.79198,30.16738],[-97.79239,30.16745],[-97.79275,30.16755],[-97.79305,30.16764],[-97.79331,30.16772],[-97.7936,30.16785],[-97.79399,30.16802],[-97.79428,30.16819],[-97.79456,30.16836],[-97.79476,30.16851],[-97.79507,30.16874],[-97.79545,30.16904],[-97.79563,30.16923],[-97.79572,30.16933],[-97.79579,30.16935],[-97.79707,30.17052],[-97.79835,30.17162],[-97.79946,30.17256],[-97.80049,30.17334],[-97.80208,30.174],[-97.80241,30.17407],[-97.80267,30.1741],[-97.80312,30.17413],[-97.80368,30.1741],[-97.80415,30.1741],[-97.80505,30.17409],[-97.80585,30.17408],[-97.80585,30.17411],[-97.80585,30.17421],[-97.80584,30.17472],[-97.80582,30.17481],[-97.80578,30.17512],[-97.80567,30.17555],[-97.80561,30.17576],[-97.80551,30.17591],[-97.80538,30.17607],[-97.8052,30.17626],[-97.80447,30.17673],[-97.80364,30.17743],[-97.80341,30.17818],[-97.80315,30.17894],[-97.80289,30.17968],[-97.80254,30.1807],[-97.8023,30.18135],[-97.80233,30.18169],[-97.80242,30.18244],[-97.80251,30.18271],[-97.80257,30.18282],[-97.80265,30.18297],[-97.80298,30.18318],[-97.80324,30.1833],[-97.80362,30.1835],[-97.80422,30.18407],[-97.8043,30.18431],[-97.80432,30.18445],[-97.80434,30.18458],[-97.80434,30.18472],[-97.80436,30.18515],[-97.80443,30.18561],[-97.80444,30.18568],[-97.80372,30.18572],[-97.80338,30.18574],[-97.80288,30.18576],[-97.80149,30.18578],[-97.80051,30.1858],[-97.79942,30.18578],[-97.79924,30.18576],[-97.79844,30.18559],[-97.79811,30.18555],[-97.79776,30.18554],[-97.79629,30.18555],[-97.79549,30.1856],[-97.7952,30.18562],[-97.7947,30.18551],[-97.79438,30.18537],[-97.79418,30.1857],[-97.79411,30.18595],[-97.79413,30.18727],[-97.79418,30.18985],[-97.79419,30.19097],[-97.79421,30.19197],[-97.79427,30.19372],[-97.79526,30.19423],[-97.79647,30.19485],[-97.7976,30.19538],[-97.79833,30.19574],[-97.79889,30.19596],[-97.79946,30.19626],[-97.79926,30.19672],[-97.8,30.19705],[-97.79831,30.19962],[-97.79799,30.20002],[-97.79882,30.20033],[-97.79896,30.20037],[-97.802,30.20139],[-97.80205,30.2014],[-97.80196,30.20152],[-97.80195,30.20155],[-97.8019,30.20161],[-97.80154,30.20218],[-97.80131,30.20246],[-97.80113,30.20275],[-97.80102,30.20295],[-97.80074,30.20335],[-97.80026,30.20405],[-97.79831,30.20688],[-97.7981,30.20717],[-97.79727,30.20839],[-97.79376,30.21348],[-97.79369,30.21358],[-97.79364,30.21364],[-97.79328,30.21411],[-97.79294,30.21451],[-97.79256,30.21488],[-97.79229,30.21506],[-97.79213,30.21518],[-97.79192,30.21534],[-97.79169,30.21551],[-97.79145,30.21563],[-97.79121,30.21577],[-97.78959,30.21641],[-97.78945,30.21646],[-97.78884,30.21667],[-97.78824,30.21688],[-97.78695,30.21735],[-97.78623,30.21758],[-97.78572,30.21772],[-97.78523,30.21781],[-97.78473,30.21786],[-97.78443,30.21789],[-97.78417,30.21792],[-97.78367,30.21795],[-97.78306,30.2179],[-97.78279,30.21792],[-97.78253,30.21793],[-97.78237,30.21794],[-97.78199,30.21799],[-97.78146,30.21811],[-97.78095,30.21827],[-97.78063,30.21842],[-97.78015,30.21866],[-97.77978,30.21887],[-97.77912,30.2191],[-97.77875,30.21942],[-97.77837,30.21973],[-97.77829,30.21984],[-97.77806,30.22009],[-97.77781,30.22047],[-97.77756,30.22085],[-97.7773,30.22122],[-97.77713,30.22166],[-97.77701,30.22211],[-97.7769,30.2225],[-97.77688,30.22291],[-97.77687,30.22307],[-97.77688,30.2241],[-97.77687,30.22459],[-97.77684,30.2254],[-97.77681,30.2259],[-97.77679,30.22643],[-97.77671,30.22677],[-97.77661,30.22708],[-97.77657,30.22727],[-97.77653,30.22745],[-97.7765,30.22758],[-97.77648,30.22767],[-97.77645,30.22776],[-97.77637,30.22801],[-97.77567,30.23001],[-97.77578,30.23006],[-97.77624,30.23025],[-97.77662,30.23033],[-97.77711,30.23021],[-97.77721,30.23111],[-97.77739,30.23191],[-97.77742,30.23216],[-97.77752,30.23281],[-97.77762,30.23325],[-97.77772,30.23369],[-97.77789,30.23452],[-97.77846,30.23493],[-97.77822,30.23522],[-97.77793,30.23529],[-97.77663,30.23548],[-97.77608,30.23557],[-97.77558,30.23612],[-97.77534,30.23644],[-97.7741,30.23694],[-97.77368,30.23762],[-97.77331,30.23742],[-97.77311,30.2374],[-97.77295,30.23786],[-97.77272,30.23852],[-97.77248,30.23909],[-97.77223,30.23986],[-97.77213,30.24012],[-97.77199,30.24051],[-97.77172,30.24128],[-97.77152,30.24193],[-97.77152,30.24196],[-97.7714,30.24242],[-97.77128,30.2427],[-97.77109,30.24303],[-97.77093,30.24337],[-97.77039,30.24441],[-97.77013,30.24482],[-97.77005,30.24491],[-97.77001,30.24496],[-97.76955,30.24552],[-97.76923,30.24581],[-97.769,30.24602],[-97.76915,30.24639],[-97.76923,30.24656],[-97.76996,30.24841],[-97.77077,30.24821],[-97.77009,30.24936],[-97.76932,30.25055],[-97.76882,30.25135],[-97.76834,30.25211],[-97.76778,30.253],[-97.76743,30.25355],[-97.76699,30.25424],[-97.76696,30.25429],[-97.76655,30.25495],[-97.76624,30.25544],[-97.76568,30.25635],[-97.76523,30.25702],[-97.76476,30.25778],[-97.76426,30.25854],[-97.76373,30.25931],[-97.76317,30.26035],[-97.76259,30.26123],[-97.76246,30.2612],[-97.76233,30.26118],[-97.76222,30.2612],[-97.76211,30.26128],[-97.7619,30.26148],[-97.76151,30.26199],[-97.76368,30.26381],[-97.76416,30.26413],[-97.765,30.26477],[-97.76538,30.26503],[-97.76546,30.26498],[-97.76556,30.26493],[-97.76562,30.26487],[-97.76568,30.26484],[-97.76574,30.26479],[-97.76581,30.26475],[-97.76588,30.2647],[-97.76593,30.26467],[-97.76607,30.26462],[-97.76615,30.26458],[-97.76633,30.26453],[-97.76643,30.26452],[-97.76656,30.26449],[-97.76666,30.26445],[-97.76672,30.26442],[-97.7668,30.2644],[-97.76688,30.26436],[-97.76705,30.2643],[-97.76716,30.26426],[-97.76723,30.26423],[-97.76738,30.26419],[-97.76741,30.26417],[-97.76756,30.26411],[-97.76762,30.2641],[-97.76769,30.26408],[-97.7678,30.26407],[-97.76805,30.26406],[-97.76828,30.26406],[-97.76843,30.26406],[-97.76869,30.26404],[-97.76882,30.26403],[-97.76894,30.26403],[-97.76908,30.26406],[-97.76936,30.2641],[-97.7694,30.26409],[-97.77092,30.26374],[-97.77116,30.26366],[-97.77131,30.26363],[-97.77152,30.2636],[-97.77181,30.26358],[-97.77195,30.26358],[-97.77216,30.26359],[-97.77233,30.26361],[-97.77237,30.26362],[-97.77244,30.26361],[-97.77248,30.26361],[-97.77296,30.26364],[-97.77301,30.26367],[-97.77307,30.26368],[-97.77322,30.26368],[-97.77353,30.26366],[-97.77391,30.26364],[-97.77407,30.26364],[-97.77476,30.26366],[-97.77484,30.26365],[-97.77545,30.26356],[-97.77562,30.26353],[-97.77592,30.26348],[-97.7765,30.26335],[-97.77661,30.26332],[-97.7768,30.26327],[-97.77702,30.2632],[-97.77709,30.26317],[-97.77722,30.2631],[-97.77799,30.26288],[-97.77813,30.26285],[-97.77821,30.26284],[-97.7784,30.26286],[-97.77848,30.26285],[-97.77855,30.26285],[-97.77882,30.26285],[-97.77939,30.26288],[-97.77955,30.26288],[-97.77961,30.26288],[-97.77971,30.26285],[-97.77985,30.2628],[-97.77991,30.26277],[-97.78,30.26275],[-97.78036,30.26268],[-97.78049,30.26266],[-97.78074,30.2626],[-97.78089,30.26255],[-97.781,30.26251],[-97.78117,30.26241],[-97.78157,30.26222],[-97.78189,30.26209],[-97.78199,30.26204],[-97.78208,30.26198],[-97.7822,30.26189],[-97.78228,30.26184],[-97.78237,30.2618],[-97.78242,30.26178],[-97.78257,30.26174],[-97.78269,30.26173],[-97.78281,30.26172],[-97.78304,30.26167],[-97.78319,30.26166],[-97.78336,30.26165],[-97.78352,30.26164],[-97.78362,30.26162],[-97.78372,30.26159],[-97.78381,30.26154],[-97.78396,30.26144],[-97.78413,30.2613],[-97.78416,30.26128],[-97.7842,30.26127],[-97.78437,30.26126],[-97.78457,30.2612],[-97.78484,30.2611],[-97.78493,30.26105],[-97.78502,30.26099],[-97.78507,30.26096],[-97.78538,30.26066],[-97.78542,30.26061],[-97.7855,30.26051],[-97.78556,30.26039],[-97.78557,30.26034],[-97.78557,30.26031],[-97.78555,30.26024],[-97.78552,30.26019],[-97.78537,30.26006],[-97.78519,30.25993],[-97.78513,30.2599],[-97.78506,30.25988],[-97.78488,30.25985],[-97.78474,30.25983],[-97.7847,30.25981],[-97.78435,30.25954],[-97.78429,30.25948],[-97.78424,30.25942],[-97.78421,30.25935],[-97.7842,30.25928],[-97.7842,30.25919],[-97.78422,30.25901],[-97.78426,30.2588],[-97.78429,30.2587],[-97.78433,30.25859],[-97.78446,30.25833],[-97.78459,30.2581],[-97.7847,30.25794],[-97.78478,30.25785],[-97.78502,30.25765],[-97.78518,30.25751],[-97.78526,30.25747],[-97.78539,30.25741],[-97.78564,30.25732],[-97.78585,30.25725],[-97.78588,30.25724],[-97.78597,30.25721],[-97.78613,30.25712],[-97.78631,30.25702],[-97.78645,30.25696],[-97.78676,30.25685],[-97.78686,30.25681],[-97.78744,30.2566],[-97.78772,30.25652],[-97.78793,30.25645],[-97.78834,30.25627],[-97.78848,30.25623],[-97.78869,30.25614],[-97.78881,30.25609],[-97.78901,30.25597],[-97.7892,30.25589],[-97.78966,30.25566],[-97.78975,30.25562],[-97.79012,30.25551],[-97.79029,30.25546],[-97.79061,30.25532],[-97.79076,30.25525],[-97.79091,30.25519],[-97.7912,30.25509],[-97.79127,30.25509],[-97.79134,30.25508],[-97.79169,30.25492],[-97.79184,30.25489],[-97.79219,30.25479],[-97.79231,30.25474],[-97.79274,30.25457],[-97.79296,30.25449],[-97.79317,30.25443],[-97.79341,30.25435],[-97.79366,30.25427],[-97.79377,30.25421],[-97.79383,30.25418],[-97.79387,30.25417],[-97.79402,30.25416],[-97.79449,30.25409],[-97.79455,30.25407],[-97.7948,30.25394],[-97.79509,30.25382],[-97.79525,30.25374],[-97.79547,30.25361],[-97.79565,30.25349],[-97.79573,30.25343],[-97.79579,30.25336],[-97.79582,30.2533],[-97.79592,30.25312],[-97.79599,30.25302],[-97.79602,30.25295],[-97.79607,30.25281],[-97.79614,30.25265],[-97.79615,30.25259],[-97.79615,30.25252],[-97.79612,30.25237],[-97.79609,30.25231],[-97.79608,30.25227],[-97.79609,30.25222],[-97.79625,30.25182],[-97.79627,30.25172],[-97.79629,30.25155],[-97.79631,30.25134],[-97.79638,30.25105],[-97.79639,30.25089],[-97.79649,30.25036],[-97.7965,30.25022],[-97.79651,30.25012],[-97.79654,30.24996],[-97.79661,30.24979],[-97.79663,30.2497],[-97.79665,30.24942],[-97.79666,30.24932],[-97.79672,30.2491],[-97.79679,30.24875],[-97.79679,30.24865],[-97.79677,30.24853],[-97.79674,30.24829],[-97.79672,30.24822],[-97.79669,30.24815],[-97.79663,30.24807],[-97.79659,30.24803],[-97.79651,30.24798],[-97.79643,30.24789],[-97.79629,30.24776],[-97.79623,30.24772],[-97.7962,30.2477],[-97.79613,30.24768],[-97.79604,30.24767],[-97.79587,30.24767],[-97.79551,30.24768],[-97.7954,30.24769],[-97.79536,30.24769],[-97.79522,30.24772],[-97.79501,30.24776],[-97.79482,30.2478],[-97.7945,30.24788],[-97.79426,30.24794],[-97.79417,30.24796],[-97.79392,30.24798],[-97.79382,30.248],[-97.79379,30.24801],[-97.79363,30.24803],[-97.79349,30.24804],[-97.79328,30.24804],[-97.79316,30.24802],[-97.79298,30.24798],[-97.7928,30.24794],[-97.79266,30.2479],[-97.79258,30.24788],[-97.79239,30.24785],[-97.79228,30.24785],[-97.79218,30.24783],[-97.7921,30.24781],[-97.79203,30.24777],[-97.7919,30.24768],[-97.79172,30.24756],[-97.79127,30.24731],[-97.79115,30.24724],[-97.79103,30.24713],[-97.79095,30.24708],[-97.7909,30.24706],[-97.79086,30.24705],[-97.79073,30.24705],[-97.79068,30.24704],[-97.79056,30.24701],[-97.79047,30.24697],[-97.78981,30.24659],[-97.78971,30.24654],[-97.78958,30.24646],[-97.78949,30.2464],[-97.78942,30.24633],[-97.78935,30.24624],[-97.78912,30.24593],[-97.78901,30.2458],[-97.78896,30.24571],[-97.78891,30.2456],[-97.78888,30.24551],[-97.78886,30.24542],[-97.78885,30.24525],[-97.78882,30.24511],[-97.78878,30.24488],[-97.78873,30.24465],[-97.78872,30.24454],[-97.78872,30.24446],[-97.78873,30.24443],[-97.78878,30.24435],[-97.78879,30.2443],[-97.78881,30.24423],[-97.78883,30.24375],[-97.78884,30.24365],[-97.78888,30.24343],[-97.78891,30.24331],[-97.78896,30.2432],[-97.78902,30.24309],[-97.78915,30.24291],[-97.78931,30.2427],[-97.7894,30.24257],[-97.78951,30.24242],[-97.78958,30.24234],[-97.78967,30.24225],[-97.78982,30.24214],[-97.78987,30.2421],[-97.78995,30.24207],[-97.79004,30.24205],[-97.79018,30.24202],[-97.79043,30.24199],[-97.79053,30.24198],[-97.79108,30.24198],[-97.79134,30.24197],[-97.79154,30.24195],[-97.79167,30.24192],[-97.792,30.24185],[-97.7921,30.24184],[-97.7922,30.24184],[-97.79227,30.24185],[-97.79235,30.24187],[-97.79244,30.24191],[-97.79252,30.24197],[-97.79263,30.24206],[-97.79272,30.24217],[-97.79277,30.24224],[-97.7928,30.2423],[-97.79283,30.24244],[-97.79289,30.24254],[-97.793,30.24271],[-97.7931,30.24283],[-97.7932,30.24294],[-97.79332,30.24305],[-97.79339,30.2431],[-97.79346,30.24314],[-97.7935,30.24315],[-97.79363,30.24315],[-97.79389,30.24315],[-97.79398,30.24316],[-97.79407,30.24319],[-97.7942,30.24325],[-97.79448,30.24339],[-97.79506,30.24367],[-97.79533,30.24378],[-97.79559,30.24388],[-97.79563,30.2439],[-97.79572,30.24395],[-97.79582,30.24403],[-97.79592,30.24412],[-97.79597,30.24416],[-97.79609,30.24424],[-97.79642,30.24445],[-97.79658,30.24454],[-97.79683,30.24467],[-97.7972,30.24484],[-97.79732,30.24489],[-97.79751,30.24494],[-97.79765,30.24497],[-97.79826,30.24507],[-97.79831,30.24512],[-97.79844,30.24517],[-97.79851,30.24518],[-97.79922,30.2452],[-97.79946,30.24522],[-97.79978,30.24527],[-97.80013,30.2453],[-97.80029,30.24531],[-97.80061,30.24529],[-97.80096,30.24526],[-97.80102,30.24524],[-97.80113,30.24521],[-97.80183,30.24491],[-97.80219,30.2448],[-97.80224,30.24478],[-97.8023,30.24476],[-97.80243,30.24472],[-97.8025,30.24469],[-97.80275,30.24458],[-97.80294,30.24452],[-97.80304,30.24447],[-97.80328,30.24433],[-97.80346,30.24424],[-97.80383,30.24407],[-97.80392,30.24403],[-97.80456,30.24367],[-97.80465,30.24361],[-97.80481,30.24351],[-97.80514,30.24331],[-97.80571,30.24301],[-97.80588,30.24292],[-97.80598,30.24285],[-97.80615,30.24271],[-97.80633,30.24255],[-97.80643,30.24244],[-97.80653,30.24234],[-97.80664,30.2422],[-97.80674,30.24202],[-97.80679,30.24195],[-97.80692,30.24177],[-97.80707,30.2416],[-97.80718,30.24149],[-97.80739,30.2413],[-97.80757,30.24117],[-97.80764,30.24109],[-97.80783,30.24084],[-97.80796,30.24065],[-97.80803,30.24057],[-97.80812,30.24048],[-97.80815,30.24046],[-97.80805,30.24042],[-97.8074,30.24013],[-97.80735,30.24001],[-97.80724,30.23997],[-97.80822,30.2385],[-97.8086,30.23795],[-97.80886,30.23753],[-97.80906,30.23727],[-97.80949,30.23658],[-97.80994,30.23587],[-97.81039,30.23516],[-97.81097,30.23416],[-97.80995,30.23397],[-97.80915,30.23371],[-97.80847,30.23344],[-97.80675,30.23274],[-97.80622,30.23256],[-97.80562,30.23245],[-97.80521,30.2324],[-97.80439,30.23237],[-97.80392,30.23237],[-97.80359,30.23242],[-97.80351,30.23244],[-97.80334,30.23246],[-97.80329,30.23247],[-97.80326,30.23247],[-97.80319,30.23248],[-97.80314,30.23249],[-97.80292,30.23252],[-97.80297,30.23243],[-97.80311,30.2322],[-97.8032,30.23206],[-97.80335,30.23181],[-97.80347,30.2316],[-97.80354,30.23148],[-97.80375,30.23112],[-97.80383,30.23101],[-97.80514,30.22901],[-97.80637,30.22679],[-97.80552,30.22641],[-97.80502,30.22617],[-97.80482,30.22607],[-97.80469,30.22601],[-97.80456,30.22597],[-97.80388,30.22561],[-97.80448,30.22467],[-97.8048,30.22419],[-97.80497,30.22394],[-97.80557,30.22298],[-97.80627,30.22191],[-97.80633,30.22182],[-97.8065,30.22184],[-97.80653,30.22186],[-97.8068,30.22193],[-97.80706,30.222],[-97.80728,30.22195],[-97.80746,30.22192],[-97.80788,30.22185],[-97.80802,30.22186],[-97.80827,30.22188],[-97.80851,30.2219],[-97.80855,30.22185],[-97.80871,30.22167],[-97.80881,30.22154],[-97.8089,30.22134],[-97.80898,30.22118],[-97.80902,30.22111],[-97.80919,30.22084],[-97.80946,30.22068],[-97.80963,30.22056],[-97.80988,30.22038],[-97.80997,30.22031],[-97.81021,30.22013],[-97.81046,30.21995],[-97.81059,30.21986],[-97.81084,30.21986],[-97.81101,30.21959],[-97.81108,30.21949],[-97.81138,30.219],[-97.81167,30.21854],[-97.81172,30.21845],[-97.81176,30.2184],[-97.81181,30.21832],[-97.81192,30.21813],[-97.812,30.218],[-97.81209,30.21784],[-97.81257,30.21789],[-97.81278,30.21806],[-97.81281,30.21812],[-97.81285,30.21822],[-97.81308,30.21831],[-97.81371,30.21791],[-97.81372,30.2179],[-97.81373,30.21767],[-97.81356,30.2174],[-97.81354,30.21736],[-97.81358,30.21734],[-97.81361,30.21738],[-97.81378,30.21765],[-97.81413,30.21742],[-97.81427,30.21729],[-97.8144,30.21717],[-97.81453,30.21705],[-97.81466,30.21693],[-97.81481,30.21679],[-97.81495,30.21666],[-97.81508,30.21654],[-97.81522,30.21641],[-97.81537,30.21628],[-97.81551,30.21614],[-97.81563,30.21603],[-97.81576,30.21591],[-97.81592,30.21581],[-97.81608,30.21571],[-97.8162,30.2156],[-97.81634,30.21548],[-97.8165,30.21532],[-97.81652,30.21528],[-97.8166,30.21506],[-97.81666,30.21489],[-97.81665,30.21484],[-97.81662,30.21471],[-97.81682,30.21468],[-97.81698,30.21465],[-97.81719,30.21461],[-97.81739,30.21458],[-97.81761,30.21453],[-97.81778,30.2145],[-97.81766,30.21408],[-97.8177,30.21407],[-97.81772,30.21418],[-97.8178,30.2145],[-97.81807,30.21445],[-97.81827,30.21441],[-97.8185,30.21431],[-97.81868,30.21423],[-97.81869,30.21423],[-97.81887,30.21413],[-97.81898,30.21429],[-97.81908,30.21443],[-97.81906,30.21456],[-97.81903,30.21484],[-97.81949,30.21498],[-97.81966,30.21503],[-97.81997,30.21512],[-97.82024,30.21472],[-97.82028,30.21466],[-97.82058,30.21508],[-97.8212,30.21598],[-97.82125,30.21603],[-97.8212,30.21608],[-97.82114,30.21613],[-97.82111,30.21616],[-97.82142,30.21673],[-97.82144,30.21677],[-97.82158,30.21704],[-97.82349,30.21686],[-97.82383,30.21684],[-97.82398,30.21683],[-97.82445,30.2168],[-97.82545,30.21673],[-97.82785,30.21785],[-97.82795,30.21769],[-97.82803,30.21757],[-97.8281,30.2176],[-97.82817,30.21763],[-97.82822,30.21754],[-97.82838,30.2173],[-97.82863,30.21691],[-97.82972,30.21502],[-97.83041,30.21388],[-97.8305,30.21376],[-97.83051,30.21373],[-97.83036,30.21369],[-97.83089,30.21289],[-97.83097,30.21275],[-97.83186,30.21134],[-97.83195,30.21121],[-97.83205,30.21103],[-97.83226,30.21076],[-97.83259,30.21038],[-97.83339,30.20933],[-97.83343,30.20928],[-97.83491,30.20699],[-97.83389,30.20648],[-97.83345,30.20718],[-97.83065,30.20582],[-97.8307,30.20566],[-97.83104,30.20504],[-97.83151,30.2044],[-97.83176,30.20395],[-97.83231,30.20421],[-97.8329,30.20338],[-97.83341,30.20255],[-97.83389,30.20178],[-97.83432,30.20107],[-97.83452,30.20071],[-97.83449,30.20006],[-97.83468,30.19973],[-97.83506,30.19988],[-97.83547,30.19989],[-97.83615,30.20007],[-97.83704,30.20052],[-97.83832,30.20116],[-97.83844,30.20122],[-97.83857,30.20129],[-97.8386,30.20124],[-97.83882,30.20091],[-97.83884,30.20086],[-97.83888,30.20081],[-97.83966,30.19955],[-97.84017,30.19873],[-97.84021,30.19868],[-97.84025,30.1986],[-97.84231,30.19542],[-97.84236,30.19534],[-97.84266,30.19493],[-97.84305,30.19431],[-97.84307,30.19425],[-97.84489,30.19143],[-97.84528,30.1908],[-97.84771,30.18698],[-97.84972,30.1838],[-97.84973,30.18366],[-97.84977,30.18361],[-97.84978,30.18359],[-97.84986,30.18348],[-97.84987,30.18345],[-97.84988,30.18344],[-97.85058,30.18241],[-97.85139,30.18116],[-97.85248,30.17945],[-97.85318,30.17835],[-97.85325,30.17824],[-97.85331,30.17815],[-97.85345,30.17793],[-97.85361,30.17766],[-97.85369,30.17754],[-97.85385,30.17728],[-97.855,30.17541],[-97.85603,30.1738],[-97.85645,30.17319],[-97.85489,30.17317],[-97.85439,30.17319],[-97.85354,30.17322],[-97.85225,30.1732],[-97.85103,30.17325],[-97.85101,30.17326],[-97.85037,30.17325],[-97.85032,30.16949],[-97.85022,30.16946],[-97.8501,30.16941],[-97.84999,30.16935],[-97.8499,30.1693],[-97.84982,30.16923],[-97.84976,30.16916],[-97.8496,30.16893],[-97.84947,30.16876],[-97.84934,30.16853],[-97.84926,30.16842],[-97.84914,30.1683],[-97.8488,30.16801],[-97.8487,30.16789],[-97.84869,30.16787],[-97.84841,30.16755],[-97.84836,30.16748],[-97.84831,30.16737],[-97.84811,30.16715],[-97.84807,30.16709],[-97.84805,30.16705],[-97.84804,30.16692],[-97.84802,30.16687],[-97.848,30.16684],[-97.84795,30.1668],[-97.84779,30.16668],[-97.84774,30.16663],[-97.8477,30.16658],[-97.84761,30.16648],[-97.84752,30.16634],[-97.84744,30.1662],[-97.8474,30.1661],[-97.84736,30.16605],[-97.84716,30.16579],[-97.84702,30.16563],[-97.8469,30.16553],[-97.84688,30.16552],[-97.8468,30.16553],[-97.84676,30.16552],[-97.84672,30.16551],[-97.8467,30.16549],[-97.84667,30.16544],[-97.84657,30.16519],[-97.84638,30.16481],[-97.84629,30.16466],[-97.84616,30.16448],[-97.84605,30.16435],[-97.84595,30.16426],[-97.84587,30.16421],[-97.84583,30.1642],[-97.84574,30.16419],[-97.84567,30.16416],[-97.84555,30.16408],[-97.84553,30.16405],[-97.84552,30.16402],[-97.84545,30.16392],[-97.84526,30.1637],[-97.8452,30.16364],[-97.84487,30.16338],[-97.84471,30.16322],[-97.84456,30.16307],[-97.84414,30.16271],[-97.84402,30.16261],[-97.84368,30.16231],[-97.84359,30.16225],[-97.84349,30.16218],[-97.84338,30.16209],[-97.84331,30.16202],[-97.84321,30.16188],[-97.84315,30.16183],[-97.8431,30.16179],[-97.84299,30.16174],[-97.84512,30.1599],[-97.84574,30.15936],[-97.84613,30.15903],[-97.84612,30.15256],[-97.84612,30.15222],[-97.84613,30.14948],[-97.84356,30.14952],[-97.84259,30.14953],[-97.8426,30.14826],[-97.84261,30.14775],[-97.84476,30.14771],[-97.84471,30.14586],[-97.84522,30.14585],[-97.8452,30.14495],[-97.84515,30.14495],[-97.84514,30.14421],[-97.84457,30.14411],[-97.84365,30.14395],[-97.84365,30.14407],[-97.84265,30.14407],[-97.84265,30.14366],[-97.84257,30.14367],[-97.84221,30.14355],[-97.84219,30.14355],[-97.84189,30.1436],[-97.84176,30.14362],[-97.84142,30.14364],[-97.83984,30.14375],[-97.83885,30.14383],[-97.8386,30.14384],[-97.83791,30.14389],[-97.83795,30.14553],[-97.83799,30.14719],[-97.83801,30.14788],[-97.83805,30.14949],[-97.83805,30.14963],[-97.83751,30.14964],[-97.83704,30.14965],[-97.83628,30.14971],[-97.83605,30.1497],[-97.83546,30.14974],[-97.83321,30.14983],[-97.83321,30.14974],[-97.8332,30.14951],[-97.83319,30.14911],[-97.83316,30.14841],[-97.83315,30.14805],[-97.83313,30.14745],[-97.82951,30.14753],[-97.82846,30.14756],[-97.82838,30.14787],[-97.82817,30.14873],[-97.82812,30.14893],[-97.82795,30.14964],[-97.82791,30.1498],[-97.82782,30.15014],[-97.82777,30.15034],[-97.82761,30.15087],[-97.82683,30.15332],[-97.82682,30.15335],[-97.82678,30.15343],[-97.82674,30.15351],[-97.8267,30.15364],[-97.82659,30.15398],[-97.82623,30.15512],[-97.82602,30.15578],[-97.82596,30.15598],[-97.82594,30.15606],[-97.82566,30.15693],[-97.82547,30.15753],[-97.82505,30.15889],[-97.82499,30.15907],[-97.82464,30.16018],[-97.82464,30.16021],[-97.82463,30.16023],[-97.8246,30.16031],[-97.82458,30.16038],[-97.82457,30.16042],[-97.82454,30.16053],[-97.8245,30.16063],[-97.82447,30.16074],[-97.82443,30.16085],[-97.8244,30.16095],[-97.82437,30.16106],[-97.82434,30.16116],[-97.8243,30.16127],[-97.82429,30.1613],[-97.82427,30.16138],[-97.82426,30.1614],[-97.82425,30.16143],[-97.82424,30.16146],[-97.82424,30.16147],[-97.82424,30.16148],[-97.82422,30.16154],[-97.8242,30.16159],[-97.82417,30.16169],[-97.82416,30.16173],[-97.82414,30.1618],[-97.8241,30.1619],[-97.82409,30.16193],[-97.82407,30.16201],[-97.82404,30.16212],[-97.82403,30.16215],[-97.824,30.16222],[-97.82397,30.16233],[-97.82394,30.16244],[-97.8239,30.16254],[-97.82387,30.16265],[-97.82385,30.16271],[-97.82384,30.16275],[-97.82381,30.16285],[-97.8238,30.16288],[-97.82379,30.1629],[-97.82373,30.16309],[-97.82327,30.16451],[-97.82324,30.1646],[-97.82322,30.16468],[-97.82305,30.1652],[-97.82243,30.16712],[-97.82146,30.17015],[-97.82125,30.17009],[-97.82122,30.17017],[-97.82062,30.17204],[-97.81969,30.17184],[-97.81966,30.17183],[-97.81962,30.17182],[-97.81968,30.17174],[-97.81972,30.17165],[-97.81977,30.17152],[-97.82023,30.16978],[-97.82048,30.16889],[-97.82097,30.16724],[-97.82112,30.16668],[-97.8213,30.16631],[-97.82159,30.16573],[-97.82163,30.1655],[-97.82088,30.16532],[-97.82096,30.16506],[-97.82139,30.16453],[-97.82083,30.16445],[-97.82098,30.16355],[-97.82143,30.16362],[-97.82174,30.16221],[-97.82096,30.16215],[-97.82063,30.16204],[-97.82049,30.16182],[-97.82049,30.16161],[-97.81861,30.16164],[-97.81751,30.16166],[-97.81751,30.16152],[-97.81743,30.15805],[-97.81729,30.15275],[-97.81729,30.15219],[-97.81728,30.15147],[-97.81744,30.15144],[-97.81754,30.15143],[-97.81763,30.15141],[-97.81777,30.15139],[-97.81778,30.14992],[-97.81772,30.14992],[-97.81762,30.14993],[-97.8176,30.14993],[-97.81745,30.14995],[-97.81734,30.14997],[-97.8172,30.14998],[-97.81688,30.14998],[-97.8166,30.14998],[-97.81651,30.14998],[-97.81648,30.14996],[-97.81645,30.14995],[-97.81642,30.14994],[-97.81632,30.14991],[-97.81625,30.14988],[-97.81617,30.14985],[-97.81598,30.14977],[-97.81579,30.1497],[-97.81565,30.14963],[-97.81537,30.14948],[-97.81532,30.14947],[-97.81516,30.14942],[-97.81497,30.14935],[-97.81467,30.14925],[-97.81449,30.14908],[-97.81425,30.14883],[-97.81371,30.14828],[-97.81345,30.14803],[-97.81338,30.14796],[-97.81334,30.14796],[-97.81324,30.14795],[-97.81326,30.14744],[-97.81326,30.14711],[-97.81327,30.14682],[-97.81328,30.1465],[-97.81329,30.14619],[-97.81329,30.14602],[-97.81329,30.14586],[-97.81329,30.14573],[-97.81329,30.1457],[-97.81329,30.14563],[-97.8133,30.1453],[-97.81331,30.14514],[-97.81331,30.14505],[-97.81332,30.14498],[-97.81332,30.14486],[-97.81332,30.14483],[-97.81331,30.14474],[-97.81329,30.14474],[-97.81314,30.14475],[-97.81257,30.14476],[-97.81105,30.14477],[-97.81083,30.14461],[-97.81043,30.1448],[-97.80967,30.14487],[-97.80857,30.14458],[-97.80851,30.14456],[-97.80825,30.1445],[-97.80941,30.14081],[-97.8102,30.1396],[-97.8089,30.13965],[-97.80777,30.13914],[-97.80704,30.14028],[-97.80603,30.14181],[-97.80481,30.14366],[-97.80157,30.14283],[-97.80357,30.13961],[-97.80359,30.13956],[-97.80381,30.13882],[-97.80467,30.13772],[-97.80529,30.13693],[-97.80639,30.13536],[-97.8066,30.13516],[-97.80689,30.13433],[-97.80709,30.13285],[-97.80688,30.13292],[-97.80675,30.13297],[-97.80668,30.13302],[-97.80586,30.1336],[-97.80525,30.1341],[-97.80439,30.1345],[-97.80346,30.13482],[-97.80252,30.13505],[-97.80172,30.13524],[-97.80123,30.13533],[-97.80014,30.13553],[-97.79932,30.13566],[-97.79889,30.13573],[-97.79845,30.13563],[-97.79852,30.13545],[-97.79854,30.13542],[-97.79887,30.1346],[-97.7995,30.13301],[-97.79953,30.13295],[-97.80002,30.13169],[-97.80021,30.13122],[-97.80183,30.1271],[-97.80221,30.12613],[-97.80221,30.12612],[-97.80233,30.12581],[-97.80309,30.12617],[-97.80359,30.12538],[-97.80484,30.12597],[-97.80415,30.12705],[-97.80386,30.12691],[-97.80157,30.13126],[-97.80137,30.13165],[-97.8012,30.13209],[-97.80126,30.13226],[-97.80176,30.13255],[-97.80131,30.13492],[-97.8025,30.13484],[-97.80258,30.13483],[-97.80394,30.13451],[-97.80503,30.13409],[-97.80582,30.13347],[-97.80577,30.13342],[-97.80658,30.1329],[-97.80749,30.13244],[-97.80791,30.13232],[-97.8084,30.13223],[-97.80902,30.13224],[-97.80955,30.13234],[-97.80985,30.13274],[-97.81013,30.13302],[-97.81039,30.13307],[-97.81048,30.13309],[-97.81094,30.13198],[-97.81124,30.13147],[-97.81188,30.13066],[-97.81199,30.13004],[-97.81206,30.12962],[-97.81208,30.12951],[-97.81221,30.12873],[-97.81237,30.12812],[-97.81251,30.12761],[-97.81247,30.12722],[-97.81175,30.12544],[-97.8117,30.12363],[-97.81164,30.12158],[-97.81158,30.12047],[-97.8116,30.11917],[-97.81159,30.11793],[-97.81153,30.11668],[-97.81151,30.11604],[-97.81202,30.11603],[-97.81315,30.116],[-97.81453,30.11598],[-97.81577,30.11595],[-97.81658,30.11593],[-97.81781,30.11591],[-97.81881,30.11589],[-97.82017,30.11586],[-97.82229,30.11582],[-97.82229,30.11578],[-97.82391,30.11576],[-97.82476,30.11575],[-97.82499,30.1153],[-97.82514,30.11408],[-97.82502,30.11398],[-97.82383,30.11207],[-97.82314,30.11173],[-97.82082,30.11056],[-97.82029,30.11029],[-97.81898,30.11031],[-97.81714,30.11034],[-97.81528,30.11037],[-97.8134,30.1104],[-97.8114,30.11043],[-97.81142,30.1124],[-97.80871,30.11244],[-97.80803,30.11244],[-97.80897,30.11037],[-97.80937,30.10881],[-97.80998,30.10746],[-97.81002,30.10717],[-97.81011,30.10698],[-97.81105,30.10496],[-97.81127,30.10468],[-97.81133,30.1046],[-97.81165,30.10395],[-97.81202,30.10315],[-97.81279,30.10153],[-97.81282,30.10148],[-97.81375,30.0995],[-97.81374,30.09934],[-97.81384,30.09915],[-97.8137,30.09906],[-97.81374,30.09899],[-97.81366,30.09893],[-97.81357,30.09887],[-97.81356,30.09886],[-97.81353,30.09884],[-97.81345,30.09879],[-97.81348,30.09878],[-97.81343,30.09874],[-97.81339,30.09872],[-97.8133,30.09869],[-97.81327,30.09868],[-97.81325,30.09868],[-97.81317,30.09866],[-97.81305,30.09862],[-97.81303,30.09861],[-97.81276,30.09841]],[[-97.78427,30.16233],[-97.78431,30.16322],[-97.78315,30.16418],[-97.78438,30.16532],[-97.78447,30.16543],[-97.78462,30.1656],[-97.78468,30.16567],[-97.78455,30.166],[-97.78418,30.16611],[-97.7841,30.16612],[-97.78389,30.16618],[-97.78318,30.16638],[-97.7822,30.16666],[-97.78206,30.16614],[-97.78185,30.16533],[-97.7816,30.16439],[-97.78198,30.16428],[-97.78175,30.1637],[-97.78245,30.16352],[-97.78196,30.16301],[-97.78274,30.16278],[-97.78347,30.16257],[-97.78384,30.16245],[-97.78427,30.16233]],[[-97.83202,30.16202],[-97.83236,30.16215],[-97.83303,30.16259],[-97.83314,30.16266],[-97.83319,30.1627],[-97.83411,30.16258],[-97.83426,30.16254],[-97.83423,30.16306],[-97.83403,30.1658],[-97.83416,30.16585],[-97.83441,30.16589],[-97.8345,30.16591],[-97.83448,30.16599],[-97.83449,30.16746],[-97.83527,30.16746],[-97.83556,30.16746],[-97.83556,30.16758],[-97.83556,30.16771],[-97.83558,30.16826],[-97.83559,30.16882],[-97.8356,30.16932],[-97.83561,30.16974],[-97.83561,30.16998],[-97.83516,30.16998],[-97.8343,30.16997],[-97.83427,30.16997],[-97.83289,30.17002],[-97.83067,30.17006],[-97.83066,30.16995],[-97.82996,30.16994],[-97.82996,30.17006],[-97.82932,30.16984],[-97.82914,30.16995],[-97.82888,30.17014],[-97.82873,30.17024],[-97.82859,30.17039],[-97.82825,30.17049],[-97.8279,30.17051],[-97.82755,30.17053],[-97.8273,30.17043],[-97.82729,30.17068],[-97.82727,30.17115],[-97.82726,30.17133],[-97.82723,30.17221],[-97.82695,30.17221],[-97.82424,30.17227],[-97.82426,30.17218],[-97.8247,30.17091],[-97.82472,30.17086],[-97.82558,30.16935],[-97.82632,30.16803],[-97.82651,30.16769],[-97.82684,30.1671],[-97.82709,30.16676],[-97.82748,30.16622],[-97.82811,30.16566],[-97.82866,30.16524],[-97.82949,30.16459],[-97.83001,30.16414],[-97.83046,30.16381],[-97.83083,30.16348],[-97.83117,30.16313],[-97.83157,30.16262],[-97.83202,30.16202]],[[-97.833,30.14952],[-97.83301,30.14976],[-97.83264,30.14976],[-97.8325,30.14977],[-97.83251,30.15008],[-97.83251,30.15032],[-97.83251,30.15041],[-97.83265,30.15041],[-97.83264,30.15052],[-97.83265,30.15073],[-97.83265,30.15083],[-97.83265,30.15094],[-97.8322,30.15095],[-97.8322,30.15115],[-97.83266,30.15113],[-97.83267,30.15142],[-97.83269,30.15246],[-97.83269,30.15277],[-97.83223,30.15279],[-97.83223,30.15327],[-97.83129,30.15326],[-97.83036,30.15334],[-97.8294,30.15338],[-97.82935,30.15062],[-97.82935,30.15053],[-97.82978,30.15052],[-97.82989,30.15052],[-97.83023,30.15051],[-97.83022,30.15003],[-97.83115,30.15003],[-97.83129,30.15002],[-97.83217,30.15001],[-97.83216,30.14955],[-97.83265,30.14953],[-97.833,30.14952]],[[-97.77657,30.14106],[-97.77711,30.14139],[-97.7772,30.14166],[-97.77722,30.14174],[-97.77733,30.14209],[-97.77733,30.14241],[-97.7773,30.14266],[-97.77724,30.14334],[-97.77728,30.14356],[-97.77759,30.14377],[-97.77834,30.14386],[-97.77839,30.14411],[-97.77823,30.14433],[-97.77816,30.14445],[-97.77801,30.14475],[-97.77797,30.14481],[-97.77795,30.14481],[-97.7779,30.1448],[-97.77759,30.14477],[-97.7774,30.14474],[-97.77726,30.14473],[-97.77715,30.14472],[-97.77592,30.14458],[-97.77592,30.14447],[-97.77597,30.14179],[-97.77598,30.14119],[-97.77603,30.14118],[-97.77657,30.14106]],[[-97.79746,30.12873],[-97.79876,30.12924],[-97.79953,30.12954],[-97.79944,30.12975],[-97.79903,30.13089],[-97.79682,30.13029],[-97.79746,30.12873]],[[-97.82404,30.11303],[-97.8242,30.11306],[-97.8242,30.11337],[-97.82394,30.11329],[-97.82404,30.11303]]]]}},
{"type":"Feature","properties":{"district_number":"4","district_name":"District 4"},"geometry":{"type":"MultiPolygon","coordinates":[[[[-97.68707,30.29818],[-97.68592,30.30015],[-97.68559,30.30052],[-97.68515,30.30102],[-97.68434,30.30179],[-97.68304,30.30297],[-97.68183,30.30412],[-97.68132,30.30458],[-97.68008,30.30648],[-97.67955,30.30732],[-97.67856,30.30779],[-97.67838,30.30783],[-97.67826,30.30785],[-97.6771,30.30796],[-97.6762,30.30805],[-97.67614,30.30807],[-97.67398,30.30799],[-97.67348,30.30797],[-97.67305,30.30799],[-97.67203,30.30821],[-97.67078,30.30853],[-97.67104,30.30909],[-97.67154,30.30957],[-97.67264,30.31002],[-97.6736,30.31047],[-97.67386,30.31059],[-97.67415,30.31073],[-97.6752,30.31122],[-97.67602,30.31163],[-97.67654,30.31191],[-97.67658,30.31194],[-97.677,30.31237],[-97.67729,30.31271],[-97.67757,30.31297],[-97.67769,30.31307],[-97.67788,30.31322],[-97.6782,30.31337],[-97.67949,30.31401],[-97.68094,30.31476],[-97.68109,30.31489],[-97.68122,30.31502],[-97.68132,30.31514],[-97.68138,30.31523],[-97.68144,30.31535],[-97.6815,30.31547],[-97.68154,30.3156],[-97.68158,30.31573],[-97.6816,30.31588],[-97.6816,30.31607],[-97.68159,30.31623],[-97.68156,30.31635],[-97.68152,30.31647],[-97.68146,30.31659],[-97.68139,30.31673],[-97.68131,30.31686],[-97.68114,30.31711],[-97.68014,30.31868],[-97.68003,30.31883],[-97.67995,30.31897],[-97.67963,30.31946],[-97.67944,30.31976],[-97.67933,30.31994],[-97.67923,30.32011],[-97.67916,30.32024],[-97.67913,30.32035],[-97.67911,30.32046],[-97.67905,30.32075],[-97.67905,30.32098],[-97.6791,30.32126],[-97.67919,30.32159],[-97.67931,30.32179],[-97.67942,30.32196],[-97.6795,30.32206],[-97.67963,30.32219],[-97.67976,30.3223],[-97.67989,30.32241],[-97.68007,30.32251],[-97.68024,30.3226],[-97.68037,30.32267],[-97.68044,30.32273],[-97.68051,30.32279],[-97.68062,30.3229],[-97.6808,30.32309],[-97.68103,30.32301],[-97.68227,30.3226],[-97.68345,30.32221],[-97.68431,30.32197],[-97.68489,30.32186],[-97.68705,30.32163],[-97.6879,30.32158],[-97.68874,30.32152],[-97.6889,30.32151],[-97.68899,30.3215],[-97.6891,30.32149],[-97.68922,30.32148],[-97.69011,30.3214],[-97.6908,30.32138],[-97.69303,30.32132],[-97.69417,30.32142],[-97.69504,30.32145],[-97.69519,30.32146],[-97.6949,30.32186],[-97.69449,30.32242],[-97.69419,30.32288],[-97.69415,30.32295],[-97.69411,30.32301],[-97.69362,30.32379],[-97.69359,30.32384],[-97.69356,30.3239],[-97.693,30.32479],[-97.69294,30.3249],[-97.69277,30.32519],[-97.69231,30.32594],[-97.69226,30.32603],[-97.69223,30.32602],[-97.68938,30.32461],[-97.68849,30.32587],[-97.68781,30.32699],[-97.68838,30.32726],[-97.68844,30.32731],[-97.68849,30.32737],[-97.68861,30.32754],[-97.6891,30.32829],[-97.68917,30.32836],[-97.68926,30.32844],[-97.68963,30.32864],[-97.69034,30.32899],[-97.69024,30.3291],[-97.68986,30.32956],[-97.68968,30.3297],[-97.68957,30.32979],[-97.68923,30.32995],[-97.689,30.33003],[-97.6888,30.3301],[-97.68847,30.33024],[-97.68842,30.33026],[-97.68797,30.33048],[-97.68771,30.33065],[-97.68737,30.33099],[-97.68681,30.33177],[-97.68652,30.33222],[-97.68646,30.33228],[-97.68641,30.33235],[-97.68648,30.33237],[-97.68654,30.33241],[-97.6864,30.33262],[-97.68623,30.33284],[-97.68622,30.33286],[-97.68606,30.33311],[-97.68333,30.33734],[-97.68239,30.3388],[-97.68231,30.33894],[-97.68226,30.33902],[-97.68079,30.34121],[-97.68071,30.34131],[-97.68066,30.34139],[-97.68009,30.3421],[-97.67941,30.34286],[-97.67939,30.34289],[-97.67936,30.34291],[-97.6786,30.34379],[-97.67851,30.3439],[-97.6784,30.34403],[-97.67832,30.34414],[-97.67797,30.34466],[-97.6776,30.34572],[-97.67756,30.34582],[-97.67753,30.34593],[-97.67724,30.34692],[-97.67717,30.34716],[-97.67709,30.34743],[-97.67632,30.35009],[-97.6761,30.35068],[-97.67607,30.35075],[-97.67604,30.3508],[-97.67602,30.35084],[-97.67598,30.35091],[-97.67521,30.35223],[-97.67516,30.3523],[-97.67513,30.35235],[-97.67511,30.35238],[-97.67504,30.35248],[-97.67497,30.35261],[-97.67449,30.35337],[-97.67444,30.35344],[-97.67439,30.35353],[-97.67368,30.3546],[-97.67348,30.35493],[-97.67228,30.35672],[-97.67225,30.35677],[-97.67222,30.35682],[-97.67098,30.35877],[-97.67093,30.35884],[-97.67088,30.35891],[-97.66902,30.36177],[-97.66875,30.36226],[-97.66947,30.36244],[-97.66927,30.36294],[-97.6696,30.36296],[-97.67016,30.36301],[-97.67079,30.36301],[-97.67113,30.36307],[-97.67164,30.36333],[-97.67167,30.36328],[-97.67202,30.36275],[-97.67212,30.36229],[-97.67212,30.36227],[-97.67211,30.36225],[-97.67211,30.36222],[-97.67214,30.36216],[-97.67243,30.36218],[-97.67264,30.3622],[-97.67309,30.36225],[-97.67311,30.36225],[-97.67317,30.36227],[-97.67324,30.36226],[-97.67332,30.36226],[-97.67335,30.36228],[-97.67339,30.36231],[-97.67345,30.36233],[-97.67354,30.3624],[-97.67362,30.36244],[-97.67368,30.36246],[-97.67373,30.36248],[-97.67387,30.36252],[-97.67396,30.36253],[-97.674,30.36254],[-97.67406,30.36257],[-97.67416,30.36264],[-97.67419,30.36265],[-97.67424,30.36265],[-97.67441,30.36286],[-97.67447,30.36293],[-97.67454,30.36297],[-97.67465,30.36302],[-97.67476,30.36306],[-97.67478,30.36308],[-97.67484,30.36312],[-97.6749,30.36321],[-97.67536,30.36266],[-97.67569,30.3628],[-97.67896,30.36425],[-97.68185,30.36557],[-97.6819,30.36541],[-97.68283,30.36588],[-97.68304,30.36598],[-97.68324,30.36608],[-97.68284,30.36671],[-97.68233,30.36748],[-97.68152,30.36868],[-97.68135,30.36896],[-97.68116,30.36924],[-97.68072,30.36995],[-97.68082,30.37004],[-97.68092,30.37014],[-97.68102,30.37026],[-97.68104,30.3704],[-97.68102,30.37052],[-97.68036,30.37161],[-97.67869,30.3744],[-97.67835,30.37496],[-97.67765,30.37605],[-97.67694,30.37722],[-97.67763,30.3774],[-97.67937,30.37818],[-97.6802,30.37856],[-97.681,30.37893],[-97.68132,30.37903],[-97.68183,30.37928],[-97.6827,30.37973],[-97.68344,30.38024],[-97.68475,30.38094],[-97.68521,30.38118],[-97.68527,30.38121],[-97.68639,30.38193],[-97.68652,30.382],[-97.68678,30.38207],[-97.68709,30.3822],[-97.68761,30.38243],[-97.68795,30.38258],[-97.68834,30.38271],[-97.68873,30.38285],[-97.68916,30.38306],[-97.68922,30.38309],[-97.68931,30.38311],[-97.68944,30.38312],[-97.68954,30.38316],[-97.69022,30.38349],[-97.69034,30.38354],[-97.69114,30.38393],[-97.69192,30.38432],[-97.69284,30.38467],[-97.69291,30.3847],[-97.69301,30.38474],[-97.69434,30.38531],[-97.69447,30.38539],[-97.6946,30.38544],[-97.69573,30.38604],[-97.69581,30.38608],[-97.69593,30.38614],[-97.69774,30.3871],[-97.69779,30.38712],[-97.69783,30.38714],[-97.69861,30.38758],[-97.69867,30.38761],[-97.69868,30.38762],[-97.70023,30.38846],[-97.70026,30.38848],[-97.7003,30.3885],[-97.70168,30.38933],[-97.70173,30.38935],[-97.70175,30.38937],[-97.70282,30.38996],[-97.70326,30.39017],[-97.70337,30.3902],[-97.70348,30.39026],[-97.70454,30.3907],[-97.70825,30.39222],[-97.70828,30.39224],[-97.70838,30.39229],[-97.70845,30.39233],[-97.70883,30.39251],[-97.70939,30.39277],[-97.70962,30.39287],[-97.70983,30.39294],[-97.71018,30.39302],[-97.71047,30.39305],[-97.71068,30.39304],[-97.7108,30.39303],[-97.71128,30.39296],[-97.71162,30.39282],[-97.71201,30.3926],[-97.71228,30.3924],[-97.71255,30.39211],[-97.71291,30.39162],[-97.71312,30.3914],[-97.71333,30.3912],[-97.71353,30.39106],[-97.71373,30.39093],[-97.71385,30.39087],[-97.71398,30.39082],[-97.71401,30.39085],[-97.71407,30.39093],[-97.7149,30.39228],[-97.71515,30.39272],[-97.71615,30.39322],[-97.71626,30.39327],[-97.71629,30.39329],[-97.71699,30.39084],[-97.71712,30.39034],[-97.71715,30.39022],[-97.71716,30.3902],[-97.71716,30.39018],[-97.71721,30.38998],[-97.71827,30.38584],[-97.71908,30.3827],[-97.71924,30.38197],[-97.71954,30.38062],[-97.71959,30.38054],[-97.71972,30.38031],[-97.71984,30.38007],[-97.71992,30.37989],[-97.71999,30.3797],[-97.72006,30.37945],[-97.72064,30.37836],[-97.72288,30.37422],[-97.72313,30.37376],[-97.72331,30.37352],[-97.72342,30.37335],[-97.72353,30.37317],[-97.72365,30.37293],[-97.72373,30.37274],[-97.7238,30.37256],[-97.72386,30.37237],[-97.72489,30.37284],[-97.72543,30.3731],[-97.72627,30.3735],[-97.72631,30.37323],[-97.72635,30.37303],[-97.72639,30.37284],[-97.72656,30.37222],[-97.72688,30.37104],[-97.72737,30.36924],[-97.72759,30.36829],[-97.72775,30.36771],[-97.72819,30.36605],[-97.72861,30.36453],[-97.729,30.36316],[-97.72907,30.36291],[-97.72935,30.36185],[-97.7298,30.36006],[-97.73022,30.35862],[-97.73032,30.35815],[-97.73088,30.35621],[-97.73091,30.35615],[-97.72998,30.35572],[-97.727,30.35428],[-97.72602,30.35384],[-97.72504,30.35337],[-97.72324,30.35251],[-97.72267,30.35223],[-97.7226,30.35219],[-97.72208,30.35198],[-97.72112,30.35151],[-97.72025,30.3511],[-97.7193,30.35066],[-97.71859,30.35032],[-97.71851,30.35028],[-97.71769,30.34991],[-97.71628,30.34921],[-97.71461,30.34842],[-97.71393,30.34803],[-97.71368,30.34807],[-97.71355,30.34806],[-97.71346,30.34803],[-97.71339,30.34789],[-97.71326,30.3477],[-97.7132,30.34761],[-97.71313,30.34755],[-97.7128,30.34727],[-97.71309,30.34684],[-97.71333,30.34649],[-97.71393,30.34561],[-97.71442,30.34488],[-97.71457,30.34465],[-97.71485,30.34419],[-97.71493,30.34404],[-97.71496,30.34399],[-97.71498,30.34397],[-97.71597,30.34235],[-97.71678,30.34107],[-97.71736,30.34016],[-97.71783,30.33941],[-97.71789,30.33932],[-97.71886,30.33772],[-97.71902,30.3375],[-97.71913,30.33734],[-97.71957,30.3367],[-97.72018,30.33568],[-97.72125,30.334],[-97.72277,30.33159],[-97.72358,30.33034],[-97.72372,30.33012],[-97.7252,30.3278],[-97.72634,30.32596],[-97.72664,30.3255],[-97.72671,30.32538],[-97.72809,30.32322],[-97.72826,30.32295],[-97.72666,30.32215],[-97.72584,30.32175],[-97.72352,30.32064],[-97.72341,30.32061],[-97.72332,30.32058],[-97.72114,30.31955],[-97.72135,30.31921],[-97.72053,30.31876],[-97.7212,30.31771],[-97.7203,30.31727],[-97.71943,30.31687],[-97.71854,30.31642],[-97.71765,30.31599],[-97.71675,30.31556],[-97.71553,30.31495],[-97.71546,30.31497],[-97.71539,30.31498],[-97.71535,30.31499],[-97.71513,30.31503],[-97.71496,30.31507],[-97.71464,30.31503],[-97.71508,30.31401],[-97.71389,30.31348],[-97.71242,30.31279],[-97.71092,30.31209],[-97.71009,30.31167],[-97.70967,30.31145],[-97.70944,30.31135],[-97.71004,30.31025],[-97.71024,30.30992],[-97.71031,30.30982],[-97.71035,30.30975],[-97.7104,30.30967],[-97.71046,30.30959],[-97.71025,30.30945],[-97.71007,30.30932],[-97.71002,30.30928],[-97.70977,30.30911],[-97.70901,30.3087],[-97.70651,30.30751],[-97.70642,30.30747],[-97.70281,30.30577],[-97.7027,30.30571],[-97.7012,30.305],[-97.70082,30.30482],[-97.69889,30.30391],[-97.69875,30.30365],[-97.69847,30.30332],[-97.69827,30.30306],[-97.69806,30.30285],[-97.69776,30.30261],[-97.69743,30.30241],[-97.69697,30.3022],[-97.69626,30.30194],[-97.69537,30.30156],[-97.69515,30.30155],[-97.695,30.30154],[-97.69485,30.30153],[-97.693,30.30143],[-97.69216,30.30138],[-97.69115,30.30133],[-97.69024,30.30094],[-97.68977,30.3003],[-97.68941,30.29968],[-97.68851,30.29891],[-97.68798,30.29864],[-97.68707,30.29818]]]]}},
{"type":"Feature","properties":{"district_number":"3","district_name":"District 3"},"geometry":{"type":"MultiPolygon","coordinates":[[[[-97.76547,30.19748],[-97.76504,30.19753],[-97.76489,30.19772],[-97.76422,30.19853],[-97.76341,30.19951],[-97.76192,30.20131],[-97.76166,30.20168],[-97.76164,30.20171],[-97.7609,30.20264],[-97.76046,30.20317],[-97.76,30.20372],[-97.75935,30.20451],[-97.75864,30.20537],[-97.75836,30.2057],[-97.75775,30.20652],[-97.75731,30.20707],[-97.75652,30.2082],[-97.75606,30.20896],[-97.75597,30.2091],[-97.75562,30.20968],[-97.7549,30.21082],[-97.75347,30.2131],[-97.75287,30.21405],[-97.75267,30.21441],[-97.75209,30.21539],[-97.75204,30.21547],[-97.75194,30.21561],[-97.75146,30.21631],[-97.75144,30.21635],[-97.7513,30.21657],[-97.75106,30.21654],[-97.75095,30.21653],[-97.75067,30.2165],[-97.7504,30.21649],[-97.75016,30.21647],[-97.74997,30.21646],[-97.74957,30.21646],[-97.74899,30.21649],[-97.74718,30.21652],[-97.74597,30.21649],[-97.74471,30.21641],[-97.74448,30.21637],[-97.74399,30.21633],[-97.74381,30.21631],[-97.74094,30.21612],[-97.73988,30.21602],[-97.73906,30.21593],[-97.73887,30.2159],[-97.73873,30.21588],[-97.73533,30.21539],[-97.73509,30.21535],[-97.73499,30.21534],[-97.73492,30.21533],[-97.73464,30.21529],[-97.73444,30.21526],[-97.73345,30.21511],[-97.73193,30.2149],[-97.73053,30.2147],[-97.72797,30.21433],[-97.72301,30.21372],[-97.72067,30.21351],[-97.72046,30.21349],[-97.72031,30.21347],[-97.71939,30.21339],[-97.71802,30.21324],[-97.71641,30.21306],[-97.71415,30.21271],[-97.71252,30.21243],[-97.71235,30.21234],[-97.71219,30.2124],[-97.71197,30.2127],[-97.71158,30.21269],[-97.711,30.21269],[-97.71016,30.21277],[-97.709,30.21297],[-97.7078,30.21331],[-97.70542,30.21408],[-97.7053,30.21412],[-97.70521,30.21414],[-97.70512,30.21416],[-97.705,30.2142],[-97.70438,30.2144],[-97.70378,30.21459],[-97.70214,30.21512],[-97.69839,30.21633],[-97.69444,30.21761],[-97.69304,30.21806],[-97.69187,30.21853],[-97.69149,30.21869],[-97.6913,30.21879],[-97.69107,30.21855],[-97.69092,30.21837],[-97.69065,30.21801],[-97.69063,30.21802],[-97.69059,30.21803],[-97.69051,30.21807],[-97.69048,30.21808],[-97.69044,30.21809],[-97.69034,30.21813],[-97.6902,30.21819],[-97.68975,30.21841],[-97.68825,30.21926],[-97.68808,30.21935],[-97.68787,30.21947],[-97.68689,30.22002],[-97.68596,30.22055],[-97.68482,30.22116],[-97.68421,30.22143],[-97.68374,30.22157],[-97.68371,30.22158],[-97.68332,30.2217],[-97.68306,30.22179],[-97.68249,30.22195],[-97.68209,30.22208],[-97.68159,30.2222],[-97.68114,30.22229],[-97.68056,30.22236],[-97.67995,30.2224],[-97.67971,30.22239],[-97.6795,30.2224],[-97.67924,30.2224],[-97.6783,30.22232],[-97.67788,30.22229],[-97.67758,30.22225],[-97.6773,30.22219],[-97.677,30.22212],[-97.67677,30.22208],[-97.67662,30.22235],[-97.67648,30.22251],[-97.67651,30.22257],[-97.67654,30.22263],[-97.67708,30.22282],[-97.67764,30.2231],[-97.67823,30.2234],[-97.67817,30.22346],[-97.6786,30.22414],[-97.67799,30.22364],[-97.67794,30.22369],[-97.67457,30.22666],[-97.67387,30.2273],[-97.67143,30.22956],[-97.67095,30.23],[-97.66927,30.23149],[-97.67072,30.23269],[-97.67154,30.23337],[-97.67246,30.23413],[-97.67255,30.23404],[-97.6731,30.23356],[-97.6734,30.23328],[-97.67625,30.23562],[-97.67634,30.23569],[-97.67687,30.23522],[-97.67697,30.23512],[-97.67738,30.23467],[-97.67803,30.23406],[-97.67842,30.23439],[-97.67795,30.23482],[-97.67784,30.23492],[-97.67795,30.23501],[-97.67816,30.23519],[-97.67785,30.23546],[-97.67714,30.23611],[-97.67703,30.23621],[-97.67638,30.23679],[-97.67672,30.23707],[-97.67821,30.23831],[-97.68138,30.24096],[-97.68025,30.24197],[-97.68019,30.24581],[-97.68018,30.24633],[-97.68017,30.24669],[-97.68017,30.24713],[-97.68017,30.24734],[-97.68017,30.24745],[-97.6801,30.24747],[-97.68005,30.24751],[-97.68002,30.24753],[-97.68002,30.24755],[-97.67998,30.24754],[-97.67997,30.24756],[-97.67995,30.24755],[-97.67992,30.24756],[-97.67991,30.24757],[-97.67987,30.24758],[-97.67985,30.24759],[-97.67983,30.2476],[-97.67981,30.24761],[-97.67977,30.24762],[-97.67969,30.24763],[-97.67963,30.24765],[-97.67951,30.24768],[-97.67944,30.24771],[-97.6794,30.24772],[-97.67939,30.24773],[-97.67936,30.24774],[-97.67929,30.24775],[-97.67923,30.24776],[-97.67918,30.24778],[-97.67913,30.24778],[-97.67911,30.24782],[-97.67906,30.24783],[-97.67901,30.24784],[-97.67896,30.24786],[-97.67891,30.24788],[-97.67884,30.2479],[-97.67878,30.24792],[-97.67872,30.24794],[-97.67862,30.24795],[-97.6785,30.24798],[-97.67839,30.248],[-97.67831,30.24803],[-97.67816,30.24815],[-97.67806,30.2482],[-97.67799,30.24822],[-97.67796,30.24824],[-97.67785,30.24828],[-97.67781,30.2483],[-97.67776,30.24831],[-97.67769,30.24833],[-97.67762,30.24838],[-97.67759,30.2484],[-97.67756,30.24844],[-97.6775,30.24847],[-97.67744,30.24851],[-97.67736,30.24857],[-97.67728,30.24864],[-97.67717,30.24868],[-97.67704,30.24873],[-97.67695,30.24877],[-97.67688,30.24879],[-97.67682,30.24882],[-97.67673,30.24885],[-97.67667,30.24888],[-97.67658,30.24894],[-97.67645,30.249],[-97.67636,30.24904],[-97.67626,30.24907],[-97.67616,30.24912],[-97.67598,30.24921],[-97.67585,30.24928],[-97.67578,30.24931],[-97.6757,30.24936],[-97.67563,30.2494],[-97.67557,30.24945],[-97.6755,30.24951],[-97.67547,30.24956],[-97.67545,30.24959],[-97.67542,30.24962],[-97.67541,30.24962],[-97.67534,30.24967],[-97.67526,30.2497],[-97.67523,30.24971],[-97.67519,30.24972],[-97.6751,30.24976],[-97.67502,30.2498],[-97.67496,30.24982],[-97.67491,30.24985],[-97.67488,30.24987],[-97.67487,30.24988],[-97.67485,30.2499],[-97.67478,30.24997],[-97.67472,30.25005],[-97.67466,30.2501],[-97.67462,30.25014],[-97.6746,30.25017],[-97.6746,30.25021],[-97.67458,30.25025],[-97.67456,30.25028],[-97.67453,30.25029],[-97.6745,30.25031],[-97.67449,30.25031],[-97.67447,30.25033],[-97.67446,30.25034],[-97.67445,30.25035],[-97.67442,30.25035],[-97.67441,30.25033],[-97.67439,30.25032],[-97.67437,30.25032],[-97.67431,30.25036],[-97.67423,30.25043],[-97.67418,30.25047],[-97.67407,30.25056],[-97.67399,30.25061],[-97.6739,30.25068],[-97.67384,30.25072],[-97.67383,30.25073],[-97.6738,30.25075],[-97.67375,30.25078],[-97.67369,30.25083],[-97.67367,30.25084],[-97.6736,30.2509],[-97.67355,30.25094],[-97.67343,30.25105],[-97.6734,30.25107],[-97.67338,30.25108],[-97.67335,30.25112],[-97.67332,30.25115],[-97.67326,30.25121],[-97.67323,30.25124],[-97.67322,30.25126],[-97.67319,30.25128],[-97.67316,30.2513],[-97.67314,30.2513],[-97.67312,30.25129],[-97.67311,30.25129],[-97.6731,30.25131],[-97.6731,30.25134],[-97.6731,30.25136],[-97.6731,30.25138],[-97.67308,30.25142],[-97.67303,30.25146],[-97.673,30.2515],[-97.67298,30.25153],[-97.67294,30.25158],[-97.67291,30.25162],[-97.67289,30.25165],[-97.67285,30.2517],[-97.67281,30.25176],[-97.67279,30.25183],[-97.67275,30.25191],[-97.67274,30.25196],[-97.67272,30.25202],[-97.6727,30.2521],[-97.67267,30.25217],[-97.67264,30.25224],[-97.67255,30.2523],[-97.6725,30.25234],[-97.67242,30.25236],[-97.67237,30.25239],[-97.67233,30.25241],[-97.67229,30.25242],[-97.67227,30.25242],[-97.67224,30.25244],[-97.6722,30.25244],[-97.67218,30.25246],[-97.67216,30.25247],[-97.67214,30.25248],[-97.67212,30.25249],[-97.67211,30.2525],[-97.6721,30.25251],[-97.67211,30.25252],[-97.67211,30.25255],[-97.6721,30.25257],[-97.67209,30.25259],[-97.67209,30.2526],[-97.6721,30.25261],[-97.6721,30.25263],[-97.67211,30.25264],[-97.67212,30.25267],[-97.67214,30.2527],[-97.67215,30.25272],[-97.67218,30.25273],[-97.6722,30.25275],[-97.6722,30.25277],[-97.67219,30.2528],[-97.67218,30.25283],[-97.67217,30.25286],[-97.67216,30.25289],[-97.67214,30.25292],[-97.67212,30.25295],[-97.67211,30.25297],[-97.6721,30.25301],[-97.67209,30.25302],[-97.67208,30.25305],[-97.67207,30.25307],[-97.67205,30.2531],[-97.67204,30.25312],[-97.67202,30.25316],[-97.67202,30.2532],[-97.67201,30.25326],[-97.672,30.2533],[-97.672,30.25335],[-97.672,30.25338],[-97.67199,30.25342],[-97.67198,30.25346],[-97.67197,30.25349],[-97.67196,30.25351],[-97.67196,30.25357],[-97.67197,30.25362],[-97.67197,30.25368],[-97.67196,30.25376],[-97.67194,30.25381],[-97.67193,30.25387],[-97.67194,30.25391],[-97.67195,30.25395],[-97.67195,30.25398],[-97.67195,30.25404],[-97.67194,30.2541],[-97.67193,30.25418],[-97.67193,30.25421],[-97.67193,30.25424],[-97.67193,30.25429],[-97.67193,30.25436],[-97.67191,30.25439],[-97.67188,30.25443],[-97.67184,30.25447],[-97.67181,30.2545],[-97.67179,30.25455],[-97.67175,30.2546],[-97.67174,30.2546],[-97.6717,30.25464],[-97.67165,30.25468],[-97.67161,30.25473],[-97.67158,30.25475],[-97.67157,30.25476],[-97.67154,30.25478],[-97.67151,30.25481],[-97.67149,30.25483],[-97.67143,30.25487],[-97.6714,30.2549],[-97.67135,30.25492],[-97.6713,30.25496],[-97.67126,30.255],[-97.67122,30.25504],[-97.67117,30.25509],[-97.67113,30.25512],[-97.67111,30.25513],[-97.67109,30.25516],[-97.67104,30.25518],[-97.67098,30.25521],[-97.67093,30.25524],[-97.67087,30.25527],[-97.67084,30.25529],[-97.67081,30.25531],[-97.67077,30.25534],[-97.67073,30.25538],[-97.67068,30.25543],[-97.67062,30.25548],[-97.67056,30.25552],[-97.67052,30.25555],[-97.67048,30.25558],[-97.67043,30.25563],[-97.67038,30.25567],[-97.67034,30.2557],[-97.67032,30.25572],[-97.67025,30.25578],[-97.67016,30.25584],[-97.67007,30.25588],[-97.67001,30.25593],[-97.66997,30.25597],[-97.66992,30.256],[-97.66985,30.25603],[-97.66979,30.25608],[-97.66975,30.2561],[-97.66969,30.25614],[-97.66965,30.25616],[-97.66963,30.25618],[-97.66959,30.25621],[-97.66957,30.25622],[-97.6695,30.25627],[-97.66946,30.2563],[-97.66944,30.25631],[-97.66937,30.25635],[-97.66929,30.2564],[-97.66924,30.25643],[-97.66919,30.25646],[-97.66918,30.25647],[-97.66915,30.25648],[-97.66911,30.2565],[-97.66908,30.25651],[-97.66904,30.25653],[-97.66899,30.25655],[-97.66897,30.25656],[-97.66891,30.25658],[-97.66888,30.25658],[-97.66885,30.25657],[-97.66885,30.25658],[-97.66884,30.25661],[-97.66884,30.25665],[-97.66881,30.2567],[-97.66878,30.2567],[-97.66874,30.25671],[-97.66872,30.25673],[-97.66872,30.25675],[-97.66866,30.25676],[-97.66861,30.25678],[-97.66859,30.2568],[-97.66856,30.25682],[-97.66853,30.25683],[-97.6685,30.25684],[-97.66847,30.25685],[-97.66845,30.25687],[-97.66844,30.25689],[-97.66816,30.25704],[-97.66807,30.25711],[-97.66786,30.25721],[-97.66779,30.25726],[-97.66771,30.25731],[-97.66761,30.25736],[-97.66757,30.25738],[-97.6674,30.25746],[-97.66731,30.25754],[-97.66724,30.25758],[-97.66717,30.25765],[-97.66709,30.25772],[-97.66703,30.25776],[-97.66695,30.25782],[-97.66688,30.25787],[-97.66674,30.25796],[-97.66673,30.25797],[-97.66664,30.25803],[-97.66657,30.25808],[-97.66649,30.25814],[-97.66642,30.25818],[-97.66634,30.25825],[-97.66625,30.2583],[-97.66619,30.25834],[-97.66611,30.2584],[-97.66605,30.25846],[-97.66598,30.25852],[-97.66588,30.25857],[-97.66578,30.25865],[-97.66574,30.25873],[-97.66568,30.25879],[-97.66561,30.25887],[-97.66547,30.25898],[-97.66539,30.25905],[-97.66534,30.25911],[-97.66529,30.25918],[-97.66523,30.25922],[-97.66518,30.25926],[-97.66512,30.25932],[-97.66505,30.25939],[-97.66498,30.25944],[-97.6649,30.25954],[-97.6648,30.2596],[-97.66467,30.25966],[-97.66462,30.25971],[-97.6645,30.25984],[-97.66439,30.25991],[-97.66427,30.25998],[-97.66415,30.26007],[-97.66399,30.2602],[-97.66386,30.2603],[-97.66372,30.26043],[-97.66365,30.26048],[-97.66359,30.26052],[-97.66354,30.26057],[-97.66343,30.26065],[-97.66334,30.26072],[-97.66329,30.26075],[-97.66326,30.26079],[-97.66323,30.2608],[-97.66322,30.26082],[-97.66319,30.26085],[-97.66315,30.26086],[-97.66311,30.26089],[-97.66307,30.26091],[-97.66302,30.26093],[-97.66299,30.26094],[-97.66295,30.26097],[-97.66291,30.26101],[-97.66287,30.26103],[-97.66284,30.26106],[-97.6628,30.26108],[-97.66277,30.26111],[-97.66273,30.26113],[-97.66268,30.26118],[-97.66264,30.26122],[-97.66259,30.26126],[-97.66254,30.26129],[-97.66252,30.26129],[-97.66249,30.26129],[-97.66247,30.2613],[-97.66244,30.26131],[-97.6624,30.26134],[-97.66236,30.26137],[-97.6623,30.26141],[-97.66225,30.26143],[-97.6622,30.26145],[-97.66215,30.26147],[-97.66212,30.2615],[-97.66207,30.26151],[-97.66203,30.26152],[-97.66199,30.26155],[-97.66197,30.2616],[-97.66192,30.26163],[-97.66187,30.26166],[-97.66184,30.26167],[-97.6618,30.2617],[-97.66177,30.26172],[-97.66173,30.26175],[-97.66169,30.26177],[-97.66164,30.26177],[-97.6616,30.26177],[-97.66156,30.26179],[-97.66154,30.2618],[-97.6615,30.26182],[-97.66147,30.26183],[-97.66142,30.26182],[-97.66138,30.26183],[-97.66133,30.26183],[-97.66128,30.26184],[-97.66123,30.26186],[-97.66118,30.26188],[-97.66114,30.26189],[-97.66109,30.26189],[-97.66102,30.26191],[-97.66099,30.26192],[-97.66094,30.26193],[-97.66091,30.26194],[-97.66087,30.26195],[-97.66083,30.26196],[-97.66082,30.26198],[-97.66081,30.26203],[-97.66081,30.26205],[-97.66084,30.26209],[-97.66086,30.26212],[-97.6609,30.26214],[-97.66093,30.26215],[-97.66097,30.26217],[-97.66103,30.26218],[-97.6611,30.26219],[-97.66115,30.2622],[-97.66118,30.26221],[-97.6612,30.26223],[-97.6612,30.26224],[-97.66121,30.26226],[-97.6612,30.26227],[-97.66118,30.26228],[-97.66112,30.2623],[-97.66106,30.26231],[-97.66115,30.26235],[-97.66135,30.26243],[-97.66148,30.2625],[-97.66158,30.26255],[-97.66189,30.26277],[-97.66198,30.26281],[-97.66204,30.26283],[-97.66213,30.26284],[-97.66222,30.26284],[-97.66228,30.26282],[-97.66235,30.26279],[-97.66242,30.26274],[-97.66248,30.26268],[-97.66257,30.26258],[-97.66267,30.26242],[-97.66279,30.26226],[-97.66286,30.26218],[-97.66292,30.26213],[-97.66299,30.26209],[-97.66306,30.26206],[-97.66311,30.26205],[-97.66324,30.26204],[-97.66354,30.26205],[-97.66377,30.26207],[-97.66435,30.26215],[-97.66462,30.26218],[-97.66469,30.2622],[-97.66484,30.26226],[-97.66528,30.26235],[-97.66548,30.2624],[-97.66583,30.26246],[-97.66602,30.26248],[-97.66629,30.26249],[-97.6666,30.26252],[-97.66684,30.26254],[-97.66694,30.26255],[-97.66709,30.26254],[-97.6672,30.26253],[-97.66735,30.26254],[-97.6676,30.26258],[-97.66784,30.26261],[-97.66805,30.26261],[-97.66844,30.26266],[-97.66848,30.26267],[-97.66857,30.2627],[-97.66864,30.26272],[-97.66874,30.26277],[-97.66883,30.26279],[-97.66891,30.2628],[-97.66903,30.26279],[-97.66919,30.26276],[-97.66932,30.26275],[-97.66937,30.26273],[-97.66943,30.2627],[-97.66951,30.26263],[-97.66956,30.2626],[-97.66963,30.26258],[-97.66975,30.26256],[-97.66999,30.26255],[-97.67011,30.26256],[-97.67049,30.26261],[-97.67057,30.26261],[-97.67083,30.26261],[-97.67109,30.26261],[-97.67116,30.26262],[-97.67123,30.26264],[-97.6713,30.26268],[-97.67146,30.26277],[-97.67165,30.26289],[-97.67173,30.26298],[-97.67176,30.26303],[-97.67197,30.26313],[-97.67215,30.26316],[-97.67219,30.26317],[-97.67228,30.26322],[-97.67237,30.26327],[-97.67246,30.26327],[-97.67248,30.26327],[-97.67252,30.26326],[-97.67266,30.26329],[-97.67292,30.26334],[-97.67283,30.26349],[-97.67266,30.26375],[-97.67261,30.26381],[-97.67249,30.26401],[-97.67842,30.26534],[-97.67826,30.26572],[-97.67817,30.26591],[-97.67809,30.26605],[-97.67806,30.26611],[-97.67803,30.26624],[-97.67799,30.26632],[-97.67791,30.26644],[-97.67786,30.2665],[-97.6778,30.26655],[-97.67777,30.26657],[-97.67769,30.26657],[-97.67763,30.26659],[-97.67752,30.26666],[-97.6775,30.26668],[-97.67749,30.2667],[-97.6775,30.26681],[-97.67751,30.26686],[-97.67752,30.26688],[-97.67772,30.26718],[-97.6778,30.26732],[-97.67801,30.26775],[-97.67804,30.26779],[-97.67811,30.26782],[-97.67834,30.2679],[-97.67851,30.26794],[-97.67873,30.26799],[-97.67876,30.26798],[-97.67879,30.26796],[-97.67883,30.26791],[-97.6789,30.26779],[-97.6789,30.26777],[-97.67878,30.26761],[-97.67874,30.26754],[-97.67872,30.26749],[-97.6787,30.26736],[-97.6787,30.26731],[-97.67871,30.26726],[-97.67874,30.2672],[-97.67877,30.26716],[-97.6788,30.26715],[-97.67886,30.26714],[-97.67899,30.26714],[-97.67907,30.26715],[-97.67912,30.26716],[-97.67944,30.26713],[-97.68046,30.26764],[-97.67968,30.2689],[-97.67992,30.26906],[-97.68052,30.26932],[-97.68123,30.26977],[-97.68198,30.27039],[-97.68395,30.27122],[-97.68474,30.27158],[-97.68559,30.27195],[-97.68639,30.27229],[-97.68774,30.27292],[-97.6887,30.27333],[-97.69017,30.27403],[-97.69044,30.27356],[-97.69068,30.27316],[-97.69141,30.27203],[-97.69163,30.27175],[-97.69166,30.2717],[-97.69186,30.27136],[-97.69227,30.2707],[-97.69291,30.26969],[-97.6935,30.2688],[-97.69438,30.26743],[-97.6961,30.26804],[-97.69628,30.2681],[-97.69672,30.26956],[-97.69662,30.26979],[-97.69618,30.27083],[-97.69528,30.27275],[-97.69479,30.27382],[-97.69644,30.27388],[-97.69792,30.27356],[-97.69877,30.27343],[-97.69988,30.27324],[-97.70132,30.27301],[-97.7032,30.27269],[-97.70484,30.27242],[-97.70552,30.27132],[-97.70639,30.2699],[-97.70691,30.26902],[-97.70756,30.26788],[-97.70794,30.26725],[-97.70854,30.26622],[-97.70905,30.26539],[-97.71028,30.26477],[-97.71099,30.26446],[-97.71156,30.2642],[-97.71198,30.26389],[-97.71277,30.26304],[-97.71324,30.26319],[-97.71338,30.26324],[-97.71368,30.26324],[-97.71483,30.26273],[-97.71537,30.26243],[-97.71595,30.26223],[-97.71671,30.26184],[-97.71747,30.26148],[-97.71805,30.26157],[-97.72212,30.26258],[-97.72415,30.26324],[-97.72513,30.26358],[-97.72615,30.26395],[-97.72712,30.26433],[-97.72801,30.26466],[-97.72889,30.26495],[-97.7291,30.26502],[-97.73008,30.26532],[-97.73035,30.26543],[-97.73113,30.26566],[-97.73173,30.26591],[-97.73216,30.26605],[-97.73319,30.26636],[-97.73388,30.26658],[-97.73421,30.26668],[-97.73438,30.26673],[-97.7344,30.26669],[-97.73473,30.26579],[-97.73508,30.26486],[-97.7353,30.26427],[-97.73534,30.26412],[-97.73539,30.26396],[-97.7354,30.26394],[-97.73542,30.26385],[-97.73544,30.2638],[-97.73551,30.26359],[-97.73558,30.2634],[-97.73576,30.26296],[-97.73628,30.26186],[-97.73653,30.26132],[-97.73657,30.26121],[-97.7369,30.26014],[-97.73719,30.25914],[-97.73725,30.25882],[-97.73731,30.25826],[-97.73731,30.25816],[-97.73729,30.25776],[-97.73729,30.25752],[-97.73728,30.25733],[-97.73727,30.25713],[-97.73711,30.25599],[-97.73691,30.25495],[-97.73667,30.25385],[-97.73639,30.25248],[-97.7363,30.25207],[-97.73626,30.25187],[-97.73618,30.25141],[-97.73616,30.25132],[-97.73601,30.25065],[-97.73601,30.25061],[-97.73594,30.25032],[-97.73583,30.24981],[-97.7357,30.2492],[-97.73562,30.24879],[-97.73545,30.24802],[-97.73542,30.24789],[-97.73521,30.24786],[-97.73519,30.24785],[-97.73501,30.24782],[-97.73487,30.24784],[-97.73474,30.24776],[-97.73412,30.2476],[-97.73387,30.24753],[-97.73358,30.24748],[-97.73348,30.24733],[-97.73231,30.24642],[-97.73207,30.24632],[-97.73197,30.24617],[-97.73108,30.2455],[-97.73094,30.24537],[-97.73085,30.24523],[-97.7307,30.24503],[-97.73045,30.24482],[-97.73038,30.24458],[-97.73006,30.2441],[-97.72964,30.24353],[-97.72947,30.2433],[-97.7293,30.24321],[-97.72987,30.24308],[-97.72998,30.243],[-97.73021,30.24268],[-97.73179,30.24005],[-97.73296,30.2382],[-97.73409,30.23657],[-97.73456,30.23597],[-97.73507,30.23521],[-97.73582,30.23405],[-97.7369,30.23232],[-97.73802,30.23278],[-97.7394,30.2333],[-97.74002,30.23348],[-97.74044,30.23359],[-97.74108,30.23373],[-97.74129,30.23377],[-97.74166,30.23385],[-97.74181,30.23389],[-97.74257,30.23407],[-97.74321,30.23434],[-97.7437,30.23468],[-97.74582,30.23578],[-97.74623,30.23602],[-97.74651,30.23614],[-97.74681,30.23626],[-97.74721,30.23642],[-97.74794,30.23658],[-97.74797,30.23659],[-97.74882,30.2367],[-97.75011,30.23699],[-97.75044,30.23706],[-97.75151,30.23751],[-97.75353,30.23876],[-97.75284,30.23991],[-97.7528,30.24066],[-97.75256,30.24171],[-97.75245,30.24192],[-97.75218,30.24291],[-97.75192,30.24353],[-97.75164,30.24425],[-97.75132,30.24515],[-97.75245,30.2455],[-97.75354,30.2458],[-97.75575,30.2464],[-97.75635,30.24656],[-97.7578,30.24698],[-97.75919,30.24744],[-97.76062,30.24788],[-97.76207,30.24832],[-97.76322,30.24866],[-97.76403,30.24889],[-97.76436,30.24898],[-97.76478,30.24916],[-97.76485,30.24918],[-97.76654,30.24789],[-97.76671,30.24776],[-97.76681,30.24768],[-97.76735,30.24727],[-97.76888,30.24612],[-97.769,30.24602],[-97.76923,30.24581],[-97.76955,30.24552],[-97.77001,30.24496],[-97.77005,30.24491],[-97.77013,30.24482],[-97.77039,30.24441],[-97.77093,30.24337],[-97.77109,30.24303],[-97.77128,30.2427],[-97.7714,30.24242],[-97.77152,30.24196],[-97.77152,30.24193],[-97.77172,30.24128],[-97.77199,30.24051],[-97.77213,30.24012],[-97.77223,30.23986],[-97.77248,30.23909],[-97.77272,30.23852],[-97.77295,30.23786],[-97.77311,30.2374],[-97.77331,30.23742],[-97.77368,30.23762],[-97.7741,30.23694],[-97.77534,30.23644],[-97.77558,30.23612],[-97.77608,30.23557],[-97.77663,30.23548],[-97.77793,30.23529],[-97.77822,30.23522],[-97.77846,30.23493],[-97.77789,30.23452],[-97.77772,30.23369],[-97.77762,30.23325],[-97.77752,30.23281],[-97.77742,30.23216],[-97.77739,30.23191],[-97.77721,30.23111],[-97.77711,30.23021],[-97.77662,30.23033],[-97.77624,30.23025],[-97.77578,30.23006],[-97.77567,30.23001],[-97.77637,30.22801],[-97.77645,30.22776],[-97.77648,30.22767],[-97.7765,30.22758],[-97.77653,30.22745],[-97.77657,30.22727],[-97.77661,30.22708],[-97.77671,30.22677],[-97.77679,30.22643],[-97.77681,30.2259],[-97.77684,30.2254],[-97.77687,30.22459],[-97.77688,30.2241],[-97.77687,30.22307],[-97.77688,30.22291],[-97.7769,30.2225],[-97.77701,30.22211],[-97.77713,30.22166],[-97.7773,30.22122],[-97.77756,30.22085],[-97.77781,30.22047],[-97.77806,30.22009],[-97.77829,30.21984],[-97.77837,30.21973],[-97.77875,30.21942],[-97.77912,30.2191],[-97.77978,30.21887],[-97.78015,30.21866],[-97.78063,30.21842],[-97.78095,30.21827],[-97.78146,30.21811],[-97.78199,30.21799],[-97.78237,30.21794],[-97.78253,30.21793],[-97.78279,30.21792],[-97.78306,30.2179],[-97.78367,30.21795],[-97.78417,30.21792],[-97.78443,30.21789],[-97.78473,30.21786],[-97.78523,30.21781],[-97.78572,30.21772],[-97.78623,30.21758],[-97.78695,30.21735],[-97.78824,30.21688],[-97.78884,30.21667],[-97.78945,30.21646],[-97.78944,30.21643],[-97.78928,30.21613],[-97.78923,30.21602],[-97.78921,30.21597],[-97.78917,30.21591],[-97.78914,30.21588],[-97.78907,30.21584],[-97.78901,30.2158],[-97.78891,30.21576],[-97.7887,30.21566],[-97.78861,30.2156],[-97.78851,30.21553],[-97.78842,30.21545],[-97.78833,30.21538],[-97.78824,30.21533],[-97.78819,30.2153],[-97.78809,30.21526],[-97.78795,30.21523],[-97.78775,30.21518],[-97.78755,30.21513],[-97.78747,30.21509],[-97.78735,30.21503],[-97.78722,30.21499],[-97.78715,30.21497],[-97.78699,30.21494],[-97.78682,30.21493],[-97.78677,30.21492],[-97.7866,30.21485],[-97.78632,30.21477],[-97.7862,30.21473],[-97.78611,30.2147],[-97.78592,30.21464],[-97.78583,30.21463],[-97.7857,30.21463],[-97.78551,30.21465],[-97.7854,30.21465],[-97.78528,30.21465],[-97.78518,30.21463],[-97.78513,30.21461],[-97.78504,30.21456],[-97.78498,30.21451],[-97.78477,30.21432],[-97.78471,30.21423],[-97.78445,30.21392],[-97.78432,30.21382],[-97.78428,30.21378],[-97.78415,30.21364],[-97.78388,30.21338],[-97.78378,30.2133],[-97.78371,30.21326],[-97.78351,30.21317],[-97.78339,30.21313],[-97.78325,30.21309],[-97.78317,30.21308],[-97.78305,30.21308],[-97.78301,30.21309],[-97.78291,30.21311],[-97.78282,30.21312],[-97.78277,30.21312],[-97.78256,30.21303],[-97.78211,30.21282],[-97.78197,30.21275],[-97.78169,30.21264],[-97.78159,30.2126],[-97.78149,30.21256],[-97.78141,30.21252],[-97.78136,30.21247],[-97.7813,30.2124],[-97.78122,30.21227],[-97.78115,30.21218],[-97.78107,30.2121],[-97.78101,30.21205],[-97.78093,30.21202],[-97.78084,30.21201],[-97.78078,30.212],[-97.7805,30.21199],[-97.78035,30.21198],[-97.78021,30.21198],[-97.78002,30.212],[-97.77988,30.21202],[-97.77978,30.21202],[-97.77968,30.21202],[-97.77947,30.21198],[-97.77908,30.21194],[-97.77898,30.21193],[-97.77925,30.21125],[-97.77977,30.21057],[-97.78034,30.20993],[-97.78144,30.20856],[-97.78147,30.20852],[-97.78153,30.20845],[-97.78156,30.20839],[-97.78157,30.20836],[-97.77988,30.20745],[-97.7789,30.20693],[-97.77742,30.20605],[-97.77523,30.20485],[-97.77483,30.20489],[-97.77516,30.20388],[-97.77538,30.20325],[-97.77554,30.20249],[-97.77559,30.20233],[-97.77484,30.20215],[-97.77224,30.20089],[-97.77216,30.20085],[-97.76919,30.19941],[-97.7687,30.19882],[-97.76856,30.19868],[-97.7685,30.19862],[-97.76842,30.19854],[-97.76797,30.19825],[-97.76768,30.19806],[-97.76729,30.19792],[-97.76692,30.1978],[-97.7663,30.1977],[-97.76584,30.19765],[-97.76547,30.19748]]]]}},
{"type":"Feature","properties":{"district_number":"1","district_name":"District 1"},"geometry":{"type":"MultiPolygon","coordinates":[[[[-97.6247,30.3595],[-97.62448,30.35985],[-97.62432,30.3601],[-97.62381,30.36091],[-97.62348,30.36142],[-97.62529,30.36195],[-97.6253,30.36195],[-97.62785,30.36269],[-97.62776,30.36272],[-97.62341,30.36145],[-97.62442,30.35986],[-97.6244,30.35985],[-97.62266,30.35883],[-97.62264,30.35885],[-97.62197,30.35966],[-97.62027,30.35954],[-97.62062,30.35901],[-97.62069,30.35889],[-97.62078,30.35877],[-97.62085,30.35865],[-97.62093,30.35853],[-97.62101,30.35841],[-97.62106,30.35833],[-97.62109,30.35829],[-97.62116,30.35817],[-97.62124,30.35805],[-97.62129,30.35797],[-97.62132,30.35793],[-97.62141,30.35779],[-97.62149,30.35767],[-97.62158,30.35752],[-97.62166,30.3574],[-97.62173,30.35728],[-97.62181,30.35716],[-97.62189,30.35704],[-97.62196,30.35692],[-97.62204,30.3568],[-97.62212,30.35668],[-97.6222,30.35656],[-97.62229,30.3564],[-97.6224,30.35623],[-97.62252,30.35605],[-97.62257,30.35597],[-97.62268,30.3558],[-97.62291,30.35544],[-97.62289,30.35543],[-97.62255,30.35527],[-97.62223,30.35512],[-97.6221,30.35506],[-97.62191,30.35497],[-97.62171,30.35488],[-97.62157,30.35481],[-97.62143,30.35474],[-97.62129,30.35468],[-97.62115,30.35461],[-97.62102,30.35455],[-97.62078,30.35443],[-97.62062,30.35436],[-97.62047,30.35429],[-97.6203,30.35421],[-97.62017,30.35414],[-97.62,30.35407],[-97.61986,30.354],[-97.61972,30.35393],[-97.61958,30.35387],[-97.61944,30.3538],[-97.6193,30.35374],[-97.61916,30.35367],[-97.61914,30.35366],[-97.61955,30.35304],[-97.61968,30.35283],[-97.62076,30.35118],[-97.62124,30.35045],[-97.62139,30.35024],[-97.6224,30.3487],[-97.62248,30.34858],[-97.62284,30.34802],[-97.62355,30.34695],[-97.62358,30.34687],[-97.62735,30.34864],[-97.62912,30.34947],[-97.62991,30.34986],[-97.62723,30.35396],[-97.62803,30.35433],[-97.62917,30.35259],[-97.62952,30.35207],[-97.63021,30.351],[-97.63067,30.3503],[-97.63073,30.35036],[-97.6309,30.35046],[-97.63108,30.35053],[-97.63381,30.35124],[-97.63884,30.35266],[-97.63897,30.35272],[-97.63906,30.35277],[-97.63894,30.35283],[-97.63883,30.35289],[-97.63783,30.35381],[-97.63656,30.35496],[-97.63477,30.35347],[-97.63387,30.3543],[-97.6338,30.35436],[-97.63394,30.35448],[-97.63557,30.35584],[-97.63519,30.35619],[-97.63179,30.35919],[-97.63079,30.36015],[-97.63069,30.3601],[-97.62853,30.35949],[-97.6253,30.35858],[-97.6247,30.3595]]],[[[-97.56067,30.30257],[-97.56042,30.30299],[-97.56019,30.30337],[-97.55809,30.30238],[-97.55762,30.30216],[-97.55193,30.29949],[-97.5504,30.29876],[-97.55035,30.29874],[-97.55022,30.29868],[-97.54978,30.29848],[-97.54855,30.29789],[-97.54436,30.29585],[-97.54423,30.29579],[-97.54491,30.29476],[-97.5463,30.29262],[-97.54728,30.29112],[-97.5475,30.29079],[-97.54824,30.28969],[-97.54894,30.28863],[-97.54833,30.28832],[-97.54516,30.28676],[-97.54436,30.28637],[-97.54318,30.28578],[-97.54204,30.2874],[-97.54198,30.28737],[-97.54195,30.28736],[-97.53832,30.2855],[-97.53807,30.28537],[-97.53785,30.28526],[-97.53762,30.28515],[-97.53755,30.28511],[-97.53729,30.28551],[-97.53703,30.28589],[-97.53642,30.28559],[-97.53597,30.28537],[-97.53412,30.28447],[-97.53052,30.28273],[-97.5276,30.28132],[-97.52991,30.27743],[-97.53099,30.27561],[-97.52799,30.27417],[-97.52833,30.27365],[-97.52891,30.27274],[-97.53055,30.27355],[-97.53076,30.27365],[-97.53192,30.27419],[-97.53359,30.27497],[-97.53418,30.27524],[-97.53455,30.27541],[-97.53465,30.27546],[-97.53532,30.27577],[-97.53633,30.27624],[-97.54161,30.2787],[-97.54176,30.27845],[-97.54237,30.2775],[-97.54256,30.27721],[-97.54261,30.27714],[-97.54453,30.27402],[-97.5453,30.27277],[-97.546,30.27163],[-97.54707,30.2699],[-97.54717,30.26966],[-97.54738,30.26913],[-97.54801,30.2681],[-97.54971,30.26545],[-97.5518,30.26219],[-97.55186,30.2621],[-97.55199,30.26214],[-97.55209,30.26217],[-97.55219,30.26219],[-97.55234,30.26219],[-97.55245,30.26218],[-97.55261,30.26214],[-97.55268,30.26213],[-97.55273,30.26214],[-97.55276,30.26215],[-97.55277,30.26217],[-97.55282,30.26227],[-97.55285,30.26239],[-97.55286,30.26249],[-97.55289,30.26257],[-97.55292,30.26263],[-97.55297,30.26269],[-97.55318,30.26288],[-97.5532,30.26291],[-97.55324,30.263],[-97.55326,30.26303],[-97.55331,30.26308],[-97.55338,30.26311],[-97.55343,30.26313],[-97.55354,30.26315],[-97.55356,30.26315],[-97.55361,30.2632],[-97.55365,30.26326],[-97.55364,30.26339],[-97.55365,30.2635],[-97.5537,30.26359],[-97.55368,30.26364],[-97.55338,30.26397],[-97.55333,30.26402],[-97.55322,30.2641],[-97.55313,30.26417],[-97.55308,30.26423],[-97.55304,30.26431],[-97.55302,30.26441],[-97.55301,30.26456],[-97.55303,30.26471],[-97.55302,30.26476],[-97.553,30.26481],[-97.55297,30.26484],[-97.55294,30.26485],[-97.55286,30.26486],[-97.55281,30.26488],[-97.55272,30.26493],[-97.55266,30.26496],[-97.55262,30.26501],[-97.5526,30.26504],[-97.5526,30.26508],[-97.55268,30.26522],[-97.55269,30.26526],[-97.55268,30.26528],[-97.55265,30.26532],[-97.55257,30.26536],[-97.55255,30.26538],[-97.55247,30.26546],[-97.55244,30.26551],[-97.55241,30.2656],[-97.55239,30.26571],[-97.5524,30.26575],[-97.55243,30.2658],[-97.55248,30.26585],[-97.55262,30.26594],[-97.55271,30.26598],[-97.55297,30.26608],[-97.55322,30.26614],[-97.5533,30.26616],[-97.55345,30.26623],[-97.5536,30.26631],[-97.55368,30.26637],[-97.55382,30.26649],[-97.55402,30.26663],[-97.55413,30.2667],[-97.55438,30.26682],[-97.55449,30.26689],[-97.55454,30.26694],[-97.55457,30.26697],[-97.55459,30.26703],[-97.55461,30.26728],[-97.55464,30.26742],[-97.55475,30.26757],[-97.55492,30.26761],[-97.55501,30.2676],[-97.55505,30.2676],[-97.55509,30.26761],[-97.55516,30.26767],[-97.5552,30.2677],[-97.55526,30.26771],[-97.55548,30.26773],[-97.55556,30.26774],[-97.55567,30.26776],[-97.55571,30.26777],[-97.5558,30.26781],[-97.55585,30.26783],[-97.55588,30.26784],[-97.55587,30.26786],[-97.55587,30.26787],[-97.55602,30.26795],[-97.55613,30.26803],[-97.55614,30.26825],[-97.55624,30.26841],[-97.55616,30.26871],[-97.55623,30.26888],[-97.55635,30.26893],[-97.55671,30.26863],[-97.55732,30.26881],[-97.55741,30.26911],[-97.55747,30.26921],[-97.55751,30.26926],[-97.55754,30.26931],[-97.55784,30.26953],[-97.55772,30.26977],[-97.55774,30.2698],[-97.55778,30.26986],[-97.55779,30.2699],[-97.55779,30.26995],[-97.55779,30.26999],[-97.55779,30.27001],[-97.55787,30.27015],[-97.55793,30.27022],[-97.55799,30.27025],[-97.55805,30.27027],[-97.55813,30.27027],[-97.55815,30.27027],[-97.55821,30.27027],[-97.55821,30.27051],[-97.55819,30.27056],[-97.55826,30.27066],[-97.55828,30.2707],[-97.55827,30.27075],[-97.55827,30.27076],[-97.55826,30.2708],[-97.55827,30.27099],[-97.5583,30.27105],[-97.5584,30.27108],[-97.5585,30.2711],[-97.55869,30.27109],[-97.55871,30.27109],[-97.55906,30.27109],[-97.55927,30.27109],[-97.55932,30.27111],[-97.55935,30.27113],[-97.55935,30.2712],[-97.55933,30.27122],[-97.55932,30.27123],[-97.55931,30.27123],[-97.55929,30.27125],[-97.55925,30.27128],[-97.55913,30.27131],[-97.55911,30.27133],[-97.55908,30.27136],[-97.55903,30.27144],[-97.559,30.27152],[-97.55899,30.27153],[-97.55898,30.27174],[-97.55894,30.27179],[-97.55888,30.27188],[-97.55881,30.27195],[-97.55875,30.27201],[-97.55872,30.27203],[-97.5587,30.27209],[-97.5587,30.27212],[-97.5587,30.27213],[-97.5587,30.27214],[-97.5587,30.27216],[-97.55871,30.27217],[-97.55871,30.27219],[-97.55872,30.2722],[-97.55873,30.27221],[-97.55873,30.27222],[-97.55874,30.27223],[-97.55875,30.27223],[-97.55876,30.27224],[-97.55876,30.27226],[-97.55883,30.27231],[-97.55883,30.27242],[-97.55883,30.27246],[-97.55883,30.27247],[-97.55886,30.27253],[-97.55892,30.27258],[-97.55901,30.27263],[-97.55918,30.27269],[-97.55939,30.2727],[-97.55946,30.27266],[-97.55951,30.2726],[-97.55964,30.27234],[-97.55968,30.27232],[-97.55981,30.27231],[-97.55996,30.27252],[-97.56006,30.27262],[-97.56,30.27271],[-97.55944,30.27365],[-97.55875,30.27478],[-97.55878,30.27479],[-97.55884,30.27482],[-97.55886,30.27483],[-97.55892,30.27486],[-97.56002,30.27537],[-97.56005,30.27539],[-97.5602,30.27546],[-97.56279,30.27661],[-97.5633,30.27684],[-97.5637,30.27704],[-97.56438,30.27736],[-97.56462,30.27747],[-97.56507,30.27769],[-97.56588,30.27807],[-97.56671,30.27847],[-97.56769,30.27894],[-97.56804,30.2791],[-97.56844,30.2793],[-97.56863,30.27939],[-97.56959,30.27984],[-97.56919,30.28047],[-97.56829,30.28184],[-97.56769,30.28276],[-97.56698,30.28384],[-97.56683,30.28407],[-97.56648,30.2846],[-97.56602,30.28531],[-97.56598,30.28537],[-97.56564,30.28589],[-97.56507,30.28676],[-97.56457,30.28752],[-97.56439,30.28779],[-97.56842,30.28973],[-97.56711,30.29172],[-97.5659,30.29357],[-97.56579,30.29375],[-97.56554,30.29417],[-97.56713,30.29712],[-97.56758,30.29796],[-97.56767,30.29815],[-97.5672,30.29887],[-97.56649,30.29998],[-97.56616,30.30038],[-97.56585,30.30085],[-97.56557,30.3013],[-97.56545,30.30152],[-97.56542,30.30158],[-97.56538,30.30167],[-97.56528,30.3019],[-97.56515,30.30222],[-97.56502,30.30256],[-97.56493,30.30292],[-97.56469,30.30448],[-97.56454,30.30442],[-97.56335,30.30385],[-97.56067,30.30257]],[[-97.53946,30.28212],[-97.53931,30.28236],[-97.53961,30.28253],[-97.53977,30.28229],[-97.53946,30.28212]]],[[[-97.66024,30.26174],[-97.66024,30.26176],[-97.66025,30.26178],[-97.66025,30.2618],[-97.66026,30.26181],[-97.66026,30.26182],[-97.66026,30.26183],[-97.66027,30.26184],[-97.66027,30.26185],[-97.66028,30.26186],[-97.66028,30.26188],[-97.66029,30.26189],[-97.66029,30.26191],[-97.66028,30.26192],[-97.66027,30.26192],[-97.66025,30.26192],[-97.66024,30.26192],[-97.66023,30.26192],[-97.66022,30.26192],[-97.6602,30.26191],[-97.66019,30.26191],[-97.66017,30.26191],[-97.66015,30.26192],[-97.66014,30.26192],[-97.66013,30.26192],[-97.66011,30.26191],[-97.6601,30.26191],[-97.66008,30.2619],[-97.66006,30.26189],[-97.66004,30.26188],[-97.66001,30.26188],[-97.66,30.26188],[-97.65999,30.26188],[-97.65997,30.26188],[-97.65996,30.26188],[-97.65995,30.26188],[-97.65992,30.26188],[-97.6599,30.26189],[-97.65989,30.2619],[-97.65987,30.26191],[-97.65987,30.26193],[-97.65986,30.26195],[-97.65987,30.26195],[-97.65989,30.26196],[-97.65991,30.26196],[-97.65994,30.26196],[-97.65995,30.26196],[-97.65997,30.26196],[-97.65999,30.26197],[-97.66001,30.26198],[-97.66003,30.26198],[-97.66005,30.26199],[-97.66006,30.26199],[-97.66008,30.262],[-97.66009,30.26201],[-97.66011,30.26203],[-97.66013,30.26204],[-97.66016,30.26204],[-97.6602,30.26206],[-97.66024,30.26207],[-97.66026,30.26208],[-97.66029,30.2621],[-97.66033,30.26211],[-97.66036,30.26212],[-97.6604,30.26214],[-97.66042,30.26215],[-97.66044,30.26216],[-97.66046,30.26217],[-97.6605,30.26218],[-97.66053,30.2622],[-97.66054,30.26221],[-97.66059,30.26222],[-97.66062,30.26224],[-97.66066,30.26225],[-97.66068,30.26225],[-97.6607,30.26225],[-97.66072,30.26225],[-97.66074,30.26226],[-97.66076,30.26226],[-97.66078,30.26227],[-97.66083,30.26229],[-97.66087,30.26231],[-97.66093,30.26232],[-97.661,30.26232],[-97.66106,30.26231],[-97.66115,30.26235],[-97.66135,30.26243],[-97.66148,30.2625],[-97.66158,30.26255],[-97.66189,30.26277],[-97.66198,30.26281],[-97.66204,30.26283],[-97.66213,30.26284],[-97.66222,30.26284],[-97.66228,30.26282],[-97.66235,30.26279],[-97.66242,30.26274],[-97.66248,30.26268],[-97.66257,30.26258],[-97.66267,30.26242],[-97.66279,30.26226],[-97.66286,30.26218],[-97.66292,30.26213],[-97.66299,30.26209],[-97.66306,30.26206],[-97.66311,30.26205],[-97.66324,30.26204],[-97.66354,30.26205],[-97.66377,30.26207],[-97.66435,30.26215],[-97.66462,30.26218],[-97.66469,30.2622],[-97.66484,30.26226],[-97.66528,30.26235],[-97.66548,30.2624],[-97.66583,30.26246],[-97.66602,30.26248],[-97.66629,30.26249],[-97.6666,30.26252],[-97.66684,30.26254],[-97.66694,30.26255],[-97.66709,30.26254],[-97.6672,30.26253],[-97.66735,30.26254],[-97.6676,30.26258],[-97.66784,30.26261],[-97.66805,30.26261],[-97.66844,30.26266],[-97.66848,30.26267],[-97.66857,30.2627],[-97.66864,30.26272],[-97.66874,30.26277],[-97.66883,30.26279],[-97.66891,30.2628],[-97.66903,30.26279],[-97.66919,30.26276],[-97.66932,30.26275],[-97.66937,30.26273],[-97.66943,30.2627],[-97.66951,30.26263],[-97.66956,30.2626],[-97.66963,30.26258],[-97.66975,30.26256],[-97.66999,30.26255],[-97.67011,30.26256],[-97.67049,30.26261],[-97.67057,30.26261],[-97.67083,30.26261],[-97.67109,30.26261],[-97.67116,30.26262],[-97.67123,30.26264],[-97.6713,30.26268],[-97.67146,30.26277],[-97.67165,30.26289],[-97.67173,30.26298],[-97.67176,30.26303],[-97.67197,30.26313],[-97.67215,30.26316],[-97.67219,30.26317],[-97.67228,30.26322],[-97.67237,30.26327],[-97.67246,30.26327],[-97.67248,30.26327],[-97.67252,30.26326],[-97.67266,30.26329],[-97.67292,30.26334],[-97.67283,30.26349],[-97.67266,30.26375],[-97.67261,30.26381],[-97.67249,30.26401],[-97.67842,30.26534],[-97.67826,30.26572],[-97.67817,30.26591],[-97.67809,30.26605],[-97.67806,30.26611],[-97.67803,30.26624],[-97.67799,30.26632],[-97.67791,30.26644],[-97.67786,30.2665],[-97.6778,30.26655],[-97.67777,30.26657],[-97.67769,30.26657],[-97.67763,30.26659],[-97.67752,30.26666],[-97.6775,30.26668],[-97.67749,30.2667],[-97.6775,30.26681],[-97.67751,30.26686],[-97.67752,30.26688],[-97.67772,30.26718],[-97.6778,30.26732],[-97.67801,30.26775],[-97.67804,30.26779],[-97.67811,30.26782],[-97.67834,30.2679],[-97.67851,30.26794],[-97.67873,30.26799],[-97.67876,30.26798],[-97.67879,30.26796],[-97.67883,30.26791],[-97.6789,30.26779],[-97.6789,30.26777],[-97.67878,30.26761],[-97.67874,30.26754],[-97.67872,30.26749],[-97.6787,30.26736],[-97.6787,30.26731],[-97.67871,30.26726],[-97.67874,30.2672],[-97.67877,30.26716],[-97.6788,30.26715],[-97.67886,30.26714],[-97.67899,30.26714],[-97.67907,30.26715],[-97.67912,30.26716],[-97.67944,30.26713],[-97.68046,30.26764],[-97.67968,30.2689],[-97.67992,30.26906],[-97.68052,30.26932],[-97.68123,30.26977],[-97.68198,30.27039],[-97.68395,30.27122],[-97.68474,30.27158],[-97.68559,30.27195],[-97.68639,30.27229],[-97.68774,30.27292],[-97.6887,30.27333],[-97.69017,30.27403],[-97.69044,30.27356],[-97.69068,30.27316],[-97.69141,30.27203],[-97.69163,30.27175],[-97.69166,30.2717],[-97.69186,30.27136],[-97.69227,30.2707],[-97.69291,30.26969],[-97.6935,30.2688],[-97.69438,30.26743],[-97.6961,30.26804],[-97.69628,30.2681],[-97.69672,30.26956],[-97.69662,30.26979],[-97.69618,30.27083],[-97.69528,30.27275],[-97.69479,30.27382],[-97.69644,30.27388],[-97.69792,30.27356],[-97.69877,30.27343],[-97.69988,30.27324],[-97.70132,30.27301],[-97.7032,30.27269],[-97.70484,30.27242],[-97.70552,30.27132],[-97.70639,30.2699],[-97.70691,30.26902],[-97.70756,30.26788],[-97.70794,30.26725],[-97.70854,30.26622],[-97.70905,30.26539],[-97.71028,30.26477],[-97.71099,30.26446],[-97.71156,30.2642],[-97.71198,30.26389],[-97.71277,30.26304],[-97.71324,30.26319],[-97.71338,30.26324],[-97.71368,30.26324],[-97.71483,30.26273],[-97.71537,30.26243],[-97.71595,30.26223],[-97.71671,30.26184],[-97.71747,30.26148],[-97.71805,30.26157],[-97.72212,30.26258],[-97.72415,30.26324],[-97.72513,30.26358],[-97.72615,30.26395],[-97.72712,30.26433],[-97.72801,30.26466],[-97.72889,30.26495],[-97.7291,30.26502],[-97.73008,30.26532],[-97.73035,30.26543],[-97.73113,30.26566],[-97.73173,30.26591],[-97.73216,30.26605],[-97.73319,30.26636],[-97.73388,30.26658],[-97.73421,30.26668],[-97.73438,30.26673],[-97.73405,30.26765],[-97.73401,30.26775],[-97.73371,30.26858],[-97.73333,30.26961],[-97.73301,30.27047],[-97.73255,30.27172],[-97.73251,30.27185],[-97.7328,30.27183],[-97.73258,30.27248],[-97.73199,30.27413],[-97.73188,30.27449],[-97.73179,30.27478],[-97.73168,30.27512],[-97.73158,30.27547],[-97.73133,30.27614],[-97.7312,30.27667],[-97.73093,30.27746],[-97.7305,30.27856],[-97.73028,30.27852],[-97.7302,30.27851],[-97.73006,30.27851],[-97.72935,30.27993],[-97.729,30.28065],[-97.72795,30.28232],[-97.72782,30.2825],[-97.72741,30.28308],[-97.72749,30.2831],[-97.72754,30.28311],[-97.72766,30.28315],[-97.72798,30.28323],[-97.73099,30.28392],[-97.73074,30.28502],[-97.73018,30.2868],[-97.72996,30.2875],[-97.72994,30.28757],[-97.72919,30.28833],[-97.72905,30.28821],[-97.72871,30.28796],[-97.72768,30.28748],[-97.727,30.28719],[-97.72678,30.28712],[-97.72662,30.28705],[-97.72587,30.28681],[-97.72523,30.28662],[-97.72518,30.2866],[-97.72509,30.28656],[-97.725,30.28651],[-97.72497,30.28649],[-97.72494,30.28648],[-97.72485,30.28644],[-97.72473,30.28638],[-97.72415,30.28608],[-97.72404,30.28602],[-97.72376,30.28587],[-97.72297,30.28534],[-97.72289,30.28527],[-97.72279,30.28519],[-97.72219,30.28467],[-97.722,30.28445],[-97.72191,30.28433],[-97.72172,30.28424],[-97.72145,30.28412],[-97.72122,30.28405],[-97.72109,30.28403],[-97.72083,30.28406],[-97.7205,30.28408],[-97.72017,30.28412],[-97.71978,30.2842],[-97.71912,30.28428],[-97.71844,30.28441],[-97.71819,30.28445],[-97.71716,30.28461],[-97.71546,30.28489],[-97.7142,30.28509],[-97.71307,30.28525],[-97.7125,30.28533],[-97.7121,30.2854],[-97.71116,30.28554],[-97.71021,30.28567],[-97.70894,30.28587],[-97.70857,30.28594],[-97.70803,30.28604],[-97.7078,30.28607],[-97.70649,30.28624],[-97.70653,30.28631],[-97.70667,30.28664],[-97.70691,30.28712],[-97.70699,30.28739],[-97.70705,30.28758],[-97.70712,30.28788],[-97.70725,30.28843],[-97.70739,30.28919],[-97.70728,30.28919],[-97.70726,30.28919],[-97.70716,30.2892],[-97.70712,30.2892],[-97.70655,30.28924],[-97.70608,30.28928],[-97.70538,30.28929],[-97.70503,30.28922],[-97.70467,30.28909],[-97.70449,30.28899],[-97.70206,30.28788],[-97.70131,30.28754],[-97.70111,30.28762],[-97.70031,30.28819],[-97.69858,30.28909],[-97.69853,30.28912],[-97.69774,30.28947],[-97.69671,30.28992],[-97.69669,30.28993],[-97.69522,30.2902],[-97.69493,30.29016],[-97.69376,30.28998],[-97.69273,30.2897],[-97.69203,30.2895],[-97.69115,30.28959],[-97.69036,30.28991],[-97.68986,30.29037],[-97.6895,30.29089],[-97.68944,30.29108],[-97.6893,30.29157],[-97.68929,30.29253],[-97.68925,30.29346],[-97.68922,30.29449],[-97.68921,30.29462],[-97.68887,30.29533],[-97.68834,30.29582],[-97.68801,30.29613],[-97.68764,30.29688],[-97.68707,30.29818],[-97.68592,30.30015],[-97.68559,30.30052],[-97.68515,30.30102],[-97.68434,30.30179],[-97.68304,30.30297],[-97.68183,30.30412],[-97.68132,30.30458],[-97.68008,30.30648],[-97.67955,30.30732],[-97.67856,30.30779],[-97.67838,30.30783],[-97.67826,30.30785],[-97.6771,30.30796],[-97.6762,30.30805],[-97.67614,30.30807],[-97.67398,30.30799],[-97.67348,30.30797],[-97.67305,30.30799],[-97.67203,30.30821],[-97.67078,30.30853],[-97.67104,30.30909],[-97.67154,30.30957],[-97.67264,30.31002],[-97.6736,30.31047],[-97.67386,30.31059],[-97.67415,30.31073],[-97.6752,30.31122],[-97.67602,30.31163],[-97.67654,30.31191],[-97.67658,30.31194],[-97.677,30.31237],[-97.67729,30.31271],[-97.67757,30.31297],[-97.67769,30.31307],[-97.67788,30.31322],[-97.6782,30.31337],[-97.67949,30.31401],[-97.68094,30.31476],[-97.68109,30.31489],[-97.68122,30.31502],[-97.68132,30.31514],[-97.68138,30.31523],[-97.68144,30.31535],[-97.6815,30.31547],[-97.68154,30.3156],[-97.68158,30.31573],[-97.6816,30.31588],[-97.6816,30.31607],[-97.68159,30.31623],[-97.68156,30.31635],[-97.68152,30.31647],[-97.68146,30.31659],[-97.68139,30.31673],[-97.68131,30.31686],[-97.68114,30.31711],[-97.68014,30.31868],[-97.68003,30.31883],[-97.67995,30.31897],[-97.67963,30.31946],[-97.67944,30.31976],[-97.67933,30.31994],[-97.67923,30.32011],[-97.67916,30.32024],[-97.67913,30.32035],[-97.67911,30.32046],[-97.67905,30.32075],[-97.67905,30.32098],[-97.6791,30.32126],[-97.67919,30.32159],[-97.67931,30.32179],[-97.67942,30.32196],[-97.6795,30.32206],[-97.67963,30.32219],[-97.67976,30.3223],[-97.67989,30.32241],[-97.68007,30.32251],[-97.68024,30.3226],[-97.68037,30.32267],[-97.68044,30.32273],[-97.68051,30.32279],[-97.68062,30.3229],[-97.6808,30.32309],[-97.68103,30.32301],[-97.68227,30.3226],[-97.68345,30.32221],[-97.68431,30.32197],[-97.68489,30.32186],[-97.68705,30.32163],[-97.6879,30.32158],[-97.68874,30.32152],[-97.6889,30.32151],[-97.68899,30.3215],[-97.6891,30.32149],[-97.68922,30.32148],[-97.69011,30.3214],[-97.6908,30.32138],[-97.69303,30.32132],[-97.69417,30.32142],[-97.69504,30.32145],[-97.69519,30.32146],[-97.6949,30.32186],[-97.69449,30.32242],[-97.69419,30.32288],[-97.69415,30.32295],[-97.69411,30.32301],[-97.69362,30.32379],[-97.69359,30.32384],[-97.69356,30.3239],[-97.693,30.32479],[-97.69294,30.3249],[-97.69277,30.32519],[-97.69231,30.32594],[-97.69226,30.32603],[-97.69223,30.32602],[-97.68938,30.32461],[-97.68849,30.32587],[-97.68781,30.32699],[-97.68838,30.32726],[-97.68844,30.32731],[-97.68849,30.32737],[-97.68861,30.32754],[-97.6891,30.32829],[-97.68917,30.32836],[-97.68926,30.32844],[-97.68963,30.32864],[-97.69034,30.32899],[-97.69024,30.3291],[-97.68986,30.32956],[-97.68968,30.3297],[-97.68957,30.32979],[-97.68923,30.32995],[-97.689,30.33003],[-97.6888,30.3301],[-97.68847,30.33024],[-97.68842,30.33026],[-97.68797,30.33048],[-97.68771,30.33065],[-97.68737,30.33099],[-97.68681,30.33177],[-97.68652,30.33222],[-97.68646,30.33228],[-97.68641,30.33235],[-97.68648,30.33237],[-97.68654,30.33241],[-97.6864,30.33262],[-97.68623,30.33284],[-97.68622,30.33286],[-97.68606,30.33311],[-97.68333,30.33734],[-97.68239,30.3388],[-97.68231,30.33894],[-97.68226,30.33902],[-97.68079,30.34121],[-97.68071,30.34131],[-97.68066,30.34139],[-97.68009,30.3421],[-97.67941,30.34286],[-97.67939,30.34289],[-97.67936,30.34291],[-97.6786,30.34379],[-97.67851,30.3439],[-97.6784,30.34403],[-97.67832,30.34414],[-97.67797,30.34466],[-97.6776,30.34572],[-97.67756,30.34582],[-97.67753,30.34593],[-97.67724,30.34692],[-97.67717,30.34716],[-97.67709,30.34743],[-97.67632,30.35009],[-97.6761,30.35068],[-97.67607,30.35075],[-97.67604,30.3508],[-97.67602,30.35084],[-97.67598,30.35091],[-97.67521,30.35223],[-97.67516,30.3523],[-97.67513,30.35235],[-97.67511,30.35238],[-97.67504,30.35248],[-97.67497,30.35261],[-97.67449,30.35337],[-97.67444,30.35344],[-97.67439,30.35353],[-97.67368,30.3546],[-97.67348,30.35493],[-97.67228,30.35672],[-97.67225,30.35677],[-97.67222,30.35682],[-97.67098,30.35877],[-97.67093,30.35884],[-97.67088,30.35891],[-97.66902,30.36177],[-97.66875,30.36226],[-97.66947,30.36244],[-97.66927,30.36294],[-97.6696,30.36296],[-97.67016,30.36301],[-97.67079,30.36301],[-97.67113,30.36307],[-97.67164,30.36333],[-97.67167,30.36328],[-97.67202,30.36275],[-97.67212,30.36229],[-97.67212,30.36227],[-97.67211,30.36225],[-97.67211,30.36222],[-97.67214,30.36216],[-97.67243,30.36218],[-97.67264,30.3622],[-97.67309,30.36225],[-97.67311,30.36225],[-97.67317,30.36227],[-97.67324,30.36226],[-97.67332,30.36226],[-97.67335,30.36228],[-97.67339,30.36231],[-97.67345,30.36233],[-97.67354,30.3624],[-97.67362,30.36244],[-97.67368,30.36246],[-97.67373,30.36248],[-97.67387,30.36252],[-97.67396,30.36253],[-97.674,30.36254],[-97.67406,30.36257],[-97.67416,30.36264],[-97.67419,30.36265],[-97.67424,30.36265],[-97.67441,30.36286],[-97.67447,30.36293],[-97.67454,30.36297],[-97.67465,30.36302],[-97.67476,30.36306],[-97.67478,30.36308],[-97.67484,30.36312],[-97.6749,30.36321],[-97.67536,30.36266],[-97.67569,30.3628],[-97.67896,30.36425],[-97.68185,30.36557],[-97.6819,30.36541],[-97.68283,30.36588],[-97.68304,30.36598],[-97.68324,30.36608],[-97.68284,30.36671],[-97.68233,30.36748],[-97.68152,30.36868],[-97.68135,30.36896],[-97.68116,30.36924],[-97.68072,30.36995],[-97.68082,30.37004],[-97.68092,30.37014],[-97.68102,30.37026],[-97.68104,30.3704],[-97.68102,30.37052],[-97.68036,30.37161],[-97.67869,30.3744],[-97.67835,30.37496],[-97.67765,30.37605],[-97.67694,30.37722],[-97.67672,30.37718],[-97.67649,30.37713],[-97.67617,30.37706],[-97.67551,30.37821],[-97.67524,30.37869],[-97.67492,30.37931],[-97.67468,30.37985],[-97.67465,30.37992],[-97.67458,30.38012],[-97.6744,30.3807],[-97.67439,30.38073],[-97.67427,30.38112],[-97.67425,30.38122],[-97.67416,30.38159],[-97.67408,30.38197],[-97.67388,30.38276],[-97.67369,30.38365],[-97.67342,30.38479],[-97.6731,30.38614],[-97.67261,30.3882],[-97.67258,30.38838],[-97.67253,30.38838],[-97.67238,30.38838],[-97.67237,30.38843],[-97.67162,30.39173],[-97.67151,30.39285],[-97.67147,30.39335],[-97.67154,30.39434],[-97.6716,30.39476],[-97.67172,30.39535],[-97.67187,30.39578],[-97.67232,30.39717],[-97.6726,30.39769],[-97.67304,30.39854],[-97.67328,30.39903],[-97.67328,30.39905],[-97.67332,30.39912],[-97.67334,30.39915],[-97.6734,30.39929],[-97.67348,30.39929],[-97.6736,30.3993],[-97.67374,30.3993],[-97.67389,30.3993],[-97.67394,30.3993],[-97.67404,30.39958],[-97.67407,30.39966],[-97.6742,30.39989],[-97.67431,30.4001],[-97.67466,30.40081],[-97.67495,30.40159],[-97.67511,30.4021],[-97.67515,30.40227],[-97.67528,30.40302],[-97.67529,30.4031],[-97.67537,30.40354],[-97.67542,30.40444],[-97.67541,30.40477],[-97.67536,30.4065],[-97.67529,30.40745],[-97.67529,30.4075],[-97.67525,30.40803],[-97.67473,30.40799],[-97.67452,30.40796],[-97.67448,30.40795],[-97.67396,30.40786],[-97.67382,30.4078],[-97.67322,30.40752],[-97.67277,30.40733],[-97.67231,30.4071],[-97.67169,30.40685],[-97.67067,30.40636],[-97.67021,30.40612],[-97.67004,30.40603],[-97.66954,30.4058],[-97.66906,30.40563],[-97.66882,30.40556],[-97.66848,30.40545],[-97.66605,30.40525],[-97.66579,30.40524],[-97.66407,30.40517],[-97.66404,30.40516],[-97.66387,30.40514],[-97.66325,30.40497],[-97.66312,30.40493],[-97.66268,30.40476],[-97.66136,30.40413],[-97.65842,30.40272],[-97.65753,30.40226],[-97.65735,30.40216],[-97.65705,30.40196],[-97.6567,30.40174],[-97.65644,30.40153],[-97.65601,30.40109],[-97.6556,30.40062],[-97.65538,30.40028],[-97.65508,30.39963],[-97.65502,30.39951],[-97.65487,30.39954],[-97.65479,30.39956],[-97.65263,30.40003],[-97.65246,30.39944],[-97.65217,30.39852],[-97.65215,30.39845],[-97.65204,30.39825],[-97.65191,30.3981],[-97.65175,30.39792],[-97.65163,30.39782],[-97.65149,30.39773],[-97.65111,30.39753],[-97.65003,30.39698],[-97.64917,30.39656],[-97.64834,30.39617],[-97.6475,30.39576],[-97.64683,30.39544],[-97.64658,30.39534],[-97.6464,30.39529],[-97.64622,30.39527],[-97.64567,30.39525],[-97.64552,30.39523],[-97.64536,30.3952],[-97.64525,30.39516],[-97.64484,30.39496],[-97.6444,30.39475],[-97.64431,30.39489],[-97.6443,30.39491],[-97.64318,30.3966],[-97.6409,30.40007],[-97.64082,30.40019],[-97.64074,30.40031],[-97.64035,30.40091],[-97.63873,30.40343],[-97.6386,30.40361],[-97.63858,30.40365],[-97.63851,30.40375],[-97.63833,30.40366],[-97.63787,30.40444],[-97.63774,30.40438],[-97.63657,30.40383],[-97.63654,30.40382],[-97.63642,30.40376],[-97.63622,30.40366],[-97.63621,30.40374],[-97.63618,30.40387],[-97.63616,30.40397],[-97.63602,30.4039],[-97.63565,30.40372],[-97.63513,30.40348],[-97.63439,30.40312],[-97.63431,30.40325],[-97.63358,30.40443],[-97.63331,30.40481],[-97.63313,30.40506],[-97.63259,30.40592],[-97.63234,30.40629],[-97.63223,30.40644],[-97.63213,30.40656],[-97.63205,30.40665],[-97.63194,30.40673],[-97.63182,30.40681],[-97.6317,30.40684],[-97.63161,30.40687],[-97.63149,30.40689],[-97.63135,30.40689],[-97.63124,30.40688],[-97.63113,30.40687],[-97.63097,30.40683],[-97.63074,30.40677],[-97.62979,30.4063],[-97.62884,30.40585],[-97.62845,30.40566],[-97.62841,30.40564],[-97.62644,30.40466],[-97.62888,30.4009],[-97.63109,30.39745],[-97.63114,30.39742],[-97.63124,30.39747],[-97.63146,30.39757],[-97.63182,30.39775],[-97.63208,30.39733],[-97.63252,30.39664],[-97.6326,30.39651],[-97.63273,30.39665],[-97.63292,30.3969],[-97.63309,30.39722],[-97.63322,30.39755],[-97.63329,30.39785],[-97.63334,30.3982],[-97.63338,30.3987],[-97.63355,30.39869],[-97.63373,30.39868],[-97.63413,30.39867],[-97.63449,30.39884],[-97.63476,30.39897],[-97.63474,30.39919],[-97.63473,30.39934],[-97.63465,30.39984],[-97.63492,30.40021],[-97.63592,30.4007],[-97.63549,30.40137],[-97.63507,30.40203],[-97.63539,30.40212],[-97.63591,30.40232],[-97.63627,30.40249],[-97.63648,30.40259],[-97.6365,30.40249],[-97.63662,30.40188],[-97.63674,30.40127],[-97.63698,30.40015],[-97.63727,30.40028],[-97.6373,30.40029],[-97.63859,30.40091],[-97.63967,30.40143],[-97.63974,30.40147],[-97.64017,30.40081],[-97.64055,30.40022],[-97.64063,30.40008],[-97.64112,30.39942],[-97.6417,30.39852],[-97.64299,30.39656],[-97.64327,30.39613],[-97.64391,30.39515],[-97.64407,30.39491],[-97.64413,30.39481],[-97.64419,30.39468],[-97.64421,30.39465],[-97.64429,30.39457],[-97.64558,30.39248],[-97.64563,30.39241],[-97.64634,30.39125],[-97.64688,30.39005],[-97.64668,30.38997],[-97.64544,30.38939],[-97.6433,30.3884],[-97.64254,30.38805],[-97.64203,30.38782],[-97.64269,30.38684],[-97.64292,30.38651],[-97.64315,30.38662],[-97.64371,30.38688],[-97.6459,30.38792],[-97.64621,30.38742],[-97.64684,30.38641],[-97.64693,30.38626],[-97.64664,30.38611],[-97.64573,30.38553],[-97.64423,30.38497],[-97.64268,30.38425],[-97.64264,30.3843],[-97.64262,30.38435],[-97.64247,30.38458],[-97.64226,30.38492],[-97.64201,30.38531],[-97.64205,30.38532],[-97.64208,30.38534],[-97.64233,30.38546],[-97.64259,30.38558],[-97.64166,30.38711],[-97.6416,30.38721],[-97.6414,30.38753],[-97.64047,30.3871],[-97.64038,30.38706],[-97.64013,30.38694],[-97.64006,30.38691],[-97.64017,30.38632],[-97.6403,30.38566],[-97.64036,30.38556],[-97.64043,30.38546],[-97.64091,30.38471],[-97.64153,30.38376],[-97.64155,30.38372],[-97.64086,30.38337],[-97.64057,30.38322],[-97.64032,30.38311],[-97.63965,30.3828],[-97.63766,30.38176],[-97.63349,30.37964],[-97.63335,30.37945],[-97.63323,30.37937],[-97.63239,30.38072],[-97.63137,30.38237],[-97.63123,30.38258],[-97.63105,30.38287],[-97.63102,30.38291],[-97.631,30.38295],[-97.62981,30.38486],[-97.6291,30.38599],[-97.6282,30.38743],[-97.6278,30.38808],[-97.62778,30.38807],[-97.62733,30.38778],[-97.62677,30.38743],[-97.62673,30.38741],[-97.62659,30.38732],[-97.62629,30.38712],[-97.62614,30.38703],[-97.62591,30.38689],[-97.62575,30.38679],[-97.62562,30.38671],[-97.62603,30.38624],[-97.626,30.38623],[-97.6253,30.38584],[-97.62303,30.38941],[-97.62294,30.38955],[-97.62298,30.38956],[-97.62439,30.39023],[-97.622,30.39387],[-97.62265,30.39419],[-97.62364,30.39467],[-97.62356,30.3948],[-97.62353,30.39484],[-97.62346,30.39497],[-97.6234,30.39506],[-97.62331,30.39522],[-97.62321,30.39537],[-97.62305,30.39559],[-97.62294,30.39574],[-97.62293,30.39577],[-97.62288,30.39586],[-97.6228,30.39596],[-97.62259,30.3963],[-97.62246,30.39648],[-97.62204,30.39712],[-97.62182,30.39743],[-97.62171,30.39761],[-97.62136,30.39816],[-97.62133,30.39819],[-97.62132,30.39821],[-97.6209,30.39885],[-97.62057,30.3987],[-97.6194,30.39814],[-97.61906,30.39798],[-97.61898,30.39811],[-97.61852,30.39882],[-97.61884,30.40093],[-97.61939,30.4012],[-97.61936,30.40124],[-97.61933,30.40129],[-97.61928,30.40136],[-97.61917,30.40154],[-97.61897,30.40184],[-97.61865,30.40233],[-97.61711,30.40469],[-97.61314,30.40281],[-97.6124,30.39891],[-97.61154,30.3978],[-97.61326,30.39517],[-97.61337,30.39521],[-97.61373,30.39463],[-97.61374,30.39462],[-97.61388,30.3944],[-97.61415,30.39397],[-97.61405,30.39392],[-97.61308,30.39346],[-97.61306,30.39345],[-97.61194,30.39295],[-97.61446,30.389],[-97.61548,30.38741],[-97.61609,30.38646],[-97.61617,30.38633],[-97.61556,30.38604],[-97.61514,30.38572],[-97.61522,30.38567],[-97.61549,30.38525],[-97.61586,30.3847],[-97.61557,30.38456],[-97.61671,30.38299],[-97.61788,30.38138],[-97.61849,30.38054],[-97.61961,30.37911],[-97.61963,30.37908],[-97.62034,30.37956],[-97.6205,30.37967],[-97.62052,30.37968],[-97.62128,30.38018],[-97.62146,30.3803],[-97.62173,30.38049],[-97.62191,30.3806],[-97.62206,30.3804],[-97.62213,30.38028],[-97.6226,30.37961],[-97.62296,30.37908],[-97.62321,30.37872],[-97.62607,30.37459],[-97.62612,30.37453],[-97.62769,30.37534],[-97.62786,30.37549],[-97.62852,30.37445],[-97.62866,30.37423],[-97.62867,30.37421],[-97.6294,30.37306],[-97.63061,30.37115],[-97.63067,30.37106],[-97.63069,30.37104],[-97.63072,30.37099],[-97.63072,30.37097],[-97.63075,30.37092],[-97.63094,30.37101],[-97.63106,30.37107],[-97.63114,30.37111],[-97.6312,30.37094],[-97.63121,30.37093],[-97.63127,30.37078],[-97.63157,30.36994],[-97.6322,30.36848],[-97.6324,30.368],[-97.63265,30.36737],[-97.63328,30.36581],[-97.63346,30.36538],[-97.63351,30.36525],[-97.63384,30.36441],[-97.63429,30.36319],[-97.63438,30.36293],[-97.63451,30.36257],[-97.63453,30.36252],[-97.63457,30.36241],[-97.63464,30.36223],[-97.63472,30.36199],[-97.63485,30.36159],[-97.63491,30.36141],[-97.63495,30.3613],[-97.63502,30.36132],[-97.63515,30.36136],[-97.63519,30.36136],[-97.63524,30.36138],[-97.63531,30.36141],[-97.63546,30.36144],[-97.63562,30.36148],[-97.63564,30.36149],[-97.63604,30.3616],[-97.63676,30.36179],[-97.63699,30.36185],[-97.63714,30.3619],[-97.6372,30.36191],[-97.63723,30.36191],[-97.63727,30.36193],[-97.63732,30.36195],[-97.63758,30.36145],[-97.6389,30.35877],[-97.63902,30.35852],[-97.63541,30.35755],[-97.63419,30.35722],[-97.63592,30.35564],[-97.63767,30.35613],[-97.63834,30.35552],[-97.64027,30.356],[-97.64029,30.35596],[-97.64043,30.35569],[-97.64067,30.35522],[-97.6412,30.35418],[-97.64158,30.35346],[-97.64181,30.35353],[-97.64188,30.35355],[-97.64213,30.35362],[-97.64215,30.35362],[-97.64221,30.35364],[-97.64247,30.35372],[-97.64258,30.35375],[-97.64275,30.35379],[-97.64328,30.35395],[-97.64419,30.35421],[-97.64423,30.35422],[-97.6443,30.35424],[-97.64448,30.3543],[-97.64471,30.35437],[-97.64481,30.3544],[-97.64482,30.3544],[-97.64484,30.35441],[-97.645,30.35444],[-97.64519,30.35449],[-97.64521,30.35449],[-97.64523,30.3545],[-97.64534,30.35452],[-97.64547,30.35455],[-97.64556,30.35457],[-97.64572,30.35461],[-97.64591,30.35465],[-97.64597,30.35467],[-97.64654,30.35481],[-97.64667,30.35511],[-97.64673,30.35506],[-97.64676,30.35501],[-97.64682,30.35506],[-97.64685,30.35508],[-97.64689,30.35512],[-97.64696,30.35517],[-97.64705,30.35526],[-97.64715,30.35536],[-97.64716,30.35537],[-97.64721,30.35541],[-97.64723,30.35542],[-97.64732,30.3555],[-97.64746,30.35562],[-97.6479,30.356],[-97.64793,30.35602],[-97.64795,30.35604],[-97.64796,30.35605],[-97.64803,30.35611],[-97.64816,30.35621],[-97.64824,30.35624],[-97.64775,30.35405],[-97.64773,30.35401],[-97.64776,30.35396],[-97.64783,30.35385],[-97.64783,30.35384],[-97.64799,30.35359],[-97.64797,30.35358],[-97.64796,30.35358],[-97.64794,30.35357],[-97.64758,30.3534],[-97.64759,30.35339],[-97.64789,30.35293],[-97.64788,30.35292],[-97.64764,30.35281],[-97.64747,30.35273],[-97.64741,30.3527],[-97.64734,30.35267],[-97.64735,30.35266],[-97.6475,30.35241],[-97.64758,30.35229],[-97.64765,30.35233],[-97.64953,30.35324],[-97.65031,30.35361],[-97.65046,30.35368],[-97.65061,30.35372],[-97.65069,30.35374],[-97.65093,30.35389],[-97.65126,30.35407],[-97.65144,30.35417],[-97.65239,30.3547],[-97.65253,30.35477],[-97.65267,30.35485],[-97.65288,30.35492],[-97.65294,30.35494],[-97.6533,30.35515],[-97.65345,30.35523],[-97.65345,30.35515],[-97.65345,30.35513],[-97.65345,30.35507],[-97.65347,30.35505],[-97.65356,30.35498],[-97.65364,30.35492],[-97.65374,30.35486],[-97.65385,30.35455],[-97.65391,30.35435],[-97.65389,30.35429],[-97.65388,30.35426],[-97.65387,30.35418],[-97.65387,30.35414],[-97.65365,30.35378],[-97.6535,30.35354],[-97.65326,30.35313],[-97.65321,30.35304],[-97.65325,30.35302],[-97.65357,30.3529],[-97.65371,30.35282],[-97.65392,30.35266],[-97.65409,30.35248],[-97.65425,30.35228],[-97.65447,30.3519],[-97.65466,30.35153],[-97.6547,30.35145],[-97.6548,30.35125],[-97.65488,30.35129],[-97.65564,30.35165],[-97.65569,30.35168],[-97.65655,30.3521],[-97.65664,30.35197],[-97.65666,30.35193],[-97.65667,30.35192],[-97.65669,30.35189],[-97.65731,30.35094],[-97.65731,30.35102],[-97.65738,30.35111],[-97.65746,30.35116],[-97.6599,30.35234],[-97.66007,30.35252],[-97.66024,30.35244],[-97.66069,30.35266],[-97.66083,30.35269],[-97.66087,30.35266],[-97.6609,30.35267],[-97.66091,30.35267],[-97.66094,30.35268],[-97.66096,30.35264],[-97.66097,30.35259],[-97.66105,30.35239],[-97.66103,30.35237],[-97.66096,30.35232],[-97.66095,30.35231],[-97.66094,30.35229],[-97.6613,30.35176],[-97.66303,30.35257],[-97.66468,30.35329],[-97.6649,30.35338],[-97.66622,30.35404],[-97.66645,30.35414],[-97.66713,30.35447],[-97.66723,30.35452],[-97.66731,30.35456],[-97.66752,30.35466],[-97.66763,30.35471],[-97.66811,30.35494],[-97.66874,30.35525],[-97.66878,30.35518],[-97.669,30.35484],[-97.66904,30.35478],[-97.66913,30.35464],[-97.66926,30.35445],[-97.66939,30.35425],[-97.66947,30.35413],[-97.66972,30.35374],[-97.66991,30.35382],[-97.67,30.35387],[-97.67007,30.3539],[-97.6703,30.35354],[-97.67039,30.3534],[-97.67049,30.35325],[-97.67068,30.35296],[-97.67108,30.35241],[-97.66917,30.35155],[-97.66937,30.35123],[-97.66954,30.35098],[-97.66979,30.35061],[-97.67007,30.35017],[-97.67027,30.34998],[-97.67036,30.34993],[-97.67045,30.34989],[-97.67091,30.3497],[-97.67106,30.34963],[-97.67118,30.34953],[-97.67125,30.34945],[-97.67116,30.34941],[-97.66944,30.34861],[-97.66941,30.3486],[-97.66896,30.34839],[-97.6687,30.34827],[-97.66853,30.34819],[-97.66829,30.34809],[-97.66874,30.34738],[-97.66878,30.34739],[-97.66898,30.34749],[-97.6694,30.34768],[-97.67009,30.34799],[-97.6707,30.34684],[-97.67106,30.3465],[-97.67136,30.34592],[-97.67112,30.34557],[-97.67109,30.34553],[-97.67098,30.34536],[-97.67094,30.34529],[-97.67082,30.34534],[-97.6706,30.34536],[-97.67036,30.34534],[-97.67017,30.34528],[-97.67001,30.34521],[-97.66856,30.34449],[-97.66433,30.3425],[-97.66361,30.34216],[-97.66307,30.34191],[-97.66134,30.34104],[-97.66118,30.34096],[-97.66105,30.3409],[-97.656,30.33854],[-97.65388,30.33756],[-97.65368,30.33746],[-97.65526,30.33499],[-97.65565,30.33438],[-97.6557,30.33432],[-97.65574,30.33424],[-97.65579,30.33409],[-97.65582,30.33395],[-97.65585,30.33357],[-97.65584,30.33337],[-97.6558,30.33316],[-97.6563,30.33333],[-97.65637,30.33335],[-97.65656,30.33304],[-97.65661,30.33296],[-97.65664,30.33298],[-97.65671,30.33302],[-97.65674,30.33303],[-97.65687,30.33284],[-97.6569,30.33279],[-97.65676,30.33273],[-97.65681,30.33265],[-97.6569,30.3325],[-97.65676,30.33246],[-97.65643,30.33234],[-97.65639,30.33233],[-97.65574,30.3321],[-97.65554,30.33203],[-97.65549,30.33194],[-97.65496,30.33117],[-97.65438,30.33026],[-97.65457,30.32972],[-97.65437,30.32972],[-97.65372,30.32976],[-97.65347,30.32977],[-97.65208,30.32986],[-97.65167,30.32989],[-97.65154,30.3299],[-97.6508,30.32995],[-97.64982,30.33002],[-97.64962,30.33004],[-97.64949,30.33005],[-97.64913,30.33007],[-97.64879,30.33009],[-97.64839,30.33012],[-97.64777,30.33017],[-97.64739,30.33019],[-97.64689,30.33023],[-97.64663,30.33024],[-97.64634,30.33027],[-97.64551,30.33032],[-97.6453,30.33034],[-97.64505,30.33036],[-97.64444,30.3304],[-97.64408,30.33043],[-97.643,30.3305],[-97.63467,30.3311],[-97.63312,30.33121],[-97.63293,30.33123],[-97.63138,30.33133],[-97.63064,30.33138],[-97.63029,30.3314],[-97.63025,30.33141],[-97.62984,30.33143],[-97.62977,30.33144],[-97.62964,30.33144],[-97.62959,30.33145],[-97.62951,30.33145],[-97.62897,30.33148],[-97.62889,30.3316],[-97.62865,30.33198],[-97.62864,30.332],[-97.62861,30.33204],[-97.62848,30.33224],[-97.62832,30.33249],[-97.62768,30.33348],[-97.62745,30.33383],[-97.62606,30.33319],[-97.62594,30.33313],[-97.62551,30.33293],[-97.62574,30.33257],[-97.62622,30.33185],[-97.62628,30.33176],[-97.6263,30.33172],[-97.62636,30.33163],[-97.62562,30.33167],[-97.62527,30.33169],[-97.62419,30.33177],[-97.62398,30.33208],[-97.62379,30.33237],[-97.62311,30.33344],[-97.62291,30.33374],[-97.62279,30.33393],[-97.62263,30.33419],[-97.62259,30.33426],[-97.62191,30.33531],[-97.62164,30.33572],[-97.6212,30.33642],[-97.61708,30.34281],[-97.61675,30.34333],[-97.61662,30.34355],[-97.61748,30.34395],[-97.62067,30.34544],[-97.6231,30.34657],[-97.62314,30.34659],[-97.6236,30.34681],[-97.6224,30.34864],[-97.6208,30.35109],[-97.61912,30.35367],[-97.62022,30.35419],[-97.62289,30.35545],[-97.62146,30.35768],[-97.62143,30.35773],[-97.62139,30.3578],[-97.6213,30.35794],[-97.62127,30.35798],[-97.62103,30.35836],[-97.62069,30.35889],[-97.62027,30.35954],[-97.61988,30.36014],[-97.61867,30.36204],[-97.61866,30.36204],[-97.61836,30.3619],[-97.61835,30.36191],[-97.61804,30.3624],[-97.61802,30.36244],[-97.61797,30.36252],[-97.61844,30.36298],[-97.61882,30.36271],[-97.61883,30.3627],[-97.62111,30.36491],[-97.6212,30.36501],[-97.62129,30.36499],[-97.62408,30.36452],[-97.6247,30.36425],[-97.6261,30.36348],[-97.62738,30.36289],[-97.62804,30.36285],[-97.62852,30.36291],[-97.62836,30.3631],[-97.62834,30.36312],[-97.62776,30.36369],[-97.62723,30.36419],[-97.6272,30.36422],[-97.62714,30.36428],[-97.62701,30.36442],[-97.62674,30.36471],[-97.6267,30.36475],[-97.6266,30.36484],[-97.62654,30.3649],[-97.62649,30.36494],[-97.62633,30.3651],[-97.62631,30.36512],[-97.6263,30.36513],[-97.62618,30.36527],[-97.62613,30.36534],[-97.62598,30.36554],[-97.62595,30.36557],[-97.62577,30.36576],[-97.62565,30.36589],[-97.62563,30.36591],[-97.62519,30.36642],[-97.62501,30.36662],[-97.62488,30.36677],[-97.62473,30.36696],[-97.62437,30.36739],[-97.62423,30.36759],[-97.62411,30.36772],[-97.62403,30.36782],[-97.62399,30.36786],[-97.62373,30.36818],[-97.62325,30.36876],[-97.62304,30.36903],[-97.62286,30.36926],[-97.62278,30.36936],[-97.62192,30.37048],[-97.62182,30.37062],[-97.62166,30.37082],[-97.62119,30.37144],[-97.61828,30.3752],[-97.61779,30.37583],[-97.61684,30.37539],[-97.61601,30.375],[-97.61521,30.37463],[-97.61446,30.37429],[-97.61444,30.37431],[-97.6142,30.37467],[-97.61419,30.37468],[-97.61417,30.37472],[-97.61431,30.37542],[-97.61437,30.37556],[-97.61443,30.3757],[-97.61357,30.37702],[-97.61093,30.37581],[-97.60928,30.37838],[-97.60919,30.37853],[-97.60915,30.37859],[-97.60853,30.37955],[-97.60799,30.38039],[-97.60778,30.38073],[-97.60758,30.38104],[-97.60709,30.38177],[-97.60706,30.38182],[-97.60678,30.38167],[-97.60634,30.38145],[-97.60616,30.38133],[-97.60569,30.38102],[-97.60572,30.38096],[-97.60573,30.38094],[-97.60575,30.38091],[-97.6056,30.38084],[-97.60526,30.38068],[-97.60511,30.38061],[-97.60492,30.38052],[-97.60435,30.38026],[-97.60254,30.37937],[-97.60024,30.37826],[-97.60013,30.3782],[-97.59983,30.37806],[-97.59889,30.37761],[-97.59763,30.377],[-97.59764,30.37698],[-97.59767,30.37692],[-97.59768,30.37691],[-97.59769,30.37688],[-97.59726,30.37667],[-97.59701,30.37655],[-97.59622,30.37617],[-97.59614,30.37613],[-97.596,30.37607],[-97.59356,30.37489],[-97.59266,30.37444],[-97.59252,30.37437],[-97.59249,30.37436],[-97.59235,30.37429],[-97.59319,30.373],[-97.59328,30.37287],[-97.5952,30.36991],[-97.59568,30.36917],[-97.59622,30.36833],[-97.59649,30.36792],[-97.59779,30.36593],[-97.59784,30.36596],[-97.60011,30.36704],[-97.60223,30.36806],[-97.60272,30.36829],[-97.60314,30.36848],[-97.60375,30.36756],[-97.60471,30.36609],[-97.60489,30.36581],[-97.60499,30.36566],[-97.60513,30.36545],[-97.60521,30.36531],[-97.60578,30.36443],[-97.60688,30.36467],[-97.60801,30.36491],[-97.60805,30.36483],[-97.60888,30.36354],[-97.60899,30.36337],[-97.60925,30.36296],[-97.60927,30.36293],[-97.60873,30.36268],[-97.60732,30.36205],[-97.60735,30.362],[-97.60736,30.36198],[-97.60764,30.36156],[-97.60771,30.36145],[-97.60841,30.36037],[-97.60845,30.36032],[-97.60846,30.36029],[-97.60928,30.35904],[-97.6098,30.35824],[-97.60977,30.35822],[-97.60912,30.3579],[-97.60846,30.35758],[-97.60828,30.35749],[-97.60811,30.35741],[-97.60803,30.35737],[-97.60794,30.35733],[-97.60752,30.35713],[-97.60747,30.3571],[-97.60744,30.35709],[-97.6074,30.35707],[-97.60734,30.35704],[-97.60728,30.35702],[-97.60727,30.35703],[-97.60703,30.35743],[-97.60626,30.35865],[-97.60623,30.3588],[-97.60621,30.35897],[-97.6062,30.35915],[-97.6062,30.35944],[-97.60615,30.35932],[-97.60606,30.35919],[-97.60589,30.35899],[-97.60537,30.35873],[-97.6031,30.35766],[-97.60038,30.35624],[-97.60019,30.35614],[-97.59921,30.35563],[-97.59873,30.35532],[-97.59831,30.35511],[-97.59803,30.35496],[-97.59805,30.35494],[-97.59807,30.3549],[-97.59863,30.35403],[-97.59952,30.35266],[-97.60017,30.35164],[-97.60129,30.3499],[-97.60227,30.34837],[-97.60149,30.34799],[-97.59999,30.34727],[-97.59886,30.34668],[-97.59863,30.34657],[-97.59778,30.34616],[-97.59704,30.34729],[-97.59681,30.34765],[-97.59425,30.35159],[-97.59357,30.35263],[-97.59356,30.35265],[-97.59355,30.35267],[-97.59354,30.35268],[-97.5935,30.35267],[-97.59348,30.35266],[-97.59345,30.35265],[-97.59344,30.35262],[-97.59343,30.35259],[-97.59341,30.35254],[-97.5934,30.35252],[-97.59371,30.35205],[-97.59371,30.35203],[-97.59376,30.35195],[-97.5938,30.35189],[-97.59382,30.35186],[-97.59387,30.35177],[-97.59392,30.35168],[-97.59393,30.35167],[-97.59398,30.35158],[-97.59403,30.35148],[-97.59408,30.35139],[-97.59413,30.35129],[-97.59418,30.35119],[-97.5942,30.35115],[-97.59423,30.3511],[-97.59427,30.351],[-97.59431,30.3509],[-97.59436,30.3508],[-97.5944,30.3507],[-97.59444,30.3506],[-97.59448,30.3505],[-97.59451,30.3504],[-97.59455,30.3503],[-97.59459,30.3502],[-97.5946,30.35015],[-97.59462,30.3501],[-97.59465,30.35],[-97.59467,30.34995],[-97.59468,30.3499],[-97.59471,30.3498],[-97.59473,30.34974],[-97.59474,30.34969],[-97.59477,30.34959],[-97.59479,30.34949],[-97.59482,30.34938],[-97.59484,30.34928],[-97.59485,30.34924],[-97.59486,30.34918],[-97.59488,30.34907],[-97.59489,30.34901],[-97.5949,30.34897],[-97.59492,30.34887],[-97.59493,30.34876],[-97.59495,30.34866],[-97.59496,30.34856],[-97.59497,30.34846],[-97.59498,30.34836],[-97.59498,30.34834],[-97.59499,30.34826],[-97.595,30.34816],[-97.59501,30.34806],[-97.59501,30.34797],[-97.59501,30.34796],[-97.59501,30.34791],[-97.59502,30.34781],[-97.59502,30.34771],[-97.59502,30.34761],[-97.59501,30.34751],[-97.59501,30.34742],[-97.59501,30.34732],[-97.595,30.34722],[-97.59499,30.34712],[-97.59498,30.34702],[-97.59498,30.34698],[-97.59497,30.34692],[-97.59497,30.34687],[-97.59496,30.34682],[-97.59495,30.34673],[-97.59494,30.34663],[-97.59492,30.34653],[-97.59491,30.34643],[-97.5949,30.34638],[-97.59489,30.34633],[-97.59487,30.34624],[-97.59485,30.34614],[-97.59484,30.34607],[-97.59483,30.34604],[-97.59481,30.34595],[-97.59497,30.34569],[-97.5954,30.345],[-97.5946,30.34461],[-97.59439,30.34451],[-97.59415,30.34439],[-97.59384,30.34424],[-97.59338,30.34402],[-97.59327,30.34396],[-97.59312,30.34388],[-97.59308,30.34386],[-97.59303,30.34395],[-97.59277,30.34434],[-97.59263,30.34456],[-97.59245,30.34483],[-97.59221,30.34522],[-97.592,30.34554],[-97.59194,30.34563],[-97.59121,30.34677],[-97.59107,30.34699],[-97.58933,30.34967],[-97.58928,30.34975],[-97.58921,30.34987],[-97.58905,30.35012],[-97.58903,30.35015],[-97.5888,30.35052],[-97.58879,30.35053],[-97.58868,30.3507],[-97.58855,30.35092],[-97.58849,30.35101],[-97.58846,30.35106],[-97.58805,30.35088],[-97.58786,30.35079],[-97.58761,30.35068],[-97.58685,30.35034],[-97.58659,30.35021],[-97.58656,30.35019],[-97.58635,30.35006],[-97.58626,30.35],[-97.58426,30.34838],[-97.58362,30.34785],[-97.5836,30.34784],[-97.58358,30.34782],[-97.58273,30.34713],[-97.58212,30.34663],[-97.58164,30.34624],[-97.58144,30.34607],[-97.58143,30.34607],[-97.5814,30.34604],[-97.58134,30.34598],[-97.58133,30.34597],[-97.58125,30.34588],[-97.58121,30.34583],[-97.58119,30.3458],[-97.58113,30.34573],[-97.58103,30.34561],[-97.58074,30.34526],[-97.58045,30.34489],[-97.58032,30.34474],[-97.58018,30.34457],[-97.58005,30.34441],[-97.57997,30.34432],[-97.57983,30.34414],[-97.57976,30.34406],[-97.57987,30.34402],[-97.58005,30.34397],[-97.58009,30.34395],[-97.57964,30.34284],[-97.57949,30.34255],[-97.57905,30.34167],[-97.57847,30.34184],[-97.57817,30.34192],[-97.57786,30.34199],[-97.57749,30.34203],[-97.57683,30.34208],[-97.57657,30.3421],[-97.57657,30.34198],[-97.57657,30.34195],[-97.57656,30.3419],[-97.57654,30.34173],[-97.5765,30.34154],[-97.57593,30.34166],[-97.57554,30.34169],[-97.57524,30.34171],[-97.57528,30.34166],[-97.57685,30.33911],[-97.57148,30.33655],[-97.57064,30.33615],[-97.56926,30.33548],[-97.56892,30.33513],[-97.56874,30.33469],[-97.56836,30.33419],[-97.56811,30.33386],[-97.56784,30.33352],[-97.56762,30.33325],[-97.56752,30.33313],[-97.56736,30.33296],[-97.5669,30.33258],[-97.56665,30.3324],[-97.56598,30.33197],[-97.56575,30.33184],[-97.56559,30.33175],[-97.56501,30.33145],[-97.56434,30.33113],[-97.5636,30.33085],[-97.56315,30.33072],[-97.56196,30.33048],[-97.56146,30.3304],[-97.56128,30.33037],[-97.56116,30.33035],[-97.56075,30.33028],[-97.56038,30.3302],[-97.56051,30.32968],[-97.56056,30.32907],[-97.56064,30.32841],[-97.56077,30.32736],[-97.56079,30.32715],[-97.5609,30.32627],[-97.56127,30.3231],[-97.56149,30.32245],[-97.5615,30.32242],[-97.5615,30.3224],[-97.56196,30.32108],[-97.56207,30.32077],[-97.56233,30.31958],[-97.56285,30.31726],[-97.56304,30.31639],[-97.56312,30.31598],[-97.56318,30.31554],[-97.56331,30.31473],[-97.56338,30.3144],[-97.56352,30.31448],[-97.5642,30.31484],[-97.56573,30.31564],[-97.56608,30.31514],[-97.56669,30.31429],[-97.56742,30.31319],[-97.56807,30.31223],[-97.56924,30.31049],[-97.56975,30.30966],[-97.56998,30.30928],[-97.57008,30.30911],[-97.57019,30.30893],[-97.57036,30.30865],[-97.57041,30.30857],[-97.57133,30.30705],[-97.57151,30.30778],[-97.57201,30.30702],[-97.57293,30.30559],[-97.57573,30.30127],[-97.57579,30.30118],[-97.57311,30.29988],[-97.57298,30.29982],[-97.57248,30.29958],[-97.57247,30.29957],[-97.57238,30.29953],[-97.57233,30.29951],[-97.57234,30.29948],[-97.57235,30.29947],[-97.5724,30.29938],[-97.57253,30.29915],[-97.57389,30.29692],[-97.57391,30.29689],[-97.57393,30.29685],[-97.57395,30.29682],[-97.57402,30.2967],[-97.57411,30.29656],[-97.57429,30.29624],[-97.57904,30.28846],[-97.58353,30.28856],[-97.58359,30.28856],[-97.5844,30.28858],[-97.58501,30.28858],[-97.58633,30.28861],[-97.58754,30.28863],[-97.5879,30.28862],[-97.58829,30.28859],[-97.5886,30.28855],[-97.58888,30.28849],[-97.589,30.28847],[-97.59047,30.28783],[-97.59126,30.28722],[-97.59256,30.28632],[-97.59289,30.28607],[-97.59318,30.28583],[-97.59339,30.28564],[-97.59363,30.28541],[-97.59388,30.28516],[-97.59411,30.2849],[-97.59433,30.28463],[-97.59483,30.28388],[-97.59585,30.28226],[-97.59596,30.28209],[-97.59583,30.28201],[-97.59414,30.28097],[-97.59195,30.27911],[-97.59129,30.27856],[-97.59104,30.27835],[-97.59097,30.27829],[-97.59084,30.27812],[-97.59112,30.27768],[-97.59126,30.27747],[-97.59149,30.27711],[-97.59189,30.27746],[-97.59251,30.27799],[-97.59478,30.27997],[-97.59516,30.27937],[-97.59537,30.27903],[-97.59464,30.27866],[-97.59359,30.27814],[-97.59267,30.27768],[-97.59249,30.27759],[-97.59299,30.27681],[-97.59197,30.27635],[-97.59409,30.27296],[-97.59415,30.27287],[-97.59423,30.27276],[-97.59594,30.27006],[-97.59709,30.26821],[-97.59774,30.2672],[-97.59815,30.26657],[-97.59838,30.26621],[-97.59861,30.26585],[-97.59882,30.26552],[-97.59885,30.26548],[-97.6047,30.26835],[-97.60232,30.27213],[-97.60194,30.27276],[-97.60114,30.27412],[-97.60019,30.27552],[-97.59997,30.27588],[-97.60129,30.27626],[-97.60133,30.27619],[-97.60134,30.27617],[-97.60171,30.27557],[-97.60259,30.27601],[-97.60265,30.27604],[-97.60274,30.27609],[-97.6029,30.27616],[-97.6041,30.27424],[-97.60425,30.274],[-97.60433,30.27388],[-97.60439,30.27391],[-97.60442,30.27393],[-97.60445,30.27394],[-97.60471,30.27407],[-97.60473,30.27408],[-97.60551,30.27446],[-97.60547,30.27453],[-97.60499,30.27533],[-97.60445,30.27622],[-97.60427,30.27654],[-97.60386,30.27724],[-97.6062,30.27838],[-97.60946,30.27996],[-97.61006,30.28025],[-97.60916,30.28163],[-97.6128,30.28256],[-97.61387,30.28283],[-97.6146,30.2833],[-97.61499,30.28352],[-97.61559,30.2838],[-97.61837,30.28511],[-97.62137,30.28657],[-97.62216,30.28695],[-97.62227,30.287],[-97.6222,30.28712],[-97.62173,30.28785],[-97.62132,30.2885],[-97.62098,30.28903],[-97.62055,30.2897],[-97.62017,30.29029],[-97.61973,30.29098],[-97.62123,30.29171],[-97.62316,30.29262],[-97.62331,30.2927],[-97.6234,30.29274],[-97.62348,30.29263],[-97.62423,30.29154],[-97.62437,30.29134],[-97.62442,30.29126],[-97.62455,30.29106],[-97.6247,30.29083],[-97.62485,30.29061],[-97.6253,30.28993],[-97.62555,30.28941],[-97.62611,30.28853],[-97.62876,30.28971],[-97.62891,30.28979],[-97.62897,30.28966],[-97.62922,30.28929],[-97.63237,30.2908],[-97.63245,30.29084],[-97.63262,30.29061],[-97.63267,30.29054],[-97.63276,30.29043],[-97.6334,30.29075],[-97.63444,30.29127],[-97.63715,30.28794],[-97.63806,30.28681],[-97.63854,30.28622],[-97.63902,30.28563],[-97.6395,30.28504],[-97.63999,30.28444],[-97.64021,30.28416],[-97.64015,30.28413],[-97.64004,30.28408],[-97.64001,30.28406],[-97.63993,30.28403],[-97.63983,30.28399],[-97.63973,30.28394],[-97.63966,30.2839],[-97.63963,30.28389],[-97.6396,30.28388],[-97.63952,30.28384],[-97.63947,30.28382],[-97.63945,30.2838],[-97.63941,30.28379],[-97.63935,30.28376],[-97.63932,30.28375],[-97.63927,30.28372],[-97.63922,30.2837],[-97.6392,30.28369],[-97.63916,30.28367],[-97.63912,30.28366],[-97.63909,30.28364],[-97.63899,30.28359],[-97.63888,30.28354],[-97.63883,30.28352],[-97.63882,30.28351],[-97.63877,30.28349],[-97.63867,30.28344],[-97.63859,30.28341],[-97.63856,30.28339],[-97.63845,30.28334],[-97.63817,30.28321],[-97.63811,30.28318],[-97.63578,30.28204],[-97.63453,30.28146],[-97.63433,30.28137],[-97.63435,30.28134],[-97.63489,30.28051],[-97.63574,30.27921],[-97.63596,30.27886],[-97.6358,30.27874],[-97.6356,30.27865],[-97.63362,30.27771],[-97.63316,30.2775],[-97.63307,30.27746],[-97.63297,30.27761],[-97.63287,30.27778],[-97.63276,30.27795],[-97.63268,30.27807],[-97.63254,30.2783],[-97.63245,30.27844],[-97.63225,30.27876],[-97.63191,30.2793],[-97.63177,30.27952],[-97.63131,30.28025],[-97.63111,30.28056],[-97.63106,30.28064],[-97.63098,30.28077],[-97.63096,30.28079],[-97.6309,30.28088],[-97.63085,30.28096],[-97.63085,30.28097],[-97.63082,30.28103],[-97.63077,30.28111],[-97.63068,30.28127],[-97.63048,30.28158],[-97.63042,30.28169],[-97.63024,30.28197],[-97.63017,30.28209],[-97.62971,30.28284],[-97.62956,30.28308],[-97.62915,30.28374],[-97.62896,30.28404],[-97.62866,30.28452],[-97.62841,30.28491],[-97.62813,30.28479],[-97.62761,30.28454],[-97.62677,30.28415],[-97.62586,30.28372],[-97.62591,30.28363],[-97.62728,30.28146],[-97.62762,30.28092],[-97.62652,30.28039],[-97.6264,30.28034],[-97.62593,30.28012],[-97.62507,30.27972],[-97.62503,30.27978],[-97.62253,30.27861],[-97.62248,30.27858],[-97.62249,30.27857],[-97.62251,30.27854],[-97.62253,30.2785],[-97.62257,30.27845],[-97.62262,30.27837],[-97.62267,30.27829],[-97.6227,30.27824],[-97.62273,30.2782],[-97.62275,30.27816],[-97.62278,30.27811],[-97.62285,30.27801],[-97.62296,30.27783],[-97.62298,30.27779],[-97.62302,30.27773],[-97.62306,30.27767],[-97.62312,30.27757],[-97.62322,30.27741],[-97.62346,30.27704],[-97.6235,30.27698],[-97.62365,30.27675],[-97.62377,30.27655],[-97.62379,30.27653],[-97.62393,30.2763],[-97.62397,30.27624],[-97.62401,30.27626],[-97.62424,30.27637],[-97.6249,30.27668],[-97.62664,30.27751],[-97.627,30.27768],[-97.6278,30.27806],[-97.62782,30.27802],[-97.62784,30.278],[-97.62785,30.27799],[-97.62786,30.27797],[-97.628,30.27778],[-97.62887,30.27637],[-97.62912,30.27597],[-97.63003,30.27455],[-97.63064,30.27357],[-97.6309,30.27314],[-97.63108,30.27285],[-97.63181,30.2717],[-97.63194,30.2715],[-97.63195,30.27147],[-97.63201,30.2714],[-97.63163,30.27127],[-97.63127,30.27114],[-97.63114,30.27109],[-97.63056,30.27089],[-97.62984,30.27064],[-97.6289,30.27017],[-97.62879,30.27012],[-97.62832,30.26989],[-97.62736,30.26921],[-97.62667,30.26872],[-97.6269,30.26835],[-97.62746,30.26751],[-97.62845,30.26597],[-97.6285,30.26589],[-97.62855,30.26581],[-97.62865,30.26565],[-97.62873,30.26553],[-97.62886,30.26532],[-97.62891,30.26524],[-97.62899,30.26511],[-97.62905,30.26502],[-97.62913,30.26489],[-97.62927,30.26467],[-97.62932,30.2646],[-97.62934,30.26456],[-97.62941,30.26445],[-97.62947,30.26435],[-97.62951,30.26429],[-97.62978,30.26386],[-97.62985,30.26375],[-97.63009,30.26336],[-97.63014,30.26328],[-97.63015,30.26327],[-97.63049,30.26274],[-97.63057,30.26261],[-97.63063,30.26245],[-97.63063,30.26235],[-97.63078,30.26193],[-97.63087,30.26182],[-97.63092,30.26174],[-97.63108,30.2615],[-97.63122,30.26128],[-97.63125,30.26125],[-97.63144,30.26098],[-97.63148,30.26092],[-97.63152,30.26086],[-97.63154,30.26083],[-97.63161,30.26074],[-97.63163,30.26071],[-97.6317,30.26061],[-97.63175,30.26054],[-97.63179,30.26047],[-97.63183,30.26042],[-97.63187,30.26037],[-97.63203,30.26014],[-97.63209,30.26006],[-97.6322,30.2599],[-97.63223,30.25985],[-97.63226,30.25981],[-97.63236,30.25967],[-97.63253,30.25942],[-97.6327,30.25919],[-97.63286,30.25896],[-97.63303,30.25872],[-97.63308,30.25865],[-97.63319,30.25848],[-97.63322,30.25844],[-97.63334,30.25827],[-97.63336,30.25825],[-97.63337,30.25823],[-97.6335,30.25804],[-97.63352,30.25802],[-97.63356,30.25796],[-97.63367,30.25781],[-97.63372,30.25773],[-97.63376,30.25767],[-97.63381,30.25759],[-97.63405,30.25726],[-97.63406,30.25723],[-97.63413,30.25714],[-97.63442,30.25667],[-97.63526,30.25696],[-97.63895,30.25795],[-97.63945,30.25823],[-97.63972,30.25858],[-97.63986,30.25896],[-97.64003,30.25995],[-97.64081,30.26241],[-97.64142,30.26338],[-97.64159,30.26337],[-97.64171,30.26334],[-97.64184,30.2633],[-97.64193,30.26326],[-97.64202,30.26321],[-97.64212,30.26314],[-97.64231,30.26298],[-97.64234,30.26294],[-97.64242,30.26288],[-97.64254,30.2629],[-97.64257,30.2629],[-97.64269,30.26293],[-97.64291,30.26297],[-97.64299,30.26297],[-97.64301,30.26296],[-97.64312,30.26295],[-97.64319,30.26296],[-97.64321,30.26297],[-97.64325,30.263],[-97.64327,30.26304],[-97.64329,30.26306],[-97.64334,30.26309],[-97.64345,30.26312],[-97.64347,30.26313],[-97.64355,30.26317],[-97.64368,30.26323],[-97.64405,30.26331],[-97.64437,30.26338],[-97.64454,30.26341],[-97.6446,30.26341],[-97.64466,30.26342],[-97.64478,30.26344],[-97.64493,30.26346],[-97.64499,30.26346],[-97.64502,30.26346],[-97.64505,30.26347],[-97.64515,30.26348],[-97.64537,30.2635],[-97.64557,30.26352],[-97.64567,30.26354],[-97.6457,30.26355],[-97.64577,30.26357],[-97.64604,30.26359],[-97.64611,30.26358],[-97.64632,30.26356],[-97.64646,30.26353],[-97.64668,30.26352],[-97.64672,30.2635],[-97.64687,30.26346],[-97.64711,30.26339],[-97.64738,30.26334],[-97.64743,30.26334],[-97.64749,30.26335],[-97.64758,30.26339],[-97.64761,30.26338],[-97.64762,30.26337],[-97.64764,30.26332],[-97.6477,30.26328],[-97.64776,30.26327],[-97.64779,30.26326],[-97.6478,30.26324],[-97.64779,30.26322],[-97.64779,30.26318],[-97.64781,30.26316],[-97.64786,30.26314],[-97.64791,30.26313],[-97.64797,30.26314],[-97.648,30.26316],[-97.64803,30.26317],[-97.64809,30.26315],[-97.64812,30.26314],[-97.64816,30.26314],[-97.64819,30.26315],[-97.64822,30.26315],[-97.64832,30.26312],[-97.64839,30.26312],[-97.64844,30.26313],[-97.64849,30.26309],[-97.64857,30.26308],[-97.64863,30.26308],[-97.64869,30.2631],[-97.64872,30.2631],[-97.64879,30.2631],[-97.64881,30.2631],[-97.64909,30.26304],[-97.64934,30.263],[-97.64941,30.26302],[-97.64944,30.26305],[-97.64948,30.26306],[-97.64955,30.26305],[-97.6496,30.26307],[-97.64963,30.26306],[-97.64967,30.26305],[-97.64971,30.26302],[-97.64978,30.263],[-97.64983,30.26299],[-97.64985,30.263],[-97.64989,30.263],[-97.64993,30.263],[-97.65007,30.26297],[-97.65008,30.26295],[-97.65008,30.26293],[-97.65009,30.2629],[-97.65011,30.26288],[-97.65016,30.26287],[-97.65026,30.26287],[-97.65039,30.2629],[-97.65042,30.26291],[-97.65047,30.2629],[-97.65056,30.26288],[-97.65068,30.26286],[-97.65087,30.26285],[-97.65099,30.26286],[-97.65116,30.26285],[-97.65134,30.26285],[-97.65143,30.26285],[-97.65144,30.26286],[-97.65145,30.26287],[-97.65146,30.26287],[-97.65148,30.26287],[-97.65149,30.26288],[-97.6515,30.26288],[-97.65151,30.26288],[-97.65152,30.26289],[-97.65154,30.26289],[-97.65156,30.26289],[-97.65157,30.2629],[-97.65159,30.2629],[-97.6516,30.2629],[-97.65163,30.2629],[-97.65164,30.2629],[-97.65165,30.2629],[-97.65167,30.2629],[-97.65168,30.2629],[-97.65169,30.2629],[-97.65171,30.2629],[-97.65173,30.26289],[-97.65175,30.26289],[-97.65177,30.26289],[-97.65179,30.26288],[-97.65181,30.26288],[-97.65183,30.26288],[-97.65184,30.26288],[-97.65186,30.26287],[-97.65187,30.26287],[-97.65189,30.26287],[-97.6519,30.26287],[-97.65192,30.26286],[-97.65194,30.26286],[-97.65195,30.26285],[-97.65197,30.26285],[-97.65198,30.26285],[-97.65199,30.26285],[-97.652,30.26285],[-97.65204,30.26285],[-97.65207,30.26285],[-97.65209,30.26285],[-97.65211,30.26285],[-97.65213,30.26285],[-97.65215,30.26285],[-97.65216,30.26285],[-97.65217,30.26285],[-97.65219,30.26285],[-97.6522,30.26285],[-97.65221,30.26285],[-97.65223,30.26286],[-97.65224,30.26286],[-97.65225,30.26286],[-97.65227,30.26286],[-97.65229,30.26286],[-97.6523,30.26286],[-97.65232,30.26287],[-97.65233,30.26287],[-97.65235,30.26287],[-97.65236,30.26287],[-97.65237,30.26287],[-97.65239,30.26287],[-97.6524,30.26286],[-97.65241,30.26286],[-97.65243,30.26286],[-97.65245,30.26285],[-97.65246,30.26285],[-97.65248,30.26284],[-97.65249,30.26284],[-97.65252,30.26283],[-97.65254,30.26283],[-97.65255,30.26283],[-97.65257,30.26283],[-97.6526,30.26283],[-97.65262,30.26283],[-97.65264,30.26283],[-97.65265,30.26283],[-97.65267,30.26283],[-97.65268,30.26283],[-97.6527,30.26282],[-97.6527,30.26281],[-97.6527,30.2628],[-97.6527,30.26279],[-97.6527,30.26275],[-97.6527,30.26274],[-97.6527,30.26273],[-97.6527,30.26272],[-97.6527,30.2627],[-97.6527,30.26269],[-97.6527,30.26268],[-97.65271,30.26267],[-97.65272,30.26267],[-97.65273,30.26266],[-97.65274,30.26266],[-97.65276,30.26266],[-97.65278,30.26265],[-97.65279,30.26265],[-97.65281,30.26265],[-97.65283,30.26265],[-97.65284,30.26265],[-97.65287,30.26265],[-97.65288,30.26265],[-97.6529,30.26264],[-97.65292,30.26264],[-97.65294,30.26264],[-97.65295,30.26264],[-97.65298,30.26264],[-97.65299,30.26263],[-97.653,30.26263],[-97.65303,30.26263],[-97.65305,30.26262],[-97.65307,30.26262],[-97.65309,30.26261],[-97.65312,30.26261],[-97.65313,30.2626],[-97.65315,30.2626],[-97.65317,30.2626],[-97.65319,30.2626],[-97.65321,30.2626],[-97.65323,30.26261],[-97.65325,30.26261],[-97.65326,30.26261],[-97.65329,30.26261],[-97.6533,30.26261],[-97.65333,30.2626],[-97.65335,30.2626],[-97.65336,30.2626],[-97.65338,30.2626],[-97.65339,30.2626],[-97.6534,30.2626],[-97.65342,30.26259],[-97.65344,30.2626],[-97.65346,30.2626],[-97.65348,30.26261],[-97.65349,30.26261],[-97.6535,30.26261],[-97.65352,30.26261],[-97.65353,30.26261],[-97.65355,30.26261],[-97.65357,30.26261],[-97.65358,30.26261],[-97.6536,30.26261],[-97.65362,30.26261],[-97.65363,30.26261],[-97.65365,30.26261],[-97.65366,30.26261],[-97.65368,30.26261],[-97.65369,30.26261],[-97.65372,30.26261],[-97.65373,30.26261],[-97.65375,30.26261],[-97.65377,30.26261],[-97.6538,30.26261],[-97.65381,30.26261],[-97.65382,30.26261],[-97.65384,30.26261],[-97.65385,30.26261],[-97.65388,30.26261],[-97.65389,30.26261],[-97.65391,30.26261],[-97.65392,30.26261],[-97.65394,30.26262],[-97.65395,30.26262],[-97.65397,30.26262],[-97.65399,30.26262],[-97.65402,30.26261],[-97.65404,30.26261],[-97.65405,30.26261],[-97.65407,30.26261],[-97.65408,30.26261],[-97.65409,30.26261],[-97.65411,30.26261],[-97.65413,30.26261],[-97.65415,30.26261],[-97.65417,30.26261],[-97.65419,30.26261],[-97.6542,30.26261],[-97.65422,30.26261],[-97.65424,30.26261],[-97.65426,30.26261],[-97.65427,30.26262],[-97.65428,30.26262],[-97.6543,30.26262],[-97.65431,30.26262],[-97.65433,30.26262],[-97.65434,30.26262],[-97.65437,30.26262],[-97.65438,30.26263],[-97.65439,30.26263],[-97.65439,30.26265],[-97.65438,30.26265],[-97.65436,30.26266],[-97.65435,30.26266],[-97.65436,30.26268],[-97.65438,30.26268],[-97.6544,30.26268],[-97.65442,30.26268],[-97.65444,30.26268],[-97.65446,30.26267],[-97.65447,30.26267],[-97.65449,30.26266],[-97.65451,30.26266],[-97.65454,30.26265],[-97.65456,30.26265],[-97.65458,30.26266],[-97.65459,30.26267],[-97.6546,30.26268],[-97.65461,30.2627],[-97.65462,30.26271],[-97.65463,30.26272],[-97.65464,30.26272],[-97.65465,30.26273],[-97.65467,30.26273],[-97.65469,30.26272],[-97.65471,30.26272],[-97.65474,30.26272],[-97.65477,30.26271],[-97.65479,30.26271],[-97.65481,30.26271],[-97.65483,30.26271],[-97.65485,30.26271],[-97.65487,30.26271],[-97.65489,30.26271],[-97.65491,30.26271],[-97.65492,30.26272],[-97.65495,30.26272],[-97.65496,30.26272],[-97.65497,30.26272],[-97.65499,30.26272],[-97.65501,30.26272],[-97.65504,30.26272],[-97.65506,30.26272],[-97.65507,30.26272],[-97.65509,30.26272],[-97.65511,30.26271],[-97.65513,30.26271],[-97.65516,30.26271],[-97.65518,30.26272],[-97.65519,30.26272],[-97.65522,30.26272],[-97.65523,30.26273],[-97.65526,30.26273],[-97.65528,30.26273],[-97.6553,30.26273],[-97.65532,30.26273],[-97.65533,30.26274],[-97.65535,30.26275],[-97.65536,30.26276],[-97.65537,30.26276],[-97.65539,30.26277],[-97.65543,30.26277],[-97.65547,30.26277],[-97.65549,30.26277],[-97.6555,30.26277],[-97.65552,30.26277],[-97.65553,30.26277],[-97.65554,30.26277],[-97.65556,30.26277],[-97.65557,30.26277],[-97.65559,30.26276],[-97.6556,30.26276],[-97.65561,30.26275],[-97.65562,30.26274],[-97.65563,30.26272],[-97.65564,30.26271],[-97.65565,30.2627],[-97.65567,30.2627],[-97.65569,30.26269],[-97.65572,30.26269],[-97.65573,30.26269],[-97.65574,30.2627],[-97.65575,30.26271],[-97.65576,30.26272],[-97.65577,30.26273],[-97.65578,30.26274],[-97.65579,30.26275],[-97.6558,30.26276],[-97.65581,30.26277],[-97.65582,30.26277],[-97.65584,30.26277],[-97.65585,30.26277],[-97.65587,30.26277],[-97.65588,30.26277],[-97.6559,30.26278],[-97.65591,30.26278],[-97.65592,30.26278],[-97.65595,30.26277],[-97.65597,30.26277],[-97.65599,30.26277],[-97.65601,30.26277],[-97.65602,30.26277],[-97.65603,30.26276],[-97.65605,30.26276],[-97.65607,30.26276],[-97.65608,30.26276],[-97.6561,30.26276],[-97.65612,30.26276],[-97.65613,30.26276],[-97.65615,30.26276],[-97.65617,30.26276],[-97.65618,30.26276],[-97.65619,30.26275],[-97.6562,30.26275],[-97.65623,30.26275],[-97.65625,30.26275],[-97.65627,30.26275],[-97.65628,30.26276],[-97.6563,30.26276],[-97.65632,30.26276],[-97.65634,30.26276],[-97.65635,30.26277],[-97.65636,30.26277],[-97.65638,30.26277],[-97.65639,30.26277],[-97.65641,30.26277],[-97.65642,30.26277],[-97.65644,30.26277],[-97.65645,30.26277],[-97.65647,30.26277],[-97.65649,30.26277],[-97.6565,30.26277],[-97.65651,30.26277],[-97.65653,30.26277],[-97.65655,30.26278],[-97.65657,30.26278],[-97.65659,30.26278],[-97.65662,30.26278],[-97.65664,30.26277],[-97.65666,30.26277],[-97.65667,30.26277],[-97.65669,30.26277],[-97.65672,30.26276],[-97.65673,30.26276],[-97.65675,30.26276],[-97.65677,30.26276],[-97.65679,30.26276],[-97.6568,30.26276],[-97.65682,30.26277],[-97.65684,30.26277],[-97.65685,30.26277],[-97.65687,30.26277],[-97.65689,30.26277],[-97.65691,30.26277],[-97.65692,30.26277],[-97.65694,30.26277],[-97.65695,30.26277],[-97.65697,30.26277],[-97.65699,30.26277],[-97.65701,30.26277],[-97.65702,30.26277],[-97.65704,30.26277],[-97.65706,30.26277],[-97.65708,30.26277],[-97.6571,30.26277],[-97.65712,30.26277],[-97.65714,30.26277],[-97.65715,30.26278],[-97.65717,30.26278],[-97.65719,30.26278],[-97.65721,30.26277],[-97.65722,30.26277],[-97.65725,30.26277],[-97.65726,30.26277],[-97.65727,30.26277],[-97.6573,30.26277],[-97.65732,30.26276],[-97.65733,30.26276],[-97.65734,30.26275],[-97.65734,30.26273],[-97.65735,30.26272],[-97.65736,30.26271],[-97.65738,30.26271],[-97.65739,30.2627],[-97.6574,30.2627],[-97.65742,30.26269],[-97.65743,30.26269],[-97.65744,30.26269],[-97.65746,30.26269],[-97.65747,30.26269],[-97.65748,30.2627],[-97.65749,30.2627],[-97.65751,30.2627],[-97.65752,30.26271],[-97.65753,30.26271],[-97.65754,30.26272],[-97.65755,30.26273],[-97.65756,30.26274],[-97.65757,30.26274],[-97.65759,30.26275],[-97.6576,30.26275],[-97.65762,30.26275],[-97.65763,30.26275],[-97.65765,30.26275],[-97.65767,30.26275],[-97.65769,30.26274],[-97.65772,30.26273],[-97.65773,30.26273],[-97.65774,30.26273],[-97.65775,30.26272],[-97.65777,30.26272],[-97.65778,30.26271],[-97.65779,30.26271],[-97.65781,30.26271],[-97.65783,30.2627],[-97.65785,30.2627],[-97.65787,30.2627],[-97.65788,30.2627],[-97.65789,30.2627],[-97.65791,30.2627],[-97.65793,30.2627],[-97.65795,30.26271],[-97.65797,30.26271],[-97.65799,30.26271],[-97.658,30.26271],[-97.65802,30.26271],[-97.65804,30.26271],[-97.65806,30.26271],[-97.65807,30.2627],[-97.65808,30.2627],[-97.65809,30.2627],[-97.65811,30.2627],[-97.65812,30.26269],[-97.65814,30.26269],[-97.65815,30.26269],[-97.65816,30.26269],[-97.65817,30.26269],[-97.65818,30.26268],[-97.6582,30.26268],[-97.65821,30.26267],[-97.65822,30.26267],[-97.65824,30.26267],[-97.65825,30.26267],[-97.65826,30.26267],[-97.65828,30.26267],[-97.65829,30.26267],[-97.65831,30.26267],[-97.65833,30.26266],[-97.65835,30.26266],[-97.65836,30.26266],[-97.65838,30.26266],[-97.6584,30.26266],[-97.65842,30.26266],[-97.65843,30.26266],[-97.65844,30.26266],[-97.65846,30.26266],[-97.65847,30.26265],[-97.65848,30.26264],[-97.65849,30.26263],[-97.6585,30.26262],[-97.65851,30.26261],[-97.65852,30.2626],[-97.65854,30.26259],[-97.65856,30.26258],[-97.65858,30.26258],[-97.65859,30.26257],[-97.65861,30.26257],[-97.65863,30.26257],[-97.65864,30.26256],[-97.65866,30.26256],[-97.65867,30.26256],[-97.65869,30.26256],[-97.6587,30.26255],[-97.65872,30.26255],[-97.65874,30.26255],[-97.65875,30.26255],[-97.65876,30.26255],[-97.65877,30.26256],[-97.65878,30.26256],[-97.6588,30.26257],[-97.65881,30.26257],[-97.65882,30.26258],[-97.65883,30.26259],[-97.65883,30.2626],[-97.65884,30.26261],[-97.65884,30.26262],[-97.65885,30.26262],[-97.65886,30.26263],[-97.65886,30.26264],[-97.65886,30.26265],[-97.65887,30.26266],[-97.65889,30.26266],[-97.6589,30.26266],[-97.65892,30.26266],[-97.65893,30.26266],[-97.65894,30.26266],[-97.65895,30.26264],[-97.65895,30.26263],[-97.65895,30.26262],[-97.65896,30.26261],[-97.65896,30.2626],[-97.65897,30.26258],[-97.65898,30.26257],[-97.65899,30.26255],[-97.659,30.26254],[-97.659,30.26253],[-97.65901,30.26252],[-97.65902,30.2625],[-97.65902,30.26248],[-97.65904,30.26247],[-97.65905,30.26246],[-97.65906,30.26245],[-97.65906,30.26244],[-97.65907,30.26242],[-97.65907,30.26241],[-97.65908,30.2624],[-97.65908,30.26239],[-97.65909,30.26237],[-97.6591,30.26236],[-97.6591,30.26234],[-97.6591,30.26233],[-97.6591,30.26232],[-97.65911,30.26231],[-97.65913,30.26231],[-97.65916,30.26231],[-97.65918,30.26233],[-97.6592,30.26235],[-97.65923,30.26236],[-97.65932,30.26237],[-97.65941,30.26238],[-97.65943,30.26243],[-97.65944,30.26244],[-97.65949,30.26245],[-97.65955,30.26246],[-97.65958,30.26247],[-97.65967,30.26246],[-97.65969,30.26245],[-97.65969,30.26243],[-97.65968,30.26242],[-97.65966,30.26241],[-97.65963,30.26241],[-97.65961,30.26241],[-97.65957,30.2624],[-97.65955,30.2624],[-97.65952,30.2624],[-97.65951,30.2624],[-97.65948,30.26241],[-97.65946,30.26241],[-97.65946,30.26239],[-97.65946,30.26238],[-97.65947,30.26237],[-97.6595,30.26237],[-97.65952,30.26236],[-97.65954,30.26235],[-97.65954,30.26233],[-97.65956,30.26231],[-97.6596,30.26231],[-97.65964,30.26232],[-97.65965,30.26233],[-97.65966,30.26235],[-97.65968,30.26236],[-97.65972,30.26236],[-97.65974,30.26235],[-97.65975,30.26234],[-97.65975,30.26231],[-97.65975,30.2623],[-97.65976,30.26229],[-97.65978,30.26228],[-97.6598,30.26226],[-97.6598,30.26225],[-97.65979,30.26224],[-97.65977,30.26223],[-97.65979,30.26222],[-97.65979,30.2622],[-97.65979,30.26219],[-97.65975,30.26219],[-97.65974,30.2622],[-97.65973,30.26222],[-97.6597,30.26224],[-97.65969,30.26223],[-97.65967,30.26223],[-97.65967,30.26221],[-97.65965,30.2622],[-97.65964,30.2622],[-97.65961,30.26221],[-97.65957,30.26222],[-97.65956,30.26223],[-97.65954,30.26225],[-97.65952,30.26226],[-97.65951,30.26226],[-97.65951,30.26227],[-97.65952,30.26229],[-97.65953,30.2623],[-97.65953,30.26232],[-97.65953,30.26233],[-97.65951,30.26234],[-97.6595,30.26235],[-97.65949,30.26235],[-97.65947,30.26235],[-97.65945,30.26235],[-97.65944,30.26234],[-97.65942,30.26233],[-97.6594,30.26233],[-97.65937,30.26233],[-97.65936,30.26232],[-97.65934,30.26232],[-97.65933,30.26232],[-97.65931,30.26232],[-97.6593,30.26232],[-97.65928,30.26231],[-97.65925,30.26231],[-97.65923,30.2623],[-97.65921,30.2623],[-97.65919,30.26229],[-97.65918,30.26229],[-97.65916,30.26229],[-97.65915,30.26228],[-97.65914,30.26228],[-97.65912,30.26228],[-97.6591,30.26228],[-97.65907,30.26229],[-97.65905,30.26229],[-97.65904,30.26228],[-97.65903,30.26227],[-97.65903,30.26226],[-97.65903,30.26225],[-97.65904,30.26224],[-97.65905,30.26223],[-97.65907,30.26222],[-97.65908,30.26222],[-97.65909,30.26221],[-97.65909,30.2622],[-97.6591,30.26219],[-97.65911,30.26218],[-97.65912,30.26217],[-97.65913,30.26215],[-97.65915,30.26213],[-97.65916,30.26212],[-97.65917,30.26212],[-97.65917,30.2621],[-97.65918,30.26209],[-97.65919,30.26207],[-97.6592,30.26206],[-97.65921,30.26206],[-97.65922,30.26206],[-97.65923,30.26205],[-97.65923,30.26204],[-97.65922,30.26203],[-97.65922,30.26202],[-97.6592,30.26201],[-97.65919,30.262],[-97.65918,30.26199],[-97.65916,30.26198],[-97.65915,30.26196],[-97.65915,30.26195],[-97.65914,30.26195],[-97.65913,30.26194],[-97.65912,30.26193],[-97.65911,30.26192],[-97.65909,30.26191],[-97.65908,30.2619],[-97.65907,30.26189],[-97.65906,30.26188],[-97.65904,30.26186],[-97.65901,30.26185],[-97.65899,30.26184],[-97.65898,30.26184],[-97.65897,30.26183],[-97.65896,30.26183],[-97.65894,30.26182],[-97.65891,30.26182],[-97.6589,30.26181],[-97.65889,30.26181],[-97.65887,30.2618],[-97.65885,30.26178],[-97.65884,30.26177],[-97.65884,30.26174],[-97.65885,30.26173],[-97.65886,30.26172],[-97.65887,30.26171],[-97.65889,30.2617],[-97.6589,30.2617],[-97.65892,30.2617],[-97.65893,30.26169],[-97.65895,30.26169],[-97.65896,30.26168],[-97.65897,30.26167],[-97.65898,30.26166],[-97.659,30.26166],[-97.65901,30.26166],[-97.65903,30.26166],[-97.65904,30.26166],[-97.65906,30.26166],[-97.65907,30.26167],[-97.65908,30.26166],[-97.65908,30.26165],[-97.65908,30.26164],[-97.65907,30.26163],[-97.65906,30.26163],[-97.65904,30.26162],[-97.65904,30.26161],[-97.65903,30.2616],[-97.65905,30.26158],[-97.65906,30.26157],[-97.65907,30.26157],[-97.65909,30.26156],[-97.65911,30.26155],[-97.65913,30.26155],[-97.65915,30.26154],[-97.65917,30.26153],[-97.65918,30.26153],[-97.6592,30.26152],[-97.65921,30.26152],[-97.65922,30.26151],[-97.65924,30.26151],[-97.65925,30.26151],[-97.65926,30.2615],[-97.65927,30.2615],[-97.6593,30.26149],[-97.65931,30.26149],[-97.65932,30.26149],[-97.65935,30.26148],[-97.65937,30.26148],[-97.65939,30.26148],[-97.6594,30.26148],[-97.65941,30.26148],[-97.65942,30.26149],[-97.65944,30.26149],[-97.65944,30.2615],[-97.65946,30.2615],[-97.65947,30.2615],[-97.65947,30.26149],[-97.65947,30.26148],[-97.65947,30.26147],[-97.65946,30.26146],[-97.65945,30.26145],[-97.65947,30.26144],[-97.65948,30.26144],[-97.6595,30.26144],[-97.65951,30.26144],[-97.65953,30.26143],[-97.65954,30.26143],[-97.65955,30.26143],[-97.65956,30.26142],[-97.65957,30.26142],[-97.65959,30.26142],[-97.6596,30.26141],[-97.65962,30.26141],[-97.65964,30.26141],[-97.65966,30.26141],[-97.65968,30.26141],[-97.65969,30.2614],[-97.65971,30.2614],[-97.65973,30.2614],[-97.65975,30.26141],[-97.65977,30.26141],[-97.65979,30.26141],[-97.65981,30.26142],[-97.65982,30.26142],[-97.65983,30.26141],[-97.65984,30.26139],[-97.65985,30.26138],[-97.65986,30.26138],[-97.65988,30.26138],[-97.65989,30.26138],[-97.65991,30.26139],[-97.65992,30.26139],[-97.65994,30.2614],[-97.65995,30.2614],[-97.65996,30.26141],[-97.65998,30.26142],[-97.65999,30.26142],[-97.66,30.26141],[-97.66001,30.2614],[-97.66001,30.26139],[-97.66002,30.26139],[-97.66003,30.26137],[-97.66004,30.26136],[-97.66008,30.26135],[-97.66009,30.26135],[-97.66011,30.26136],[-97.66013,30.26138],[-97.66016,30.26143],[-97.66018,30.26146],[-97.66018,30.26148],[-97.66019,30.26149],[-97.6602,30.26151],[-97.6602,30.26153],[-97.66021,30.26154],[-97.66021,30.26155],[-97.66021,30.26156],[-97.66021,30.26157],[-97.66021,30.26158],[-97.66021,30.2616],[-97.66022,30.26161],[-97.66022,30.26163],[-97.66022,30.26164],[-97.66022,30.26165],[-97.66022,30.26167],[-97.66023,30.26169],[-97.66023,30.26171],[-97.66024,30.26174]],[[-97.62041,30.39158],[-97.62137,30.39008],[-97.62194,30.38918],[-97.622,30.3891],[-97.62032,30.3883],[-97.61999,30.38878],[-97.6201,30.38887],[-97.62032,30.38905],[-97.62044,30.3891],[-97.62022,30.38944],[-97.61945,30.39065],[-97.61922,30.391],[-97.62041,30.39158]],[[-97.61852,30.38744],[-97.61862,30.38728],[-97.61864,30.38726],[-97.6188,30.387],[-97.61893,30.38679],[-97.61855,30.38662],[-97.61835,30.38653],[-97.61822,30.38672],[-97.61821,30.38674],[-97.61804,30.38702],[-97.61793,30.38716],[-97.61852,30.38744]],[[-97.60685,30.34135],[-97.60645,30.34192],[-97.60611,30.34244],[-97.60577,30.34296],[-97.60544,30.34347],[-97.60512,30.34396],[-97.6051,30.344],[-97.60476,30.34452],[-97.60446,30.34499],[-97.60443,30.34503],[-97.60409,30.34555],[-97.60375,30.34607],[-97.60341,30.34659],[-97.60308,30.34711],[-97.60302,30.34721],[-97.60274,30.34763],[-97.60232,30.34827],[-97.604,30.34911],[-97.6041,30.34917],[-97.60587,30.35008],[-97.60591,30.35001],[-97.60636,30.34929],[-97.60671,30.34876],[-97.60696,30.34836],[-97.60803,30.34668],[-97.60909,30.34503],[-97.60933,30.34465],[-97.60957,30.34426],[-97.61062,30.34263],[-97.6113,30.34159],[-97.61047,30.34118],[-97.60964,30.34077],[-97.60946,30.34067],[-97.60863,30.34025],[-97.60782,30.33986],[-97.60743,30.33967],[-97.60705,30.33948],[-97.60665,30.33929],[-97.60628,30.33911],[-97.60609,30.33902],[-97.6061,30.339],[-97.60581,30.33886],[-97.6058,30.33888],[-97.60484,30.33841],[-97.60388,30.33989],[-97.60484,30.34036],[-97.60512,30.34051],[-97.60569,30.34078],[-97.60608,30.34097],[-97.60647,30.34116],[-97.60685,30.34135]],[[-97.65884,30.32259],[-97.65788,30.32412],[-97.65756,30.32457],[-97.65751,30.32464],[-97.65719,30.32515],[-97.65725,30.32517],[-97.65731,30.32519],[-97.65736,30.32521],[-97.65765,30.32531],[-97.65824,30.32551],[-97.65826,30.32552],[-97.6583,30.32553],[-97.65832,30.32554],[-97.65833,30.32555],[-97.65838,30.32558],[-97.65844,30.3256],[-97.65897,30.32578],[-97.65913,30.32583],[-97.65925,30.32587],[-97.65937,30.32591],[-97.6594,30.32592],[-97.65943,30.32593],[-97.65949,30.32595],[-97.65955,30.32597],[-97.65957,30.32598],[-97.65959,30.32598],[-97.65991,30.32609],[-97.65998,30.32612],[-97.66068,30.32635],[-97.6607,30.32636],[-97.66037,30.32687],[-97.66035,30.3269],[-97.66029,30.32699],[-97.66028,30.327],[-97.6602,30.32713],[-97.66018,30.32716],[-97.66013,30.32722],[-97.66012,30.32726],[-97.66011,30.32728],[-97.66009,30.32731],[-97.66008,30.32732],[-97.66005,30.32737],[-97.66001,30.32745],[-97.66,30.32747],[-97.65996,30.3278],[-97.66128,30.3277],[-97.66176,30.32768],[-97.66274,30.32763],[-97.66414,30.32749],[-97.6652,30.32733],[-97.66649,30.32704],[-97.6677,30.32671],[-97.66834,30.32653],[-97.67005,30.32593],[-97.67013,30.32584],[-97.67027,30.32565],[-97.67038,30.32543],[-97.67048,30.32516],[-97.67052,30.32501],[-97.67054,30.32482],[-97.67053,30.32455],[-97.67047,30.32427],[-97.67029,30.32388],[-97.66954,30.32335],[-97.66892,30.3229],[-97.66883,30.32284],[-97.66777,30.32203],[-97.66664,30.32114],[-97.66617,30.32074],[-97.66578,30.3204],[-97.66487,30.3195],[-97.66424,30.31879],[-97.66401,30.31852],[-97.66341,30.31782],[-97.66335,30.31773],[-97.66303,30.31723],[-97.66291,30.31712],[-97.66282,30.31708],[-97.66272,30.31707],[-97.66262,30.31708],[-97.66257,30.3171],[-97.66253,30.31711],[-97.66238,30.3172],[-97.66198,30.31776],[-97.66137,30.3187],[-97.66087,30.31939],[-97.66079,30.3195],[-97.66052,30.31995],[-97.65978,30.32115],[-97.65923,30.32199],[-97.65884,30.32259]],[[-97.64962,30.32373],[-97.64966,30.32368],[-97.64998,30.32323],[-97.65001,30.32325],[-97.65015,30.32333],[-97.65019,30.32336],[-97.65026,30.32339],[-97.65054,30.32355],[-97.65134,30.3237],[-97.65211,30.32384],[-97.65227,30.32387],[-97.65246,30.3239],[-97.65235,30.32233],[-97.65221,30.32236],[-97.65149,30.32245],[-97.65099,30.3225],[-97.6505,30.32253],[-97.64967,30.32259],[-97.64929,30.32263],[-97.64902,30.32268],[-97.64878,30.32274],[-97.64842,30.32285],[-97.64663,30.32345],[-97.64445,30.32418],[-97.64423,30.32426],[-97.64428,30.32434],[-97.64411,30.32576],[-97.64408,30.32607],[-97.64405,30.32629],[-97.64397,30.32689],[-97.64396,30.32694],[-97.64396,30.32699],[-97.64394,30.32714],[-97.64393,30.32728],[-97.64383,30.32729],[-97.64376,30.32833],[-97.64375,30.32866],[-97.64374,30.32899],[-97.64404,30.32896],[-97.64422,30.32894],[-97.64446,30.32892],[-97.64464,30.3289],[-97.64806,30.32863],[-97.64807,30.3286],[-97.64811,30.32854],[-97.64819,30.32842],[-97.6482,30.32838],[-97.6482,30.32834],[-97.64818,30.32829],[-97.64815,30.32823],[-97.64812,30.32816],[-97.64811,30.32811],[-97.64811,30.328],[-97.6481,30.32794],[-97.64807,30.32785],[-97.64802,30.32769],[-97.64802,30.32764],[-97.64802,30.32751],[-97.64803,30.32747],[-97.64806,30.32742],[-97.64813,30.32737],[-97.64816,30.32736],[-97.64823,30.32733],[-97.64828,30.32731],[-97.64836,30.3273],[-97.64847,30.3273],[-97.64855,30.32732],[-97.64859,30.32733],[-97.64865,30.32736],[-97.64881,30.32747],[-97.64884,30.3275],[-97.64885,30.32753],[-97.64886,30.32756],[-97.64885,30.3276],[-97.64881,30.32771],[-97.6488,30.32776],[-97.6488,30.32788],[-97.64874,30.32804],[-97.64874,30.32811],[-97.64876,30.32815],[-97.64879,30.32817],[-97.64883,30.32818],[-97.64886,30.32817],[-97.64891,30.32816],[-97.64902,30.32812],[-97.6491,30.32808],[-97.64917,30.32806],[-97.64929,30.32803],[-97.64955,30.32793],[-97.6496,30.32792],[-97.64972,30.32792],[-97.64986,30.32791],[-97.64991,30.3279],[-97.64996,30.32787],[-97.65,30.32785],[-97.65002,30.32782],[-97.65002,30.32779],[-97.64999,30.32773],[-97.64996,30.32769],[-97.64993,30.32766],[-97.64985,30.3276],[-97.64956,30.32742],[-97.64948,30.32736],[-97.64928,30.32719],[-97.64924,30.32699],[-97.64909,30.32619],[-97.64949,30.32586],[-97.64951,30.32562],[-97.64953,30.32541],[-97.64961,30.32519],[-97.64963,30.32513],[-97.64978,30.32468],[-97.64974,30.32456],[-97.64973,30.32453],[-97.6497,30.32444],[-97.6497,30.32442],[-97.64969,30.32441],[-97.64968,30.32439],[-97.64968,30.32438],[-97.64968,30.32436],[-97.64968,30.32433],[-97.64962,30.32373]],[[-97.64135,30.32886],[-97.64163,30.32843],[-97.64192,30.32797],[-97.64242,30.3272],[-97.64244,30.32716],[-97.64268,30.32679],[-97.64291,30.32642],[-97.64192,30.32594],[-97.6419,30.32593],[-97.64091,30.32545],[-97.64088,30.32538],[-97.63981,30.32573],[-97.63948,30.32584],[-97.63751,30.3265],[-97.63688,30.32593],[-97.6366,30.32616],[-97.63691,30.32647],[-97.6371,30.32664],[-97.63532,30.32723],[-97.635,30.32695],[-97.63485,30.3268],[-97.63465,30.32662],[-97.63444,30.32644],[-97.63418,30.32666],[-97.63407,30.32675],[-97.63224,30.32507],[-97.62996,30.32298],[-97.63064,30.32194],[-97.6314,30.32075],[-97.63188,30.32],[-97.63298,30.31828],[-97.63282,30.31819],[-97.62822,30.31596],[-97.62941,30.31162],[-97.62954,30.31116],[-97.62967,30.31067],[-97.63012,30.30903],[-97.63015,30.30894],[-97.63017,30.30886],[-97.63019,30.30877],[-97.6302,30.30875],[-97.63022,30.3087],[-97.63026,30.30859],[-97.63027,30.30857],[-97.63029,30.30854],[-97.63035,30.30839],[-97.63042,30.30826],[-97.6305,30.30812],[-97.63058,30.30799],[-97.63067,30.30786],[-97.63118,30.30818],[-97.63409,30.31002],[-97.63727,30.31201],[-97.6376,30.31179],[-97.63797,30.31159],[-97.63874,30.31138],[-97.63938,30.31121],[-97.64038,30.31099],[-97.64088,30.3107],[-97.64063,30.3104],[-97.64066,30.31038],[-97.64069,30.31036],[-97.64071,30.31035],[-97.64073,30.31033],[-97.64101,30.31063],[-97.64142,30.31039],[-97.64226,30.30946],[-97.64272,30.30895],[-97.64324,30.3079],[-97.64344,30.30758],[-97.64348,30.30751],[-97.64213,30.30691],[-97.64173,30.30672],[-97.6416,30.30666],[-97.64147,30.30661],[-97.64142,30.30661],[-97.6414,30.3066],[-97.6412,30.30652],[-97.6411,30.30647],[-97.64105,30.30649],[-97.64093,30.30654],[-97.64087,30.30657],[-97.64075,30.30661],[-97.64069,30.30664],[-97.64046,30.30671],[-97.64035,30.30674],[-97.64024,30.30677],[-97.64012,30.3068],[-97.64007,30.30682],[-97.64003,30.30669],[-97.63975,30.30674],[-97.63943,30.30677],[-97.63916,30.30679],[-97.63892,30.30679],[-97.63874,30.30678],[-97.63864,30.30677],[-97.63844,30.30675],[-97.63826,30.30673],[-97.63766,30.30663],[-97.63534,30.30624],[-97.63458,30.30611],[-97.63447,30.3061],[-97.63436,30.30609],[-97.63427,30.30608],[-97.63409,30.30607],[-97.63396,30.30607],[-97.63379,30.30607],[-97.63366,30.30608],[-97.63352,30.30609],[-97.63338,30.30609],[-97.63325,30.30611],[-97.63315,30.30612],[-97.63302,30.30613],[-97.6329,30.30614],[-97.63278,30.30616],[-97.63266,30.30618],[-97.63254,30.3062],[-97.63242,30.30623],[-97.63269,30.30624],[-97.63288,30.30625],[-97.63279,30.30632],[-97.63271,30.30634],[-97.63255,30.30636],[-97.63238,30.3064],[-97.63222,30.30644],[-97.63205,30.30649],[-97.63189,30.30655],[-97.63182,30.30658],[-97.63158,30.30668],[-97.63143,30.30675],[-97.63129,30.30683],[-97.63115,30.30692],[-97.63101,30.30701],[-97.63088,30.30711],[-97.63076,30.30722],[-97.6307,30.30727],[-97.63064,30.30732],[-97.63058,30.30739],[-97.6305,30.30747],[-97.63046,30.30751],[-97.63044,30.30753],[-97.63041,30.30757],[-97.63037,30.30762],[-97.63032,30.30768],[-97.63026,30.30778],[-97.63021,30.30788],[-97.63019,30.30793],[-97.63015,30.30803],[-97.63007,30.30825],[-97.62998,30.30847],[-97.62991,30.30869],[-97.62979,30.30905],[-97.62978,30.30908],[-97.62976,30.30918],[-97.62982,30.30869],[-97.62989,30.30812],[-97.62986,30.30817],[-97.62984,30.30823],[-97.62981,30.30829],[-97.62978,30.30835],[-97.62976,30.30841],[-97.62974,30.30847],[-97.62972,30.30853],[-97.62969,30.30859],[-97.62968,30.30865],[-97.62966,30.30869],[-97.62966,30.30871],[-97.62954,30.30912],[-97.62969,30.30917],[-97.62947,30.31],[-97.62886,30.30972],[-97.62884,30.30971],[-97.6281,30.30936],[-97.62729,30.30899],[-97.62727,30.30894],[-97.62741,30.30866],[-97.62607,30.30801],[-97.62557,30.30777],[-97.62529,30.30762],[-97.62504,30.3075],[-97.62475,30.30735],[-97.6227,30.30634],[-97.62232,30.30614],[-97.62229,30.30613],[-97.62227,30.30612],[-97.62191,30.30594],[-97.61952,30.30475],[-97.61931,30.30465],[-97.61909,30.30501],[-97.61902,30.30513],[-97.61893,30.30528],[-97.61875,30.3056],[-97.61853,30.30597],[-97.61803,30.3068],[-97.61796,30.3069],[-97.61695,30.30832],[-97.61678,30.3086],[-97.6156,30.31035],[-97.61497,30.31141],[-97.61479,30.31173],[-97.61407,30.31285],[-97.61195,30.31614],[-97.60869,30.32123],[-97.60539,30.32638],[-97.60533,30.32655],[-97.60531,30.3266],[-97.60511,30.32705],[-97.60476,30.32779],[-97.60459,30.32818],[-97.60414,30.32915],[-97.60412,30.32919],[-97.60347,30.33026],[-97.60283,30.33133],[-97.60118,30.33406],[-97.6009,30.33452],[-97.60074,30.33478],[-97.6009,30.33486],[-97.6017,30.33523],[-97.60179,30.33541],[-97.60185,30.33539],[-97.60227,30.33523],[-97.60232,30.33521],[-97.60301,30.33495],[-97.60306,30.33493],[-97.60409,30.33454],[-97.60448,30.33502],[-97.60467,30.3353],[-97.60471,30.33528],[-97.60514,30.33515],[-97.60719,30.3346],[-97.60737,30.33455],[-97.60757,30.3345],[-97.60772,30.33446],[-97.60927,30.33403],[-97.60992,30.33386],[-97.61059,30.3337],[-97.61394,30.3328],[-97.61738,30.33188],[-97.61845,30.33158],[-97.61964,30.33125],[-97.62022,30.33112],[-97.62097,30.33096],[-97.62152,30.33087],[-97.62311,30.33068],[-97.62317,30.33067],[-97.62329,30.33066],[-97.62347,30.33064],[-97.62365,30.33063],[-97.62563,30.3305],[-97.62878,30.33005],[-97.6293,30.32999],[-97.63002,30.32995],[-97.63031,30.3299],[-97.63088,30.32981],[-97.63206,30.32973],[-97.63314,30.32965],[-97.63486,30.32954],[-97.63569,30.3295],[-97.63659,30.32949],[-97.63805,30.32941],[-97.64037,30.32925],[-97.64113,30.3292],[-97.64115,30.32917],[-97.64135,30.32886]],[[-97.58325,30.3048],[-97.58319,30.30488],[-97.58241,30.3061],[-97.58239,30.30613],[-97.58156,30.30741],[-97.58212,30.31222],[-97.58201,30.31371],[-97.58204,30.31374],[-97.58294,30.31469],[-97.58512,30.31699],[-97.58641,30.31758],[-97.5865,30.31762],[-97.58928,30.31325],[-97.59197,30.30902],[-97.59139,30.30874],[-97.58516,30.30572],[-97.58325,30.3048]]]]}},
{"type":"Feature","properties":{"district_number":"9","district_name":"District 9"},"geometry":{"type":"MultiPolygon","coordinates":[[[[-97.7369,30.23232],[-97.73582,30.23405],[-97.73507,30.23521],[-97.73456,30.23597],[-97.73409,30.23657],[-97.73296,30.2382],[-97.73179,30.24005],[-97.73021,30.24268],[-97.72998,30.243],[-97.72987,30.24308],[-97.7293,30.24321],[-97.72947,30.2433],[-97.72964,30.24353],[-97.73006,30.2441],[-97.73038,30.24458],[-97.73045,30.24482],[-97.7307,30.24503],[-97.73085,30.24523],[-97.73094,30.24537],[-97.73108,30.2455],[-97.73197,30.24617],[-97.73207,30.24632],[-97.73231,30.24642],[-97.73348,30.24733],[-97.73358,30.24748],[-97.73387,30.24753],[-97.73412,30.2476],[-97.73474,30.24776],[-97.73487,30.24784],[-97.73501,30.24782],[-97.73519,30.24785],[-97.73521,30.24786],[-97.73542,30.24789],[-97.73545,30.24802],[-97.73562,30.24879],[-97.7357,30.2492],[-97.73583,30.24981],[-97.73594,30.25032],[-97.73601,30.25061],[-97.73601,30.25065],[-97.73616,30.25132],[-97.73618,30.25141],[-97.73626,30.25187],[-97.7363,30.25207],[-97.73639,30.25248],[-97.73667,30.25385],[-97.73691,30.25495],[-97.73711,30.25599],[-97.73727,30.25713],[-97.73728,30.25733],[-97.73729,30.25752],[-97.73729,30.25776],[-97.73731,30.25816],[-97.73731,30.25826],[-97.73725,30.25882],[-97.73719,30.25914],[-97.7369,30.26014],[-97.73657,30.26121],[-97.73653,30.26132],[-97.73628,30.26186],[-97.73576,30.26296],[-97.73558,30.2634],[-97.73551,30.26359],[-97.73544,30.2638],[-97.73542,30.26385],[-97.7354,30.26394],[-97.73539,30.26396],[-97.73534,30.26412],[-97.7353,30.26427],[-97.73508,30.26486],[-97.73473,30.26579],[-97.7344,30.26669],[-97.73438,30.26673],[-97.73405,30.26765],[-97.73401,30.26775],[-97.73371,30.26858],[-97.73333,30.26961],[-97.73301,30.27047],[-97.73255,30.27172],[-97.73251,30.27185],[-97.7328,30.27183],[-97.73258,30.27248],[-97.73199,30.27413],[-97.73188,30.27449],[-97.73179,30.27478],[-97.73168,30.27512],[-97.73158,30.27547],[-97.73133,30.27614],[-97.7312,30.27667],[-97.73093,30.27746],[-97.7305,30.27856],[-97.73028,30.27852],[-97.7302,30.27851],[-97.73006,30.27851],[-97.72935,30.27993],[-97.729,30.28065],[-97.72795,30.28232],[-97.72782,30.2825],[-97.72741,30.28308],[-97.72749,30.2831],[-97.72754,30.28311],[-97.72766,30.28315],[-97.72798,30.28323],[-97.73099,30.28392],[-97.73074,30.28502],[-97.73018,30.2868],[-97.72996,30.2875],[-97.72994,30.28757],[-97.72919,30.28833],[-97.72905,30.28821],[-97.72871,30.28796],[-97.72768,30.28748],[-97.727,30.28719],[-97.72678,30.28712],[-97.72662,30.28705],[-97.72587,30.28681],[-97.72523,30.28662],[-97.72518,30.2866],[-97.72509,30.28656],[-97.725,30.28651],[-97.72497,30.28649],[-97.72494,30.28648],[-97.72485,30.28644],[-97.72473,30.28638],[-97.72415,30.28608],[-97.72404,30.28602],[-97.72376,30.28587],[-97.72297,30.28534],[-97.72289,30.28527],[-97.72279,30.28519],[-97.72219,30.28467],[-97.722,30.28445],[-97.72191,30.28433],[-97.72172,30.28424],[-97.72145,30.28412],[-97.72122,30.28405],[-97.72109,30.28403],[-97.72083,30.28406],[-97.7205,30.28408],[-97.72017,30.28412],[-97.71978,30.2842],[-97.71912,30.28428],[-97.71844,30.28441],[-97.71819,30.28445],[-97.71716,30.28461],[-97.71546,30.28489],[-97.7142,30.28509],[-97.71307,30.28525],[-97.7125,30.28533],[-97.7121,30.2854],[-97.71116,30.28554],[-97.71021,30.28567],[-97.70894,30.28587],[-97.70857,30.28594],[-97.70803,30.28604],[-97.7078,30.28607],[-97.70649,30.28624],[-97.70653,30.28631],[-97.70667,30.28664],[-97.70691,30.28712],[-97.70699,30.28739],[-97.70705,30.28758],[-97.70712,30.28788],[-97.70725,30.28843],[-97.70739,30.28919],[-97.70728,30.28919],[-97.70726,30.28919],[-97.70716,30.2892],[-97.70712,30.2892],[-97.70655,30.28924],[-97.70608,30.28928],[-97.70538,30.28929],[-97.70503,30.28922],[-97.70467,30.28909],[-97.70449,30.28899],[-97.70206,30.28788],[-97.70131,30.28754],[-97.70111,30.28762],[-97.70031,30.28819],[-97.69858,30.28909],[-97.69853,30.28912],[-97.69774,30.28947],[-97.69671,30.28992],[-97.69669,30.28993],[-97.69522,30.2902],[-97.69493,30.29016],[-97.69376,30.28998],[-97.69273,30.2897],[-97.69203,30.2895],[-97.69115,30.28959],[-97.69036,30.28991],[-97.68986,30.29037],[-97.6895,30.29089],[-97.68944,30.29108],[-97.6893,30.29157],[-97.68929,30.29253],[-97.68925,30.29346],[-97.68922,30.29449],[-97.68921,30.29462],[-97.68887,30.29533],[-97.68834,30.29582],[-97.68801,30.29613],[-97.68764,30.29688],[-97.68707,30.29818],[-97.68798,30.29864],[-97.68851,30.29891],[-97.68941,30.29968],[-97.68977,30.3003],[-97.69024,30.30094],[-97.69115,30.30133],[-97.69216,30.30138],[-97.693,30.30143],[-97.69485,30.30153],[-97.695,30.30154],[-97.69515,30.30155],[-97.69537,30.30156],[-97.69626,30.30194],[-97.69697,30.3022],[-97.69743,30.30241],[-97.69776,30.30261],[-97.69806,30.30285],[-97.69827,30.30306],[-97.69847,30.30332],[-97.69875,30.30365],[-97.69889,30.30391],[-97.70082,30.30482],[-97.7012,30.305],[-97.7027,30.30571],[-97.70281,30.30577],[-97.70642,30.30747],[-97.70651,30.30751],[-97.70901,30.3087],[-97.70977,30.30911],[-97.71002,30.30928],[-97.71007,30.30932],[-97.71025,30.30945],[-97.71046,30.30959],[-97.7104,30.30967],[-97.71035,30.30975],[-97.71031,30.30982],[-97.71024,30.30992],[-97.71004,30.31025],[-97.70944,30.31135],[-97.70967,30.31145],[-97.71009,30.31167],[-97.71092,30.31209],[-97.71242,30.31279],[-97.71389,30.31348],[-97.71508,30.31401],[-97.71464,30.31503],[-97.71496,30.31507],[-97.71513,30.31503],[-97.71535,30.31499],[-97.71539,30.31498],[-97.71546,30.31497],[-97.71553,30.31495],[-97.71675,30.31556],[-97.71765,30.31599],[-97.71854,30.31642],[-97.71943,30.31687],[-97.7203,30.31727],[-97.7212,30.31771],[-97.72053,30.31876],[-97.72135,30.31921],[-97.72114,30.31955],[-97.72332,30.32058],[-97.72341,30.32061],[-97.72352,30.32064],[-97.72584,30.32175],[-97.72666,30.32215],[-97.72826,30.32295],[-97.72883,30.32201],[-97.7294,30.32109],[-97.7303,30.31961],[-97.73083,30.31869],[-97.73114,30.31827],[-97.73147,30.31776],[-97.73168,30.31789],[-97.7324,30.31835],[-97.7338,30.31903],[-97.73355,30.31942],[-97.73189,30.32218],[-97.73188,30.32226],[-97.73208,30.32237],[-97.7331,30.32283],[-97.73402,30.32328],[-97.7349,30.32185],[-97.73532,30.32118],[-97.73575,30.32053],[-97.73648,30.31939],[-97.73686,30.31877],[-97.73756,30.31766],[-97.73957,30.3186],[-97.73992,30.31802],[-97.74078,30.31669],[-97.74158,30.3154],[-97.74057,30.3149],[-97.73966,30.31448],[-97.73879,30.31404],[-97.73758,30.31346],[-97.73855,30.3121],[-97.73932,30.31101],[-97.74005,30.30995],[-97.74073,30.30891],[-97.7414,30.30786],[-97.74191,30.30709],[-97.7421,30.30675],[-97.74221,30.30656],[-97.74239,30.30625],[-97.74312,30.3052],[-97.74357,30.30447],[-97.74375,30.30422],[-97.74426,30.30343],[-97.74472,30.3027],[-97.74558,30.30311],[-97.74576,30.3032],[-97.74687,30.30373],[-97.74722,30.30394],[-97.74862,30.30459],[-97.74883,30.30472],[-97.74888,30.30465],[-97.74901,30.3045],[-97.74915,30.30433],[-97.74931,30.30415],[-97.74936,30.30407],[-97.74942,30.30396],[-97.74948,30.30381],[-97.74953,30.30369],[-97.74969,30.3034],[-97.74973,30.30335],[-97.74987,30.30323],[-97.74995,30.30315],[-97.74999,30.30311],[-97.75002,30.30305],[-97.75007,30.30282],[-97.75009,30.30273],[-97.7501,30.30267],[-97.7501,30.30266],[-97.75008,30.30264],[-97.74992,30.30256],[-97.74978,30.30254],[-97.74966,30.30244],[-97.74955,30.3023],[-97.74948,30.30219],[-97.74938,30.30197],[-97.74928,30.30179],[-97.74907,30.30145],[-97.7487,30.3011],[-97.74857,30.301],[-97.74824,30.30075],[-97.74794,30.30052],[-97.74768,30.30032],[-97.74758,30.30024],[-97.74748,30.30014],[-97.74739,30.30005],[-97.7473,30.29991],[-97.74719,30.29972],[-97.74714,30.2996],[-97.74712,30.29956],[-97.74712,30.29948],[-97.74713,30.29939],[-97.74716,30.29931],[-97.7472,30.29924],[-97.74725,30.29917],[-97.74731,30.29911],[-97.74737,30.29906],[-97.74744,30.29903],[-97.74749,30.29902],[-97.74753,30.299],[-97.74759,30.299],[-97.74778,30.29903],[-97.748,30.29904],[-97.74837,30.29905],[-97.74853,30.29904],[-97.74859,30.29903],[-97.74872,30.299],[-97.74892,30.29892],[-97.74906,30.29889],[-97.74912,30.29886],[-97.74918,30.29883],[-97.74926,30.29876],[-97.74948,30.29855],[-97.74956,30.29845],[-97.74983,30.29809],[-97.74993,30.29795],[-97.74997,30.29792],[-97.75012,30.29784],[-97.75015,30.2978],[-97.75018,30.29775],[-97.75018,30.2977],[-97.75017,30.29766],[-97.75009,30.29752],[-97.74999,30.29737],[-97.74993,30.29729],[-97.74992,30.29728],[-97.74974,30.29721],[-97.74966,30.29716],[-97.74959,30.29711],[-97.7495,30.29702],[-97.74942,30.29691],[-97.74933,30.29674],[-97.7493,30.29666],[-97.74924,30.29638],[-97.74917,30.29609],[-97.74914,30.29599],[-97.7491,30.2959],[-97.74905,30.2958],[-97.7489,30.2956],[-97.74877,30.29537],[-97.74871,30.29524],[-97.74865,30.29516],[-97.74853,30.29503],[-97.74827,30.29468],[-97.74822,30.2946],[-97.74817,30.2945],[-97.74806,30.29431],[-97.74795,30.29407],[-97.74773,30.2936],[-97.74765,30.29345],[-97.74753,30.29318],[-97.74749,30.29308],[-97.74743,30.29291],[-97.74741,30.2928],[-97.74741,30.29277],[-97.74741,30.29272],[-97.74743,30.29266],[-97.74745,30.29261],[-97.74748,30.29256],[-97.74753,30.29251],[-97.74767,30.29239],[-97.74775,30.29234],[-97.74782,30.29231],[-97.74792,30.29229],[-97.74846,30.29218],[-97.74866,30.29218],[-97.74886,30.29216],[-97.74895,30.29215],[-97.74911,30.29211],[-97.74929,30.29208],[-97.74948,30.29207],[-97.74964,30.29208],[-97.74976,30.29209],[-97.74988,30.29213],[-97.74994,30.29214],[-97.75021,30.29216],[-97.75057,30.29211],[-97.75101,30.29201],[-97.75124,30.29192],[-97.75132,30.29182],[-97.7514,30.29172],[-97.75154,30.29161],[-97.75173,30.29138],[-97.75184,30.2911],[-97.75188,30.29087],[-97.75195,30.29062],[-97.75201,30.29031],[-97.75214,30.29011],[-97.75238,30.28988],[-97.75258,30.28966],[-97.75295,30.28919],[-97.75314,30.28893],[-97.75326,30.2888],[-97.75333,30.28869],[-97.75278,30.28853],[-97.75314,30.28689],[-97.75314,30.28687],[-97.75318,30.28673],[-97.7532,30.28651],[-97.7532,30.2862],[-97.75319,30.28596],[-97.75318,30.28558],[-97.75315,30.28533],[-97.7531,30.28516],[-97.75303,30.28497],[-97.75297,30.28488],[-97.7529,30.28475],[-97.75273,30.28444],[-97.75254,30.28414],[-97.75213,30.28361],[-97.7518,30.28328],[-97.75171,30.28319],[-97.75127,30.28273],[-97.75098,30.28233],[-97.75085,30.28212],[-97.75078,30.28195],[-97.75068,30.28164],[-97.75062,30.28144],[-97.75053,30.28102],[-97.75044,30.28056],[-97.75058,30.27997],[-97.75066,30.27961],[-97.75069,30.27936],[-97.75069,30.2791],[-97.75068,30.27885],[-97.75078,30.2784],[-97.75088,30.27807],[-97.75091,30.27799],[-97.75118,30.27736],[-97.75174,30.27863],[-97.75186,30.27894],[-97.75249,30.27946],[-97.75375,30.28034],[-97.75477,30.28105],[-97.75495,30.28117],[-97.75606,30.28203],[-97.75655,30.28242],[-97.75697,30.28256],[-97.75783,30.28277],[-97.75909,30.28308],[-97.76032,30.2835],[-97.76188,30.28468],[-97.76199,30.28474],[-97.76244,30.28505],[-97.76259,30.28517],[-97.76309,30.28553],[-97.76331,30.28565],[-97.76375,30.28588],[-97.76438,30.28496],[-97.76509,30.28384],[-97.76516,30.28372],[-97.7653,30.28346],[-97.76574,30.2826],[-97.76695,30.28013],[-97.76731,30.27953],[-97.76735,30.27946],[-97.76738,30.2794],[-97.76806,30.27842],[-97.76808,30.27839],[-97.76814,30.27831],[-97.76862,30.27768],[-97.76879,30.27745],[-97.76884,30.27738],[-97.7689,30.2773],[-97.76902,30.27714],[-97.76915,30.27696],[-97.76923,30.27686],[-97.76937,30.27669],[-97.7694,30.27664],[-97.76958,30.27642],[-97.77006,30.27576],[-97.77013,30.27566],[-97.77055,30.27508],[-97.77061,30.275],[-97.77063,30.27496],[-97.77074,30.27481],[-97.77106,30.27435],[-97.77116,30.27422],[-97.77148,30.27381],[-97.77113,30.27346],[-97.7706,30.27292],[-97.7661,30.26987],[-97.76462,30.26911],[-97.76105,30.26727],[-97.76139,30.26704],[-97.76184,30.26675],[-97.762,30.26666],[-97.76217,30.26657],[-97.76225,30.26653],[-97.76234,30.26649],[-97.76246,30.26643],[-97.76251,30.26639],[-97.7627,30.2663],[-97.76279,30.26628],[-97.76285,30.26625],[-97.76296,30.26619],[-97.76302,30.26616],[-97.76314,30.26614],[-97.76318,30.26612],[-97.76327,30.26608],[-97.76339,30.266],[-97.76348,30.26596],[-97.76363,30.26586],[-97.7637,30.26584],[-97.7638,30.26579],[-97.76386,30.26573],[-97.76405,30.26563],[-97.76424,30.26552],[-97.7643,30.26548],[-97.76438,30.26546],[-97.76445,30.26542],[-97.76456,30.26538],[-97.76463,30.26535],[-97.76472,30.26532],[-97.7648,30.26529],[-97.76495,30.26521],[-97.76496,30.2652],[-97.76498,30.26518],[-97.76504,30.26518],[-97.7651,30.26515],[-97.76529,30.26507],[-97.76538,30.26503],[-97.765,30.26477],[-97.76416,30.26413],[-97.76368,30.26381],[-97.76151,30.26199],[-97.7619,30.26148],[-97.76211,30.26128],[-97.76222,30.2612],[-97.76233,30.26118],[-97.76246,30.2612],[-97.76259,30.26123],[-97.76317,30.26035],[-97.76373,30.25931],[-97.76426,30.25854],[-97.76476,30.25778],[-97.76523,30.25702],[-97.76568,30.25635],[-97.76624,30.25544],[-97.76655,30.25495],[-97.76696,30.25429],[-97.76699,30.25424],[-97.76743,30.25355],[-97.76778,30.253],[-97.76834,30.25211],[-97.76882,30.25135],[-97.76932,30.25055],[-97.77009,30.24936],[-97.77077,30.24821],[-97.76996,30.24841],[-97.76923,30.24656],[-97.76915,30.24639],[-97.769,30.24602],[-97.76888,30.24612],[-97.76735,30.24727],[-97.76681,30.24768],[-97.76671,30.24776],[-97.76654,30.24789],[-97.76485,30.24918],[-97.76478,30.24916],[-97.76436,30.24898],[-97.76403,30.24889],[-97.76322,30.24866],[-97.76207,30.24832],[-97.76062,30.24788],[-97.75919,30.24744],[-97.7578,30.24698],[-97.75635,30.24656],[-97.75575,30.2464],[-97.75354,30.2458],[-97.75245,30.2455],[-97.75132,30.24515],[-97.75164,30.24425],[-97.75192,30.24353],[-97.75218,30.24291],[-97.75245,30.24192],[-97.75256,30.24171],[-97.7528,30.24066],[-97.75284,30.23991],[-97.75353,30.23876],[-97.75151,30.23751],[-97.75044,30.23706],[-97.75011,30.23699],[-97.74882,30.2367],[-97.74797,30.23659],[-97.74794,30.23658],[-97.74721,30.23642],[-97.74681,30.23626],[-97.74651,30.23614],[-97.74623,30.23602],[-97.74582,30.23578],[-97.7437,30.23468],[-97.74321,30.23434],[-97.74257,30.23407],[-97.74181,30.23389],[-97.74166,30.23385],[-97.74129,30.23377],[-97.74108,30.23373],[-97.74044,30.23359],[-97.74002,30.23348],[-97.7394,30.2333],[-97.73802,30.23278],[-97.7369,30.23232]]]]}},
{"type":"Feature","properties":{"district_number":"2","district_name":"District 2"},"geometry":{"type":"MultiPolygon","coordinates":[[[[-97.58243,30.16641],[-97.58224,30.16673],[-97.58021,30.16603],[-97.57976,30.16582],[-97.57952,30.1657],[-97.57892,30.16538],[-97.57846,30.16506],[-97.57813,30.16482],[-97.5779,30.16464],[-97.57724,30.16419],[-97.57779,30.16332],[-97.57777,30.1633],[-97.57767,30.16332],[-97.57696,30.16347],[-97.57665,30.16348],[-97.57626,30.16363],[-97.57569,30.16384],[-97.57335,30.16522],[-97.57129,30.16544],[-97.57145,30.16597],[-97.5708,30.16614],[-97.57009,30.16587],[-97.57065,30.16505],[-97.57079,30.16486],[-97.57095,30.16462],[-97.57109,30.16436],[-97.57124,30.16415],[-97.57132,30.16406],[-97.57138,30.16401],[-97.57157,30.16374],[-97.57175,30.16348],[-97.57167,30.16343],[-97.57135,30.16329],[-97.57093,30.1631],[-97.56677,30.16117],[-97.56615,30.16089],[-97.56429,30.16002],[-97.56366,30.15973],[-97.55757,30.15692],[-97.55745,30.15687],[-97.5579,30.1562],[-97.55962,30.15347],[-97.56122,30.15094],[-97.56582,30.14356],[-97.56606,30.14314],[-97.5665,30.14239],[-97.5666,30.14222],[-97.56749,30.14088],[-97.56801,30.14146],[-97.56827,30.14178],[-97.56844,30.14197],[-97.56903,30.14236],[-97.5709,30.14358],[-97.57115,30.14375],[-97.57138,30.1439],[-97.57306,30.14468],[-97.57494,30.1455],[-97.57539,30.1457],[-97.57678,30.14632],[-97.57703,30.14651],[-97.57802,30.14729],[-97.57809,30.14734],[-97.57901,30.14818],[-97.58049,30.14889],[-97.58278,30.15002],[-97.58396,30.15061],[-97.58624,30.15177],[-97.58674,30.15202],[-97.58706,30.15218],[-97.5875,30.15149],[-97.58821,30.15038],[-97.59003,30.14754],[-97.59042,30.14692],[-97.59098,30.14605],[-97.59159,30.14509],[-97.59226,30.14405],[-97.59256,30.14359],[-97.59279,30.14323],[-97.59296,30.14296],[-97.59335,30.14235],[-97.59437,30.14283],[-97.5962,30.14372],[-97.59654,30.14388],[-97.59763,30.14441],[-97.59896,30.14505],[-97.59428,30.15234],[-97.5928,30.15465],[-97.59674,30.15642],[-97.59698,30.15654],[-97.59898,30.15756],[-97.59958,30.15787],[-97.59949,30.15806],[-97.59851,30.16006],[-97.59823,30.16063],[-97.59742,30.16227],[-97.59741,30.16229],[-97.59668,30.16348],[-97.59594,30.16468],[-97.59465,30.16408],[-97.593,30.16331],[-97.59323,30.16294],[-97.59364,30.16228],[-97.59321,30.16212],[-97.59264,30.16202],[-97.59234,30.162],[-97.59164,30.16215],[-97.59154,30.16212],[-97.59122,30.16224],[-97.59084,30.16221],[-97.59067,30.16224],[-97.59025,30.16214],[-97.59019,30.16213],[-97.59013,30.16211],[-97.59009,30.16213],[-97.59006,30.16214],[-97.59001,30.1622],[-97.58991,30.1623],[-97.58968,30.16236],[-97.5894,30.16238],[-97.58902,30.16223],[-97.58893,30.16227],[-97.58892,30.16238],[-97.58891,30.16244],[-97.58882,30.16265],[-97.5888,30.16268],[-97.58878,30.16269],[-97.58873,30.1627],[-97.58861,30.16275],[-97.58842,30.16277],[-97.58818,30.16263],[-97.58752,30.16254],[-97.58727,30.16254],[-97.58706,30.16261],[-97.58695,30.16274],[-97.58674,30.16272],[-97.58646,30.16286],[-97.58627,30.16312],[-97.58626,30.16317],[-97.58626,30.16326],[-97.58624,30.1633],[-97.58622,30.16334],[-97.58615,30.16344],[-97.58613,30.16348],[-97.58613,30.16352],[-97.58614,30.16356],[-97.58614,30.16364],[-97.58628,30.16388],[-97.586,30.16408],[-97.58598,30.16411],[-97.58598,30.16413],[-97.58602,30.16425],[-97.58604,30.16433],[-97.58603,30.16435],[-97.58605,30.16439],[-97.58594,30.16465],[-97.58572,30.16476],[-97.58566,30.16486],[-97.58566,30.16488],[-97.58567,30.16497],[-97.58566,30.16518],[-97.5857,30.1653],[-97.58569,30.16531],[-97.58569,30.16533],[-97.58578,30.16552],[-97.5856,30.16576],[-97.58549,30.16596],[-97.58547,30.166],[-97.58517,30.16656],[-97.58445,30.16697],[-97.58402,30.16703],[-97.58385,30.16695],[-97.58326,30.16685],[-97.5832,30.1668],[-97.583,30.16677],[-97.58246,30.16656],[-97.58243,30.16641]]],[[[-97.76197,30.15655],[-97.76198,30.15655],[-97.76199,30.15654],[-97.76201,30.15653],[-97.76202,30.15653],[-97.76203,30.15652],[-97.76204,30.15652],[-97.76206,30.15651],[-97.76207,30.1565],[-97.76208,30.1565],[-97.76211,30.15649],[-97.76213,30.15649],[-97.76216,30.15649],[-97.76219,30.15649],[-97.7622,30.15649],[-97.76221,30.15649],[-97.76222,30.15649],[-97.76223,30.15649],[-97.76225,30.1565],[-97.76226,30.1565],[-97.76227,30.1565],[-97.76228,30.15651],[-97.76214,30.15665],[-97.76256,30.15671],[-97.76456,30.15753],[-97.76239,30.16126],[-97.76167,30.16248],[-97.76126,30.16314],[-97.7607,30.16413],[-97.76203,30.16472],[-97.7623,30.1643],[-97.76283,30.16347],[-97.76327,30.16365],[-97.76337,30.16369],[-97.76332,30.16378],[-97.76372,30.16396],[-97.76379,30.16399],[-97.76376,30.16406],[-97.76375,30.16411],[-97.76374,30.16415],[-97.76374,30.16419],[-97.76375,30.16423],[-97.76375,30.16425],[-97.76379,30.1643],[-97.76381,30.16436],[-97.76382,30.16443],[-97.7638,30.16449],[-97.76379,30.16452],[-97.76377,30.16454],[-97.76366,30.1652],[-97.76388,30.16571],[-97.76404,30.16597],[-97.76439,30.16642],[-97.76442,30.16651],[-97.76442,30.16652],[-97.76442,30.16655],[-97.76439,30.16683],[-97.76435,30.16696],[-97.76431,30.16709],[-97.76429,30.16719],[-97.76423,30.16731],[-97.76421,30.16735],[-97.76416,30.16748],[-97.76413,30.16757],[-97.76411,30.16762],[-97.76408,30.16771],[-97.76403,30.16789],[-97.76401,30.16793],[-97.76389,30.1682],[-97.76404,30.16827],[-97.76408,30.16829],[-97.76443,30.16843],[-97.76455,30.16848],[-97.76479,30.16858],[-97.76483,30.1686],[-97.7651,30.16875],[-97.76555,30.169],[-97.76631,30.16941],[-97.76704,30.1698],[-97.76716,30.16987],[-97.76811,30.17037],[-97.76823,30.17042],[-97.76823,30.17046],[-97.76822,30.1705],[-97.76822,30.17054],[-97.76822,30.17058],[-97.76822,30.17066],[-97.76822,30.17074],[-97.76822,30.1708],[-97.7683,30.17111],[-97.7685,30.17112],[-97.76916,30.17115],[-97.77082,30.17122],[-97.77083,30.17122],[-97.77084,30.1712],[-97.77197,30.17122],[-97.77278,30.17124],[-97.77458,30.17127],[-97.77777,30.17133],[-97.77823,30.17226],[-97.77951,30.17479],[-97.77956,30.17489],[-97.77977,30.17457],[-97.78038,30.17363],[-97.78044,30.17356],[-97.78056,30.17343],[-97.78076,30.17319],[-97.78174,30.1717],[-97.78189,30.17147],[-97.78171,30.17146],[-97.7812,30.17144],[-97.77977,30.17138],[-97.77981,30.17089],[-97.77985,30.17018],[-97.77989,30.16934],[-97.78004,30.16749],[-97.78016,30.16733],[-97.78022,30.16723],[-97.77921,30.16625],[-97.77837,30.16543],[-97.77764,30.16602],[-97.77714,30.16641],[-97.77525,30.16509],[-97.77526,30.16508],[-97.77531,30.16502],[-97.77535,30.16497],[-97.77537,30.16493],[-97.7754,30.16489],[-97.77542,30.16484],[-97.77545,30.16479],[-97.77547,30.16474],[-97.7755,30.16468],[-97.77552,30.16462],[-97.77555,30.16456],[-97.77556,30.16452],[-97.77628,30.16454],[-97.77694,30.16403],[-97.77668,30.16376],[-97.77663,30.16372],[-97.77676,30.16353],[-97.77563,30.16313],[-97.77549,30.16308],[-97.77547,30.163],[-97.77545,30.16294],[-97.77543,30.16288],[-97.77541,30.16283],[-97.77539,30.16278],[-97.77536,30.16273],[-97.77534,30.16267],[-97.77532,30.16261],[-97.7753,30.16256],[-97.77527,30.1625],[-97.77525,30.16244],[-97.77524,30.1624],[-97.77522,30.16235],[-97.7752,30.16231],[-97.77517,30.16225],[-97.77512,30.16216],[-97.77509,30.16211],[-97.77506,30.16204],[-97.77503,30.16198],[-97.77501,30.16192],[-97.77499,30.16187],[-97.77497,30.16181],[-97.77496,30.16177],[-97.77495,30.16173],[-97.77493,30.16166],[-97.77491,30.1616],[-97.77488,30.16155],[-97.77487,30.1615],[-97.77486,30.16144],[-97.77483,30.16139],[-97.77481,30.16134],[-97.77479,30.16129],[-97.77476,30.16124],[-97.77473,30.16119],[-97.77471,30.16114],[-97.77468,30.16108],[-97.77466,30.16101],[-97.77464,30.16097],[-97.77463,30.16092],[-97.7746,30.16085],[-97.77458,30.16079],[-97.77455,30.16071],[-97.77452,30.16063],[-97.7745,30.16057],[-97.77448,30.16051],[-97.77446,30.16044],[-97.77443,30.16039],[-97.77442,30.16033],[-97.7744,30.16029],[-97.77438,30.16024],[-97.77435,30.16019],[-97.77433,30.16014],[-97.77431,30.16009],[-97.77429,30.16005],[-97.77427,30.16],[-97.77424,30.15994],[-97.77422,30.15988],[-97.77419,30.15983],[-97.77416,30.15979],[-97.77414,30.15974],[-97.77412,30.15969],[-97.7741,30.15964],[-97.77408,30.15959],[-97.77406,30.15955],[-97.77404,30.1595],[-97.77401,30.15946],[-97.77398,30.15941],[-97.77396,30.15936],[-97.77395,30.1593],[-97.77392,30.15926],[-97.7739,30.15921],[-97.77387,30.15917],[-97.77384,30.15912],[-97.77383,30.15906],[-97.77383,30.159],[-97.77392,30.15898],[-97.77437,30.15892],[-97.77465,30.15891],[-97.77551,30.15884],[-97.77589,30.15878],[-97.77591,30.15877],[-97.77596,30.15888],[-97.7767,30.16034],[-97.77706,30.16106],[-97.77767,30.16226],[-97.77772,30.16237],[-97.77787,30.16267],[-97.77793,30.16278],[-97.77909,30.16496],[-97.77919,30.16509],[-97.77963,30.16556],[-97.7798,30.16576],[-97.78041,30.1662],[-97.78115,30.16657],[-97.7812,30.16659],[-97.78195,30.16683],[-97.78281,30.16696],[-97.7838,30.16701],[-97.78397,30.16702],[-97.78438,30.16704],[-97.78487,30.16707],[-97.78498,30.16709],[-97.78587,30.16711],[-97.78618,30.16711],[-97.78627,30.16698],[-97.78645,30.16698],[-97.78685,30.16701],[-97.78696,30.16703],[-97.78693,30.16713],[-97.78705,30.16714],[-97.78847,30.1672],[-97.78858,30.16722],[-97.79001,30.16723],[-97.79097,30.16726],[-97.79147,30.16729],[-97.79198,30.16738],[-97.79239,30.16745],[-97.79275,30.16755],[-97.79305,30.16764],[-97.79331,30.16772],[-97.7936,30.16785],[-97.79399,30.16802],[-97.79428,30.16819],[-97.79456,30.16836],[-97.79476,30.16851],[-97.79507,30.16874],[-97.79545,30.16904],[-97.79563,30.16923],[-97.79572,30.16933],[-97.79579,30.16935],[-97.79707,30.17052],[-97.79835,30.17162],[-97.79946,30.17256],[-97.80049,30.17334],[-97.80208,30.174],[-97.80241,30.17407],[-97.80267,30.1741],[-97.80312,30.17413],[-97.80368,30.1741],[-97.80415,30.1741],[-97.80505,30.17409],[-97.80585,30.17408],[-97.80585,30.17411],[-97.80585,30.17421],[-97.80584,30.17472],[-97.80582,30.17481],[-97.80578,30.17512],[-97.80567,30.17555],[-97.80561,30.17576],[-97.80551,30.17591],[-97.80538,30.17607],[-97.8052,30.17626],[-97.80447,30.17673],[-97.80364,30.17743],[-97.80341,30.17818],[-97.80315,30.17894],[-97.80289,30.17968],[-97.80254,30.1807],[-97.8023,30.18135],[-97.80233,30.18169],[-97.80242,30.18244],[-97.80251,30.18271],[-97.80257,30.18282],[-97.80265,30.18297],[-97.80298,30.18318],[-97.80324,30.1833],[-97.80362,30.1835],[-97.80422,30.18407],[-97.8043,30.18431],[-97.80432,30.18445],[-97.80434,30.18458],[-97.80434,30.18472],[-97.80436,30.18515],[-97.80443,30.18561],[-97.80444,30.18568],[-97.80372,30.18572],[-97.80338,30.18574],[-97.80288,30.18576],[-97.80149,30.18578],[-97.80051,30.1858],[-97.79942,30.18578],[-97.79924,30.18576],[-97.79844,30.18559],[-97.79811,30.18555],[-97.79776,30.18554],[-97.79629,30.18555],[-97.79549,30.1856],[-97.7952,30.18562],[-97.7947,30.18551],[-97.79438,30.18537],[-97.79418,30.1857],[-97.79411,30.18595],[-97.79413,30.18727],[-97.79418,30.18985],[-97.79419,30.19097],[-97.79421,30.19197],[-97.79427,30.19372],[-97.79526,30.19423],[-97.79647,30.19485],[-97.7976,30.19538],[-97.79833,30.19574],[-97.79889,30.19596],[-97.79946,30.19626],[-97.79926,30.19672],[-97.8,30.19705],[-97.79831,30.19962],[-97.79799,30.20002],[-97.79882,30.20033],[-97.79896,30.20037],[-97.802,30.20139],[-97.80205,30.2014],[-97.80196,30.20152],[-97.80195,30.20155],[-97.8019,30.20161],[-97.80154,30.20218],[-97.80131,30.20246],[-97.80113,30.20275],[-97.80102,30.20295],[-97.80074,30.20335],[-97.80026,30.20405],[-97.79831,30.20688],[-97.7981,30.20717],[-97.79727,30.20839],[-97.79376,30.21348],[-97.79369,30.21358],[-97.79364,30.21364],[-97.79328,30.21411],[-97.79294,30.21451],[-97.79256,30.21488],[-97.79229,30.21506],[-97.79213,30.21518],[-97.79192,30.21534],[-97.79169,30.21551],[-97.79145,30.21563],[-97.79121,30.21577],[-97.78959,30.21641],[-97.78945,30.21646],[-97.78944,30.21643],[-97.78928,30.21613],[-97.78923,30.21602],[-97.78921,30.21597],[-97.78917,30.21591],[-97.78914,30.21588],[-97.78907,30.21584],[-97.78901,30.2158],[-97.78891,30.21576],[-97.7887,30.21566],[-97.78861,30.2156],[-97.78851,30.21553],[-97.78842,30.21545],[-97.78833,30.21538],[-97.78824,30.21533],[-97.78819,30.2153],[-97.78809,30.21526],[-97.78795,30.21523],[-97.78775,30.21518],[-97.78755,30.21513],[-97.78747,30.21509],[-97.78735,30.21503],[-97.78722,30.21499],[-97.78715,30.21497],[-97.78699,30.21494],[-97.78682,30.21493],[-97.78677,30.21492],[-97.7866,30.21485],[-97.78632,30.21477],[-97.7862,30.21473],[-97.78611,30.2147],[-97.78592,30.21464],[-97.78583,30.21463],[-97.7857,30.21463],[-97.78551,30.21465],[-97.7854,30.21465],[-97.78528,30.21465],[-97.78518,30.21463],[-97.78513,30.21461],[-97.78504,30.21456],[-97.78498,30.21451],[-97.78477,30.21432],[-97.78471,30.21423],[-97.78445,30.21392],[-97.78432,30.21382],[-97.78428,30.21378],[-97.78415,30.21364],[-97.78388,30.21338],[-97.78378,30.2133],[-97.78371,30.21326],[-97.78351,30.21317],[-97.78339,30.21313],[-97.78325,30.21309],[-97.78317,30.21308],[-97.78305,30.21308],[-97.78301,30.21309],[-97.78291,30.21311],[-97.78282,30.21312],[-97.78277,30.21312],[-97.78256,30.21303],[-97.78211,30.21282],[-97.78197,30.21275],[-97.78169,30.21264],[-97.78159,30.2126],[-97.78149,30.21256],[-97.78141,30.21252],[-97.78136,30.21247],[-97.7813,30.2124],[-97.78122,30.21227],[-97.78115,30.21218],[-97.78107,30.2121],[-97.78101,30.21205],[-97.78093,30.21202],[-97.78084,30.21201],[-97.78078,30.212],[-97.7805,30.21199],[-97.78035,30.21198],[-97.78021,30.21198],[-97.78002,30.212],[-97.77988,30.21202],[-97.77978,30.21202],[-97.77968,30.21202],[-97.77947,30.21198],[-97.77908,30.21194],[-97.77898,30.21193],[-97.77925,30.21125],[-97.77977,30.21057],[-97.78034,30.20993],[-97.78144,30.20856],[-97.78147,30.20852],[-97.78153,30.20845],[-97.78156,30.20839],[-97.78157,30.20836],[-97.77988,30.20745],[-97.7789,30.20693],[-97.77742,30.20605],[-97.77523,30.20485],[-97.77483,30.20489],[-97.77516,30.20388],[-97.77538,30.20325],[-97.77554,30.20249],[-97.77559,30.20233],[-97.77484,30.20215],[-97.77224,30.20089],[-97.77216,30.20085],[-97.76919,30.19941],[-97.7687,30.19882],[-97.76856,30.19868],[-97.7685,30.19862],[-97.76842,30.19854],[-97.76797,30.19825],[-97.76768,30.19806],[-97.76729,30.19792],[-97.76692,30.1978],[-97.7663,30.1977],[-97.76584,30.19765],[-97.76547,30.19748],[-97.76504,30.19753],[-97.76489,30.19772],[-97.76422,30.19853],[-97.76341,30.19951],[-97.76192,30.20131],[-97.76166,30.20168],[-97.76164,30.20171],[-97.7609,30.20264],[-97.76046,30.20317],[-97.76,30.20372],[-97.75935,30.20451],[-97.75864,30.20537],[-97.75836,30.2057],[-97.75775,30.20652],[-97.75731,30.20707],[-97.75652,30.2082],[-97.75606,30.20896],[-97.75597,30.2091],[-97.75562,30.20968],[-97.7549,30.21082],[-97.75347,30.2131],[-97.75287,30.21405],[-97.75267,30.21441],[-97.75209,30.21539],[-97.75204,30.21547],[-97.75194,30.21561],[-97.75146,30.21631],[-97.75144,30.21635],[-97.7513,30.21657],[-97.75106,30.21654],[-97.75095,30.21653],[-97.75067,30.2165],[-97.7504,30.21649],[-97.75016,30.21647],[-97.74997,30.21646],[-97.74957,30.21646],[-97.74899,30.21649],[-97.74718,30.21652],[-97.74597,30.21649],[-97.74471,30.21641],[-97.74448,30.21637],[-97.74399,30.21633],[-97.74381,30.21631],[-97.74094,30.21612],[-97.73988,30.21602],[-97.73906,30.21593],[-97.73887,30.2159],[-97.73873,30.21588],[-97.73533,30.21539],[-97.73509,30.21535],[-97.73499,30.21534],[-97.73492,30.21533],[-97.73464,30.21529],[-97.73444,30.21526],[-97.73345,30.21511],[-97.73193,30.2149],[-97.73053,30.2147],[-97.72797,30.21433],[-97.72301,30.21372],[-97.72067,30.21351],[-97.72046,30.21349],[-97.72031,30.21347],[-97.71939,30.21339],[-97.71802,30.21324],[-97.71641,30.21306],[-97.71415,30.21271],[-97.71252,30.21243],[-97.71235,30.21234],[-97.71219,30.2124],[-97.71197,30.2127],[-97.71158,30.21269],[-97.711,30.21269],[-97.71016,30.21277],[-97.709,30.21297],[-97.7078,30.21331],[-97.70542,30.21408],[-97.7053,30.21412],[-97.70521,30.21414],[-97.70512,30.21416],[-97.705,30.2142],[-97.70438,30.2144],[-97.70378,30.21459],[-97.70214,30.21512],[-97.69839,30.21633],[-97.69444,30.21761],[-97.69304,30.21806],[-97.69187,30.21853],[-97.69149,30.21869],[-97.6913,30.21879],[-97.69107,30.21855],[-97.69092,30.21837],[-97.69065,30.21801],[-97.69063,30.21802],[-97.69059,30.21803],[-97.69051,30.21807],[-97.69048,30.21808],[-97.69044,30.21809],[-97.69034,30.21813],[-97.6902,30.21819],[-97.68975,30.21841],[-97.68825,30.21926],[-97.68808,30.21935],[-97.68787,30.21947],[-97.68689,30.22002],[-97.68596,30.22055],[-97.68482,30.22116],[-97.68421,30.22143],[-97.68374,30.22157],[-97.68371,30.22158],[-97.68332,30.2217],[-97.68306,30.22179],[-97.68249,30.22195],[-97.68209,30.22208],[-97.68159,30.2222],[-97.68114,30.22229],[-97.68056,30.22236],[-97.67995,30.2224],[-97.67971,30.22239],[-97.6795,30.2224],[-97.67924,30.2224],[-97.6783,30.22232],[-97.67788,30.22229],[-97.67758,30.22225],[-97.6773,30.22219],[-97.677,30.22212],[-97.67677,30.22208],[-97.67662,30.22235],[-97.67648,30.22251],[-97.67651,30.22257],[-97.67654,30.22263],[-97.67708,30.22282],[-97.67764,30.2231],[-97.67823,30.2234],[-97.67817,30.22346],[-97.6786,30.22414],[-97.67799,30.22364],[-97.67794,30.22369],[-97.67457,30.22666],[-97.67387,30.2273],[-97.67143,30.22956],[-97.67095,30.23],[-97.66827,30.22775],[-97.66738,30.22701],[-97.66605,30.22802],[-97.66549,30.22789],[-97.66448,30.22834],[-97.66433,30.2284],[-97.66432,30.22841],[-97.66428,30.22843],[-97.66427,30.22843],[-97.66389,30.22807],[-97.66358,30.22778],[-97.66357,30.22728],[-97.66356,30.22704],[-97.66356,30.22693],[-97.66356,30.22679],[-97.66269,30.22607],[-97.6625,30.22592],[-97.6617,30.22526],[-97.66116,30.22576],[-97.65865,30.22809],[-97.65857,30.22823],[-97.65851,30.22829],[-97.65838,30.22843],[-97.65831,30.22852],[-97.6578,30.22913],[-97.65728,30.2297],[-97.65676,30.23024],[-97.656,30.23105],[-97.65581,30.23126],[-97.65569,30.2314],[-97.6547,30.23255],[-97.6546,30.23265],[-97.65447,30.23277],[-97.65412,30.23315],[-97.6534,30.23393],[-97.65305,30.2343],[-97.65281,30.23456],[-97.65275,30.23459],[-97.65199,30.23498],[-97.65111,30.23536],[-97.65055,30.23561],[-97.65037,30.2357],[-97.65006,30.23583],[-97.64928,30.23622],[-97.64879,30.23636],[-97.64845,30.23649],[-97.64813,30.23658],[-97.64735,30.23676],[-97.64716,30.2368],[-97.64636,30.23699],[-97.64608,30.23706],[-97.64553,30.23715],[-97.64517,30.23721],[-97.6448,30.23727],[-97.64465,30.23729],[-97.6446,30.2373],[-97.64438,30.23734],[-97.64434,30.23735],[-97.64423,30.23737],[-97.64406,30.23739],[-97.64388,30.23742],[-97.64374,30.23744],[-97.64363,30.23745],[-97.64355,30.23747],[-97.64333,30.23751],[-97.64322,30.23751],[-97.64319,30.23751],[-97.64303,30.23752],[-97.64289,30.23755],[-97.64281,30.23754],[-97.64277,30.23754],[-97.64266,30.23756],[-97.64261,30.23757],[-97.64257,30.23758],[-97.64235,30.23765],[-97.64226,30.23768],[-97.64222,30.23769],[-97.64217,30.23771],[-97.64211,30.23772],[-97.64203,30.23776],[-97.64199,30.23777],[-97.64191,30.23778],[-97.64179,30.23781],[-97.64175,30.23782],[-97.64172,30.23783],[-97.64166,30.23784],[-97.64161,30.23785],[-97.64155,30.23787],[-97.64143,30.2379],[-97.64132,30.23793],[-97.6413,30.23793],[-97.64118,30.23796],[-97.64114,30.23798],[-97.64106,30.238],[-97.64095,30.23803],[-97.64089,30.23805],[-97.64082,30.23807],[-97.64079,30.23808],[-97.6407,30.2381],[-97.64047,30.23818],[-97.64041,30.2382],[-97.64035,30.23822],[-97.64031,30.23824],[-97.6402,30.23827],[-97.64012,30.2383],[-97.64001,30.23831],[-97.63989,30.23835],[-97.63983,30.23837],[-97.6398,30.23838],[-97.63972,30.2384],[-97.63965,30.23843],[-97.63946,30.23849],[-97.63941,30.2385],[-97.63889,30.23865],[-97.63835,30.23879],[-97.63802,30.23888],[-97.63583,30.23944],[-97.63503,30.23965],[-97.63494,30.23967],[-97.63473,30.23972],[-97.63414,30.24008],[-97.63393,30.2402],[-97.63336,30.24055],[-97.63331,30.24059],[-97.63328,30.24061],[-97.63324,30.24064],[-97.63315,30.24071],[-97.63305,30.2408],[-97.63297,30.24085],[-97.63282,30.24092],[-97.63277,30.24098],[-97.63274,30.24103],[-97.6327,30.24108],[-97.63268,30.24111],[-97.63266,30.24114],[-97.63259,30.24121],[-97.63257,30.24123],[-97.63247,30.24132],[-97.63242,30.24137],[-97.63238,30.24141],[-97.63234,30.24144],[-97.63228,30.2415],[-97.63219,30.24159],[-97.63214,30.24167],[-97.63196,30.24187],[-97.63185,30.24199],[-97.63173,30.24212],[-97.63161,30.24225],[-97.63152,30.24234],[-97.63138,30.24249],[-97.6312,30.24273],[-97.63108,30.24287],[-97.63058,30.24344],[-97.62955,30.24496],[-97.62904,30.24572],[-97.62847,30.24658],[-97.62808,30.24718],[-97.62735,30.24831],[-97.6273,30.24839],[-97.62701,30.24884],[-97.62671,30.24934],[-97.62669,30.24943],[-97.62666,30.24953],[-97.62655,30.24972],[-97.62649,30.24986],[-97.62647,30.24991],[-97.62633,30.25022],[-97.62631,30.25032],[-97.62624,30.25057],[-97.62615,30.25092],[-97.6261,30.25116],[-97.62608,30.25123],[-97.62608,30.25145],[-97.62608,30.25166],[-97.62606,30.25228],[-97.62605,30.25291],[-97.62606,30.25304],[-97.62606,30.25318],[-97.62611,30.25384],[-97.62617,30.25414],[-97.62633,30.25487],[-97.62647,30.25494],[-97.62675,30.25507],[-97.62689,30.2551],[-97.62694,30.25511],[-97.62705,30.25515],[-97.62726,30.25521],[-97.6273,30.25522],[-97.62757,30.25529],[-97.6277,30.25532],[-97.62784,30.25536],[-97.62855,30.25558],[-97.62881,30.25565],[-97.62885,30.25564],[-97.62889,30.25563],[-97.62893,30.25562],[-97.629,30.25559],[-97.62907,30.25557],[-97.6291,30.25557],[-97.62916,30.25555],[-97.62923,30.25553],[-97.62927,30.25552],[-97.62934,30.2555],[-97.62943,30.25548],[-97.62951,30.25546],[-97.62961,30.25544],[-97.62969,30.25543],[-97.6298,30.25541],[-97.62984,30.2554],[-97.62988,30.25539],[-97.62993,30.25539],[-97.62997,30.25538],[-97.63003,30.25537],[-97.63005,30.25537],[-97.63161,30.25499],[-97.63241,30.25509],[-97.63253,30.25521],[-97.63265,30.25523],[-97.63271,30.25524],[-97.63276,30.25524],[-97.6328,30.25523],[-97.63288,30.25522],[-97.63299,30.25519],[-97.63354,30.25524],[-97.63407,30.25529],[-97.63498,30.25537],[-97.63847,30.25567],[-97.6395,30.25576],[-97.64015,30.25581],[-97.64026,30.25581],[-97.64034,30.25582],[-97.64041,30.25582],[-97.64045,30.25582],[-97.6405,30.25583],[-97.64055,30.25583],[-97.64064,30.25585],[-97.64073,30.25586],[-97.64083,30.25589],[-97.64093,30.25592],[-97.64101,30.25594],[-97.64111,30.25598],[-97.64119,30.25602],[-97.64127,30.25606],[-97.64136,30.25611],[-97.64144,30.25617],[-97.64151,30.25622],[-97.64158,30.25628],[-97.64161,30.2563],[-97.64165,30.25634],[-97.64167,30.25636],[-97.64172,30.2564],[-97.64176,30.25645],[-97.64178,30.25648],[-97.64183,30.25654],[-97.64189,30.25661],[-97.64194,30.25668],[-97.64196,30.25673],[-97.64198,30.25676],[-97.64199,30.25679],[-97.64202,30.25684],[-97.64203,30.25687],[-97.64204,30.25689],[-97.64205,30.25692],[-97.64208,30.25699],[-97.64211,30.25708],[-97.64212,30.25716],[-97.64213,30.25721],[-97.64214,30.25725],[-97.6421,30.25824],[-97.64206,30.25934],[-97.64209,30.2594],[-97.64213,30.25947],[-97.64217,30.25954],[-97.64219,30.25959],[-97.6422,30.25962],[-97.64222,30.25966],[-97.64223,30.25969],[-97.64224,30.25973],[-97.64225,30.25977],[-97.64226,30.25981],[-97.64227,30.25985],[-97.64227,30.25989],[-97.64228,30.25993],[-97.64228,30.25997],[-97.64228,30.26002],[-97.64229,30.26008],[-97.64228,30.26014],[-97.64228,30.26017],[-97.64228,30.26023],[-97.64227,30.26028],[-97.64226,30.26034],[-97.64224,30.26041],[-97.64223,30.26047],[-97.64222,30.26049],[-97.64219,30.26057],[-97.64215,30.26065],[-97.64212,30.26072],[-97.64208,30.26079],[-97.64203,30.26086],[-97.64198,30.26091],[-97.64196,30.26095],[-97.64193,30.26099],[-97.64187,30.26105],[-97.64201,30.2612],[-97.64286,30.26218],[-97.64267,30.26248],[-97.64245,30.26283],[-97.64242,30.26288],[-97.64234,30.26294],[-97.64231,30.26298],[-97.64212,30.26314],[-97.64202,30.26321],[-97.64193,30.26326],[-97.64184,30.2633],[-97.64171,30.26334],[-97.64159,30.26337],[-97.64142,30.26338],[-97.64081,30.26241],[-97.64003,30.25995],[-97.63986,30.25896],[-97.63972,30.25858],[-97.63945,30.25823],[-97.63895,30.25795],[-97.63526,30.25696],[-97.63442,30.25667],[-97.63432,30.25667],[-97.6337,30.25662],[-97.63317,30.25657],[-97.63314,30.25658],[-97.6331,30.25659],[-97.63301,30.25661],[-97.63298,30.25662],[-97.63292,30.25663],[-97.63285,30.25663],[-97.63276,30.25664],[-97.63269,30.25664],[-97.63261,30.25664],[-97.63258,30.25663],[-97.63252,30.25663],[-97.63244,30.25662],[-97.6324,30.25661],[-97.63236,30.2566],[-97.63232,30.25659],[-97.63228,30.25658],[-97.63218,30.25655],[-97.6321,30.25656],[-97.63189,30.25659],[-97.63172,30.25661],[-97.63153,30.25663],[-97.63019,30.25674],[-97.63012,30.25675],[-97.6301,30.25675],[-97.63,30.25676],[-97.6299,30.25677],[-97.62981,30.25679],[-97.62977,30.2568],[-97.62971,30.25682],[-97.62961,30.25684],[-97.62952,30.25687],[-97.62948,30.25689],[-97.62943,30.25691],[-97.6294,30.25692],[-97.62934,30.25695],[-97.62926,30.25699],[-97.62917,30.25704],[-97.62912,30.25707],[-97.6291,30.25708],[-97.62906,30.25709],[-97.62899,30.25711],[-97.62891,30.25713],[-97.62887,30.25714],[-97.62881,30.25715],[-97.62879,30.25715],[-97.62875,30.25715],[-97.62871,30.25716],[-97.62861,30.25717],[-97.62855,30.25717],[-97.6285,30.25717],[-97.62841,30.25717],[-97.62832,30.25717],[-97.62826,30.25716],[-97.6282,30.25716],[-97.62811,30.25715],[-97.62802,30.25713],[-97.62792,30.25711],[-97.62783,30.25708],[-97.62768,30.25705],[-97.62761,30.25704],[-97.62749,30.25702],[-97.62746,30.25701],[-97.62744,30.25701],[-97.62741,30.25701],[-97.62737,30.257],[-97.62724,30.25697],[-97.62718,30.25696],[-97.62711,30.25694],[-97.62706,30.25692],[-97.62703,30.25691],[-97.627,30.2569],[-97.62697,30.25689],[-97.62694,30.25689],[-97.6269,30.25687],[-97.62687,30.25686],[-97.62681,30.25684],[-97.62676,30.25682],[-97.62665,30.25678],[-97.62654,30.25672],[-97.62648,30.25669],[-97.62637,30.25664],[-97.6263,30.2566],[-97.62626,30.25658],[-97.62621,30.25655],[-97.62616,30.25651],[-97.62611,30.25648],[-97.62606,30.25644],[-97.62601,30.25641],[-97.62596,30.25637],[-97.62591,30.25634],[-97.62586,30.2563],[-97.62582,30.25626],[-97.62578,30.25622],[-97.62573,30.25618],[-97.62566,30.2561],[-97.62561,30.25606],[-97.62556,30.25601],[-97.62552,30.25597],[-97.62549,30.25592],[-97.62545,30.25588],[-97.62544,30.25586],[-97.62542,30.25583],[-97.62538,30.25579],[-97.62535,30.25574],[-97.62532,30.25569],[-97.62527,30.2556],[-97.62524,30.25555],[-97.62521,30.25537],[-97.62453,30.25197],[-97.62451,30.2514],[-97.62451,30.25125],[-97.62451,30.25054],[-97.62452,30.25018],[-97.62483,30.24959],[-97.62497,30.24934],[-97.62499,30.24931],[-97.62501,30.2492],[-97.62517,30.24873],[-97.62517,30.24866],[-97.62521,30.24853],[-97.62523,30.24847],[-97.62524,30.24843],[-97.6253,30.24832],[-97.62539,30.24814],[-97.62563,30.24758],[-97.62618,30.24674],[-97.62725,30.24504],[-97.62767,30.24439],[-97.6284,30.24321],[-97.62884,30.24253],[-97.62899,30.24232],[-97.62908,30.24219],[-97.62941,30.2417],[-97.62982,30.24108],[-97.63001,30.24083],[-97.63007,30.24075],[-97.63038,30.24034],[-97.63111,30.23947],[-97.63164,30.23924],[-97.63197,30.2391],[-97.63206,30.23906],[-97.63221,30.239],[-97.63226,30.23898],[-97.6323,30.23896],[-97.63255,30.23885],[-97.63288,30.23872],[-97.63495,30.2379],[-97.63507,30.23784],[-97.63511,30.23783],[-97.63528,30.23775],[-97.63537,30.23772],[-97.6357,30.23763],[-97.63642,30.23745],[-97.63669,30.23738],[-97.63826,30.23702],[-97.63913,30.23681],[-97.63953,30.23673],[-97.64135,30.23634],[-97.64209,30.23618],[-97.64262,30.23608],[-97.64297,30.23601],[-97.64353,30.23589],[-97.64378,30.23585],[-97.64478,30.23567],[-97.64521,30.23563],[-97.64534,30.23561],[-97.64556,30.23559],[-97.64624,30.23546],[-97.6463,30.23545],[-97.64633,30.23544],[-97.64679,30.23538],[-97.6471,30.2353],[-97.64726,30.23526],[-97.64778,30.23513],[-97.64805,30.23506],[-97.64808,30.23505],[-97.64817,30.23503],[-97.64887,30.23478],[-97.649,30.23474],[-97.64927,30.23464],[-97.65003,30.23431],[-97.65041,30.23415],[-97.65055,30.23409],[-97.65083,30.23397],[-97.65101,30.23388],[-97.65115,30.23382],[-97.65121,30.23379],[-97.65126,30.23375],[-97.65134,30.2337],[-97.65198,30.23318],[-97.65237,30.23273],[-97.6525,30.2326],[-97.6526,30.2325],[-97.65264,30.23244],[-97.65302,30.23181],[-97.65305,30.23176],[-97.65321,30.23148],[-97.65333,30.23135],[-97.65345,30.23121],[-97.65356,30.23108],[-97.65395,30.23063],[-97.65397,30.23061],[-97.6563,30.22835],[-97.65727,30.22733],[-97.65731,30.22721],[-97.65735,30.22715],[-97.65736,30.22712],[-97.65739,30.22707],[-97.65742,30.227],[-97.65745,30.22693],[-97.65747,30.22685],[-97.65748,30.22663],[-97.65749,30.22649],[-97.6575,30.22636],[-97.6575,30.22613],[-97.6575,30.22598],[-97.6575,30.22578],[-97.65705,30.22474],[-97.65683,30.22406],[-97.65675,30.22383],[-97.6567,30.22367],[-97.65625,30.22277],[-97.65601,30.2224],[-97.65588,30.22217],[-97.65581,30.22204],[-97.65556,30.22175],[-97.65529,30.22143],[-97.65502,30.22117],[-97.65437,30.22053],[-97.65401,30.22016],[-97.65382,30.21997],[-97.65314,30.21907],[-97.65272,30.21856],[-97.65188,30.21755],[-97.65129,30.21686],[-97.65112,30.21666],[-97.65073,30.21619],[-97.65036,30.21574],[-97.64994,30.21534],[-97.64981,30.21522],[-97.64971,30.21514],[-97.64967,30.2151],[-97.6495,30.21497],[-97.64929,30.21479],[-97.64926,30.21477],[-97.64922,30.21473],[-97.6491,30.21463],[-97.64885,30.21435],[-97.64882,30.21432],[-97.64875,30.21423],[-97.64785,30.21326],[-97.64777,30.21317],[-97.64772,30.21312],[-97.6477,30.21309],[-97.64767,30.21307],[-97.64762,30.21301],[-97.64759,30.21299],[-97.64756,30.21296],[-97.64751,30.2129],[-97.64745,30.21285],[-97.6474,30.2128],[-97.64736,30.21276],[-97.64734,30.21275],[-97.64729,30.2127],[-97.64725,30.21267],[-97.64722,30.21265],[-97.64717,30.2126],[-97.6471,30.21255],[-97.64707,30.21253],[-97.64704,30.2125],[-97.64697,30.21245],[-97.64692,30.21241],[-97.64685,30.21237],[-97.64678,30.21232],[-97.64672,30.21228],[-97.64665,30.21224],[-97.64662,30.21222],[-97.64659,30.2122],[-97.64655,30.21218],[-97.64652,30.21216],[-97.6465,30.21215],[-97.64645,30.21212],[-97.64637,30.21208],[-97.6463,30.21204],[-97.64626,30.21202],[-97.64624,30.212],[-97.64616,30.21197],[-97.6461,30.21193],[-97.64597,30.21188],[-97.64594,30.21186],[-97.64587,30.21183],[-97.64583,30.21182],[-97.6458,30.21181],[-97.64576,30.21179],[-97.64572,30.21177],[-97.64565,30.21175],[-97.6456,30.21173],[-97.64557,30.21172],[-97.64546,30.21168],[-97.64542,30.21167],[-97.64535,30.21164],[-97.64531,30.21163],[-97.64525,30.21162],[-97.64519,30.21159],[-97.64481,30.21148],[-97.64475,30.21146],[-97.6441,30.2113],[-97.64361,30.21119],[-97.64342,30.21114],[-97.64324,30.2111],[-97.64311,30.21108],[-97.64306,30.21107],[-97.64294,30.21104],[-97.64287,30.21102],[-97.64283,30.21101],[-97.6428,30.211],[-97.64274,30.21098],[-97.64268,30.21096],[-97.64262,30.21094],[-97.64256,30.21092],[-97.64243,30.21087],[-97.64241,30.21086],[-97.64237,30.21085],[-97.6423,30.21082],[-97.64225,30.2108],[-97.6422,30.21077],[-97.64214,30.21074],[-97.64208,30.21071],[-97.642,30.21066],[-97.64197,30.21065],[-97.64191,30.21062],[-97.64186,30.21058],[-97.6418,30.21056],[-97.64138,30.21038],[-97.64105,30.21013],[-97.64085,30.20998],[-97.64065,30.20984],[-97.64044,30.20975],[-97.64038,30.20972],[-97.64001,30.20957],[-97.63935,30.20932],[-97.63925,30.20931],[-97.63918,30.20931],[-97.639,30.20929],[-97.63821,30.20926],[-97.63809,30.20922],[-97.63798,30.20918],[-97.63773,30.20914],[-97.63572,30.20886],[-97.63526,30.2088],[-97.63409,30.20863],[-97.63348,30.20854],[-97.6334,30.20853],[-97.63333,30.20853],[-97.63326,30.20853],[-97.63323,30.20853],[-97.63318,30.20853],[-97.63311,30.20854],[-97.63308,30.20854],[-97.63302,30.20855],[-97.63297,30.20856],[-97.63289,30.20857],[-97.63284,30.2086],[-97.63279,30.20861],[-97.63274,30.20863],[-97.6327,30.20864],[-97.63262,30.20866],[-97.63251,30.20869],[-97.63245,30.20871],[-97.63238,30.20873],[-97.63227,30.20877],[-97.6322,30.20879],[-97.63215,30.2088],[-97.63212,30.20881],[-97.63203,30.20884],[-97.63201,30.20886],[-97.63192,30.20888],[-97.63183,30.20891],[-97.6318,30.20893],[-97.63177,30.20894],[-97.63173,30.20895],[-97.63169,30.20897],[-97.63163,30.20899],[-97.63157,30.20901],[-97.6308,30.20934],[-97.62934,30.20996],[-97.62877,30.21017],[-97.62873,30.21018],[-97.62851,30.21026],[-97.62837,30.2103],[-97.62782,30.21043],[-97.62748,30.21052],[-97.62723,30.21058],[-97.62698,30.21066],[-97.62616,30.2109],[-97.62693,30.21013],[-97.62741,30.20963],[-97.6278,30.20924],[-97.62835,30.20869],[-97.62774,30.20893],[-97.62753,30.20902],[-97.62639,30.20931],[-97.62628,30.20933],[-97.62589,30.20938],[-97.62569,30.20941],[-97.62529,30.20952],[-97.62497,30.20956],[-97.62422,30.20967],[-97.62275,30.20994],[-97.62221,30.21005],[-97.62213,30.21006],[-97.62206,30.21007],[-97.62178,30.2101],[-97.62166,30.21012],[-97.62095,30.21021],[-97.62076,30.21024],[-97.61984,30.21043],[-97.61967,30.21047],[-97.61931,30.21066],[-97.61843,30.21111],[-97.61752,30.21161],[-97.61696,30.21194],[-97.61692,30.2119],[-97.61668,30.21201],[-97.61596,30.21253],[-97.61515,30.21287],[-97.61437,30.21317],[-97.61372,30.2131],[-97.61237,30.21195],[-97.61228,30.2118],[-97.61199,30.21198],[-97.60998,30.21009],[-97.60659,30.21024],[-97.6045,30.21034],[-97.6044,30.21034],[-97.60426,30.21034],[-97.60408,30.2102],[-97.60078,30.20763],[-97.60033,30.20729],[-97.6008,30.20685],[-97.60105,30.20661],[-97.60081,30.20643],[-97.59996,30.20579],[-97.59993,30.20583],[-97.59984,30.20597],[-97.59977,30.20608],[-97.59974,30.20611],[-97.59948,30.20638],[-97.59934,30.20647],[-97.59906,30.20665],[-97.59883,30.20666],[-97.59876,30.20666],[-97.59794,30.2066],[-97.59779,30.20658],[-97.5976,30.2065],[-97.59717,30.20631],[-97.59629,30.20588],[-97.59554,30.20551],[-97.59552,30.2055],[-97.59545,30.20547],[-97.59529,30.20539],[-97.5952,30.20535],[-97.59486,30.20519],[-97.59457,30.20506],[-97.59436,30.20498],[-97.59413,30.20489],[-97.59353,30.20474],[-97.59343,30.20472],[-97.59221,30.20471],[-97.59143,30.20474],[-97.59117,30.2048],[-97.5907,30.2049],[-97.59044,30.205],[-97.59037,30.20502],[-97.59013,30.20511],[-97.59005,30.20514],[-97.5895,30.20532],[-97.58917,30.20548],[-97.58915,30.20549],[-97.589,30.20547],[-97.58866,30.20544],[-97.58845,30.20553],[-97.58818,30.20554],[-97.58808,30.20556],[-97.58803,30.20558],[-97.58789,30.20563],[-97.58786,30.20564],[-97.58772,30.2057],[-97.58762,30.20574],[-97.58746,30.2058],[-97.58742,30.2058],[-97.58723,30.20584],[-97.58713,30.20584],[-97.58707,30.20585],[-97.58702,30.20584],[-97.5884,30.20361],[-97.58857,30.20334],[-97.59045,30.20042],[-97.59107,30.19945],[-97.59142,30.1989],[-97.59211,30.19783],[-97.59256,30.19711],[-97.59279,30.19674],[-97.59311,30.19623],[-97.5932,30.19627],[-97.59342,30.1959],[-97.59684,30.19019],[-97.59762,30.18887],[-97.59799,30.18825],[-97.59797,30.18781],[-97.59797,30.18778],[-97.59797,30.18777],[-97.59815,30.18775],[-97.6019,30.18728],[-97.60218,30.18724],[-97.60248,30.1872],[-97.60271,30.18718],[-97.60344,30.18708],[-97.60346,30.18722],[-97.6036,30.18815],[-97.60342,30.18845],[-97.60262,30.18972],[-97.60183,30.19097],[-97.60145,30.19157],[-97.60142,30.19162],[-97.60122,30.19193],[-97.60098,30.19231],[-97.60121,30.19238],[-97.60143,30.19245],[-97.60241,30.19276],[-97.60255,30.1928],[-97.60264,30.19283],[-97.60323,30.193],[-97.60395,30.1932],[-97.60422,30.19328],[-97.60438,30.19332],[-97.60455,30.19337],[-97.60436,30.19367],[-97.60391,30.19437],[-97.60379,30.19456],[-97.60345,30.19509],[-97.60313,30.19558],[-97.60125,30.1985],[-97.60102,30.19886],[-97.60066,30.19942],[-97.60056,30.19959],[-97.601,30.19979],[-97.60122,30.19989],[-97.60242,30.20042],[-97.60262,30.20036],[-97.60271,30.20033],[-97.60329,30.20014],[-97.60352,30.20006],[-97.60384,30.19997],[-97.60446,30.1999],[-97.60481,30.19982],[-97.6054,30.19968],[-97.60574,30.19874],[-97.60578,30.19858],[-97.60664,30.19837],[-97.60745,30.19875],[-97.60776,30.1989],[-97.6084,30.19922],[-97.60846,30.19925],[-97.6087,30.19936],[-97.60896,30.19949],[-97.60902,30.19951],[-97.60937,30.19975],[-97.60957,30.19993],[-97.6097,30.20004],[-97.6098,30.19997],[-97.61129,30.19892],[-97.61273,30.1979],[-97.61266,30.19662],[-97.61253,30.19441],[-97.61309,30.19365],[-97.61363,30.19293],[-97.61382,30.19268],[-97.61458,30.19165],[-97.61551,30.19175],[-97.61548,30.19168],[-97.61551,30.19141],[-97.61551,30.19128],[-97.61552,30.19095],[-97.61578,30.19052],[-97.61599,30.19037],[-97.61634,30.19012],[-97.61665,30.18989],[-97.61735,30.1897],[-97.61772,30.18962],[-97.61806,30.1895],[-97.61827,30.18943],[-97.61841,30.18937],[-97.61918,30.19009],[-97.61936,30.19026],[-97.62121,30.19197],[-97.6216,30.19233],[-97.62366,30.19409],[-97.6239,30.1943],[-97.62431,30.19464],[-97.62458,30.19487],[-97.62461,30.1948],[-97.62494,30.19409],[-97.62533,30.19333],[-97.62571,30.19247],[-97.62605,30.19159],[-97.62634,30.19055],[-97.62641,30.19041],[-97.62713,30.19055],[-97.62755,30.19062],[-97.62801,30.19072],[-97.62851,30.19079],[-97.62892,30.19083],[-97.62991,30.19086],[-97.63019,30.19082],[-97.63055,30.19081],[-97.63099,30.19089],[-97.63172,30.1912],[-97.63244,30.19033],[-97.63255,30.18993],[-97.63244,30.18977],[-97.63161,30.18942],[-97.63187,30.18944],[-97.63194,30.18944],[-97.6321,30.18943],[-97.63214,30.18943],[-97.63229,30.1894],[-97.6324,30.18937],[-97.63272,30.18918],[-97.63285,30.18894],[-97.63288,30.18863],[-97.63284,30.18851],[-97.63283,30.18849],[-97.63284,30.18848],[-97.63269,30.18819],[-97.63263,30.18782],[-97.63264,30.18745],[-97.63258,30.18722],[-97.63241,30.1871],[-97.6323,30.18685],[-97.63236,30.18645],[-97.63274,30.18546],[-97.63288,30.18532],[-97.63578,30.18776],[-97.63592,30.18779],[-97.63616,30.18764],[-97.63644,30.18755],[-97.63648,30.18755],[-97.63657,30.18755],[-97.63668,30.18754],[-97.63738,30.18711],[-97.63784,30.18684],[-97.63792,30.18681],[-97.63817,30.1867],[-97.63825,30.18663],[-97.63843,30.18648],[-97.63862,30.1864],[-97.63876,30.18635],[-97.63895,30.1862],[-97.63923,30.18602],[-97.63939,30.18592],[-97.63953,30.18573],[-97.63972,30.18562],[-97.6398,30.18558],[-97.63991,30.18553],[-97.64,30.18549],[-97.64025,30.18544],[-97.64053,30.18524],[-97.64108,30.18523],[-97.64197,30.18522],[-97.64057,30.18458],[-97.63965,30.18416],[-97.63759,30.18303],[-97.63664,30.18255],[-97.63515,30.18182],[-97.6375,30.17792],[-97.6365,30.17745],[-97.63605,30.17723],[-97.63552,30.17697],[-97.6351,30.17677],[-97.63404,30.17627],[-97.63186,30.17769],[-97.63065,30.17848],[-97.62849,30.1799],[-97.62529,30.18199],[-97.62129,30.18461],[-97.62097,30.18446],[-97.62061,30.1843],[-97.6198,30.18392],[-97.61898,30.18353],[-97.61881,30.18345],[-97.62003,30.18119],[-97.6171,30.17977],[-97.61565,30.17907],[-97.61497,30.17874],[-97.61483,30.17869],[-97.61488,30.17863],[-97.6152,30.1783],[-97.61571,30.17795],[-97.61609,30.17775],[-97.61699,30.17736],[-97.61684,30.17727],[-97.61548,30.17663],[-97.61282,30.17536],[-97.61273,30.17532],[-97.60787,30.17302],[-97.6086,30.17188],[-97.60908,30.17112],[-97.60983,30.16994],[-97.61004,30.16963],[-97.61026,30.16931],[-97.61065,30.16869],[-97.61143,30.16905],[-97.61154,30.16888],[-97.61199,30.1682],[-97.61218,30.16793],[-97.61258,30.16732],[-97.61303,30.16666],[-97.615,30.1676],[-97.61599,30.16621],[-97.61607,30.1661],[-97.61605,30.16608],[-97.61563,30.16587],[-97.61427,30.16522],[-97.6111,30.1637],[-97.61001,30.16318],[-97.60816,30.16226],[-97.60809,30.16222],[-97.6042,30.16056],[-97.60416,30.16054],[-97.60418,30.1605],[-97.60795,30.15466],[-97.60912,30.15284],[-97.60952,30.15222],[-97.60955,30.15217],[-97.61059,30.15056],[-97.61065,30.15059],[-97.6107,30.15061],[-97.61119,30.15085],[-97.61514,30.15275],[-97.61699,30.1536],[-97.6162,30.15485],[-97.6155,30.15591],[-97.61486,30.15679],[-97.61442,30.15741],[-97.61401,30.15796],[-97.61413,30.15802],[-97.61514,30.15852],[-97.61554,30.15871],[-97.61642,30.15914],[-97.61822,30.16003],[-97.62012,30.16096],[-97.62292,30.16233],[-97.62388,30.1628],[-97.62468,30.16318],[-97.62663,30.1641],[-97.62653,30.16409],[-97.62576,30.16409],[-97.62498,30.16416],[-97.62476,30.16393],[-97.62424,30.16361],[-97.62416,30.16362],[-97.62391,30.16365],[-97.6239,30.16366],[-97.62362,30.16399],[-97.62357,30.164],[-97.62532,30.16485],[-97.62914,30.16674],[-97.62977,30.16704],[-97.63161,30.16793],[-97.63188,30.16773],[-97.63324,30.1667],[-97.63578,30.16274],[-97.63583,30.16267],[-97.6346,30.16204],[-97.6331,30.16132],[-97.6307,30.16017],[-97.63021,30.15993],[-97.62952,30.1596],[-97.62713,30.15845],[-97.62599,30.1579],[-97.62571,30.15776],[-97.62384,30.15687],[-97.62468,30.15555],[-97.62538,30.15446],[-97.62544,30.15435],[-97.62564,30.15403],[-97.62596,30.15352],[-97.62566,30.15338],[-97.62496,30.15304],[-97.62345,30.15235],[-97.62283,30.15206],[-97.62249,30.1519],[-97.62178,30.15157],[-97.62161,30.15149],[-97.62151,30.15146],[-97.62161,30.15129],[-97.62193,30.15079],[-97.62012,30.1499],[-97.62003,30.14986],[-97.61773,30.14873],[-97.61754,30.14864],[-97.61728,30.14851],[-97.61653,30.14814],[-97.61587,30.14781],[-97.61328,30.14653],[-97.61359,30.14607],[-97.61374,30.14583],[-97.61431,30.14495],[-97.61508,30.14375],[-97.61579,30.14267],[-97.61604,30.14229],[-97.61604,30.14252],[-97.61617,30.14269],[-97.62204,30.14548],[-97.62208,30.14542],[-97.62245,30.1448],[-97.62261,30.14455],[-97.6232,30.14356],[-97.62337,30.14329],[-97.62434,30.1418],[-97.62065,30.14001],[-97.6182,30.13885],[-97.6186,30.13825],[-97.61869,30.13829],[-97.61902,30.13845],[-97.61957,30.13759],[-97.61915,30.1374],[-97.62079,30.13488],[-97.62086,30.13492],[-97.62152,30.13523],[-97.62272,30.13582],[-97.62149,30.13776],[-97.62374,30.13889],[-97.6242,30.13818],[-97.62473,30.13737],[-97.62484,30.13719],[-97.62499,30.13696],[-97.62506,30.13699],[-97.62529,30.13663],[-97.62548,30.13634],[-97.62692,30.13412],[-97.62729,30.13472],[-97.62763,30.13528],[-97.62817,30.13445],[-97.62884,30.13341],[-97.62914,30.13296],[-97.62529,30.13112],[-97.62451,30.13075],[-97.6237,30.13035],[-97.62377,30.13023],[-97.62529,30.13096],[-97.62938,30.13292],[-97.62989,30.13213],[-97.63015,30.13172],[-97.63074,30.13199],[-97.63071,30.13202],[-97.63139,30.13236],[-97.63177,30.13189],[-97.6305,30.13118],[-97.63053,30.13113],[-97.63142,30.12976],[-97.62732,30.12776],[-97.62646,30.12909],[-97.62632,30.12902],[-97.62508,30.12842],[-97.62497,30.12838],[-97.62555,30.12748],[-97.62593,30.12692],[-97.62604,30.12696],[-97.62803,30.12795],[-97.6349,30.13133],[-97.63516,30.13092],[-97.63674,30.12847],[-97.63263,30.12492],[-97.63394,30.12375],[-97.6329,30.12284],[-97.633,30.12275],[-97.63405,30.12365],[-97.63539,30.12245],[-97.63634,30.1216],[-97.63724,30.12236],[-97.63618,30.12331],[-97.63664,30.1237],[-97.6377,30.12274],[-97.63783,30.12286],[-97.63718,30.12344],[-97.63776,30.12391],[-97.63805,30.12412],[-97.63763,30.12453],[-97.63854,30.12529],[-97.63957,30.12614],[-97.63935,30.12651],[-97.63976,30.12671],[-97.63983,30.12659],[-97.63986,30.1265],[-97.64087,30.12702],[-97.64052,30.12751],[-97.64003,30.12834],[-97.63998,30.12855],[-97.6402,30.12875],[-97.64395,30.13054],[-97.6442,30.13052],[-97.64498,30.13094],[-97.6451,30.13099],[-97.64532,30.1311],[-97.64615,30.1315],[-97.64715,30.13198],[-97.64891,30.13283],[-97.64903,30.13289],[-97.64893,30.133],[-97.64887,30.13306],[-97.64836,30.13388],[-97.64813,30.13425],[-97.64768,30.13497],[-97.64615,30.13741],[-97.64793,30.1382],[-97.65014,30.13919],[-97.64965,30.13997],[-97.64759,30.14328],[-97.64742,30.14322],[-97.64726,30.1432],[-97.64709,30.1432],[-97.64695,30.14323],[-97.64675,30.14331],[-97.64662,30.14341],[-97.64648,30.14355],[-97.64299,30.14898],[-97.64411,30.14952],[-97.646,30.15041],[-97.65039,30.15246],[-97.64979,30.15339],[-97.64963,30.15364],[-97.65116,30.15437],[-97.65334,30.1554],[-97.6537,30.15484],[-97.65468,30.15531],[-97.6555,30.1557],[-97.65574,30.15582],[-97.65609,30.15598],[-97.65624,30.15606],[-97.65649,30.15618],[-97.65807,30.15693],[-97.65677,30.15895],[-97.65759,30.15934],[-97.65893,30.16],[-97.66001,30.16052],[-97.66035,30.1607],[-97.66037,30.16069],[-97.66142,30.16121],[-97.6625,30.16174],[-97.66297,30.16095],[-97.66392,30.16139],[-97.66907,30.15351],[-97.67021,30.15307],[-97.67054,30.15287],[-97.67057,30.15296],[-97.67061,30.15308],[-97.67068,30.15322],[-97.67084,30.15349],[-97.67098,30.15364],[-97.67184,30.15416],[-97.67232,30.15442],[-97.67361,30.15509],[-97.67441,30.15547],[-97.67568,30.15606],[-97.67441,30.15873],[-97.67269,30.16242],[-97.67608,30.16368],[-97.67604,30.16677],[-97.67481,30.16646],[-97.67323,30.16916],[-97.67273,30.16862],[-97.67093,30.16859],[-97.67066,30.16848],[-97.67066,30.16897],[-97.67065,30.16902],[-97.67012,30.16914],[-97.66941,30.16887],[-97.66814,30.16898],[-97.66772,30.16902],[-97.6676,30.16903],[-97.66739,30.16903],[-97.66728,30.16904],[-97.667,30.16908],[-97.66689,30.16911],[-97.66674,30.16914],[-97.66652,30.16916],[-97.66595,30.16879],[-97.66508,30.1684],[-97.66424,30.16799],[-97.66415,30.16795],[-97.66388,30.16784],[-97.66385,30.16793],[-97.66374,30.16788],[-97.66371,30.16784],[-97.66364,30.16777],[-97.66354,30.16771],[-97.66344,30.16767],[-97.66332,30.16761],[-97.66312,30.16787],[-97.66273,30.16849],[-97.66271,30.16853],[-97.66212,30.16888],[-97.66168,30.16929],[-97.66154,30.16942],[-97.66159,30.16947],[-97.66205,30.16976],[-97.66234,30.16987],[-97.66282,30.17008],[-97.66352,30.17034],[-97.66504,30.17088],[-97.66547,30.17104],[-97.66591,30.17122],[-97.66603,30.17127],[-97.66732,30.17182],[-97.66775,30.172],[-97.66802,30.17211],[-97.66815,30.17217],[-97.66876,30.17241],[-97.66901,30.17251],[-97.66933,30.17263],[-97.66965,30.17275],[-97.66998,30.17288],[-97.6706,30.17311],[-97.67207,30.17356],[-97.67269,30.17375],[-97.67309,30.17387],[-97.67336,30.17398],[-97.67378,30.17415],[-97.6741,30.17427],[-97.67441,30.1744],[-97.67465,30.17449],[-97.67502,30.17464],[-97.67503,30.17384],[-97.67503,30.17369],[-97.67517,30.17374],[-97.67513,30.17178],[-97.67821,30.17172],[-97.6782,30.17144],[-97.67835,30.17144],[-97.67836,30.17157],[-97.67837,30.17171],[-97.67958,30.17169],[-97.67973,30.17169],[-97.68145,30.17165],[-97.68155,30.17503],[-97.68265,30.17515],[-97.68272,30.17848],[-97.68303,30.1787],[-97.68324,30.17885],[-97.68327,30.17887],[-97.68328,30.17889],[-97.68331,30.17891],[-97.68334,30.17893],[-97.68337,30.17895],[-97.68341,30.17898],[-97.68344,30.179],[-97.68345,30.17902],[-97.68347,30.17904],[-97.6835,30.17905],[-97.68352,30.17907],[-97.68355,30.17909],[-97.68357,30.1791],[-97.68359,30.17912],[-97.68362,30.17914],[-97.68366,30.17917],[-97.68369,30.17918],[-97.68372,30.1792],[-97.68401,30.17944],[-97.68418,30.17959],[-97.68455,30.1799],[-97.68456,30.17992],[-97.68459,30.17996],[-97.68463,30.18],[-97.68465,30.18003],[-97.68471,30.18009],[-97.68474,30.18012],[-97.6848,30.18018],[-97.68485,30.18023],[-97.6849,30.18028],[-97.68495,30.18033],[-97.68498,30.18035],[-97.68501,30.18037],[-97.68503,30.18039],[-97.68505,30.18041],[-97.68508,30.18043],[-97.6851,30.18045],[-97.68513,30.18048],[-97.68516,30.1805],[-97.68527,30.18059],[-97.68541,30.1807],[-97.68554,30.1808],[-97.68563,30.18087],[-97.68568,30.18091],[-97.68582,30.18102],[-97.68609,30.1813],[-97.68621,30.18142],[-97.68626,30.18147],[-97.68638,30.18156],[-97.68642,30.1816],[-97.6866,30.18175],[-97.6874,30.18244],[-97.68742,30.18245],[-97.68761,30.18257],[-97.68766,30.1826],[-97.68784,30.18273],[-97.68855,30.18006],[-97.68915,30.17803],[-97.6892,30.17785],[-97.68926,30.17785],[-97.68938,30.17786],[-97.68954,30.17788],[-97.68985,30.17797],[-97.69011,30.17807],[-97.69024,30.17811],[-97.69039,30.1782],[-97.69053,30.17825],[-97.69073,30.17832],[-97.69083,30.17833],[-97.69088,30.17834],[-97.69109,30.17842],[-97.69166,30.17863],[-97.69212,30.17878],[-97.69229,30.17888],[-97.69234,30.17892],[-97.69246,30.17913],[-97.69278,30.17927],[-97.69312,30.17934],[-97.69336,30.1794],[-97.69377,30.17948],[-97.69394,30.17953],[-97.69395,30.17955],[-97.69399,30.17957],[-97.69401,30.17957],[-97.69407,30.17956],[-97.6942,30.17952],[-97.69426,30.17952],[-97.69434,30.17954],[-97.69465,30.17967],[-97.69474,30.1797],[-97.69479,30.1797],[-97.69481,30.17969],[-97.69483,30.17969],[-97.69502,30.17975],[-97.69516,30.17979],[-97.6952,30.1798],[-97.69543,30.17982],[-97.6955,30.17983],[-97.69552,30.17984],[-97.69565,30.1799],[-97.69579,30.17997],[-97.69583,30.17998],[-97.69595,30.17998],[-97.69601,30.18],[-97.69602,30.18001],[-97.69619,30.18007],[-97.69644,30.18011],[-97.69649,30.18015],[-97.69677,30.18024],[-97.69685,30.18027],[-97.69689,30.1803],[-97.69696,30.18034],[-97.69701,30.18035],[-97.69718,30.18037],[-97.69728,30.18039],[-97.69732,30.1804],[-97.6959,30.18271],[-97.69505,30.18409],[-97.69326,30.18699],[-97.69321,30.18708],[-97.69619,30.18963],[-97.69766,30.19089],[-97.69826,30.19153],[-97.69854,30.19178],[-97.69865,30.19188],[-97.69867,30.1919],[-97.69918,30.19251],[-97.70096,30.19401],[-97.70128,30.19372],[-97.70153,30.19349],[-97.70163,30.1934],[-97.70165,30.19339],[-97.70167,30.19338],[-97.70169,30.19337],[-97.7017,30.19336],[-97.70171,30.19335],[-97.70172,30.19333],[-97.70174,30.1933],[-97.7036,30.1916],[-97.70487,30.19044],[-97.70525,30.19009],[-97.70703,30.19158],[-97.70794,30.19074],[-97.70799,30.19018],[-97.7093,30.19025],[-97.7102,30.19018],[-97.71029,30.19069],[-97.71037,30.19117],[-97.71043,30.19152],[-97.7104,30.19213],[-97.71038,30.19253],[-97.71206,30.19396],[-97.71207,30.19396],[-97.71208,30.19397],[-97.71238,30.19347],[-97.71248,30.19331],[-97.71354,30.19167],[-97.71411,30.19078],[-97.71427,30.19054],[-97.71472,30.18987],[-97.71472,30.18975],[-97.71469,30.18962],[-97.71464,30.18945],[-97.71457,30.1893],[-97.71442,30.18907],[-97.7143,30.18892],[-97.71419,30.18882],[-97.71408,30.18873],[-97.71381,30.18851],[-97.71361,30.18835],[-97.71352,30.18828],[-97.71345,30.18823],[-97.71333,30.18834],[-97.713,30.18863],[-97.71298,30.1886],[-97.71293,30.18857],[-97.70901,30.18681],[-97.70893,30.18674],[-97.70761,30.18566],[-97.70652,30.18476],[-97.70501,30.1862],[-97.70492,30.18616],[-97.703,30.1846],[-97.70405,30.18365],[-97.7041,30.18369],[-97.70469,30.18314],[-97.70489,30.1831],[-97.70623,30.18163],[-97.70633,30.18153],[-97.70635,30.18153],[-97.70659,30.18147],[-97.70703,30.18142],[-97.70746,30.18139],[-97.70785,30.18136],[-97.70817,30.18133],[-97.70846,30.18132],[-97.70855,30.18131],[-97.70862,30.18133],[-97.70894,30.18141],[-97.70898,30.18141],[-97.7099,30.1817],[-97.71005,30.18176],[-97.71216,30.18228],[-97.71407,30.1822],[-97.71412,30.18212],[-97.71463,30.1817],[-97.71466,30.1817],[-97.71483,30.18165],[-97.71564,30.182],[-97.71569,30.18208],[-97.71573,30.1821],[-97.71587,30.18221],[-97.71599,30.18234],[-97.71602,30.18238],[-97.7161,30.18245],[-97.71636,30.18283],[-97.71688,30.1834],[-97.71724,30.18384],[-97.71735,30.18397],[-97.71741,30.18404],[-97.71746,30.18411],[-97.71756,30.18423],[-97.71763,30.1843],[-97.71769,30.18436],[-97.71777,30.18429],[-97.71905,30.18309],[-97.71909,30.18306],[-97.7194,30.18276],[-97.71964,30.18252],[-97.71993,30.18216],[-97.72024,30.18174],[-97.72044,30.18142],[-97.72072,30.18094],[-97.72089,30.18053],[-97.72097,30.18033],[-97.72109,30.18001],[-97.72116,30.17974],[-97.72124,30.17936],[-97.72125,30.17929],[-97.72153,30.17738],[-97.72158,30.17693],[-97.72206,30.17321],[-97.72212,30.17252],[-97.72212,30.17245],[-97.72213,30.1724],[-97.72243,30.17077],[-97.72247,30.17061],[-97.72248,30.17059],[-97.72304,30.16796],[-97.72312,30.16763],[-97.7232,30.16744],[-97.72326,30.16732],[-97.7234,30.16711],[-97.72403,30.16614],[-97.72394,30.16609],[-97.72386,30.16621],[-97.72385,30.16622],[-97.72006,30.16313],[-97.72003,30.16317],[-97.71916,30.16451],[-97.71695,30.16269],[-97.7169,30.16264],[-97.71442,30.16064],[-97.71362,30.15999],[-97.71353,30.15992],[-97.71319,30.15964],[-97.71309,30.15956],[-97.71207,30.15868],[-97.71139,30.1581],[-97.71063,30.15751],[-97.71094,30.15701],[-97.71117,30.15663],[-97.71093,30.15656],[-97.71092,30.15658],[-97.71084,30.15655],[-97.71062,30.15691],[-97.71077,30.15696],[-97.7105,30.15739],[-97.71039,30.1573],[-97.71057,30.157],[-97.70986,30.15641],[-97.70901,30.15571],[-97.709,30.1557],[-97.70837,30.15518],[-97.70773,30.15465],[-97.70707,30.1541],[-97.70399,30.15155],[-97.70262,30.15369],[-97.70168,30.15516],[-97.70068,30.15435],[-97.6969,30.15126],[-97.69673,30.15109],[-97.69683,30.15041],[-97.69693,30.14978],[-97.6974,30.14952],[-97.69825,30.14815],[-97.69833,30.1482],[-97.6987,30.1476],[-97.69883,30.14768],[-97.69863,30.14754],[-97.69874,30.14737],[-97.69975,30.14559],[-97.69674,30.14419],[-97.69623,30.13582],[-97.69613,30.13344],[-97.69608,30.13278],[-97.69597,30.13099],[-97.69621,30.1311],[-97.69621,30.13108],[-97.70594,30.13569],[-97.70598,30.13561],[-97.70842,30.13188],[-97.70945,30.13238],[-97.71,30.13152],[-97.70958,30.13131],[-97.70897,30.13102],[-97.70905,30.13089],[-97.7102,30.12898],[-97.71019,30.12896],[-97.7109,30.12784],[-97.71351,30.12373],[-97.71521,30.12105],[-97.71547,30.12063],[-97.71588,30.11997],[-97.71619,30.11947],[-97.72021,30.12142],[-97.72054,30.12157],[-97.72189,30.12223],[-97.72283,30.12269],[-97.7351,30.12859],[-97.73302,30.13189],[-97.7352,30.13298],[-97.73517,30.13303],[-97.73504,30.13322],[-97.73154,30.13148],[-97.73079,30.13262],[-97.73282,30.13362],[-97.73218,30.1346],[-97.73365,30.13537],[-97.733,30.13636],[-97.73293,30.13647],[-97.73183,30.13591],[-97.73137,30.13664],[-97.73084,30.13747],[-97.73193,30.13801],[-97.7314,30.13884],[-97.73092,30.13957],[-97.73094,30.13958],[-97.72923,30.14214],[-97.727,30.14104],[-97.72689,30.1412],[-97.72902,30.14229],[-97.72915,30.14243],[-97.72922,30.14254],[-97.72929,30.14276],[-97.72988,30.14487],[-97.7307,30.14787],[-97.73084,30.14839],[-97.73074,30.14841],[-97.73112,30.14973],[-97.73128,30.15031],[-97.73149,30.15108],[-97.73161,30.15167],[-97.73165,30.15197],[-97.73166,30.15235],[-97.73164,30.15272],[-97.7316,30.15301],[-97.7315,30.15344],[-97.73108,30.15448],[-97.72883,30.15337],[-97.72817,30.15438],[-97.72946,30.15499],[-97.73061,30.15554],[-97.73161,30.15602],[-97.73254,30.15646],[-97.73432,30.15729],[-97.73477,30.1575],[-97.73591,30.15803],[-97.736,30.15808],[-97.73585,30.15669],[-97.73576,30.15668],[-97.73552,30.15657],[-97.73429,30.15599],[-97.7314,30.15463],[-97.73172,30.15395],[-97.73196,30.15307],[-97.73202,30.15234],[-97.73237,30.15234],[-97.7326,30.15237],[-97.73282,30.15242],[-97.73303,30.1525],[-97.73332,30.15266],[-97.73349,30.1528],[-97.73444,30.15387],[-97.73488,30.15437],[-97.73502,30.15453],[-97.73517,30.15468],[-97.73544,30.15485],[-97.7353,30.15463],[-97.73523,30.15452],[-97.7352,30.15447],[-97.73517,30.15428],[-97.73517,30.15423],[-97.73516,30.15418],[-97.73515,30.15415],[-97.73606,30.15269],[-97.73662,30.15181],[-97.73684,30.15148],[-97.73683,30.15132],[-97.73675,30.15034],[-97.73666,30.14908],[-97.73661,30.1485],[-97.73638,30.1484],[-97.73617,30.1483],[-97.73541,30.14794],[-97.73647,30.14625],[-97.73669,30.1459],[-97.73675,30.14581],[-97.73651,30.14581],[-97.73636,30.1458],[-97.73629,30.1458],[-97.73626,30.1458],[-97.73608,30.14579],[-97.73589,30.14578],[-97.73571,30.14576],[-97.73553,30.14573],[-97.73534,30.14569],[-97.73412,30.14542],[-97.7324,30.14505],[-97.73223,30.14501],[-97.73205,30.14499],[-97.73188,30.14496],[-97.7319,30.14483],[-97.73176,30.14472],[-97.73167,30.14455],[-97.73167,30.14428],[-97.73184,30.14406],[-97.73211,30.14383],[-97.73219,30.14372],[-97.73302,30.14413],[-97.73348,30.14341],[-97.73394,30.14268],[-97.73447,30.14185],[-97.73496,30.14108],[-97.73545,30.1403],[-97.73571,30.13989],[-97.73597,30.13949],[-97.73637,30.13886],[-97.73698,30.1379],[-97.74064,30.13968],[-97.73998,30.14072],[-97.7378,30.14416],[-97.7378,30.14418],[-97.74138,30.14598],[-97.74429,30.14744],[-97.74684,30.14855],[-97.74975,30.14986],[-97.75027,30.149],[-97.751,30.14777],[-97.75023,30.14742],[-97.74871,30.14674],[-97.74735,30.14611],[-97.7475,30.14585],[-97.74857,30.1442],[-97.74902,30.14441],[-97.75019,30.14496],[-97.75099,30.14368],[-97.75149,30.14289],[-97.75191,30.14221],[-97.75241,30.14142],[-97.75309,30.14034],[-97.75453,30.13804],[-97.75474,30.1377],[-97.75573,30.13612],[-97.75576,30.13608],[-97.75608,30.13557],[-97.75623,30.13531],[-97.7563,30.13522],[-97.75676,30.13447],[-97.75672,30.1344],[-97.75677,30.13442],[-97.75681,30.13435],[-97.75694,30.13442],[-97.75699,30.13444],[-97.75852,30.136],[-97.75891,30.13648],[-97.75942,30.1371],[-97.76054,30.13531],[-97.76163,30.13364],[-97.76398,30.12989],[-97.76418,30.12957],[-97.76555,30.12742],[-97.76765,30.12806],[-97.76798,30.12816],[-97.76823,30.12834],[-97.7684,30.1288],[-97.76857,30.12907],[-97.7687,30.12929],[-97.76887,30.12984],[-97.76874,30.12996],[-97.76868,30.12999],[-97.76798,30.13034],[-97.76782,30.13021],[-97.76787,30.13021],[-97.76805,30.13009],[-97.76787,30.12986],[-97.76761,30.12982],[-97.76729,30.12991],[-97.76701,30.12998],[-97.76666,30.1302],[-97.76614,30.13063],[-97.76603,30.13078],[-97.76617,30.13116],[-97.76671,30.13101],[-97.76826,30.13058],[-97.76937,30.13027],[-97.77065,30.12991],[-97.77074,30.12989],[-97.77092,30.12984],[-97.77112,30.12979],[-97.77212,30.12953],[-97.77219,30.12951],[-97.77374,30.1291],[-97.77539,30.12863],[-97.77729,30.12813],[-97.77784,30.12839],[-97.77862,30.12882],[-97.77874,30.12893],[-97.77882,30.12913],[-97.77886,30.12935],[-97.77885,30.12942],[-97.77882,30.12954],[-97.77876,30.12964],[-97.77873,30.1297],[-97.77745,30.13174],[-97.77543,30.13497],[-97.77509,30.13552],[-97.77454,30.13639],[-97.77372,30.13771],[-97.77363,30.13786],[-97.77336,30.13835],[-97.77238,30.14015],[-97.772,30.14083],[-97.77155,30.14149],[-97.77039,30.14281],[-97.77007,30.14318],[-97.76957,30.14343],[-97.76837,30.14403],[-97.76758,30.14442],[-97.76753,30.14436],[-97.76635,30.14273],[-97.76479,30.14355],[-97.76473,30.14358],[-97.76457,30.14339],[-97.76453,30.14346],[-97.76404,30.14423],[-97.76341,30.14524],[-97.76381,30.14545],[-97.76331,30.14621],[-97.7628,30.14698],[-97.76135,30.1492],[-97.76231,30.14966],[-97.76318,30.15007],[-97.7636,30.15029],[-97.76489,30.14836],[-97.76577,30.14704],[-97.76608,30.14658],[-97.76638,30.14614],[-97.76641,30.1461],[-97.76741,30.14798],[-97.76732,30.14832],[-97.76641,30.14968],[-97.76586,30.1505],[-97.76577,30.15077],[-97.76557,30.15068],[-97.76498,30.15162],[-97.76493,30.1517],[-97.76482,30.15189],[-97.76447,30.15252],[-97.76257,30.15552],[-97.76195,30.15655],[-97.76194,30.15657],[-97.76196,30.15657],[-97.76197,30.15656],[-97.76197,30.15655]],[[-97.69881,30.14854],[-97.69939,30.14894],[-97.6998,30.14835],[-97.69955,30.14818],[-97.69919,30.14793],[-97.69881,30.14854]],[[-97.64674,30.19437],[-97.64671,30.19433],[-97.64669,30.19436],[-97.64666,30.1944],[-97.64665,30.19441],[-97.64607,30.1949],[-97.64515,30.19567],[-97.64503,30.19578],[-97.64376,30.19692],[-97.64147,30.19898],[-97.64082,30.19956],[-97.64076,30.19961],[-97.6409,30.19973],[-97.64209,30.2007],[-97.64306,30.20152],[-97.64379,30.20214],[-97.64441,30.20265],[-97.64566,30.20369],[-97.64865,30.20106],[-97.64921,30.20056],[-97.65163,30.19843],[-97.65001,30.19708],[-97.64674,30.19437]],[[-97.7764,30.17863],[-97.77661,30.17863],[-97.77677,30.17863],[-97.7768,30.17865],[-97.77691,30.17875],[-97.77692,30.17878],[-97.77701,30.17865],[-97.77735,30.17813],[-97.77796,30.17721],[-97.77779,30.17723],[-97.77659,30.17744],[-97.77657,30.17749],[-97.77641,30.17801],[-97.77629,30.1784],[-97.77626,30.1785],[-97.7764,30.17863]],[[-97.77073,30.17858],[-97.77112,30.17852],[-97.77252,30.17832],[-97.77317,30.17823],[-97.77325,30.17822],[-97.77319,30.17558],[-97.77453,30.17538],[-97.77447,30.17508],[-97.77443,30.17483],[-97.77431,30.17473],[-97.77417,30.17462],[-97.77394,30.17453],[-97.77371,30.17444],[-97.77327,30.17443],[-97.77295,30.17449],[-97.77284,30.17451],[-97.77275,30.17448],[-97.77199,30.1746],[-97.77001,30.17491],[-97.76975,30.17423],[-97.76933,30.17429],[-97.76931,30.17429],[-97.76915,30.17432],[-97.76946,30.17513],[-97.76961,30.1755],[-97.76966,30.17598],[-97.76974,30.17685],[-97.76981,30.17767],[-97.76984,30.17871],[-97.77073,30.17858]],[[-97.74978,30.15956],[-97.74947,30.16003],[-97.74942,30.16013],[-97.75019,30.16053],[-97.75059,30.1605],[-97.75093,30.16025],[-97.75097,30.16017],[-97.74978,30.15956]],[[-97.64657,30.18062],[-97.64712,30.17938],[-97.64764,30.17835],[-97.65015,30.17484],[-97.65174,30.173],[-97.6536,30.17161],[-97.65717,30.16896],[-97.65933,30.16736],[-97.65912,30.16713],[-97.65891,30.16693],[-97.65874,30.16672],[-97.65793,30.16567],[-97.6577,30.16556],[-97.65319,30.16331],[-97.6528,30.16311],[-97.65249,30.16296],[-97.65224,30.16283],[-97.65182,30.16262],[-97.65205,30.16227],[-97.65225,30.16197],[-97.6523,30.16188],[-97.65172,30.1616],[-97.65127,30.16235],[-97.65055,30.16199],[-97.65027,30.16185],[-97.65022,30.16182],[-97.64857,30.16101],[-97.64582,30.15973],[-97.64431,30.15903],[-97.64418,30.15897],[-97.64369,30.15874],[-97.64234,30.1609],[-97.64393,30.16251],[-97.64482,30.1634],[-97.64364,30.16296],[-97.64299,30.16272],[-97.64174,30.16346],[-97.64089,30.16302],[-97.63812,30.16163],[-97.63707,30.1632],[-97.63714,30.16323],[-97.63724,30.16328],[-97.63703,30.16361],[-97.63694,30.16376],[-97.63669,30.16413],[-97.63667,30.1643],[-97.63459,30.16764],[-97.63324,30.16866],[-97.63261,30.16914],[-97.63195,30.16963],[-97.63123,30.17018],[-97.63055,30.1707],[-97.62969,30.17201],[-97.62945,30.17239],[-97.63594,30.17551],[-97.63641,30.17573],[-97.6368,30.17592],[-97.63735,30.17619],[-97.63781,30.1764],[-97.63871,30.17684],[-97.63934,30.17716],[-97.63965,30.17732],[-97.63726,30.18128],[-97.63759,30.18144],[-97.63841,30.18184],[-97.63785,30.18223],[-97.63831,30.18227],[-97.63863,30.18238],[-97.63886,30.18247],[-97.63895,30.1825],[-97.63923,30.18259],[-97.63953,30.18267],[-97.63983,30.18274],[-97.64027,30.18297],[-97.64032,30.18299],[-97.64034,30.18292],[-97.64038,30.18294],[-97.64044,30.18297],[-97.64112,30.18329],[-97.64439,30.18482],[-97.64557,30.18537],[-97.64616,30.18561],[-97.64611,30.18539],[-97.64598,30.18489],[-97.64586,30.18436],[-97.64581,30.18406],[-97.64579,30.18362],[-97.64578,30.18329],[-97.64593,30.18227],[-97.64657,30.18062]],[[-97.72314,30.15624],[-97.72288,30.15667],[-97.72321,30.15682],[-97.72348,30.15641],[-97.72314,30.15624]],[[-97.74923,30.15621],[-97.74889,30.15676],[-97.74861,30.15729],[-97.75029,30.15814],[-97.75161,30.15881],[-97.75173,30.15886],[-97.75219,30.15807],[-97.7524,30.15783],[-97.75229,30.15778],[-97.75136,30.1573],[-97.7503,30.15676],[-97.74923,30.15621]],[[-97.73011,30.1527],[-97.73043,30.15271],[-97.73044,30.15243],[-97.73012,30.15243],[-97.73011,30.1527]],[[-97.72473,30.15323],[-97.72295,30.15242],[-97.72234,30.15214],[-97.72119,30.15403],[-97.72035,30.15362],[-97.71973,30.15457],[-97.71835,30.15394],[-97.71831,30.15399],[-97.72057,30.15504],[-97.72081,30.15515],[-97.72123,30.15534],[-97.72131,30.15538],[-97.72177,30.1556],[-97.72295,30.15615],[-97.72473,30.15323]],[[-97.63975,30.15395],[-97.64094,30.15213],[-97.64267,30.14947],[-97.63904,30.14774],[-97.63748,30.14703],[-97.63532,30.146],[-97.63511,30.1459],[-97.63485,30.14578],[-97.63196,30.14442],[-97.62974,30.14337],[-97.62769,30.1424],[-97.62717,30.1432],[-97.62636,30.1428],[-97.62514,30.14469],[-97.62405,30.14644],[-97.62456,30.14668],[-97.62941,30.14901],[-97.63325,30.15083],[-97.63318,30.15092],[-97.6305,30.15451],[-97.63121,30.15482],[-97.63203,30.15522],[-97.63233,30.15536],[-97.6324,30.1554],[-97.63253,30.15546],[-97.63274,30.15556],[-97.63325,30.1558],[-97.63333,30.15584],[-97.63523,30.15676],[-97.6359,30.15708],[-97.63599,30.15712],[-97.63737,30.1578],[-97.6374,30.15776],[-97.63849,30.15609],[-97.6389,30.1554],[-97.63975,30.15395]],[[-97.72178,30.13862],[-97.72185,30.13866],[-97.72197,30.13849],[-97.72035,30.13768],[-97.72016,30.13767],[-97.72006,30.13762],[-97.71873,30.137],[-97.71867,30.13708],[-97.71814,30.13796],[-97.71845,30.13812],[-97.71829,30.13837],[-97.71896,30.13871],[-97.71943,30.13895],[-97.71953,30.13881],[-97.72011,30.13909],[-97.7203,30.1388],[-97.72135,30.13928],[-97.72178,30.13862]],[[-97.71727,30.13643],[-97.71732,30.13635],[-97.71631,30.13588],[-97.71625,30.13596],[-97.71581,30.1367],[-97.71684,30.13716],[-97.71727,30.13643]],[[-97.71484,30.13692],[-97.71598,30.13584],[-97.71607,30.13577],[-97.71533,30.13542],[-97.71487,30.1352],[-97.71483,30.13527],[-97.71449,30.13578],[-97.71404,30.13651],[-97.71484,30.13692]],[[-97.70573,30.1367],[-97.70553,30.1366],[-97.70541,30.13678],[-97.70562,30.13688],[-97.70573,30.1367]],[[-97.71439,30.1288],[-97.71362,30.13002],[-97.71332,30.13051],[-97.7138,30.13074],[-97.71385,30.13066],[-97.71422,30.13009],[-97.71487,30.12904],[-97.71439,30.1288]]]]}},
{"type":"Feature","properties":{"district_number":"8","district_name":"District 8"},"geometry":{"type":"MultiPolygon","coordinates":[[[[-97.83339,30.28331],[-97.8338,30.28347],[-97.83371,30.28365],[-97.8333,30.2835],[-97.83339,30.28331]]],[[[-97.84363,30.27322],[-97.84332,30.27334],[-97.84311,30.27313],[-97.84319,30.2731],[-97.84324,30.27308],[-97.84327,30.27306],[-97.84333,30.27305],[-97.84339,30.27305],[-97.84345,30.27305],[-97.8435,30.27304],[-97.84352,30.27304],[-97.84356,30.27304],[-97.84359,30.27304],[-97.8436,30.27305],[-97.84366,30.27306],[-97.8437,30.27309],[-97.8438,30.27314],[-97.84386,30.27318],[-97.84394,30.27322],[-97.84398,30.27324],[-97.84399,30.27325],[-97.84402,30.27327],[-97.84409,30.27331],[-97.84411,30.27333],[-97.84425,30.27345],[-97.8443,30.2735],[-97.84433,30.27355],[-97.84435,30.27356],[-97.84437,30.27359],[-97.84438,30.27361],[-97.84439,30.27364],[-97.84441,30.27368],[-97.84442,30.27373],[-97.84445,30.27382],[-97.84446,30.27389],[-97.84435,30.2738],[-97.84363,30.27322]]],[[[-97.83924,30.27801],[-97.83912,30.27822],[-97.83849,30.27839],[-97.83804,30.27848],[-97.83786,30.27848],[-97.83767,30.27848],[-97.83762,30.27845],[-97.83753,30.27838],[-97.83755,30.27837],[-97.83758,30.27835],[-97.83765,30.27839],[-97.83769,30.27842],[-97.83803,30.27843],[-97.83818,30.2784],[-97.83849,30.27833],[-97.83851,30.27831],[-97.83852,30.2783],[-97.83869,30.27804],[-97.83883,30.27782],[-97.83896,30.27761],[-97.83897,30.27761],[-97.83899,30.27756],[-97.83911,30.27738],[-97.83922,30.27721],[-97.83925,30.27717],[-97.83926,30.27714],[-97.8394,30.27693],[-97.83968,30.27683],[-97.83979,30.27679],[-97.83971,30.27645],[-97.83964,30.27611],[-97.84004,30.27562],[-97.84041,30.2754],[-97.84081,30.27504],[-97.84115,30.27473],[-97.84118,30.27482],[-97.84125,30.27505],[-97.84129,30.27517],[-97.84134,30.2753],[-97.84139,30.27547],[-97.84145,30.27567],[-97.8416,30.27611],[-97.84161,30.27616],[-97.84157,30.27616],[-97.84154,30.27616],[-97.84152,30.27617],[-97.84151,30.27617],[-97.84149,30.27617],[-97.84148,30.27617],[-97.84147,30.27618],[-97.84144,30.27619],[-97.84126,30.27627],[-97.84115,30.27633],[-97.84112,30.27634],[-97.84089,30.27647],[-97.84064,30.27661],[-97.84061,30.27662],[-97.84056,30.27665],[-97.84057,30.27669],[-97.84054,30.27672],[-97.84039,30.27694],[-97.84029,30.27709],[-97.84021,30.2772],[-97.83937,30.27778],[-97.83924,30.27801]]],[[[-97.8451,30.2736],[-97.84518,30.27355],[-97.84547,30.27324],[-97.846,30.27404],[-97.84687,30.27428],[-97.84783,30.27403],[-97.8481,30.27364],[-97.849,30.27237],[-97.84975,30.27192],[-97.85062,30.27171],[-97.85183,30.27165],[-97.85258,30.27216],[-97.85351,30.27247],[-97.85354,30.27246],[-97.85368,30.27327],[-97.85372,30.27352],[-97.85373,30.27362],[-97.85417,30.2744],[-97.85433,30.27461],[-97.85482,30.27534],[-97.85481,30.27541],[-97.8548,30.27574],[-97.85479,30.27604],[-97.85478,30.27635],[-97.85476,30.27679],[-97.85497,30.27727],[-97.85536,30.27756],[-97.8557,30.27783],[-97.85614,30.27819],[-97.85606,30.27856],[-97.85601,30.27858],[-97.85569,30.27855],[-97.85522,30.2785],[-97.85482,30.27833],[-97.85412,30.27759],[-97.85384,30.2777],[-97.85364,30.27779],[-97.85347,30.27754],[-97.85112,30.27751],[-97.8488,30.27717],[-97.84831,30.2779],[-97.84863,30.27918],[-97.84865,30.27918],[-97.84868,30.27919],[-97.84873,30.27922],[-97.84875,30.27924],[-97.84888,30.27934],[-97.84895,30.27937],[-97.84904,30.2794],[-97.84907,30.27941],[-97.84911,30.27941],[-97.84916,30.27939],[-97.84922,30.27937],[-97.84926,30.27935],[-97.84928,30.27932],[-97.8493,30.2793],[-97.84935,30.2793],[-97.84955,30.27935],[-97.84966,30.2794],[-97.84974,30.27944],[-97.8498,30.27949],[-97.85,30.27977],[-97.85023,30.27995],[-97.85081,30.28037],[-97.85114,30.28064],[-97.85127,30.28078],[-97.85141,30.28094],[-97.8516,30.28124],[-97.85184,30.28166],[-97.85204,30.28177],[-97.85229,30.28185],[-97.85238,30.2819],[-97.8524,30.28192],[-97.85243,30.28205],[-97.8525,30.28228],[-97.85255,30.28266],[-97.85255,30.28292],[-97.85248,30.28306],[-97.85243,30.28334],[-97.85242,30.28338],[-97.8523,30.28369],[-97.85214,30.28401],[-97.85212,30.2841],[-97.85204,30.28422],[-97.85186,30.28438],[-97.85185,30.28441],[-97.85111,30.28517],[-97.85097,30.28531],[-97.85069,30.28561],[-97.84933,30.28639],[-97.8492,30.28646],[-97.84867,30.28677],[-97.84792,30.28729],[-97.84786,30.28721],[-97.84719,30.28627],[-97.85008,30.28426],[-97.85015,30.2833],[-97.85024,30.28237],[-97.84988,30.28222],[-97.84906,30.28138],[-97.84885,30.28153],[-97.84869,30.28163],[-97.84836,30.28127],[-97.84818,30.28108],[-97.84797,30.28085],[-97.84779,30.28065],[-97.84764,30.28049],[-97.84753,30.28037],[-97.84751,30.28033],[-97.84743,30.28021],[-97.84735,30.28009],[-97.84727,30.27996],[-97.84719,30.27984],[-97.84711,30.27972],[-97.84692,30.27943],[-97.84675,30.27916],[-97.84656,30.27888],[-97.84641,30.27865],[-97.84639,30.2785],[-97.84634,30.27823],[-97.8463,30.27796],[-97.84626,30.27768],[-97.84618,30.27714],[-97.84609,30.27652],[-97.84553,30.27561],[-97.84481,30.27442],[-97.84466,30.27418],[-97.84454,30.27398],[-97.8451,30.2736]],[[-97.84904,30.27565],[-97.84938,30.2758],[-97.84981,30.27536],[-97.85023,30.27498],[-97.8507,30.2746],[-97.8511,30.2744],[-97.8513,30.27427],[-97.85165,30.27373],[-97.85195,30.27325],[-97.85079,30.27301],[-97.84959,30.27254],[-97.84921,30.27292],[-97.84879,30.27334],[-97.84836,30.27376],[-97.84892,30.27428],[-97.84937,30.27384],[-97.84986,30.27402],[-97.85038,30.27421],[-97.85017,30.27453],[-97.84991,30.27492],[-97.84944,30.27524],[-97.84915,30.27527],[-97.84871,30.275],[-97.84837,30.27555],[-97.84883,30.27585],[-97.84904,30.27565]]],[[[-97.83221,30.28882],[-97.832,30.28915],[-97.83191,30.28927],[-97.83173,30.28956],[-97.83129,30.29024],[-97.83075,30.29105],[-97.83113,30.29127],[-97.83087,30.29167],[-97.8307,30.29192],[-97.83069,30.29202],[-97.83079,30.29205],[-97.83075,30.29235],[-97.83068,30.2926],[-97.83058,30.29284],[-97.831,30.293],[-97.83107,30.29303],[-97.83065,30.29432],[-97.83062,30.29442],[-97.83109,30.29462],[-97.83154,30.29481],[-97.83166,30.29487],[-97.8322,30.2951],[-97.8327,30.2953],[-97.83281,30.29536],[-97.83289,30.29539],[-97.83297,30.29543],[-97.83319,30.29552],[-97.83366,30.29574],[-97.83399,30.29589],[-97.83447,30.29592],[-97.83464,30.29592],[-97.83462,30.29599],[-97.83461,30.29603],[-97.83462,30.29611],[-97.83465,30.29622],[-97.8347,30.29633],[-97.83476,30.29651],[-97.83476,30.29668],[-97.83517,30.2968],[-97.83566,30.29696],[-97.836,30.29712],[-97.83636,30.29738],[-97.83662,30.29762],[-97.83686,30.29796],[-97.83706,30.29824],[-97.83723,30.29859],[-97.83729,30.29868],[-97.8373,30.2987],[-97.83716,30.29872],[-97.83568,30.29899],[-97.83527,30.29832],[-97.83523,30.29824],[-97.83518,30.29818],[-97.83511,30.29812],[-97.83503,30.29808],[-97.83494,30.29805],[-97.83367,30.29806],[-97.83365,30.29789],[-97.8334,30.29684],[-97.83338,30.29672],[-97.83284,30.29674],[-97.83249,30.29672],[-97.83135,30.29652],[-97.82952,30.29609],[-97.82931,30.29603],[-97.82929,30.29592],[-97.82924,30.29565],[-97.82916,30.29531],[-97.82875,30.29517],[-97.8283,30.29501],[-97.82804,30.29492],[-97.82759,30.29476],[-97.82721,30.29463],[-97.82724,30.29457],[-97.82772,30.29357],[-97.82779,30.29344],[-97.82779,30.29332],[-97.82781,30.29302],[-97.82784,30.29229],[-97.82784,30.29218],[-97.82788,30.29129],[-97.82789,30.29124],[-97.8279,30.29119],[-97.82789,30.29117],[-97.82788,30.29113],[-97.82785,30.2909],[-97.82785,30.29086],[-97.82781,30.29062],[-97.82781,30.29059],[-97.82774,30.29031],[-97.82771,30.29022],[-97.82762,30.28986],[-97.8276,30.28978],[-97.82759,30.28974],[-97.82756,30.28958],[-97.82754,30.28951],[-97.82751,30.28941],[-97.82748,30.28935],[-97.82747,30.28933],[-97.82746,30.28931],[-97.82743,30.28925],[-97.82738,30.28915],[-97.82722,30.28884],[-97.8272,30.28879],[-97.82718,30.28876],[-97.82716,30.28871],[-97.82714,30.28867],[-97.82712,30.28863],[-97.82709,30.28858],[-97.82707,30.28854],[-97.82703,30.28847],[-97.82702,30.28845],[-97.82699,30.2884],[-97.82697,30.28836],[-97.82695,30.28832],[-97.8269,30.28824],[-97.82682,30.28813],[-97.82679,30.28807],[-97.82675,30.28802],[-97.8267,30.28794],[-97.82658,30.28776],[-97.82654,30.28771],[-97.82651,30.28767],[-97.82648,30.28763],[-97.82646,30.28761],[-97.82644,30.28758],[-97.82642,30.28754],[-97.8259,30.28683],[-97.82583,30.28674],[-97.82579,30.28669],[-97.82576,30.28664],[-97.82565,30.2865],[-97.8254,30.28616],[-97.82537,30.28612],[-97.82514,30.28581],[-97.82508,30.28573],[-97.82498,30.2856],[-97.82481,30.28536],[-97.82402,30.2843],[-97.82359,30.28371],[-97.82346,30.28354],[-97.82333,30.28342],[-97.82323,30.28332],[-97.82287,30.283],[-97.82253,30.28254],[-97.82229,30.28222],[-97.8222,30.28207],[-97.82167,30.28128],[-97.82141,30.28093],[-97.8212,30.28065],[-97.82083,30.28016],[-97.82019,30.2793],[-97.81989,30.2789],[-97.81972,30.27866],[-97.81941,30.27824],[-97.81932,30.27812],[-97.81895,30.27765],[-97.81891,30.27761],[-97.8189,30.2776],[-97.81885,30.27755],[-97.81878,30.27748],[-97.81876,30.27747],[-97.81872,30.27743],[-97.81868,30.2774],[-97.81864,30.27736],[-97.81863,30.27734],[-97.81861,30.27734],[-97.8186,30.27733],[-97.81855,30.2773],[-97.81854,30.27729],[-97.81851,30.27726],[-97.81848,30.27724],[-97.81845,30.27722],[-97.81842,30.2772],[-97.81839,30.27719],[-97.81827,30.27713],[-97.81832,30.27704],[-97.81746,30.27663],[-97.81733,30.27657],[-97.81585,30.27585],[-97.81418,30.27508],[-97.81403,30.27502],[-97.81307,30.27459],[-97.81273,30.27444],[-97.81257,30.27439],[-97.81247,30.27436],[-97.81228,30.27434],[-97.81238,30.27398],[-97.81153,30.27353],[-97.81144,30.27348],[-97.81124,30.27309],[-97.81112,30.27257],[-97.81118,30.27223],[-97.81117,30.27214],[-97.81051,30.27216],[-97.8105,30.27197],[-97.81048,30.27183],[-97.80943,30.27178],[-97.80927,30.27177],[-97.80921,30.27178],[-97.80906,30.27179],[-97.80867,30.27174],[-97.80845,30.27171],[-97.80843,30.27175],[-97.80839,30.27181],[-97.80832,30.27192],[-97.80825,30.27202],[-97.80823,30.27205],[-97.80819,30.27209],[-97.80814,30.27216],[-97.80812,30.27217],[-97.80808,30.27221],[-97.80808,30.27229],[-97.80805,30.27234],[-97.80775,30.27275],[-97.80655,30.27442],[-97.80602,30.27516],[-97.80582,30.27506],[-97.80574,30.27502],[-97.80572,30.275],[-97.80551,30.2749],[-97.80549,30.27488],[-97.80548,30.27487],[-97.80543,30.27485],[-97.80536,30.27482],[-97.80534,30.27481],[-97.80531,30.2748],[-97.80527,30.27478],[-97.80525,30.27477],[-97.80515,30.27473],[-97.80509,30.2747],[-97.80504,30.27468],[-97.80486,30.27461],[-97.8048,30.27458],[-97.80476,30.27457],[-97.80471,30.27455],[-97.80462,30.27451],[-97.80444,30.27444],[-97.80439,30.27442],[-97.80431,30.27439],[-97.80428,30.27437],[-97.80422,30.27434],[-97.80417,30.27432],[-97.80413,30.27429],[-97.80404,30.27424],[-97.80401,30.27423],[-97.80398,30.27421],[-97.80395,30.27419],[-97.80386,30.27415],[-97.80383,30.27414],[-97.80364,30.27405],[-97.80359,30.27402],[-97.80349,30.27397],[-97.80347,30.27396],[-97.80343,30.27394],[-97.80341,30.27393],[-97.80338,30.27391],[-97.8032,30.27382],[-97.80314,30.27379],[-97.80298,30.27371],[-97.80287,30.27366],[-97.80284,30.27365],[-97.8028,30.27363],[-97.80272,30.27359],[-97.80269,30.27358],[-97.80264,30.27356],[-97.80262,30.2736],[-97.80259,30.27365],[-97.80257,30.27367],[-97.8025,30.27378],[-97.80248,30.27381],[-97.80245,30.27387],[-97.8024,30.27394],[-97.80239,30.27396],[-97.80237,30.27399],[-97.8022,30.27424],[-97.80218,30.27428],[-97.80215,30.27432],[-97.80213,30.27435],[-97.80211,30.27438],[-97.80209,30.27442],[-97.80208,30.27444],[-97.80206,30.27447],[-97.80202,30.27452],[-97.80201,30.27455],[-97.80199,30.27458],[-97.80195,30.27464],[-97.80194,30.27466],[-97.80188,30.27475],[-97.80186,30.2748],[-97.8017,30.27506],[-97.80168,30.2751],[-97.80166,30.27512],[-97.80155,30.27527],[-97.80148,30.27522],[-97.80108,30.27489],[-97.80046,30.27439],[-97.79851,30.2731],[-97.79881,30.27265],[-97.7992,30.27206],[-97.79867,30.27172],[-97.79854,30.27162],[-97.79847,30.27157],[-97.79835,30.27148],[-97.79825,30.2714],[-97.79815,30.27132],[-97.79797,30.27115],[-97.79779,30.27099],[-97.79767,30.27089],[-97.79754,30.27081],[-97.79743,30.27075],[-97.79715,30.27061],[-97.79711,30.27058],[-97.79702,30.27054],[-97.79692,30.27051],[-97.79685,30.27049],[-97.79681,30.27047],[-97.79667,30.27043],[-97.79651,30.2704],[-97.79645,30.27039],[-97.79612,30.26967],[-97.79587,30.26992],[-97.79576,30.26966],[-97.79564,30.26942],[-97.7956,30.26934],[-97.79552,30.26919],[-97.79538,30.26895],[-97.79532,30.26885],[-97.79516,30.26861],[-97.79461,30.26868],[-97.7945,30.26881],[-97.79422,30.26917],[-97.7938,30.26944],[-97.79349,30.26962],[-97.79342,30.2696],[-97.79323,30.26956],[-97.79312,30.26953],[-97.79295,30.2695],[-97.79283,30.26947],[-97.79273,30.26945],[-97.79265,30.26944],[-97.79253,30.26942],[-97.79241,30.26941],[-97.79231,30.26941],[-97.79218,30.2694],[-97.79211,30.2694],[-97.79198,30.2694],[-97.79186,30.2694],[-97.7916,30.26941],[-97.79143,30.26942],[-97.7913,30.26942],[-97.7912,30.26944],[-97.79104,30.26946],[-97.79089,30.26948],[-97.79055,30.26955],[-97.79037,30.26959],[-97.79034,30.26959],[-97.7903,30.26945],[-97.78964,30.26962],[-97.78903,30.26978],[-97.78884,30.26983],[-97.78868,30.26992],[-97.78862,30.26996],[-97.78857,30.27003],[-97.78855,30.27006],[-97.78827,30.27013],[-97.78761,30.26954],[-97.78759,30.2685],[-97.78753,30.26851],[-97.78748,30.26853],[-97.78731,30.2685],[-97.78727,30.2685],[-97.78697,30.26861],[-97.78678,30.26862],[-97.78668,30.26863],[-97.78661,30.26864],[-97.78649,30.26867],[-97.78621,30.26872],[-97.78613,30.26809],[-97.78594,30.2677],[-97.78562,30.2673],[-97.78537,30.26713],[-97.7849,30.26698],[-97.78461,30.2669],[-97.78348,30.26663],[-97.78322,30.26651],[-97.78298,30.26635],[-97.78286,30.26623],[-97.78225,30.26644],[-97.78176,30.26665],[-97.7808,30.26717],[-97.78065,30.26725],[-97.78007,30.26757],[-97.78032,30.26784],[-97.7809,30.26764],[-97.78143,30.26837],[-97.78127,30.26848],[-97.78106,30.26864],[-97.7811,30.26864],[-97.78118,30.26864],[-97.78112,30.26872],[-97.78104,30.26883],[-97.78091,30.26899],[-97.78044,30.26961],[-97.78039,30.26968],[-97.78014,30.27],[-97.77997,30.27022],[-97.77966,30.2706],[-97.77917,30.27123],[-97.77895,30.27151],[-97.77892,30.2715],[-97.77885,30.27158],[-97.7788,30.27163],[-97.77885,30.27166],[-97.77872,30.27181],[-97.7786,30.27194],[-97.77834,30.27226],[-97.77812,30.27254],[-97.77784,30.27287],[-97.77776,30.27297],[-97.77717,30.27371],[-97.7773,30.27384],[-97.77732,30.27385],[-97.77902,30.27545],[-97.77985,30.27624],[-97.78022,30.27659],[-97.78057,30.27691],[-97.7809,30.27722],[-97.78252,30.27874],[-97.78299,30.27919],[-97.78376,30.27992],[-97.78471,30.28081],[-97.78531,30.28137],[-97.78612,30.28213],[-97.78695,30.28293],[-97.7871,30.2828],[-97.78727,30.28266],[-97.78734,30.2826],[-97.78743,30.28242],[-97.78758,30.28213],[-97.78773,30.28183],[-97.78785,30.2816],[-97.7881,30.28111],[-97.78817,30.28098],[-97.78849,30.28046],[-97.78911,30.27944],[-97.78912,30.27942],[-97.78916,30.27936],[-97.78918,30.27932],[-97.78921,30.27927],[-97.78928,30.2793],[-97.78953,30.27941],[-97.78969,30.27949],[-97.79047,30.27984],[-97.79053,30.27988],[-97.7906,30.27992],[-97.79102,30.28011],[-97.7908,30.28048],[-97.79065,30.28072],[-97.79047,30.28102],[-97.79037,30.2812],[-97.79034,30.28122],[-97.79005,30.2811],[-97.78993,30.28104],[-97.78979,30.28097],[-97.78973,30.28107],[-97.78969,30.28114],[-97.78959,30.28131],[-97.78967,30.28135],[-97.78971,30.28137],[-97.78975,30.28139],[-97.78981,30.28141],[-97.7898,30.28145],[-97.78962,30.28174],[-97.78955,30.28186],[-97.78948,30.28198],[-97.78946,30.282],[-97.78945,30.28202],[-97.78904,30.28184],[-97.78896,30.2818],[-97.78891,30.28178],[-97.78886,30.28185],[-97.78884,30.28188],[-97.7888,30.28195],[-97.78878,30.282],[-97.78867,30.28217],[-97.78866,30.28219],[-97.78865,30.28225],[-97.78862,30.28233],[-97.78861,30.28237],[-97.7886,30.2824],[-97.78858,30.28249],[-97.78856,30.28259],[-97.78854,30.28263],[-97.78854,30.28264],[-97.78852,30.2827],[-97.78826,30.28295],[-97.78803,30.28316],[-97.78799,30.28319],[-97.78793,30.28324],[-97.78783,30.28317],[-97.78763,30.28332],[-97.7875,30.28341],[-97.78751,30.28343],[-97.78753,30.28345],[-97.78762,30.28353],[-97.78868,30.28453],[-97.78871,30.28456],[-97.78914,30.28495],[-97.78948,30.28529],[-97.78956,30.28536],[-97.78961,30.2854],[-97.79008,30.28464],[-97.7905,30.28397],[-97.79147,30.28442],[-97.79214,30.28473],[-97.7924,30.28486],[-97.79243,30.28486],[-97.79257,30.28465],[-97.79274,30.28437],[-97.79291,30.28411],[-97.79308,30.28383],[-97.79342,30.28402],[-97.7942,30.28439],[-97.79486,30.28471],[-97.79408,30.28594],[-97.79365,30.28661],[-97.79359,30.28671],[-97.79351,30.28683],[-97.79372,30.28693],[-97.79531,30.28767],[-97.79536,30.28769],[-97.79557,30.2878],[-97.79638,30.28819],[-97.79719,30.28859],[-97.79766,30.28882],[-97.79767,30.28882],[-97.79769,30.2888],[-97.79777,30.28883],[-97.79994,30.28988],[-97.79891,30.29146],[-97.79801,30.29174],[-97.79784,30.29177],[-97.79779,30.29178],[-97.79759,30.29181],[-97.79729,30.29187],[-97.79705,30.29196],[-97.79689,30.29202],[-97.79681,30.29205],[-97.79677,30.29207],[-97.79668,30.29209],[-97.7964,30.29218],[-97.79614,30.29226],[-97.79603,30.29229],[-97.79573,30.29263],[-97.79569,30.29267],[-97.79552,30.29285],[-97.79532,30.29312],[-97.79526,30.29323],[-97.79504,30.29354],[-97.7945,30.29384],[-97.79434,30.29393],[-97.79421,30.294],[-97.79414,30.29404],[-97.79381,30.29423],[-97.79361,30.29436],[-97.79357,30.29453],[-97.79356,30.29463],[-97.79354,30.29471],[-97.79351,30.29487],[-97.79348,30.2951],[-97.79346,30.29511],[-97.79315,30.29522],[-97.79296,30.29515],[-97.79237,30.29492],[-97.7923,30.2949],[-97.79215,30.29468],[-97.79208,30.29463],[-97.79205,30.2946],[-97.79196,30.29454],[-97.79135,30.29422],[-97.79131,30.29419],[-97.79127,30.29417],[-97.79124,30.29416],[-97.79113,30.2941],[-97.791,30.29403],[-97.79095,30.294],[-97.79091,30.29398],[-97.79087,30.29398],[-97.7908,30.294],[-97.79063,30.29404],[-97.79059,30.29406],[-97.79051,30.29411],[-97.79032,30.29425],[-97.79031,30.29427],[-97.7903,30.29431],[-97.79029,30.29435],[-97.79024,30.29452],[-97.79023,30.29455],[-97.7904,30.29492],[-97.79043,30.29499],[-97.79044,30.29502],[-97.79055,30.29514],[-97.79057,30.29515],[-97.79058,30.29517],[-97.79066,30.29525],[-97.79077,30.29535],[-97.7908,30.29537],[-97.79081,30.2954],[-97.79082,30.29543],[-97.79083,30.29547],[-97.79084,30.2955],[-97.79089,30.29564],[-97.79088,30.29568],[-97.79087,30.2957],[-97.79085,30.29578],[-97.79083,30.29587],[-97.79082,30.29589],[-97.79081,30.29592],[-97.79079,30.29596],[-97.79078,30.29599],[-97.79077,30.29601],[-97.79081,30.29604],[-97.79083,30.29605],[-97.79085,30.29607],[-97.79087,30.29609],[-97.79093,30.29614],[-97.79096,30.29616],[-97.79104,30.29613],[-97.79107,30.29612],[-97.79109,30.29611],[-97.79125,30.29604],[-97.79136,30.296],[-97.79138,30.29598],[-97.79141,30.29597],[-97.79141,30.29595],[-97.79141,30.29591],[-97.79161,30.29587],[-97.79162,30.29588],[-97.79167,30.29589],[-97.79173,30.2959],[-97.79175,30.2959],[-97.79182,30.29598],[-97.79196,30.29614],[-97.79196,30.29616],[-97.79194,30.29619],[-97.79186,30.2964],[-97.79174,30.29653],[-97.79169,30.29657],[-97.79133,30.29678],[-97.79123,30.29686],[-97.79113,30.29693],[-97.79105,30.29699],[-97.79095,30.29705],[-97.79088,30.2971],[-97.79077,30.29718],[-97.79071,30.29722],[-97.79065,30.29727],[-97.79062,30.29731],[-97.79051,30.29742],[-97.79035,30.29753],[-97.7903,30.29758],[-97.79021,30.29769],[-97.79023,30.29774],[-97.7903,30.29797],[-97.79043,30.29835],[-97.79044,30.29839],[-97.79045,30.29842],[-97.79047,30.29851],[-97.79047,30.29854],[-97.79153,30.29815],[-97.79173,30.29806],[-97.79177,30.29806],[-97.79183,30.29812],[-97.79183,30.29834],[-97.79181,30.29844],[-97.79187,30.29849],[-97.7919,30.29854],[-97.79187,30.29862],[-97.79194,30.29874],[-97.79195,30.29886],[-97.79195,30.2989],[-97.79195,30.29896],[-97.79195,30.29902],[-97.79202,30.29911],[-97.79202,30.29914],[-97.79201,30.29917],[-97.79201,30.29921],[-97.79202,30.29927],[-97.79203,30.29932],[-97.79203,30.29935],[-97.79204,30.29936],[-97.79204,30.29938],[-97.79206,30.29943],[-97.79209,30.2995],[-97.7921,30.29954],[-97.79218,30.29969],[-97.79218,30.29972],[-97.7922,30.29975],[-97.79221,30.29979],[-97.79225,30.29989],[-97.79228,30.29995],[-97.7923,30.29999],[-97.79231,30.30002],[-97.79238,30.30005],[-97.79247,30.30009],[-97.79252,30.30011],[-97.79255,30.30012],[-97.7927,30.30018],[-97.79276,30.3002],[-97.7928,30.30022],[-97.79283,30.30024],[-97.79286,30.30026],[-97.79292,30.3003],[-97.79296,30.30033],[-97.793,30.30035],[-97.79302,30.30036],[-97.79305,30.30038],[-97.79308,30.3004],[-97.79313,30.30044],[-97.79316,30.30046],[-97.79324,30.30051],[-97.79329,30.30053],[-97.79338,30.30058],[-97.79342,30.3006],[-97.79361,30.3008],[-97.79391,30.30112],[-97.79393,30.30115],[-97.79395,30.30117],[-97.79402,30.30123],[-97.79404,30.30126],[-97.79406,30.30129],[-97.79408,30.30132],[-97.7941,30.30135],[-97.79415,30.30134],[-97.79423,30.30148],[-97.79427,30.30155],[-97.79428,30.30159],[-97.79429,30.30162],[-97.79433,30.3018],[-97.79434,30.30185],[-97.79436,30.30189],[-97.79428,30.30192],[-97.79427,30.30206],[-97.79425,30.3024],[-97.79439,30.30265],[-97.79482,30.30294],[-97.79487,30.303],[-97.79509,30.30331],[-97.79576,30.30321],[-97.79585,30.30331],[-97.79593,30.30343],[-97.79599,30.30355],[-97.79602,30.30368],[-97.79602,30.30378],[-97.79603,30.30387],[-97.79604,30.30394],[-97.79605,30.30401],[-97.79604,30.30408],[-97.79604,30.30415],[-97.79603,30.30422],[-97.796,30.30431],[-97.79597,30.30441],[-97.7959,30.30448],[-97.79583,30.30452],[-97.79549,30.30466],[-97.79538,30.30468],[-97.79527,30.30469],[-97.79517,30.3047],[-97.79516,30.30471],[-97.79504,30.30471],[-97.79493,30.30471],[-97.79482,30.30471],[-97.7947,30.3047],[-97.79459,30.30469],[-97.79448,30.30468],[-97.79437,30.30465],[-97.79426,30.30463],[-97.79415,30.3046],[-97.79406,30.30457],[-97.79394,30.30453],[-97.79384,30.30449],[-97.79374,30.30444],[-97.79364,30.30439],[-97.79354,30.30434],[-97.79345,30.30429],[-97.79336,30.30423],[-97.79328,30.30416],[-97.79319,30.3041],[-97.79311,30.30403],[-97.79304,30.30395],[-97.79297,30.30388],[-97.7929,30.3038],[-97.79283,30.30372],[-97.79277,30.30364],[-97.79272,30.30355],[-97.79267,30.30346],[-97.79262,30.30337],[-97.79258,30.30328],[-97.79254,30.30319],[-97.79251,30.3031],[-97.7925,30.30297],[-97.7925,30.30291],[-97.79249,30.30285],[-97.79247,30.30279],[-97.79244,30.30274],[-97.7924,30.30269],[-97.79235,30.30265],[-97.79229,30.30262],[-97.79218,30.30253],[-97.79195,30.30235],[-97.79177,30.30216],[-97.79167,30.30213],[-97.79157,30.3021],[-97.79149,30.30205],[-97.7914,30.30201],[-97.79132,30.30196],[-97.79123,30.3019],[-97.79116,30.30185],[-97.79108,30.30179],[-97.79101,30.30173],[-97.79094,30.30166],[-97.79088,30.30159],[-97.79081,30.30153],[-97.79076,30.30144],[-97.79071,30.30135],[-97.79067,30.30126],[-97.79063,30.30116],[-97.79055,30.30112],[-97.79045,30.30114],[-97.79035,30.30115],[-97.79025,30.30115],[-97.79015,30.30116],[-97.79005,30.30115],[-97.78995,30.30115],[-97.78985,30.30114],[-97.78974,30.30112],[-97.78965,30.30111],[-97.78955,30.30108],[-97.78946,30.30106],[-97.78936,30.30102],[-97.78917,30.30093],[-97.78906,30.30085],[-97.78897,30.30079],[-97.78888,30.30072],[-97.78879,30.30063],[-97.78872,30.30056],[-97.78865,30.30048],[-97.78858,30.30039],[-97.78852,30.3003],[-97.78847,30.3002],[-97.78846,30.30026],[-97.78843,30.30034],[-97.7884,30.30043],[-97.78837,30.30051],[-97.78833,30.30059],[-97.78826,30.3007],[-97.78819,30.30089],[-97.78817,30.30096],[-97.78814,30.30103],[-97.78811,30.30109],[-97.78808,30.30115],[-97.78804,30.30121],[-97.788,30.30127],[-97.78797,30.30136],[-97.78792,30.30143],[-97.78792,30.30152],[-97.78792,30.30159],[-97.78791,30.30167],[-97.7879,30.30174],[-97.78789,30.30181],[-97.78787,30.30189],[-97.78784,30.30196],[-97.78781,30.30203],[-97.78778,30.3021],[-97.78774,30.30217],[-97.78769,30.30223],[-97.78765,30.30229],[-97.7876,30.30235],[-97.78754,30.30241],[-97.78748,30.30246],[-97.78742,30.30252],[-97.78735,30.30256],[-97.78728,30.30261],[-97.78721,30.30265],[-97.78713,30.30269],[-97.78705,30.30274],[-97.787,30.30282],[-97.78693,30.30289],[-97.78686,30.30294],[-97.78677,30.30298],[-97.78667,30.3032],[-97.78673,30.30327],[-97.78678,30.30335],[-97.78682,30.30342],[-97.78686,30.3035],[-97.7869,30.30358],[-97.78693,30.30366],[-97.78693,30.30368],[-97.78698,30.30382],[-97.78701,30.30399],[-97.78701,30.30416],[-97.78701,30.30429],[-97.787,30.30433],[-97.78697,30.30451],[-97.78692,30.30466],[-97.78685,30.30482],[-97.78676,30.30497],[-97.78665,30.30512],[-97.78653,30.30525],[-97.78639,30.30537],[-97.78637,30.30538],[-97.78623,30.30547],[-97.78607,30.30557],[-97.7859,30.30565],[-97.78587,30.30573],[-97.78581,30.30588],[-97.78572,30.30603],[-97.78562,30.30617],[-97.7855,30.3063],[-97.78537,30.30642],[-97.78535,30.30644],[-97.78522,30.30653],[-97.78506,30.30662],[-97.78497,30.30666],[-97.78491,30.3067],[-97.78489,30.3067],[-97.78481,30.30673],[-97.78472,30.30676],[-97.7846,30.30679],[-97.78448,30.30681],[-97.78439,30.30683],[-97.7843,30.30684],[-97.7842,30.30684],[-97.78401,30.30684],[-97.78386,30.30707],[-97.78457,30.30752],[-97.7842,30.30799],[-97.78357,30.30878],[-97.78265,30.30997],[-97.78276,30.30997],[-97.78273,30.31007],[-97.78323,30.31015],[-97.78323,30.31022],[-97.78323,30.3103],[-97.78321,30.31037],[-97.7832,30.31045],[-97.78318,30.31052],[-97.78315,30.31059],[-97.78312,30.31066],[-97.78308,30.31072],[-97.78304,30.31079],[-97.783,30.31085],[-97.78293,30.31092],[-97.78289,30.31097],[-97.78284,30.31103],[-97.78278,30.31108],[-97.78271,30.31113],[-97.78265,30.31118],[-97.78258,30.31122],[-97.7825,30.31126],[-97.78239,30.31131],[-97.78241,30.31138],[-97.78243,30.31146],[-97.78245,30.31153],[-97.78246,30.31161],[-97.78246,30.31169],[-97.78246,30.31177],[-97.78245,30.31184],[-97.78244,30.31192],[-97.78243,30.312],[-97.78241,30.31207],[-97.78238,30.31214],[-97.78235,30.31222],[-97.78232,30.31229],[-97.78228,30.31236],[-97.78225,30.3124],[-97.78218,30.31249],[-97.78213,30.31255],[-97.78207,30.31261],[-97.78201,30.31267],[-97.78195,30.31272],[-97.78188,30.31277],[-97.78181,30.31282],[-97.78174,30.31286],[-97.78166,30.3129],[-97.78158,30.31294],[-97.7815,30.31297],[-97.78142,30.31299],[-97.7813,30.31303],[-97.78123,30.31313],[-97.78119,30.3132],[-97.78122,30.31328],[-97.78125,30.31335],[-97.78128,30.31342],[-97.78129,30.3135],[-97.78131,30.31357],[-97.78132,30.31365],[-97.78132,30.31373],[-97.78132,30.31382],[-97.78131,30.31388],[-97.7813,30.31396],[-97.78129,30.31403],[-97.78126,30.31411],[-97.78124,30.31418],[-97.78121,30.31425],[-97.78117,30.31432],[-97.78113,30.31439],[-97.78108,30.31447],[-97.78104,30.31452],[-97.78098,30.31459],[-97.78093,30.31467],[-97.78092,30.31476],[-97.7809,30.31485],[-97.78089,30.31495],[-97.78095,30.31501],[-97.781,30.31507],[-97.78104,30.31514],[-97.78109,30.3152],[-97.78112,30.31527],[-97.78115,30.31534],[-97.78118,30.31541],[-97.7812,30.31549],[-97.78122,30.31555],[-97.78123,30.31565],[-97.78124,30.31578],[-97.78123,30.31594],[-97.7812,30.31608],[-97.78115,30.31623],[-97.78108,30.31636],[-97.781,30.31649],[-97.78089,30.31662],[-97.78083,30.31667],[-97.78074,30.31674],[-97.78068,30.31679],[-97.7807,30.31687],[-97.78072,30.31694],[-97.78074,30.31709],[-97.78074,30.31723],[-97.78072,30.31734],[-97.78072,30.31738],[-97.78067,30.31753],[-97.78061,30.31767],[-97.78057,30.31775],[-97.78054,30.31785],[-97.78053,30.31812],[-97.78051,30.31831],[-97.78042,30.31839],[-97.78035,30.31849],[-97.78029,30.3186],[-97.78025,30.3187],[-97.78024,30.31882],[-97.78024,30.31894],[-97.78026,30.31905],[-97.7803,30.31916],[-97.78037,30.31926],[-97.78044,30.31935],[-97.78054,30.31943],[-97.78064,30.3195],[-97.7807,30.31941],[-97.7808,30.31926],[-97.78086,30.31917],[-97.78097,30.31903],[-97.78126,30.31879],[-97.7815,30.31857],[-97.78168,30.31841],[-97.78172,30.31837],[-97.78177,30.31835],[-97.78184,30.31832],[-97.78191,30.3183],[-97.78199,30.31828],[-97.78212,30.31823],[-97.7822,30.3182],[-97.78229,30.31817],[-97.78234,30.31816],[-97.78247,30.31813],[-97.78265,30.31811],[-97.78274,30.3181],[-97.78285,30.3181],[-97.78293,30.3181],[-97.78311,30.31812],[-97.78327,30.31815],[-97.78344,30.31819],[-97.78361,30.31824],[-97.78377,30.31831],[-97.78392,30.31839],[-97.78406,30.31849],[-97.7842,30.3186],[-97.78429,30.31872],[-97.78433,30.31877],[-97.78439,30.31885],[-97.78446,30.31899],[-97.78452,30.31914],[-97.78455,30.31929],[-97.78457,30.31945],[-97.78457,30.3196],[-97.78454,30.31975],[-97.7845,30.3199],[-97.78443,30.32005],[-97.78435,30.32019],[-97.78424,30.32033],[-97.7842,30.32038],[-97.78407,30.32049],[-97.78401,30.32053],[-97.78399,30.32054],[-97.78391,30.32062],[-97.78387,30.32069],[-97.78386,30.32077],[-97.78385,30.32084],[-97.78383,30.32091],[-97.7838,30.32098],[-97.78378,30.32105],[-97.78371,30.32119],[-97.78363,30.3213],[-97.78359,30.3214],[-97.78357,30.32146],[-97.78349,30.32161],[-97.7834,30.32176],[-97.78335,30.32183],[-97.78327,30.32191],[-97.7832,30.32198],[-97.78316,30.32202],[-97.7831,30.32207],[-97.78302,30.32213],[-97.78295,30.32218],[-97.78287,30.32223],[-97.78279,30.32227],[-97.7827,30.32231],[-97.78262,30.32235],[-97.78253,30.32238],[-97.78244,30.3224],[-97.7824,30.32241],[-97.78235,30.32243],[-97.78224,30.32245],[-97.78215,30.32249],[-97.78205,30.32253],[-97.78195,30.32257],[-97.78185,30.3226],[-97.78175,30.32262],[-97.78165,30.32264],[-97.78155,30.32266],[-97.78143,30.32268],[-97.78128,30.32274],[-97.78112,30.32279],[-97.78095,30.32283],[-97.78078,30.32284],[-97.78061,30.32285],[-97.78059,30.32295],[-97.78068,30.32308],[-97.78076,30.32322],[-97.78082,30.32337],[-97.78086,30.32351],[-97.78088,30.32367],[-97.78088,30.32382],[-97.78086,30.32398],[-97.78082,30.32413],[-97.78076,30.32427],[-97.78072,30.32435],[-97.78068,30.32441],[-97.78063,30.32448],[-97.78058,30.32454],[-97.78052,30.3246],[-97.78048,30.32465],[-97.78047,30.32466],[-97.7804,30.32472],[-97.78034,30.32477],[-97.78038,30.32488],[-97.78041,30.32499],[-97.78043,30.3251],[-97.78045,30.32522],[-97.78063,30.3256],[-97.78107,30.32652],[-97.78116,30.32649],[-97.78126,30.32647],[-97.78136,30.32645],[-97.78146,30.32643],[-97.78148,30.32643],[-97.78157,30.32642],[-97.78167,30.32641],[-97.78177,30.32641],[-97.78187,30.32641],[-97.78197,30.32642],[-97.78208,30.32643],[-97.78218,30.32645],[-97.78238,30.32649],[-97.78247,30.32652],[-97.78257,30.32655],[-97.78266,30.32658],[-97.78275,30.32662],[-97.78284,30.32667],[-97.78293,30.32672],[-97.78301,30.32677],[-97.78309,30.32682],[-97.78317,30.32688],[-97.78324,30.32695],[-97.78332,30.32701],[-97.78338,30.32708],[-97.78341,30.32711],[-97.78344,30.32715],[-97.78349,30.3272],[-97.78353,30.32727],[-97.78357,30.32734],[-97.7836,30.32741],[-97.78363,30.32748],[-97.78364,30.32752],[-97.78365,30.32756],[-97.78367,30.32763],[-97.78368,30.3277],[-97.78369,30.32778],[-97.78369,30.32786],[-97.78369,30.32793],[-97.78369,30.32801],[-97.78367,30.32809],[-97.78366,30.32816],[-97.78364,30.32824],[-97.78361,30.32831],[-97.78357,30.32839],[-97.78356,30.32842],[-97.78352,30.32849],[-97.78347,30.32856],[-97.78341,30.32863],[-97.78335,30.32869],[-97.78329,30.32875],[-97.78322,30.32882],[-97.78316,30.32887],[-97.78308,30.32894],[-97.783,30.329],[-97.78298,30.32901],[-97.78294,30.32903],[-97.78297,30.32903],[-97.78295,30.32914],[-97.78285,30.32951],[-97.78282,30.32965],[-97.78285,30.32963],[-97.78293,30.3296],[-97.78302,30.32957],[-97.78311,30.32954],[-97.7832,30.32952],[-97.78329,30.3295],[-97.78338,30.32948],[-97.78347,30.32947],[-97.78366,30.32946],[-97.78375,30.32947],[-97.78384,30.32947],[-97.78394,30.32948],[-97.78403,30.3295],[-97.78412,30.32952],[-97.78421,30.32955],[-97.78425,30.32956],[-97.78429,30.32957],[-97.78438,30.32961],[-97.78446,30.32964],[-97.78454,30.32968],[-97.78461,30.32972],[-97.78468,30.32976],[-97.78475,30.3298],[-97.78482,30.32985],[-97.78488,30.3299],[-97.78494,30.32995],[-97.78499,30.33001],[-97.78505,30.33007],[-97.78509,30.33013],[-97.78514,30.33019],[-97.78517,30.33026],[-97.78521,30.33032],[-97.78524,30.33039],[-97.78526,30.33047],[-97.78528,30.33054],[-97.7853,30.33061],[-97.78531,30.33068],[-97.78531,30.33076],[-97.78531,30.33086],[-97.78531,30.33091],[-97.7853,30.33098],[-97.78529,30.33105],[-97.78528,30.33111],[-97.78526,30.33118],[-97.78523,30.33125],[-97.7852,30.33132],[-97.78517,30.33138],[-97.78513,30.33144],[-97.78509,30.3315],[-97.78504,30.33156],[-97.78499,30.33161],[-97.78493,30.33166],[-97.78493,30.33167],[-97.78491,30.33172],[-97.78489,30.33179],[-97.78488,30.33185],[-97.78487,30.33192],[-97.78487,30.33198],[-97.78487,30.33205],[-97.78488,30.33212],[-97.78492,30.33223],[-97.78499,30.33232],[-97.78506,30.33241],[-97.78515,30.3325],[-97.78524,30.33255],[-97.78532,30.33261],[-97.78538,30.33267],[-97.78543,30.33276],[-97.78546,30.33282],[-97.7855,30.33287],[-97.78554,30.33293],[-97.7856,30.33299],[-97.78568,30.33304],[-97.78575,30.33309],[-97.78582,30.33315],[-97.78588,30.33321],[-97.78595,30.33327],[-97.78601,30.33334],[-97.78606,30.3334],[-97.78611,30.33347],[-97.78616,30.33355],[-97.7862,30.33362],[-97.78623,30.33367],[-97.78626,30.33373],[-97.78631,30.33379],[-97.78635,30.33384],[-97.78641,30.33389],[-97.78646,30.33394],[-97.78652,30.33399],[-97.78659,30.33403],[-97.78669,30.33408],[-97.78677,30.33415],[-97.78684,30.33423],[-97.78689,30.33432],[-97.78693,30.33443],[-97.78694,30.33449],[-97.78697,30.33456],[-97.78737,30.3349],[-97.78802,30.33563],[-97.7881,30.3356],[-97.7882,30.33558],[-97.78829,30.33555],[-97.78842,30.33553],[-97.78857,30.33552],[-97.78859,30.33552],[-97.78866,30.33551],[-97.78875,30.33551],[-97.78885,30.33552],[-97.78894,30.33553],[-97.78903,30.33554],[-97.78913,30.33556],[-97.78926,30.3356],[-97.78935,30.33562],[-97.78943,30.33566],[-97.78952,30.33569],[-97.7896,30.33573],[-97.78968,30.33578],[-97.78969,30.33579],[-97.78976,30.33583],[-97.78983,30.33588],[-97.78993,30.33596],[-97.79,30.33602],[-97.79006,30.33609],[-97.79011,30.33615],[-97.79017,30.33622],[-97.79021,30.33629],[-97.79026,30.33636],[-97.7903,30.33643],[-97.79033,30.33651],[-97.79036,30.33658],[-97.79038,30.33666],[-97.79041,30.33674],[-97.79042,30.33682],[-97.79043,30.33691],[-97.79043,30.33699],[-97.79043,30.33707],[-97.79043,30.33715],[-97.79042,30.33723],[-97.7904,30.33731],[-97.79038,30.33739],[-97.79036,30.33747],[-97.79033,30.33755],[-97.79029,30.33762],[-97.79025,30.3377],[-97.79021,30.33777],[-97.79016,30.33784],[-97.79033,30.33807],[-97.79043,30.33812],[-97.79052,30.33818],[-97.7906,30.33826],[-97.79065,30.33834],[-97.79068,30.3384],[-97.7907,30.33846],[-97.79075,30.33847],[-97.79082,30.3385],[-97.79088,30.33853],[-97.79094,30.33857],[-97.79099,30.3386],[-97.79104,30.33864],[-97.79109,30.33869],[-97.79113,30.33874],[-97.79117,30.33878],[-97.79121,30.33884],[-97.79125,30.33892],[-97.7913,30.33885],[-97.79135,30.3388],[-97.79141,30.33874],[-97.79147,30.33868],[-97.79153,30.33863],[-97.79157,30.3386],[-97.7916,30.33858],[-97.79167,30.33854],[-97.79175,30.3385],[-97.79182,30.33846],[-97.7919,30.33843],[-97.79208,30.33838],[-97.79216,30.33835],[-97.79225,30.33832],[-97.79232,30.33831],[-97.79241,30.33829],[-97.79251,30.33828],[-97.79258,30.33827],[-97.79265,30.33827],[-97.79277,30.33827],[-97.79286,30.33828],[-97.79295,30.33829],[-97.79303,30.33831],[-97.79311,30.33832],[-97.7932,30.33835],[-97.79329,30.33838],[-97.79337,30.33841],[-97.79345,30.33845],[-97.79352,30.33849],[-97.79359,30.33853],[-97.79366,30.33858],[-97.79373,30.33863],[-97.79379,30.33868],[-97.79385,30.33873],[-97.79391,30.3388],[-97.79396,30.33886],[-97.79401,30.33893],[-97.79405,30.33899],[-97.79409,30.33906],[-97.79412,30.33913],[-97.79415,30.33921],[-97.7942,30.33935],[-97.79433,30.33915],[-97.79437,30.33908],[-97.79442,30.339],[-97.79454,30.33883],[-97.79501,30.33806],[-97.79513,30.33788],[-97.79587,30.3367],[-97.79598,30.33652],[-97.79607,30.33637],[-97.79614,30.33628],[-97.7967,30.33537],[-97.79687,30.33511],[-97.79901,30.3317],[-97.79926,30.33131],[-97.79972,30.3306],[-97.80182,30.32728],[-97.80433,30.3233],[-97.80508,30.32212],[-97.80662,30.31968],[-97.80776,30.31788],[-97.80958,30.315],[-97.81032,30.31382],[-97.81056,30.31345],[-97.81102,30.31274],[-97.81211,30.31106],[-97.81376,30.3085],[-97.81493,30.30671],[-97.81538,30.30689],[-97.81576,30.30704],[-97.81727,30.30777],[-97.81733,30.30787],[-97.81839,30.30965],[-97.81722,30.31019],[-97.81735,30.31048],[-97.81797,30.31096],[-97.81821,30.31145],[-97.81851,30.31146],[-97.8189,30.31163],[-97.81915,30.31207],[-97.81938,30.3122],[-97.81978,30.31216],[-97.82003,30.31233],[-97.82016,30.31296],[-97.82086,30.31317],[-97.82188,30.31411],[-97.82225,30.31406],[-97.82263,30.31336],[-97.82306,30.31331],[-97.82376,30.31382],[-97.82408,30.31353],[-97.82466,30.31351],[-97.82467,30.31335],[-97.82469,30.31323],[-97.82471,30.31311],[-97.82472,30.31298],[-97.82473,30.3128],[-97.82472,30.31256],[-97.82471,30.31239],[-97.8247,30.31232],[-97.82467,30.31214],[-97.82468,30.31199],[-97.82454,30.31195],[-97.82457,30.31178],[-97.82448,30.31155],[-97.8244,30.31138],[-97.8242,30.31131],[-97.82427,30.31116],[-97.82417,30.31101],[-97.82405,30.31085],[-97.82388,30.3107],[-97.82369,30.31061],[-97.82384,30.31041],[-97.82367,30.31025],[-97.82351,30.31029],[-97.8234,30.31021],[-97.8233,30.31013],[-97.82319,30.31006],[-97.82299,30.30995],[-97.82158,30.30938],[-97.82174,30.30882],[-97.82189,30.30767],[-97.82187,30.30758],[-97.8218,30.30757],[-97.8216,30.30755],[-97.82174,30.30712],[-97.82163,30.30696],[-97.82163,30.30678],[-97.82164,30.30636],[-97.82147,30.3061],[-97.82159,30.30588],[-97.82226,30.30584],[-97.82243,30.30586],[-97.82253,30.30579],[-97.82256,30.30565],[-97.82252,30.30546],[-97.82233,30.30516],[-97.82264,30.30532],[-97.82269,30.30536],[-97.8228,30.30545],[-97.82282,30.30548],[-97.82291,30.30554],[-97.82296,30.30556],[-97.82302,30.30558],[-97.82309,30.30558],[-97.82317,30.30558],[-97.82333,30.30555],[-97.82343,30.30551],[-97.82349,30.30548],[-97.82353,30.30545],[-97.82358,30.30537],[-97.82367,30.30522],[-97.82378,30.30509],[-97.8238,30.30506],[-97.82382,30.30498],[-97.82386,30.30491],[-97.82391,30.30485],[-97.82396,30.30481],[-97.82402,30.30478],[-97.82406,30.30477],[-97.82409,30.30476],[-97.82413,30.30476],[-97.82416,30.30476],[-97.82424,30.30476],[-97.82425,30.30476],[-97.82433,30.30478],[-97.82435,30.30478],[-97.82448,30.30482],[-97.82465,30.30488],[-97.82497,30.30473],[-97.82499,30.30467],[-97.82503,30.30459],[-97.82509,30.30445],[-97.82516,30.3043],[-97.82525,30.30415],[-97.82566,30.30416],[-97.8257,30.30416],[-97.8258,30.30414],[-97.82597,30.30412],[-97.82586,30.30433],[-97.82576,30.30451],[-97.82567,30.30468],[-97.82558,30.30488],[-97.82544,30.30531],[-97.8254,30.30544],[-97.82538,30.30554],[-97.82532,30.30577],[-97.8253,30.30595],[-97.8253,30.30622],[-97.82532,30.30649],[-97.8254,30.30691],[-97.82554,30.30747],[-97.82615,30.30944],[-97.82651,30.3106],[-97.8269,30.31193],[-97.82691,30.31202],[-97.82698,30.3124],[-97.82699,30.31258],[-97.82699,30.31263],[-97.827,30.31275],[-97.827,30.3131],[-97.82695,30.31354],[-97.82689,30.31385],[-97.82685,30.31403],[-97.82679,30.3142],[-97.82675,30.31436],[-97.82666,30.31458],[-97.82663,30.31468],[-97.82662,30.31471],[-97.82654,30.31487],[-97.82623,30.31544],[-97.82619,30.31551],[-97.82612,30.3156],[-97.82561,30.31621],[-97.82556,30.31627],[-97.82535,30.31649],[-97.8251,30.31672],[-97.82469,30.31703],[-97.82441,30.31722],[-97.82423,30.31731],[-97.82167,30.31867],[-97.82162,30.31869],[-97.82064,30.31921],[-97.81736,30.32092],[-97.8163,30.32148],[-97.81613,30.32157],[-97.81585,30.32172],[-97.81553,30.3219],[-97.81533,30.32205],[-97.81516,30.32217],[-97.81496,30.32233],[-97.81471,30.32255],[-97.81457,30.32269],[-97.81451,30.32275],[-97.81442,30.32286],[-97.81434,30.32294],[-97.81417,30.32315],[-97.81408,30.32325],[-97.81287,30.32515],[-97.81135,30.32752],[-97.81126,30.32765],[-97.81118,30.32779],[-97.81034,30.3291],[-97.80944,30.33051],[-97.80823,30.3324],[-97.80699,30.33434],[-97.80644,30.33519],[-97.80637,30.33531],[-97.8063,30.33543],[-97.80379,30.3394],[-97.80371,30.33952],[-97.80363,30.33965],[-97.80182,30.34246],[-97.80153,30.34292],[-97.80084,30.34399],[-97.79972,30.34576],[-97.79926,30.34646],[-97.79914,30.34666],[-97.7985,30.34761],[-97.79809,30.34823],[-97.79789,30.34853],[-97.79756,30.34896],[-97.79743,30.34913],[-97.79737,30.34921],[-97.79703,30.34975],[-97.79696,30.34984],[-97.79692,30.34988],[-97.79684,30.34999],[-97.79679,30.34997],[-97.79675,30.34995],[-97.79677,30.34992],[-97.79683,30.34985],[-97.79677,30.34982],[-97.79658,30.34975],[-97.79622,30.34957],[-97.79487,30.3486],[-97.79371,30.34777],[-97.7936,30.3477],[-97.79152,30.34628],[-97.79147,30.34625],[-97.7897,30.34483],[-97.78831,30.34356],[-97.78769,30.34276],[-97.7874,30.34239],[-97.78656,30.34137],[-97.78624,30.34092],[-97.78509,30.33894],[-97.78475,30.33836],[-97.78433,30.33765],[-97.7839,30.3369],[-97.78312,30.33556],[-97.78272,30.33491],[-97.78199,30.33377],[-97.78191,30.33365],[-97.78126,30.33256],[-97.78106,30.33223],[-97.78094,30.33225],[-97.77976,30.33054],[-97.77861,30.32839],[-97.77652,30.32384],[-97.77609,30.32217],[-97.77614,30.32091],[-97.77568,30.31803],[-97.77587,30.31413],[-97.7759,30.3136],[-97.77719,30.31019],[-97.77788,30.30835],[-97.7779,30.3083],[-97.7784,30.30765],[-97.77855,30.30736],[-97.77893,30.30663],[-97.77917,30.30621],[-97.77955,30.30573],[-97.78052,30.30443],[-97.78108,30.30372],[-97.78134,30.30343],[-97.78207,30.30268],[-97.78235,30.30239],[-97.78278,30.30191],[-97.78312,30.30155],[-97.78352,30.30111],[-97.78374,30.30085],[-97.78389,30.30064],[-97.78407,30.30032],[-97.78447,30.29971],[-97.78508,30.29891],[-97.78549,30.2983],[-97.78572,30.29791],[-97.78575,30.29787],[-97.78594,30.2975],[-97.786,30.29737],[-97.78596,30.29657],[-97.7859,30.29552],[-97.78561,30.29425],[-97.78562,30.29387],[-97.7856,30.29359],[-97.7855,30.29354],[-97.78544,30.29348],[-97.7854,30.2934],[-97.78528,30.29316],[-97.78555,30.29261],[-97.78566,30.29261],[-97.78611,30.2917],[-97.78613,30.29167],[-97.78578,30.28999],[-97.78567,30.28678],[-97.78539,30.28641],[-97.78536,30.28614],[-97.78491,30.28537],[-97.78429,30.2843],[-97.78392,30.28394],[-97.78297,30.28302],[-97.78037,30.28049],[-97.7795,30.27976],[-97.77769,30.27833],[-97.77689,30.2777],[-97.77669,30.27753],[-97.77502,30.27634],[-97.77483,30.27621],[-97.77421,30.2758],[-97.77331,30.27522],[-97.7728,30.27488],[-97.77259,30.27464],[-97.77176,30.27398],[-97.77149,30.2738],[-97.77114,30.27345],[-97.77061,30.27291],[-97.76611,30.26986],[-97.76463,30.2691],[-97.76106,30.26726],[-97.7614,30.26702],[-97.76185,30.26674],[-97.76201,30.26665],[-97.76218,30.26656],[-97.76226,30.26652],[-97.76235,30.26648],[-97.76247,30.26642],[-97.76253,30.26638],[-97.76272,30.26629],[-97.7628,30.26627],[-97.76286,30.26624],[-97.76297,30.26617],[-97.76303,30.26615],[-97.76315,30.26612],[-97.76319,30.26611],[-97.76328,30.26607],[-97.7634,30.26599],[-97.76349,30.26594],[-97.76364,30.26584],[-97.76371,30.26583],[-97.76381,30.26577],[-97.76387,30.26572],[-97.76406,30.26562],[-97.76425,30.26551],[-97.76431,30.26547],[-97.76439,30.26545],[-97.76446,30.26541],[-97.76457,30.26536],[-97.76465,30.26533],[-97.76473,30.26531],[-97.76481,30.26528],[-97.76496,30.2652],[-97.76497,30.26518],[-97.76499,30.26517],[-97.76506,30.26516],[-97.76511,30.26514],[-97.7653,30.26506],[-97.7654,30.26502],[-97.76547,30.26497],[-97.76557,30.26492],[-97.76563,30.26486],[-97.76569,30.26483],[-97.76575,30.26478],[-97.76583,30.26474],[-97.76589,30.26469],[-97.76594,30.26466],[-97.76608,30.26461],[-97.76616,30.26457],[-97.76634,30.26452],[-97.76644,30.2645],[-97.76657,30.26447],[-97.76667,30.26444],[-97.76673,30.26441],[-97.76681,30.26439],[-97.76689,30.26435],[-97.76707,30.26428],[-97.76717,30.26425],[-97.76725,30.26422],[-97.76739,30.26418],[-97.76743,30.26415],[-97.76757,30.2641],[-97.76763,30.26408],[-97.7677,30.26407],[-97.76782,30.26405],[-97.76806,30.26405],[-97.76829,30.26405],[-97.76844,30.26405],[-97.7687,30.26403],[-97.76884,30.26402],[-97.76896,30.26402],[-97.76909,30.26405],[-97.76937,30.26409],[-97.76941,30.26408],[-97.77094,30.26373],[-97.77117,30.26365],[-97.77133,30.26362],[-97.77153,30.26359],[-97.77183,30.26357],[-97.77196,30.26357],[-97.77217,30.26358],[-97.77234,30.2636],[-97.77238,30.26361],[-97.77245,30.2636],[-97.77249,30.2636],[-97.77297,30.26363],[-97.77303,30.26366],[-97.77309,30.26367],[-97.77323,30.26367],[-97.77354,30.26365],[-97.77392,30.26363],[-97.77409,30.26363],[-97.77478,30.26365],[-97.77485,30.26364],[-97.77547,30.26355],[-97.77563,30.26352],[-97.77593,30.26347],[-97.77652,30.26334],[-97.77662,30.26331],[-97.77682,30.26326],[-97.77704,30.26319],[-97.7771,30.26316],[-97.77723,30.26309],[-97.778,30.26287],[-97.77814,30.26284],[-97.77822,30.26283],[-97.77841,30.26285],[-97.77849,30.26284],[-97.77856,30.26284],[-97.77884,30.26284],[-97.7794,30.26287],[-97.77957,30.26287],[-97.77963,30.26287],[-97.77973,30.26284],[-97.77986,30.26279],[-97.77992,30.26276],[-97.78001,30.26274],[-97.78037,30.26268],[-97.78051,30.26265],[-97.78075,30.26259],[-97.7809,30.26255],[-97.78101,30.2625],[-97.78118,30.2624],[-97.78158,30.26221],[-97.7819,30.26208],[-97.78201,30.26203],[-97.78209,30.26197],[-97.78221,30.26188],[-97.78229,30.26183],[-97.78239,30.26179],[-97.78243,30.26177],[-97.78258,30.26173],[-97.78271,30.26172],[-97.78283,30.26171],[-97.78305,30.26166],[-97.7832,30.26165],[-97.78338,30.26164],[-97.78354,30.26163],[-97.78363,30.26161],[-97.78373,30.26158],[-97.78383,30.26153],[-97.78397,30.26143],[-97.78415,30.26129],[-97.78418,30.26128],[-97.78422,30.26127],[-97.78439,30.26125],[-97.78459,30.26119],[-97.78485,30.26109],[-97.78494,30.26104],[-97.78504,30.26098],[-97.78508,30.26095],[-97.7854,30.26065],[-97.78544,30.26061],[-97.78551,30.2605],[-97.78557,30.26039],[-97.78559,30.26033],[-97.78559,30.2603],[-97.78556,30.26023],[-97.78553,30.26018],[-97.78539,30.26006],[-97.78521,30.25992],[-97.78515,30.25989],[-97.78508,30.25987],[-97.78489,30.25984],[-97.78476,30.25982],[-97.78472,30.2598],[-97.78436,30.25953],[-97.7843,30.25947],[-97.78426,30.25941],[-97.78423,30.25934],[-97.78421,30.25927],[-97.78421,30.25918],[-97.78423,30.259],[-97.78427,30.25879],[-97.7843,30.25869],[-97.78435,30.25858],[-97.78448,30.25833],[-97.78461,30.25809],[-97.78471,30.25794],[-97.7848,30.25784],[-97.78503,30.25764],[-97.7852,30.2575],[-97.78527,30.25746],[-97.7854,30.2574],[-97.78565,30.25731],[-97.78586,30.25724],[-97.78589,30.25723],[-97.78598,30.2572],[-97.78614,30.25712],[-97.78632,30.25701],[-97.78646,30.25695],[-97.78677,30.25684],[-97.78687,30.25681],[-97.78746,30.25659],[-97.78774,30.25652],[-97.78795,30.25644],[-97.78836,30.25627],[-97.78849,30.25622],[-97.7887,30.25614],[-97.78883,30.25608],[-97.78903,30.25596],[-97.78921,30.25588],[-97.78967,30.25565],[-97.78977,30.25561],[-97.79013,30.25551],[-97.79031,30.25545],[-97.79063,30.25531],[-97.79078,30.25524],[-97.79092,30.25518],[-97.79121,30.25509],[-97.79129,30.25508],[-97.79135,30.25508],[-97.7917,30.25492],[-97.79185,30.25489],[-97.79221,30.25478],[-97.79233,30.25473],[-97.79276,30.25456],[-97.79298,30.25448],[-97.79319,30.25443],[-97.79343,30.25434],[-97.79367,30.25426],[-97.79378,30.2542],[-97.79385,30.25417],[-97.79388,30.25416],[-97.79404,30.25415],[-97.7945,30.25408],[-97.79456,30.25406],[-97.79482,30.25393],[-97.79511,30.25381],[-97.79527,30.25373],[-97.79549,30.2536],[-97.79566,30.25349],[-97.79575,30.25342],[-97.79581,30.25335],[-97.79584,30.2533],[-97.79594,30.25312],[-97.79601,30.25302],[-97.79604,30.25294],[-97.79609,30.2528],[-97.79615,30.25264],[-97.79617,30.25258],[-97.79617,30.25251],[-97.79614,30.25236],[-97.79611,30.2523],[-97.7961,30.25227],[-97.79611,30.25222],[-97.79626,30.25181],[-97.79629,30.25171],[-97.79631,30.25154],[-97.79633,30.25133],[-97.7964,30.25104],[-97.79641,30.25088],[-97.79651,30.25035],[-97.79651,30.25021],[-97.79653,30.25011],[-97.79656,30.24995],[-97.79663,30.24979],[-97.79664,30.24969],[-97.79667,30.24941],[-97.79668,30.24931],[-97.79674,30.24909],[-97.7968,30.24874],[-97.79681,30.24864],[-97.79679,30.24852],[-97.79676,30.24829],[-97.79674,30.24821],[-97.79671,30.24814],[-97.79665,30.24806],[-97.79661,30.24802],[-97.79653,30.24797],[-97.79645,30.24788],[-97.79631,30.24775],[-97.79625,30.24771],[-97.79622,30.24769],[-97.79615,30.24767],[-97.79606,30.24766],[-97.79589,30.24766],[-97.79553,30.24767],[-97.79541,30.24768],[-97.79538,30.24768],[-97.79524,30.24771],[-97.79502,30.24775],[-97.79484,30.24779],[-97.79452,30.24788],[-97.79428,30.24794],[-97.79419,30.24795],[-97.79394,30.24797],[-97.79384,30.248],[-97.7938,30.248],[-97.79365,30.24803],[-97.79351,30.24804],[-97.7933,30.24803],[-97.79318,30.24802],[-97.793,30.24797],[-97.79281,30.24793],[-97.79268,30.24789],[-97.7926,30.24787],[-97.79241,30.24784],[-97.7923,30.24784],[-97.7922,30.24782],[-97.79212,30.2478],[-97.79205,30.24776],[-97.79192,30.24767],[-97.79173,30.24755],[-97.79129,30.2473],[-97.79117,30.24723],[-97.79105,30.24712],[-97.79097,30.24707],[-97.79092,30.24705],[-97.79088,30.24704],[-97.79075,30.24704],[-97.7907,30.24703],[-97.79058,30.247],[-97.79049,30.24696],[-97.78983,30.24659],[-97.78973,30.24653],[-97.7896,30.24645],[-97.78951,30.24639],[-97.78944,30.24632],[-97.78937,30.24623],[-97.78914,30.24592],[-97.78903,30.24579],[-97.78898,30.2457],[-97.78893,30.24559],[-97.7889,30.2455],[-97.78888,30.24541],[-97.78887,30.24524],[-97.78884,30.2451],[-97.7888,30.24487],[-97.78875,30.24464],[-97.78874,30.24453],[-97.78874,30.24445],[-97.78875,30.24442],[-97.7888,30.24434],[-97.78881,30.24429],[-97.78883,30.24422],[-97.78885,30.24374],[-97.78886,30.24364],[-97.7889,30.24342],[-97.78893,30.2433],[-97.78898,30.24319],[-97.78904,30.24308],[-97.78917,30.2429],[-97.78933,30.24269],[-97.78942,30.24256],[-97.78952,30.24241],[-97.7896,30.24233],[-97.78969,30.24224],[-97.78984,30.24213],[-97.78989,30.24209],[-97.78997,30.24206],[-97.79006,30.24204],[-97.7902,30.24201],[-97.79045,30.24198],[-97.79055,30.24197],[-97.7911,30.24197],[-97.79136,30.24196],[-97.79156,30.24194],[-97.79169,30.24191],[-97.79202,30.24184],[-97.79212,30.24183],[-97.79222,30.24183],[-97.79229,30.24184],[-97.79237,30.24186],[-97.79246,30.24191],[-97.79254,30.24196],[-97.79265,30.24205],[-97.79274,30.24216],[-97.79279,30.24223],[-97.79282,30.24229],[-97.79285,30.24243],[-97.79291,30.24253],[-97.79302,30.2427],[-97.79312,30.24282],[-97.79322,30.24293],[-97.79334,30.24304],[-97.79341,30.2431],[-97.79348,30.24313],[-97.79352,30.24314],[-97.79364,30.24315],[-97.79391,30.24314],[-97.794,30.24315],[-97.79408,30.24318],[-97.79422,30.24324],[-97.7945,30.24338],[-97.79508,30.24366],[-97.79535,30.24378],[-97.79561,30.24387],[-97.79565,30.24389],[-97.79574,30.24395],[-97.79584,30.24402],[-97.79594,30.24411],[-97.79599,30.24415],[-97.7961,30.24423],[-97.79644,30.24444],[-97.79659,30.24453],[-97.79685,30.24467],[-97.79721,30.24484],[-97.79734,30.24488],[-97.79753,30.24494],[-97.79767,30.24496],[-97.79828,30.24507],[-97.79833,30.24512],[-97.79846,30.24516],[-97.79853,30.24517],[-97.79924,30.24519],[-97.79948,30.24521],[-97.7998,30.24526],[-97.80015,30.2453],[-97.80031,30.2453],[-97.80063,30.24528],[-97.80098,30.24525],[-97.80104,30.24524],[-97.80115,30.2452],[-97.80185,30.24491],[-97.80221,30.24479],[-97.80226,30.24477],[-97.80232,30.24475],[-97.80245,30.24471],[-97.80252,30.24469],[-97.80277,30.24457],[-97.80296,30.24451],[-97.80306,30.24447],[-97.8033,30.24432],[-97.80348,30.24423],[-97.80385,30.24407],[-97.80394,30.24402],[-97.80458,30.24366],[-97.80467,30.24361],[-97.80483,30.2435],[-97.80516,30.2433],[-97.80573,30.243],[-97.80591,30.24291],[-97.806,30.24284],[-97.80617,30.24271],[-97.80635,30.24254],[-97.80645,30.24244],[-97.80655,30.24233],[-97.80666,30.24219],[-97.80676,30.24201],[-97.80681,30.24194],[-97.80694,30.24177],[-97.80709,30.2416],[-97.80721,30.24148],[-97.80741,30.2413],[-97.80759,30.24116],[-97.80766,30.24109],[-97.80785,30.24084],[-97.80798,30.24065],[-97.80805,30.24056],[-97.80814,30.24048],[-97.80817,30.24045],[-97.8082,30.24047],[-97.80825,30.24049],[-97.80829,30.24044],[-97.80831,30.24041],[-97.80837,30.24037],[-97.80843,30.24032],[-97.80864,30.24014],[-97.80878,30.24003],[-97.80883,30.23999],[-97.80894,30.2399],[-97.80909,30.23981],[-97.80912,30.2398],[-97.80915,30.23979],[-97.80928,30.23978],[-97.80929,30.23978],[-97.80942,30.23976],[-97.80968,30.23977],[-97.80973,30.23977],[-97.80977,30.23977],[-97.80985,30.23977],[-97.80995,30.23978],[-97.80997,30.23978],[-97.80999,30.23978],[-97.81007,30.23979],[-97.81019,30.23983],[-97.81022,30.23987],[-97.81024,30.2399],[-97.81036,30.23972],[-97.81049,30.23955],[-97.81062,30.23933],[-97.81068,30.23923],[-97.81075,30.2391],[-97.81101,30.23875],[-97.81132,30.23835],[-97.81153,30.2383],[-97.81168,30.23821],[-97.81181,30.23812],[-97.81186,30.23798],[-97.81194,30.23786],[-97.81194,30.23782],[-97.81194,30.23771],[-97.81194,30.23768],[-97.8119,30.23744],[-97.81252,30.23649],[-97.81264,30.23652],[-97.8128,30.23657],[-97.81295,30.23663],[-97.81297,30.23664],[-97.81307,30.23671],[-97.81314,30.23676],[-97.81332,30.23688],[-97.81349,30.23706],[-97.81367,30.23715],[-97.81382,30.23715],[-97.81397,30.23707],[-97.81412,30.23692],[-97.81421,30.23638],[-97.81433,30.23601],[-97.81447,30.23586],[-97.81463,30.23582],[-97.81479,30.23583],[-97.81495,30.2359],[-97.81513,30.23604],[-97.81519,30.2361],[-97.81531,30.23624],[-97.8154,30.23632],[-97.81547,30.23624],[-97.81561,30.23608],[-97.81575,30.23589],[-97.81587,30.23561],[-97.81602,30.23552],[-97.8161,30.23548],[-97.81618,30.2355],[-97.81631,30.23551],[-97.81634,30.23552],[-97.81642,30.2355],[-97.81644,30.23543],[-97.81643,30.23542],[-97.81595,30.23473],[-97.81659,30.23449],[-97.8168,30.23445],[-97.81673,30.23385],[-97.81671,30.23369],[-97.81762,30.23366],[-97.8177,30.23365],[-97.81789,30.23365],[-97.81811,30.23366],[-97.81827,30.23366],[-97.81832,30.23367],[-97.81849,30.23368],[-97.81867,30.2337],[-97.81885,30.23372],[-97.81892,30.23373],[-97.81902,30.23375],[-97.81919,30.23378],[-97.81937,30.23381],[-97.81952,30.23385],[-97.8196,30.23387],[-97.81971,30.2339],[-97.81984,30.23394],[-97.82004,30.23402],[-97.82017,30.23407],[-97.82024,30.2341],[-97.82036,30.23416],[-97.82037,30.23413],[-97.82038,30.2341],[-97.8204,30.23407],[-97.82049,30.23394],[-97.8206,30.23377],[-97.82075,30.23354],[-97.82088,30.23335],[-97.82098,30.2332],[-97.82279,30.23043],[-97.82291,30.23025],[-97.823,30.23011],[-97.82317,30.22986],[-97.82318,30.22984],[-97.8232,30.22981],[-97.82324,30.22975],[-97.8233,30.22966],[-97.82348,30.22939],[-97.82355,30.22927],[-97.82445,30.22972],[-97.82479,30.22989],[-97.82481,30.22987],[-97.82482,30.22985],[-97.82504,30.22951],[-97.8254,30.22892],[-97.82568,30.22847],[-97.82622,30.2276],[-97.82629,30.2275],[-97.8264,30.22731],[-97.82674,30.22677],[-97.82693,30.22647],[-97.82757,30.22543],[-97.8276,30.22539],[-97.82765,30.2253],[-97.828,30.22469],[-97.82817,30.22439],[-97.82825,30.2244],[-97.82837,30.22442],[-97.82851,30.22444],[-97.82864,30.22446],[-97.82881,30.22418],[-97.82899,30.22388],[-97.82907,30.22376],[-97.8291,30.22372],[-97.82949,30.22308],[-97.83,30.22225],[-97.82935,30.22192],[-97.82931,30.2219],[-97.82877,30.22163],[-97.82848,30.22149],[-97.82797,30.22125],[-97.82792,30.22122],[-97.82752,30.22103],[-97.82737,30.22096],[-97.82715,30.22085],[-97.82647,30.22052],[-97.82637,30.22048],[-97.82624,30.22041],[-97.82666,30.2198],[-97.82702,30.21918],[-97.82788,30.21785],[-97.82798,30.21768],[-97.82806,30.21756],[-97.82812,30.21759],[-97.82819,30.21763],[-97.82825,30.21754],[-97.8284,30.2173],[-97.82866,30.2169],[-97.82975,30.21502],[-97.83044,30.21388],[-97.83053,30.21375],[-97.83054,30.21373],[-97.83039,30.21368],[-97.83092,30.21289],[-97.831,30.21275],[-97.83189,30.21133],[-97.83198,30.2112],[-97.83208,30.21102],[-97.83229,30.21076],[-97.83262,30.21037],[-97.83342,30.20933],[-97.83346,30.20927],[-97.83494,30.20699],[-97.83392,30.20648],[-97.83348,30.20717],[-97.83068,30.20581],[-97.83073,30.20566],[-97.83108,30.20504],[-97.83154,30.2044],[-97.83179,30.20395],[-97.83234,30.20421],[-97.83293,30.20337],[-97.83344,30.20254],[-97.83392,30.20178],[-97.83436,30.20106],[-97.83455,30.20071],[-97.83452,30.20006],[-97.83471,30.19972],[-97.83509,30.19988],[-97.8355,30.19989],[-97.83618,30.20006],[-97.83708,30.20051],[-97.83835,30.20116],[-97.83847,30.20122],[-97.8386,30.20129],[-97.83863,30.20124],[-97.83885,30.20091],[-97.83888,30.20086],[-97.83891,30.2008],[-97.83969,30.19955],[-97.8402,30.19873],[-97.84024,30.19867],[-97.84029,30.1986],[-97.84235,30.19541],[-97.8424,30.19534],[-97.84269,30.19492],[-97.84308,30.1943],[-97.84311,30.19425],[-97.84493,30.19143],[-97.84532,30.19079],[-97.84775,30.18697],[-97.84976,30.18379],[-97.84977,30.18366],[-97.8498,30.18361],[-97.84982,30.18359],[-97.84989,30.18347],[-97.84991,30.18345],[-97.84992,30.18344],[-97.85061,30.1824],[-97.85143,30.18116],[-97.85252,30.17945],[-97.85322,30.17834],[-97.85329,30.17824],[-97.85559,30.17854],[-97.85651,30.17867],[-97.85683,30.17817],[-97.8584,30.17835],[-97.85937,30.17846],[-97.85901,30.17808],[-97.85865,30.17771],[-97.85841,30.17738],[-97.85846,30.17738],[-97.85917,30.17738],[-97.86159,30.17738],[-97.86161,30.17592],[-97.86179,30.17592],[-97.86179,30.17739],[-97.86452,30.17739],[-97.86755,30.17739],[-97.86761,30.17743],[-97.86815,30.17776],[-97.86823,30.17758],[-97.8689,30.17602],[-97.86984,30.17603],[-97.86988,30.17604],[-97.8699,30.17605],[-97.86993,30.17608],[-97.86996,30.17614],[-97.87,30.17617],[-97.87007,30.1762],[-97.87012,30.1762],[-97.87018,30.17619],[-97.87021,30.17618],[-97.87025,30.17615],[-97.87028,30.17611],[-97.8703,30.17608],[-97.8703,30.17606],[-97.8703,30.17603],[-97.87029,30.17598],[-97.87028,30.17596],[-97.87027,30.17594],[-97.87024,30.17591],[-97.8702,30.17588],[-97.87016,30.17587],[-97.87011,30.17586],[-97.86852,30.17584],[-97.87038,30.17295],[-97.87292,30.17293],[-97.87412,30.17291],[-97.87459,30.17292],[-97.87458,30.17247],[-97.87454,30.16722],[-97.87449,30.16192],[-97.87447,30.16087],[-97.87447,30.16078],[-97.87437,30.15464],[-97.87435,30.15352],[-97.87337,30.1535],[-97.87167,30.15347],[-97.86951,30.1529],[-97.86715,30.15226],[-97.86703,30.15152],[-97.86688,30.15054],[-97.86651,30.15029],[-97.86637,30.15019],[-97.86601,30.14991],[-97.86544,30.14943],[-97.86417,30.14944],[-97.86341,30.14944],[-97.86215,30.14946],[-97.86191,30.14947],[-97.86173,30.14947],[-97.86173,30.14936],[-97.86173,30.14927],[-97.86213,30.14926],[-97.86343,30.14924],[-97.86553,30.14924],[-97.86653,30.15005],[-97.86684,30.15026],[-97.86728,30.15002],[-97.86743,30.1495],[-97.86755,30.14912],[-97.86717,30.14888],[-97.86643,30.14861],[-97.86619,30.14846],[-97.86554,30.14792],[-97.8648,30.14741],[-97.86349,30.14654],[-97.8626,30.14574],[-97.8623,30.14548],[-97.86214,30.14599],[-97.86203,30.1463],[-97.86203,30.14632],[-97.86168,30.14609],[-97.8612,30.14593],[-97.86092,30.14587],[-97.86005,30.1457],[-97.85942,30.14743],[-97.85931,30.14746],[-97.85932,30.14749],[-97.85938,30.14761],[-97.85948,30.14897],[-97.85948,30.149],[-97.8597,30.14927],[-97.85991,30.14935],[-97.86098,30.14933],[-97.86111,30.14934],[-97.86123,30.14935],[-97.86149,30.14945],[-97.86183,30.14963],[-97.86207,30.14988],[-97.86219,30.15006],[-97.86223,30.15033],[-97.86201,30.15107],[-97.86199,30.15144],[-97.86219,30.15195],[-97.86239,30.15226],[-97.86249,30.15241],[-97.86274,30.15278],[-97.8627,30.15282],[-97.86263,30.15289],[-97.86245,30.15305],[-97.86231,30.15389],[-97.86217,30.15468],[-97.86147,30.15492],[-97.86004,30.1554],[-97.85923,30.15569],[-97.85916,30.15572],[-97.85964,30.15634],[-97.85976,30.15654],[-97.85985,30.15673],[-97.85991,30.15694],[-97.85994,30.15712],[-97.86001,30.1583],[-97.86003,30.15884],[-97.85565,30.15888],[-97.85501,30.15888],[-97.85487,30.15889],[-97.8548,30.15889],[-97.85466,30.1589],[-97.85438,30.15891],[-97.8539,30.15892],[-97.85349,30.15892],[-97.85292,30.15893],[-97.85265,30.15894],[-97.85239,30.15894],[-97.85212,30.15895],[-97.85191,30.15895],[-97.85181,30.15894],[-97.85023,30.15897],[-97.85025,30.16026],[-97.85029,30.16476],[-97.85033,30.16777],[-97.85034,30.16834],[-97.85036,30.16949],[-97.85026,30.16945],[-97.85014,30.1694],[-97.85003,30.16935],[-97.84994,30.16929],[-97.84986,30.16922],[-97.8498,30.16916],[-97.84964,30.16892],[-97.84951,30.16875],[-97.84938,30.16852],[-97.8493,30.16842],[-97.84918,30.1683],[-97.84884,30.168],[-97.84874,30.16788],[-97.84873,30.16787],[-97.84845,30.16755],[-97.8484,30.16748],[-97.84835,30.16736],[-97.84815,30.16714],[-97.84811,30.16709],[-97.84809,30.16704],[-97.84808,30.16692],[-97.84806,30.16687],[-97.84804,30.16684],[-97.84799,30.16679],[-97.84783,30.16668],[-97.84778,30.16663],[-97.84774,30.16657],[-97.84765,30.16647],[-97.84756,30.16633],[-97.84748,30.16619],[-97.84744,30.16609],[-97.8474,30.16604],[-97.8472,30.16578],[-97.84706,30.16562],[-97.84694,30.16552],[-97.84692,30.16551],[-97.84684,30.16552],[-97.8468,30.16552],[-97.84676,30.1655],[-97.84674,30.16549],[-97.84671,30.16544],[-97.84661,30.16518],[-97.84642,30.1648],[-97.84633,30.16465],[-97.8462,30.16447],[-97.84609,30.16434],[-97.84599,30.16426],[-97.84591,30.16421],[-97.84587,30.16419],[-97.84578,30.16419],[-97.84571,30.16415],[-97.84559,30.16407],[-97.84557,30.16404],[-97.84556,30.16401],[-97.84549,30.16391],[-97.8453,30.16369],[-97.84524,30.16364],[-97.84491,30.16338],[-97.84475,30.16322],[-97.8446,30.16307],[-97.84418,30.1627],[-97.84406,30.1626],[-97.84372,30.1623],[-97.84363,30.16225],[-97.84353,30.16217],[-97.84342,30.16208],[-97.84335,30.16201],[-97.84325,30.16187],[-97.84319,30.16182],[-97.84314,30.16178],[-97.84303,30.16173],[-97.84516,30.15989],[-97.84578,30.15936],[-97.84618,30.15902],[-97.84617,30.15255],[-97.84617,30.15221],[-97.84617,30.14947],[-97.84648,30.14946],[-97.84716,30.14945],[-97.84779,30.14944],[-97.84856,30.14942],[-97.84852,30.14821],[-97.84919,30.14731],[-97.84926,30.14721],[-97.85011,30.14607],[-97.84861,30.14611],[-97.84708,30.14615],[-97.84705,30.14458],[-97.84752,30.14457],[-97.8493,30.14453],[-97.84957,30.1438],[-97.84963,30.14365],[-97.84939,30.14357],[-97.84869,30.14324],[-97.84814,30.14268],[-97.84758,30.14206],[-97.84755,30.14203],[-97.84738,30.14184],[-97.84685,30.14123],[-97.84675,30.14111],[-97.84679,30.14106],[-97.84688,30.14101],[-97.84695,30.14096],[-97.84697,30.14099],[-97.847,30.14102],[-97.84704,30.14106],[-97.84713,30.14117],[-97.84713,30.14115],[-97.84713,30.14114],[-97.84713,30.14112],[-97.84713,30.14111],[-97.84714,30.1411],[-97.84715,30.14108],[-97.84716,30.14108],[-97.8472,30.14104],[-97.84724,30.14101],[-97.84727,30.14098],[-97.8473,30.14096],[-97.84737,30.1409],[-97.84764,30.14062],[-97.8477,30.14063],[-97.84772,30.14063],[-97.84773,30.14063],[-97.84778,30.14063],[-97.84794,30.14065],[-97.8482,30.1407],[-97.84824,30.1407],[-97.84846,30.14071],[-97.84857,30.14071],[-97.84878,30.14073],[-97.8488,30.14073],[-97.84915,30.14074],[-97.84937,30.14067],[-97.84948,30.14058],[-97.8495,30.14056],[-97.84964,30.14042],[-97.84968,30.14036],[-97.84969,30.1403],[-97.8497,30.14005],[-97.84972,30.13988],[-97.84974,30.13978],[-97.84996,30.13963],[-97.85023,30.13954],[-97.85027,30.13953],[-97.85038,30.13954],[-97.85073,30.13957],[-97.85078,30.13958],[-97.85121,30.1397],[-97.85136,30.13973],[-97.85137,30.13973],[-97.85163,30.13979],[-97.85192,30.13986],[-97.85222,30.13993],[-97.85238,30.13996],[-97.85251,30.13998],[-97.85283,30.14006],[-97.8526,30.14034],[-97.85289,30.14042],[-97.85329,30.14054],[-97.85333,30.14052],[-97.85343,30.14036],[-97.85387,30.14073],[-97.85448,30.14113],[-97.8547,30.14118],[-97.85489,30.14099],[-97.8553,30.14054],[-97.85629,30.14055],[-97.85653,30.14052],[-97.8567,30.14052],[-97.85675,30.14053],[-97.85708,30.14061],[-97.85715,30.14064],[-97.85819,30.14104],[-97.85852,30.14128],[-97.85905,30.14171],[-97.85932,30.1419],[-97.8596,30.14208],[-97.8597,30.14212],[-97.8598,30.14212],[-97.85991,30.14211],[-97.86055,30.14267],[-97.86099,30.14306],[-97.8613,30.14318],[-97.86159,30.14363],[-97.86195,30.14405],[-97.86214,30.14414],[-97.86267,30.14253],[-97.86285,30.14224],[-97.86285,30.14206],[-97.86284,30.14177],[-97.86275,30.13715],[-97.86275,30.1371],[-97.86275,30.13696],[-97.86276,30.13689],[-97.86319,30.13694],[-97.8635,30.13713],[-97.86426,30.1376],[-97.86451,30.13789],[-97.86458,30.13802],[-97.86466,30.13807],[-97.8654,30.13944],[-97.86625,30.14174],[-97.86668,30.1429],[-97.86683,30.1433],[-97.8669,30.14347],[-97.867,30.14369],[-97.86736,30.14447],[-97.86756,30.14486],[-97.86769,30.14508],[-97.86785,30.14536],[-97.86807,30.14574],[-97.86839,30.14623],[-97.86864,30.14659],[-97.86891,30.14694],[-97.86927,30.1474],[-97.86949,30.14773],[-97.86973,30.14805],[-97.86998,30.14835],[-97.87011,30.1485],[-97.87038,30.14878],[-97.87026,30.14908],[-97.87032,30.14935],[-97.8704,30.14933],[-97.87058,30.14929],[-97.87075,30.14924],[-97.87083,30.14926],[-97.8711,30.14953],[-97.87127,30.14969],[-97.8714,30.14981],[-97.8716,30.14999],[-97.87205,30.15038],[-97.8725,30.15077],[-97.87401,30.15234],[-97.87467,30.15228],[-97.87552,30.15221],[-97.8757,30.1522],[-97.87663,30.15211],[-97.87667,30.1521],[-97.87727,30.15205],[-97.87757,30.15202],[-97.87761,30.15201],[-97.87766,30.15201],[-97.87872,30.15204],[-97.87905,30.15205],[-97.87918,30.15205],[-97.8794,30.15205],[-97.87965,30.15211],[-97.87995,30.15226],[-97.88042,30.15271],[-97.88053,30.15282],[-97.88126,30.15367],[-97.8816,30.15394],[-97.88347,30.1516],[-97.88354,30.15151],[-97.88357,30.15147],[-97.88358,30.14991],[-97.88358,30.14907],[-97.88359,30.14816],[-97.88404,30.14816],[-97.88443,30.14816],[-97.88478,30.14815],[-97.88534,30.14815],[-97.88604,30.14815],[-97.88679,30.14815],[-97.88719,30.14815],[-97.88778,30.14815],[-97.88849,30.14814],[-97.8889,30.14814],[-97.88998,30.14814],[-97.89021,30.14813],[-97.89031,30.14813],[-97.89045,30.14813],[-97.89051,30.15407],[-97.89051,30.15478],[-97.89054,30.15738],[-97.89058,30.16251],[-97.89223,30.16256],[-97.8934,30.1626],[-97.8934,30.16262],[-97.89372,30.16944],[-97.89373,30.17007],[-97.89375,30.17155],[-97.89377,30.17269],[-97.89158,30.17273],[-97.88974,30.17278],[-97.88961,30.17279],[-97.89017,30.1733],[-97.89048,30.17359],[-97.8908,30.17389],[-97.89446,30.17728],[-97.89456,30.17738],[-97.89467,30.17747],[-97.89478,30.17757],[-97.89489,30.17767],[-97.89504,30.1778],[-97.89517,30.17791],[-97.89533,30.17804],[-97.89546,30.17815],[-97.89563,30.17828],[-97.89584,30.17844],[-97.89602,30.17858],[-97.89622,30.17873],[-97.89655,30.17897],[-97.89687,30.17892],[-97.90193,30.17827],[-97.90456,30.17793],[-97.90484,30.17749],[-97.90499,30.17726],[-97.90538,30.17656],[-97.90553,30.17654],[-97.9072,30.17653],[-97.90716,30.1739],[-97.90714,30.17262],[-97.90712,30.1716],[-97.90709,30.16954],[-97.90671,30.16954],[-97.90666,30.16777],[-97.9066,30.16633],[-97.90658,30.16583],[-97.90658,30.16564],[-97.90656,30.16496],[-97.90633,30.16438],[-97.90623,30.16411],[-97.90583,30.16308],[-97.90565,30.16262],[-97.90512,30.16129],[-97.90512,30.16122],[-97.90508,30.1598],[-97.899,30.16019],[-97.89858,30.16021],[-97.89858,30.15872],[-97.89857,30.15698],[-97.89853,30.1546],[-97.89698,30.15461],[-97.89617,30.15461],[-97.89389,30.15464],[-97.8933,30.15464],[-97.89322,30.14949],[-97.89321,30.14938],[-97.89321,30.14931],[-97.8932,30.14931],[-97.89319,30.14901],[-97.89321,30.14901],[-97.89319,30.14813],[-97.89318,30.14797],[-97.89324,30.14785],[-97.8932,30.14702],[-97.89319,30.14631],[-97.89318,30.14631],[-97.89317,30.14561],[-97.89319,30.14561],[-97.89319,30.14552],[-97.89313,30.14532],[-97.89311,30.14445],[-97.89309,30.14349],[-97.89308,30.14329],[-97.89303,30.14192],[-97.89423,30.14238],[-97.89462,30.14237],[-97.89585,30.14232],[-97.89617,30.14231],[-97.89888,30.14222],[-97.89909,30.14221],[-97.90102,30.14214],[-97.90085,30.13881],[-97.8983,30.13889],[-97.89824,30.13883],[-97.89787,30.13841],[-97.89747,30.13797],[-97.89716,30.13775],[-97.89687,30.13769],[-97.89644,30.13758],[-97.8961,30.13744],[-97.89587,30.13734],[-97.89588,30.13726],[-97.89586,30.13667],[-97.89618,30.13667],[-97.89629,30.13667],[-97.89696,30.13667],[-97.89734,30.13666],[-97.89766,30.13662],[-97.89832,30.13654],[-97.89843,30.13652],[-97.89892,30.13671],[-97.89891,30.13677],[-97.89938,30.1368],[-97.89962,30.13682],[-97.89972,30.13677],[-97.89994,30.13637],[-97.89999,30.13625],[-97.90044,30.13623],[-97.90164,30.13618],[-97.90244,30.13613],[-97.90242,30.13495],[-97.9024,30.13418],[-97.90204,30.13415],[-97.90078,30.13416],[-97.89891,30.13419],[-97.89811,30.1342],[-97.89748,30.13421],[-97.89695,30.13422],[-97.89635,30.13423],[-97.89571,30.13424],[-97.89495,30.13425],[-97.8948,30.13425],[-97.89401,30.13427],[-97.89396,30.13427],[-97.8943,30.13318],[-97.89496,30.13271],[-97.89299,30.13271],[-97.89251,30.13271],[-97.89204,30.13272],[-97.89166,30.13272],[-97.8915,30.13272],[-97.89112,30.13272],[-97.89075,30.13272],[-97.89037,30.13272],[-97.89,30.13273],[-97.88963,30.13273],[-97.88925,30.13273],[-97.88888,30.13273],[-97.88851,30.13273],[-97.88813,30.13273],[-97.88776,30.13274],[-97.88738,30.13274],[-97.88728,30.13274],[-97.88727,30.13185],[-97.88725,30.13075],[-97.88635,30.13076],[-97.88638,30.12739],[-97.88608,30.12716],[-97.88638,30.12684],[-97.8864,30.12673],[-97.88695,30.12672],[-97.88719,30.1265],[-97.88771,30.12562],[-97.88841,30.12538],[-97.88871,30.12505],[-97.88844,30.12463],[-97.88859,30.12463],[-97.88989,30.12463],[-97.89192,30.12463],[-97.89263,30.12463],[-97.8932,30.12462],[-97.89321,30.12462],[-97.89417,30.12461],[-97.89423,30.12461],[-97.89444,30.1246],[-97.89511,30.12459],[-97.8953,30.12459],[-97.89593,30.12458],[-97.89657,30.12457],[-97.89737,30.12456],[-97.89824,30.12455],[-97.89877,30.12454],[-97.89933,30.12454],[-97.89997,30.12453],[-97.90378,30.12448],[-97.90467,30.12443],[-97.90483,30.12444],[-97.90517,30.1245],[-97.90537,30.12449],[-97.90557,30.12447],[-97.90579,30.12446],[-97.90634,30.12446],[-97.90649,30.12446],[-97.90783,30.12441],[-97.90816,30.12439],[-97.90955,30.12434],[-97.91113,30.12428],[-97.91271,30.12422],[-97.914,30.12421],[-97.91671,30.12417],[-97.91768,30.12416],[-97.91883,30.12415],[-97.92133,30.12413],[-97.92333,30.12412],[-97.92403,30.12412],[-97.92589,30.12409],[-97.92688,30.12407],[-97.92819,30.12404],[-97.92849,30.12387],[-97.92851,30.12386],[-97.92851,30.12466],[-97.92854,30.12663],[-97.92857,30.12819],[-97.92858,30.12855],[-97.9286,30.12937],[-97.92864,30.13083],[-97.92866,30.13131],[-97.9287,30.13274],[-97.92873,30.13352],[-97.92875,30.13405],[-97.92878,30.13508],[-97.92881,30.13612],[-97.92884,30.1369],[-97.92885,30.13721],[-97.92887,30.13779],[-97.92888,30.1386],[-97.92889,30.13957],[-97.9289,30.14038],[-97.92893,30.14244],[-97.92894,30.14288],[-97.92894,30.14343],[-97.92896,30.14464],[-97.92897,30.14558],[-97.92899,30.1469],[-97.92899,30.14691],[-97.92901,30.14856],[-97.92897,30.14864],[-97.9289,30.14864],[-97.92892,30.14932],[-97.929,30.15145],[-97.92905,30.15262],[-97.9291,30.1527],[-97.92909,30.15515],[-97.92909,30.15596],[-97.92909,30.15667],[-97.92242,30.15651],[-97.92224,30.15636],[-97.92184,30.15637],[-97.92191,30.15825],[-97.92173,30.15825],[-97.92173,30.15816],[-97.92002,30.15815],[-97.92,30.15799],[-97.91969,30.15791],[-97.91928,30.15792],[-97.91897,30.15792],[-97.91891,30.15789],[-97.91882,30.15783],[-97.91869,30.15781],[-97.91764,30.15794],[-97.91774,30.15807],[-97.91763,30.15811],[-97.91773,30.15848],[-97.91825,30.15881],[-97.91865,30.1592],[-97.91864,30.16125],[-97.91868,30.16313],[-97.91817,30.16453],[-97.91804,30.16489],[-97.91799,30.16503],[-97.91793,30.1651],[-97.91792,30.16527],[-97.9202,30.16797],[-97.92392,30.17238],[-97.92427,30.17272],[-97.92436,30.17282],[-97.92447,30.1728],[-97.92538,30.17269],[-97.92653,30.17271],[-97.92813,30.17305],[-97.92844,30.17311],[-97.92866,30.17341],[-97.92933,30.17432],[-97.92946,30.1745],[-97.9295,30.17455],[-97.92944,30.17463],[-97.92943,30.17466],[-97.92938,30.17479],[-97.92934,30.17474],[-97.92933,30.17477],[-97.92929,30.17482],[-97.92927,30.17485],[-97.92924,30.1749],[-97.9292,30.17497],[-97.92918,30.175],[-97.92925,30.17515],[-97.92894,30.1764],[-97.92888,30.17751],[-97.92881,30.17842],[-97.92881,30.17968],[-97.92883,30.18019],[-97.92884,30.18053],[-97.92887,30.18135],[-97.92889,30.1816],[-97.92887,30.18171],[-97.9288,30.18213],[-97.92881,30.18269],[-97.92885,30.18443],[-97.92893,30.18572],[-97.92891,30.18621],[-97.92876,30.18694],[-97.92851,30.18749],[-97.92796,30.1884],[-97.92701,30.18997],[-97.92658,30.19069],[-97.92645,30.19087],[-97.92608,30.19139],[-97.92566,30.19192],[-97.9254,30.19224],[-97.92526,30.19241],[-97.92449,30.19335],[-97.92416,30.19368],[-97.92356,30.19451],[-97.92326,30.19496],[-97.92255,30.19605],[-97.92123,30.19812],[-97.92114,30.19837],[-97.91996,30.20007],[-97.91963,30.20058],[-97.91958,30.20066],[-97.91927,30.20114],[-97.91862,30.20215],[-97.91842,30.20245],[-97.91802,30.20289],[-97.91761,30.20318],[-97.91653,30.20367],[-97.91599,30.20379],[-97.91582,30.20373],[-97.91573,30.20377],[-97.91538,30.20384],[-97.91387,30.20417],[-97.91325,30.2043],[-97.91319,30.20432],[-97.91308,30.20434],[-97.91299,30.20437],[-97.91293,30.20439],[-97.91286,30.20441],[-97.91274,30.20446],[-97.91268,30.20449],[-97.91262,30.20451],[-97.91252,30.20455],[-97.91243,30.20459],[-97.91238,30.20462],[-97.91229,30.20467],[-97.9122,30.20472],[-97.91215,30.20475],[-97.91209,30.20479],[-97.91198,30.20486],[-97.91193,30.2049],[-97.91184,30.20497],[-97.91181,30.20499],[-97.91175,30.20504],[-97.91163,30.20499],[-97.91125,30.20557],[-97.91063,30.20658],[-97.90924,30.20877],[-97.9092,30.20883],[-97.90916,30.20889],[-97.90912,30.20894],[-97.90908,30.209],[-97.90903,30.20905],[-97.90898,30.20911],[-97.90893,30.20916],[-97.90888,30.20921],[-97.90882,30.20926],[-97.90877,30.2093],[-97.90871,30.20935],[-97.90865,30.20939],[-97.90859,30.20943],[-97.90852,30.20948],[-97.90846,30.20951],[-97.9084,30.20955],[-97.90833,30.20959],[-97.90826,30.20962],[-97.90819,30.20965],[-97.90812,30.20968],[-97.90805,30.20971],[-97.90798,30.20973],[-97.90791,30.20976],[-97.90783,30.20978],[-97.90776,30.2098],[-97.90768,30.20982],[-97.90761,30.20983],[-97.90753,30.20984],[-97.90745,30.20986],[-97.90738,30.20986],[-97.9073,30.20987],[-97.90722,30.20988],[-97.90714,30.20988],[-97.90706,30.20988],[-97.90699,30.20988],[-97.90694,30.20988],[-97.90685,30.20987],[-97.90677,30.20987],[-97.90668,30.20986],[-97.90659,30.20985],[-97.90651,30.20984],[-97.90642,30.20982],[-97.90633,30.20981],[-97.90625,30.20979],[-97.90616,30.20977],[-97.90436,30.20935],[-97.9043,30.20933],[-97.90423,30.20932],[-97.90416,30.20931],[-97.90409,30.2093],[-97.90402,30.20929],[-97.90395,30.20929],[-97.90288,30.20924],[-97.90291,30.20894],[-97.90266,30.20855],[-97.90077,30.20776],[-97.9008,30.20771],[-97.90082,30.20757],[-97.90105,30.20725],[-97.90115,30.207],[-97.90051,30.20695],[-97.89979,30.20669],[-97.89966,30.20665],[-97.8996,30.20663],[-97.89917,30.20653],[-97.89868,30.20634],[-97.89831,30.20619],[-97.89756,30.2059],[-97.89728,30.20646],[-97.89678,30.20729],[-97.89677,30.20729],[-97.89647,30.20778],[-97.89618,30.2086],[-97.89577,30.20918],[-97.89572,30.20915],[-97.89518,30.20994],[-97.89517,30.20995],[-97.89452,30.2109],[-97.89447,30.21096],[-97.89411,30.21149],[-97.89409,30.21152],[-97.89406,30.21157],[-97.89404,30.21159],[-97.894,30.21165],[-97.89378,30.21198],[-97.89385,30.21202],[-97.89412,30.21227],[-97.89438,30.21252],[-97.8945,30.21255],[-97.89465,30.21263],[-97.8948,30.2127],[-97.89504,30.21283],[-97.89521,30.21291],[-97.89586,30.21325],[-97.89616,30.21341],[-97.8962,30.21343],[-97.89622,30.21344],[-97.8967,30.21368],[-97.89672,30.21374],[-97.89675,30.21373],[-97.89678,30.21373],[-97.89693,30.2138],[-97.89692,30.21382],[-97.89689,30.21387],[-97.89655,30.21441],[-97.89474,30.21732],[-97.89449,30.21798],[-97.89437,30.21829],[-97.89428,30.21854],[-97.89401,30.2192],[-97.89367,30.22007],[-97.89327,30.22107],[-97.89265,30.22201],[-97.89226,30.22264],[-97.89187,30.22328],[-97.89292,30.22378],[-97.89557,30.22507],[-97.89563,30.2251],[-97.89557,30.22521],[-97.89536,30.22554],[-97.89527,30.22568],[-97.89516,30.22584],[-97.89473,30.22687],[-97.8942,30.22812],[-97.89415,30.22825],[-97.89379,30.22907],[-97.89333,30.22899],[-97.89301,30.22893],[-97.89262,30.22888],[-97.89228,30.22883],[-97.89199,30.2288],[-97.8916,30.22876],[-97.8916,30.22878],[-97.89148,30.22955],[-97.89161,30.22956],[-97.89165,30.22956],[-97.89362,30.22986],[-97.89378,30.22988],[-97.89375,30.23018],[-97.89366,30.23109],[-97.89464,30.23122],[-97.89486,30.23033],[-97.89492,30.23014],[-97.8956,30.23033],[-97.89897,30.23134],[-97.89925,30.23143],[-97.89951,30.23151],[-97.89942,30.23182],[-97.89984,30.23194],[-97.89978,30.23212],[-97.89963,30.23249],[-97.8996,30.23255],[-97.89962,30.23256],[-97.90005,30.23274],[-97.90031,30.23208],[-97.90036,30.2321],[-97.90045,30.23213],[-97.90074,30.23221],[-97.90047,30.23287],[-97.90044,30.23293],[-97.90046,30.23294],[-97.90078,30.23308],[-97.90081,30.233],[-97.90121,30.23205],[-97.90123,30.23206],[-97.90189,30.23225],[-97.90176,30.23241],[-97.90842,30.23433],[-97.90853,30.23441],[-97.90851,30.23446],[-97.90887,30.23454],[-97.90916,30.23458],[-97.90945,30.23463],[-97.90999,30.23469],[-97.91006,30.2347],[-97.90986,30.23496],[-97.90738,30.23879],[-97.90619,30.24071],[-97.90512,30.24236],[-97.90397,30.24415],[-97.90451,30.24442],[-97.90458,30.24446],[-97.90512,30.24472],[-97.90902,30.24663],[-97.90883,30.24691],[-97.9085,30.24743],[-97.90773,30.24867],[-97.90663,30.25037],[-97.90511,30.25281],[-97.90485,30.25323],[-97.90428,30.25412],[-97.90419,30.25427],[-97.90436,30.25446],[-97.90475,30.25488],[-97.90527,30.25467],[-97.90566,30.25453],[-97.90716,30.25512],[-97.90739,30.25489],[-97.90745,30.25483],[-97.90855,30.25494],[-97.90931,30.25436],[-97.9105,30.25367],[-97.91125,30.25344],[-97.91142,30.25366],[-97.91217,30.25242],[-97.91233,30.25215],[-97.91339,30.25266],[-97.91678,30.2543],[-97.91847,30.25261],[-97.91274,30.24978],[-97.91316,30.24914],[-97.9132,30.24907],[-97.91309,30.24863],[-97.9136,30.24784],[-97.91455,30.24639],[-97.91564,30.24472],[-97.91704,30.24257],[-97.91856,30.24024],[-97.91909,30.2394],[-97.91953,30.23979],[-97.91987,30.24011],[-97.91995,30.24018],[-97.91998,30.24021],[-97.91988,30.24036],[-97.9183,30.24281],[-97.91848,30.2429],[-97.91858,30.24294],[-97.91876,30.2431],[-97.91989,30.24135],[-97.92039,30.24056],[-97.9205,30.24067],[-97.92076,30.24091],[-97.92347,30.24332],[-97.92374,30.24356],[-97.92516,30.24479],[-97.92555,30.24513],[-97.9258,30.24535],[-97.92608,30.24559],[-97.92676,30.24598],[-97.92732,30.2463],[-97.92744,30.24635],[-97.92425,30.24734],[-97.92345,30.24796],[-97.92322,30.24817],[-97.92235,30.249],[-97.92148,30.24982],[-97.92133,30.24997],[-97.92116,30.25013],[-97.92089,30.25039],[-97.92075,30.25053],[-97.92054,30.25073],[-97.91992,30.2514],[-97.91916,30.25218],[-97.91863,30.25276],[-97.9181,30.25332],[-97.91697,30.2545],[-97.91659,30.25491],[-97.91495,30.25665],[-97.91459,30.25703],[-97.91378,30.25798],[-97.91353,30.25821],[-97.91314,30.25861],[-97.91262,30.25883],[-97.91262,30.2588],[-97.91198,30.25907],[-97.91136,30.25935],[-97.91104,30.25948],[-97.91068,30.25964],[-97.91039,30.25977],[-97.91012,30.25988],[-97.90999,30.25993],[-97.90989,30.25996],[-97.90977,30.26],[-97.9097,30.26002],[-97.9095,30.26004],[-97.90899,30.2601],[-97.90902,30.26016],[-97.90906,30.26025],[-97.90907,30.26029],[-97.90917,30.26055],[-97.90925,30.26085],[-97.90931,30.26106],[-97.90945,30.26161],[-97.90959,30.26216],[-97.90971,30.26271],[-97.90974,30.26286],[-97.90982,30.26323],[-97.90993,30.26372],[-97.91,30.26403],[-97.91005,30.26423],[-97.91014,30.26465],[-97.91025,30.26511],[-97.9104,30.26554],[-97.91046,30.26579],[-97.91061,30.2662],[-97.9107,30.26643],[-97.91079,30.26669],[-97.91085,30.2668],[-97.91095,30.267],[-97.91111,30.26734],[-97.91135,30.26785],[-97.91147,30.26806],[-97.91162,30.26831],[-97.91182,30.26862],[-97.91199,30.26885],[-97.91219,30.26913],[-97.91234,30.26936],[-97.91256,30.26969],[-97.9127,30.26986],[-97.91323,30.27065],[-97.9133,30.27077],[-97.91369,30.27136],[-97.91395,30.27178],[-97.91477,30.27315],[-97.91504,30.27367],[-97.91523,30.27402],[-97.91549,30.27457],[-97.91572,30.27502],[-97.91638,30.27626],[-97.91475,30.27645],[-97.91651,30.27986],[-97.91676,30.28056],[-97.91692,30.28168],[-97.91667,30.28461],[-97.9166,30.28561],[-97.91666,30.28652],[-97.91712,30.2878],[-97.91746,30.28875],[-97.91763,30.28913],[-97.91766,30.2892],[-97.91772,30.28933],[-97.91753,30.28944],[-97.91726,30.2896],[-97.91699,30.28976],[-97.91672,30.28993],[-97.91646,30.29011],[-97.91616,30.29031],[-97.91587,30.29052],[-97.91558,30.29074],[-97.9153,30.29096],[-97.91503,30.29118],[-97.91476,30.29141],[-97.91449,30.29165],[-97.91423,30.29189],[-97.91398,30.29213],[-97.91373,30.29238],[-97.91353,30.2926],[-97.91329,30.29286],[-97.91303,30.29315],[-97.91281,30.29342],[-97.91259,30.29369],[-97.91238,30.29396],[-97.91218,30.29424],[-97.91198,30.29452],[-97.91179,30.29481],[-97.91161,30.29509],[-97.91144,30.29539],[-97.91127,30.29568],[-97.9111,30.29598],[-97.91095,30.29628],[-97.9108,30.29658],[-97.91066,30.29689],[-97.91053,30.29719],[-97.91041,30.2975],[-97.91029,30.29782],[-97.91018,30.29813],[-97.91008,30.29845],[-97.90998,30.29876],[-97.90932,30.30028],[-97.90922,30.30075],[-97.90916,30.30121],[-97.90922,30.30192],[-97.90937,30.30197],[-97.90925,30.30225],[-97.90903,30.30277],[-97.90878,30.30386],[-97.90867,30.30433],[-97.90864,30.30457],[-97.90843,30.30622],[-97.90841,30.30637],[-97.90842,30.30649],[-97.90853,30.30795],[-97.90859,30.30872],[-97.9086,30.30886],[-97.9086,30.30889],[-97.90864,30.30897],[-97.90879,30.3093],[-97.9088,30.30946],[-97.9088,30.30953],[-97.90886,30.30972],[-97.90765,30.30959],[-97.90716,30.30949],[-97.90685,30.30941],[-97.90684,30.30922],[-97.90697,30.30741],[-97.90716,30.30473],[-97.90717,30.30461],[-97.90673,30.30439],[-97.90637,30.3042],[-97.90618,30.30412],[-97.90572,30.30403],[-97.90528,30.30389],[-97.90481,30.30367],[-97.9047,30.30364],[-97.90453,30.30359],[-97.90405,30.30343],[-97.90362,30.30321],[-97.90305,30.30287],[-97.90273,30.30264],[-97.90192,30.30197],[-97.89992,30.30034],[-97.89985,30.30028],[-97.89981,30.30025],[-97.89961,30.30006],[-97.89941,30.29987],[-97.89876,30.29935],[-97.89791,30.29867],[-97.89775,30.29847],[-97.89732,30.29793],[-97.89701,30.29695],[-97.89788,30.29586],[-97.89818,30.29544],[-97.89822,30.29541],[-97.89893,30.29488],[-97.89894,30.29487],[-97.89895,30.29487],[-97.89929,30.29474],[-97.89963,30.29462],[-97.89984,30.29451],[-97.90038,30.2941],[-97.90063,30.29384],[-97.90093,30.29355],[-97.90126,30.29325],[-97.90128,30.29322],[-97.90174,30.2928],[-97.9018,30.29274],[-97.90187,30.29264],[-97.90204,30.29231],[-97.90206,30.29224],[-97.90217,30.29186],[-97.90205,30.2916],[-97.90202,30.29155],[-97.90198,30.29147],[-97.90189,30.29129],[-97.90176,30.29105],[-97.90164,30.29082],[-97.90127,30.29016],[-97.90073,30.28928],[-97.89998,30.28932],[-97.899,30.28941],[-97.89855,30.28951],[-97.898,30.28964],[-97.89754,30.28989],[-97.89737,30.29],[-97.89692,30.29027],[-97.89657,30.2905],[-97.89644,30.29061],[-97.89601,30.29098],[-97.89564,30.29132],[-97.89543,30.29154],[-97.89525,30.29172],[-97.89469,30.29231],[-97.89465,30.29235],[-97.8946,30.29241],[-97.89314,30.29392],[-97.89288,30.2942],[-97.89224,30.29488],[-97.89167,30.29543],[-97.89064,30.2957],[-97.88923,30.29526],[-97.88887,30.29489],[-97.88834,30.29435],[-97.88832,30.29433],[-97.88807,30.29397],[-97.888,30.29388],[-97.88759,30.29324],[-97.88744,30.29302],[-97.88732,30.2927],[-97.88723,30.29247],[-97.88683,30.29146],[-97.88624,30.28992],[-97.88616,30.28921],[-97.88503,30.28782],[-97.88425,30.28699],[-97.88388,30.28675],[-97.88372,30.28665],[-97.88307,30.28649],[-97.8827,30.28652],[-97.88244,30.28664],[-97.88245,30.2866],[-97.88251,30.28624],[-97.88254,30.28612],[-97.8826,30.28598],[-97.88266,30.28579],[-97.88268,30.28575],[-97.88272,30.28569],[-97.88278,30.28558],[-97.88286,30.28548],[-97.88291,30.2854],[-97.88293,30.28534],[-97.88299,30.28517],[-97.88305,30.28502],[-97.88307,30.28446],[-97.88307,30.28434],[-97.88307,30.28423],[-97.88296,30.28387],[-97.88423,30.28512],[-97.88463,30.28514],[-97.88521,30.28537],[-97.88542,30.286],[-97.88544,30.28605],[-97.88569,30.28648],[-97.88601,30.2866],[-97.88611,30.28663],[-97.88614,30.28665],[-97.88646,30.28687],[-97.88718,30.28723],[-97.88809,30.28674],[-97.88853,30.28573],[-97.88884,30.28538],[-97.88932,30.28482],[-97.88944,30.28459],[-97.88958,30.28429],[-97.8896,30.28426],[-97.8896,30.2841],[-97.88961,30.28404],[-97.88962,30.28373],[-97.88969,30.28354],[-97.88571,30.28162],[-97.88536,30.28145],[-97.88519,30.28137],[-97.88522,30.28135],[-97.88535,30.28115],[-97.88612,30.27997],[-97.88624,30.27978],[-97.88576,30.27955],[-97.88581,30.27946],[-97.88593,30.27927],[-97.88618,30.27889],[-97.88671,30.27807],[-97.88667,30.27794],[-97.88668,30.27779],[-97.88669,30.27758],[-97.88671,30.27734],[-97.88677,30.27661],[-97.88684,30.27623],[-97.88687,30.27589],[-97.88688,30.27574],[-97.88686,30.27541],[-97.88685,30.27528],[-97.88678,30.27508],[-97.88717,30.27524],[-97.88737,30.27535],[-97.88746,30.2754],[-97.88776,30.27555],[-97.88792,30.27566],[-97.88798,30.27571],[-97.88803,30.27575],[-97.88806,30.27576],[-97.88814,30.27578],[-97.88852,30.27519],[-97.88883,30.27474],[-97.88597,30.27334],[-97.88468,30.27268],[-97.88425,30.27246],[-97.88351,30.27209],[-97.88344,30.27204],[-97.88408,30.27101],[-97.88444,30.27043],[-97.88569,30.26847],[-97.88745,30.26572],[-97.88491,30.26452],[-97.88441,30.26428],[-97.88371,30.26392],[-97.88222,30.26318],[-97.88206,30.2631],[-97.88185,30.26299],[-97.8819,30.26291],[-97.88117,30.26257],[-97.876,30.26008],[-97.8757,30.25998],[-97.87508,30.25977],[-97.875,30.25992],[-97.87372,30.26175],[-97.87326,30.26153],[-97.87054,30.26022],[-97.8703,30.2601],[-97.86876,30.25935],[-97.86562,30.25783],[-97.86401,30.25702],[-97.86174,30.2559],[-97.85715,30.25362],[-97.85697,30.25352],[-97.85661,30.25335],[-97.8505,30.25046],[-97.84876,30.2496],[-97.84624,30.25332],[-97.84588,30.25383],[-97.84743,30.25454],[-97.849,30.25525],[-97.84911,30.25532],[-97.84812,30.25683],[-97.84607,30.25994],[-97.84595,30.26046],[-97.84581,30.26104],[-97.84576,30.26131],[-97.8457,30.26169],[-97.8447,30.2632],[-97.84347,30.26508],[-97.84333,30.2653],[-97.83769,30.2739],[-97.8372,30.27466],[-97.83686,30.27516],[-97.83653,30.27564],[-97.83636,30.27587],[-97.83627,30.276],[-97.8357,30.27678],[-97.83568,30.27681],[-97.83568,30.27682],[-97.83556,30.277],[-97.83528,30.27742],[-97.83512,30.27766],[-97.83499,30.27787],[-97.83491,30.27799],[-97.83485,30.27809],[-97.83478,30.27821],[-97.83472,30.27831],[-97.83453,30.27861],[-97.83451,30.27864],[-97.83437,30.27883],[-97.83424,30.27903],[-97.83421,30.27907],[-97.83407,30.27928],[-97.83397,30.27941],[-97.83394,30.27946],[-97.83386,30.27942],[-97.83371,30.27934],[-97.83364,30.27931],[-97.83343,30.27921],[-97.83346,30.27887],[-97.83347,30.27871],[-97.83348,30.2786],[-97.83348,30.27857],[-97.83348,30.27854],[-97.8336,30.27838],[-97.83364,30.27833],[-97.83369,30.27826],[-97.8339,30.278],[-97.8341,30.27774],[-97.83427,30.27751],[-97.83444,30.2773],[-97.8346,30.27709],[-97.83465,30.27703],[-97.83478,30.27687],[-97.83483,30.2768],[-97.83495,30.27665],[-97.83505,30.27651],[-97.83516,30.27638],[-97.83532,30.27617],[-97.83566,30.27573],[-97.83568,30.27545],[-97.83551,30.27535],[-97.83539,30.2753],[-97.83516,30.27519],[-97.83495,30.27508],[-97.8348,30.275],[-97.83469,30.27495],[-97.83463,30.27492],[-97.83445,30.27483],[-97.83422,30.27471],[-97.83399,30.27455],[-97.83385,30.2744],[-97.83381,30.27434],[-97.83364,30.27421],[-97.8336,30.27418],[-97.83338,30.27401],[-97.83333,30.27385],[-97.83319,30.27372],[-97.83306,30.27361],[-97.8329,30.27339],[-97.83284,30.27333],[-97.83263,30.27313],[-97.83246,30.27297],[-97.83198,30.27288],[-97.83158,30.2728],[-97.83139,30.2733],[-97.83133,30.27345],[-97.83131,30.27372],[-97.83129,30.27404],[-97.83128,30.27432],[-97.83126,30.27458],[-97.83125,30.27466],[-97.83125,30.27467],[-97.83125,30.27469],[-97.83123,30.27477],[-97.8312,30.27485],[-97.83117,30.27495],[-97.83115,30.275],[-97.83113,30.27506],[-97.83107,30.27524],[-97.831,30.27545],[-97.83099,30.2755],[-97.83089,30.27579],[-97.83087,30.27586],[-97.83083,30.27597],[-97.83081,30.27602],[-97.8308,30.27607],[-97.83077,30.27616],[-97.83072,30.2763],[-97.83064,30.27655],[-97.83055,30.27682],[-97.83048,30.27703],[-97.83039,30.27731],[-97.83037,30.27736],[-97.83036,30.2774],[-97.83032,30.27753],[-97.83026,30.27769],[-97.83008,30.27792],[-97.82986,30.27822],[-97.82967,30.27847],[-97.82958,30.27858],[-97.82952,30.27865],[-97.82938,30.27884],[-97.82951,30.27901],[-97.82953,30.27903],[-97.82958,30.27909],[-97.82982,30.27939],[-97.83006,30.2797],[-97.83016,30.27983],[-97.83025,30.27994],[-97.83036,30.28008],[-97.8304,30.28013],[-97.83042,30.28015],[-97.83055,30.28031],[-97.83057,30.28034],[-97.83059,30.28036],[-97.83069,30.2805],[-97.83071,30.28052],[-97.83076,30.28059],[-97.83084,30.28068],[-97.83086,30.28071],[-97.83098,30.28086],[-97.83112,30.28104],[-97.83121,30.28115],[-97.8313,30.28127],[-97.83137,30.28136],[-97.83148,30.2815],[-97.83159,30.28164],[-97.83166,30.28172],[-97.83177,30.28186],[-97.83184,30.28194],[-97.832,30.28216],[-97.83206,30.28223],[-97.83218,30.28238],[-97.83225,30.28247],[-97.83235,30.28259],[-97.83182,30.2829],[-97.83172,30.28296],[-97.83169,30.28298],[-97.83178,30.28339],[-97.83166,30.28347],[-97.83148,30.28359],[-97.83133,30.28369],[-97.83125,30.28374],[-97.83121,30.28367],[-97.83119,30.28363],[-97.83113,30.28352],[-97.8311,30.28346],[-97.83101,30.2833],[-97.83098,30.28325],[-97.8309,30.28311],[-97.83085,30.28302],[-97.8308,30.28293],[-97.83073,30.2828],[-97.83069,30.28274],[-97.83066,30.28267],[-97.83065,30.28267],[-97.83047,30.28233],[-97.82988,30.28234],[-97.82952,30.28239],[-97.82945,30.28264],[-97.82943,30.28271],[-97.82941,30.28276],[-97.82935,30.28298],[-97.82888,30.28289],[-97.82868,30.28277],[-97.82863,30.2828],[-97.82883,30.28315],[-97.82907,30.28355],[-97.82915,30.2836],[-97.82953,30.28384],[-97.82983,30.28402],[-97.82993,30.28409],[-97.83022,30.28427],[-97.83026,30.28429],[-97.83042,30.28439],[-97.83033,30.28445],[-97.83031,30.28446],[-97.83019,30.28454],[-97.83011,30.2846],[-97.83024,30.2849],[-97.83023,30.2849],[-97.8302,30.28491],[-97.83019,30.28491],[-97.83017,30.28492],[-97.83015,30.28492],[-97.83013,30.28493],[-97.8301,30.28493],[-97.83007,30.28494],[-97.83004,30.28494],[-97.83003,30.28494],[-97.83,30.28494],[-97.82997,30.28494],[-97.82976,30.28495],[-97.82973,30.28495],[-97.8297,30.28495],[-97.82969,30.28495],[-97.82966,30.28495],[-97.82965,30.28495],[-97.82963,30.28495],[-97.8296,30.28495],[-97.82958,30.28495],[-97.82957,30.28495],[-97.82954,30.28495],[-97.82953,30.28495],[-97.82954,30.28471],[-97.82955,30.2845],[-97.82925,30.28445],[-97.829,30.28441],[-97.82893,30.28436],[-97.82878,30.28427],[-97.82858,30.28414],[-97.8285,30.28409],[-97.82841,30.28403],[-97.82837,30.284],[-97.82832,30.28395],[-97.82816,30.28382],[-97.82805,30.28374],[-97.82764,30.28416],[-97.82758,30.28408],[-97.8274,30.28386],[-97.82742,30.28385],[-97.82744,30.28384],[-97.82788,30.28357],[-97.82767,30.28335],[-97.82765,30.28333],[-97.82734,30.283],[-97.82732,30.28294],[-97.82724,30.28265],[-97.82718,30.28245],[-97.82716,30.28241],[-97.82712,30.28225],[-97.82721,30.28221],[-97.8273,30.28217],[-97.82747,30.2821],[-97.82763,30.28202],[-97.82774,30.28198],[-97.82777,30.28188],[-97.82779,30.28182],[-97.82779,30.28181],[-97.82786,30.28157],[-97.82786,30.28156],[-97.82778,30.28127],[-97.82771,30.28106],[-97.82769,30.28098],[-97.82765,30.28085],[-97.82765,30.28084],[-97.82759,30.28063],[-97.82758,30.28062],[-97.82752,30.28041],[-97.8275,30.28034],[-97.82747,30.28025],[-97.82746,30.2802],[-97.82741,30.28002],[-97.8274,30.27999],[-97.82733,30.27978],[-97.82727,30.27956],[-97.82721,30.27934],[-97.82719,30.2793],[-97.82717,30.27922],[-97.82715,30.27913],[-97.82711,30.27893],[-97.82712,30.27886],[-97.82714,30.27866],[-97.82714,30.27864],[-97.82714,30.27858],[-97.82716,30.2784],[-97.82717,30.27829],[-97.82719,30.27804],[-97.82703,30.27796],[-97.82704,30.27793],[-97.82705,30.27791],[-97.82706,30.27789],[-97.82706,30.27788],[-97.82705,30.27785],[-97.82704,30.27782],[-97.82704,30.27781],[-97.82703,30.2778],[-97.82703,30.27779],[-97.82701,30.27778],[-97.827,30.27777],[-97.82699,30.27776],[-97.82698,30.27776],[-97.82695,30.27775],[-97.82695,30.27774],[-97.82705,30.27727],[-97.82686,30.27708],[-97.82673,30.27728],[-97.82669,30.27733],[-97.82663,30.27744],[-97.82646,30.27768],[-97.82643,30.27773],[-97.82634,30.27786],[-97.82625,30.27799],[-97.82622,30.27804],[-97.82622,30.27805],[-97.8261,30.27822],[-97.82606,30.27827],[-97.82602,30.27833],[-97.82589,30.27853],[-97.8258,30.27867],[-97.82578,30.27869],[-97.82577,30.2787],[-97.82565,30.27888],[-97.82554,30.27906],[-97.82538,30.27929],[-97.82535,30.27933],[-97.82534,30.27936],[-97.82532,30.27938],[-97.8254,30.27964],[-97.82546,30.27987],[-97.82553,30.28008],[-97.82559,30.2803],[-97.82566,30.28051],[-97.82572,30.28072],[-97.82578,30.28095],[-97.82579,30.28098],[-97.82584,30.28116],[-97.82591,30.28137],[-97.82597,30.28158],[-97.82603,30.2818],[-97.82609,30.282],[-97.82615,30.2822],[-97.82621,30.2824],[-97.82627,30.28259],[-97.82633,30.2828],[-97.82637,30.28295],[-97.82646,30.28327],[-97.82653,30.28331],[-97.8266,30.28335],[-97.82667,30.2834],[-97.82673,30.28346],[-97.82677,30.2835],[-97.82681,30.28355],[-97.82727,30.28412],[-97.82734,30.2842],[-97.8274,30.28427],[-97.82747,30.28434],[-97.82755,30.2844],[-97.82763,30.28446],[-97.8277,30.28451],[-97.82774,30.28453],[-97.82825,30.28485],[-97.82833,30.28489],[-97.82841,30.28493],[-97.82849,30.28497],[-97.82856,30.28499],[-97.82864,30.28502],[-97.82872,30.28504],[-97.82879,30.28506],[-97.82887,30.28508],[-97.82911,30.28512],[-97.82924,30.28514],[-97.82937,30.28515],[-97.8295,30.28516],[-97.82963,30.28517],[-97.82976,30.28517],[-97.82998,30.28516],[-97.83006,30.28516],[-97.83015,30.28515],[-97.83023,30.28513],[-97.83032,30.28511],[-97.8304,30.28508],[-97.83047,30.28505],[-97.83055,30.28501],[-97.83062,30.28496],[-97.83167,30.28425],[-97.83168,30.28425],[-97.83209,30.28436],[-97.83238,30.28444],[-97.83267,30.28452],[-97.83296,30.2846],[-97.83302,30.28461],[-97.83291,30.28499],[-97.83286,30.28519],[-97.83284,30.28533],[-97.8328,30.28555],[-97.83277,30.28578],[-97.83274,30.28596],[-97.83274,30.28606],[-97.83275,30.2863],[-97.83276,30.28653],[-97.83277,30.28677],[-97.83278,30.287],[-97.83279,30.28724],[-97.8328,30.28746],[-97.83281,30.28766],[-97.83279,30.28787],[-97.83277,30.28791],[-97.83267,30.28809],[-97.83258,30.28825],[-97.83253,30.28832],[-97.83253,30.28833],[-97.83239,30.28855],[-97.83237,30.28857],[-97.83221,30.28882]],[[-97.77911,30.32102],[-97.77906,30.32103],[-97.77891,30.32107],[-97.77886,30.32107],[-97.77894,30.32157],[-97.77918,30.32167],[-97.77911,30.32102]],[[-97.79017,30.30072],[-97.79022,30.30064],[-97.7906,30.30022],[-97.79121,30.29984],[-97.79134,30.29956],[-97.79141,30.29951],[-97.79139,30.29942],[-97.79138,30.29934],[-97.79132,30.29928],[-97.7913,30.29927],[-97.79127,30.29926],[-97.79123,30.29925],[-97.7912,30.29924],[-97.79113,30.29926],[-97.79108,30.29927],[-97.79106,30.29931],[-97.79104,30.29934],[-97.79098,30.29942],[-97.79093,30.29949],[-97.79091,30.29953],[-97.79087,30.29956],[-97.79083,30.29959],[-97.79078,30.29962],[-97.79074,30.29964],[-97.7907,30.29967],[-97.79064,30.29971],[-97.79058,30.2997],[-97.79052,30.29973],[-97.79048,30.29973],[-97.79043,30.29973],[-97.79029,30.29973],[-97.79018,30.2997],[-97.79009,30.29967],[-97.78988,30.29955],[-97.7898,30.29936],[-97.78982,30.29926],[-97.78906,30.2993],[-97.78896,30.29931],[-97.78889,30.29944],[-97.7888,30.29953],[-97.78862,30.2997],[-97.78847,30.29989],[-97.78919,30.3002],[-97.78935,30.3003],[-97.78939,30.30037],[-97.78939,30.30043],[-97.78959,30.30046],[-97.78973,30.3005],[-97.78987,30.30056],[-97.79017,30.30072]],[[-97.78977,30.29852],[-97.78977,30.29845],[-97.78975,30.29834],[-97.78971,30.29829],[-97.7897,30.29828],[-97.78968,30.29825],[-97.78964,30.29823],[-97.78952,30.29824],[-97.78941,30.29826],[-97.78903,30.29829],[-97.78886,30.29831],[-97.7888,30.29843],[-97.78899,30.29872],[-97.78976,30.29865],[-97.78976,30.29861],[-97.78976,30.29858],[-97.78977,30.29852]],[[-97.80255,30.27113],[-97.8017,30.27251],[-97.80193,30.27281],[-97.8024,30.27289],[-97.80229,30.27323],[-97.80225,30.27337],[-97.80229,30.27339],[-97.8024,30.27344],[-97.80241,30.27342],[-97.80232,30.27338],[-97.8023,30.27337],[-97.80234,30.27322],[-97.80245,30.27288],[-97.80404,30.27252],[-97.80559,30.27177],[-97.80563,30.27173],[-97.80551,30.27132],[-97.8052,30.2709],[-97.80515,30.27066],[-97.80477,30.2702],[-97.8047,30.27022],[-97.80429,30.26949],[-97.80406,30.26943],[-97.80398,30.26927],[-97.80386,30.2693],[-97.80255,30.27113]],[[-97.81797,30.26858],[-97.81798,30.26853],[-97.81804,30.26806],[-97.8181,30.26758],[-97.81811,30.26719],[-97.8181,30.26704],[-97.81809,30.26689],[-97.81808,30.26671],[-97.81806,30.26648],[-97.81799,30.26614],[-97.81797,30.26604],[-97.81754,30.26657],[-97.81713,30.26725],[-97.81632,30.26687],[-97.81589,30.26667],[-97.81563,30.26655],[-97.81536,30.26642],[-97.81512,30.26631],[-97.81508,30.26642],[-97.81472,30.26694],[-97.81472,30.26707],[-97.81477,30.26712],[-97.81485,30.26718],[-97.81487,30.26722],[-97.81605,30.26784],[-97.81797,30.26858]],[[-97.81601,30.26488],[-97.81598,30.26492],[-97.81566,30.2654],[-97.81548,30.26566],[-97.81637,30.26605],[-97.81653,30.26612],[-97.81723,30.26496],[-97.81735,30.26471],[-97.81731,30.26465],[-97.81688,30.26406],[-97.81679,30.26392],[-97.81678,30.2639],[-97.81649,30.26417],[-97.81601,30.26488]],[[-97.81512,30.26604],[-97.8153,30.26558],[-97.81543,30.26547],[-97.81522,30.26537],[-97.81504,30.26529],[-97.8143,30.26493],[-97.81433,30.26489],[-97.81436,30.26484],[-97.81476,30.2642],[-97.8158,30.2647],[-97.81634,30.26406],[-97.81661,30.26368],[-97.81658,30.26367],[-97.81605,30.26302],[-97.81584,30.26276],[-97.81581,30.26272],[-97.81567,30.26281],[-97.81564,30.26283],[-97.81547,30.26293],[-97.81519,30.2631],[-97.81514,30.26313],[-97.81463,30.26343],[-97.81442,30.26316],[-97.81414,30.26362],[-97.81386,30.26405],[-97.81381,30.26415],[-97.81374,30.26424],[-97.81373,30.26426],[-97.81371,30.26431],[-97.81362,30.26427],[-97.81349,30.26421],[-97.81328,30.26454],[-97.8132,30.26468],[-97.81293,30.2651],[-97.81289,30.26517],[-97.8128,30.26531],[-97.81278,30.26534],[-97.81262,30.26559],[-97.81253,30.26575],[-97.81263,30.26579],[-97.8128,30.26587],[-97.81312,30.26602],[-97.81315,30.26604],[-97.81341,30.26616],[-97.81397,30.26642],[-97.81425,30.26656],[-97.81456,30.2667],[-97.81468,30.26676],[-97.81471,30.26676],[-97.81473,30.26674],[-97.81498,30.26639],[-97.81512,30.26604]],[[-97.91117,30.25921],[-97.91137,30.25912],[-97.91183,30.25891],[-97.91202,30.25882],[-97.91194,30.25873],[-97.91189,30.25866],[-97.91147,30.25805],[-97.91092,30.25789],[-97.91027,30.25769],[-97.91103,30.25901],[-97.91112,30.25915],[-97.91117,30.25921]],[[-97.91801,30.2472],[-97.91692,30.2488],[-97.92006,30.25043],[-97.92036,30.25059],[-97.92056,30.25038],[-97.92064,30.25029],[-97.9207,30.25023],[-97.92094,30.24999],[-97.92106,30.24986],[-97.92097,30.24981],[-97.92092,30.24977],[-97.92052,30.24941],[-97.91801,30.2472]],[[-97.9201,30.24423],[-97.91905,30.2456],[-97.91912,30.24567],[-97.91919,30.24575],[-97.91978,30.24646],[-97.91982,30.2465],[-97.91986,30.24655],[-97.92115,30.24543],[-97.92041,30.24444],[-97.9201,30.24423]],[[-97.81478,30.2376],[-97.81466,30.23762],[-97.8139,30.23774],[-97.81385,30.23772],[-97.81359,30.23761],[-97.81352,30.23758],[-97.81347,30.23756],[-97.81343,30.23754],[-97.81331,30.23748],[-97.81326,30.23756],[-97.81321,30.23764],[-97.81301,30.23796],[-97.8128,30.2383],[-97.81277,30.23834],[-97.81275,30.23838],[-97.81268,30.23849],[-97.81266,30.23851],[-97.81261,30.23859],[-97.8128,30.23915],[-97.81328,30.24057],[-97.8135,30.24054],[-97.81358,30.24052],[-97.81365,30.24051],[-97.81373,30.24048],[-97.81389,30.24041],[-97.81419,30.24029],[-97.81426,30.24026],[-97.81438,30.24021],[-97.81441,30.2402],[-97.81496,30.24016],[-97.81498,30.24011],[-97.81509,30.24006],[-97.81523,30.24],[-97.81537,30.23994],[-97.81545,30.23991],[-97.81562,30.23984],[-97.81613,30.23963],[-97.81635,30.23954],[-97.81604,30.23941],[-97.81593,30.23938],[-97.81583,30.23936],[-97.8152,30.2392],[-97.81517,30.2392],[-97.81515,30.23919],[-97.81513,30.23912],[-97.81511,30.23905],[-97.81509,30.23896],[-97.81498,30.23849],[-97.81497,30.23845],[-97.81496,30.23839],[-97.81494,30.23832],[-97.81478,30.2376]],[[-97.90056,30.23431],[-97.90048,30.23455],[-97.90044,30.23469],[-97.90024,30.23485],[-97.9003,30.23511],[-97.90066,30.23528],[-97.90099,30.23459],[-97.90102,30.23453],[-97.90056,30.23431]]]]}},
{"type":"Feature","properties":{"district_number":"6","district_name":"District 6"},"geometry":{"type":"MultiPolygon","coordinates":[[[[-97.69029,30.46041],[-97.69027,30.46045],[-97.69015,30.46064],[-97.68993,30.461],[-97.6898,30.46119],[-97.68949,30.46105],[-97.68932,30.46132],[-97.68953,30.46142],[-97.68965,30.46149],[-97.68946,30.4618],[-97.68949,30.46181],[-97.68965,30.46189],[-97.68983,30.46198],[-97.69,30.46206],[-97.69018,30.46214],[-97.69048,30.46228],[-97.6906,30.46234],[-97.69076,30.46241],[-97.69096,30.46251],[-97.69154,30.46278],[-97.69174,30.46287],[-97.69182,30.46291],[-97.6919,30.46295],[-97.69273,30.46334],[-97.69314,30.46353],[-97.69343,30.46367],[-97.69363,30.46376],[-97.69376,30.46383],[-97.69375,30.46367],[-97.69404,30.46377],[-97.69423,30.46383],[-97.69432,30.4633],[-97.69413,30.46323],[-97.69379,30.46307],[-97.69367,30.46301],[-97.69285,30.4626],[-97.69247,30.46243],[-97.69177,30.46208],[-97.69215,30.4615],[-97.69222,30.46139],[-97.69173,30.46114],[-97.69152,30.46103],[-97.69116,30.46085],[-97.69051,30.46052],[-97.69029,30.46041]]],[[[-97.77494,30.39039],[-97.77491,30.39041],[-97.7747,30.39055],[-97.77461,30.3906],[-97.77454,30.39065],[-97.77442,30.39072],[-97.77433,30.39077],[-97.77424,30.39079],[-97.77409,30.39081],[-97.77393,30.39082],[-97.77381,30.39083],[-97.77391,30.39103],[-97.77394,30.39109],[-97.77397,30.39116],[-97.77399,30.39129],[-97.77399,30.39142],[-97.77398,30.39151],[-97.77396,30.39156],[-97.77387,30.39167],[-97.77386,30.39169],[-97.77387,30.39172],[-97.77393,30.39179],[-97.77397,30.39184],[-97.77399,30.39191],[-97.77402,30.39195],[-97.77408,30.39198],[-97.7741,30.392],[-97.77409,30.39203],[-97.77411,30.39216],[-97.77411,30.3922],[-97.77408,30.39224],[-97.77404,30.39235],[-97.77402,30.39236],[-97.77389,30.3924],[-97.77385,30.39242],[-97.7737,30.39247],[-97.77363,30.3925],[-97.7736,30.39254],[-97.77353,30.39266],[-97.77347,30.39289],[-97.77346,30.39294],[-97.7735,30.39304],[-97.77356,30.39315],[-97.7736,30.39321],[-97.77366,30.39324],[-97.77365,30.39326],[-97.77363,30.39329],[-97.77361,30.39333],[-97.77353,30.39342],[-97.77339,30.39354],[-97.77327,30.39366],[-97.77319,30.39373],[-97.77312,30.39378],[-97.77301,30.39383],[-97.77291,30.39388],[-97.77273,30.39395],[-97.77268,30.39399],[-97.77265,30.39401],[-97.77259,30.39405],[-97.77256,30.39408],[-97.77252,30.39409],[-97.77244,30.3941],[-97.77241,30.39411],[-97.77238,30.39415],[-97.77233,30.39421],[-97.77228,30.39423],[-97.77213,30.39427],[-97.77208,30.39427],[-97.77185,30.3943],[-97.77178,30.39429],[-97.77174,30.39428],[-97.77171,30.39428],[-97.77165,30.39428],[-97.77155,30.39431],[-97.77146,30.39433],[-97.77135,30.39439],[-97.77106,30.3945],[-97.7709,30.39458],[-97.7708,30.39462],[-97.77072,30.39464],[-97.77065,30.39465],[-97.77061,30.39466],[-97.77047,30.39476],[-97.7704,30.3948],[-97.77036,30.39484],[-97.77028,30.39491],[-97.77021,30.39501],[-97.77019,30.39505],[-97.7702,30.3951],[-97.77019,30.39518],[-97.77016,30.39528],[-97.77,30.39563],[-97.76995,30.39566],[-97.76989,30.39573],[-97.76988,30.39574],[-97.76984,30.39579],[-97.76977,30.39587],[-97.76974,30.39594],[-97.76971,30.39603],[-97.76971,30.39608],[-97.76981,30.39643],[-97.76983,30.39654],[-97.76989,30.39672],[-97.76992,30.3968],[-97.76993,30.39684],[-97.76993,30.39693],[-97.76993,30.39706],[-97.76992,30.39711],[-97.76991,30.39723],[-97.7699,30.39728],[-97.76988,30.3973],[-97.76983,30.39749],[-97.76982,30.39763],[-97.76981,30.39772],[-97.76981,30.39782],[-97.76984,30.39799],[-97.76987,30.39806],[-97.76991,30.39812],[-97.77006,30.39836],[-97.77014,30.39851],[-97.77017,30.39856],[-97.77028,30.39868],[-97.77038,30.39879],[-97.7704,30.39882],[-97.77043,30.39884],[-97.77049,30.39889],[-97.77053,30.39892],[-97.7706,30.39898],[-97.77066,30.39902],[-97.77072,30.39906],[-97.77086,30.39914],[-97.77091,30.39918],[-97.77096,30.3992],[-97.77106,30.39922],[-97.77113,30.39921],[-97.77121,30.3992],[-97.77127,30.39922],[-97.77135,30.39924],[-97.7715,30.39932],[-97.77155,30.39936],[-97.77157,30.39939],[-97.77158,30.39942],[-97.77158,30.39953],[-97.77158,30.39974],[-97.77159,30.39985],[-97.77157,30.4001],[-97.77156,30.40035],[-97.77157,30.4004],[-97.77159,30.40044],[-97.77165,30.40057],[-97.77169,30.40067],[-97.77173,30.40076],[-97.77173,30.40077],[-97.77177,30.40082],[-97.77199,30.40099],[-97.77206,30.40105],[-97.77207,30.40108],[-97.77207,30.40111],[-97.77201,30.40123],[-97.77196,30.40131],[-97.7719,30.40144],[-97.77189,30.40149],[-97.7719,30.40162],[-97.7719,30.40172],[-97.7719,30.40181],[-97.77189,30.40193],[-97.77185,30.4021],[-97.77186,30.40217],[-97.77188,30.4022],[-97.77192,30.40223],[-97.77208,30.40235],[-97.77215,30.40239],[-97.77231,30.40248],[-97.77238,30.40251],[-97.77244,30.40251],[-97.77259,30.40256],[-97.77262,30.40258],[-97.7728,30.40277],[-97.77284,30.40283],[-97.77287,30.40292],[-97.7729,30.40297],[-97.77301,30.40311],[-97.77307,30.40316],[-97.77316,30.4033],[-97.77323,30.40346],[-97.77325,30.40349],[-97.77331,30.4035],[-97.77335,30.40354],[-97.77345,30.40373],[-97.77345,30.40377],[-97.77344,30.40383],[-97.77334,30.40401],[-97.77333,30.40405],[-97.77333,30.40409],[-97.77333,30.40413],[-97.77332,30.40417],[-97.77331,30.40422],[-97.77331,30.40429],[-97.77329,30.40435],[-97.77328,30.40442],[-97.77327,30.40457],[-97.77328,30.40464],[-97.77326,30.40476],[-97.77328,30.40479],[-97.77328,30.40485],[-97.7733,30.4049],[-97.77336,30.40496],[-97.77338,30.40501],[-97.77353,30.4052],[-97.77355,30.40527],[-97.77359,30.40534],[-97.77361,30.40543],[-97.77365,30.4055],[-97.77369,30.40557],[-97.77381,30.40579],[-97.77382,30.40584],[-97.77385,30.40596],[-97.77386,30.40603],[-97.77389,30.40617],[-97.77389,30.40625],[-97.77386,30.40639],[-97.77386,30.40647],[-97.77385,30.40652],[-97.77382,30.40658],[-97.77375,30.40674],[-97.77371,30.40678],[-97.77366,30.40681],[-97.77356,30.4069],[-97.77342,30.40701],[-97.77337,30.40704],[-97.7733,30.40705],[-97.77306,30.40713],[-97.77291,30.4072],[-97.77273,30.4073],[-97.77257,30.40739],[-97.77244,30.40751],[-97.77241,30.40757],[-97.77231,30.40777],[-97.7723,30.4078],[-97.7723,30.40785],[-97.77231,30.40788],[-97.77238,30.40797],[-97.77248,30.40814],[-97.77251,30.40822],[-97.77253,30.40831],[-97.77254,30.40845],[-97.77253,30.40853],[-97.77246,30.40867],[-97.77241,30.40874],[-97.77233,30.40894],[-97.77228,30.40904],[-97.77224,30.40913],[-97.77218,30.40922],[-97.77215,30.40931],[-97.77213,30.4095],[-97.77211,30.40955],[-97.77207,30.40963],[-97.77198,30.40979],[-97.77197,30.40983],[-97.77197,30.40988],[-97.77199,30.40996],[-97.77201,30.41009],[-97.77206,30.41028],[-97.76854,30.41103],[-97.76828,30.41145],[-97.7687,30.41128],[-97.76886,30.41122],[-97.76897,30.4112],[-97.76912,30.41122],[-97.76934,30.41128],[-97.76959,30.41136],[-97.76971,30.41143],[-97.77025,30.41197],[-97.77038,30.41208],[-97.7705,30.41217],[-97.7706,30.41221],[-97.77067,30.41224],[-97.77089,30.41238],[-97.77103,30.41248],[-97.77113,30.41262],[-97.77137,30.41296],[-97.77152,30.41318],[-97.77159,30.41332],[-97.77165,30.41349],[-97.77168,30.41364],[-97.77171,30.41426],[-97.77174,30.41447],[-97.77179,30.41458],[-97.77187,30.41467],[-97.77205,30.41481],[-97.7725,30.4151],[-97.77271,30.41525],[-97.7729,30.41543],[-97.77301,30.41561],[-97.77316,30.41589],[-97.7733,30.41612],[-97.77344,30.41629],[-97.77365,30.41646],[-97.77389,30.41666],[-97.7741,30.41683],[-97.77419,30.41693],[-97.77426,30.41704],[-97.77441,30.41729],[-97.77454,30.41756],[-97.77467,30.41773],[-97.77476,30.4178],[-97.7749,30.41787],[-97.77502,30.4179],[-97.77529,30.41792],[-97.77531,30.4178],[-97.7756,30.41715],[-97.77574,30.41682],[-97.77582,30.4167],[-97.77593,30.4166],[-97.77611,30.41643],[-97.77637,30.41631],[-97.77662,30.41619],[-97.77685,30.41607],[-97.77719,30.41592],[-97.77737,30.41588],[-97.77752,30.41585],[-97.77774,30.41586],[-97.77929,30.41585],[-97.77944,30.41482],[-97.7818,30.41502],[-97.78163,30.41593],[-97.78157,30.41649],[-97.78136,30.41709],[-97.78103,30.41849],[-97.78181,30.41865],[-97.78175,30.41904],[-97.78172,30.41917],[-97.7817,30.41934],[-97.78165,30.41962],[-97.78106,30.41956],[-97.78081,30.41954],[-97.7808,30.41957],[-97.78057,30.42066],[-97.78055,30.42075],[-97.78035,30.42128],[-97.78018,30.42174],[-97.78001,30.42219],[-97.77994,30.42239],[-97.77982,30.42288],[-97.77975,30.42315],[-97.77958,30.42347],[-97.77936,30.42381],[-97.7789,30.42453],[-97.77874,30.42474],[-97.7786,30.42489],[-97.77843,30.42505],[-97.77829,30.42515],[-97.77774,30.4256],[-97.77801,30.42617],[-97.7781,30.42631],[-97.77823,30.4264],[-97.7784,30.4265],[-97.77865,30.42661],[-97.77885,30.42669],[-97.77893,30.42671],[-97.779,30.42669],[-97.77907,30.42664],[-97.77916,30.42653],[-97.7794,30.42617],[-97.7797,30.42568],[-97.77973,30.42569],[-97.77981,30.42572],[-97.78022,30.42619],[-97.78063,30.42666],[-97.78082,30.42677],[-97.78158,30.42721],[-97.78263,30.42729],[-97.7829,30.42706],[-97.78206,30.42659],[-97.78203,30.42652],[-97.78217,30.42636],[-97.78229,30.42613],[-97.78239,30.42611],[-97.78347,30.42629],[-97.78371,30.42579],[-97.78352,30.42566],[-97.78435,30.42517],[-97.78446,30.42511],[-97.78449,30.42513],[-97.78469,30.42515],[-97.78481,30.42515],[-97.78484,30.42515],[-97.78488,30.42524],[-97.78502,30.42579],[-97.78504,30.42597],[-97.78504,30.42612],[-97.78502,30.42627],[-97.78497,30.42644],[-97.78491,30.42661],[-97.78481,30.42679],[-97.7847,30.42694],[-97.7846,30.42707],[-97.78446,30.42718],[-97.78431,30.42731],[-97.78384,30.42761],[-97.78355,30.42781],[-97.78332,30.42798],[-97.78318,30.42811],[-97.78305,30.42821],[-97.78301,30.42828],[-97.78291,30.42819],[-97.78271,30.42809],[-97.78248,30.42803],[-97.78195,30.42794],[-97.78159,30.42787],[-97.78132,30.42779],[-97.78139,30.42797],[-97.7822,30.42893],[-97.78238,30.4291],[-97.78245,30.42921],[-97.78218,30.42949],[-97.78201,30.42967],[-97.78183,30.42982],[-97.78139,30.43012],[-97.78127,30.43019],[-97.78119,30.43024],[-97.78094,30.43037],[-97.78087,30.43041],[-97.78078,30.43046],[-97.78035,30.43071],[-97.7801,30.43086],[-97.78001,30.43092],[-97.77993,30.43096],[-97.77961,30.43116],[-97.77942,30.43128],[-97.77932,30.43134],[-97.7792,30.43139],[-97.77848,30.43161],[-97.77839,30.4316],[-97.77831,30.43163],[-97.77788,30.43176],[-97.7773,30.43195],[-97.77725,30.43176],[-97.77719,30.43155],[-97.77712,30.4313],[-97.77696,30.43094],[-97.77661,30.43025],[-97.7764,30.42984],[-97.77635,30.42977],[-97.77586,30.42993],[-97.77539,30.4301],[-97.77449,30.43042],[-97.77384,30.43065],[-97.77357,30.43074],[-97.77298,30.43095],[-97.77269,30.43105],[-97.77173,30.43139],[-97.77163,30.43144],[-97.76953,30.43228],[-97.76951,30.43229],[-97.76921,30.43241],[-97.76892,30.43247],[-97.76849,30.43254],[-97.768,30.43257],[-97.76725,30.43247],[-97.76694,30.43243],[-97.76678,30.43242],[-97.76673,30.43242],[-97.76652,30.43242],[-97.76613,30.43241],[-97.76607,30.43241],[-97.76595,30.43241],[-97.76588,30.43241],[-97.76572,30.43241],[-97.76562,30.43241],[-97.76247,30.43091],[-97.76173,30.43055],[-97.75946,30.42943],[-97.75919,30.42929],[-97.75897,30.42918],[-97.75831,30.42885],[-97.7551,30.42723],[-97.75495,30.42716],[-97.75475,30.42705],[-97.75364,30.42652],[-97.75363,30.42652],[-97.7536,30.4265],[-97.75355,30.42648],[-97.75165,30.42556],[-97.75022,30.42485],[-97.74976,30.42461],[-97.74954,30.42449],[-97.74934,30.42436],[-97.74883,30.42397],[-97.74861,30.42374],[-97.74845,30.42356],[-97.74818,30.42327],[-97.74806,30.42315],[-97.74785,30.42287],[-97.74768,30.42262],[-97.7475,30.42229],[-97.74722,30.42158],[-97.74715,30.42132],[-97.74676,30.41932],[-97.74671,30.41907],[-97.7467,30.41901],[-97.74667,30.41883],[-97.74631,30.41692],[-97.746,30.41519],[-97.74575,30.4153],[-97.74527,30.41283],[-97.74509,30.41288],[-97.74491,30.41296],[-97.74478,30.41307],[-97.7445,30.41353],[-97.74296,30.41279],[-97.74222,30.41245],[-97.74145,30.41208],[-97.74067,30.41172],[-97.73983,30.41302],[-97.73934,30.41344],[-97.7385,30.41402],[-97.73771,30.41452],[-97.73726,30.41521],[-97.73509,30.41417],[-97.73439,30.41385],[-97.73366,30.41351],[-97.73286,30.41313],[-97.73213,30.41279],[-97.7316,30.41251],[-97.73104,30.41316],[-97.73014,30.4127],[-97.72981,30.4125],[-97.72922,30.41208],[-97.72928,30.41292],[-97.72936,30.41392],[-97.7294,30.41426],[-97.72941,30.41445],[-97.72942,30.41452],[-97.72945,30.41465],[-97.72943,30.41475],[-97.72952,30.41491],[-97.72948,30.41494],[-97.72951,30.41517],[-97.72953,30.41562],[-97.72953,30.41585],[-97.72955,30.41603],[-97.72956,30.41615],[-97.72959,30.41651],[-97.7296,30.41659],[-97.72962,30.41691],[-97.7297,30.41799],[-97.72974,30.41873],[-97.72979,30.41927],[-97.72979,30.41951],[-97.72983,30.41976],[-97.72982,30.42016],[-97.73006,30.42329],[-97.73013,30.42415],[-97.73016,30.42498],[-97.73018,30.42535],[-97.73016,30.42597],[-97.73008,30.42652],[-97.73002,30.42695],[-97.72974,30.42843],[-97.72963,30.42906],[-97.72956,30.42941],[-97.72947,30.42987],[-97.72944,30.43002],[-97.7292,30.43111],[-97.72895,30.43233],[-97.72894,30.43244],[-97.72894,30.43248],[-97.72893,30.43253],[-97.72889,30.4327],[-97.72861,30.43406],[-97.72828,30.4359],[-97.72817,30.43647],[-97.72804,30.43713],[-97.72797,30.43764],[-97.72796,30.43772],[-97.72792,30.43783],[-97.72781,30.43839],[-97.72777,30.43853],[-97.72775,30.43861],[-97.72764,30.43896],[-97.72743,30.43968],[-97.72701,30.44061],[-97.7268,30.44104],[-97.72347,30.44783],[-97.72339,30.44799],[-97.72303,30.44873],[-97.72293,30.44892],[-97.72271,30.44934],[-97.72287,30.44936],[-97.72294,30.44937],[-97.72339,30.44942],[-97.72406,30.4494],[-97.72466,30.44924],[-97.72552,30.44904],[-97.72562,30.44899],[-97.72589,30.4489],[-97.72593,30.44888],[-97.72654,30.4487],[-97.72676,30.44863],[-97.72718,30.44851],[-97.72759,30.44839],[-97.72795,30.44828],[-97.72807,30.44824],[-97.72773,30.44824],[-97.72706,30.44635],[-97.72824,30.446],[-97.72946,30.44564],[-97.73078,30.44526],[-97.73196,30.44491],[-97.73316,30.44456],[-97.73497,30.444],[-97.73487,30.44484],[-97.7347,30.4462],[-97.7346,30.44637],[-97.7345,30.44653],[-97.73479,30.44726],[-97.73643,30.44676],[-97.7371,30.44656],[-97.73832,30.44627],[-97.73934,30.4495],[-97.73899,30.44958],[-97.73812,30.44979],[-97.73605,30.45037],[-97.73024,30.45214],[-97.73011,30.45181],[-97.73,30.45152],[-97.72946,30.45018],[-97.72892,30.44884],[-97.72869,30.44825],[-97.7285,30.44825],[-97.72847,30.44826],[-97.72728,30.44862],[-97.72705,30.44869],[-97.72682,30.44876],[-97.72658,30.44883],[-97.72623,30.44891],[-97.72565,30.44909],[-97.72548,30.44914],[-97.7249,30.44932],[-97.72462,30.4494],[-97.72399,30.44951],[-97.72336,30.4495],[-97.7229,30.44946],[-97.72282,30.44946],[-97.72266,30.44945],[-97.72264,30.44948],[-97.72233,30.4501],[-97.72194,30.45086],[-97.72157,30.45154],[-97.72099,30.4527],[-97.72073,30.45313],[-97.72068,30.45322],[-97.72041,30.45369],[-97.71984,30.45464],[-97.71915,30.45568],[-97.7187,30.45637],[-97.71839,30.45682],[-97.71814,30.45723],[-97.7152,30.45865],[-97.7043,30.45849],[-97.70399,30.4585],[-97.6998,30.46002],[-97.69931,30.4602],[-97.69893,30.46034],[-97.69855,30.46047],[-97.69827,30.46058],[-97.69644,30.46124],[-97.69637,30.46127],[-97.69599,30.4614],[-97.69579,30.4616],[-97.69469,30.4615],[-97.6946,30.4615],[-97.6944,30.46279],[-97.69585,30.4635],[-97.69866,30.46486],[-97.69863,30.46488],[-97.69788,30.4656],[-97.69712,30.46629],[-97.69599,30.46734],[-97.6959,30.46743],[-97.69583,30.46749],[-97.69542,30.46788],[-97.69521,30.46808],[-97.69515,30.46813],[-97.6938,30.4694],[-97.69371,30.46936],[-97.69358,30.4693],[-97.69348,30.46939],[-97.69347,30.46943],[-97.69345,30.46947],[-97.69344,30.46951],[-97.69342,30.46954],[-97.69341,30.46958],[-97.69339,30.46962],[-97.69337,30.46966],[-97.69336,30.46968],[-97.69294,30.47007],[-97.69283,30.47023],[-97.69267,30.47044],[-97.69249,30.47064],[-97.69237,30.47075],[-97.69192,30.47116],[-97.69137,30.47166],[-97.69116,30.47186],[-97.6908,30.47216],[-97.69063,30.47231],[-97.69124,30.47286],[-97.69219,30.47367],[-97.69256,30.47405],[-97.69268,30.47422],[-97.69274,30.4743],[-97.69306,30.4748],[-97.69337,30.47548],[-97.69351,30.47589],[-97.69364,30.47641],[-97.69383,30.47722],[-97.69386,30.47733],[-97.69393,30.47767],[-97.694,30.47799],[-97.69403,30.47811],[-97.69406,30.47826],[-97.69407,30.47833],[-97.69411,30.47855],[-97.69413,30.47864],[-97.69427,30.47864],[-97.69457,30.47866],[-97.69516,30.47869],[-97.69591,30.47874],[-97.69655,30.47877],[-97.69709,30.4788],[-97.69761,30.47883],[-97.69815,30.47886],[-97.69872,30.47889],[-97.69934,30.47893],[-97.70002,30.47896],[-97.70046,30.47899],[-97.70095,30.47902],[-97.70138,30.47904],[-97.70185,30.47907],[-97.70243,30.4791],[-97.70253,30.4791],[-97.70291,30.47912],[-97.70345,30.47915],[-97.70394,30.47918],[-97.70401,30.47919],[-97.70423,30.47921],[-97.70426,30.47917],[-97.70449,30.47881],[-97.70451,30.47884],[-97.7051,30.47894],[-97.70622,30.47914],[-97.70629,30.47933],[-97.7069,30.4809],[-97.70709,30.48138],[-97.70854,30.48512],[-97.70904,30.48643],[-97.70947,30.48743],[-97.71095,30.49117],[-97.71386,30.49843],[-97.71549,30.50249],[-97.71558,30.503],[-97.71593,30.50518],[-97.71592,30.50719],[-97.71591,30.5074],[-97.71592,30.50739],[-97.71647,30.50679],[-97.71721,30.50577],[-97.71787,30.50479],[-97.71841,30.50396],[-97.71849,30.50385],[-97.72009,30.5015],[-97.72042,30.50101],[-97.72084,30.50041],[-97.72093,30.50031],[-97.72094,30.50029],[-97.7217,30.49914],[-97.72176,30.49905],[-97.72296,30.49753],[-97.72305,30.49741],[-97.72313,30.49732],[-97.72305,30.49714],[-97.72271,30.49629],[-97.72243,30.49561],[-97.71988,30.48936],[-97.71932,30.48795],[-97.71923,30.48773],[-97.71907,30.48735],[-97.71904,30.48728],[-97.719,30.48718],[-97.71964,30.48699],[-97.71985,30.48693],[-97.72125,30.48652],[-97.72199,30.48628],[-97.7213,30.48458],[-97.72108,30.48406],[-97.721,30.48386],[-97.72074,30.48313],[-97.72069,30.483],[-97.72026,30.48194],[-97.71948,30.48003],[-97.71936,30.47972],[-97.71923,30.47939],[-97.7191,30.47908],[-97.71907,30.47902],[-97.72189,30.47812],[-97.72145,30.47697],[-97.72066,30.47495],[-97.72212,30.47453],[-97.72224,30.47445],[-97.72236,30.47441],[-97.72463,30.47376],[-97.72516,30.47539],[-97.72522,30.47558],[-97.72533,30.47574],[-97.7255,30.47594],[-97.72625,30.47767],[-97.72639,30.47799],[-97.72642,30.47806],[-97.72684,30.47902],[-97.72727,30.48006],[-97.72729,30.48011],[-97.72731,30.48014],[-97.72789,30.48153],[-97.72925,30.48112],[-97.72946,30.48105],[-97.73165,30.4804],[-97.73203,30.48132],[-97.73227,30.48191],[-97.73308,30.48386],[-97.73344,30.48368],[-97.73384,30.48349],[-97.73475,30.48296],[-97.73517,30.48271],[-97.73563,30.48263],[-97.73595,30.48264],[-97.73623,30.48264],[-97.73665,30.48273],[-97.73701,30.48282],[-97.73777,30.48301],[-97.7391,30.48321],[-97.73931,30.48326],[-97.73794,30.48354],[-97.73801,30.48369],[-97.73814,30.48397],[-97.73823,30.48417],[-97.7383,30.48428],[-97.73844,30.48446],[-97.73853,30.48458],[-97.73867,30.48466],[-97.73903,30.48456],[-97.73931,30.48451],[-97.73965,30.48444],[-97.73995,30.48439],[-97.74284,30.4838],[-97.74708,30.48296],[-97.74906,30.48257],[-97.75032,30.48232],[-97.75056,30.48228],[-97.75105,30.48222],[-97.75255,30.48205],[-97.75279,30.48199],[-97.75302,30.48192],[-97.75322,30.48185],[-97.75333,30.4818],[-97.75374,30.48161],[-97.75383,30.48157],[-97.75409,30.48144],[-97.75417,30.48139],[-97.75426,30.48134],[-97.75436,30.4813],[-97.75456,30.48121],[-97.75467,30.48118],[-97.75478,30.48115],[-97.75488,30.48112],[-97.75499,30.4811],[-97.75771,30.48021],[-97.76138,30.47903],[-97.76239,30.47871],[-97.76257,30.47876],[-97.76264,30.47879],[-97.76271,30.47881],[-97.7632,30.47897],[-97.76376,30.47915],[-97.76375,30.47958],[-97.76375,30.47978],[-97.76372,30.48101],[-97.76371,30.48115],[-97.76369,30.48189],[-97.76205,30.4824],[-97.76193,30.48244],[-97.76087,30.48278],[-97.75907,30.48334],[-97.7574,30.48386],[-97.75731,30.48389],[-97.75733,30.48394],[-97.75734,30.48399],[-97.75738,30.48409],[-97.75755,30.48458],[-97.7579,30.48562],[-97.75821,30.4865],[-97.75844,30.48715],[-97.75842,30.48723],[-97.75843,30.48736],[-97.75843,30.48738],[-97.7574,30.4877],[-97.75708,30.4878],[-97.75642,30.48801],[-97.75539,30.48508],[-97.75537,30.48502],[-97.75269,30.48517],[-97.75242,30.48519],[-97.7526,30.48616],[-97.74952,30.48616],[-97.75026,30.48803],[-97.75137,30.49082],[-97.75201,30.49243],[-97.75239,30.49339],[-97.75339,30.49592],[-97.75385,30.49578],[-97.75398,30.49604],[-97.75348,30.49619],[-97.75319,30.49627],[-97.75304,30.49629],[-97.75293,30.4963],[-97.75282,30.4963],[-97.75267,30.49627],[-97.7525,30.49622],[-97.75206,30.49605],[-97.75092,30.4973],[-97.75071,30.4976],[-97.75061,30.49778],[-97.75052,30.49801],[-97.75047,30.49813],[-97.75037,30.4985],[-97.75033,30.49884],[-97.75034,30.49909],[-97.75036,30.49933],[-97.75049,30.49975],[-97.74723,30.50056],[-97.74567,30.50095],[-97.74478,30.50118],[-97.74526,30.50233],[-97.74554,30.50303],[-97.74612,30.50443],[-97.74641,30.50515],[-97.74643,30.50519],[-97.74524,30.50558],[-97.74415,30.50594],[-97.74457,30.50696],[-97.74476,30.50743],[-97.7449,30.50774],[-97.74494,30.50785],[-97.74497,30.50794],[-97.74497,30.50797],[-97.7453,30.50877],[-97.74542,30.50906],[-97.74555,30.50933],[-97.74611,30.51074],[-97.7462,30.51096],[-97.74695,30.51279],[-97.74712,30.5132],[-97.74728,30.51358],[-97.74738,30.51384],[-97.74767,30.51457],[-97.74784,30.51495],[-97.748,30.51532],[-97.74819,30.51577],[-97.74853,30.51665],[-97.74856,30.51662],[-97.74882,30.5164],[-97.74885,30.51638],[-97.74894,30.51629],[-97.749,30.51625],[-97.74933,30.51599],[-97.74964,30.51575],[-97.75003,30.51545],[-97.75123,30.51485],[-97.75166,30.51464],[-97.75186,30.51454],[-97.75193,30.51452],[-97.75224,30.51442],[-97.75236,30.51438],[-97.75248,30.51434],[-97.75252,30.51433],[-97.75273,30.5143],[-97.75292,30.51427],[-97.75293,30.51426],[-97.75329,30.51407],[-97.75388,30.51374],[-97.75442,30.51336],[-97.75466,30.51319],[-97.75474,30.51313],[-97.75552,30.51228],[-97.75564,30.5121],[-97.75588,30.51171],[-97.75633,30.511],[-97.75638,30.51092],[-97.75643,30.5108],[-97.75658,30.51046],[-97.75664,30.51032],[-97.75665,30.51028],[-97.75668,30.51018],[-97.75669,30.51015],[-97.75672,30.51009],[-97.75672,30.51008],[-97.7575,30.50925],[-97.75773,30.50901],[-97.7579,30.50891],[-97.75805,30.50881],[-97.75837,30.50861],[-97.75842,30.50858],[-97.75857,30.50849],[-97.7588,30.50835],[-97.75885,30.50833],[-97.7589,30.50833],[-97.75899,30.50832],[-97.75908,30.50832],[-97.75912,30.50832],[-97.75915,30.50832],[-97.7593,30.50832],[-97.75941,30.50832],[-97.75953,30.50832],[-97.75968,30.50831],[-97.7598,30.50831],[-97.75982,30.50831],[-97.76003,30.50827],[-97.7611,30.5081],[-97.76157,30.50802],[-97.7616,30.50802],[-97.76166,30.50773],[-97.76182,30.50708],[-97.76201,30.50629],[-97.7635,30.50686],[-97.76337,30.50695],[-97.76332,30.50699],[-97.76326,30.50704],[-97.76322,30.50707],[-97.76311,30.50719],[-97.76301,30.50731],[-97.76293,30.50759],[-97.76328,30.50756],[-97.7634,30.50755],[-97.76342,30.50755],[-97.76349,30.50754],[-97.76371,30.50753],[-97.76397,30.50751],[-97.76467,30.50745],[-97.76512,30.50742],[-97.76518,30.50741],[-97.76524,30.50739],[-97.76536,30.50735],[-97.76604,30.50712],[-97.76623,30.50732],[-97.76627,30.50731],[-97.7681,30.50599],[-97.76857,30.50578],[-97.76893,30.50562],[-97.77075,30.50482],[-97.77094,30.50474],[-97.77123,30.50474],[-97.77175,30.50475],[-97.77186,30.50475],[-97.77193,30.50475],[-97.77198,30.50475],[-97.77203,30.50475],[-97.77204,30.50474],[-97.77206,30.50474],[-97.7721,30.50474],[-97.77213,30.50475],[-97.77216,30.50475],[-97.7722,30.50475],[-97.77223,30.50474],[-97.77226,30.50472],[-97.77278,30.50447],[-97.77333,30.50421],[-97.77524,30.50343],[-97.77531,30.5034],[-97.77555,30.50393],[-97.77563,30.50391],[-97.77569,30.50384],[-97.7758,30.50376],[-97.77603,30.50361],[-97.77608,30.50352],[-97.77619,30.50354],[-97.77625,30.50353],[-97.77633,30.50351],[-97.77644,30.50348],[-97.77652,30.50346],[-97.77653,30.50327],[-97.77667,30.50343],[-97.77683,30.50339],[-97.7769,30.50338],[-97.77692,30.50338],[-97.77697,30.50338],[-97.77702,30.50338],[-97.77705,30.50338],[-97.77713,30.50339],[-97.77716,30.50338],[-97.77726,30.50337],[-97.77733,30.50337],[-97.77737,30.50337],[-97.77741,30.50337],[-97.77747,30.50336],[-97.77748,30.50336],[-97.77769,30.50337],[-97.77777,30.50337],[-97.77779,30.50337],[-97.77782,30.50337],[-97.77786,30.50338],[-97.77794,30.50338],[-97.77797,30.50338],[-97.77799,30.50338],[-97.77802,30.50338],[-97.77824,30.5034],[-97.77843,30.50341],[-97.77851,30.50342],[-97.77853,30.50343],[-97.77859,30.50344],[-97.77861,30.50344],[-97.77869,30.50344],[-97.77873,30.50344],[-97.77875,30.50343],[-97.77878,30.50341],[-97.77882,30.5034],[-97.77889,30.50343],[-97.77891,30.50343],[-97.77896,30.50345],[-97.77898,30.50346],[-97.77899,30.50346],[-97.77901,30.50346],[-97.77904,30.50348],[-97.77904,30.50351],[-97.77903,30.50353],[-97.779,30.50355],[-97.77898,30.50357],[-97.77904,30.50359],[-97.77909,30.50361],[-97.77911,30.50361],[-97.77915,30.50362],[-97.77917,30.50364],[-97.7792,30.50364],[-97.7794,30.50368],[-97.77946,30.5037],[-97.77961,30.50374],[-97.77963,30.50375],[-97.77964,30.50375],[-97.77973,30.50377],[-97.77974,30.50378],[-97.78001,30.50382],[-97.78024,30.50386],[-97.78043,30.50386],[-97.78062,30.50387],[-97.78072,30.50389],[-97.78083,30.50389],[-97.78096,30.50387],[-97.78104,30.50382],[-97.78112,30.50379],[-97.78128,30.50375],[-97.78144,30.50368],[-97.78165,30.50364],[-97.78174,30.50363],[-97.78182,30.50362],[-97.7819,30.50361],[-97.78191,30.50361],[-97.78194,30.50361],[-97.782,30.50361],[-97.78202,30.50361],[-97.78206,30.50361],[-97.78213,30.50361],[-97.78221,30.50359],[-97.78224,30.50359],[-97.78233,30.50357],[-97.78242,30.50357],[-97.7825,30.50356],[-97.78265,30.50358],[-97.78271,30.50359],[-97.78282,30.50362],[-97.78293,30.50363],[-97.78299,30.50367],[-97.78306,30.50373],[-97.78314,30.50375],[-97.78328,30.50382],[-97.78339,30.50386],[-97.78347,30.50393],[-97.78349,30.50398],[-97.78351,30.50401],[-97.78352,30.50402],[-97.78358,30.50406],[-97.78361,30.50407],[-97.78368,30.5041],[-97.78376,30.50413],[-97.78378,30.50413],[-97.78385,30.50415],[-97.78388,30.50416],[-97.78394,30.50416],[-97.78395,30.50416],[-97.78397,30.50415],[-97.78403,30.50416],[-97.78409,30.50419],[-97.78413,30.50421],[-97.78418,30.50423],[-97.78423,30.50425],[-97.78573,30.5047],[-97.78584,30.5048],[-97.78609,30.50488],[-97.78696,30.50512],[-97.78727,30.50519],[-97.78742,30.50522],[-97.7875,30.50523],[-97.7876,30.50523],[-97.7877,30.50523],[-97.7878,30.50523],[-97.78783,30.50523],[-97.78788,30.50521],[-97.78807,30.5052],[-97.78823,30.50528],[-97.7883,30.50537],[-97.78839,30.50542],[-97.78877,30.50563],[-97.78882,30.50566],[-97.78892,30.50569],[-97.78918,30.50574],[-97.78928,30.50576],[-97.7897,30.5058],[-97.78991,30.50578],[-97.79043,30.50564],[-97.79117,30.50545],[-97.79128,30.5054],[-97.79196,30.50512],[-97.79242,30.50477],[-97.79319,30.50428],[-97.79367,30.50398],[-97.79401,30.50393],[-97.79499,30.50342],[-97.79589,30.50278],[-97.79595,30.50267],[-97.7961,30.50237],[-97.79623,30.50219],[-97.79638,30.50191],[-97.79677,30.50132],[-97.79688,30.50108],[-97.79709,30.50044],[-97.79751,30.4998],[-97.79794,30.49932],[-97.79844,30.49892],[-97.79871,30.4987],[-97.79894,30.49852],[-97.79904,30.49843],[-97.79979,30.49782],[-97.80039,30.49743],[-97.80078,30.49726],[-97.80086,30.49723],[-97.80141,30.49693],[-97.80163,30.49683],[-97.80207,30.49663],[-97.80209,30.49661],[-97.80214,30.49659],[-97.80264,30.49637],[-97.80268,30.49635],[-97.80306,30.49618],[-97.80313,30.49615],[-97.80335,30.49605],[-97.80339,30.49604],[-97.80346,30.49601],[-97.80366,30.49596],[-97.80371,30.49607],[-97.80389,30.49604],[-97.80407,30.49598],[-97.80428,30.49595],[-97.80444,30.49599],[-97.80452,30.49599],[-97.80466,30.49599],[-97.80483,30.49593],[-97.80498,30.49581],[-97.80515,30.49575],[-97.80531,30.49568],[-97.80537,30.49567],[-97.80547,30.49565],[-97.80578,30.49541],[-97.80599,30.49524],[-97.80619,30.49495],[-97.80625,30.49481],[-97.80575,30.49475],[-97.8056,30.49473],[-97.80569,30.49382],[-97.80569,30.49375],[-97.80576,30.49304],[-97.8057,30.49224],[-97.80527,30.49147],[-97.80524,30.49101],[-97.80523,30.49086],[-97.80522,30.49072],[-97.80522,30.49059],[-97.80521,30.49046],[-97.8058,30.48922],[-97.80609,30.48861],[-97.80614,30.48851],[-97.8062,30.48842],[-97.80626,30.48833],[-97.80632,30.48825],[-97.80641,30.48817],[-97.80648,30.4881],[-97.80656,30.48802],[-97.80665,30.48796],[-97.80674,30.48789],[-97.80684,30.48784],[-97.80694,30.48779],[-97.80705,30.48774],[-97.80716,30.4877],[-97.8074,30.48761],[-97.80752,30.48758],[-97.80701,30.48626],[-97.80699,30.48619],[-97.80697,30.4861],[-97.80692,30.48601],[-97.80677,30.48569],[-97.80559,30.4833],[-97.80557,30.48306],[-97.80557,30.48302],[-97.80557,30.48289],[-97.8054,30.48254],[-97.80523,30.48225],[-97.80503,30.48195],[-97.80374,30.48034],[-97.80347,30.47998],[-97.80327,30.47974],[-97.80325,30.4797],[-97.80347,30.47957],[-97.80355,30.47953],[-97.80398,30.47929],[-97.80443,30.47902],[-97.80474,30.47882],[-97.80496,30.4787],[-97.80777,30.47782],[-97.80878,30.47749],[-97.81196,30.47647],[-97.81258,30.47627],[-97.81516,30.47536],[-97.81529,30.47531],[-97.81508,30.4748],[-97.81504,30.47468],[-97.81508,30.47467],[-97.81433,30.47287],[-97.81383,30.47163],[-97.81319,30.47007],[-97.81243,30.46821],[-97.81174,30.46646],[-97.81171,30.46647],[-97.81169,30.46642],[-97.81164,30.46629],[-97.81116,30.4651],[-97.81073,30.46411],[-97.8107,30.46404],[-97.81063,30.46389],[-97.81067,30.46389],[-97.81078,30.46387],[-97.81138,30.46374],[-97.81235,30.46341],[-97.81335,30.46307],[-97.81402,30.46285],[-97.81542,30.46243],[-97.81604,30.46224],[-97.81609,30.46222],[-97.81646,30.4621],[-97.81769,30.46168],[-97.81788,30.46162],[-97.82001,30.46091],[-97.82139,30.45974],[-97.82208,30.45916],[-97.82308,30.45805],[-97.82324,30.45817],[-97.82389,30.45756],[-97.82548,30.45616],[-97.82563,30.456],[-97.82571,30.45598],[-97.82608,30.45586],[-97.82589,30.45573],[-97.82595,30.45573],[-97.82602,30.45573],[-97.82609,30.45574],[-97.82612,30.45575],[-97.82633,30.45566],[-97.82646,30.45569],[-97.82789,30.45602],[-97.82854,30.45621],[-97.82884,30.45628],[-97.8292,30.45639],[-97.82939,30.45644],[-97.8305,30.45687],[-97.83068,30.45696],[-97.83087,30.45703],[-97.83138,30.45722],[-97.83159,30.45727],[-97.83184,30.45731],[-97.83226,30.45739],[-97.83287,30.45746],[-97.83319,30.45753],[-97.83336,30.45756],[-97.83366,30.45761],[-97.83386,30.45764],[-97.83403,30.45767],[-97.83414,30.45771],[-97.83431,30.45778],[-97.83457,30.4579],[-97.83511,30.45829],[-97.83579,30.45879],[-97.83588,30.45886],[-97.83664,30.45941],[-97.83725,30.45983],[-97.83746,30.45995],[-97.83751,30.46001],[-97.83782,30.46022],[-97.83799,30.46034],[-97.83819,30.46044],[-97.83818,30.4605],[-97.83833,30.46056],[-97.8388,30.46067],[-97.83891,30.46067],[-97.83924,30.46063],[-97.83927,30.46062],[-97.83935,30.4606],[-97.83966,30.46051],[-97.83965,30.46048],[-97.83967,30.46047],[-97.83975,30.46044],[-97.84001,30.46033],[-97.84032,30.46021],[-97.8409,30.45995],[-97.8411,30.45987],[-97.84123,30.45973],[-97.8414,30.45962],[-97.8422,30.45925],[-97.84322,30.45891],[-97.8441,30.45866],[-97.84466,30.45825],[-97.84521,30.45785],[-97.84585,30.45737],[-97.84631,30.45632],[-97.84633,30.45626],[-97.84678,30.45456],[-97.84763,30.45349],[-97.84812,30.45312],[-97.84839,30.45292],[-97.84857,30.45279],[-97.84873,30.45267],[-97.84905,30.45254],[-97.84933,30.45242],[-97.84955,30.45233],[-97.84965,30.45228],[-97.84973,30.45225],[-97.84975,30.45224],[-97.85001,30.45213],[-97.85028,30.45202],[-97.85041,30.45196],[-97.85033,30.45187],[-97.85035,30.45177],[-97.84925,30.45073],[-97.84908,30.45075],[-97.84845,30.45085],[-97.84817,30.45129],[-97.84773,30.45198],[-97.84707,30.45301],[-97.84618,30.45343],[-97.84556,30.45372],[-97.84502,30.45333],[-97.84299,30.45185],[-97.84321,30.45151],[-97.84373,30.45074],[-97.8436,30.45051],[-97.8434,30.45046],[-97.84305,30.45036],[-97.84269,30.45026],[-97.8422,30.45006],[-97.84139,30.44998],[-97.84036,30.44947],[-97.83992,30.44932],[-97.83963,30.449],[-97.83888,30.44852],[-97.8382,30.44824],[-97.83808,30.44817],[-97.83803,30.44815],[-97.8377,30.44809],[-97.83756,30.44788],[-97.83744,30.44782],[-97.83735,30.44777],[-97.83711,30.44748],[-97.83695,30.44728],[-97.83684,30.44714],[-97.83678,30.44706],[-97.83618,30.44684],[-97.83669,30.44608],[-97.83688,30.44616],[-97.83723,30.4463],[-97.83895,30.44708],[-97.84301,30.44889],[-97.84445,30.44955],[-97.84458,30.44961],[-97.84639,30.45046],[-97.84802,30.44921],[-97.84853,30.44881],[-97.84858,30.44876],[-97.84955,30.44855],[-97.84996,30.4492],[-97.85019,30.44963],[-97.85029,30.44982],[-97.85041,30.45007],[-97.851,30.45025],[-97.8512,30.45032],[-97.8522,30.45122],[-97.85237,30.45113],[-97.85328,30.45069],[-97.85346,30.4506],[-97.85392,30.45037],[-97.85428,30.45023],[-97.8543,30.45027],[-97.85434,30.45031],[-97.85444,30.45027],[-97.8545,30.45025],[-97.8547,30.45018],[-97.85486,30.45013],[-97.85552,30.44991],[-97.85561,30.44987],[-97.85586,30.44978],[-97.85615,30.44965],[-97.85626,30.44959],[-97.85636,30.44954],[-97.8565,30.44945],[-97.85672,30.44933],[-97.85683,30.44926],[-97.85723,30.44902],[-97.85734,30.44895],[-97.85768,30.44863],[-97.85786,30.44848],[-97.85805,30.4483],[-97.85777,30.44846],[-97.85721,30.44891],[-97.85594,30.44956],[-97.85523,30.44985],[-97.85521,30.44978],[-97.85519,30.44978],[-97.85425,30.45016],[-97.85421,30.45013],[-97.85412,30.45006],[-97.85405,30.45002],[-97.854,30.45],[-97.85384,30.44987],[-97.85359,30.44942],[-97.85344,30.44916],[-97.85277,30.44888],[-97.85261,30.44881],[-97.85259,30.4488],[-97.85224,30.44813],[-97.85198,30.44795],[-97.85184,30.44762],[-97.85177,30.44746],[-97.85146,30.44737],[-97.851,30.44746],[-97.85033,30.4476],[-97.84956,30.44779],[-97.84926,30.44799],[-97.84925,30.44798],[-97.84921,30.44792],[-97.84881,30.44732],[-97.84478,30.44113],[-97.84469,30.44099],[-97.84325,30.44179],[-97.84301,30.44192],[-97.84097,30.44306],[-97.84053,30.44331],[-97.84034,30.44341],[-97.83992,30.44322],[-97.83891,30.44274],[-97.83913,30.4424],[-97.83918,30.44232],[-97.83848,30.44204],[-97.8379,30.44296],[-97.83775,30.44321],[-97.83757,30.44315],[-97.83719,30.44371],[-97.83713,30.4438],[-97.83573,30.44338],[-97.8354,30.44328],[-97.83512,30.44319],[-97.835,30.44316],[-97.83438,30.44297],[-97.83427,30.44294],[-97.83424,30.44301],[-97.83412,30.44323],[-97.83361,30.44304],[-97.83365,30.44294],[-97.83373,30.44277],[-97.83353,30.44271],[-97.83365,30.44249],[-97.83386,30.44222],[-97.83411,30.4419],[-97.83453,30.44149],[-97.83518,30.4408],[-97.83556,30.44039],[-97.83577,30.44014],[-97.83592,30.43999],[-97.83583,30.43995],[-97.83528,30.43971],[-97.83532,30.43961],[-97.83542,30.43936],[-97.83553,30.43909],[-97.83566,30.43877],[-97.83714,30.43516],[-97.83731,30.43349],[-97.8374,30.43263],[-97.83742,30.43238],[-97.83793,30.43076],[-97.83792,30.43016],[-97.83793,30.42939],[-97.83793,30.42875],[-97.83737,30.42725],[-97.83458,30.42697],[-97.82451,30.42609],[-97.82248,30.42484],[-97.81689,30.42143],[-97.81617,30.42102],[-97.81587,30.42082],[-97.81538,30.42043],[-97.81489,30.42004],[-97.81278,30.41901],[-97.81267,30.41902],[-97.81204,30.41915],[-97.8117,30.41918],[-97.81123,30.4193],[-97.81103,30.41934],[-97.81085,30.41936],[-97.81065,30.41934],[-97.81042,30.41934],[-97.81025,30.41935],[-97.81021,30.41934],[-97.80967,30.41919],[-97.80956,30.41916],[-97.80954,30.41956],[-97.80955,30.41967],[-97.80956,30.41976],[-97.80957,30.41991],[-97.80958,30.4201],[-97.80958,30.42014],[-97.80938,30.42042],[-97.80873,30.42138],[-97.80836,30.42152],[-97.80768,30.42176],[-97.80745,30.42144],[-97.80729,30.4213],[-97.80702,30.42117],[-97.80688,30.42108],[-97.80678,30.42094],[-97.80671,30.42076],[-97.80662,30.42064],[-97.80653,30.42055],[-97.80638,30.42046],[-97.80619,30.42038],[-97.80611,30.42036],[-97.80612,30.42028],[-97.80619,30.41994],[-97.80643,30.41881],[-97.80638,30.41882],[-97.80634,30.41882],[-97.8063,30.41881],[-97.8062,30.41879],[-97.80613,30.41877],[-97.80603,30.41877],[-97.806,30.41877],[-97.80593,30.41881],[-97.80589,30.41882],[-97.80583,30.41881],[-97.80576,30.41877],[-97.80509,30.41976],[-97.80488,30.42007],[-97.80479,30.42005],[-97.80454,30.41995],[-97.80423,30.41982],[-97.80383,30.41971],[-97.80311,30.41951],[-97.80288,30.41949],[-97.80272,30.41947],[-97.80245,30.41947],[-97.80227,30.41951],[-97.80209,30.41956],[-97.80181,30.41966],[-97.80164,30.41968],[-97.80123,30.4197],[-97.8009,30.41973],[-97.80049,30.41979],[-97.80034,30.41983],[-97.80012,30.4199],[-97.79967,30.42008],[-97.79945,30.42017],[-97.79914,30.4203],[-97.79901,30.42038],[-97.79889,30.42048],[-97.79878,30.42059],[-97.7986,30.42078],[-97.79841,30.42091],[-97.79836,30.42094],[-97.79833,30.42096],[-97.79825,30.42099],[-97.79818,30.42102],[-97.79806,30.42104],[-97.79779,30.42108],[-97.79771,30.42094],[-97.79764,30.42084],[-97.7976,30.4208],[-97.79748,30.42063],[-97.79731,30.42067],[-97.79724,30.42068],[-97.79698,30.42073],[-97.79674,30.42078],[-97.79646,30.4204],[-97.79627,30.42015],[-97.79622,30.42007],[-97.79603,30.42016],[-97.79515,30.42054],[-97.79457,30.42068],[-97.79416,30.42077],[-97.79396,30.42082],[-97.7939,30.42083],[-97.79386,30.42084],[-97.79385,30.4208],[-97.79384,30.42077],[-97.79383,30.42073],[-97.79383,30.4207],[-97.79383,30.42068],[-97.79383,30.42064],[-97.79383,30.4206],[-97.79383,30.42057],[-97.79383,30.42054],[-97.79383,30.4205],[-97.79383,30.42047],[-97.79384,30.42044],[-97.79388,30.42025],[-97.79391,30.42009],[-97.79394,30.41997],[-97.79408,30.41997],[-97.79414,30.41997],[-97.79436,30.41999],[-97.79446,30.41998],[-97.79456,30.41998],[-97.79462,30.41997],[-97.79507,30.4198],[-97.79519,30.41972],[-97.7952,30.41963],[-97.79522,30.41948],[-97.79485,30.4194],[-97.79478,30.41938],[-97.79421,30.41926],[-97.79412,30.41924],[-97.79417,30.41898],[-97.79449,30.41846],[-97.79495,30.41785],[-97.7952,30.41734],[-97.79533,30.41723],[-97.79534,30.41716],[-97.7954,30.41682],[-97.79555,30.41606],[-97.79564,30.41562],[-97.79553,30.41518],[-97.795,30.41476],[-97.79438,30.41427],[-97.79345,30.41343],[-97.79303,30.41278],[-97.79278,30.41227],[-97.79292,30.41081],[-97.79339,30.40999],[-97.79351,30.40977],[-97.79354,30.40961],[-97.79355,30.40952],[-97.79359,30.409],[-97.79351,30.40717],[-97.7941,30.40622],[-97.7944,30.40575],[-97.79487,30.40498],[-97.79546,30.40405],[-97.79701,30.40163],[-97.79721,30.4013],[-97.79585,30.40128],[-97.79442,30.40126],[-97.7934,30.40271],[-97.79335,30.40274],[-97.79303,30.40296],[-97.79288,30.40305],[-97.79276,30.40313],[-97.79186,30.40323],[-97.79154,30.40327],[-97.79104,30.40332],[-97.79086,30.40335],[-97.79062,30.40339],[-97.7904,30.40343],[-97.78855,30.40374],[-97.78754,30.40391],[-97.78721,30.40435],[-97.78718,30.40442],[-97.78762,30.40452],[-97.78831,30.40486],[-97.78835,30.4049],[-97.78876,30.40527],[-97.78923,30.40567],[-97.7895,30.40597],[-97.78968,30.40628],[-97.78986,30.40655],[-97.79013,30.40682],[-97.79065,30.40725],[-97.79185,30.4082],[-97.79231,30.40865],[-97.79241,30.40875],[-97.79247,30.40891],[-97.7925,30.40917],[-97.79246,30.40958],[-97.79239,30.41],[-97.79234,30.41019],[-97.79166,30.40989],[-97.79025,30.40927],[-97.79083,30.4084],[-97.7864,30.40633],[-97.78635,30.4064],[-97.78571,30.40609],[-97.78531,30.40589],[-97.78456,30.40553],[-97.78349,30.40501],[-97.7834,30.40497],[-97.78341,30.40492],[-97.78328,30.40487],[-97.78216,30.40433],[-97.78304,30.40296],[-97.78308,30.40303],[-97.78332,30.40364],[-97.78335,30.4038],[-97.78549,30.40419],[-97.78556,30.40415],[-97.78538,30.40401],[-97.78529,30.40394],[-97.7851,30.40379],[-97.78497,30.40363],[-97.78488,30.40354],[-97.7847,30.40334],[-97.78454,30.40309],[-97.78444,30.40294],[-97.78422,30.40265],[-97.78409,30.40241],[-97.7838,30.40189],[-97.78378,30.40185],[-97.78373,30.40172],[-97.78358,30.40131],[-97.78357,30.40126],[-97.78335,30.40061],[-97.78306,30.39972],[-97.78316,30.39949],[-97.78311,30.39945],[-97.7831,30.39943],[-97.78289,30.39921],[-97.7822,30.39844],[-97.78201,30.39831],[-97.78157,30.398],[-97.78137,30.39793],[-97.78124,30.39811],[-97.78009,30.39989],[-97.77945,30.40087],[-97.77918,30.40076],[-97.77857,30.4005],[-97.77788,30.40022],[-97.77752,30.40006],[-97.77746,30.40004],[-97.77722,30.39994],[-97.77689,30.3998],[-97.77659,30.39968],[-97.77625,30.39952],[-97.77626,30.39948],[-97.7763,30.3993],[-97.77631,30.39924],[-97.77632,30.39921],[-97.77633,30.399],[-97.77632,30.39897],[-97.77628,30.39889],[-97.77623,30.39871],[-97.7762,30.39852],[-97.77614,30.39834],[-97.77607,30.39811],[-97.77605,30.39808],[-97.77558,30.39732],[-97.7756,30.3973],[-97.77569,30.39716],[-97.7758,30.39698],[-97.77607,30.39657],[-97.77628,30.39623],[-97.77642,30.39601],[-97.77655,30.39583],[-97.77659,30.39577],[-97.77691,30.39665],[-97.77693,30.3967],[-97.77715,30.39685],[-97.7772,30.39689],[-97.77752,30.39695],[-97.7776,30.39697],[-97.77757,30.39703],[-97.77727,30.39739],[-97.77766,30.39756],[-97.77823,30.39783],[-97.77832,30.39772],[-97.77842,30.39759],[-97.77845,30.39757],[-97.77856,30.39752],[-97.7788,30.39746],[-97.77904,30.39739],[-97.77908,30.39737],[-97.77913,30.39729],[-97.77909,30.39727],[-97.77873,30.39705],[-97.77867,30.39701],[-97.77758,30.39632],[-97.77737,30.39612],[-97.77727,30.39602],[-97.77717,30.39587],[-97.77711,30.39575],[-97.77708,30.3956],[-97.77715,30.39516],[-97.77731,30.39445],[-97.77744,30.39411],[-97.77765,30.39371],[-97.77778,30.39343],[-97.77815,30.39265],[-97.77818,30.3926],[-97.77868,30.39281],[-97.77886,30.39289],[-97.77892,30.39292],[-97.77898,30.39297],[-97.77905,30.39304],[-97.77909,30.39297],[-97.77985,30.39332],[-97.78015,30.39346],[-97.78027,30.39325],[-97.78046,30.39294],[-97.78051,30.39284],[-97.78054,30.39281],[-97.78056,30.39276],[-97.78047,30.39272],[-97.77858,30.39201],[-97.7786,30.39198],[-97.77862,30.39193],[-97.77861,30.39187],[-97.77859,30.39177],[-97.77885,30.39141],[-97.77898,30.39123],[-97.77941,30.3906],[-97.77926,30.39068],[-97.77923,30.39071],[-97.77918,30.39078],[-97.77899,30.39085],[-97.77877,30.39104],[-97.77875,30.39107],[-97.7787,30.39117],[-97.77869,30.3912],[-97.77868,30.39121],[-97.77867,30.39122],[-97.77864,30.39125],[-97.77862,30.39127],[-97.77852,30.39136],[-97.77848,30.39141],[-97.77832,30.39119],[-97.77823,30.39112],[-97.77811,30.39105],[-97.77794,30.39102],[-97.77757,30.391],[-97.77734,30.39099],[-97.77686,30.39098],[-97.77632,30.39095],[-97.77611,30.39094],[-97.77601,30.39094],[-97.77587,30.39092],[-97.77577,30.39089],[-97.77565,30.39086],[-97.77556,30.39082],[-97.77545,30.39075],[-97.77528,30.39064],[-97.77494,30.39039]],[[-97.84035,30.45319],[-97.84037,30.45321],[-97.84109,30.45375],[-97.84023,30.45462],[-97.8377,30.45719],[-97.83755,30.45734],[-97.83898,30.45849],[-97.839,30.45851],[-97.83785,30.45976],[-97.83773,30.45989],[-97.83768,30.45987],[-97.83759,30.45983],[-97.83746,30.45976],[-97.83716,30.4596],[-97.83693,30.45947],[-97.83667,30.45929],[-97.83595,30.45878],[-97.83607,30.45863],[-97.83629,30.45836],[-97.83661,30.45763],[-97.83694,30.45687],[-97.83703,30.45677],[-97.8372,30.4566],[-97.83739,30.45638],[-97.8379,30.45572],[-97.83798,30.45546],[-97.83822,30.45515],[-97.83843,30.45494],[-97.83932,30.45409],[-97.84035,30.45319]],[[-97.83608,30.45097],[-97.83644,30.45114],[-97.83677,30.45137],[-97.83715,30.45161],[-97.8376,30.45194],[-97.8373,30.45254],[-97.83718,30.45278],[-97.83712,30.45284],[-97.83733,30.45298],[-97.83814,30.45351],[-97.83777,30.4541],[-97.83741,30.45468],[-97.83729,30.45487],[-97.83691,30.45548],[-97.83641,30.45627],[-97.83628,30.45649],[-97.83592,30.45641],[-97.83561,30.45633],[-97.83511,30.45621],[-97.83466,30.45611],[-97.83447,30.45606],[-97.83397,30.45734],[-97.83391,30.4575],[-97.83357,30.45741],[-97.83347,30.4574],[-97.83328,30.45737],[-97.83305,30.45733],[-97.83266,30.45729],[-97.8322,30.45722],[-97.83182,30.45715],[-97.83157,30.45709],[-97.83114,30.45696],[-97.83065,30.45678],[-97.83027,30.4566],[-97.82941,30.45633],[-97.82889,30.45616],[-97.82895,30.45602],[-97.82992,30.45445],[-97.82927,30.45378],[-97.82855,30.45304],[-97.82887,30.45256],[-97.82891,30.4525],[-97.82916,30.45201],[-97.82972,30.45099],[-97.83012,30.45119],[-97.83086,30.45155],[-97.83233,30.45228],[-97.83245,30.45234],[-97.83168,30.45349],[-97.83116,30.45426],[-97.83213,30.45472],[-97.83304,30.45515],[-97.83353,30.45538],[-97.83383,30.45487],[-97.83395,30.45465],[-97.83458,30.45355],[-97.83558,30.45182],[-97.83592,30.45124],[-97.83608,30.45097]],[[-97.83193,30.44652],[-97.83311,30.44696],[-97.8355,30.44786],[-97.83501,30.4486],[-97.83485,30.44884],[-97.83613,30.44904],[-97.83615,30.44907],[-97.83619,30.44915],[-97.83623,30.44925],[-97.83632,30.44947],[-97.83633,30.44965],[-97.83628,30.44978],[-97.83458,30.45129],[-97.83409,30.45095],[-97.83359,30.45067],[-97.83299,30.45154],[-97.83243,30.45123],[-97.832,30.45098],[-97.83181,30.45087],[-97.8314,30.45067],[-97.83126,30.4506],[-97.83074,30.45034],[-97.83044,30.4502],[-97.83018,30.45007],[-97.83041,30.44959],[-97.83091,30.44854],[-97.83097,30.44857],[-97.83158,30.44883],[-97.83167,30.44867],[-97.83177,30.4485],[-97.83107,30.44823],[-97.83119,30.44795],[-97.83193,30.44652]],[[-97.82668,30.4422],[-97.82677,30.44224],[-97.82734,30.4425],[-97.82799,30.44279],[-97.82839,30.44298],[-97.82863,30.44309],[-97.82928,30.44338],[-97.82992,30.44366],[-97.83061,30.44398],[-97.83065,30.444],[-97.83072,30.44387],[-97.83085,30.44393],[-97.83134,30.44415],[-97.83156,30.44425],[-97.83245,30.44462],[-97.83215,30.44523],[-97.83206,30.44542],[-97.83172,30.4461],[-97.83159,30.44638],[-97.83094,30.44783],[-97.8308,30.44813],[-97.83072,30.4483],[-97.83064,30.44843],[-97.83002,30.44943],[-97.82991,30.44971],[-97.82982,30.44991],[-97.82957,30.45049],[-97.82938,30.45082],[-97.82465,30.44839],[-97.82424,30.44817],[-97.82385,30.44798],[-97.82369,30.44789],[-97.82355,30.4478],[-97.82324,30.4476],[-97.82318,30.44756],[-97.82336,30.44728],[-97.8234,30.44721],[-97.82347,30.44711],[-97.82352,30.44703],[-97.82371,30.44676],[-97.82373,30.44672],[-97.82376,30.44669],[-97.82381,30.44661],[-97.82391,30.44647],[-97.82407,30.44624],[-97.82413,30.44615],[-97.82423,30.446],[-97.82428,30.44593],[-97.82441,30.44572],[-97.82444,30.44566],[-97.82453,30.44551],[-97.8247,30.44527],[-97.82483,30.44509],[-97.82489,30.44502],[-97.825,30.44488],[-97.82503,30.44482],[-97.82506,30.44477],[-97.82512,30.44467],[-97.82518,30.44458],[-97.8252,30.44455],[-97.82538,30.44425],[-97.8254,30.44422],[-97.82543,30.44416],[-97.82544,30.44414],[-97.82548,30.44409],[-97.8255,30.44405],[-97.82596,30.44332],[-97.826,30.44325],[-97.82603,30.4432],[-97.82619,30.44296],[-97.82646,30.44254],[-97.82655,30.44241],[-97.82668,30.4422]],[[-97.83015,30.43787],[-97.83138,30.43841],[-97.83062,30.43968],[-97.8316,30.44014],[-97.83102,30.44111],[-97.83086,30.44138],[-97.83083,30.44136],[-97.83072,30.44131],[-97.83057,30.44123],[-97.83043,30.44116],[-97.83023,30.44106],[-97.83013,30.441],[-97.82999,30.44093],[-97.82992,30.4409],[-97.82985,30.44086],[-97.82971,30.44079],[-97.83045,30.4396],[-97.82941,30.43912],[-97.82978,30.4385],[-97.83015,30.43787]],[[-97.75988,30.44081],[-97.76008,30.44131],[-97.76028,30.4418],[-97.762,30.44123],[-97.76207,30.44123],[-97.76211,30.44132],[-97.76243,30.44209],[-97.76245,30.44215],[-97.76255,30.4424],[-97.76259,30.44249],[-97.76273,30.44282],[-97.76276,30.44291],[-97.76283,30.44308],[-97.76345,30.44461],[-97.76359,30.44498],[-97.76362,30.44505],[-97.76365,30.44514],[-97.76387,30.44567],[-97.76418,30.44643],[-97.7638,30.44672],[-97.76358,30.44688],[-97.76352,30.44693],[-97.76343,30.447],[-97.76328,30.44711],[-97.76319,30.44718],[-97.76306,30.44727],[-97.76288,30.4474],[-97.76277,30.44749],[-97.76262,30.4476],[-97.76252,30.44767],[-97.76242,30.44775],[-97.76222,30.44789],[-97.76217,30.44793],[-97.76203,30.44803],[-97.76195,30.44809],[-97.76187,30.44815],[-97.76174,30.44825],[-97.76167,30.44831],[-97.76155,30.4484],[-97.76146,30.44847],[-97.76136,30.44855],[-97.76131,30.44859],[-97.76134,30.44867],[-97.76138,30.44874],[-97.76146,30.44895],[-97.76153,30.44912],[-97.76163,30.44934],[-97.76166,30.44941],[-97.76169,30.44949],[-97.76174,30.44961],[-97.76177,30.44968],[-97.76184,30.44984],[-97.76191,30.44999],[-97.76197,30.45015],[-97.76204,30.4503],[-97.7621,30.45046],[-97.76216,30.45059],[-97.76224,30.45077],[-97.7623,30.45092],[-97.76233,30.451],[-97.76237,30.45108],[-97.76243,30.45121],[-97.76244,30.45123],[-97.76251,30.45141],[-97.76254,30.45148],[-97.76259,30.45159],[-97.76266,30.45176],[-97.76272,30.45191],[-97.76273,30.45193],[-97.76276,30.45197],[-97.7628,30.45207],[-97.76287,30.45222],[-97.76293,30.45238],[-97.76295,30.45242],[-97.76298,30.45247],[-97.763,30.45253],[-97.76305,30.45264],[-97.76307,30.45269],[-97.76313,30.45284],[-97.76316,30.4529],[-97.7632,30.45299],[-97.76327,30.45315],[-97.76334,30.45331],[-97.7634,30.45346],[-97.76347,30.45362],[-97.76354,30.45377],[-97.76358,30.45387],[-97.76363,30.45399],[-97.76367,30.45407],[-97.76371,30.45417],[-97.76381,30.45441],[-97.76421,30.45532],[-97.76423,30.45539],[-97.76431,30.45556],[-97.76439,30.45574],[-97.76445,30.4559],[-97.76449,30.45598],[-97.76463,30.45631],[-97.76481,30.45673],[-97.76484,30.45679],[-97.76486,30.45685],[-97.76292,30.4575],[-97.76251,30.45765],[-97.76249,30.45783],[-97.76247,30.45799],[-97.76244,30.45816],[-97.76241,30.45838],[-97.76239,30.45849],[-97.76237,30.45861],[-97.76234,30.4588],[-97.76231,30.459],[-97.76228,30.45916],[-97.76228,30.4592],[-97.76225,30.45937],[-97.76224,30.4594],[-97.76221,30.45961],[-97.76217,30.45983],[-97.7621,30.46002],[-97.76241,30.46006],[-97.76247,30.46007],[-97.76247,30.46009],[-97.76247,30.46011],[-97.76246,30.46012],[-97.76246,30.46015],[-97.76246,30.46017],[-97.76246,30.46021],[-97.76246,30.46022],[-97.76247,30.46024],[-97.76247,30.46028],[-97.76258,30.46027],[-97.76267,30.46027],[-97.76267,30.46021],[-97.76267,30.46018],[-97.76267,30.46014],[-97.76267,30.46009],[-97.76308,30.46015],[-97.7631,30.46029],[-97.76313,30.46047],[-97.76323,30.46049],[-97.7634,30.46054],[-97.76371,30.46062],[-97.76409,30.46072],[-97.76427,30.46118],[-97.76515,30.46336],[-97.76518,30.46345],[-97.76593,30.46532],[-97.76627,30.46619],[-97.76631,30.46631],[-97.76633,30.46635],[-97.76648,30.46674],[-97.76668,30.46726],[-97.76836,30.46679],[-97.76849,30.46675],[-97.76853,30.46674],[-97.76861,30.46672],[-97.7694,30.46649],[-97.77003,30.4663],[-97.77013,30.46627],[-97.77017,30.46626],[-97.77268,30.46553],[-97.77288,30.46547],[-97.77358,30.46526],[-97.77389,30.46513],[-97.7738,30.46497],[-97.77369,30.46475],[-97.77356,30.4645],[-97.77353,30.46442],[-97.77349,30.46434],[-97.77339,30.4641],[-97.77329,30.46386],[-97.77329,30.46383],[-97.77325,30.46374],[-97.77321,30.46363],[-97.77313,30.46343],[-97.77321,30.4634],[-97.77347,30.46329],[-97.77377,30.46315],[-97.77393,30.46309],[-97.77413,30.463],[-97.77422,30.46296],[-97.7743,30.46292],[-97.77436,30.4629],[-97.7747,30.46275],[-97.77479,30.46271],[-97.77487,30.46268],[-97.77511,30.46258],[-97.77532,30.46249],[-97.77537,30.46247],[-97.77553,30.4624],[-97.77574,30.46231],[-97.77593,30.46223],[-97.77599,30.4622],[-97.77611,30.46215],[-97.77622,30.46211],[-97.77656,30.46196],[-97.77655,30.46194],[-97.77653,30.46184],[-97.77652,30.46178],[-97.77647,30.46154],[-97.77646,30.46149],[-97.77642,30.46132],[-97.77642,30.4613],[-97.77639,30.46117],[-97.77637,30.46109],[-97.77633,30.46089],[-97.77632,30.46084],[-97.7763,30.46072],[-97.77629,30.46068],[-97.77625,30.46051],[-97.77624,30.46044],[-97.77619,30.4602],[-97.77612,30.45989],[-97.77611,30.45984],[-97.77609,30.45975],[-97.77602,30.45943],[-97.77602,30.4594],[-97.77598,30.45924],[-97.77595,30.4591],[-97.77591,30.45891],[-97.77588,30.45881],[-97.77583,30.45851],[-97.7758,30.45834],[-97.77578,30.45818],[-97.77577,30.45813],[-97.77573,30.45789],[-97.7757,30.45778],[-97.77568,30.45768],[-97.77564,30.45753],[-97.77561,30.45743],[-97.77559,30.45733],[-97.77557,30.4572],[-97.77551,30.4569],[-97.77551,30.45687],[-97.77543,30.45656],[-97.77543,30.45652],[-97.7754,30.45639],[-97.77532,30.45599],[-97.7753,30.45591],[-97.77525,30.4557],[-97.77517,30.45535],[-97.77515,30.45526],[-97.77511,30.4551],[-97.77506,30.45486],[-97.77505,30.45482],[-97.775,30.45462],[-97.77494,30.45437],[-97.77493,30.45433],[-97.77488,30.45413],[-97.77483,30.45396],[-97.77476,30.4537],[-97.77643,30.45322],[-97.77667,30.45314],[-97.77799,30.45265],[-97.77854,30.4525],[-97.7801,30.45202],[-97.78107,30.45171],[-97.78207,30.45139],[-97.78301,30.45108],[-97.78326,30.45129],[-97.78351,30.45151],[-97.78356,30.45154],[-97.78372,30.45166],[-97.78431,30.4521],[-97.78463,30.45234],[-97.78467,30.45237],[-97.78472,30.45241],[-97.78491,30.45222],[-97.78495,30.45217],[-97.78501,30.45211],[-97.78516,30.45222],[-97.7857,30.45263],[-97.78589,30.45276],[-97.786,30.45266],[-97.78601,30.45264],[-97.78617,30.45248],[-97.78633,30.45232],[-97.78649,30.45216],[-97.78665,30.45227],[-97.78705,30.45257],[-97.78711,30.45262],[-97.78718,30.45267],[-97.78754,30.45294],[-97.78766,30.45302],[-97.78773,30.45308],[-97.78726,30.45323],[-97.78746,30.45351],[-97.7875,30.45357],[-97.78765,30.45379],[-97.78768,30.45383],[-97.78767,30.45383],[-97.78762,30.45384],[-97.78755,30.45388],[-97.78759,30.45403],[-97.78772,30.45439],[-97.78776,30.45449],[-97.78778,30.45455],[-97.78781,30.45459],[-97.78841,30.45532],[-97.78844,30.45537],[-97.78845,30.4554],[-97.7885,30.45552],[-97.78867,30.45547],[-97.78947,30.45523],[-97.78949,30.45558],[-97.78953,30.45646],[-97.78954,30.45654],[-97.78954,30.45664],[-97.78958,30.45682],[-97.78972,30.45708],[-97.78963,30.45712],[-97.78969,30.45733],[-97.78878,30.45768],[-97.78844,30.45781],[-97.78831,30.45796],[-97.78836,30.45806],[-97.78837,30.45808],[-97.78839,30.45814],[-97.7885,30.45841],[-97.78857,30.45857],[-97.78859,30.45861],[-97.7885,30.45864],[-97.78327,30.46026],[-97.78317,30.46028],[-97.78246,30.4605],[-97.78241,30.46052],[-97.78239,30.46053],[-97.7821,30.46061],[-97.78211,30.46063],[-97.78217,30.46077],[-97.78223,30.46085],[-97.78225,30.4609],[-97.78234,30.46114],[-97.78227,30.46118],[-97.78233,30.4614],[-97.78234,30.46143],[-97.78238,30.46158],[-97.78244,30.46163],[-97.78258,30.46197],[-97.78261,30.46203],[-97.78264,30.4621],[-97.78283,30.46254],[-97.78356,30.46436],[-97.78382,30.46498],[-97.78389,30.46514],[-97.78391,30.46521],[-97.78397,30.46533],[-97.78399,30.46537],[-97.78406,30.46553],[-97.78415,30.46574],[-97.78418,30.46577],[-97.78422,30.46583],[-97.78374,30.46591],[-97.78369,30.46593],[-97.78355,30.46601],[-97.78349,30.46605],[-97.78328,30.46617],[-97.78301,30.46646],[-97.78288,30.46665],[-97.78277,30.46681],[-97.7827,30.46704],[-97.78263,30.46726],[-97.78266,30.46803],[-97.78267,30.46822],[-97.78262,30.46855],[-97.78258,30.46865],[-97.78248,30.46892],[-97.78245,30.46895],[-97.7823,30.46912],[-97.7821,30.46924],[-97.782,30.46929],[-97.78196,30.46932],[-97.78182,30.4694],[-97.78105,30.46985],[-97.78075,30.46986],[-97.78068,30.47039],[-97.78081,30.47052],[-97.78076,30.47071],[-97.78072,30.47086],[-97.78069,30.47094],[-97.78068,30.47099],[-97.78066,30.47105],[-97.7807,30.4715],[-97.78066,30.47155],[-97.78063,30.47159],[-97.78056,30.47169],[-97.78069,30.47201],[-97.78065,30.47202],[-97.78038,30.4721],[-97.78043,30.47222],[-97.78045,30.47227],[-97.78045,30.47228],[-97.78051,30.47241],[-97.78053,30.47246],[-97.78042,30.4725],[-97.78029,30.47254],[-97.77951,30.47278],[-97.77917,30.47289],[-97.77805,30.47323],[-97.77795,30.47327],[-97.77786,30.4733],[-97.77782,30.47331],[-97.77776,30.47333],[-97.77767,30.47335],[-97.77747,30.47341],[-97.77736,30.47344],[-97.77725,30.47346],[-97.77715,30.47349],[-97.77706,30.4735],[-97.77695,30.47353],[-97.77674,30.47357],[-97.77654,30.4736],[-97.77648,30.47361],[-97.77634,30.47363],[-97.77623,30.47365],[-97.77605,30.47367],[-97.77578,30.47368],[-97.77546,30.4737],[-97.77392,30.4738],[-97.77206,30.47395],[-97.77134,30.47406],[-97.77064,30.47418],[-97.76963,30.47441],[-97.76942,30.4736],[-97.76852,30.4739],[-97.7643,30.47523],[-97.76395,30.47534],[-97.7638,30.47497],[-97.76301,30.47305],[-97.76293,30.47286],[-97.76244,30.4717],[-97.76128,30.46895],[-97.7604,30.46698],[-97.76027,30.46677],[-97.76005,30.46644],[-97.75983,30.46615],[-97.75956,30.46583],[-97.7592,30.46548],[-97.7588,30.46514],[-97.75871,30.46508],[-97.75849,30.46491],[-97.7581,30.46466],[-97.75705,30.46401],[-97.75681,30.46384],[-97.75657,30.46367],[-97.75622,30.46338],[-97.75589,30.46309],[-97.75558,30.46277],[-97.7552,30.46234],[-97.75485,30.46188],[-97.75461,30.46152],[-97.75433,30.46103],[-97.75419,30.46079],[-97.75413,30.46069],[-97.75457,30.46058],[-97.75492,30.46048],[-97.75487,30.46037],[-97.7548,30.46022],[-97.75478,30.46017],[-97.75469,30.45993],[-97.75464,30.45981],[-97.75463,30.45977],[-97.75459,30.45968],[-97.75454,30.45956],[-97.7545,30.45945],[-97.75446,30.45935],[-97.75445,30.45932],[-97.7544,30.4592],[-97.75436,30.45909],[-97.75431,30.45897],[-97.75426,30.45885],[-97.75422,30.45873],[-97.75418,30.45864],[-97.75413,30.4585],[-97.75408,30.45838],[-97.75403,30.45826],[-97.75399,30.45815],[-97.75394,30.45803],[-97.7539,30.45792],[-97.75385,30.4578],[-97.75381,30.45768],[-97.75376,30.45757],[-97.75371,30.45745],[-97.75367,30.45733],[-97.75362,30.45721],[-97.75358,30.4571],[-97.75353,30.45698],[-97.75349,30.45686],[-97.75343,30.45672],[-97.7534,30.45664],[-97.75328,30.45635],[-97.75327,30.45631],[-97.75317,30.45606],[-97.75308,30.45585],[-97.75303,30.45573],[-97.753,30.45564],[-97.75296,30.45553],[-97.75291,30.45541],[-97.75287,30.45531],[-97.75282,30.4552],[-97.75277,30.45507],[-97.75271,30.45494],[-97.75267,30.45484],[-97.75261,30.45472],[-97.75256,30.45461],[-97.75251,30.45451],[-97.75244,30.45439],[-97.75238,30.45427],[-97.75231,30.45416],[-97.75225,30.45407],[-97.7522,30.45399],[-97.75211,30.45385],[-97.75198,30.45367],[-97.75188,30.45353],[-97.7518,30.45342],[-97.75171,30.45331],[-97.75165,30.45323],[-97.7511,30.45267],[-97.75088,30.45243],[-97.75079,30.45236],[-97.75061,30.4522],[-97.75047,30.45208],[-97.75027,30.45193],[-97.75013,30.45182],[-97.74998,30.45172],[-97.74987,30.45165],[-97.74918,30.45118],[-97.74868,30.45085],[-97.74858,30.45078],[-97.74838,30.45063],[-97.74809,30.45041],[-97.748,30.45034],[-97.74781,30.45018],[-97.74767,30.45007],[-97.74753,30.44994],[-97.7469,30.44942],[-97.74681,30.44935],[-97.74663,30.4492],[-97.74637,30.44897],[-97.74621,30.44884],[-97.74601,30.44866],[-97.74581,30.44848],[-97.74563,30.4483],[-97.74548,30.44814],[-97.7453,30.44796],[-97.74516,30.4478],[-97.74502,30.44764],[-97.7449,30.44749],[-97.74476,30.44732],[-97.74464,30.44716],[-97.74452,30.44699],[-97.7444,30.44682],[-97.74429,30.44665],[-97.74424,30.44658],[-97.74413,30.44644],[-97.74409,30.44637],[-97.744,30.44622],[-97.7439,30.44605],[-97.74382,30.44591],[-97.74373,30.44575],[-97.74367,30.44563],[-97.74346,30.4452],[-97.74328,30.44484],[-97.74303,30.44434],[-97.7429,30.44407],[-97.74279,30.44385],[-97.74277,30.4438],[-97.74441,30.44319],[-97.74451,30.44317],[-97.74463,30.4431],[-97.74631,30.44249],[-97.74643,30.44243],[-97.74773,30.44196],[-97.7481,30.44181],[-97.74856,30.44271],[-97.74869,30.44297],[-97.7489,30.44347],[-97.74896,30.4436],[-97.74902,30.44375],[-97.74922,30.44421],[-97.74928,30.44436],[-97.74934,30.4445],[-97.74939,30.44459],[-97.74982,30.44559],[-97.75128,30.44502],[-97.75157,30.44491],[-97.75222,30.44465],[-97.75243,30.44457],[-97.75275,30.44445],[-97.75306,30.44432],[-97.7532,30.44427],[-97.75412,30.4439],[-97.75423,30.44386],[-97.75427,30.44385],[-97.7543,30.44384],[-97.75458,30.44374],[-97.75484,30.44366],[-97.75495,30.44362],[-97.75502,30.4436],[-97.75517,30.44355],[-97.75546,30.44346],[-97.75571,30.44338],[-97.75594,30.44331],[-97.75595,30.44333],[-97.75596,30.44335],[-97.75669,30.44313],[-97.75692,30.44306],[-97.75782,30.44278],[-97.75834,30.44262],[-97.75874,30.44249],[-97.75855,30.44205],[-97.75824,30.44134],[-97.75851,30.44125],[-97.75988,30.44081]],[[-97.74091,30.45689],[-97.74125,30.45772],[-97.74166,30.45872],[-97.74034,30.45916],[-97.73942,30.45946],[-97.73918,30.45891],[-97.73861,30.45763],[-97.73984,30.45723],[-97.74039,30.45705],[-97.74091,30.45689]]]]}}
]
}
